# time_in_imu_clock tx ty tz qx qy qz qw; Hamilton IMU-to-estimator-world; NO GT alignment
1403715893.7840581 -0.042097371362476599  0.014695600879926562  0.051486057367709712 0.80314765586123382 0.006192629895792297 0.59574784007339021 7.2577333321872998e-05
1403715893.834058 -0.041011040423840954   0.02316752364223966  0.059402758865210528 0.80738676569961598 0.0062635082932484118 0.58998911980179014 -0.00046642521672732345
1403715893.8840582 -0.036801367681284516  0.023175579498285998  0.066142675215611763 0.81095888601074628 0.0068057774051371615 0.58506348847724965 0.00028468395126104258
1403715893.9340582 -0.040818788267422849  0.027045247687157381  0.075605779645289153 0.81336028921854098 0.0063092190027553884 0.58172604130052297 0.00021575617896381019
1403715893.9840581 -0.045171287301001437  0.031301911763378217  0.085254338449369277 0.81700434480991835 0.0059728676559572848 0.57660026122139352 0.0006034675644512685
1403715894.0340581 -0.050755617235113508  0.034745994316326509  0.097920297671116041 0.82142737324107562 0.0054364087456560718 0.57028074528958106 0.0027179959854728482
1403715894.0840583 -0.054293296455493495  0.040294979980226485   0.10715276806065414 0.82623960645752847 0.0055012884731243765 0.56328022130011901 0.0036387962478084666
1403715894.134058 -0.057335176275811764   0.04610557606082228   0.11646627187321724 0.82800032702566251 0.0070828918708823116 0.56064180903384708 0.0067862398570059535
1403715894.1840582 -0.059035760846126009  0.052377240426223666   0.12798899649396087 0.82629817235894043 0.010551815737431042 0.56299555011280655 0.012489999763676958
1403715894.2340581 -0.059865517437145056  0.059505422741454664   0.14199231027973777 0.82329435673304452 0.013590818839514768 0.56717733393220793 0.017651166770121282
1403715894.2840581 -0.060162334883432887  0.067827108825289542   0.15811042550043533 0.82016035905456741 0.017654422141747433 0.57136291706701148 0.02386888801347133
1403715894.334058 -0.060104280246824571  0.077349685647370561   0.17573009015460908 0.81838000522926713 0.021292739537374476 0.57354532107450651 0.029095548757145671
1403715894.3840582 -0.059879004769577887  0.088562818958189182   0.19431004185819842 0.81686878355986425 0.023320485380375362 0.5753991114251048 0.033127148658636509
1403715894.4340582 -0.059915816881457813   0.10173008868428676   0.21188558575749716 0.81663417943719685 0.023881594649413605 0.57557024771551146 0.035456682820621852
1403715894.4840581 -0.0592450571705921 0.12336588184955055 0.22910785026763048 0.81858744789732363 0.024132400659765092 0.5726783645312864 0.037036578960727623
1403715894.5340581 -0.059175176983415033   0.14142436245463869   0.24144956539020002 0.82118672424298422 0.022060918433751266 0.56913686916649442 0.035339835317909969
1403715894.5840583 -0.059023348483926229   0.16098825579969203   0.25176116993022762 0.82325083857370751 0.020481630619132874 0.56625001936764841 0.034633439924542007
1403715894.634058 -0.058300157900983265   0.18221292730755437   0.26053434460264902 0.82491934125677691 0.018713113238355339 0.56397300171547404 0.033050766246062541
1403715894.6840582 -0.067278503701323517   0.19627563366032194   0.26414547075428296 0.82569828919719224 0.015384724646485319 0.56319307241284888 0.028270278572336823
1403715894.7340581 -0.062431134863369139   0.20203499520426305   0.26474426344171231 0.82607401346858989 0.01276629393612211 0.56294437964534416 0.023073175697142699
1403715894.7840581 -0.062000613999312337   0.21539002320612871   0.27518929205117909 0.82543244051207443 0.01051981214681463 0.56413173435763975 0.017493026991283654
1403715894.834058 -0.06038192848182701  0.23731638242478506  0.28596553095558103 0.82377258056289826 0.008506976769199032 0.56667249098214811 0.0144448891681139
1403715894.8840582 -0.058556689335131473   0.26979824923257634   0.30251986667146763 0.82214430064925936 0.0061013518942436033 0.56907591266253699 0.013932983969832991
1403715894.9340582 -0.057150241335634087   0.30018349341082318   0.31470123405696498 0.82042191125599917 0.0058378357306949694 0.57154097274788573 0.014653452679680608
1403715894.9840581 -0.053560732704632429   0.32852333621648822   0.33086790440631741 0.81923142124373072 0.0046490055810530315 0.57327140880733951 0.014076826280543433
1403715895.0340581 -0.04998742915368079  0.35401593812055121  0.34545303527430943 0.81847544876339251 0.0040344694756368508 0.57437730000156051 0.013129359105867917
1403715895.0840583 -0.046721783725294175   0.38008616697438424   0.35999531333748702 0.8182140309284256 0.0040280703041974102 0.57473266899760089 0.013854004055720676
1403715895.134058 -0.043178064461751806   0.40603918122468796    0.3744466571142413 0.81830610960923988 0.0028194023208738769 0.57464153179902999 0.012420623108704546
1403715895.1840582 -0.038813588734966917   0.43299400767166246   0.38956478085463414 0.81854674434300545 0.0016802087916237955 0.57431857752741655 0.011686561973826181
1403715895.2340581 -0.035315922933452086   0.45931069663010871   0.40330726277580747 0.81894468731651604 0.00034600326362286041 0.57378161164858354 0.01020497583287531
1403715895.2840581 -0.0320286669432754 0.48488568943515814 0.41672589816500899 0.81884334167980544 7.6847428376685827e-05 0.57392872514946924 0.010069475131662026
1403715895.334058 -0.0293652093773395 0.51452067149761305 0.42897419547286059 0.81901731470232997 -0.00043887806664787046 0.57367790730656254 0.010203150111132955
1403715895.3840582 -0.025572296129380046   0.54095527753976647   0.44186833246022872 0.81893464752920664 -0.00059509841953041232 0.57379496352797787 0.010248354209902636
1403715895.4340582 -0.026928564526250857   0.56440248723376962   0.45099172685088978 0.81867908256318622 -0.00053443084877400271 0.57415827573804123 0.010322236128245977
1403715895.4840581 -0.023888890903585404   0.59076015677709137   0.46335143054328498 0.81921729784911745 -0.00096842704510844942 0.57339453175145561 0.010039522467612751
1403715895.5340581 -0.020983258893389551    0.6168976455319658   0.47579564091426496 0.81943115412370315 -0.0012393517925936418 0.57308858661796913 0.010025943688673988
1403715895.5840583 -0.018030563343411164    0.6430541052273252   0.48801939695264812 0.82018087160439801 -0.0022167955824347863 0.57202141979986243 0.0094825609275891384
1403715895.634058 -0.015921536892510829   0.66898866580953587     0.499695986845131 0.81978731972080165 -0.0017636965583340358 0.57257446327705097 0.01020410713543602
1403715895.6840582 -0.011908111641541121   0.69496380315077033    0.5120808118511001 0.82012754006013155 -0.0020489028650211264 0.57208390823862143 0.010325791320371539
1403715895.7340581 -0.0084425330840836015    0.71970736867121166    0.52422403373110116 0.82045433946915713 -0.0025783985716616295 0.5716210490361201 0.0098693974426210807
1403715895.7840581 -0.01148932002309375  0.74670460339122469  0.53044679776012882 0.82040869430343422 -0.0021275356330315077 0.57168830094868273 0.0098759537196629835
1403715895.834058 -0.0091845537977156243    0.77358960624834505    0.54077960768131039 0.82042456433854749 -0.0024041134220738197 0.57166190362556835 0.010021098330510875
1403715895.8840582 -0.012484359262484795   0.80191479013419009   0.54748884171023637 0.82036634392743923 -0.001559195422549949 0.57174099668593381 0.010433761035023918
1403715895.9340582 -0.0085078104421396194    0.82745205987846571    0.55879817193242964 0.8201550730052144 -0.0019728999004134384 0.57205378715612376 0.009809612129481152
1403715895.9840581 -0.0067831841749762074    0.85106367399633376    0.56866069384868156 0.82041752035549753 -0.003208079145846279 0.57169686099462458 0.0082158171123604337
1403715896.0340581 -0.026041102903643674   0.87087506213134735   0.57536069136714085 0.81990569339413888 -0.0032723761004290423 0.57245443150892816 0.0063142173167861056
1403715896.0840583 -0.025132346183615883   0.89664435575094514   0.58477512355361894 0.82009370860137309 -0.0052135488423045414 0.57219417266675898 0.0035995537387603404
1403715896.134058 -0.021652763234216409   0.92155117213723581    0.5952178774096053 0.82067106911103782 -0.0076181970154863719 0.57135011469778374 -7.6375447475792056e-05
1403715896.1840582 -0.017970039448432749   0.94602856759513687   0.60532134289774464 0.82027156311499216 -0.01063387654351209 0.57185717547997639 -0.0045666471955217672
1403715896.2340581 -0.014074363039474624   0.96968080810645807   0.61474525302341299 0.8199047438385163 -0.015415576884111642 0.57218500297244757 -0.011085729288016355
1403715896.2840581 -0.0099787174893430607    0.99204977604450006    0.62458193631939474 0.81831368041400154 -0.020743941549538767 0.57409160706337781 -0.018741292262512008
1403715896.334058 -0.0057360191814397367     1.0126746799025372     0.6348200961317132 0.81674047103954484 -0.026810281133262059 0.57573089685790524 -0.027388796885772976
1403715896.3840582 -0.0018139513461374246     1.0311292299728265     0.6449060962947174 0.81575447103123799 -0.032144874663530207 0.57643131751057675 -0.035189291246512155
1403715896.4340582 -0.017854088160759635    1.0444062702058232   0.64467937862707314 0.81382400006675693 -0.035231698868063183 0.57860323105686762 -0.040835344014303505
1403715896.4840581 -0.0156464208815861  1.0567918898145907 0.65417940469787561 0.81271954459680606 -0.039215750671345376 0.57945299844579323 -0.046725681608969803
1403715896.5340581 -0.01531174476717243   1.0659155248502479  0.66306244050530427 0.81110376289725727 -0.041379299645840556 0.58124140370177724 -0.050565502049493671
1403715896.5840583 -0.025447332506204047    1.0673829457425477   0.66506619420516377 0.80880275741363172 -0.04317528701370827 0.58391540352819393 -0.054925364940948899
1403715896.634058 -0.025128015942332112    1.0689269401086221   0.67518897321301186 0.80686609006653265 -0.044674195931719618 0.58624510099419569 -0.057341176120705599
1403715896.6840582 -0.029187842109065242    1.0660082788474765   0.68551199565013365 0.80522205048769246 -0.045723794744761972 0.58824950084825245 -0.059070371205173132
1403715896.7340581 -0.03167502825704141   1.0587271784386449  0.69513485263888986 0.80456009072618728 -0.046752833486329727 0.58882514080011283 -0.061499484009187852
1403715896.7840581 -0.034104245683841759    1.0484625338831233   0.70450885689181109 0.80580987574405938 -0.047587934416933084 0.5868225231380586 -0.063601564360917351
1403715896.834058 -0.037122190922378243    1.0341522622078672    0.7137734590077085 0.80772525753974367 -0.048918623223288028 0.58372115993635609 -0.066756902840438781
1403715896.8840582 -0.042668043339005174    1.0173969207416789   0.72340672033985698 0.80925389921720914 -0.050991139625477848 0.58102379073456778 -0.070138326768403869
1403715896.9340582 -0.050342217862702814    0.9933051986526128   0.73390201209935668 0.81059720961427906 -0.053880426781100443 0.57820059886178976 -0.075585255515204189
1403715896.9840581 -0.066357575935717769   0.96489816285042651   0.74087118055070333 0.81137439251502042 -0.057548963836044714 0.57581837385942658 -0.082419125560544981
1403715897.0340581 -0.071842041461239306   0.93284422156221969    0.7504089627591094 0.81224614833989772 -0.061910182370297891 0.57312878001299916 -0.089144407265339828
1403715897.0840583 -0.077160271217289286   0.89534954808318834   0.76001976173814911 0.81286678956432301 -0.065056946477498157 0.57110067313414636 -0.094123308931101587
1403715897.134058 -0.10683337482745409  0.84450257246971017  0.77335126310044222 0.81230762047276783 -0.066897537749530639 0.5711991842192744 -0.097018251438352493
1403715897.1840582 -0.12210083103207153  0.79125082566343607   0.7847137257348864 0.81217579304298282 -0.066651441977484085 0.5714984164954362 -0.096527853081549278
1403715897.2340581 -0.12647113080169248  0.73778294557783197  0.79627578364703011 0.8136957474998322 -0.063324821158593891 0.57066950275554218 -0.090694631322167749
1403715897.2840581 -0.13259926596277735   0.6773549071682986  0.80717468991315966 0.81533527815267182 -0.056067370958477698 0.57071547206367823 -0.079804035365655668
1403715897.334058 -0.13583641815852912  0.61484305950667062  0.81858738818851651 0.8176732455868555 -0.046488941992571607 0.57009713609587853 -0.065103741360592479
1403715897.3840582 -0.14776079482057999  0.54132645746427377  0.83378924039565483 0.81941753877206336 -0.035561812796830801 0.56986888563183802 -0.050395513808911926
1403715897.4340582 -0.15359223079169515  0.47107949457804982  0.84515988763161054 0.8214229755426653 -0.027356263210112683 0.56838607990471979 -0.038120785463554151
1403715897.4840581 -0.15835237263161517  0.39934094175940871  0.85647297334689521 0.82197116708531492 -0.021028099404178682 0.56842633187756142 -0.028508327626745704
1403715897.5340581 -0.16314253222426933  0.32717698821443808  0.86658412152518149 0.82265858110442258 -0.016439930255637454 0.56787948422133483 -0.021805481626390275
1403715897.5840583 -0.16999076240836883  0.25239451789961159  0.87940115858877754 0.82278474687120939 -0.016776830953176409 0.56769723250906468 -0.021532544224902622
1403715897.634058 -0.17321833520420979  0.17886093214446586  0.88904883793399903 0.82263563018763786 -0.019110312080067745 0.56773476553041646 -0.024138183985406382
1403715897.6840582 -0.17238789046767383  0.10601357774988743  0.89942831461121509 0.82256124623529847 -0.021633005572685594 0.56764481119664567 -0.026540112721113129
1403715897.7340581 -0.17499330658818724 0.031076047864929544  0.90811931108558408 0.82195196564986539 -0.026706962125706828 0.56796986363102997 -0.033044490392318729
1403715897.7840581  -0.17784982524883081 -0.045962361236611134   0.91627844978056572 0.82092665985464663 -0.029827852801066469 0.56902171724733186 -0.03747003653679204
1403715897.834058 -0.17956809060479487 -0.12379819759098763  0.92489459893407744 0.81953247975758581 -0.032152370595255754 0.57070843613388367 -0.0403065827515105
1403715897.8840582 -0.18061146889413121 -0.20346357419108524   0.9334826666788586 0.81729930068347556 -0.033444224670112974 0.57372425293603657 -0.041759053287921954
1403715897.9340582 -0.18189257468378855 -0.28488149982341199  0.94245297993843991 0.81575966086086393 -0.031156178455734512 0.57626695751315049 -0.038494959861510969
1403715897.9840581 -0.18361542083824736 -0.36888189033833174  0.95039311044285424 0.81415066252796842 -0.029483413335926922 0.57876650691371201 -0.036314701130991042
1403715898.0340581 -0.18856057845044588 -0.45287875950522555  0.96080050667307892 0.81127102612323643 -0.026315400400966756 0.58321249040072609 -0.031780700358406265
1403715898.0840583 -0.18928869694012262 -0.53865938160090721  0.96942963041563224 0.80716118916822022 -0.023618990733250737 0.58924488493109761 -0.026896534345983089
1403715898.134058 -0.19452040062642542 -0.62762621205051317  0.97748967086157501 0.80307029246156036 -0.021697015228714079 0.59511932356193564 -0.020984175443726209
1403715898.1840582 -0.20097395205705659  -0.7151135757786623  0.98532056177388483 0.79925579145179315 -0.022173868809587549 0.60037679006509603 -0.015691058725095904
1403715898.2340581  -0.2002568842040352 -0.79425148395712808  0.99043542619610725 0.79696555353437371 -0.023464522924810181 0.60351309981088064 -0.0082012804013996635
1403715898.2840581 -0.20179427384658202 -0.87727658044572199  0.99596791281609676 0.79664486446139926 -0.026484842380005699 0.60386675814392443 -0.00067190783029805765
1403715898.334058 -0.20968623075218989 -0.96389858505129544   1.0009222979943198 0.79721457762441783 -0.030872010924506171 0.60287048758497741 0.0065583049372564452
1403715898.3840582 -0.22021102669008913  -1.0516343741291962   1.0046391375588244 0.79903569097975757 -0.036519837432141357 0.60002129881413391 0.013516914730482048
1403715898.4340582 -0.23122995961196019  -1.1391130826599465   1.0063479276035481 0.80239801039648928 -0.043140880242265124 0.59487961232990538 0.020360358491433809
1403715898.4840581 -0.24238526596230364  -1.2238340643234731   1.0067895141494134 0.80565785555812364 -0.051447448052687215 0.58953981784317577 0.026671764916986994
1403715898.5340581 -0.25517883189653789  -1.3098866785179661   1.0074247640611067 0.80925964308779474 -0.059579213029002154 0.58346797641202575 0.03338065226917801
1403715898.5840583 -0.27735698791449342  -1.3910480635903759   1.0040100094312934 0.81130951964343412 -0.068050871033126958 0.57922502493386929 0.040550126731387047
1403715898.634058 -0.2924197885148011 -1.4746845562693325  1.0025480221425851 0.81308322156619439 -0.077086227716989988 0.57505808680719961 0.047556125804638569
1403715898.6840582 -0.30733586610868485   -1.549369291102356   0.9968190725040752 0.81141469298211788 -0.086087465061315857 0.57544059495068323 0.055346779986337837
1403715898.7340581 -0.32065896792873405  -1.6321149322774666    0.990410837952446 0.80956990085453451 -0.095289531513724088 0.5758969883532975 0.062121973728112644
1403715898.7840581 -0.33401451285854133  -1.7208915542974503  0.98117231067101474 0.80911484991316984 -0.10318782316263671 0.57443717801898553 0.068610212873371823
1403715898.834058 -0.34913787073024738  -1.7987457184998321  0.96877470996854087 0.80875138969556037 -0.11042121638462113 0.57288677569797331 0.074357829903923728
1403715898.8840582 -0.36273489896007638  -1.8772809752877222  0.95274158502293194 0.80859634309542128 -0.11635258202267257 0.57122236947540295 0.079618058254866647
1403715898.9340582 -0.37532257408715458  -1.9551617252696636  0.93356817869986586 0.80887991805899906 -0.12224549864621725 0.56913010079598891 0.082826593492380765
1403715898.9840581 -0.38799249934081564  -2.0315028737463536  0.91150509405750146 0.8092245699208116 -0.12600439288665949 0.56719067413860313 0.087024293044752704
1403715899.0340581 -0.39707648457313727  -2.1072445736544183  0.88861807616067445 0.80856707762319391 -0.12991169823974411 0.5668951885895116 0.089286487210641002
1403715899.0840583 -0.40252658370117295  -2.1918365302953782  0.86301696585111654 0.80943778671377375 -0.13248468310611008 0.56479613189996103 0.09090438698447327
1403715899.134058 -0.41011655492833754  -2.2682573697496338  0.83404727414903901 0.81182731164454636 -0.13548115562932717 0.56054281777989112 0.091504218332875878
1403715899.1840582 -0.41715194504692155  -2.3403726243568386  0.80597705437804101 0.815207794351686 -0.13710297094686738 0.5549166561670652 0.093308799660937525
1403715899.2340581 -0.42201573483460003  -2.4107756778410359  0.78462766113838978 0.81966232644963222 -0.13601734276569796 0.54786970642706423 0.097425550271259626
1403715899.2840581 -0.42559126102991668  -2.4788333594917269  0.76480458301012499 0.823976603396114 -0.13515705377288828 0.54096751853361202 0.10074359415278865
1403715899.334058 -0.43298542899777542   -2.557833298902306  0.74646439313355528 0.82820007213828384 -0.1347291797857601 0.53422927488078897 0.10262441466212775
1403715899.3840582 -0.43614028229419416  -2.6275342359910923  0.72956682365858683 0.83222323933872644 -0.1325784236179646 0.52793618807657605 0.10540788782015655
1403715899.4340582 -0.43585645212070129  -2.6952133759895429  0.71692217014730397 0.83484930725768358 -0.12938505013436302 0.52385168070504318 0.10892914943024112
1403715899.4840581 -0.43240464522943628  -2.7622842009533195  0.70811582360612479 0.83547852349304486 -0.12814187794787599 0.52302648362921955 0.10953809072796172
1403715899.5340581 -0.41571731738686918  -2.8258737593372589  0.70670178463574662 0.83639819701354012 -0.12740555376242016 0.52197489848762457 0.10838858912184664
1403715899.5840583 -0.40665281074799686  -2.8903803369584899  0.70147803768013628 0.8361873169894235 -0.12689860143649961 0.52268105200691728 0.10720090359895322
1403715899.634058 -0.3942484254880893 -2.9528725225457593 0.69428791451903749 0.83651300233003367 -0.1272395145930576 0.52260367607612013 0.10460162814527302
1403715899.6840582 -0.37560332992221224  -3.0111906014364962  0.69024384165987729 0.83628903067921345 -0.12616399537411002 0.52329819911190667 0.10422235001715489
1403715899.7340581 -0.35888895582320612  -3.0673480841855172  0.67927772452690738 0.8359450033288619 -0.12398737902266536 0.52414168975799103 0.10534975230268412
1403715899.7840581 -0.33200395275112676  -3.1216679630684423  0.67683877304463425 0.83504665756015772 -0.12031987567492007 0.52588639443001139 0.10799864521642442
1403715899.834058 -0.30239995728730595  -3.1787420090780572  0.67153238921512559 0.83289050216512661 -0.11572132178266799 0.52953175350161263 0.11179494228945731
1403715899.8840582 -0.28057932065166008  -3.2321430207274369  0.67449438809920159 0.8301273702312062 -0.10991195575271213 0.53382682043965468 0.11763008524575891
1403715899.9340582 -0.24558183520815713  -3.2903610181982899  0.67558110678831562 0.8283534414948851 -0.10366867208534022 0.53666243529626545 0.12278767419217608
1403715899.9840581 -0.21391789029328134  -3.3411500609813269    0.672964350946618 0.82707609845052388 -0.097792028353443292 0.53823792493610656 0.12915797583909741
1403715900.0340581 -0.18391275010741304  -3.3878420874346045  0.67620935576941454 0.82556099290141427 -0.093420499872921281 0.54016467509480481 0.13395439889323837
1403715900.0840583 -0.14882812934016523  -3.4328382365595753  0.67372757279981677 0.8250047686538784 -0.089920013393288575 0.54087283379227957 0.136887181851409
1403715900.134058 -0.11724989577704999  -3.4764138556243327  0.67564411245306322 0.82421997929255497 -0.08737212953420169 0.54173066669701275 0.13984070035454332
1403715900.1840582 -0.079586029698573063   -3.5200565482813704   0.66889965198503343 0.8235697479461781 -0.084966593914231239 0.54240051181696969 0.14253151569801017
1403715900.2340581 -0.039452034145830456   -3.5553970771510115   0.66729008540221346 0.82310854876905959 -0.083080496616296615 0.54301977579240501 0.14394259662674069
1403715900.2840581 0.00043689003921853825    -3.5912123859316081     0.6630863071522396 0.82275369138674337 -0.081365079629204543 0.54336997671190823 0.14561990088762264
1403715900.334058 0.043569534923100423  -3.6196061174215952  0.66212888506396339 0.82314247846098076 -0.080956493583515407 0.54281779324180734 0.1457098131213905
1403715900.3840582 0.087600188611794236   -3.639175740998343  0.66286595452817354 0.82339307606812617 -0.080187055415390604 0.54219023709904501 0.14704973723662204
1403715900.4340582  0.1305796013188065 -3.6542424062911851 0.65579312700666192 0.82357240036284363 -0.082447755429066169 0.54220967584523205 0.1447049978580606
1403715900.4840581 0.17778788331263443 -3.6704585011968951 0.65236083782909549 0.82313975557980823 -0.089584455657224088 0.54416713813466389 0.13526896858829898
1403715900.5340581 0.22573942040036496 -3.6849198197595414 0.64716324840790296 0.81993444190751463 -0.096384066826848455 0.55017615183850832 0.1253946752613557
1403715900.5840583 0.27372843019558646 -3.6901301443993599  0.6476713922632078 0.81583385375794071 -0.10182892971258573 0.55685289686457162 0.11815601292186102
1403715900.634058  0.3243279630267793 -3.6993071467347836 0.64304258648324586 0.81058919060174472 -0.10838900782481831 0.56505240500527154 0.10914562135110301
1403715900.6840582 0.37352893323777364 -3.7030672801737223 0.64301113266047838 0.80438958443168329 -0.11552947558306496 0.57413075042225015 0.099921059586605604
1403715900.7340581 0.42177390002461251 -3.7075582991050124 0.64041665186806829 0.79694494066101018 -0.12066890384236208 0.5844994033155001 0.093156989668656751
1403715900.7840581 0.46811534393302917 -3.7110033587515416  0.6379482897764237 0.78944256850134675 -0.12269125094410957 0.59450867624811876 0.091031433282551574
1403715900.834058  0.5154993367432581 -3.7148238191408884 0.64034533542006833 0.78225275970293684 -0.12139354071214295 0.60383990165417567 0.093389514297827145
1403715900.8840582 0.55568571667841626 -3.7132646989532518  0.6403481906051367 0.77668607491863295 -0.12028929342048 0.6107421260314454 0.096349791937915916
1403715900.9340582 0.59761668341266039 -3.7150052732810428  0.6424950895279351 0.77268517171547657 -0.11859060180496539 0.61555371221863908 0.099937590267194537
1403715900.9840581 0.63160289611815468  -3.711774500023366  0.6420504643375069 0.76821801806996259 -0.11715184813958628 0.62088704146698048 0.10303301863246563
1403715901.0340581 0.66714693711009165 -3.7112659610724261 0.64363624671249209 0.76325184312716732 -0.11655285233041721 0.62697364804210742 0.10375982477528346
1403715901.0840583 0.69593577853052835 -3.7058048739348468 0.65017466930820211 0.75870039857194882 -0.11538743160650243 0.63221363793503327 0.10660845108607306
1403715901.134058 0.72299020138114689 -3.6985006504635156 0.65777167764751021 0.75409727840361451 -0.11544094468523465 0.63761638538907583 0.10703283644663282
1403715901.1840582 0.74475510547510515 -3.6901858485946653 0.66484603286121691 0.74980252791899615 -0.11529617776602892 0.64247595390379875 0.10829408651552164
1403715901.2340581 0.75982457488227961 -3.6770378236210033 0.67185849946062648 0.74662372195448801 -0.11610601359184282 0.64607334129692739 0.10798911559996349
1403715901.2840581 0.77227793115612553 -3.6654384518650258 0.67845238479432235 0.74488782525156294 -0.11746736583620231 0.64792529416556899 0.10740744357800322
1403715901.334058 0.78449973595438216 -3.6564277460553054 0.68171729114593504 0.74593079283070818 -0.11956100916741309 0.64666148724691563 0.10545775602310309
1403715901.3840582 0.78707247522533741 -3.6406586371796448 0.68855749803365141 0.74918219645945516 -0.12226664543668583 0.64274465588023499 0.10322892646561982
1403715901.4340582 0.78509557674238684 -3.6233485187320582 0.69467419460870639 0.75518599512158735 -0.1258210777977718 0.63557106303847555 0.099562005715872107
1403715901.4840581 0.77799833466175772 -3.6047210582257772 0.70089704057944702 0.76217277044766496 -0.12834627044993188 0.62690992161425296 0.097999250157005391
1403715901.5340581 0.78668288220849913 -3.5930623654071652 0.71561696761297888 0.76791416287107062 -0.12973172394350077 0.61979826467306609 0.096579652996509086
1403715901.5840583 0.77466102810000992 -3.5733967380071086  0.7237468217723938 0.77142589328977706 -0.1303303958213497 0.61516637283814379 0.097398217726412717
1403715901.634058   0.755898703021601 -3.5513263034719635 0.73098451670329057 0.77315598012623366 -0.12958473737581536 0.61276998170670594 0.099752572665807768
1403715901.6840582 0.74903265309152522 -3.5321954896732493 0.74128969989698856 0.77449461393941532 -0.13001109533118774 0.61108837061453058 0.09912724836945129
1403715901.7340581 0.72945106875886956 -3.5058932530775988 0.74954326942614047 0.7773306263342854 -0.13030460247058367 0.60728235164031519 0.099929741938722186
1403715901.7840581 0.70841196540237616 -3.4822492548695667 0.75666804026939116 0.78081451587597783 -0.1310487344445958 0.60269689523073011 0.099555881177711247
1403715901.834058 0.68590253052295735  -3.457977276647402 0.76341409445381203 0.78477448910312886 -0.13136238989344221 0.59752072301901771 0.099206397662836732
1403715901.8840582 0.67081033847951677 -3.4342507380491498 0.76904371462422128 0.78839852381506803 -0.13042680402341811 0.59286361152651668 0.099646146770430891
1403715901.9340582 0.64698961729799886 -3.4078098758897379 0.77489301980785064 0.79036860940338938 -0.1309772856713369 0.59030849190135781 0.098479928396938157
1403715901.9840581 0.62070132655603816 -3.3810442921658939 0.78012768880947325 0.79189651338574207 -0.13116155272237376 0.58834270238598907 0.097721152900038508
1403715902.0340581 0.59542021615374796 -3.3541313170394167 0.78523870876350366 0.79176173755307655 -0.13099118516525796 0.58866387214387961 0.097105643443152423
1403715902.0840583 0.56996110518083143  -3.325952937479808 0.79234370043612157 0.79060050695116246 -0.13038560374112457 0.59023969968265333 0.097813749872698266
1403715902.134058 0.54141448735285569 -3.2934586330001925 0.79846484745648427 0.79046570129094207 -0.12788716613873863 0.5905218622131353 0.10046281933109794
1403715902.1840582 0.51144029722961337 -3.2637952450944612   0.802358854774325 0.79052128283458989 -0.12503025904447962 0.59061389741314363 0.10304736722149424
1403715902.2340581 0.47853802562675979 -3.2327307449963487  0.8058744158462573 0.7920772479098922 -0.1222387309236863 0.58840684479180627 0.10699864956067971
1403715902.2840581 0.44816593556243844 -3.2007547504028748 0.80929541053944276 0.79449464287230298 -0.1205782550128088 0.58515921877271593 0.10875585294862508
1403715902.334058 0.41783549248568252 -3.1672970482095737 0.81229224435943559 0.79755949076455679 -0.11838119434297086 0.58091855848358864 0.11143778500428847
1403715902.3840582  0.3858601293857743 -3.1342064719102849 0.81455745383221079 0.80029662702343674 -0.11728402916399967 0.57721369227470543 0.11222352128038983
1403715902.4340582 0.35656922455046158 -3.0984124854319046 0.81546541109592874 0.80229986737011827 -0.11678537425478577 0.57444502822613508 0.11264550024006813
1403715902.4840581 0.32314599406982575 -3.0627001904450921 0.81712281702629153 0.80440904835813387 -0.11937302771982924 0.57173298164154396 0.10861657735277992
1403715902.5340581 0.29182048546693345 -3.0240846937698191 0.81993223424745842 0.8065058182090572 -0.12340269414319145 0.56902869087293728 0.10259868048163283
1403715902.5840583 0.25224965177329162 -2.9869080007163538 0.82509913539103585 0.80877193033392136 -0.12634854828976327 0.56616959040436099 0.096829767893816199
1403715902.634058 0.22066618508675806 -2.9530964783486517 0.82617410904224819 0.81087012926796231 -0.12781076206198771 0.56380870148921247 0.09096037976580934
1403715902.6840582 0.19135532553163959  -2.914125181616396 0.82893746275313096 0.81341084765806593 -0.12746925914012558 0.56121171048818919 0.084591943454299087
1403715902.7340581  0.1614023325253206 -2.8760866854364573 0.82928359214528913 0.81729928824674825 -0.12460551696653407 0.5570916684598074 0.078385020925746854
1403715902.7840581  0.1336744522363803 -2.8397176609416221 0.82780945154365326 0.82113056718879496 -0.11974314144161186 0.55328296003620037 0.072692075493017941
1403715902.834058 0.10789388748507286 -2.8036272300002167 0.82398135989500476 0.82470367057664096 -0.11400926418499574 0.55003491723811826 0.065782469064847193
1403715902.8840582 0.082272235899791019  -2.7656899566860136  0.81695216540333004 0.82855566496519983 -0.10634587676420866 0.54640785750399423 0.06020396836772611
1403715902.9340582 0.056088013339291018  -2.7291218832862332  0.80651136891765873 0.83122796172874913 -0.09812013271422429 0.54445172364838224 0.05481638270369512
1403715902.9840581 0.034062251886807886   -2.697448639374421  0.79654112806577826 0.83326411972372483 -0.086783952163679734 0.54351589770288611 0.052248649476555831
1403715903.0340581 0.014977537348033709  -2.6630240545330395  0.78858146998385836 0.83386265436198881 -0.076153567064238009 0.54465993079141817 0.047109103940308442
1403715903.0840583 -0.0020327353033644082     -2.628068501125278    0.78032899350489815 0.83454034673263089 -0.063338456127316783 0.54551295817515555 0.044116460802963928
1403715903.134058 -0.01646737053823237  -2.5961385326878612  0.77193663304497628 0.83478385356808971 -0.050509736952557643 0.54671851752889522 0.04103104782967118
1403715903.1840582 -0.026715188063649323   -2.5610127751542739   0.76670021949784295 0.83488894341015585 -0.038087607787841531 0.54768991929348632 0.039313338814800786
1403715903.2340581 -0.036263297279365815    -2.523996327472402   0.75899752527845366 0.83548402448175207 -0.029494971418395917 0.54762493335704177 0.03469040014901565
1403715903.2840581 -0.045283961684981777   -2.4895553584749432   0.75235119545114937 0.83776190595972178 -0.023534826026259496 0.54475865710578741 0.028967333238443447
1403715903.334058 -0.052295519690747506   -2.4546468342112377   0.74539218748530167 0.83998812810887036 -0.01905320307668025 0.5417676054254128 0.023340561267653034
1403715903.3840582 -0.064585638200109916   -2.4137917012075683   0.73830556016949822 0.84279619241954973 -0.015394224526371878 0.53774094006245876 0.017096118714023924
1403715903.4340582 -0.067833195014705069   -2.3778886612897678   0.73299938708859791 0.84484960337934234 -0.010751024588476524 0.53479970045624203 0.010141180009244409
1403715903.4840581 -0.072745130840685318   -2.3423294251137601   0.73039901484552539 0.84634268150129921 -0.0048681799628480108 0.53260429096308393 0.0036104765267914287
1403715903.5340581 -0.074767547523125949   -2.3037965873590096   0.73568575428507055 0.84724502124524892 0.00212871590357934 0.53118344533051287 -0.0039357274481038535
1403715903.5840583 -0.077428449962539142   -2.2688359058434551    0.7389889439111571 0.84676395959699791 0.01144836108516452 0.53172202815427094 -0.011463704967690686
1403715903.634058 -0.072400672250082398   -2.2343007051305097   0.75028428162991478 0.84678034719281026 0.021146066625662707 0.53116638604260724 -0.019446280177011385
1403715903.6840582 -0.066658113592037008   -2.1963281031222408   0.76306720320662891 0.84513499129911984 0.031699629231780713 0.53291401371664804 -0.027287982204929551
1403715903.7340581 -0.05328579228855751  -2.1608545101923071  0.78037107085028024 0.84227949635780675 0.043643985304402444 0.53615155282795801 -0.034669366336262983
1403715903.7840581 -0.031885405411507667   -2.1277108678949799   0.80559870949687107 0.83845135179504693 0.052890477482946591 0.54037785083124856 -0.046837019500447802
1403715903.834058 -0.0070135921307775129    -2.0916104794496082    0.83330386016414337 0.83445417099018671 0.063859949449248665 0.54426287544511798 -0.05818991137329383
1403715903.8840582 0.014093997258645522  -2.0552533568465239  0.86173429778883648 0.82918672974940466 0.075398057470813615 0.54922111723736622 -0.071558818587614009
1403715903.9340582 0.038804342557450584  -2.0248647349985105  0.89210278607157623 0.82401520551112384 0.089742609910153065 0.55310013438715266 -0.083817935991578815
1403715903.9840581 0.064727429699728375  -1.9908373280628526   0.9228871474759166 0.81836348511132484 0.10567442646785098 0.55683691983824202 -0.095114491704452964
1403715904.0340581 0.088898598760693295  -1.9576291034092765  0.95159701345193748 0.81294839080855374 0.12044335771099177 0.55923144716246465 -0.10894264532156661
1403715904.0840583 0.11163822745112276 -1.9214317694378602  0.9791811406419989 0.80807406197912623 0.13579071853554969 0.56000908235725588 -0.1223397678334351
1403715904.134058 0.13533425901035193 -1.8869684813518333  1.0058205638189956 0.80322221206243738 0.15150656349243288 0.55992899943829022 -0.13549669684635771
1403715904.1840582 0.16552852625887796 -1.8588823497190083  1.0343925264943741 0.79907279140383569 0.16966204357127204 0.55821097778121598 -0.14525140031628231
1403715904.2340581 0.18868032740987944 -1.8298934119032269    1.05986149412275 0.79451898116952446 0.18804200913692035 0.55609207908046898 -0.15537500102993693
1403715904.2840581 0.21152834062207573 -1.8046797693866514   1.085193932145327 0.7886034364385992 0.20887908415142017 0.55510431569581298 -0.16227552784440247
1403715904.334058 0.23462615134926301 -1.7763289388557486  1.1092412262139875 0.78118469530810764 0.22859030805309175 0.55573054356351703 -0.16929413997882409
1403715904.3840582 0.25673083795449847 -1.7458096480586729  1.1309351346750309 0.77340587019654061 0.24782153127815287 0.55641343453057002 -0.17559025728775104
1403715904.4340582 0.27790578228318819 -1.7179166631884613  1.1502103670541346 0.76612690880819578 0.26369888623339249 0.55626366219913603 -0.18461634574455318
1403715904.4840581 0.30317083563236519  -1.691982709189469   1.169253111349287 0.75936744923023858 0.27937036947790733 0.55549602702869827 -0.19167012720471197
1403715904.5340581 0.31792752030923432 -1.6614954601042671  1.1852871326597016 0.75126620124306276 0.29607671284316572 0.55618035503996233 -0.19647159501929304
1403715904.5840583 0.34296419961488689 -1.6284068760990262   1.195321373853943 0.7430577396854765 0.31201942901559282 0.55693764307795468 -0.20082214303474319
1403715904.634058 0.36118061911310673 -1.6015855996992654  1.2018887710375863 0.73460716920809888 0.32728347327048596 0.55735902420340311 -0.20637042717187237
1403715904.6840582  0.3799953562947439 -1.5711232108927982  1.2064107322108626 0.72611653568529666 0.34132246486091622 0.55714694908731976 -0.21410518141405102
1403715904.7340581 0.39704360157928398 -1.5404678672342276  1.2101644922103232 0.71955575709718289 0.35316196794046112 0.55335724006839015 -0.22652130516270391
1403715904.7840581 0.40896007624154024 -1.5134523006528373  1.2074994246300335 0.71430474601459915 0.36368808672966024 0.54662380683300393 -0.24228520217985527
1403715904.834058 0.41450893397736088 -1.4782773531785391  1.2063576694026474 0.70855248838914331 0.37570488023028414 0.53895126312692565 -0.25754756869866202
1403715904.8840582 0.42339078577829786 -1.4491145314016405  1.1990062086948512 0.70123454774330995 0.38800798473335707 0.53192456447264203 -0.27345231859500607
1403715904.9340582 0.42666579701267621 -1.4202594981883141  1.1885800185994484 0.69196229150942734 0.4010189586839602 0.52626776045484336 -0.28881521118337661
1403715904.9840581 0.42547691841173607  -1.399947706421141  1.1830957277323844 0.68194518174306029 0.41440620090585112 0.51998219372355936 -0.30469129944689738
1403715905.0340581 0.43308758118545948  -1.371230000510496  1.1714196382185527 0.6698277737892272 0.42883132500449456 0.51561214147814127 -0.31871392770913332
1403715905.0840583  0.444240847123619  -1.33868326334203 1.1529714254848242 0.65737702786564334 0.44254005218864068 0.51200084687878988 -0.33146474660031422
1403715905.134058 0.44603557022729229 -1.3166870931477821  1.1315438326831588 0.64391438694193837 0.4550517189870889 0.50919331516906408 -0.34499907698894122
1403715905.1840582 0.44758491372855597 -1.2964059437488831  1.1087308915813665 0.6299957116153031 0.46797654426285168 0.5078343074673688 -0.35525719348841517
1403715905.2340581 0.44867429735853864 -1.2780681722788989  1.0857012021530701 0.61779811947404883 0.48046386938740399 0.50503684371703383 -0.3638924845005031
1403715905.2840581 0.44550590850493715 -1.2624898789972336  1.0618210362028386 0.60878053863906956 0.49553601613385861 0.49883126501576974 -0.36742030636761974
1403715905.334058 0.44353352536683888 -1.2507634919266524  1.0350861371708961 0.6025287697471301 0.50997436444758693 0.48974535157722376 -0.37018200907363308
1403715905.3840582 0.43771452961754065 -1.2539210975851953  1.0100703641054769 0.59664696069377698 0.52403203589968983 0.48029483485880603 -0.3724509380491034
1403715905.4340582 0.42944935759769348 -1.2475202264211507 0.98706666535691778 0.59001835415065029 0.5369828198505 0.47155331381353194 -0.37571966302316417
1403715905.4840581 0.42029463123898375 -1.2447398338101194 0.96529046284457198 0.58468677971174554 0.54944720582030304 0.46098911475573057 -0.37912817584993336
1403715905.5340581 0.41349477594025591 -1.2433193440788615 0.94173669877589183 0.579111686326788 0.56085091857166114 0.45193212780583542 -0.38188120371911194
1403715905.5840583 0.39707122168999981 -1.2419164238098315 0.92061563809649349 0.57364366101741981 0.57125541402998858 0.44020266475747227 -0.38835784536478507
1403715905.634058 0.38315697651077929 -1.2371215717856174 0.90122436991633958 0.56973595336402949 0.57929986868618311 0.42601876432109032 -0.39789523499394025
1403715905.6840582  0.3662447331307836 -1.2362735444668471 0.88090232257007139 0.56535775189196324 0.58652946505171377 0.41088260992096781 -0.40930340808054549
1403715905.7340581 0.34910418009431582 -1.2353600958697288 0.86104413876783137 0.55971804211888121 0.59508621257565597 0.39572415028928171 -0.41951222843535019
1403715905.7840581 0.33152788842962161 -1.2341144595896525 0.84115771063876799 0.55150340739047243 0.60416473543316673 0.38205014663969983 -0.42996121865611819
1403715905.834058 0.31048149651941936  -1.237975015553989 0.82283526627212977 0.54207461113065081 0.61525493286254829 0.36718401009361373 -0.43908129803878904
1403715905.8840582 0.29300120243643757  -1.239605395698649 0.80252958222350324 0.53142018754448472 0.6293190972688737 0.35154757488438459 -0.4449318607110338
1403715905.9340582 0.27409400604780759  -1.239700250662839 0.78293999217160914 0.52030808700902975 0.64457511156575731 0.33494948351293247 -0.44901142929486271
1403715905.9840581 0.25504160150237193 -1.2439490119435024 0.76494504080924253 0.5067120898630334 0.66120933631145506 0.32021772948080413 -0.45111603528068112
1403715906.0340581 0.23823723034332894 -1.2412626879791375 0.74607241244223688 0.49157036839872242 0.67732051172284413 0.30667103456189065 -0.45337443010450934
1403715906.0840583  0.2176346993996757 -1.2414169198917977 0.72996785500155903 0.47378168069708437 0.69190104508729944 0.29585972572483138 -0.45746134868093097
1403715906.134058 0.20158363381656899 -1.2382880647245917 0.71639648223017105 0.45225472637274095 0.70522657141872658 0.28953890903685736 -0.46291291361578107
1403715906.1840582 0.18602299597167585 -1.2282164552652386 0.69639641144328879 0.42786585784277908 0.71679093998292975 0.28602449042638844 -0.47045886847542351
1403715906.2340581 0.16864070827861632 -1.2233751617523996 0.68344191827225009 0.40292796777128725 0.72755844901638822 0.28271340635519759 -0.47789212791131963
1403715906.2840581 0.14878169178739686 -1.2202657928310892 0.66990450210605401 0.38085811989753304 0.73738696977668461 0.27521600421766812 -0.48524602042070974
1403715906.334058 0.12793382891741345 -1.2123587764444539 0.65655320814215046 0.35858193404180233 0.7477755145845052 0.26685203478020686 -0.49095902873904068
1403715906.3840582 0.10491154121978379 -1.2065172002080877 0.64169821451980158 0.33740150332646346 0.75722693758964166 0.25761847453559777 -0.4963872602309683
1403715906.4340582 0.080864461547978661  -1.2007842499621411  0.62790163700762758 -0.31708535114642683 -0.76527469186538177 -0.24708504117552582 0.50275292988303988
1403715906.4840581 0.055373013893995252  -1.1957493919955857   0.6150063831845558 -0.29725854356929787 -0.77104380466517286 -0.2360494561775581 0.5112821762987575
1403715906.5340581 0.02830631598150242 -1.1917124995855173 0.60347091599859237 -0.27705585469486793 -0.77659725485417286 -0.22588859871668818 0.51875919086033562
1403715906.5840583 -0.0016438521127602542    -1.1929965054972556    0.58950335309612201 -0.25956383198112543 -0.78110931888616841 -0.21240794829537687 0.52666660476757843
1403715906.634058 -0.031227204214950011   -1.1930138892989881   0.58317805499333442 -0.24389639698620735 -0.7846202069367314 -0.1960186118365197 0.53522180656003815
1403715906.6840582 -0.059770649321251784   -1.1901992403821282   0.58034721010170853 -0.22937970605775773 -0.78716750936098134 -0.17824442532396073 0.5440415310398804
1403715906.7340581 -0.08455763755104187  -1.1934313587407239  0.59233377706234802 -0.21442166364140569 -0.79039396945999263 -0.16079398741254966 0.55085934394770963
1403715906.7840581 -0.1140660119789282 -1.1950434039002005 0.59550509023050457 -0.19868066523026656 -0.79420814962064756 -0.14315438289320814 0.55611710187537911
1403715906.834058 -0.14346090511674461   -1.194476954317105  0.59879145158752789 -0.18211289050046831 -0.79723355381071959 -0.12584364069991841 0.56161991941818179
1403715906.8840582 -0.17327179621126418  -1.1962034004170061  0.59937482121935826 -0.16401699360812783 -0.79996267743143012 -0.10956957561181611 0.56670331622881431
1403715906.9340582  -0.202761602059083 -1.1992114818340009  0.5992830199950453 -0.1441087443788614 -0.80197976598489706 -0.094971490915438869 0.57187545904476134
1403715906.9840581 -0.22941737545486185  -1.2037643607258126  0.59822174189508626 -0.12410083962494081 -0.80326485600831077 -0.080312284748033938 0.57698742588108753
1403715907.0340581 -0.25601951118838984  -1.2077269137165685  0.59304955922544822 -0.10207124012715835 -0.80531503250590286 -0.067991508013648172 0.58002268507098131
1403715907.0840583 -0.28413611837517821  -1.2122337886141556  0.58334234432890131 -0.077541452273743414 -0.80835917691829084 -0.057900707985615328 0.58068086957125331
1403715907.134058 -0.30884010356612612    -1.21187880244894  0.57816826904513663 -0.053188226640066734 -0.81073309455685483 -0.04906533935650282 0.58092637606755493
1403715907.1840582 -0.33599706168946497   -1.220101937260289  0.57187745487427133 -0.026856711968378671 -0.81211816483042454 -0.038364892185663385 0.58161064159993958
1403715907.2340581 -0.36191246839459423  -1.2285512801279139  0.56968533461088156 -0.0019555875347285322 -0.81327595250727003 -0.024754520898249359 0.58134810092223121
1403715907.2840581 -0.38802314108038344  -1.2436977829546765  0.57231346491463109 0.022750853636668462 -0.81348163365738368 -0.0087130126915410874 0.58108012680761534
1403715907.334058 -0.40777117874852631  -1.2536973175584369  0.57926103103192372 0.046146153393417745 -0.81284959497075071 0.0059276021602442395 0.58061254896489078
1403715907.3840582 -0.42717051270571765  -1.2647030663595844  0.58480197807486589 0.07029017708147392 -0.81069134495203998 0.021251282920158529 0.58085042584124458
1403715907.4340582 -0.44654910957933408  -1.2783255668154734  0.59644390040179274 0.094483974421119776 -0.80814481592428944 0.033314980562793334 0.5804005919555788
1403715907.4840581 -0.46754801898669324  -1.2946264815112745  0.60578308927657587 0.1174002793175134 -0.80531011741426173 0.046142112914599971 0.57927859844998109
1403715907.5340581 -0.48687804496629689  -1.3120153848569438  0.61764966813711886 0.13894455177418355 -0.80230242836304078 0.057863092745473174 0.57763058045170013
1403715907.5840583 -0.50472658611129861  -1.3287332238914522   0.6297290064931983 0.15837187403738773 -0.7992568691140236 0.07021680826875637 0.5754792841836126
1403715907.634058 -0.52304058511806606  -1.3454989522358174  0.64111248109119778 0.17550119627647398 -0.79578572480934773 0.083867336852712276 0.57348991281836981
1403715907.6840582 -0.53747988592921214  -1.3663390625290155  0.65340718533156616 0.19124510042984022 -0.79104498967259229 0.097573871838334297 0.57284594387142618
1403715907.7340581 -0.55091578127861862  -1.3855163969102637  0.66511191404458214 0.20470828948165784 -0.78569981470207895 0.11267149161794464 0.57277871152060134
1403715907.7840581 -0.55981096717526058  -1.4089946965036042   0.6770989311480905 0.21852522830551094 -0.77986798923824407 0.12749724549745237 0.57253567255332216
1403715907.834058 -0.56670821684476369  -1.4319167518986708  0.68565532101487192 0.23236678389058818 -0.77337615423714789 0.14186698203997999 0.57251092671544002
1403715907.8840582 -0.57124677423236514  -1.4567264394913022  0.69716592666451649 0.24537528751930224 -0.76764836488753463 0.15713340097338852 0.57080298742985813
1403715907.9340582 -0.57539557468533975  -1.4768564685617709  0.70681667220190036 0.2565210999624582 -0.76222961004129919 0.1739469036572355 0.56828287107601605
1403715907.9840581 -0.58110858390533837  -1.4989674792671865  0.71421623171551107 0.26944215123009202 -0.75654893526320866 0.18986202390397833 0.56478938337374107
1403715908.0340581 -0.58272039860165836  -1.5215507227697558  0.72249204122110777 0.28308113168774879 -0.75052667090513492 0.20596622165648679 0.56049326907554364
1403715908.0840583 -0.58363702942848461  -1.5444218140132824  0.73012470153644482 0.29831825761360892 -0.74380232864712015 0.22078066840753521 0.55589586212799236
1403715908.134058 -0.58277305566500259  -1.5675436384539805  0.73672348766131857 0.31351522759503669 -0.73575976899678175 0.23615058186162322 0.55190458149779076
1403715908.1840582 -0.5760460951675781 -1.5884073775636194  0.7448940372425007 0.33084008296974621 -0.72817955116977595 0.25001234659262028 0.54570432223870724
1403715908.2340581 -0.57140665109988631   -1.607301055525159  0.74951071359104648 0.34799597764407553 -0.7198638309051848 0.26439796935617882 0.53924816021789523
1403715908.2840581 -0.5659869887631831 -1.6257135620473859 0.75368111036578544 0.36587700706880127 -0.71132502588421709 0.27795597163242319 0.53187517434363285
1403715908.334058 -0.55933380132755539  -1.6434995438876181  0.75744270988607598 0.3835119147154174 -0.70257522052239385 0.29129059453138423 0.52388592299925063
1403715908.3840582 -0.55157204649652392  -1.6571816737690799  0.76261360478652196 0.40111445197293027 -0.69367649696106304 0.3040572653618131 0.51523712343248329
1403715908.4340582 -0.54429230797102279  -1.6718194157618942  0.76749227065020453 0.41864682332421632 -0.68342132367469866 0.31731453841498858 0.50693354138165703
1403715908.4840581 -0.52743524354101579   -1.690549288859861  0.78181003066770449 -0.43623025152426942 0.67262281960846004 -0.33014469689463244 -0.49828324205153529
1403715908.5340581 -0.51533761358739549  -1.7016239842326544  0.78792768648252753 -0.45446664383575153 0.66029685901335622 -0.34229254522238245 -0.49020805899428804
1403715908.5840583 -0.50365944367688231  -1.7116798712512817  0.79382911305555981 -0.47215205239478014 0.64786473095944641 -0.35503152815119093 -0.48093278513412996
1403715908.634058 -0.49111936830946967   -1.721729833181558  0.80033910787696338 -0.49071979223435236 0.63330520560897485 -0.36568595546945626 -0.47370073256270046
1403715908.6840582 -0.4784153037440359  -1.727132263690341 0.80186230578231643 -0.50711182191015469 0.61882882379927695 -0.37690680043392449 -0.46672234861942136
1403715908.7340581 -0.46827645114049254   -1.737112967979155  0.80635083179995848 -0.52307978198473037 0.60346414567884132 -0.38884420621915239 -0.45936777188730865
1403715908.7840581 -0.45184061592051317  -1.7418937888566381  0.81207900675713818 -0.53712994903887268 0.58919235782548185 -0.4017005576036769 -0.45053351190165941
1403715908.834058 -0.43681424791357543  -1.7449260010579395  0.81640055593817074 -0.55078707981392638 0.57509922722643714 -0.41366167022680711 -0.44133716605195494
1403715908.8840582 -0.41584382227511518  -1.7366224616397801   0.8164410401835871 0.56415006294675596 -0.56281659374708781 0.42337937124051167 0.43095486572039771
1403715908.9340582 -0.39904300111653634  -1.7348080557524204  0.81883339612667239 0.57925061922539911 -0.55110281081509405 0.43130195006127015 0.41801081315205241
1403715908.9840581 -0.38264878654054513  -1.7320151267884325  0.82060983347334149 0.5954249531135718 -0.53814997079872073 0.43673409853235112 0.4063582918043776
1403715909.0340581 -0.3619038218637407 -1.7295066989558734 0.81952962407724061 0.61102032082984314 -0.52458314799361383 0.44126300980750893 0.39592126054270443
1403715909.0840583 -0.34174887017516964  -1.7228432239759324  0.81899312595557749 0.62586583111023197 -0.51148128201429899 0.44535214198498835 0.38514974909389549
1403715909.134058 -0.31870210026926965  -1.7131299316780091  0.81838386905447247 0.64006681497143481 -0.4967946425876294 0.44960833637347547 0.3759812486441691
1403715909.1840582 -0.29694994715246231  -1.7017248571018138  0.81635357933322172 0.65228070900196622 -0.48455712258744271 0.45469148274057275 0.36467784020536514
1403715909.2340581 -0.27490070426557328  -1.6916548099197917  0.81525688897311555 0.6637504980298029 -0.47109962153080626 0.45981478464407483 0.35506448256822726
1403715909.2840581 -0.2536457096395574 -1.6816531250978226 0.81269133472458122 0.67341194294002005 -0.45940426472737933 0.46626197297675498 0.343604204298881
1403715909.334058 -0.23219548909001986  -1.6712362223111514  0.80977259410393265 0.68262073005645996 -0.44613803716093203 0.4719889927307937 0.33498683770612131
1403715909.3840582 -0.20188865023434599  -1.6546152746729439  0.80308209496353877 0.69233654423245272 -0.4319901147404922 0.477175181445682 0.32612650382795005
1403715909.4340582 -0.17862018112426548  -1.6416994480872025  0.79785693717228945 0.70087132496198556 -0.41853876084499575 0.48209841553795846 0.31809716951295947
1403715909.4840581 -0.15373458925183525  -1.6289015916575214  0.79207933360740468 0.70933246906468705 -0.40274002749131999 0.48656910529383923 0.31288723905017019
1403715909.5340581 -0.12824014693941738  -1.6145061009738904  0.78429805642305206 0.71823073746599209 -0.38643164859005152 0.4902645506172511 0.30733671947083868
1403715909.5840583 -0.09994666845873007  -1.5990563527638999  0.77701531026459325 0.72766724791813142 -0.36971007188569793 0.49349648871113594 0.30045973887245614
1403715909.634058 -0.065060299351628964    -1.581650529811832    0.7704534433929644 0.73589215479795089 -0.3527602811485997 0.49889399581947802 0.29176651878867854
1403715909.6840582 -0.034175782587472406   -1.5636775023966079    0.7614572046506648 0.74261492449696076 -0.33629211466197684 0.50673036795864501 0.28045502619679591
1403715909.7340581 -0.0024985700852099848    -1.5440935982498722    0.75146792835239729 0.75035531950044376 -0.31956013684719786 0.51311085977780013 0.26751721255589156
1403715909.7840581 0.028680955395886554  -1.5205335444213024   0.7429085636785383 0.75697100267206741 -0.30268899678727929 0.52115520225488465 0.25253025066360973
1403715909.834058 0.061295579749797588  -1.4963756826575176  0.73272322221420627 0.76360705378342675 -0.283731996366962 0.52920155882190079 0.23737340160659018
1403715909.8840582 0.097711683939674429  -1.4716155121634373  0.72210708049810812 0.76823784479702462 -0.26469951498079403 0.54012699278552834 0.21910639482912642
1403715909.9340582 0.13519297818501952 -1.4475038383363243  0.7126581275590681 0.7711755176747459 -0.24489900409595525 0.55260998278017537 0.19983744810117834
1403715909.9840581 0.17065220794581892 -1.4195259875668049 0.70200394073220507 0.77390965431414027 -0.22305578452239377 0.56460711513627149 0.18035733832579215
1403715910.0340581 0.20511783725892177 -1.3895094485207085 0.69160147071586009 0.77702928750549261 -0.19964909111962584 0.57484474963360233 0.16099453590881618
1403715910.0840583  0.2374527964525506 -1.3587726179388173 0.68032520643949324 0.78093548271618385 -0.1749030822452689 0.58258575711007354 0.14192434346660926
1403715910.134058 0.26995753662984218 -1.3262564456370747 0.67058958615805819 0.78612920257523788 -0.14992986048966939 0.58688604197297656 0.12282787765512522
1403715910.1840582 0.29888168562957024 -1.2957167637737974 0.65839217645641479 0.7912702814982282 -0.12552296619460221 0.58944778836511769 0.10337616440405949
1403715910.2340581 0.32527074024949393 -1.2624396984351984  0.6466101397907118 0.79647781670698981 -0.10128900993627432 0.58975769665624889 0.08688776205261714
1403715910.2840581  0.3518282287875405 -1.2278588863739621 0.63468863349978966 0.79949556070964611 -0.078606495767071405 0.59141578991305388 0.069679485290209509
1403715910.334058 0.37481682326662169 -1.1942665850433789 0.62393132067497892 0.80121945704376141 -0.057237570458098852 0.59317885803224191 0.053945199657800702
1403715910.3840582 0.39600553687779744 -1.1593085664927325 0.61276857070861579 0.80112942681745414 -0.036600986737914676 0.59605551857883365 0.039621055370424131
1403715910.4340582 0.41711636550312114 -1.1240099288318937 0.60257038206655145 0.79898234389356038 -0.017094229053568482 0.6005461016807736 0.026064942651817611
1403715910.4840581 0.43627094299003977  -1.088464189983956 0.59254392360574437 0.79605817928347211 0.0017462553025891499 0.60506606240816874 0.013542005397121921
1403715910.5340581 0.45250185468621856 -1.0533215506714448 0.58370439491795656 0.79296767522236389 0.019891834676342982 0.60893785100415554 0.0011289730243811734
1403715910.5840583   0.466190410303297 -1.0188398775729988 0.57400634544232698 0.79045348804503157 0.036984868268017161 0.61130428818655658 -0.011066616527565415
1403715910.634058  0.47731869334307964 -0.98435575023129918   0.5650702948340407 0.78904436836553338 0.05304018411951647 0.61158291150301469 -0.023707930670983372
1403715910.6840582 0.48504004583793697 -0.9493586713511688 0.55732560765300732 0.78793414264644956 0.068664385248184426 0.61086105171742844 -0.035968938616126357
1403715910.7340581  0.49205483319257265 -0.91227186884951528  0.55100346111370357 0.7874202506723722 0.083070366033767468 0.60881025033713654 -0.049180709658439833
1403715910.7840581  0.49718418314976293 -0.87669130743650991  0.54631199920670659 0.7859059771439848 0.097977564464515082 0.60748825423261998 -0.060911517140554157
1403715910.834058 0.50002758099353484 -0.8395005056503354 0.54228344992697453 0.78373637854862943 0.11236890559665186 0.60646142356701893 -0.073041493136128968
1403715910.8840582  0.49990822678023927 -0.80270618001738614   0.5379492939412287 0.78171325871699038 0.12663002037522395 0.60467840506552772 -0.085165988124624087
1403715910.9340582  0.50679906899537086 -0.76496771443521117  0.52748685069457757 0.77972532231132996 0.1409368603854175 0.60220405896217133 -0.097547396175806017
1403715910.9840581  0.49494068285570453 -0.72375439804482511  0.52094441197821251 0.77818770650101421 0.15466414129551187 0.59861487879861575 -0.11028655280192619
1403715911.0340581  0.46449846718422566 -0.68599294777958642  0.51521091855932044 0.77483689571089409 0.16792293933183408 0.59686645875969702 -0.1232075561762387
1403715911.0840583  0.45255061040855865 -0.65122166564006356  0.50491285468096181 0.76992054511408459 0.18088182373836451 0.59658548460581362 -0.13634470877141031
1403715911.134058  0.43621610295674895 -0.61636817289675061  0.50083350385234215 0.76407642866536474 0.19375089453736141 0.59692794893677659 -0.14941494504261252
1403715911.1840582  0.41746868352904931 -0.58361117602293644  0.49687406205562012 0.75837525225338831 0.2072580314574351 0.59623923092741571 -0.16251112167812501
1403715911.2340581  0.40078709681339175 -0.55196236787540609  0.49152263777079658 0.75287522574583288 0.22141494556898475 0.59450727633256872 -0.17525813739873983
1403715911.2840581  0.37286749649927109 -0.52175485431484236  0.48676909319387701 0.74833324369893839 0.236426748116775 0.59087095396021794 -0.18700605582733015
1403715911.334058  0.34582562716764981 -0.49495134113663902  0.48239042668736348 0.7446104896773762 0.25067086983347803 0.58569185938872914 -0.19920938613709621
1403715911.3840582  0.31940176045039942 -0.46590213725945584  0.47782657771716103 0.74113443883170638 0.26492557765660774 0.57958762916174456 -0.21121638668340206
1403715911.4340582  0.28961342498608805 -0.44164636843456989  0.47311646670672891 0.73790083233925807 0.27916170899235054 0.5727841794313715 -0.22246209937567082
1403715911.4840581  0.25819148229631411 -0.41904078016612772  0.46744422039593569 0.73593994424221221 0.29273592572159757 0.56410861734069573 -0.23340853476824153
1403715911.5340581  0.22474165427418388 -0.39959311882154347  0.46161389069999825 0.73437387090713513 0.30595235428424988 0.55485400874171253 -0.24336228882069438
1403715911.5840583  0.19063600432581207 -0.38226864407369343  0.45520469191744195 0.73358579352508002 0.32028054483528662 0.54428320129067809 -0.25105388451677418
1403715911.634058  0.15719956512890984 -0.36324344188013019  0.44630774347490915 0.73126426042321424 0.33528196572332125 0.53536322547494519 -0.2573417993592535
1403715911.6840582  0.12310019028014402 -0.34884524256233262  0.43998984667233165 0.72829325517620602 0.35080909411196975 0.52717969208561133 -0.26192267218724119
1403715911.7340581 0.086797772087338174 -0.33177877439939785  0.43834105053413025 0.72290680447441147 0.36696471899883998 0.521845185910358 -0.26536813862421688
1403715911.7840581 0.050901366911222316 -0.31899830142222901  0.43812195121227832 0.71694024032893378 0.38219207629941504 0.51718904711546476 -0.26914939746324962
1403715911.834058 0.013534974455387889 -0.30610865090965594   0.4411090640427614 0.71097516369259395 0.3954469013658517 0.51239813318999239 -0.27492584075682425
1403715911.8840582 -0.023537961018564223  -0.28910222284383069   0.45008821180170705 0.70421145239193528 0.40790629542657669 0.50863066724885564 -0.2810578744767554
1403715911.9340582 -0.065276504637801713  -0.26877611439501325   0.45716169163569709 0.69807884367281747 0.41893606741783851 0.50448644463628389 -0.28752726237896137
1403715911.9840581  -0.1050008112952602 -0.25416080265710045  0.46887134279194431 0.69219687006277431 0.42820349918351752 0.50046113501827116 -0.2950320469008641
1403715912.0340581 -0.13879204487551347 -0.23871238165192304  0.48472556494333102 0.68736076647661182 0.4366649955522407 0.49566793432912498 -0.30194727560609752
1403715912.0840583 -0.17973124599496998 -0.22686193912065597  0.50159619027996849 0.68297060654297992 0.44371038994315398 0.49073273985435162 -0.30960235543330356
1403715912.134058 -0.22023614392367657 -0.21537796242486423  0.51816566832537503 0.67897856361789932 0.44923430751307242 0.48597047549488337 -0.31781967221665414
1403715912.1840582 -0.25943101228555571 -0.20352910670726165  0.53254760302481463 0.67469134970037115 0.45574860009781726 0.48139433745201488 -0.32456784809575173
1403715912.2340581 -0.29954752026669634 -0.19203100177197077  0.54717850983252303 0.67047644806188655 0.46133797480328809 0.47679468491844323 -0.33210756394915109
1403715912.2840581  -0.3389259905746419 -0.18086333823471476    0.561364861744863 0.66571285204856223 0.46736051941023365 0.47293953287381729 -0.33871631457469109
1403715912.334058 -0.37704470069203977 -0.17129596129835886  0.57628885810886343 0.66072813297150779 0.47359936160665889 0.46911133760868462 -0.34507467584965074
1403715912.3840582 -0.40461342828943303 -0.16425605555097728  0.59555413771975718 0.65610626780276549 0.48000439113248999 0.46518383887914155 -0.35032034752368924
1403715912.4340582 -0.42771111049274224 -0.13800948594129689  0.61202848087536643 0.65115074563522213 0.48800258769097343 0.45979338966829802 -0.35559277225914587
1403715912.4840581 -0.46605683358876626 -0.12894760624284934  0.62585141153773616 0.64551044204361618 0.49552499175042436 0.45524593155452392 -0.36127883077541517
1403715912.5340581 -0.50049265465911696 -0.11862203824464136   0.6405095730194349 0.63972900070732353 0.50317831260777313 0.45025471942851458 -0.36719079374019303
1403715912.5840583 -0.53608383222046585  -0.1108972606718466  0.65506115822661082 0.63365727134820915 0.51164033597053049 0.44410641119628053 -0.37345966932168884
1403715912.634058  -0.56791641914552515 -0.097762032554310777   0.66947509528713878 0.62669008059877762 0.52055966649173302 0.43797148912667705 -0.38007650705255985
1403715912.6840582  -0.60473364530487161 -0.088901499039357013   0.68121760753648364 0.61827006507138305 0.53055048446547859 0.43210955156766223 -0.3867035628411869
1403715912.7340581  -0.64350572525862992 -0.072985845915733968   0.68904321997809159 0.60870323527310688 0.54107350233078821 0.42496074467523531 -0.39513061375780101
1403715912.7840581  -0.68536910380704241 -0.066014445845276687   0.70512331747427626 0.59812922675712776 0.55235566640748757 0.41713803618565859 -0.40390655435834816
1403715912.834058  -0.72300114165370277 -0.056254961306882963   0.71776505342997099 0.58646073599763127 0.56476901587969686 0.40904785336988803 -0.41204322284061634
1403715912.8840582   -0.7589243754060071 -0.048250353741359595   0.72721530811411583 0.57358570102049133 0.57737405912134521 0.40012035059754625 -0.42135773930980513
1403715912.9340582  -0.79492777520428437 -0.041072724416572559   0.73405682292393504 0.56006983562605295 0.59084547976653035 0.39048513183231903 -0.4298194505593726
1403715912.9840581  -0.82983370707995252 -0.034132787997049295   0.73832642156896688 0.54628948385952403 0.60342027744107685 0.38095403743890155 -0.43854964366241223
1403715913.0340581  -0.86232373589410116 -0.030263288334436613   0.73767745639234938 0.53292690418910982 0.61494954984409067 0.37033714982846461 -0.44796915228047901
1403715913.0840583  -0.89702643037334817 -0.022043965961766235    0.7283143336749881 0.51871933592803143 0.62671879784935025 0.36095558584863802 -0.45592199332924715
1403715913.134058  -0.93084921214708427 -0.018727275553988069   0.72172923700143166 0.5039273381937992 0.63830965190157785 0.35162554768668092 -0.46365666211566592
1403715913.1840582  -0.96436945686110875 -0.015723373037963787   0.71366807015075939 0.48869295594572548 0.64859120070460841 0.34240925058160621 -0.47250878753069375
1403715913.2340581  -0.99763295176899669 -0.012622363101074313   0.70642402503433388 0.47292152723811948 0.65698961562463332 0.33506796916043902 -0.4821196221674246
1403715913.2840581    -1.0310361565297261 -0.0083522506937384073    0.69842000143058436 0.45583153202492632 0.6656873419678434 0.3300865896838302 -0.49002124491341709
1403715913.334058    -1.0628991137049826 -0.0061266293816360723    0.69177780016328272 0.43848552896137449 0.67380491655898078 0.32773540300359022 -0.49629314012031517
1403715913.3840582   -1.1017808101641158 -0.010198702112709426   0.68729158970014625 -0.42226610900040762 -0.68162737894260517 -0.32720467237732898 0.50001255168239023
1403715913.4340582  -1.1325088745492928 -0.01000171092896514  0.68175745327137105 -0.40787279831676343 -0.68740439993833991 -0.32733678412299227 0.50394999860966494
1403715913.4840581   -1.1623669460128914 -0.013977839368131479   0.67598312156010976 -0.39543318942330419 -0.69105611868794248 -0.32892526814405443 0.50782103294648151
1403715913.5340581   -1.1924598644308808 -0.019594997264157043   0.67073360888431144 -0.38390680430571789 -0.69432098139231779 -0.33243424788162046 0.50992294637676516
1403715913.5840583   -1.2220665897269598 -0.027971370090986401   0.66544563635523146 -0.37129784722379755 -0.69825282985142401 -0.34013493179407273 0.50881148024085843
1403715913.634058    -1.255931206261008 -0.037495186800219078   0.66276270828635864 -0.3613837861526934 -0.70071604722671021 -0.34690904548427337 0.50798906919943621
1403715913.6840582   -1.2874926444338892 -0.052658949315980912   0.65786233111630743 -0.35359673830378396 -0.70239056230678709 -0.35269590228812747 0.50717102160163341
1403715913.7340581   -1.3202887046512155 -0.072229516057980045   0.65279435644724748 -0.35041941385770364 -0.70419834904106648 -0.35395618834600967 0.50599005556534793
1403715913.7840581   -1.3556804965524865 -0.095682331148869107   0.64735422067070558 -0.35129897854907116 -0.70574675219697114 -0.35153735869143815 0.50490794693493746
1403715913.834058  -1.3931575744286235 -0.11971310194221345   0.6422869304259593 -0.35517638646881255 -0.70844791702167575 -0.34668876342857363 0.50175510428392489
1403715913.8840582 -1.4350694005553044 -0.1487274590322521 0.63884719521752709 0.36027559518963981 0.71089416360340674 0.34090113240266806 -0.49861548470935235
1403715913.9340582  -1.4763163660261491 -0.18548348514986041  0.64226436527487452 0.366031436845557 0.71233535840297224 0.33544756161269473 -0.49605872416255664
1403715913.9840581  -1.5195286393543264 -0.21978234695566309  0.64264810653824012 0.3705309228463371 0.71297616522265395 0.3314159711887637 -0.49450508296684803
1403715914.0340581  -1.5638517188708161 -0.26584048489203987   0.6456260101509349 0.3738872212988491 0.71370471742923935 0.32910127201195188 -0.49246956741385589
1403715914.0840583  -1.6105957064908112 -0.30555855699155882  0.64690265395046986 0.37561334955761805 0.71398437985797047 0.32987406125545393 -0.49022853921795401
1403715914.134058  -1.6563136371641338 -0.34743935074445953  0.64819187035131942 0.37807757604768494 0.71372362446447402 0.33096772907377947 -0.48797161462829691
1403715914.1840582  -1.7029502680452813 -0.39150974695067431  0.65001309213882708 0.38296551246243971 0.7114978045188356 0.3300496280645685 -0.48803230778678774
1403715914.2340581  -1.7533309745606473 -0.43624348491673154  0.65185964702687682 0.3934014366962037 0.70990392482370179 0.32326542510781353 -0.48659140154253783
1403715914.2840581  -1.8024815897991415 -0.48427522693660513  0.65323953214280628 0.40551833238601542 0.70801803079852477 0.31672413473903366 -0.48368499318963254
1403715914.334058  -1.8550081741982622 -0.52982412094498188  0.65571462771201816 0.41847217635703748 0.70692619742397178 0.31048155538378092 -0.47826519084829544
1403715914.3840582  -1.9074846244124839 -0.57591045101830951  0.65818506606902394 0.43148525286932138 0.70632640304122174 0.30506926077603896 -0.47101617281438296
1403715914.4340582 -1.9617025102015773 -0.6198391673983481 0.65906195675564683 0.44389284228761 0.70532476415187795 0.3014490074884984 -0.46325437669181724
1403715914.4840581 -2.0143769851808244   -0.66045622977314 0.65801494012045858 0.45543048102489025 0.70316102794157931 0.30152877097212155 -0.45522307280455421
1403715914.5340581  -2.0681087108700953 -0.70310659129042974  0.66142744967979339 0.4657669544400555 0.70124211983287676 0.30102366166028793 -0.4480015498238385
1403715914.5840583  -2.1211469905797196 -0.74459330070523511  0.66556543527721934 0.47633471343853206 0.69733750354775759 0.30163666549880758 -0.44253922870856682
1403715914.634058  -2.1754696465486125 -0.78322832893359551  0.66942994492372609 0.48883938357923146 0.6924940968076746 0.30000200675933264 -0.43759202333769004
1403715914.6840582  -2.2289419290012225 -0.82242071266500605  0.67164599073452891 0.50379466048772581 0.68563905748475928 0.29612324959107345 -0.43405189086915746
1403715914.7340581  -2.2839735757976563 -0.85466026146066265  0.67529660345723941 0.51909443731705518 0.67791990592829776 0.29151305077169631 -0.43126060279422246
1403715914.7840581  -2.3383670735500992 -0.88438068318858609  0.67751330897642081 0.53728814546038983 0.66793426536003597 0.2823260906483156 -0.43067069141621772
1403715914.834058  -2.3906663066762026 -0.91117902987677823  0.68064917731678565 0.55319859278434158 0.65890565496982112 0.27344703035086204 -0.43016435973068518
1403715914.8840582   -2.443702967255216 -0.93306681263894253  0.68233058831207483 0.56741266197085993 0.65013523857832278 0.26527361666573263 -0.430112718824882
1403715914.9340582 -2.4931456742845834  -0.950233250637187 0.68546044786269567 0.57783741959093338 0.64330989385482096 0.26029568621457594 -0.42953748698696081
1403715914.9840581  -2.5428623747756522 -0.96486130901948253  0.68959521179447381 0.58545209606535342 0.63740087915570875 0.25781712925957945 -0.42953031362706301
1403715915.0340581  -2.5864837833871892 -0.97194361591356981  0.69194503157401965 0.59196672176566845 0.63190914005232079 0.25564449610863954 -0.43001410517528854
1403715915.0840583 -2.6251281072247736 -0.9714514310317387 0.69572471978397554 0.59664546372285243 0.62745261441247602 0.25413390829713145 -0.4309679384124952
1403715915.134058  -2.6594774014458049 -0.96594005438593245  0.69686892416386803 0.5990122742457038 0.62471478730423347 0.25484935880075649 -0.43123953221528671
1403715915.1840582    -2.69336220540051 -0.95429203671704743  0.70134680092783952 0.59976892456320219 0.62168442321340611 0.25699132939888863 -0.4332910934647819
1403715915.2340581  -2.7202860845996963 -0.93691866517823996  0.70732637731501846 0.59479237077584812 0.62053735321116599 0.26749789979317823 -0.43543116854764252
1403715915.2840581  -2.7436678664899863 -0.91550766857891119  0.71323592162168625 0.58668783477753472 0.62063224715131438 0.28152682462985501 -0.43744216227266985
1403715915.334058  -2.7640439298298656 -0.89230617399250978  0.71870050927548801 0.57575188740367644 0.62321577245223037 0.29818536990115807 -0.43726119230362037
1403715915.3840582  -2.7864617163833771 -0.86556646385106184   0.7218886640352179 0.56488615288625288 0.62573459568382828 0.31363325914102086 -0.43702863613537507
1403715915.4340582    -2.80797150559538 -0.84153597665876811  0.72481097867643818 0.55475624545911206 0.62976550926137831 0.32597888783632889 -0.43517660340815251
1403715915.4840581   -2.825516740145062 -0.81013434918010718  0.72135554615890296 0.54720185964293844 0.6316126576599842 0.3352064113724843 -0.43505429231508846
1403715915.5340581  -2.8412915026501357 -0.77752215784319834  0.71366393136229966 0.54168090904209598 0.63261472429841636 0.34158846107610147 -0.43554302501570169
1403715915.5840583  -2.8563029233830544 -0.74699706780096886  0.70161205966591089 0.53597419965469784 0.63415485934251092 0.34696186010607388 -0.43611551142847443
1403715915.634058  -2.8719191980621859 -0.71346852747274792  0.68759957964525908 0.53007809059504951 0.63667915292231647 0.35330243106462283 -0.43455064872699889
1403715915.6840582 -2.8875950880016856 -0.6785826837936505 0.67217716900942914 0.52524429463047939 0.63895247451879122 0.35800701732472351 -0.43323104899198872
1403715915.7340581  -2.9039843152263369 -0.64411636098129876  0.65679956585214161 0.52365457515346414 0.64141734932356798 0.35764814115165011 -0.43180722207756367
1403715915.7840581  -2.9170436118648997 -0.61087834401365659  0.63827396627580346 0.52442367006184865 0.64341028420428958 0.3539088083545891 -0.43098906694723865
1403715915.834058  -2.9332851749187188 -0.57455478891111511  0.62154996063713952 0.52634382729217466 0.64554090364209959 0.34897250691847004 -0.42948493176292613
1403715915.8840582  -2.9506684569764925 -0.53777018289864953  0.60574150948037508 0.52823595537799628 0.64799828354550926 0.34385562800893316 -0.42758426895122253
1403715915.9340582  -2.9653013089514912 -0.50016674666787908   0.5879874336697235 0.52954093139319935 0.65000088475089368 0.33937054462521277 -0.42651246786356056
1403715915.9840581 -2.9830112108040709 -0.4608496456672756  0.5733095205658727 0.52909371393954374 0.65004235912680797 0.33781876470261979 -0.42823271176465522
1403715916.0340581  -2.9994805219008063 -0.42084862802564293  0.55913358241491007 0.52760121551932782 0.64890639156190377 0.33818729915006429 -0.43149368832721297
1403715916.0840583  -3.0172430425416805 -0.37409621780725305  0.54692895015340837 0.52697612981726583 0.64617049398457982 0.3406390924889367 -0.4344247460433785
1403715916.134058  -3.0314991411262446 -0.33418298646266531  0.53394167627618117 0.52732053886441077 0.64420098675572002 0.34319913253208778 -0.43491665107687755
1403715916.1840582 -3.0477920754818562  -0.291713281399758 0.51972958186411911 0.52899393262970085 0.6391757596931178 0.34842671195549429 -0.43614056662682998
1403715916.2340581   -3.063790077558779 -0.24905987043146963   0.5057925766603053 0.53269121547381604 0.63327367385409095 0.3536445214658267 -0.43605054225121365
1403715916.2840581  -3.0784768671072649 -0.20614727696869917  0.49276090806965506 0.53808064806304701 0.62652544779740449 0.35982841298143098 -0.43411817821139209
1403715916.334058  -3.0933328478542261 -0.16293229031845896  0.47872282685754036 0.544360097023462 0.61893053563316269 0.36704036197955303 -0.43113623079877228
1403715916.3840582  -3.1077098052583283 -0.11950494689235452  0.46534327374939494 0.55207818725296121 0.61016990946318317 0.37341788113849855 -0.42832399278024258
1403715916.4340582   -3.1218857917119323 -0.073854716021399272   0.45089391880543234 0.56113547507799355 0.60020458913594854 0.37939456575191827 -0.42537182942345297
1403715916.4840581   -3.1340078591396021 -0.027523360778234002   0.43750602372394126 0.57195717357883735 0.58997141702235489 0.38404635484101385 -0.42107851526962597
1403715916.5340581  -3.1475387849788938 0.019930007597138727  0.42860215062885365 0.58353741739177134 0.57983407173037327 0.38809429968702863 -0.4155229792860472
1403715916.5840583 -3.1590200995397821 0.06290061631823371 0.41410491715338865 0.59411622287122423 0.56968313571098295 0.39388908708560577 -0.40907019652206378
1403715916.634058 -3.1718018554637801 0.11002113945035487 0.40208105699620378 0.6062566067882077 0.55754951149569154 0.39813607877288532 -0.40383057305745851
1403715916.6840582 -3.1839549913525822 0.16109828493862666 0.39181190486508538 0.61815227162982012 0.54527168069511855 0.40140249841615128 -0.39930263907979052
1403715916.7340581 -3.1937860041011863 0.20701423969426824 0.37905960433844621 0.6289237218653394 0.53322840552323825 0.40357555581484134 -0.3965465803243497
1403715916.7840581 -3.2022931068257874 0.25262834715940657 0.36667654022028123 0.63896083597866504 0.5215950947151452 0.40476806571680934 -0.39475361965461081
1403715916.834058  -3.209180715858702  0.2983363535088141 0.35499506234628647 0.64781863371633508 0.51132516229652414 0.40575807318471685 -0.39273143782712411
1403715916.8840582 -3.2126654145576898 0.34216523116303732 0.34363018141529639 0.65665114345551423 0.49922241196603245 0.40498987697359629 -0.39442294398056243
1403715916.9340582 -3.2151128378421059 0.38654447239970247 0.33483845656634836 0.66260443048900453 0.48879310705901691 0.40680096985833003 -0.39566354154793776
1403715916.9840581 -3.2158526687760869 0.43742553581586346 0.33183745656859692 0.66792476301357795 0.47944505375237745 0.40836702288005455 -0.39654170778080422
1403715917.0340581 -3.2136057725527776 0.48098616458673749 0.32616163474121346 0.67130446946473898 0.47155474201062125 0.41047347680629293 -0.39811802195142543
1403715917.0840583  -3.206503926552458 0.52654192926225174 0.32357830977948632 0.67073009966923081 0.46562322157443653 0.41862564522958678 -0.39757856844208661
1403715917.134058  -3.193831976043227 0.56787855840990331 0.32095395973889917 0.66564879325450443 0.45955796600011645 0.43345338222275165 -0.39728620082292709
1403715917.1840582  -3.180056309968029 0.61201663924396388  0.3223756544680571 0.65778367288995698 0.45708113422885072 0.45380606346067459 -0.39045810681530424
1403715917.2340581  -3.163742872826365 0.65152469100910448 0.32188084561864083 0.65006688253295009 0.45502794048168765 0.47425059699854055 -0.38137775611775426
1403715917.2840581 -3.1473779696432622 0.68783516286165247 0.32130180167304417 0.64653852374505805 0.45222366233508465 0.4892153716355041 -0.37168537325719447
1403715917.334058 -3.1301262822722302 0.71806100437271381   0.320634024389851 0.64429028797757448 0.44785757409333848 0.50159641397774424 -0.36430022732585765
1403715917.3840582 -3.1142729911544969 0.75073309962172174 0.31482941294470151 0.64434172944334189 0.4439975692905842 0.50913113532941812 -0.35843462611778143
1403715917.4340582 -3.1013907458782604 0.77495709663885659 0.31436106094149374 0.64592725654861793 0.44110307125421966 0.51294564440633605 -0.35368464154135865
1403715917.4840581 -3.0893156996508417 0.80055488146983989 0.31410241305247355 0.65233356142157917 0.43768133390140823 0.50899800861542388 -0.35187640134407394
1403715917.5340581 -3.0779959347501964 0.82335142075293288 0.31358064249890288 0.65994119880824431 0.43663473988556561 0.50248145307380165 -0.34833906952485655
1403715917.5840583  -3.067698033234814  0.8440763883819471 0.31203848302534337 0.66807312091944571 0.43378113314598127 0.49385582240749865 -0.34873867050522711
1403715917.634058 -3.0599362825946677 0.86339921472381498 0.30148701817919604 0.67387760795084639 0.43122443189116233 0.4875667951421303 -0.34958987273292352
1403715917.6840582 -3.0491901351515311 0.88186733410306628 0.29694543871473716 0.67664805769475744 0.42713456279123119 0.48431897390655176 -0.35374935024839377
1403715917.7340581  -3.037765548821481 0.89879738350640459 0.29158690588514025 0.67594160848747264 0.42264462307634287 0.48493272434857682 -0.35960355581652909
1403715917.7840581 -3.0265199850936102 0.91062970269503685 0.28386414604763116 0.67313665468388062 0.41938860476032969 0.48835108221279938 -0.36402398659946239
1403715917.834058 -3.0141405199166016 0.92305131043329847 0.27960713411395294 0.6690527012639006 0.41732869731776795 0.49306342599822156 -0.36755094785543535
1403715917.8840582 -3.0014239229296877 0.93160982671234516 0.27614600740906148 0.66481668590098364 0.41627714066723925 0.49755054444920382 -0.37037220741281479
1403715917.9340582 -2.9886541164615359 0.93707639092037098 0.27472426506357001 0.66081641275413616 0.41708353747607729 0.50187084432966822 -0.37079461567426064
1403715917.9840581  -2.975710382313649 0.93917812550101409 0.27463130724642537 0.65693226158114515 0.41934462499602115 0.50579162083394824 -0.36981742181108207
1403715918.0340581 -2.9630041665454687 0.93734171397064914 0.27584717782226692 0.6537618379463892 0.42250604113748103 0.51005763757989164 -0.36595807245326945
1403715918.0840583 -2.9505246362513717 0.93190081729940966 0.27745175758591328 0.65257332999337281 0.42583338755891392 0.51393285246693043 -0.35872970071721805
1403715918.134058 -2.9388648740351706 0.92280670110432428 0.27912838759213987 0.65345520581950067 0.42860830556694679 0.51688965160728173 -0.34945143074213875
1403715918.1840582 -2.9280951372133641 0.91089661466037419 0.28094489915717902 0.65440445224074406 0.42853411549059173 0.52108548122761555 -0.34144288834587294
1403715918.2340581  -2.918590037232113 0.89648449823828325 0.28285186197188289 0.65703350274895156 0.42394264868613024 0.52374304407216621 -0.33804264623927671
1403715918.2840581 -2.9104677337643254 0.87948130608067165 0.28440083642747449 0.66161366450305781 0.41677353257067473 0.52457085600220166 -0.33673817503293801
1403715918.334058 -2.9035437888231965 0.86008803453237292 0.28290530660735075 0.67023364465740232 0.40810797577812025 0.5205232997242466 -0.33658614962550448
1403715918.3840582  -2.896173961071963 0.84068880380422495 0.27495320849917654 0.68155488291538135 0.3994467398445623 0.51298828808732622 -0.33580985674483388
1403715918.4340582 -2.8906480694186381 0.81717643148284935 0.26600009123128804 0.69342303182553144 0.39061235270535866 0.504804436759001 -0.33430370843934748
1403715918.4840581 -2.8848710082331595 0.79183634179429796 0.25392111160809855 0.70491138091209449 0.38266589653912469 0.49688984987811224 -0.33131138491548884
1403715918.5340581 -2.8784586691405027 0.76475565983528948 0.23514861378653235 0.71421587219209304 0.37502432651945028 0.49181398348781052 -0.32767582772211401
1403715918.5840583 -2.8711156756809819 0.73574710185288172 0.21807657990562906 0.72215560985283367 0.36749461086150831 0.48818872679775638 -0.32420788573601395
1403715918.634058 -2.8620142450100592 0.70576972213204603 0.20024140841764643 0.72742821433265648 0.36251517366106101 0.48735077946635047 -0.31924936900773104
1403715918.6840582  -2.855749083611292 0.66811775968498677  0.1805071436792095 0.73085457949197419 0.36021076991212969 0.48857967379084188 -0.31207320813128914
1403715918.7340581 -2.8463317518193532 0.63252019018655192 0.16702053344918147 0.73322634944379006 0.36112445542110377 0.49003690248283693 -0.30303808734740095
1403715918.7840581 -2.8344070588539232 0.60233639539820027 0.15523458209500746 0.73366738180271795 0.36435729973423625 0.4935842738660341 -0.29214807136324006
1403715918.834058 -2.8194567326728337 0.57480827280788371 0.14549030753559461 0.73535543699702999 0.36968217795561065 0.49398336723948205 -0.28029966370234255
1403715918.8840582 -2.8071002834282734 0.53923647415202069 0.14167814251388783 0.73777423466984005 0.37596428269755949 0.49213352949921452 -0.26859751662233849
1403715918.9340582 -2.7918789729271642 0.50928939546593466 0.13537649017607284 0.74127661351819851 0.38136894169381902 0.48785094105486854 -0.25897523409431855
1403715918.9840581 -2.7761219616575796 0.47846605094449007 0.13885958490447478 0.74521954105059274 0.38569855270017844 0.48216417885365254 -0.2517978687592784
1403715919.0340581 -2.7606658008066791  0.4490235140779425 0.14463339981691586 0.74907721393210458 0.38942995147954107 0.47643811024588384 -0.24542690880115325
1403715919.0840583 -2.7433155594445116 0.42333140237479144 0.15457883396593416 0.75110477125767339 0.39417038046395725 0.47278827576629989 -0.23862644458816096
1403715919.134058 -2.7266265804249405  0.3981486033845561 0.16630983493219809 0.74973548395702971 0.39937244167510993 0.47373798956910618 -0.23231589305340489
1403715919.1840582 -2.7077095865112275 0.37869921454357758 0.17967355492678619 0.74570848412948687 0.40556991512413482 0.47812327304419677 -0.22545517607056492
1403715919.2340581 -2.6885037209930158 0.36299791892089778 0.19358579852097171 0.73966254794177089 0.4115859275281738 0.48526099496800246 -0.21913034065533843
1403715919.2840581 -2.6696280130820496 0.35130250255394979 0.20783186413365429 0.73184106070227362 0.4164617152158579 0.49464860560089613 -0.2151535698210138
1403715919.334058 -2.6518908752947441 0.34322387144340633 0.22135591676662428 0.72383110055101152 0.42117751699438855 0.5038810364291052 -0.21161743354620857
1403715919.3840582 -2.6359815093865513 0.33781000354079033 0.23187523289654371 0.71961102044788039 0.42072632696791218 0.50902528095242783 -0.21457539560106048
1403715919.4340582 -2.6219323814162903 0.33472984790340371 0.23832389843561244 0.71932054738154616 0.41641355781973027 0.5096840628579955 -0.22226078162193558
1403715919.4840581 -2.6094285236305312 0.33381363199391734 0.24106509279394256 0.7195820216262343 0.41120667369194219 0.50971329349307704 -0.23087473681620244
1403715919.5340581 -2.5980619886698912 0.33479196379901904 0.24026828125555713 0.72010927771201283 0.40616802461878981 0.5094741661948673 -0.23855028381957136
1403715919.5840583 -2.5875141404371278  0.3372355327758399 0.23604755860851495 0.72044625358118708 0.40175853758225005 0.50946382778300559 -0.24493648434092385
1403715919.634058 -2.5777272603005761 0.34095580383065943 0.22833791294806838 0.72097226521111657 0.39833151980673109 0.50917159653767896 -0.24955015208186562
1403715919.6840582 -2.5686505225118892  0.3459907715564754 0.21770458398111842 0.72116047906185121 0.39657987423785518 0.50930451239668817 -0.2515171573494342
1403715919.7340581 -2.5602666685996498 0.35224970795462918 0.20431186451811587 0.72094757710666213 0.39628405239444808 0.50995244770614112 -0.25128080300807554
1403715919.7840581 -2.5523096832661558 0.35961320823605214 0.18893759492173462 0.71957600761905016 0.39740671264595018 0.51218346321280306 -0.24889028509427008
1403715919.834058  -2.545415854217941 0.36802039825481697 0.17234599621131261 0.71878987746287382 0.39813399033279767 0.51334377376034934 -0.24760575061996024
1403715919.8840582 -2.5397827105704183 0.37721863121830712 0.15520144006653436 0.7181350726948168 0.39930695155683282 0.51418709889920156 -0.2458609426680502
1403715919.9340582 -2.5388324851665058 0.39358083732613369 0.13897671634755682 0.71933935048008879 0.40032083058578505 0.51219987772695141 -0.24483753124569652
1403715919.9840581 -2.5363699451881199 0.40580687027037748 0.12294591159874459 0.72259387798445796 0.40120577445146993 0.50719062777568047 -0.24423284206406337
1403715920.0340581  -2.5244493543951743   0.4459735690200789 0.068762179664681289 0.72505759613964749 0.40251095903736983 0.50284588467576119 -0.24376715611350103
1403715920.0840583 -2.5226321117854371 0.45841959494430334 0.05548602411911023 0.72739912891203817 0.40309736748787434 0.49878014415494593 -0.24417491144490069
1403715920.134058  -2.5224087918358551  0.47627965632692154 0.048102479243235845 0.72983053440885026 0.40331278558802724 0.49465000586297059 -0.24496440501730327
1403715920.1840582  -2.5997141400532615  0.45628499802898609 0.027793667422021089 0.73104214964077585 0.40353922723526681 0.49221992320139368 -0.24587194783986929
1403715920.2340581   -2.6076456545022153   0.46504285527359285 -0.013566269996498452 0.73237926932474662 0.40247591320158072 0.48938665468413567 -0.24926782257839589
1403715920.2840581   -2.6099688819307301   0.48031052372571303 -0.011909695444612794 0.73131891805499771 0.40082828417702177 0.48917530509522095 -0.25537589467992083
1403715920.334058   -2.6146806099536315   0.51885850065254602 -0.010503991088973741 0.72944619808044797 0.39929205571318055 0.48947375858724579 -0.26246816569785569
1403715920.3840582    -2.6183972347432936    0.54450554857390832 -0.0031111184953519803 0.72721620017147404 0.39854124287603321 0.49021537757290173 -0.26834746044270064
1403715920.4340582   -2.618353828452948  0.57474842965075446 0.003521368746452095 0.72453214904468832 0.39616631745542591 0.49207085252318822 -0.27562962469878854
1403715920.4840581  -2.6179083934365437  0.60876755329282572 0.012078244882026553 0.7215407048618967 0.39455867142833839 0.49423721556395661 -0.28183690457370753
1403715920.5340581  -2.6182418317499505  0.63967037129481552 0.021932229030697182 0.71809352632705037 0.39254700557307548 0.49711644730566967 -0.28831193815203543
1403715920.5840583  -2.6247545827207137  0.65677512206363919 0.036573544981024747 0.71442078174672519 0.39075572974218392 0.50022468506253781 -0.29442854945833014
1403715920.634058  -2.6306767743800972  0.67114319548479207 0.049910375176765845 0.71088123818000182 0.38923022345151415 0.50285538252634698 -0.30047323112023322
1403715920.6840582  -2.6348954696193596  0.69181807515820626 0.058707925079182599 0.70745820590132413 0.38783252075247415 0.50563413566810267 -0.30565167036486512
1403715920.7340581   -2.637865183890165  0.71104783228643764 0.071291916248141643 0.70282709683673128 0.38802448656225524 0.50912475348693986 -0.31026288074310931
1403715920.7840581  -2.6399206455491768  0.73273710129176439 0.085397539478208329 0.69896269236815423 0.38902889873630503 0.51044880372818746 -0.31551495907158073
1403715920.834058 -2.6412586192445806 0.75518031549623788 0.10055897096252082 0.69524690110244136 0.39255211768155485 0.51102574351616437 -0.31841367884393784
1403715920.8840582 -2.6437888652564738 0.77436970981419428 0.11991590670883417 0.6930392419402116 0.39703429318338396 0.50853367924101345 -0.32164246648243711
1403715920.9340582 -2.6480695729811816  0.7899871191000456 0.14154608618870479 0.69234697440781479 0.40201323169754577 0.50291153209384165 -0.32576221305649472
1403715920.9840581 -2.6518219087284316  0.8045918332055495  0.1648133114235838 0.69372749701397718 0.40858971953614392 0.49389062840844011 -0.3284336282210058
1403715921.0340581 -2.6562439323639979 0.81276599382685721 0.19068313521239288 0.69436796844839221 0.41616619485156775 0.48449272578245706 -0.33155032999456413
1403715921.0840583 -2.6591174684480872 0.82454192330924059 0.21717873685404593 0.69424288636670872 0.42433631011221762 0.47654477456566813 -0.33297235393306424
1403715921.134058  -2.660630490892697 0.83576195149565491 0.24391570449736738 0.69312275598045592 0.43208880394644067 0.47046002651578073 -0.33398723642822464
1403715921.1840582 -2.6612064137855196 0.84404404363388985  0.2719807080382749 0.69045232416336322 0.43863760964978304 0.46724376435998288 -0.33549351726202914
1403715921.2340581  -2.660052337707508 0.85211820538457417 0.29920911883193513 0.68818638620977646 0.44467519454492505 0.46441014583040979 -0.33613492178251769
1403715921.2840581 -2.6585865540162557 0.85975441989732726 0.32661388786789719 0.68516897517128583 0.45054554668008656 0.46380237392822982 -0.33532006168437095
1403715921.334058 -2.6555122608559736 0.86711298899788736 0.35390917061742716 0.68295260606665831 0.45663978020379309 0.46288760330865458 -0.33285269370302678
1403715921.3840582  -2.652043232247272 0.87546236614788198 0.38078891052608699 0.68085484345910652 0.46234440247884395 0.46253199842048853 -0.32975519112199847
1403715921.4340582 -2.6488001828962191 0.88299547023685598 0.40785466037725177 0.67880248482206262 0.46760531797037441 0.46264951013066746 -0.32638609648860972
1403715921.4840581 -2.6456453443486092 0.89686484333182226  0.4351964707727603 0.67811547807917349 0.47046164898416476 0.46234394874579404 -0.32413470700111902
1403715921.5340581 -2.6422004312458749 0.90588041583157464 0.46432274416990255 0.67683402137004389 0.47258008712361887 0.46266052987683415 -0.32327852212043856
1403715921.5840583 -2.6381713356183094 0.91581467370466441 0.49514528566285748 0.67637998706093061 0.47388061439530921 0.4625214401722878 -0.32252316782633217
1403715921.634058 -2.6345503581536458 0.92628162765007815 0.53035695632913227 0.67530920447367904 0.47426858805476857 0.46383748680116182 -0.32230664060122155
1403715921.6840582 -2.6311952759311805 0.93969856475509095 0.56782214103131012 0.67627561618124798 0.47374468555375476 0.46294728348101655 -0.32233069445182322
1403715921.7340581 -2.6288994361025022 0.95287219468409334 0.60637532003447514 0.6769358729878 0.47268008250467169 0.46264708205997174 -0.32293813792585035
1403715921.7840581 -2.6305525946427766  0.9611140189600148 0.64393242105608062 0.67777267728262203 0.46951141112926298 0.46141484235339442 -0.32753561028466388
1403715921.834058  -2.629919830815143 0.97256155260819066 0.68242107246632355 0.67872390019233086 0.46749965975126961 0.46023441824962225 -0.33009425275001364
1403715921.8840582 -2.6274659892736696 0.98536201242962063 0.71915695626057063 0.67993382314173945 0.4649253446819045 0.45912391096674127 -0.33277568180213207
1403715921.9340582 -2.6238201707336679 0.99990635596087274 0.75413915224819728 0.68027246903363381 0.46263938892820561 0.45964004076556714 -0.33455223301010562
1403715921.9840581  -2.620657739523145  1.0152630314337434 0.78516471318170222 0.68091250468711606 0.46091059609645008 0.45982057106365021 -0.33538727732791535
1403715922.0340581 -2.6166121280703969  1.0291706178520963 0.81581405764621162 0.68086780020788695 0.46015580860653815 0.46112267934629503 -0.33472607463152604
1403715922.0840583 -2.6118266220853994  1.0439976306705929 0.84697255522690007 0.67985333704507134 0.45934300449551441 0.46369323929672374 -0.3343531428897088
1403715922.134058 -2.6069946313591714  1.0600934842274181 0.87977035242135837 0.67894757230191305 0.45667134572924328 0.46633938467743691 -0.33616819354877997
1403715922.1840582 -2.6025409412871969  1.0757843483032103  0.9138724439185576 0.67734263253405647 0.45422373857556569 0.46975577915101924 -0.33796044357363675
1403715922.2340581 -2.5973483105778352  1.0905961932791515 0.95039774811176636 0.67556951208481075 0.45142419038480258 0.47327672409390009 -0.34033979653849283
1403715922.2840581 -2.5901580989348743  1.1023164032819082 0.99216069288020936 0.67373475263171101 0.44949728318526883 0.47653328926415567 -0.34197909253115771
1403715922.334058 -2.5839528911622835  1.1130677054718188  1.0344860236027211 0.67176053909225297 0.44858747428346635 0.47978438139135388 -0.3425113186558687
1403715922.3840582 -2.5791923908103751  1.1245287640388582  1.0780347657844531 0.66983973069610014 0.44958660044831977 0.48259066737432943 -0.34101740665470165
1403715922.4340582 -2.5750406283321379  1.1319300277855076  1.1185675454123989 0.66827410948067578 0.45175315842649511 0.48465468796949956 -0.33828779445715013
1403715922.4840581 -2.5703676480621684  1.1401375008360959  1.1617825465683307 0.66758830538408898 0.45229384370345393 0.48517371059060305 -0.33817540421222508
1403715922.5340581 -2.5655337522127133  1.1519413326751629  1.2023087530196945 0.66818354714153771 0.45158537690951456 0.48471169881355269 -0.33860886539505142
1403715922.5840583 -2.5624655638862555  1.1578962563605042  1.2417902539298524 0.66831350969712544 0.44986335833813751 0.48411493779728249 -0.34148607377545565
1403715922.634058 -2.5591534930676545   1.162560261625768  1.2817274903106044 0.6680600484673872 0.44834416853628067 0.48381732207275507 -0.34438942643991216
1403715922.6840582 -2.555636171024382 1.1656848912168563 1.3184004084175067 0.66788410584713387 0.44747216902762732 0.4838066094419336 -0.34587663084224929
1403715922.7340581 -2.5521154470307579  1.1662024150276622  1.3507787435455141 0.66769852709496935 0.44813119782754285 0.48377758510176011 -0.34542199495974407
1403715922.7840581  -2.54875393568269 1.1667134342693706 1.3801362814728384 0.66682596910329617 0.44998207333525797 0.48459939339177277 -0.3435443035922417
1403715922.834058  -2.54679281015237 1.1681566758443596 1.4061002723952536 0.66609927806527658 0.45258730638057681 0.4852167168258234 -0.34064823436627417
1403715922.8840582 -2.5462487902787934  1.1791683992333595   1.412478621666778 0.66598333750868954 0.45392993053932162 0.48661312952946412 -0.3370778463365614
1403715922.9340582 -2.5447885173918126  1.1766835314516357   1.428165630644177 0.66572765224830166 0.45573566761536566 0.48686815911753167 -0.33477020466679425
1403715922.9840581 -2.5471451824312608  1.1723978621768789  1.4431797368013044 0.664820799957903 0.45731285778760189 0.48744972854503898 -0.33357310471145346
1403715923.0340581 -2.5471747832071223  1.1698516919844391  1.4569745983658047 0.66429556603429396 0.45853473817505153 0.4879260288389301 -0.33224311161465131
1403715923.0840583 -2.5483802962304125  1.1666461876995631  1.4711112174871062 0.66446225651965551 0.45957620336806859 0.48775817313483055 -0.33071375462591812
1403715923.134058 -2.5502907866299394  1.1624202042789755  1.4849082463623298 0.66516825371300659 0.4608206475154118 0.48655217443813736 -0.32933646415996282
1403715923.1840582 -2.5522774809617212  1.1583746788123712    1.50250586020479 0.66670968292689636 0.46266282308295281 0.48412899744577398 -0.32720089342876135
1403715923.2340581 -2.5560062815314613  1.1530478529328476  1.5213856872106291 0.66862084238622765 0.46444510595122107 0.48150536333915267 -0.32463748668371767
1403715923.2840581 -2.5642922100471979  1.1569225301410859  1.5484820571268363 0.67155623091854877 0.46518641285646734 0.47749484488860872 -0.32343856157392326
1403715923.334058 -2.5705835103599277   1.152005249716535  1.5738834208413797 0.67421795478929381 0.46449298268978062 0.47350568375802649 -0.32475958172244418
1403715923.3840582 -2.5811765350556954  1.1452290354223271  1.5998039707919371 0.67738406765726811 0.46233172089624558 0.46836635928205417 -0.3286839792720106
1403715923.4340582 -2.5880266410229331  1.1401028743267201  1.6238834979455568 0.68011913542942937 0.45935701683557945 0.46410100407833421 -0.33322567536149533
1403715923.4840581 -2.5970069615398486  1.1349960993143464  1.6441324836369151 0.68262986942901416 0.45637806412553472 0.45958232337018973 -0.33840746444783826
1403715923.5340581 -2.6043859440668284   1.132088335272375  1.6611180323561707 0.68495547961652126 0.45260360835316299 0.45585342989515365 -0.34377843897170507
1403715923.5840583 -2.6082023901221629  1.1325358686504541  1.6769080064275508 0.68664751555143855 0.44902837268909418 0.4527768086726795 -0.34911584242970811
1403715923.634058 -2.6127339158355385  1.1280648832514943  1.6870922627939759 0.68781222608285153 0.44589592167880288 0.45049051251466937 -0.35376470544054262
1403715923.6840582 -2.614678043908977 1.1240790550038082 1.6890031238887842 0.68837934022368374 0.44313642322200658 0.44926565385378675 -0.35766515993949149
1403715923.7340581 -2.6177879139332783  1.1157869851877649  1.6841137446529291 0.68815806595905837 0.44125039157765306 0.4487068715835863 -0.36110761772874206
1403715923.7840581 -2.617672180475406 1.1101231746936229 1.6754103151280151 0.68742777560265289 0.4390473007578351 0.44934724848447849 -0.36437284655511343
1403715923.834058 -2.6159288111690486  1.1033177511354864   1.662157814180973 0.68525601062766606 0.43823290798960474 0.45223536568953004 -0.36586786176608577
1403715923.8840582 -2.6132935363265801  1.0956225583919814  1.6453007564670661 0.68145263536414347 0.43689394102853341 0.45738322680812266 -0.36816650293367226
1403715923.9340582 -2.6042850889864226  1.0864229155590497  1.6146717271037825 0.67758740558034092 0.43497738602597685 0.46280824133752635 -0.37078095042083414
1403715923.9840581 -2.5978459141332126  1.0768268421721137  1.5923099679592332 0.67336365317803071 0.43486470695592083 0.46855494628499766 -0.37138974075052344
1403715924.0340581 -2.5907098956228416  1.0656606375225235  1.5665295209072421 0.66995943901041188 0.43545203800817012 0.47319292495660231 -0.37097753091851887
1403715924.0840583 -2.5831795532693325  1.0517851205189042   1.539191526237935 0.666620876188599 0.43705391880947675 0.47815419875832482 -0.36873980215405044
1403715924.134058 -2.5745073698915752  1.0367782074195047  1.5097149250105852 0.66411294373401908 0.43939214679470656 0.48169393229277824 -0.36586813866801143
1403715924.1840582 -2.5667989385640091  1.0179405989596937   1.479782779947348 0.66275459296412964 0.44154504459616406 0.48358848538429389 -0.36323064284452528
1403715924.2340581 -2.5579456450735747 0.99861546240309629  1.4497848527175285 0.66243248164916169 0.44472042935923461 0.48435979444317057 -0.35889070271273515
1403715924.2840581 -2.5486660257971891 0.97784139994551289  1.4203508664702316 0.66309992958387209 0.44633104785382866 0.4835754222410219 -0.35670981218910247
1403715924.334058 -2.5392863795180505 0.95572589459571045  1.3913833196332641 0.66397146932496909 0.44914403122640917 0.48278496121082742 -0.35260488987646232
1403715924.3840582 -2.5309515999575734 0.93390797395306657  1.3610852867056187 0.6656436849584525 0.45172222122618161 0.48101467042892859 -0.34855473939908854
1403715924.4340582 -2.5230162438204156 0.91051558844584635  1.3337528832723584 0.66872086397113517 0.45308825934672703 0.47727134030087542 -0.34602818246388206
1403715924.4840581 -2.5146129109860582 0.88524888827231329   1.305239416627056 0.67213890980920921 0.45566296199639417 0.47288930060199807 -0.3420179240351498
1403715924.5340581 -2.5051372676735828 0.85974255105867892  1.2775213066866571 0.67606557642149112 0.45752527570777329 0.46801626570154797 -0.33847707973388858
1403715924.5840583 -2.4959031550688988 0.83403173923401863  1.2494636317863299 0.67877013257127994 0.45836646927938313 0.4649737112957178 -0.33611119406143841
1403715924.634058 -2.4866181769764109 0.80863428980400975  1.2219320789980512 0.68269676875866148 0.45618901108155663 0.46070156257267109 -0.33700263847337097
1403715924.6840582 -2.4763422889451463 0.78356207039668424  1.1949569261321538 0.68729310416731693 0.45147587744228512 0.45749457830377993 -0.33837321388434272
1403715924.7340581 -2.4617579566873369 0.75995959856057127  1.1678660109025323 0.69163153293454338 0.4445881695286521 0.45689408330934272 -0.33946277970153316
1403715924.7840581 -2.4472607242882916  0.7359232640914446  1.1395924972542721 0.69604092468763534 0.43712363480239269 0.45758812971978158 -0.33920946713893246
1403715924.834058 -2.4298584027740864 0.71339033810445063    1.11341329272417 0.70023289447477721 0.42806664375378456 0.46072193939470968 -0.33788775734143384
1403715924.8840582 -2.4123095128418792 0.68775941046908373  1.0861980401905089 0.70504244949489614 0.41869776428869404 0.46445374540053475 -0.33449969353244779
1403715924.9340582 -2.3942496004306042  0.6618060014267847  1.0587391748784742 0.70909850473811764 0.40750300534613637 0.47059566449134582 -0.33115001400268906
1403715924.9840581 -2.3716121033004285 0.63350278566645246  1.0340642861185729 0.71181170519416681 0.39690120338580587 0.47963045473742172 -0.32518941862835266
1403715925.0340581 -2.3491764311683023 0.60441909852127795  1.0105023619969395 0.71349238168705065 0.38490244284230096 0.49087226933796108 -0.31909739259913988
1403715925.0840583 -2.3249933411725316 0.57717279850671455 0.98937477897693016 0.71378322607018652 0.37330512531577109 0.50421721313805645 -0.31132264866068698
1403715925.134058 -2.3016608944758832 0.54611775533989182 0.97091634576543207 0.71457693594540239 0.36195642245044068 0.5163994260878022 -0.30281840036224211
1403715925.1840582 -2.2785880022125808 0.51299207820694814 0.95547728961231937 0.71686151525451847 0.35057186439722937 0.52621915012038178 -0.2937726023417257
1403715925.2340581 -2.2556069510599852 0.47844661448369918 0.94336253747587218 0.72144032738101105 0.33810463784942019 0.53212863328232696 -0.28644061432376355
1403715925.2840581 -2.2332878901482558 0.44157480343267802 0.93560014968745753 0.72758733746342708 0.32579042333617514 0.53585016346331882 -0.27810406099453433
1403715925.334058 -2.2119145986205577 0.40304780497099679 0.93258987531378679 0.73564953917045706 0.31280585534397259 0.53606798737379646 -0.27129940157292504
1403715925.3840582 -2.1909132500705253 0.36312157401019457 0.92845650515486278 0.74470531757478231 0.29950899358751687 0.53508782568772351 -0.26341862412673106
1403715925.4340582 -2.1718425669767236 0.31788825627983058 0.92225958310833756 0.75396017197794762 0.28627925752500127 0.53294103914377278 -0.25605096090089768
1403715925.4840581 -2.1526613026367833 0.27274525779675429 0.92178785697741006 0.76367502269133525 0.27362561957774173 0.52977889342383633 -0.24751526035923746
1403715925.5340581   -2.13156853111958  0.2284214744685916 0.92211757858994881 0.77216227681943883 0.2608034863947768 0.52779156367537594 -0.23912972432228374
1403715925.5840583 -2.1102735265728394 0.18080064866578063 0.92138516557698003 0.77891614456249259 0.24937795699375748 0.52738634268092488 -0.23013891426518826
1403715925.634058  -2.090808229778697 0.13514088201325306 0.91906320169693556 0.78472887467864783 0.23602279201355886 0.5288974190526462 -0.22081973420678838
1403715925.6840582   -2.067248679998551 0.086491052354649267  0.91701279521021672 0.78908530736113391 0.22296854337539615 0.53187998067076137 -0.21150199179560839
1403715925.7340581  -2.0433154835340575 0.036939688214160597  0.91485538068878425 0.7926677514157594 0.20954269507620388 0.53563543822028059 -0.20214938072686028
1403715925.7840581  -2.0191861872120098 -0.01337275634781967  0.91290115115907722 0.79650786510299776 0.19613294267133838 0.53858052808221635 -0.19245286279717261
1403715925.834058   -1.9925510281119856 -0.068394990072594308   0.90771835358964992 0.79923608865111273 0.18200395643990039 0.54273283620529678 -0.1831319276981701
1403715925.8840582  -1.9672999782919245 -0.12298636386168006  0.90707736964094277 0.80131864351345083 0.16815500602508376 0.54740595904064115 -0.17308680340587249
1403715925.9340582  -1.9419859581186778 -0.17703043975353058  0.90617749336000686 0.80305144738395562 0.15524386548274546 0.55226828671267458 -0.16126826896806615
1403715925.9840581   -1.913683136212756 -0.23521486673331984  0.90351536473836125 0.80416960473994581 0.14183757022634538 0.55752455055034145 -0.14953168901047573
1403715926.0340581  -1.8856024531304048 -0.29171190297716471  0.90103065132551219 0.80463755788312885 0.12710277494666403 0.56301617615374233 -0.13934156032551967
1403715926.0840583  -1.8609546040511964 -0.35111744034346182  0.89594850201699572 0.80393790539974908 0.1094810802595699 0.5698537502550467 -0.13024761282618802
1403715926.134058  -1.8344975983817295 -0.41317273797528337  0.88630908276252229 0.80223525553460706 0.091915768441905049 0.57729351074528845 -0.12125299476894345
1403715926.1840582  -1.8100120886529927 -0.47360793179925748  0.87522858335899711 0.80065383197132733 0.073972969973699579 0.58396007555714879 -0.11167842772079548
1403715926.2340581  -1.7912290815057106 -0.53757932116725182  0.86184160260248266 0.79927060075218959 0.056030312801638636 0.58973023631095467 -0.10121936179017481
1403715926.2840581  -1.7711375326009318 -0.60078910926247653  0.84465351334829819 0.79798253609486836 0.03846156160906971 0.59466515248731122 -0.090099593691852664
1403715926.334058  -1.7494006330086891 -0.66436309251948489  0.82350102567803707 0.79637720382157295 0.022276552285963418 0.5994410679072204 -0.077184911464835984
1403715926.3840582  -1.7299545466268311 -0.73116173697732212  0.80016814533710934 0.7947027232873739 0.0066086388935375096 0.60363753591023173 -0.063447874131686885
1403715926.4340582  -1.7143371762023216 -0.80011966143231894  0.77841400170365183 0.79125325008342262 -0.0072126008590045355 0.60959784039698572 -0.047505216604080282
1403715926.4840581  -1.7017161449996236 -0.86892149541858965   0.7566245801072603 0.78724124974267184 -0.020410750019147241 0.61550575360389792 -0.031421064077304169
1403715926.5340581  -1.6911850100570325 -0.93879906950198044    0.733394853670988 0.78490005577261146 -0.034028322392282893 0.61848122816475204 -0.015967032634099574
1403715926.5840583 -1.6839681219697689 -1.0087820633640832 0.70977948523746415 0.78474374915270473 -0.046939171643169603 0.61803996447731746 -0.00075142536955833143
1403715926.634058 -1.6819612304300076 -1.0786385802943097 0.68720482494979995 0.78699877396454843 -0.060700072117290234 0.61381179676642617 0.01354655578459078
1403715926.6840582 -1.6804953906130344 -1.1480808189968867 0.66341632472472634 0.79006480237648746 -0.074899487425010444 0.60788266322921292 0.025813612196514145
1403715926.7340581 -1.6808071706080536 -1.2178954707962029 0.64001104963493027 0.79352762941232113 -0.08795460915898437 0.60086772034697056 0.03919018667966491
1403715926.7840581 -1.6832179485950223 -1.2819592512035214 0.61765220394703424 0.79672581263974207 -0.099211508318244213 0.59374609851899307 0.053391259436691131
1403715926.834058 -1.6844619798221669 -1.3502154708259955 0.59682058101687241 0.80032905469305471 -0.10872026262173547 0.58565611617607338 0.068265820841325778
1403715926.8840582 -1.6914828970923368 -1.4182882544228022 0.57991545352038165 0.80293523030770342 -0.11887496125801182 0.57852052268339227 0.080484559704057462
1403715926.9340582  -1.697363809243672 -1.4844869158428218 0.56695773445897757 0.80432207100851072 -0.12858067498186712 0.57280579527771647 0.091796170977064259
1403715926.9840581 -1.7008310321466367 -1.5499902476988598 0.55859729513015199 0.80559243165327388 -0.13825546575237471 0.56716837618454752 0.10112513687873455
1403715927.0340581 -1.7080079444016278 -1.6114711731175904 0.55204012661620994 0.80447610773814582 -0.14734123591984707 0.56480137374803041 0.11003708687725655
1403715927.0840583 -1.7169704839813822 -1.6734813097944599 0.54912378362093506 0.8009845497596545 -0.15603377682398356 0.56555910790309782 0.11924809014914702
1403715927.134058 -1.7250943045309428 -1.7349433638917116  0.5432784499418003 0.7972635131062149 -0.1640428686275624 0.5664269577625255 0.12892373498261195
1403715927.1840582 -1.7374457926445008   -1.79671878745956 0.53903886015798586 0.79281824530934608 -0.1677618413946145 0.56779680930139409 0.14457516323232711
1403715927.2340581 -1.7372564035685121 -1.8587765022197265 0.52462928729158342 0.78856185733510387 -0.17142434668244291 0.56853554311297916 0.15984751089065655
1403715927.2840581 -1.7447590862268605 -1.9123896909560698 0.52025838943810254 0.78441963283740879 -0.17413582901473387 0.56873012444973359 0.17580841338220105
1403715927.334058 -1.7509849725438584 -1.9634583595826798 0.51495698506468945 0.77960676461798173 -0.17710688031014121 0.56971599561660358 0.19044718387856088
1403715927.3840582 -1.7571841227968612 -2.0099180498565512 0.51117345720799245 0.77243266944037392 -0.18148955747057441 0.57389728780486671 0.20261099368141675
1403715927.4340582 -1.7641374414073365 -2.0525876434133301 0.50879219775414464 0.76525189978716346 -0.18712478646458319 0.57779059296936408 0.21338199277078684
1403715927.4840581 -1.7698567141520516   -2.09212538364753 0.50509249499317188 0.75587923789027622 -0.19688807125840671 0.58505299249453169 0.21816200653586199
1403715927.5340581 -1.7754414881401615 -2.1260554745125582 0.50108673031713891 0.74662082460336532 -0.20980185089526876 0.59196593519683294 0.21935555428584266
1403715927.5840583 -1.7865626376919819 -2.1544624456792918 0.49740435952379597 0.73715184440362092 -0.22332371348763241 0.59804256960622937 0.2215372705104314
1403715927.634058 -1.7990197901599392 -2.1780875964213835 0.49626636124033791 0.72761861771771785 -0.23787628482080272 0.60343788467703163 0.22326831303819097
1403715927.6840582  -1.820065746343744 -2.1996652910729391  0.4963293741640139 0.71953160934863036 -0.25257758188644203 0.60542611228015419 0.22789921203441188
1403715927.7340581 -1.8345025748020105 -2.2189656323468916 0.49170353420611518 0.71361898463676154 -0.26642529705239087 0.60365415501391828 0.23530228853747914
1403715927.7840581 -1.8560344798422772 -2.2352903237712791 0.48676627872570655 0.70907166203567973 -0.27997000260224475 0.59829659193086315 0.24672933312594192
1403715927.834058 -1.8788687229137173 -2.2472973527512439 0.48182270465431015 0.70521174301165579 -0.29309839798395504 0.59082516420650955 0.26018330453365468
1403715927.8840582 -1.9027334109353258 -2.2484550506086531 0.47859768924140478 0.70144930178335152 -0.30705431083918611 0.58205652109302908 0.27367267579318427
1403715927.9340582 -1.9306793360793737 -2.2530705816845629  0.4717019215917525 0.69818325893490651 -0.32078218158695571 0.57118303950264071 0.28877130103919885
1403715927.9840581 -1.9636406005580425 -2.2530673644196071 0.46680258047070328 0.69452850106656039 -0.33586005598945995 0.55975432014155624 0.30249509926585233
1403715928.0340581   -1.99427857502891 -2.2506098665701644 0.45622141622194234 0.68952780627555954 -0.35257508035737845 0.54855058501200837 0.31517371839477043
1403715928.0840583 -2.0264237334772952 -2.2438917491786858 0.44292827132261353 0.68316776589801864 -0.37175509871084506 0.53833560480988008 0.32446067067424428
1403715928.134058 -2.0566200015900926 -2.2309390713085238 0.42282026743532275 0.67582293187664177 -0.39334981087877513 0.52783456997184997 0.33155686959241909
1403715928.1840582 -2.0898885634000224 -2.2157464652787358 0.40371709254648891 0.66790700155748084 -0.41460699778054644 0.51673727655502666 0.339092703667288
1403715928.2340581 -2.1237551073254006 -2.1989664762846499 0.38330526155207745 0.65632031738192631 -0.43521977045654653 0.50921366119222222 0.3471726366674816
1403715928.2840581 -2.1568192315962511 -2.1826728915925582 0.35759775123490994 0.64282788661518753 -0.45343545356006509 0.50313407239412755 0.35780539800390182
1403715928.334058 -2.1907941131121604   -2.16280780464849 0.33031758768978831 0.62686762023455767 -0.46969513201704061 0.49925991364299471 0.37035524606807813
1403715928.3840582 -2.2288906408396669 -2.1379140266792147 0.30543738565999023 0.61107734901064903 -0.48416680262487305 0.49469290307652791 0.38398686488972705
1403715928.4340582 -2.2631153086705997 -2.1113063823259752 0.27744048364988227 0.59601916562989099 -0.49865490585529348 0.49028956396148449 0.39461447330116317
1403715928.4840581 -2.2962733389763268 -2.0827651646096386 0.24652206511847871 0.58332535573597488 -0.51432993048663833 0.4835497643408741 0.40171616518008518
1403715928.5340581 -2.3347932350908862 -2.0455893785189798 0.21888014577281187 0.57410574075147391 -0.53083344336236016 0.47312686849038188 0.40591799683771879
1403715928.5840583 -2.3676561783054306 -2.0089782130112224 0.19250606764064301 0.56708738657370905 -0.5460093487594776 0.46336673741042766 0.40691148142792388
1403715928.634058 -2.4024644878032331 -1.9699604000588236 0.16586870392676004 0.56126562509457001 -0.55788043146464694 0.4542673910663087 0.40913501401106034
1403715928.6840582 -2.4373654054797744 -1.9281213102757626 0.14271847556061504 -0.55900108297888473 0.56744123780758549 -0.44366719103626778 -0.41071602654610045
1403715928.7340581 -2.4737135917117872 -1.8841505645141439 0.12254670083330192 -0.56107178003307023 0.57706646606952805 -0.43056906023796404 -0.40841527365457941
1403715928.7840581  -2.507924081350084 -1.8410622038051458 0.10557387075411048 -0.56660331932513086 0.58717435400405271 -0.41573695737450234 -0.40168363023984233
1403715928.834058 -2.5432400571942835 -1.7983859582076256 0.09566390691088425 -0.57493618777141364 0.59501628617984159 -0.40214600976732151 -0.39202370591565494
1403715928.8840582 -2.5795915851872522 -1.7524772170624532 0.09336276008401502 -0.5844378667637703 0.60119220375114368 -0.39022583270367361 -0.38042622613613442
1403715928.9340582 -2.6171809175704959  -1.706342580766973 0.10018865976965519 -0.5944272657298566 0.60382128472703678 -0.38172910235279278 -0.36924107881497742
1403715928.9840581 -2.6505465485416573 -1.6693376480364195 0.10946660946532323 0.60614321521100956 -0.60434270092030584 0.37482527243096375 0.35618298337380377
1403715929.0340581 -2.6853620726477083 -1.6338764329253945 0.13152978555117101 0.61704326819247823 -0.60315359392010093 0.3698976117170667 0.3444402766309736
1403715929.0840583 -2.7175954193636458  -1.607473651706026 0.15376385136711973 0.6269277181499161 -0.60112982756425004 0.36680279218095435 0.33325707535800353
1403715929.134058 -2.7501971730207089  -1.585049418926479 0.17925725999849063 0.63683315404637364 -0.59772076808415953 0.36293916966163359 0.32472846569642511
1403715929.1840582  -2.782289356001078 -1.5685910242187135 0.20471290375636494 0.64617815745263441 -0.59377928926762791 0.35953461097980954 0.31719837322336025
1403715929.2340581 -2.8156979637680748 -1.5559214119755991 0.22891464807549822 0.654648665751979 -0.58840730959153265 0.35594842507885599 0.31386729860291268
1403715929.2840581 -2.8460921650988458  -1.552293152232822 0.25404309094752336 0.66332231071476988 -0.57823632638339539 0.35319265875830419 0.31764950615087378
1403715929.334058 -2.8675596085821398 -1.5663140827822348 0.27817367987122699 0.67058942750785533 -0.56240450346737525 0.35345479982203526 0.33027367239467803
1403715929.3840582 -2.8914264786565074 -1.5708177673969066 0.30245839245466694 0.6767832746180894 -0.54325288857095921 0.35350807175031257 0.34910276633664894
1403715929.4340582 -2.9155025173239406 -1.5828058748837399 0.32264759821094929 0.68132331324195727 -0.52205130033675484 0.35452400550020735 0.37090930451229487
1403715929.4840581 -2.9365069022610704 -1.5967532778630513 0.34057871842486809 0.68425134579627733 -0.50108303858334502 0.35566718070386455 0.39270439364772819
1403715929.5340581 -2.9470670038664837 -1.6137032749722588 0.36286623880110314 0.68670306355371113 -0.48139835147402155 0.35433964486825359 0.41368822291513485
1403715929.5840583 -2.9533039151870821 -1.6297575771904045 0.38206854207529861 0.68683611236400899 -0.46488792712247518 0.35394519902276644 0.43227094056528609
1403715929.634058  -2.953945333281665 -1.6438425684362405 0.39989399274023407 0.68706956735944003 -0.45357865344951237 0.35179220386661986 0.44547060513810061
1403715929.6840582 -2.9460032836477943  -1.656887602183311  0.4165931077312971 0.68394092374169191 -0.45442416782430239 0.35456268290197801 0.44722342561845202
1403715929.7340581 -2.9303190150894198 -1.6702986836727798 0.43185926999619451 0.67880741537692657 -0.46487009253861095 0.36184151223967492 0.43839138895802382
1403715929.7840581 -2.9076931873642553 -1.6819719450198558 0.44654044387316494 0.67069691313020541 -0.47863206896935229 0.37338638566240306 0.42621543880260643
1403715929.834058 -2.8782113019927587 -1.6914507141262949 0.46450434427889659 0.66106378205728533 -0.49039390450345727 0.38681046554280879 0.41579581313972797
1403715929.8840582  -2.846322560278657 -1.7000999102352417 0.47617035143276215 0.64802463434233615 -0.50247575355276519 0.40477373238389236 0.4046485091398157
1403715929.9340582 -2.8120627434807113 -1.7116843170387595 0.48548780970749572 0.63459743043979433 -0.51422551956656526 0.42296495118424121 0.39237592481626471
1403715929.9840581 -2.7757522717702545 -1.7221475452221653 0.49070108613311741 0.62143346146326905 -0.52372279362751906 0.43955840393088808 0.38252228424301904
1403715930.0340581 -2.7395570623644567 -1.7295004613619247 0.49868540107396542 0.61038503424181045 -0.53159589699420429 0.45313585488592123 0.37350208739625113
1403715930.0840583 -2.7040806369072339 -1.7379111009991079 0.50047715457572894 0.59905652721356217 -0.5398851836445564 0.46603516391379479 0.36395946433600629
1403715930.134058 -2.6714467425755495 -1.7442130634545934 0.50051304941080366 0.58961601660904506 -0.54612868867138631 0.47653170136670064 0.35639015974169685
1403715930.1840582 -2.6401457700106086 -1.7513132935107076 0.50128024457155562 0.5806653766424531 -0.55231433490402282 0.48569574583392866 0.34910777462988241
1403715930.2340581  -2.612018696474268 -1.7578713412639306    0.50211211545029 0.57381054190538949 -0.55787472832887974 0.49210059452850535 0.34257007218219421
1403715930.2840581 -2.5884014779876012 -1.7627747863685523 0.50297542000636397 0.56824214650109184 -0.56214533604711592 0.49664775457391491 0.3382816754969078
1403715930.334058 -2.5705644186297478 -1.7657286485126753 0.50351095413295144 0.56699577587087824 -0.56470005504100262 0.49588393867038388 0.33723694541081423
1403715930.3840582 -2.5565150806210508 -1.7694760570872345 0.50492299707779109 0.57003376416786278 -0.56671025315807366 0.49042213976470672 0.33673004247131844
1403715930.4340582  -2.546581480576148 -1.7718377463466557 0.50458324798360854 0.57634900041646853 -0.5680657407689288 0.48086569481531688 0.33747789176976989
1403715930.4840581 -2.5425828421164351  -1.766381670783056 0.50297601561307026 0.58282564084422939 -0.57036905263072935 0.4697235657638017 0.33816148204929719
1403715930.5340581 -2.5390660320484404 -1.7673861669874993 0.49691884249598278 0.5888328363351959 -0.57197509939330993 0.46022309469042166 0.33810513104807033
1403715930.5840583 -2.5389562941674919 -1.7735372282078106 0.48862488985441949 0.59522668550748714 -0.57442841706331471 0.45031501734688806 0.33608566122608929
1403715930.634058 -2.5389939761947442  -1.778738998533604 0.47997622701527659 0.60045134521103427 -0.57688059224390031 0.44183113151467146 0.33384459790604892
1403715930.6840582 -2.5437049720113096 -1.7835178169629056 0.47345662485372503 0.6034689509347978 -0.58045409154312599 0.43559051998478759 0.33039245113634375
1403715930.7340581 -2.5502217137499854 -1.7892321701573606 0.47054206749152172 0.60442424492539126 -0.58308172447435835 0.43229145236247701 0.32834605973685643
1403715930.7840581 -2.5611412629586039 -1.7923150054970853 0.46974758552345869 0.60449214888905123 -0.58586359471771632 0.42893556247377168 0.32766961037185272
1403715930.834058 -2.5721609000637446 -1.8042762998036646 0.47478459575527177 0.60759243647377514 -0.58521290509162271 0.42358579031592003 0.33004903438204852
1403715930.8840582 -2.5832046047471198 -1.8198064025240195 0.48482698936188551 0.61317920753316013 -0.5819947434641809 0.41568934224423082 0.33540385921099186
1403715930.9340582 -2.5940920728726629 -1.8390162328815727 0.49754344688511604 0.61845562015746647 -0.57758363065092333 0.40848818442389373 0.34212161388285967
1403715930.9840581 -2.6082891999834938 -1.8584255703311363 0.51202542885814417 0.62335648216165496 -0.57483251600116003 0.40122885679484221 0.34642413191047555
1403715931.0340581 -2.6190743639947751 -1.8792247321390805 0.52319284107533148 0.62807710650663784 -0.57449489704889145 0.39344296241992455 0.3473865237300765
1403715931.0840583  -2.632414084031911 -1.9036750702473435 0.53400062731647624 0.63194221676299334 -0.57558432753793731 0.3865003323228241 0.34636571666335725
1403715931.134058 -2.6520923493905926 -1.9158485408972779 0.53600625124140511 0.63368243319206075 -0.57877696100983234 0.38024867589000566 0.34478217435347491
1403715931.1840582 -2.6638174772344949 -1.9458285688023897 0.54363199569538934 0.63586803680666715 -0.57986737859020177 0.37651156919095718 0.34302288739955178
1403715931.2340581  -2.672653317237708 -1.9819692983430719 0.55121937606895466 0.63666207978355815 -0.58016974666456633 0.37525192867955681 0.34241853227172153
1403715931.2840581 -2.6822449056448883 -2.0228434039086611 0.56283502831871424 0.63686404843223787 -0.58031372930557534 0.37498548789081598 0.3420906945025578
1403715931.334058  -2.689307073370518 -2.0653464553545868 0.57983359060750606 0.63483950640058828 -0.58064198242208931 0.37811803428627616 0.34184856517102152
1403715931.3840582 -2.6955539606008503 -2.1159377064517422 0.59962363314932243 0.63306490912410041 -0.58000163996154142 0.38157661146324945 0.34238313051586156
1403715931.4340582 -2.7031981822164575 -2.1660461996332514 0.62264476496489252 0.63165516664740706 -0.57808530591344653 0.3847106905851202 0.34471265437188864
1403715931.4840581 -2.7104560525258119  -2.219074448312055 0.64423663131477249 0.63026714548846141 -0.57693919322613152 0.38787055893347211 0.34563119383244767
1403715931.5340581 -2.7145102424759373 -2.2793514338431549 0.66239242664444054 0.63014893063368804 -0.57432160916153563 0.39054408434832744 0.34719206882048803
1403715931.5840583 -2.7179878133597501 -2.3400078189419515 0.67651276105471336 0.63013183752385371 -0.57105218691653015 0.39263097552760223 0.35024874619747537
1403715931.634058 -2.7221807205991655 -2.3999367375722116 0.68942762142200353 0.63075064761322641 -0.56816721711945584 0.39378166399706188 0.35252749541834832
1403715931.6840582 -2.7282204774597036 -2.4629111311953564  0.6954956064936797 0.63159275682455152 -0.56405159584211795 0.39517974274410794 0.35604684759090871
1403715931.7340581 -2.7340538263177736 -2.5240727772112788 0.69979685915722656 0.63245997115957253 -0.56094408824536124 0.39565657724198339 0.35887600592484831
1403715931.7840581 -2.7361004789916974 -2.5902922107431632 0.70180885960963146 0.6334412825459913 -0.55752247853030579 0.39709247971380485 0.36088556365509544
1403715931.834058 -2.7360377064291219 -2.6597389610863629 0.70298044463180021 0.63280664809948473 -0.55438175447014615 0.40133478943406942 0.3621422416973869
1403715931.8840582 -2.7380265160484449 -2.7264656461772816  0.7056094299517861 0.63030778092020301 -0.54986264862931467 0.40746848903545496 0.36651411895992153
1403715931.9340582 -2.7371508861552178 -2.7939994577651714 0.70920923476326703 0.62750028859787865 -0.54519510210441147 0.41405899720154099 0.37089194556823907
1403715931.9840581 -2.7356125368959021 -2.8642657686279569 0.71421986288962558 0.62420671222400004 -0.53982856763545062 0.421237949880298 0.3761777340032314
1403715932.0340581 -2.7350895481832982  -2.933310726222853 0.71905379589760055 0.61966053888963346 -0.53562279424846237 0.42962937999403544 0.38019420651874636
1403715932.0840583 -2.7325514270122326 -3.0007308847277683 0.72549989751443689 0.61448791428158511 -0.52939548508979417 0.43865989789451859 0.3869399404915182
1403715932.134058 -2.7292185657082908 -3.0673574473204663 0.73326628427245444 0.60807235093647394 -0.52165996606630238 0.44884309378473392 0.39580143126578327
1403715932.1840582 -2.7254334092550341 -3.1324522867168465 0.74040417279222004 0.6011144998019885 -0.51345716266196362 0.45894708113470495 0.40545120169616672
1403715932.2340581 -2.7209295548009331 -3.1944913769819587 0.75115277582737472 0.59302559051580295 -0.5036106574407696 0.46968612488127143 0.41724321300588463
1403715932.2840581 -2.7156647503972846  -3.251798056692202    0.76260499424257 0.58352805570338429 -0.49471728645473495 0.48174179896695735 0.42740455521434428
1403715932.334058 -2.7093898086753332 -3.3036641864480334 0.77576543305816703 0.57444715999857476 -0.48665375430091912 0.49259322704191144 0.43649799136631579
1403715932.3840582  -2.703192011891554 -3.3506405333064828 0.78694700395932182 0.56646488101431214 -0.47918524335568857 0.50182827123625329 0.44459805140781267
1403715932.4340582 -2.6995318086746027 -3.3906044399698154 0.79910349263742342 0.55977598999453904 -0.47372874153248334 0.50915460399702328 0.45054801042765463
1403715932.4840581 -2.6936492007687134 -3.4239453505490198 0.81073303634726102 0.55391383113957582 -0.46921869279903283 0.51608727916422814 0.45460665006696549
1403715932.5340581 -2.6882310609060918 -3.4489765574387738 0.82335889382312988 0.54776705294057249 -0.464519913456169 0.52292882483988279 0.45904024863518511
1403715932.5840583  -2.682867982783788 -3.4659303719009964 0.83573270329950333 0.54094365367182273 -0.45925169627933848 0.53020395872091242 0.46405991549949938
1403715932.634058 -2.6769511369186958 -3.4721617868588628 0.83571230850467371 0.53411511502769127 -0.45464090139670588 0.53791939440981418 0.46761674456110502
1403715932.6840582  -2.677016887860816 -3.4720493331056708 0.85610132320581678 0.52852463568144525 -0.45069155927918308 0.54373783163578226 0.47104988941757736
1403715932.7340581 -2.6753864467934649 -3.4612934869925693 0.87335288984697956 0.52365608589549917 -0.44673262589862694 0.54838788133423688 0.47485260478181013
1403715932.7840581 -2.6720525441336682 -3.4329354276696207 0.88744744384477503 0.52091552811586106 -0.44494216061723424 0.55010896863993808 0.4775495878910842
1403715932.834058 -2.6690279719589793 -3.3954510070623312 0.89917172017667579 0.52205021386336858 -0.44660472455463823 0.54789658686825315 0.47730192154317358
1403715932.8840582 -2.6694035928257862  -3.351539093103848 0.91134134042118708 0.52931625643726732 -0.45372078685015227 0.53869208576757932 0.47304607067672666
1403715932.9340582 -2.6704736245000009  -3.298066349376946 0.92142208364734457 0.54122238034145509 -0.46633412718051725 0.52455059034820872 0.46309555710421185
1403715932.9840581 -2.6705076252764157 -3.2267754937268447 0.93497559916474171 0.55555732286632253 -0.48220102560218969 0.50651469911580094 0.44975670255976258
1403715933.0340581 -2.6720162247784751 -3.1579012635382506 0.94581954294558468 0.56971126881193301 -0.49737254681575366 0.48815263507827344 0.43561063431560809
1403715933.0840583 -2.6734134304216171 -3.0821695355308285 0.95865250822164205 0.58258986598672624 -0.5112865449558851 0.47015747988808693 0.42205101717911464
1403715933.134058 -2.6744592469185444 -3.0034541747054044 0.97052222500552698 0.59472558600152925 -0.52453813537252558 0.4523975156575587 0.40804130884252454
1403715933.1840582 -2.6755192743605809  -2.924895339829801 0.98268012072481437 0.6068023705644765 -0.53773229270449652 0.43396777842959305 0.39281908271490695
1403715933.2340581 -2.6754173845149207 -2.8380670354406328 0.99650626125061847 0.61745670512473649 -0.54892501111029746 0.41701749077960598 0.37884688445062542
1403715933.2840581 -2.6762174048670215 -2.7608015143210927  1.0124678876862019 0.62729379886714742 -0.56044908698264173 0.39983960638535632 0.36404340396269991
1403715933.334058 -2.6745300208948817 -2.6861679685991469  1.0248825225813993 0.6357742330570928 -0.57199648391593727 0.38445231957880199 0.34757382084810312
1403715933.3840582 -2.6647407906968681 -2.6193108385113937  1.0423554440633718 0.64301841588234376 -0.5839571587812934 0.37049737172550068 0.32901831421478184
1403715933.4340582 -2.6631340326839403 -2.5526561451869862   1.054838819121541 0.64862629580650399 -0.59701616424095572 0.35646422149807849 0.30949779775487696
1403715933.4840581  -2.661401326708758 -2.4922093303559252  1.0668734863721698 0.6532730863857561 -0.60962060653915662 0.34278814449204636 0.28998841129010527
1403715933.5340581 -2.6594990596819343 -2.4413819098557186  1.0797583938215471 0.65709491735623105 -0.62039625260696329 0.329868725583355 0.27298604949311661
1403715933.5840583 -2.6584411634824177 -2.3989008148371527  1.0923026471354373 0.66106637574842486 -0.62827707718098058 0.31750531593287734 0.25971048399733571
1403715933.634058 -2.6544647517668776 -2.3707317633144873  1.1150053490208827 0.66436840484412285 -0.63476168901314778 0.30617682572467786 0.24889349568683344
1403715933.6840582 -2.6538443005386743 -2.3533215061874646  1.1328425688133708 0.6682929289376045 -0.63743537641664416 0.29591893817441334 0.2439112216653774
1403715933.7340581 -2.6531291048029022 -2.3489418114803478  1.1527791647120871 0.67234472887945484 -0.63797685306229479 0.28688639126880572 0.24214520232601172
1403715933.7840581 -2.6522012696692943 -2.3568561150876866  1.1706243666910692 0.67460649167420295 -0.63753518314141966 0.28161021741882736 0.24320908102532032
1403715933.834058  -2.651050117803595 -2.3796001278554213  1.1953187363121129 0.67547254492613473 -0.63552260560713991 0.28005890055751126 0.24782023935070535
1403715933.8840582 -2.6479860903455679 -2.4132361371823694  1.2221357845083387 0.67359396486668388 -0.63097340948161573 0.28546816784189538 0.25816981266468297
1403715933.9340582 -2.6466228619500729  -2.451693062395166  1.2531886853835652 0.66644117633856614 -0.62498922489812037 0.30000546156481056 0.27430156811983386
1403715933.9840581 -2.6408690910231378 -2.4822225264819542  1.2866866851671632 0.65584315703143159 -0.61349611635906542 0.32268567742439047 0.29894183744091651
1403715934.0340581 -2.6339393483877638 -2.5408210716125788  1.3243279986157113 0.64133418303281164 -0.60084013047525664 0.34943062038236716 0.32493052307117387
1403715934.0840583 -2.6303837979904738 -2.6007278938467784   1.362169162023591 0.62548724692266688 -0.58483101846163743 0.37655188811437851 0.35347851326455926
1403715934.134058 -2.6226115990054595 -2.6685288794382958  1.3996886914250624 0.60702257311141394 -0.56816808633910632 0.40522239635484431 0.38013606891663626
1403715934.1840582 -2.6166621312169882 -2.7399650620780083  1.4295279763396007 0.58719275101674684 -0.54984000971943414 0.43265097443437772 0.40705499774121517
1403715934.2340581 -2.6096093535518667 -2.8094529406280979  1.4552285103142515 0.56981460739325152 -0.53395462476220434 0.45445453588342588 0.42857303544589492
1403715934.2840581 -2.6021130122796818  -2.875101407355102  1.4770646803576328 0.55496143675622966 -0.51849909712422149 0.47217396021124847 0.44746870426126462
1403715934.334058 -2.5947962248106302 -2.9362411284577767  1.4928598309076175 0.54162999694840175 -0.50635183932316141 0.48728368485261875 0.46130182277569581
1403715934.3840582 -2.5876792711086378 -2.9913224653858701  1.5055623377724432 0.52924416378416139 -0.49468086559833863 0.5011245726056418 0.47335570033759494
1403715934.4340582 -2.5805206871186184 -3.0391452550344407  1.5148958150724763 0.51843665429082886 -0.48340919128622906 0.51257696291894705 0.48456562646613094
1403715934.4840581 -2.5743767900200485 -3.0826467154245529  1.5188533831875077 0.50827778414533753 -0.47317238540150786 0.52361985908281283 0.49354212688670041
1403715934.5340581 -2.5680687741527608 -3.1132237764791375  1.5187009352921808 0.49939647701390272 -0.46390676693078386 0.53347491553889104 0.50079754874869653
1403715934.5840583 -2.5619860293045211 -3.1325094521499355   1.521441192217273 0.49110848086988212 -0.45520144441923888 0.54253503849140394 0.50720788344173662
1403715934.634058 -2.5564098406060007 -3.1376709634947426  1.5256354510238634 0.48437160641618293 -0.44820611663338988 0.55015060935390836 0.51169300458160072
1403715934.6840582 -2.5514806089219113 -3.1314379201894997  1.5282627245978007 0.4797602731913172 -0.44311776397424829 0.55652394957178364 0.51357357902337419
1403715934.7340581 -2.5473103620536199  -3.111810083901156  1.5316159874210069 0.4766674244830012 -0.44043288690722315 0.56201663497117682 0.51278098695543162
1403715934.7840581 -2.5445717481501382  -3.078559981796344  1.5360422096097233 0.47516151456937666 -0.43975362314931155 0.56645674570730975 0.50986767032424551
1403715934.834058 -2.5430706388764848 -3.0303419883837774  1.5411940062471339 0.48034884099486053 -0.44457737462949271 0.56446217145313649 0.50298946899597385
1403715934.8840582 -2.5430425330656488 -2.9695856041327517  1.5463300137706175 0.49406065350546202 -0.45600839004483595 0.55310025324087853 0.49197614650646304
1403715934.9340582 -2.5461939216102958 -2.8997775547778915   1.552372932687176 0.51173036361887636 -0.47176166128221902 0.53711093062004822 0.47653417306967522
1403715934.9840581 -2.5494435269502791 -2.8202774073317798  1.5670569350382328 0.52962588180382031 -0.48921697816173026 0.51979130043128874 0.45823594097122122
1403715935.0340581 -2.5549052540558059  -2.734727314293723  1.5711164373640103 0.54745812534103244 -0.50672123758558363 0.50023483316171269 0.43964565284953133
1403715935.0840583  -2.564244775757702 -2.6533871194785354  1.5693689496365939 0.56495503539370417 -0.52430319605718656 0.47931728844411664 0.41974623713155246
1403715935.134058 -2.5766407988204088 -2.5646945083122001    1.57264024779734 0.58059766765560705 -0.53970368548276348 0.45811651005408022 0.40218844265476011
1403715935.1840582 -2.5837878988671252 -2.4659323220163381  1.5692725235729494 0.59450829549973727 -0.55403617876516575 0.43792553837510267 0.38448019720158122
1403715935.2340581 -2.5916672292886322 -2.3688198926643862  1.5619191956196161 0.60639484292168444 -0.56536036671305079 0.41958478418086714 0.36959648146588969
1403715935.2840581 -2.5994146046573814 -2.2706379189790877  1.5522949602023992 0.61629555143345838 -0.57504971564290874 0.40325855421870355 0.35620240913247669
1403715935.334058 -2.6073125045533772 -2.1764392548983706  1.5377512014074304 0.62548134224465968 -0.58256674232654115 0.38801111513347047 0.34472663919653967
1403715935.3840582 -2.6151750173976813 -2.0836051865320986  1.5229109713388906 0.63276155573486592 -0.58869085851836422 0.37521354388137684 0.33506817689670493
1403715935.4340582 -2.6223108320003634 -1.9959865060655273  1.5019338263813251 0.63961858333335375 -0.59360212427378278 0.36324167665792617 0.32646603230814852
1403715935.4840581 -2.6309253830672481 -1.9140004428362221  1.4868901105103796 0.64492681944553631 -0.59752953796507891 0.35382104478723647 0.31912147700330734
1403715935.5340581 -2.6331141304403047  -1.842987695735981  1.4656510628972801 0.64975586496019477 -0.60026254015190261 0.3454967191758605 0.31326381195237268
1403715935.5840583 -2.6378392140489448 -1.7719513354746179  1.4437184931840363 0.65335397354447189 -0.60228711958885073 0.33883402014104935 0.30914449311943115
1403715935.634058 -2.6422620235612806 -1.7094253160402206  1.4209962963868517 0.65637138221167124 -0.6050946934282172 0.33272183041993925 0.30386379211837228
1403715935.6840582 -2.6455875741454249 -1.6533318708733173  1.3985951718824734 0.65941518295771373 -0.60774613101268304 0.3264932649404631 0.29869450057287011
1403715935.7340581 -2.6482634012412629 -1.6068271910364229  1.3775004789147998 0.66285404866367659 -0.61023562392684993 0.31944599545603042 0.29358346249045819
1403715935.7840581 -2.6497576104157261 -1.5694502273455528  1.3569832949757228 0.66548474320537054 -0.61322032067475718 0.31319886066786623 0.28809263883129771
1403715935.834058 -2.6489551460282748 -1.5424746451433551   1.338298421960517 0.66823947221061031 -0.61503379392457314 0.30711779447592841 0.28437317107398191
1403715935.8840582 -2.6459633237309825 -1.5282072991218669  1.3210371644285013 0.67020221481605191 -0.6164350798267636 0.30260483856602466 0.28154412672094659
1403715935.9340582 -2.6444932082831807 -1.5219008257341429  1.3067222855149032 0.67000858708897648 -0.61687542598561396 0.30165451417657957 0.28205984492478281
1403715935.9840581  -2.634317163499619 -1.5305799277622223  1.2923829615043148 0.6674406342708098 -0.61398617585375093 0.30734751205757099 0.28823858592611645
1403715936.0340581 -2.6311050564453717 -1.5477350093121585  1.2837051577936029 0.66076313558678168 -0.60825986607702587 0.32037058004209629 0.30128840902526249
1403715936.0840583   -2.62648774553828 -1.5864126276493176  1.2817179875961187 0.65077304215319698 -0.60011258419407709 0.33836831831814468 0.31916487127679177
1403715936.134058 -2.6204597981339055 -1.6534209491054179  1.2860018327326297 0.63969447774990373 -0.5887986274294027 0.35804964619895163 0.34045205584683258
1403715936.1840582 -2.608753129720573 -1.712004925521136 1.2893839319283567 0.62691264487705733 -0.57729823972817595 0.37816187211835522 0.3615257619810005
1403715936.2340581 -2.5947120410007862 -1.7874561561276558   1.295091637096764 0.61395932208163218 -0.56430124332091913 0.39824990442107527 0.38211918460623256
1403715936.2840581 -2.5858229852908403 -1.8399649611878921  1.2938459594706415 0.59917308803991098 -0.55186290951907224 0.41788521329075706 0.40225724130063828
1403715936.334058 -2.5749938982287128 -1.8937498535432213  1.2931781791337258 0.5855958907138209 -0.54227321923269289 0.43433059544041658 0.41758130028351553
1403715936.3840582 -2.5625810467034449 -1.9378414271435258   1.288271822020622 0.57267075679665647 -0.53479841039674614 0.4499330663107059 0.42848465595316743
1403715936.4340582 -2.5508323660224712 -1.9765080149270273   1.280600518642627 0.56341645648168936 -0.52906436464926099 0.4602262924330533 0.43685759049971418
1403715936.4840581   -2.53911018555532 -2.0142104924397306  1.2751118049663062 0.55679942806943072 -0.52549111021197847 0.46759222095129482 0.44180426083908769
1403715936.5340581 -2.5281991391971745 -2.0438680128832671  1.2670916377403556 0.55003375177798197 -0.52334214739344453 0.47468895138185657 0.44524854643518935
1403715936.5840583 -2.5179810375602103 -2.0683279938275239    1.25893449658255 0.54384765511565747 -0.52229929458297231 0.48115073690946064 0.44713213178524025
1403715936.634058 -2.5083580030172494 -2.0877717034165459  1.2514743063348022 0.53824417441390793 -0.52168006836771863 0.48739343060758672 0.44787359687517941
1403715936.6840582 -2.4993165149685481 -2.1011330323783048    1.24454365109595 0.53338421097238531 -0.52192921292654182 0.49258634935085249 0.44771628137967734
1403715936.7340581 -2.4911681160057682 -2.1086658846911903  1.2375863290760514 0.53329899366378419 -0.52326136106952448 0.49186073173152894 0.44706012117990229
1403715936.7840581 -2.4839345486797972 -2.1103538845111052  1.2298374366127898 0.5371974291788354 -0.52685745357812086 0.48671741172078448 0.44378633014171204
1403715936.834058 -2.4775454654829585 -2.1072568865244379  1.2223735327097311 0.54348997120593534 -0.53072522922222198 0.47826290650601044 0.44069714603797333
1403715936.8840582 -2.4716283481863122 -2.0993514478903501  1.2156772123789505 0.54881786146446088 -0.53431907633842046 0.47088220109126605 0.43768942447113973
1403715936.9340582 -2.4647291429239382 -2.0883733177723536  1.2090124030798479 0.55352616170661761 -0.53839272259609416 0.46457784418495435 0.43348528378062051
1403715936.9840581 -2.4595185543795242 -2.0741379187090812  1.2020717138831574 0.55787988398592925 -0.54107377150447489 0.46041142146892572 0.42898779914437285
1403715937.0340581 -2.4544002797792648 -2.0575101145052983  1.1949546319354161 0.56337967756762375 -0.54255020742139626 0.45677410248895267 0.42379243814184803
1403715937.0840583 -2.4489032911836572 -2.0369911269535614  1.1836410220054487 0.57048363931374257 -0.54379263935690536 0.45289525577619816 0.41680195531212461
1403715937.134058 -2.4452357083489913 -2.0161901335073158  1.1731236314671565 0.57912093018524646 -0.54522655835447553 0.44907723827411039 0.40703388354092396
1403715937.1840582 -2.4402847556234306 -1.9938370473761031  1.1647703233467965 0.58751360362381388 -0.5440783492169895 0.44732030494287789 0.39838556732904712
1403715937.2340581 -2.4302927088825532 -1.9425908642931511  1.1600103025287893 0.5952317982893488 -0.54232315105534945 0.44534710814371359 0.39147242483048073
1403715937.2840581 -2.4246717298992637 -1.9165441438260802  1.1486319386252464 0.60382197408699101 -0.53834574598290008 0.44638890540496223 0.38251774667741062
1403715937.334058 -2.4181186443927287 -1.8903844497644415  1.1346664535054003 0.61288580434184303 -0.53127360118078903 0.44795643994472684 0.37610421353222628
1403715937.3840582 -2.4130871766485376 -1.8609466484202641  1.1176300839645383 0.62111345084957892 -0.52298516702595144 0.45173995227844682 0.36964254592786278
1403715937.4340582 -2.4076431330336283 -1.8375591752845106  1.0976952236562449 0.62932238586897937 -0.51438060873757563 0.45588746334666086 0.36267415783631957
1403715937.4840581 -2.4030161767439004  -1.809828456026036  1.0746492416207869 0.63793375595651658 -0.5081453157457112 0.45699007025941252 0.35494920309982431
1403715937.5340581 -2.3995897610428161 -1.7819866993332025  1.0478634866507661 0.64773484091694533 -0.50588498018676742 0.45469568935269261 0.34317895152210759
1403715937.5840583 -2.3930538661174841 -1.7580102897106338  1.0181561996513506 0.66014658836418716 -0.50357328313155114 0.44841606877458018 0.33097350294545647
1403715937.634058  -2.387843010692682   -1.73381689319637 0.98898431317197144 0.67206971209512023 -0.50113382329397305 0.44204547663562344 0.31903446494247567
1403715937.6840582 -2.3866190738962536 -1.7104210568322791 0.96173062242981233 0.68269960394355655 -0.49789960452861182 0.4374838781800709 0.30761191608597982
1403715937.7340581 -2.3813231391789529 -1.6894128794887666 0.93291462137646153 0.6918693597871568 -0.49389247290329807 0.43382091127689992 0.29864097363900882
1403715937.7840581 -2.3732815942367855  -1.669350130160524 0.90556199099597223 0.699290376295853 -0.48954202323558021 0.43259021174441864 0.29018491657792633
1403715937.834058 -2.3658105131869336 -1.6547277232095241 0.87758965507108588 0.70695132801189897 -0.48355466250095974 0.43144019080606816 0.28329149290619193
1403715937.8840582 -2.3583346090470214 -1.6444235030995999 0.85222689762496207 0.71311881565018043 -0.47798065985695926 0.43241119516935378 0.27571108403653416
1403715937.9340582 -2.3496766467371413 -1.6365633395360051  0.8265632218043425 0.71978300901527947 -0.47079715406559963 0.43294491421019221 0.2698539622020984
1403715937.9840581 -2.3364169853997425 -1.6286986963158669 0.80163816075380612 0.72650946528728422 -0.46315189856502142 0.43332124369715391 0.26439934845674723
1403715938.0340581 -2.3245504021565919 -1.6283757217118389 0.77883557843958351 0.7327699197931391 -0.45543234048100273 0.43508738516660411 0.25754338500384666
1403715938.0840583 -2.3099916233733291 -1.6330155157629396  0.7565840463507657 0.73943575993987776 -0.44761788399251123 0.43587521691432518 0.25077037730181023
1403715938.134058 -2.2940829198257848 -1.6425001872632981 0.73920758977750811 0.74631357953541233 -0.438310928287582 0.43728070942390523 0.24430544879401342
1403715938.1840582  -2.274441547566866 -1.6559667832582257 0.72382501563445223 0.75333810311135785 -0.4289492627397104 0.43839614666362986 0.23726156660133835
1403715938.2340581   -2.25039053935707 -1.6697594988364812 0.71143805595712939 0.75877828132544045 -0.41718142287121962 0.44319991569714018 0.23192458887751299
1403715938.2840581 -2.2251563222349029 -1.6918698042092566 0.70562627977724923 0.76279580063657804 -0.4021978732818578 0.45028517914669619 0.23156574595475141
1403715938.334058 -2.1981888015455637 -1.7151696428881305 0.70464995729203805 0.76454208932474532 -0.3841410218259057 0.46117844557339627 0.23500108582729579
1403715938.3840582 -2.1679093102804141 -1.7315954259788031 0.70031602020631412 0.76564408769225867 -0.36605700099572352 0.47186995171987667 0.23901914498170887
1403715938.4340582 -2.1357180936133182 -1.7584213873032508 0.70404499346062088 0.76587568918007365 -0.3506536402069434 0.48347686147732283 0.23817341948379589
1403715938.4840581 -2.1015962356421869 -1.7839978733660187 0.70884330914635429 0.76506602201271956 -0.33579310961848607 0.49594485776197411 0.2365495033895354
1403715938.5340581 -2.0660020926609959 -1.8091321366899127 0.71014709006450927 0.76460835070871835 -0.32443340692812472 0.50605421319112631 0.23243529810898689
1403715938.5840583 -2.0304737075058257 -1.8362998259363457 0.71564166298550258 0.76470993586601199 -0.31399791023962426 0.51486077545359388 0.22702953167434614
1403715938.634058 -1.9946973825041694 -1.8643792765451785 0.71950254371281086 0.76570576896213105 -0.30624014415400291 0.52022734552036842 0.2219800857272522
1403715938.6840582 -1.9584347491407867 -1.8925885254370436   0.722602382085206 0.76799480896698946 -0.30094875056586307 0.52243324961345694 0.21604935230388195
1403715938.7340581 -1.9203784621138578  -1.924559462517901 0.72545342744963515 0.77368664441377089 -0.29625438293509032 0.51988491787632485 0.20823541728590597
1403715938.7840581 -1.8836975809938636 -1.9524397792044355 0.72671185705246011 0.7803821679084767 -0.29484671636517229 0.51302359900177952 0.2021778245169413
1403715938.834058 -1.8451450423564857 -1.9808074042025043 0.72585179435368086 0.78777352355638652 -0.29519434483173251 0.50404838526825335 0.19546968990456268
1403715938.8840582 -1.8049988417521052 -2.0101312754371898 0.72570552878995132 0.79481202757695424 -0.29606193724276975 0.49487308398970875 0.18900211871189213
1403715938.9340582 -1.7566618569721912 -2.0443073133520833 0.72114248273145609 0.80157592115297882 -0.29518076514105496 0.48661763195618518 0.18316014519498963
1403715938.9840581  -1.712993295464623 -2.0765906094160669 0.71993631255864066 0.80687277271249269 -0.29608181887987117 0.47929416882958936 0.17767663017401678
1403715939.0340581 -1.6668034826255904 -2.1108394590305561 0.71780621385082355 0.81122702146312875 -0.29665424635474136 0.47321336533181291 0.17313604084390169
1403715939.0840583 -1.6179857762133727 -2.1474819455207133 0.71588204711223469 0.81467511628534417 -0.29614563289500562 0.46852529839032636 0.17054695479818188
1403715939.134058 -1.5628085130151956 -2.1906031308203091  0.7156622749299717 0.81508738308669149 -0.29405003522674522 0.469377914074953 0.169857318048664
1403715939.1840582 -1.5031036951399235 -2.2385523519259523 0.71293354511592455 0.81016293632367919 -0.29001745961176517 0.47923888327707576 0.17278883784282387
1403715939.2340581 -1.4417445792942909 -2.2828679921200803 0.71410205640445013 0.80031547501987943 -0.28484602849216339 0.49631198297698542 0.17897568563746041
1403715939.2840581  -1.380827973700111 -2.3291374596883108 0.71702092553567098 0.78897654270432316 -0.27879835237581324 0.51518606598303029 0.18539366545757191
1403715939.334058 -1.3186995581968903 -2.3765386361052734 0.72041968913237653 0.77674810391530391 -0.27316114723761381 0.53415235714982279 0.19164193188104514
1403715939.3840582 -1.2531334075052165 -2.4244099881265835 0.71825755419291049 0.76308804332412761 -0.26863191731551778 0.55324080685677102 0.19864073289134918
1403715939.4340582   -1.18981576324884 -2.4706934141819556 0.71907905886199353 0.75072704044480343 -0.26370807069850388 0.57001596246961084 0.20481398078086036
1403715939.4840581 -1.1298003262697924 -2.5145464519996472  0.7202028995794163 0.73917598103167581 -0.2592414816362506 0.58501366911344077 0.21017071683593544
1403715939.5340581 -1.0721903806816571 -2.5555439742742272 0.72151112200577094 0.72834997501254739 -0.25486944480966467 0.59811324918128639 0.21635253905475479
1403715939.5840583 -1.0176857075342387 -2.5936896509683005 0.72299546937691139 0.71778433797463903 -0.25148212432652334 0.61025294040680278 0.22166130475881349
1403715939.634058 -0.96599446115780763  -2.6279635162620041  0.72644803828932669 0.70395774131991007 -0.24666350578072638 0.62563420718836804 0.22843478751607491
1403715939.6840582 -0.92029833394523375  -2.6572882661319359  0.73218716268024675 0.68954561856911167 -0.2422089761868664 0.64096186483207918 0.23458375817100985
1403715939.7340581 -0.88164900273296676  -2.6808672024460432  0.73942983185467015 0.67672989710304066 -0.23856397085335046 0.65374252652634079 0.24030103451409993
1403715939.7840581 -0.84862245026416228   -2.698748881311746  0.74894828825035398 0.66630140630640899 -0.23641663683641304 0.66363535372421623 0.244413025570234
1403715939.834058 -0.82494083888301284  -2.7110676316909221  0.76011203382781711 0.65800018949549866 -0.23500299762591847 0.67069097170322778 0.24896377689636037
1403715939.8840582 -0.80730664480697911  -2.7143349790568925  0.77359779479922508 0.65210917775393085 -0.23397011957294214 0.67556754280416886 0.25223024906948249
1403715939.9340582 -0.7979853100811275 -2.7099149047310069 0.78973814729249059 0.65063221934179893 -0.23441960058161976 0.67610926119735881 0.25416811944199647
1403715939.9840581 -0.79638056727766371  -2.6981126647230158   0.8082645345888676 0.65388969594358692 -0.23654868559749426 0.67216920131501212 0.2542863537125814
1403715940.0340581 -0.80171981828620631   -2.677870977413626   0.8277990773130367 0.66665828069837008 -0.24188466301846726 0.65849054422481945 0.25189035261247461
1403715940.0840583 -0.81349554894971698  -2.6525187607743055  0.84757283947773121 0.6842180044229067 -0.2492914269439778 0.63956074342454106 0.24629568072952296
1403715940.134058 -0.83060793200893568  -2.6213350906452391  0.86828220634338138 0.70340356327927023 -0.25729658439383157 0.61772513302960641 0.2396613336540728
1403715940.1840582 -0.85502067042933738  -2.5827610054293393  0.88912299733165967 0.72141615657212343 -0.26485672955929185 0.59622941045057498 0.23220708851717187
1403715940.2340581 -0.87932347602337979  -2.5432179144191136  0.90916459136681649 0.73852639471754733 -0.27204438413031512 0.57445605123508936 0.224879662415363
1403715940.2840581 -0.90442314963994708  -2.5013587810771525  0.92936254420995568 0.75461616754930749 -0.27912823339165765 0.55306091261268142 0.21625331427951805
1403715940.334058 -0.92661932604899244  -2.4569887617109289   0.9472099964049322 0.77012916639382178 -0.28605846086297632 0.5311966883953253 0.20712726106454935
1403715940.3840582 -0.94807700031447184  -2.4148888309433736  0.96581553881068061 0.78384456250285295 -0.29264648325751697 0.51052931978362759 0.19825627685646047
1403715940.4340582 -0.96934627326132017  -2.3719989268238573   0.9826650181093034 0.79750184158183435 -0.29896640734046637 0.4887203476589756 0.18910928517554934
1403715940.4840581 -0.9794158365792045 -2.3384310242038211  1.0048132525417981 0.81001549420484609 -0.30438839250279054 0.46789483260880876 0.17971374815417152
1403715940.5340581 -0.99626651653552079  -2.3010246420907441   1.0229629255133177 0.8213815983706767 -0.311498404194336 0.44701530686277996 0.16875523539371784
1403715940.5840583 -1.0072193585417828    -2.2664764782127  1.0389599216587226 0.83220336011281038 -0.3194589303996061 0.42526147483931664 0.15664047121474461
1403715940.634058 -1.0148387884367294 -2.2379875898506048  1.0562857308608173 0.84205836949701451 -0.32723631820916027 0.40365936951037934 0.1446139959043577
1403715940.6840582 -1.0161940991935301 -2.2151726242680718  1.0733019706494118 0.84998961909288306 -0.33560327569560733 0.38403932123023743 0.13191621782681781
1403715940.7340581 -1.0064435866046679 -2.2022911383397035   1.093700089499487 0.85675293441390554 -0.33979936942017841 0.36755368993982218 0.1241574924297059
1403715940.7840581 -0.99227075791741293  -2.1955023836583427   1.1126553358351572 0.86216826461307461 -0.34058528806147131 0.35495236095432509 0.12114605442652554
1403715940.834058 -0.96802150407565501  -2.1987922460963678    1.133955117960898 0.86507167140650465 -0.33969751731152831 0.34859002486570745 0.12141496870841666
1403715940.8840582 -0.93352771720014727  -2.2120584377352377    1.157762210581099 0.8645137412782985 -0.33688497927124561 0.35093795789831661 0.1263607992558258
1403715940.9340582 -0.88828222674784163  -2.2348529422858379   1.1831330423711519 0.85931074658380036 -0.33305985505844388 0.36404375490128926 0.13464144336499898
1403715940.9840581 -0.83247624329114811  -2.2701040695488177     1.21579482314856 0.84787062146080949 -0.32816040692396531 0.38949190353449131 0.14738457745719782
1403715941.0340581 -0.77024521276506941   -2.310597044555283   1.2480569712625411 0.83252516256694764 -0.32129952175592602 0.42121854967235445 0.16199816179268556
1403715941.0840583 -0.70514016930106449   -2.353495587485626   1.2794166609379276 0.81248144231415342 -0.31227987712573746 0.45865826357045991 0.17885128318236371
1403715941.134058 -0.63349424520522957  -2.4015025862714672   1.3102540966044054 0.78797838671285869 -0.30323857220675737 0.49929809542154524 0.19451951652167276
1403715941.1840582 -0.56291215589500809  -2.4475369643999643   1.3437807626748972 0.76151750184718425 -0.29273898219715139 0.5384662080849828 0.21082961232516609
1403715941.2340581 -0.49517766075250164  -2.4930185959187767   1.3702903475708272 0.73748701599034661 -0.28420614048405063 0.57066983742137933 0.22288047831578048
1403715941.2840581 -0.42721405617596997  -2.5359809919496366    1.397901207918963 0.71554062784193129 -0.27796243417994759 0.59806273315261615 0.23034639633898257
1403715941.334058 -0.36374218787075824  -2.5754141023389368   1.4243167669156305 0.69793516125535704 -0.2729443376809827 0.61875664042010947 0.23564405179712916
1403715941.3840582 -0.30447076770393422  -2.6108966564594227   1.4484364474738165 0.68255204911052925 -0.26884161322192651 0.6358840647756584 0.23978812193191731
1403715941.4340582 -0.25054014416992049  -2.6424798550308402   1.4677120664158485 0.66905182671165409 -0.26553346276506168 0.65055873819649468 0.24214657024616126
1403715941.4840581 -0.20079527700327951  -2.6700778736391024   1.4818599210620409 0.66022355722690929 -0.26390893870309073 0.66005347851156548 0.24245892860448934
1403715941.5340581 -0.15758770891278456  -2.6931639949727542   1.4914574409094659 0.65262391703554778 -0.26243213303755625 0.66804612962639687 0.2427463020392448
1403715941.5840583 -0.11905406345044287  -2.7122434494208298    1.494536146845719 0.64593853610120899 -0.26109864188406423 0.67506729249488528 0.24264182943043755
1403715941.634058 -0.087889515137393737   -2.7262090103216767    1.4923721808069295 0.63723493877613868 -0.25958074865174913 0.6839648834413713 0.24236647035305778
1403715941.6840582 -0.066429398707122236   -2.7330834136780782    1.4913852491310255 0.62757582392651068 -0.25809504479684164 0.6936189812268212 0.24171934543214432
1403715941.7340581 -0.053338571154910808    -2.734507289613469     1.486675135365934 0.61718292412425735 -0.25613739950519931 0.70386213342893944 0.24095013564845114
1403715941.7840581 -0.048372365576696781   -2.7266673096516834    1.4866879599046106 0.60696986195517044 -0.25348040947702261 0.71348702601601222 0.24139497177097252
1403715941.834058 -0.055494715316061094   -2.7131809203398984    1.4836689073699905 0.59908018406743146 -0.25105843823739249 0.72062472222147733 0.24243061558052548
1403715941.8840582 -0.071900750386220694   -2.6945495436991771    1.4748800896501473 0.59512598741113765 -0.24942606276455503 0.72434193075735909 0.24277657561715513
1403715941.9340582 -0.098764109634890171   -2.6688032273826896    1.4649630249078238 0.59809723679674431 -0.24857018263037833 0.72129655572005569 0.24540545704931713
1403715941.9840581 -0.13644774767284473  -2.6355494634529357   1.4518806286283463 0.60985639756187227 -0.25105202116836217 0.71067004638290121 0.24494109943874459
1403715942.0340581 -0.18398660843070602  -2.5953178585867738   1.4380451860534926 0.62937945498025671 -0.25550730201944843 0.69233748661411376 0.24344675987235795
1403715942.0840583 -0.23550544705060872  -2.5503976593762197   1.4203992247392692 0.65255613445311078 -0.26189914526042118 0.66956908447364372 0.23928345161460934
1403715942.134058 -0.29395252448512565  -2.4990946737304118   1.3993606475343194 0.67731976759422297 -0.26947060132656181 0.64378881523163622 0.23272191308395335
1403715942.1840582 -0.35650192626135691  -2.4513435379572237   1.3806412257031755 0.70132980068831186 -0.27724606428552651 0.61696322821870397 0.22500556777696393
1403715942.2340581 -0.42520979605232512  -2.3960798181521432   1.3510346817385357 0.72351473905026076 -0.28500341600913076 0.59035275659857223 0.21629400827722056
1403715942.2840581 -0.48942043611708447  -2.3453176405472829      1.3185596243275 0.74678739697058971 -0.29320892125133802 0.56050100039335016 0.20536733134208895
1403715942.334058 -0.56200104102073611  -2.2874064865802533   1.2760072756084226 0.76595337324571933 -0.30070984387094479 0.53350610517776353 0.19560228922655493
1403715942.3840582 -0.63219142575338838  -2.2299396995326735   1.2277043947692108 0.78172022925564721 -0.30757590880457464 0.50961913102461986 0.18600775464815947
1403715942.4340582 -0.69877230948144586  -2.1753496177721598   1.1774353614534483 0.79331425005316247 -0.31322228614910308 0.49092642581503815 0.17758250071048617
1403715942.4840581 -0.76437486460329729  -2.1222817726714505   1.1249618228074389 0.8036874335218589 -0.31910970124172966 0.47339325027538642 0.16779254562157164
1403715942.5340581 -0.82701336064344777  -2.0725704018282269   1.0720307337164152 0.81237083821753664 -0.32345423450347827 0.45801518128543017 0.16016576758964551
1403715942.5840583 -0.88555330061622184  -2.0264228691353243   1.0192863474282778 0.82132865835077362 -0.32626579283247259 0.44195009024034243 0.1537855166641823
1403715942.634058 -0.93974248562182827  -1.9857214267953052  0.96747519675093197 0.82970817055040647 -0.3272622509913734 0.42679867857987991 0.14942107870185314
1403715942.6840582 -0.99012827995746955  -1.9511979410878559  0.91730897418299473 0.8365864780915917 -0.32777115758568603 0.41391433511691839 0.1461644830797329
1403715942.7340581 -1.0348847201903142 -1.9240327700375337 0.86879066289903151 0.84107268293219639 -0.32757185731077021 0.40551306812892657 0.14440419626823175
1403715942.7840581 -1.0701327789440533  -1.901831217269967 0.82103125750032124 0.84413792635213869 -0.32619396995650046 0.40044484679848497 0.14377962279289436
1403715942.834058 -1.0982337764313259 -1.8860224938681527 0.77447827128087221 0.84568177824681212 -0.32456175157933953 0.39848399628477899 0.14384889314128635
1403715942.8840582 -1.1186132753856044 -1.8767169068475524 0.72950801564017087 0.84622571400246405 -0.32201627534817784 0.39897033878615018 0.14501802695103549
1403715942.9340582 -1.1315414182982926 -1.8774881170173274 0.68546370752289632 0.84608886960040042 -0.32010857411948812 0.4005206485906973 0.145764658151391
1403715942.9840581 -1.1364032547680629  -1.881841271712184 0.64372427992686454 0.8452355209918635 -0.31683632654523908 0.40397965628102261 0.14829731469584578
1403715943.0340581 -1.1339742286014787 -1.8925415119184394 0.60672944984487542 0.84439631232356283 -0.3120155492344911 0.40791194680477377 0.15247625527998324
1403715943.0840583  -1.123450746478587 -1.9099928411226736 0.57510501123885338 0.84378881725965793 -0.30518015488843636 0.41177354364757462 0.15914789876632596
1403715943.134058 -1.1030480354178471 -1.9349195176108624 0.54975010912380085 0.84061475291270005 -0.2997474007130429 0.41986360733753142 0.16502388973966819
1403715943.1840582  -1.061415353041899 -1.9721959340504638  0.5329176935231269 0.83394267835875657 -0.29414246846328074 0.43447276097964749 0.17103577820115198
1403715943.2340581 -1.0218803602282573 -2.0083618213801837 0.51560732452248592 0.82170838935383472 -0.29034730486494881 0.45746429306278252 0.17669234843579376
1403715943.2840581 -0.97603430491791054  -2.0505673352151934  0.50773535847953644 0.80576714209857747 -0.28490541545050591 0.48558664640997889 0.18377656485410648
1403715943.334058 -0.93287210285849109  -2.0909278055214364  0.49405885236234354 0.78785702297562688 -0.27707719183232338 0.51617845007097451 0.18991932180961205
1403715943.3840582 -0.88653492258989386   -2.131671393935227   0.4903334631951024 0.7694070369366659 -0.26779043961072618 0.54544434915543982 0.19695571568206119
1403715943.4340582 -0.83979405524808848  -2.1702437288674323  0.48374294584867578 0.75072280593836893 -0.25755624071869621 0.57367838530232484 0.20241828412421789
1403715943.4840581 -0.79301954284016907  -2.2051274430852006  0.48201258441372258 0.73619444247355093 -0.24807515661174318 0.59521400614753928 0.20541846662097782
1403715943.5340581 -0.75247561240400274  -2.2373656286965846  0.47475178414313451 0.7254081509026582 -0.24169869120397167 0.61019381017298091 0.20743257049184377
1403715943.5840583 -0.71616494117928742  -2.2660637818199261   0.4684075085229224 0.71686854908837772 -0.23679354089060514 0.62125293084493993 0.20993593841214034
1403715943.634058 -0.68347340313953608  -2.2915276812249483  0.46172559026081761 0.70897879479557313 -0.23361536698190793 0.6309882185357838 0.21125055481385824
1403715943.6840582 -0.65585412534529519  -2.3123592983807519  0.45700004666328026 0.70129442585362411 -0.2320581771808416 0.639519785929341 0.21295439435482658
1403715943.7340581 -0.63289369733733869  -2.3293168026499038  0.45256400377283096 0.69311268597354236 -0.23211538286317385 0.64819273655744947 0.21345592016851819
1403715943.7840581 -0.61594777844499282  -2.3424708208931486  0.44995206683452676 0.68385261747549975 -0.2314497135449694 0.65728976862154731 0.21621005466280349
1403715943.834058 -0.60592997401801207   -2.350522450617861  0.44914349162102163 0.67549395180896699 -0.23125607854237562 0.66477729083097703 0.21977192905859114
1403715943.8840582 -0.60399298720938144  -2.3524426286974003   0.4523620253422026 0.66874283905772991 -0.2317204856056882 0.67061509208601899 0.22218017469191861
1403715943.9340582 -0.60988945852849841  -2.3485323721787004  0.45982590472627805 0.6637246539822349 -0.23184284598160934 0.67434549091319318 0.22578006410742962
1403715943.9840581 -0.62319636838680947   -2.337062389217353  0.46924803070637117 0.66458065610071937 -0.23466581866165293 0.67260772959635762 0.22552903843147734
1403715944.0340581 -0.64483058309273167  -2.3206492317713785  0.48102529784475306 0.67499886368810136 -0.24132620382460446 0.66184883532713779 0.21930416444629802
1403715944.0840583 -0.67469047008456295  -2.2980879118058302  0.49426990534959281 0.69466897861153987 -0.25013025903697667 0.64148108974648721 0.20825915386017063
1403715944.134058 -0.70863912871035584  -2.2716039942587098  0.50894993702307889 0.71687649764821348 -0.25763781416945458 0.6175452463926363 0.19582827295228566
1403715944.1840582 -0.75199638629828303  -2.2419701407956927  0.52671755778434359 0.73959129630481157 -0.26375220193549398 0.59213746260230526 0.18114280495578752
1403715944.2340581 -0.79694345411351497  -2.2074509523356149  0.54241411609861923 0.76396563057043942 -0.26880897238433082 0.56300184706876644 0.16470328433260947
1403715944.2840581 -0.83875749374068387  -2.1738921394846207  0.55388217786851546 0.78643163264842342 -0.27041855863046482 0.53485345300612608 0.14943518369373712
1403715944.334058 -0.88086107380448242  -2.1429256285023661  0.56569935315279085 0.80487067561282066 -0.26809917264200328 0.51138104859101208 0.13709650728297865
1403715944.3840582 -0.92170204495158115  -2.1124938140874687  0.57368513027702694 0.82065035948219822 -0.26251859119427473 0.49151002126599397 0.12662888988779164
1403715944.4340582 -0.96147263343656442  -2.0876138924326857  0.58129537854431335 0.83449537784905936 -0.25530525394242354 0.47438897532035801 0.11572290936738146
1403715944.4840581 -0.99740325949260278  -2.0616869778566165  0.58403928754347156 0.84704321291410745 -0.24619204985205695 0.45902754447547023 0.10583469874577385
1403715944.5340581 -1.0273056272268408 -2.0408102312540399 0.58803234366080592 0.85722456664023683 -0.23600347346919137 0.44744441443817323 0.096238759587887496
1403715944.5840583 -1.0501133877369868 -2.0260590175738993 0.59366794796788558 0.86535557933286522 -0.22601338875885602 0.4390753141895562 0.085384646679377299
1403715944.634058 -1.0658702868384438 -2.0161082150190928 0.59984317855246372 0.87193467597517349 -0.21466057104360409 0.43347086308662158 0.075853615116501849
1403715944.6840582 -1.0736906287152805  -2.012002125929008  0.6074061158084525 0.87706907035215453 -0.20391718923204061 0.42995665268360866 0.065611756419244396
1403715944.7340581 -1.0752775899606761 -2.0118674207200016 0.61481732594728777 0.88156174253326181 -0.1919910737293288 0.42755519509258194 0.056434713247457836
1403715944.7840581 -1.0675906416461223 -2.0169762498428536 0.62397764976746661 0.88537141631401017 -0.17662488598039591 0.42704322105753806 0.050548908745279265
1403715944.834058 -1.0503298511570789 -2.0278254496666142 0.63659721916389089 0.88621983157124695 -0.15999473545915482 0.43226885553388239 0.046472909211855561
1403715944.8840582 -1.0256224514422843  -2.043761593269251   0.651440560714314 0.88224802362556209 -0.13910993178373646 0.44713332895505675 0.048565809222981225
1403715944.9340582 -0.98477279897666747  -2.0683950568681886   0.6742950816233626 0.87320802624252691 -0.11720764975497359 0.47006621423750883 0.052989281717743655
1403715944.9840581 -0.94268269851054753  -2.0946401274650372  0.70073019997001107 0.85970267865493044 -0.095938333800845557 0.49841776730988313 0.057331227536886117
1403715945.0340581 -0.90250476381657685  -2.1144768868371293  0.72195685901155027 0.84141846293190736 -0.075498657780407596 0.53140448479804481 0.062643407052842173
1403715945.0840583  -0.860269723541914 -2.1372100935673113   0.746405785549214 0.8209933700526425 -0.058416164175563182 0.56397678474213286 0.066989733277155517
1403715945.134058 -0.81187342981240007  -2.1565748714874275  0.76372381484712537 0.80243058817541357 -0.045102008060720872 0.59089927704656442 0.070064287730612532
1403715945.1840582 -0.77107325404804383  -2.1719623238485766  0.78119403396091591 0.78699462283360455 -0.034601375347313099 0.61159723468870308 0.073423640445012303
1403715945.2340581 -0.73231163198063831  -2.1873770006251338   0.7960246590076554 0.77315750667721928 -0.02748797024624839 0.62910023107267143 0.075529998177667743
1403715945.2840581 -0.69959115355589085  -2.1999094937222909  0.81244180857229586 0.76110048172072342 -0.022756352653919822 0.6435741073811283 0.077592354307348302
1403715945.334058 -0.66957620253710548  -2.2098079734014635  0.82642351980141915 0.74857143347039257 -0.019783277257409981 0.65804167674513347 0.078934039548799254
1403715945.3840582 -0.64681010856675225   -2.216721820073237  0.84219677565320972 0.73580970236299692 -0.017341996365628685 0.67205249910735998 0.081417292475765901
1403715945.4340582 -0.63112278686178591  -2.2204662939771977  0.85924695826747577 0.72362000256140047 -0.016692454445627457 0.68506544465931962 0.08234555477588576
1403715945.4840581 -0.6240579641745434 -2.2202330804864716 0.87803765178730775 0.71158097481937899 -0.017688274967498738 0.69765085163858709 0.081381388607782629
1403715945.5340581 -0.62381242448149021  -2.2160381538080571  0.89358396118576378 0.70337191220000794 -0.019252170103594042 0.70601493370985346 0.080250984125291386
1403715945.5840583 -0.63247719702391636  -2.2091701569911772  0.90695892849414639 0.70944303520992069 -0.025375236966030057 0.70038867321299592 0.074178053196293794
1403715945.634058 -0.64905582590776534  -2.1994535314207617  0.91744417279662072 0.72733764442803672 -0.032740980720167123 0.68215278604692275 0.067642853782036397
1403715945.6840582 -0.67284854775062886  -2.1880807884187754  0.92735435494375407 0.747691461507768 -0.040389327543736663 0.66004455634505665 0.060558766897948861
1403715945.7340581 -0.69976159664114457  -2.1728724556602841  0.94360359835861607 0.7672322212496564 -0.046787967616151616 0.63716805687379185 0.056413403215412647
1403715945.7840581 -0.73343048894807805  -2.1577622284496121  0.95449666259404975 0.78636880156116662 -0.05177005305123631 0.61331836550012975 0.05276885519485789
1403715945.834058 -0.7702053881762112 -2.1417749154532548  0.9641524584574086 0.80587379500992451 -0.055366185577910593 0.5872620886888581 0.05123720522876437
1403715945.8840582 -0.80721794697538274   -2.124788696483813  0.97472735239365926 0.82391498646988748 -0.059475167006165647 0.56146600091411403 0.04881320925145221
1403715945.9340582 -0.83721760823311264  -2.1061147056768932  0.98214460228429135 0.84070791082131069 -0.062425046825437348 0.53580286812375788 0.047208142535628286
1403715945.9840581 -0.86882206091277148  -2.0884905786482926  0.99451269197482373 0.85420151879063477 -0.064949674497954996 0.51403562845182049 0.043458920379187305
1403715946.0340581 -0.87484057634339873  -2.0711321079361853   1.0110160962773711 0.86588208896077101 -0.064844165033454609 0.49428290755966098 0.04156740997961484
1403715946.0840583 -0.89562282531196158  -2.0545018536774822   1.0237046424902014 0.87480231866307889 -0.062921471355295147 0.4788600084063 0.03814294237868919
1403715946.134058 -0.90909028486307897  -2.0384310556284939   1.0354159370655072 0.88326622678118805 -0.060257803728816978 0.46383658230367553 0.03264038348959801
1403715946.1840582 -0.91975863392088053  -2.0221825104068221   1.0461531055462872 0.89085407246990111 -0.055201814534570341 0.45004188891101254 0.028179415559784492
1403715946.2340581 -0.92245504399444156  -2.0062930508761485   1.0583642428290252 0.89694663582185863 -0.049778977947544406 0.43873709906606123 0.022771555621984855
1403715946.2840581 -0.91668621678089324  -1.9914387211658591   1.0714253150909674 0.90087463536886891 -0.043563424906163946 0.43151501137005388 0.017941970955136968
1403715946.334058 -0.90206576137454475   -1.977122846388558   1.0860620149551252 0.90138174103233981 -0.0345556643523212 0.43140140882884098 0.014480588909601444
1403715946.3840582 -0.87736207496070628  -1.9634429027003277   1.1034070546712471 0.89728015049543441 -0.022772826330990485 0.44067058142556143 0.013385386578165088
1403715946.4340582 -0.84328751471691454  -1.9506348640588198   1.1237379382509718 0.88813426031893306 -0.010659183531401958 0.45926648682148186 0.013349589388414544
1403715946.4840581 -0.80112873782242511  -1.9366560365358265   1.1428247181537978 0.87494596818965265 0.00051000790786084351 0.48403676666264656 0.01333045983362356
1403715946.5340581 -0.75790755166257429  -1.9225233317763737   1.1627324306671911 0.86018556124058554 0.0082180648912430834 0.5098113421715168 0.010279058125079015
1403715946.5840583 -0.7038568640732964 -1.9091365697111218  1.1841004302225706 0.84300593142441982 0.01360987072573323 0.53769102174288375 0.006643503531206422
1403715946.634058 -0.65164056837072393  -1.8957888385657118   1.2066354428375783 0.82479820729706776 0.01872399870163605 0.56510539146148264 0.0036367091345132787
1403715946.6840582 -0.59855015903204767  -1.8805446853522456   1.2275594178115037 0.80731332842540504 0.022006044976802603 0.58971144803389075 -0.0011540316048156212
1403715946.7340581 -0.5485558818302011 -1.8651052688954106  1.2466224392168954 0.79300548560009154 0.025350101011134517 0.60867639571827903 -0.0035661579176063667
1403715946.7840581 -0.50203303826255608  -1.8497068825054195    1.264976071847395 0.78089187370081536 0.02694093646497437 0.62403921985971511 -0.0075577514710676143
1403715946.834058 -0.45794666747353996   -1.834064302500916   1.2831136875184248 0.77260526495051862 0.028337472269424579 0.63417333274763332 -0.010113172987647114
1403715946.8840582 -0.41766202303600253  -1.8191583339572164   1.2984032384918758 0.76504950463474797 0.029779434350582851 0.64316882583952828 -0.012095545299364406
1403715946.9340582 -0.38186859849808918  -1.8039846378795668   1.3132076284818102 0.75772594954059047 0.031107504848124069 0.65169830596081491 -0.013153955402789822
1403715946.9840581 -0.35145020229696433  -1.7884005481815295   1.3271352380156605 0.75131545140221923 0.032478178565036722 0.65903321755823585 -0.01206144917562698
1403715947.0340581 -0.32671037249888429  -1.7732537628605005   1.3409305335593538 0.74391630327432789 0.032354965150689703 0.66736993290021085 -0.012612002756260177
1403715947.0840583 -0.30743264121690395  -1.7583657413898959    1.354423726126772 0.73568661703101657 0.030960570574854906 0.67646102191876811 -0.014392026117053081
1403715947.134058 -0.29882201259851043   -1.746407625926343   1.3719983105954132 0.72104825134541051 0.028271145290042477 0.69212922250291575 -0.015725804692428378
1403715947.1840582 -0.29404053448374751  -1.7319416670705352   1.3856857328693122 0.70524508021161114 0.026108152297425226 0.70830618235532028 -0.0158143371079713
1403715947.2340581 -0.29766326439409241  -1.7176801965948838   1.3972106006670366 0.69405796805552467 0.022871759004892706 0.71936169933915761 -0.016708235769761881
1403715947.2840581 -0.30954799082891404  -1.7062037077894947   1.4021052342221048 0.68885958726302776 0.019670761308683955 0.7244258927439049 -0.01710719461350934
1403715947.334058 -0.32980806398377971  -1.6923527224809196   1.4035949938752228 0.69279568760601506 0.016206926942999338 0.72073133017669799 -0.017827519605957846
1403715947.3840582 -0.35951069462835639  -1.6801695170240429   1.4033016887578176 0.70549812190567929 0.013677922775266756 0.70838516109079652 -0.016606563837216523
1403715947.4340582 -0.39613160575719669  -1.6679967999921539   1.3994715001552009 0.72547086454539067 0.012073524057663505 0.6879923014083329 -0.014589308258382578
1403715947.4840581 -0.44339639880945991  -1.6556380949752991   1.3830789545528352 0.74638940297808321 0.009644373643903097 0.66526348910141364 -0.015308012531051952
1403715947.5340581 -0.49825553510289911  -1.6494861880311873   1.3762078184328148 0.76624505573353996 0.0072291773771797387 0.6422668123107006 -0.017595322179625863
1403715947.5840583 -0.56277393875550119    -1.64492073869029   1.3498828279316046 0.7842096347916806 0.0031165375976118931 0.62007504687404202 -0.022637847456335916
1403715947.634058 -0.6259355985486833  -1.640013291384139  1.3308812591393246 0.80424468079569178 -2.5012574795523651e-05 0.59371970618955794 -0.026218376539975323
1403715947.6840582 -0.68036902122944809  -1.6317872511221174   1.3110673561063926 0.8221000520923839 -0.0037340437324002757 0.56849458732432234 -0.030845833593090285
1403715947.7340581  -0.736500157725682 -1.6236464546944229   1.289422387545673 0.83768570117388896 -0.0059254711133272641 0.54507918699197566 -0.033708081361330466
1403715947.7840581 -0.79044367964007856  -1.6167723525944087   1.2648946960147673 0.84982068567974989 -0.0051732624774697153 0.5260456098788987 -0.032466226655965796
1403715947.834058 -0.84113781666083132  -1.6125846937495056   1.2382112048839737 0.85957961349286294 -0.002071601039977917 0.51016777233032284 -0.029110833243097524
1403715947.8840582 -0.88820702724941003  -1.6095130753064686   1.2092206841931277 0.86883358888687945 0.0016020771881256842 0.49448031332145764 -0.024796126877826757
1403715947.9340582 -0.93056523538623737  -1.6069042096140687   1.1796333166156043 0.87725268892267561 0.005149184536829071 0.47949842332537501 -0.021965147507372853
1403715947.9840581 -0.96719267917554419  -1.6040358498206762   1.1492983359042481 0.88517040726653606 0.0091527281573000694 0.46478116745355813 -0.019184474123127564
1403715948.0340581 -0.99709268404894069  -1.6011201677692761   1.1199195529969996 0.8926234212482913 0.012521454588737444 0.45028490924666892 -0.017610835264035309
1403715948.0840583 -1.0166573238139684 -1.5998526749806468  1.0900309574675571 0.89939662858364477 0.014958690476596124 0.4365492016838976 -0.016933297988006885
1403715948.134058 -1.0262440788242078 -1.5949514198718064  1.0607919674700979 0.90410710812129402 0.018317764545662387 0.4266294430957181 -0.015560039538447167
1403715948.1840582 -1.0284794398411523 -1.5921342496909572   1.035139635893753 0.90749052912919193 0.021033899640378419 0.41928696732435622 -0.01472934617293299
1403715948.2340581 -1.0207177887093266 -1.5887212969877407  1.0128743284050834 0.90724938686761614 0.02216442885304265 0.4197262199125199 -0.015400923345697167
1403715948.2840581 -1.0032127923006666   -1.58523965887518 0.99363066679875822 0.90350450395487836 0.022908778837163159 0.42766621065781418 -0.016012852557410816
1403715948.334058 -0.97485993857793007  -1.5802893609258084  0.97703041663472534 0.89558952009049897 0.023274857703165286 0.44391841251486014 -0.017723869026078257
1403715948.3840582 -0.93745242583249189  -1.5752434932768324  0.96263722330173029 0.88396992641569438 0.023007601724637887 0.46656656288194526 -0.019582182106197627
1403715948.4340582 -0.89193700033043055  -1.5701977394839606  0.94992391020750899 0.87027055155537603 0.022532365330348195 0.49161371069254522 -0.020914565910577741
1403715948.4840581 -0.84435577591576039  -1.5689256678696595  0.93826162128454216 0.85516061533033194 0.023118539988935125 0.51745944585617132 -0.020039385989901112
1403715948.5340581 -0.79302139201689048  -1.5665036137921555  0.92298005189164389 0.84051557576494984 0.022574890758123564 0.54101479351578841 -0.018081327408200541
1403715948.5840583 -0.74059304167878948  -1.5620161199317948  0.91206162657302581 0.82486772973151745 0.022853568348268564 0.5646496478927906 -0.015547282587994067
1403715948.634058 -0.6874872075601518 -1.5586181530202252 0.89773858879033908 0.81165168919502217 0.022007418531534755 0.58356840802594512 -0.013605958639840061
1403715948.6840582 -0.63338264934197441  -1.5540010831011384  0.88528934437745976 0.79866283504383806 0.020767262367865833 0.60132757457401786 -0.010561476715525386
1403715948.7340581 -0.58532986949250854  -1.5506942832409885   0.8724250676016938 0.78546080596410739 0.019125824978061257 0.61856454750385248 -0.0079640243895813239
1403715948.7840581 -0.54003187706843159  -1.5460083732262488  0.85924257600377074 0.77499658457916631 0.01806520703468641 0.63168667357533059 -0.0050880853722111595
1403715948.834058 -0.49636153092740098  -1.5432247042718665  0.84522058825569668 0.76655824841267495 0.016622040235416045 0.64194898716621718 -0.003695598080395933
1403715948.8840582 -0.4583386246551075 -1.5401242696621846 0.83077573600687182 0.75898378472395678 0.016041928951703917 0.65090180553423882 -0.0036208554064993425
1403715948.9340582 -0.4250942992337941 -1.5372546636862638  0.8172454981752626 0.75229019206892456 0.016005261749045978 0.65860637760152252 -0.0063982728799388431
1403715948.9840581   -0.39713736428571 -1.5339361304869072 0.80320417642489172 0.74505706745982614 0.017923591865229838 0.66669328947383966 -0.0094217224202313467
1403715949.0340581 -0.37544988221645614  -1.5301896304846805  0.79114687173769804 0.73845565631146437 0.020807286327128451 0.6738461936827369 -0.013476192214157271
1403715949.0840583 -0.36015943629487002  -1.5271094160720535  0.77981445501392344 0.73450189721155612 0.024900886839735549 0.67790963448164232 -0.018039853219626339
1403715949.134058 -0.35172588187874043  -1.5243642925608947  0.76959901258329599 0.73440783283091049 0.029499059002568374 0.67763351852479647 -0.024243662393976087
1403715949.1840582 -0.34988487820806319  -1.5232157567067928   0.7575787238222661 0.74053404837336911 0.035456513089226503 0.67039022572510376 -0.030481209483003847
1403715949.2340581 -0.35381259415005001  -1.5206918531080202  0.74361610317558857 0.75425063962831462 0.043371085266064646 0.65421645445795085 -0.035010745487493722
1403715949.2840581 -0.36333099415516212   -1.519209686245909   0.7310541087069814 0.76951566174569941 0.051562061558614876 0.63521934370067734 -0.041029081447003089
1403715949.334058 -0.37640006885370902   -1.518721913444179    0.716167816761767 0.7869767059791406 0.060659208073291546 0.61227505001716598 -0.045906294215710644
1403715949.3840582 -0.39213461453829751  -1.5177705441035758   0.7037200115723643 0.8052207971690063 0.069465742511177667 0.58681416807681352 -0.049427831918849217
1403715949.4340582 -0.40900668387732847  -1.5195467237636027   0.6915971203924951 0.82262679478126877 0.077600590457506224 0.56077486720125713 -0.052866371011779816
1403715949.4840581 -0.4227098287095068 -1.5137477144361715 0.67825289676221856 0.83629449666451294 0.085659480932943552 0.53878333528675659 -0.054648749228379756
1403715949.5340581 -0.43892351051005229  -1.5116224663984839  0.66746580565658453 0.84734108243194506 0.093389281647467806 0.51960102003359188 -0.057500539792951083
1403715949.5840583 -0.44970684938851685  -1.5103446813977204  0.65932804811567969 0.85509261568170547 0.10331844252558106 0.50456348175961163 -0.059645711625610533
1403715949.634058 -0.46092225513119789  -1.5046345555553777  0.64993410860708767 0.86126840743457289 0.11220644248736945 0.49143458620614472 -0.064175478960725785
1403715949.6840582 -0.46763475579862268  -1.4989600474163454   0.6432870769329404 0.86657589272003521 0.12187548665729382 0.47903079915013552 -0.068717402265396826
1403715949.7340581 -0.46274353001686747  -1.4937910366261358  0.63934587931270215 0.87095787299803007 0.13233386452280835 0.46752471637684007 -0.073080581141378081
1403715949.7840581 -0.45728984064007294  -1.4857212077970106  0.62900612620734198 0.87392355926287413 0.14423489111139007 0.45792163947534248 -0.075905736618583561
1403715949.834058 -0.4423799002009085 -1.4762983850001936 0.62410884505135766 0.87416914585238881 0.15645512583055468 0.45307095474488912 -0.077953883851961725
1403715949.8840582 -0.4200707220317188 -1.4640835983261686 0.62057543278756777 0.87298477864480395 0.16972239910355086 0.4503720335298777 -0.079100663152595618
1403715949.9340582 -0.39211651362281874  -1.4502585115397304  0.61865926706375507 0.86925514090660538 0.18366458034813324 0.45199184300021505 -0.079788443989406752
1403715949.9840581 -0.35787517288119286  -1.4316663089387363  0.62056133920706369 0.86366765003416157 0.19866552027602255 0.45660435092670854 -0.078247479529539032
1403715950.0340581 -0.31131636607355168  -1.4127252051128918  0.62446794116356674 0.85727984461980922 0.21350634347267736 0.46193195917405161 -0.078135615433585909
1403715950.0840583 -0.26854216619315019  -1.3861601658833962   0.6292167831969433 0.84678583524917772 0.22737209393434393 0.47427258995496696 -0.079505915117507472
1403715950.134058 -0.21980837144975696  -1.3578779975900339  0.63636508731202657 0.83178836427061109 0.23806289120655297 0.49429409955620435 -0.084424641179689883
1403715950.1840582 -0.16726795118967897  -1.3259992876806914  0.64544020296976035 0.81608100930861094 0.24337933730008354 0.51580822746991395 -0.093381780319056043
1403715950.2340581 -0.11428444589065158  -1.2907845845157175  0.65503841503631166 0.79739419223829933 0.24417481432203367 0.54169027518917101 -0.10541730408671415
1403715950.2840581 -0.059799857533521558   -1.2507245958338342   0.66142808250441154 0.78071462395235169 0.24061338521275399 0.56402266838344406 -0.12028426477730401
1403715950.334058 -0.0071414512423582472    -1.2114358036834991    0.66657581450963299 0.7651845279568924 0.23615331348714444 0.58391593549692034 -0.13329077603940453
1403715950.3840582 0.040128579899679787  -1.1707875122566864  0.66907836845022428 0.75077109968209754 0.23142262104467823 0.60130745805522057 -0.1456559893657467
1403715950.4340582 0.08588280053487557  -1.133346360900124 0.67348139169774346 0.73729818581677597 0.22671509735866427 0.61740608963015375 -0.15427692733699691
1403715950.4840581 0.12570834572175379 -1.0980417194318195 0.67801013156479661 0.72388231245323809 0.22265417156547412 0.6327674006718248 -0.16132245426123265
1403715950.5340581 0.16087902263920417  -1.064175346457539 0.68245325931080281 0.7116313283571718 0.21858058663080562 0.64664849294166471 -0.16628020394807635
1403715950.5840583  0.1898647580387447 -1.0348723939890245 0.69042903852698712 0.70379293356483952 0.21551100007470916 0.65565520580255499 -0.16836498037004413
1403715950.634058 0.21245508280842551 -1.0064492992581746 0.69566813762825153 0.69749274959517993 0.21238630799837666 0.66260724957505213 -0.17131127589145789
1403715950.6840582  0.22565246798495187 -0.98319601843672288  0.70536674244055786 0.69123801104610105 0.2097593540987818 0.66935145693033626 -0.17366534645210199
1403715950.7340581  0.23470581605703791 -0.96327272167034073  0.71402538681382666 0.68464968012226513 0.20696229783408118 0.67637407415487549 -0.17589637459269092
1403715950.7840581   0.2303965265758911 -0.94561199385794381  0.72212408241752357 0.67833556834448638 0.20528070838081183 0.68259200355589589 -0.17829426285492916
1403715950.834058  0.22196144950794408 -0.93187573496736553  0.73098536581260243 0.67317891064959245 0.20345540297753731 0.68745334951331194 -0.18122898636477616
1403715950.8840582 0.20395655691167908 -0.9235112376938226 0.74080447850174991 0.67008973644438097 0.20316144219393512 0.69025384947831525 -0.18235897783752752
1403715950.9340582   0.1785311790469496 -0.91831164914399921   0.7500457310414026 0.67320207304801571 0.20364248444489741 0.68667640769984428 -0.18385923550749719
1403715950.9840581  0.14502777948412598 -0.91833102458936589  0.75815500679279146 0.68556103658347345 0.20533475673839977 0.67335607721950153 -0.18556749733005648
1403715951.0340581  0.10588360155154242 -0.92575665943107377  0.76350769576216748 0.70451702616099277 0.20903378771590689 0.65271891619398703 -0.18417017099671504
1403715951.0840583 0.063652071730235626 -0.93265370804085912  0.76682682123377333 0.72440757847063786 0.21371363935299112 0.62996545787860769 -0.18084153972083561
1403715951.134058  0.01188359065286234 -0.94238240184820721  0.77492790622348584 0.74312700809397414 0.22004982408249918 0.60659702516182235 -0.1771450643607867
1403715951.1840582 -0.040075087140121812  -0.95389573044343279   0.78006562849070527 0.76192485128750764 0.22888475478526174 0.58130755657414934 -0.17077416282093785
1403715951.2340581 -0.096808815436247975  -0.96899741962530872   0.78726795017768625 0.78052194429417687 0.23818705418049924 0.55396282793119755 -0.16485632219155019
1403715951.2840581 -0.14905035884071255 -0.97981015405188887   0.7915353020098348 0.79592490512536518 0.24742641641431745 0.52876606647302216 -0.16028150488498294
1403715951.334058 -0.19760906767611097 -0.98633005922719541   0.7945101593345355 0.80878694263381712 0.2555321049753656 0.50561997707018569 -0.15784632887541747
1403715951.3840582 -0.24968602212731378 -0.99827424985447266  0.80166157170605767 0.81873414131147759 0.26404821618728241 0.48544694825038642 -0.15586598671184904
1403715951.4340582 -0.29783105714383673  -1.0059603365582277  0.80946317416656299 0.82663607110928206 0.27304500090264233 0.46712817510221699 -0.154630208719896
1403715951.4840581 -0.3415224068919987 -1.0111585636888805 0.81754398074182721 0.83362573844105015 0.28185315643790426 0.44940891324510407 -0.15381337754063773
1403715951.5340581 -0.38040263007835512  -1.0120058104576366  0.82611961967974212 0.83910868948052275 0.2898644351677665 0.43353717699399719 -0.15466328791030823
1403715951.5840583 -0.41310891165539682  -1.0097753574175945  0.83568863133884463 0.84269428955827019 0.29896295945050555 0.4201535343731046 -0.15478530542744062
1403715951.634058 -0.44368900041252157  -1.0049175051074033  0.84292224769370361 0.8452246343255394 0.30710269748770397 0.40828562745124708 -0.15679954445653116
1403715951.6840582 -0.46964391324738708 -0.99320706458693986  0.85018532167394123 0.84592199823276548 0.31614534079944839 0.39947933192105789 -0.15774777261372355
1403715951.7340581 -0.48287785449237325 -0.97571730374772159  0.86143064348521292 0.84619953430115513 0.32359822050463621 0.39155090340251408 -0.16099201806119537
1403715951.7840581 -0.48742100245872672 -0.95369595583581801  0.87044346171807507 0.8449376588577967 0.33179270461435528 0.38631542424267074 -0.16356756035596481
1403715951.834058 -0.48587123348300409 -0.92509119571947973  0.88300959241382115 0.84202165429097364 0.33827729767209985 0.38467543532007409 -0.16909409524304925
1403715951.8840582 -0.47196641303240461  -0.8885991980514667  0.89584041762315736 0.83458005421259629 0.34408290335892799 0.39190521385344002 -0.17746377681397452
1403715951.9340582 -0.45338793973516806  -0.8480330606074743   0.9135117410433099 0.82139872514076084 0.34672015568046838 0.41014864257072181 -0.19200874714303723
1403715951.9840581 -0.43181766552922707 -0.80518668046236253  0.93012388832117454 0.80453065245426758 0.34863948461514682 0.43352057124550603 -0.20794435153609139
1403715952.0340581 -0.40513825631099226 -0.75617604784668979  0.94748204416388238 0.78520838104231616 0.35038016550376688 0.45812583481314356 -0.22539356121952131
1403715952.0840583 -0.36818928201291423 -0.70537275071602246  0.96107274853077773 0.76399950419017271 0.35001673884912599 0.4835597505056905 -0.24487345265150187
1403715952.134058 -0.33518455280423382 -0.65594941404943319   0.9812809431572197 0.74214254399450397 0.35024550317462949 0.50729236671105393 -0.2630722079126071
1403715952.1840582 -0.30373366727546858 -0.60795290608606445  0.99738924671273432 0.72282188893150312 0.35162906737751354 0.52544525135365638 -0.27891361330456177
1403715952.2340581 -0.26103587198121991 -0.56161631225520559   1.0064548361773877 0.70663967168878883 0.35182963697583153 0.53943684679463455 -0.29306000965890472
1403715952.2840581  -0.2293848870251553 -0.51851769705855622   1.0191053566996648 0.69285095637289873 0.35279630928371158 0.55004016457056371 -0.30487396374262343
1403715952.334058 -0.19906644731978054 -0.47996860286971216   1.0326743305689978 0.68104485022465544 0.35386910226024304 0.55848304063054344 -0.31472410739577822
1403715952.3840582 -0.17304273096579992 -0.44630661189511539   1.0465446218646091 0.67037104266863246 0.35506343918999256 0.56578271103843347 -0.32314477125886737
1403715952.4340582 -0.15002753786816186  -0.4185365504724366   1.0618118943609096 0.66016366209652955 0.35514895706191257 0.57304822066323613 -0.33116294228043436
1403715952.4840581 -0.12361337995429558 -0.39545562350136254   1.0696215648874972 0.65229764142641589 0.35712124082514224 0.57690772091614362 -0.33786045623657551
1403715952.5340581 -0.10511857860367307 -0.37791054366118831   1.0822425246416507 0.64414933738156022 0.36043625250368194 0.58098521917396151 -0.3429482674302099
1403715952.5840583  -0.0896795299036552 -0.36620878090693215   1.0953743849286248 0.63598097390861841 0.36307264130758338 0.58441653418311656 -0.3495193450062164
1403715952.634058 -0.07953217004675868 -0.35951675720134196   1.1093670507817184 0.62726121912413435 0.36390394886403393 0.58860878060183497 -0.35729117311023528
1403715952.6840582  -0.0713697888598777 -0.36118323026815075   1.1244241957323267 0.61711424712028806 0.36300654587191827 0.59515575630221784 -0.36494640619635393
1403715952.7340581 -0.06461869093819525 -0.37195714381390421   1.1381767534031164 0.60553425530210991 0.36091553214617095 0.60353878750368317 -0.37257103522677332
1403715952.7840581 -0.063574988128760543  -0.39058643866461634    1.1530598377981558 0.59462202331244696 0.35869146453274087 0.61153659550636885 -0.37919398072707988
1403715952.834058 -0.066264986689200153  -0.41747282236683636    1.1680308324959841 0.58685067013636816 0.35709559422250969 0.61702078176814146 -0.38389371239133363
1403715952.8840582 -0.072992234275132184  -0.45344676418486229    1.1796320741251676 0.58946646495224708 0.36095946933936235 0.6129401333143859 -0.3828079690438671
1403715952.9340582 -0.08257662489348655 -0.49566212421856193   1.1858180517764294 0.60356047542494973 0.3713717109126039 0.59751980043662234 -0.3751904755252099
1403715952.9840581 -0.094136986470808953  -0.54794247023393916    1.1893774270147677 0.6232024622719684 0.38587551131697745 0.57516645607628192 -0.36318360176179143
1403715953.0340581 -0.11523217142024589 -0.60541568578819294   1.1990562631311605 0.64337821464204992 0.40129484903707519 0.54976495170351025 -0.35040749840543733
1403715953.0840583 -0.13525722460998726 -0.66676876665911011   1.1996617383787465 0.66384950686490862 0.41659528177382033 0.52204019142804425 -0.33649107264945344
1403715953.134058 -0.15524885408002922 -0.73057567036190196    1.196825871180905 0.68329577732262536 0.4316339048489185 0.49411341834853589 -0.32039192044411635
1403715953.1840582 -0.17422281812651863  -0.7961862025159453   1.1877464058563885 0.70097435247780315 0.44374135930128145 0.46700527473207587 -0.30599777219155366
1403715953.2340581 -0.19347417324452021 -0.85696613804534494   1.1851136012721681 0.71488001931340417 0.45376997588454315 0.44446863496737987 -0.29238159911739009
1403715953.2840581 -0.21098390718737398 -0.91903232909474153   1.1764391396128782 0.72538620710653356 0.46150116815312192 0.42596001918941867 -0.28176157364880539
1403715953.334058 -0.22642503853469698 -0.97754787127138365   1.1664461870977101 0.73328896757954176 0.46786110792626018 0.41053298335569621 -0.27359814197690319
1403715953.3840582 -0.23981488936960049  -1.0329198770215524   1.1515039719556568 0.73978005350145448 0.47552435758657385 0.39522736423537458 -0.26532506165611308
1403715953.4340582 -0.25153823300541506  -1.0838867934693615   1.1346940198889244 0.74516416643443606 0.48229236820094096 0.38022561388184073 -0.2599094442019711
1403715953.4840581 -0.2588075555408389 -1.1277449196854159  1.1179562415669171 0.7481954284706136 0.49000367269962469 0.36696531018958117 -0.25580551728611828
1403715953.5340581 -0.26891379977828206   -1.158941944805737   1.1136776179409595 0.74927839202229918 0.49855241231081515 0.35500883369502317 -0.2529745272276327
1403715953.5840583 -0.27007404890896874  -1.1871728618505344   1.0998096053039823 0.74888903294897757 0.50825929369570211 0.34349628301585666 -0.25069505430897926
1403715953.634058 -0.26734391871764573  -1.2073621329060777    1.089081912825792 0.74665960137707776 0.51866949599987544 0.3334831966343062 -0.24954027962079256
1403715953.6840582 -0.25941157978376267  -1.2201955217220046   1.0833438330586902 0.74333579686183882 0.5292233316954208 0.32448093656646154 -0.24917198899139115
1403715953.7340581 -0.25073205660046127  -1.2196399946951217   1.0755718844849274 0.73964694733043079 0.53885522913045614 0.31703202185986495 -0.24909462551204292
1403715953.7840581 -0.23598436423673777  -1.2086522144031742   1.0695811464062206 0.73480036917726044 0.54797748915793509 0.31317598322405954 -0.24841475874989888
1403715953.834058 -0.21677968040973944  -1.1881615732923123    1.068087219079491 0.72727967831015283 0.55652863857707857 0.31514778922784026 -0.24904219503013722
1403715953.8840582 -0.19527196982183498  -1.1588592411291565   1.0708816423646335 0.71573399003735361 0.5658855841845235 0.32455503245425926 -0.24932386974769333
1403715953.9340582 -0.17576905486961938  -1.1208960861625967   1.0716235428447378 0.69957035554208558 0.5756678417864074 0.34164997756810045 -0.24996629054217759
1403715953.9840581 -0.15330255207231266  -1.0669605684418069   1.0706816804393002 0.67815401564827604 0.58416908077006657 0.36729089155737732 -0.25288538334858396
1403715954.0340581 -0.12983091984226003  -1.0130497122970217   1.0695222613295905 0.65465830296588701 0.59039414532381285 0.3960980756463387 -0.25683374777169904
1403715954.0840583  -0.1146980126652737 -0.96223883759463491   1.0754628411263603 0.63485235618711455 0.58964983943100591 0.42162867157598383 -0.26740384441464021
1403715954.134058  -0.0974544085727439 -0.89574972776494488   1.0713051446933985 0.61582381569700495 0.5854368764900898 0.44655914765075189 -0.28037407033344325
1403715954.1840582 -0.082665464474784386  -0.83129663321026304    1.0665198329999415 0.59914544379825063 0.57705219391672136 0.46926930403864187 -0.29634746997196482
1403715954.2340581 -0.07471393147985371 -0.76170071632411074    1.060471044543096 0.58513111487292047 0.5659760399279109 0.48838727575329016 -0.31427785400402075
1403715954.2840581 -0.067144051337495861  -0.69118544020097306    1.0550361787733937 0.57508719331340041 0.55274416949954708 0.50336057173446136 -0.33222994746760576
1403715954.334058 -0.066081343678014881  -0.62370771183157547    1.0486163835570907 0.56848711220368542 0.5381540498884495 0.51321896019739688 -0.35187912802676657
1403715954.3840582 -0.068050850424958717  -0.55798532929952183    1.0399311652178473 0.56510745509529992 0.52203725351544317 0.51813843348646527 -0.37371544506744514
1403715954.4340582 -0.074488857765595148  -0.49781088841652676    1.0327146496506832 0.56097011767217042 0.50625943101802284 0.52285156139188571 -0.39451256042646632
1403715954.4840581 -0.08401642457607271  -0.4431700650984684   1.0262913915918073 0.55520012260508422 0.49142320940131323 0.52884315788052938 -0.41301448822524622
1403715954.5340581 -0.095701348053863489   -0.3971015112416178    1.0237592122639014 0.54760175910733566 0.47887715228149325 0.53660530000963769 -0.4276256990019261
1403715954.5840583 -0.11032050229352211 -0.35775562446460485   1.0202525257032569 0.53880173763279682 0.46809096886785967 0.54516279256471234 -0.43975113642976704
1403715954.634058 -0.12685892374223237 -0.32640862860462194   1.0159482895881013 0.53147389371179976 0.4595351915617984 0.55167278130528252 -0.44946640629303292
1403715954.6840582 -0.14661920867791267 -0.30424730265518601   1.0115079104790665 0.52540208265337973 0.45284379472631719 0.5563731605067328 -0.45753038739422525
1403715954.7340581  -0.1674028175002393 -0.29313637030116207   1.0069694863801852 0.52398120469419629 0.45132636848418139 0.55716392205912546 -0.45969182089068367
1403715954.7840581 -0.18868192762293912 -0.29234608081824809   1.0039943747049636 0.52622189028359423 0.45380402084811461 0.55438100289665238 -0.45805473087366655
1403715954.834058  -0.2134925064231975 -0.30081488779135518  0.99944433519141629 0.53340559401817933 0.45958114271329104 0.54727791542091575 -0.45249367821550396
1403715954.8840582 -0.23945638941654832  -0.3187755770692296  0.99570523560107249 0.54219767677592701 0.46731310684216004 0.53892379559473236 -0.44407350969640452
1403715954.9340582 -0.26766421527370321  -0.3449013112501963  0.99167112693124004 0.55524453157953002 0.47755852654827563 0.52574749450123592 -0.43270190188828739
1403715954.9840581 -0.30377984651197698 -0.38099241625046104   0.9865470246408069 0.56965916657027216 0.48940418291862348 0.51144022212648388 -0.41761331261758217
1403715955.0340581 -0.33557426368096716 -0.41856915285716523  0.98293065732588747 0.5837036106133805 0.49999892276894659 0.49627621468795763 -0.40373393580647676
1403715955.0840583 -0.37771464185953074 -0.47140529939191389  0.97522571938641234 0.59726620453580304 0.50950719623242557 0.48088674557704364 -0.39041444112005991
1403715955.134058 -0.41443351317534821 -0.52036622925458054  0.97364216943380943 0.61283153712880511 0.51738211364567355 0.46245804886049668 -0.37800239235224942
1403715955.1840582 -0.45019226180138799 -0.56538942396122949  0.96875453960378521 0.62907191229553572 0.52418695133876958 0.44233970041834092 -0.36583077869530956
1403715955.2340581 -0.48352260430896427 -0.61529899585268566   0.9647245794859417 0.64484838565424296 0.53075723780275563 0.42153079682134692 -0.35324085461660071
1403715955.2840581 -0.51677976532938341  -0.6639835706907623  0.96297758308044823 0.65745745898319152 0.53671463041038192 0.40418594767037797 -0.34105837452936211
1403715955.334058 -0.54750233522090819 -0.71202584739350938  0.95978773827248043 0.66733254286470989 0.54249038692034623 0.38974271719102588 -0.32935098562064341
1403715955.3840582 -0.57773556562578166 -0.75246105214089098  0.95871660178513163 0.67636213335037099 0.5461164813677315 0.37702610739682801 -0.31959719599749115
1403715955.4340582 -0.60717208616737917 -0.78797883842072569  0.95833379977902666 0.68414599051051184 0.54987336543661491 0.36478782977807167 -0.31066603434815038
1403715955.4840581  -0.6352522149696882 -0.81814641594776361  0.95848269319315937 0.69169502062336241 0.5526172226303544 0.35154195628367352 -0.30428680002492303
1403715955.5340581 -0.66050621442715407 -0.84229482614302997  0.95934146005171084 0.69944000570797649 0.55467408480554781 0.33619538812007649 -0.30015495842505224
1403715955.5840583 -0.68182320101334248  -0.8602978701223517  0.96039836800235123 0.70557442202010456 0.55712317806277145 0.32170313647377313 -0.2971289138390435
1403715955.634058 -0.70055303387851486 -0.86937330594622453   0.9629505475661565 0.70895371020029407 0.56125658986041516 0.30928205288592103 -0.29448308761992731
1403715955.6840582  -0.7186838392782664 -0.86471143759363189  0.96650322446239245 0.70863925117028781 0.56721625850358592 0.30053765236202279 -0.29287070065599047
1403715955.7340581 -0.73100403524270519 -0.85281487168126546  0.97358522972727157 0.7016502312472902 0.5748037422920893 0.30103950850639066 -0.29438550432360716
1403715955.7840581 -0.73769977127512887 -0.83329106840142408  0.98346746033453047 0.68853678707561639 0.58006955726775522 0.31172750184416725 -0.3037472076723875
1403715955.834058 -0.74381932147183905 -0.80404786573957554  0.99346315256846607 0.67130203412243339 0.58044241024623966 0.32912359023575266 -0.32267297643426496
1403715955.8840582 -0.74578050958623121 -0.76921301674559406   1.0103006424994552 0.65061371306107696 0.58040844367548661 0.34892674601850848 -0.34362473834113516
1403715955.9340582 -0.74786678571597864 -0.73044392282043347   1.0247547680544513 0.62959106548524824 0.57912791881029613 0.36628188313704491 -0.36614686397835661
1403715955.9840581 -0.74743165107048348 -0.68727568367713632   1.0397901076378182 0.60600448515991323 0.57784538402629571 0.38474290646040177 -0.38836345355088964
1403715956.0340581 -0.75065247272483049 -0.64617845602275925   1.0527639834680496 0.57960486035292424 0.57825853417704143 0.40325792485111567 -0.40872768385742897
1403715956.0840583 -0.74915740833277478 -0.60408137697151021   1.0719995409985124 0.55414734000146137 0.58013843328975589 0.41803075871980966 -0.4261577273188325
1403715956.134058 -0.75178619851060013  -0.5641479818567734   1.0851161559971771 0.53152738389177745 0.58380250322772753 0.42778682440374827 -0.44005875774123515
1403715956.1840582  -0.7566961207781725 -0.52833032402505886    1.098244138801163 0.5100753518565635 0.58831421057486211 0.43449885470905047 -0.45268120164261672
1403715956.2340581 -0.75876846566950729 -0.49338106137994281   1.1063931086005117 0.49131197269815258 0.59412527753231337 0.43694336489647023 -0.46336615754018096
1403715956.2840581 -0.76327085102098891 -0.46631572175049452   1.1174043774967863 0.47595820944263001 0.60102470134927799 0.43482206979431304 -0.47240116305103036
1403715956.334058 -0.76608006758450498 -0.43939029704924615   1.1274213051322506 0.4598723811641004 0.6058995325097899 0.43173406077515308 -0.48477711405704244
1403715956.3840582 -0.77354913141484682  -0.4234134964540105   1.1393594324305689 0.44308130086858577 0.60839379356025403 0.42896631527909801 -0.49952362620184293
1403715956.4340582 -0.78292652645223637 -0.41616978318743408   1.1546302957517909 -0.42480088667032961 -0.60791488774878377 -0.42661968383055981 0.5176672109626016
1403715956.4840581 -0.79091142674527148 -0.41460930147288766   1.1680732447898141 -0.40614689297557388 -0.60560373378547383 -0.42480954135381377 0.53649386998002402
1403715956.5340581 -0.79938790991421482 -0.42176394686870283   1.1820086388712363 -0.38965804689042893 -0.60415491064440452 -0.42173408492380765 0.55254304090384365
1403715956.5840583 -0.80513978629673599 -0.43585379905452959   1.1951508488571352 -0.376186790632422 -0.60344861471718969 -0.41763754793272229 0.56560776736739238
1403715956.634058 -0.80886961259339041 -0.45871376379644768   1.2077738718281574 -0.36695153925475504 -0.60373882555726832 -0.41173233491262284 0.575606187198067
1403715956.6840582 -0.81042243996863839 -0.49063351271444272    1.219004456960268 -0.36292254099235227 -0.60858488062754645 -0.40463320592751767 0.57808618818652691
1403715956.7340581 -0.80961932823523741 -0.53138401512522948    1.229034708721455 -0.36512787364297061 -0.61643903145597745 -0.392683502652383 0.57661444929106265
1403715956.7840581  -0.8064184725297292 -0.57986286848943736    1.238750886603017 -0.37018294952063857 -0.62632529525942304 -0.3799849130462904 0.5712203377503291
1403715956.834058  -0.8003329595889912 -0.63517778067278241   1.2509015267231947 -0.37777817969831334 -0.63668739281740883 -0.36649326708829749 0.56355611606134248
1403715956.8840582 -0.79331876810160062 -0.69711899523434628   1.2602350603417722 -0.38683883086353921 -0.64857641541662481 -0.35285905448463745 0.55244442251656367
1403715956.9340582 -0.79252803726263488 -0.75597952239368882    1.272458187080066 -0.39657933471142981 -0.66104774175438208 -0.34027719064080325 0.53847204934970772
1403715956.9840581 -0.78324940110485619 -0.82290647456532084   1.2785131357961974 -0.4073404855467781 -0.67472506704867763 -0.32667157134961233 0.5216373234371251
1403715957.0340581 -0.76961535962943495 -0.89214336528670746   1.2948374720991587 -0.41771311657604393 -0.68795581251508831 -0.3142703012649336 0.5034547944054969
1403715957.0840583 -0.75949624312986552 -0.96010261411414122   1.2965400936030393 0.42731515628534372 0.69932437683413129 0.30330804301533199 -0.48615985459167216
1403715957.134058 -0.75039704634815474   -1.016595215134936   1.2984033647488991 0.43765689514703543 0.70879476231097638 0.29258999777796352 -0.46952904090276959
1403715957.1840582 -0.74520274394720309  -1.0845263481034022   1.2928735895501395 0.44636361682858672 0.71847953332945635 0.28011818946600475 -0.45396088123171663
1403715957.2340581 -0.73669261772403771  -1.1513781704577777   1.2858437866895462 0.45555749408250867 0.72690319615391941 0.2683441716453176 -0.43825850653520709
1403715957.2840581 -0.72945545699150871  -1.2144935696157415   1.2748553619099479 0.46544083846304979 0.73456583251240626 0.25533169042181286 -0.42259151844601461
1403715957.334058 -0.72789311639401244  -1.2677027029587824   1.2621673914582141 0.47527335419630695 0.74216545376934473 0.24199091692620195 -0.40588923876785721
1403715957.3840582 -0.72487635317485843  -1.3213271102189004   1.2464804583543296 0.483416408664743 0.74963912015878875 0.23020625961154878 -0.38904349807817079
1403715957.4340582 -0.72793765579862579  -1.3651182469549128   1.2315885868980021 0.48972804523825325 0.7558199247968248 0.22097843632604686 -0.3742608898430837
1403715957.4840581 -0.72960774926993588  -1.4040721265010505   1.2137861689185943 0.49561842696425817 0.76145599582405732 0.21193450796520805 -0.36004292190044879
1403715957.5340581 -0.73491166210096248  -1.4345800524887415   1.1950839476595456 0.50019163076012341 0.76588258634672102 0.20452544330841307 -0.34842723700635547
1403715957.5840583 -0.74402148451418226  -1.4549187270424253   1.1761408953450769 0.50255162348327076 0.77053512341781849 0.199486575219741 -0.33752421486600759
1403715957.634058 -0.75703927671753968  -1.4654550691095642   1.1568878037164647 0.50472377790686029 0.77382453672995655 0.19508951173331446 -0.32922572314713122
1403715957.6840582 -0.77444170555920711  -1.4645952541299787    1.138083184432501 0.50340944119082109 0.7765298743952479 0.19547406761822897 -0.3246077287749477
1403715957.7340581 -0.79663348239596998  -1.4520493489019437    1.120824049544267 0.49986034868227569 0.77617446093469111 0.20042687985076249 -0.32790532755852442
1403715957.7840581  -0.819465727695317 -1.4494780330565789  1.1093013433538257 0.49499613689861105 0.77149626266987703 0.20925237871473854 -0.34056685561587924
1403715957.834058 -0.84919868395473774  -1.4162757095876353   1.0970608532405712 0.48649493072729399 0.7625789441318922 0.2239502562007594 -0.36282546643110397
1403715957.8840582 -0.88498890451281786  -1.3781921311017422   1.0879444282108106 0.475568699675608 0.7508118786000354 0.24008228514816787 -0.39048230587309718
1403715957.9340582 -0.92365721837379855  -1.3351078541107075   1.0812623658067331 0.46157951327123714 0.73894134015710344 0.25637865647012797 -0.41854513883413341
1403715957.9840581 -0.96460660446763669   -1.285448678448422   1.0734046380227016 0.44586928581644747 0.72675784199716131 0.27171700520452235 -0.44631097694751554
1403715958.0340581 -1.0042983491777029 -1.2371488155532708  1.0644232746729525 0.42982570900225342 0.71405327330721391 0.28453141826940193 -0.47372951647281403
1403715958.0840583 -1.0474667870589831  -1.193101840634698  1.0489600991851509 0.41125939097048458 0.70200979126380136 0.29776384174368592 -0.49938428174941718
1403715958.134058 -1.0922188400737249 -1.1464993260485234  1.0368929133799745 -0.39501625595294032 -0.69057596345321537 -0.30555636837069095 0.52316565443624008
1403715958.1840582 -1.1345766850887642 -1.1012462260074214  1.0262067052301829 -0.37864481186295434 -0.67961072363163477 -0.3115141447078229 0.54563385930595187
1403715958.2340581 -1.1749899729973894 -1.0592088845155596  1.0139754591149157 -0.36248767399160509 -0.67094311795230477 -0.3162207685686883 0.56430704780502583
1403715958.2840581 -1.2140291076337717 -1.0198153408629544  1.0027759085337988 -0.34776193946716499 -0.6646928752016158 -0.318910864205733 0.57925890222403809
1403715958.334058  -1.2501621994147993 -0.98430166794192497  0.99289422392969184 -0.33424805856670398 -0.6589709961780138 -0.31990028375453677 0.59304238465249026
1403715958.3840582  -1.2823601690195798 -0.95671160573415737  0.98067375268333834 -0.32080155155139894 -0.65380406278732128 -0.32056422232125376 0.60569397501756406
1403715958.4340582  -1.3120932603370694 -0.93660138538847437  0.96475450060236823 -0.30794418162197001 -0.64624668683129083 -0.31872634953048062 0.62124803008116536
1403715958.4840581  -1.3376720326249405 -0.92381699128110628  0.95111785108822522 -0.29523447750051734 -0.63937917442792658 -0.31711883340417951 0.63519014484107983
1403715958.5340581  -1.3576606631137631 -0.91829267519126079  0.93857026739996685 -0.28536184141866411 -0.63544999360482157 -0.31184771801961619 0.64616013948226458
1403715958.5840583 -1.3712921813755858  -0.919753295123935 0.92485321421675049 -0.27860960694511044 -0.63704190187742271 -0.30294623628269141 0.65174986006322944
1403715958.634058 -1.3798345613548473 -0.9304061184257858 0.91069662206338153 -0.27418599427672724 -0.64122459271078669 -0.29160937614528321 0.65468850149481539
1403715958.6840582  -1.3787561217828415 -0.95046677225264142  0.89731321491977312 -0.27227770307223848 -0.64842076718055275 -0.27618789738007304 0.65508442695538383
1403715958.7340581  -1.3744361771118163 -0.97547245731745713  0.88271871949883951 -0.27155433731284773 -0.65910991844317013 -0.25947258227529696 0.65154150776739239
1403715958.7840581 -1.3576473396049435 -1.0091944345016215 0.86871114996441678 -0.27264243670857546 -0.67331177804537923 -0.2393760194499506 0.6442177213980359
1403715958.834058  -1.331424208165978 -1.0504291550046483 0.85515751201586387 -0.27589125987415514 -0.68858795145108043 -0.21519235922768909 0.63515580322585197
1403715958.8840582 -1.3095222979793562 -1.1000822588239483 0.84108690833854227 -0.2801814289826805 -0.70491397204657413 -0.19038621940113529 0.62317553412251958
1403715958.9340582  -1.281297562126172 -1.1376842383894288 0.82335614030937798 -0.28291866091905904 -0.72047463760378405 -0.16652277879480201 0.61085472251257922
1403715958.9840581 -1.2472256599955738 -1.1857350016064578 0.80541518199724915 -0.28409890194764864 -0.73556168242270925 -0.14508143798970041 0.59765224136989115
1403715959.0340581 -1.2143470216537451 -1.2294889869253594 0.79136922803122778 -0.28215040294569355 -0.75358131992892508 -0.12838872055724743 0.57967463357079474
1403715959.0840583  -1.178866174842351 -1.2736354989688103 0.77657066047974088 -0.27723878515110417 -0.76999982344433326 -0.11563071652371901 0.56291070810551025
1403715959.134058 -1.1404023778215588 -1.3120140697902212 0.76182347910981818 -0.26792517734786164 -0.7852638565340172 -0.10937874728152075 0.54736922146533307
1403715959.1840582 -1.0977376961850398 -1.3552664662569882 0.74236356366373535 -0.2548545130126148 -0.80020370010751007 -0.1078684545368675 0.53205978239966689
1403715959.2340581  -1.062080122133465 -1.3855957256936231 0.72775110006997668 -0.24118192723102128 -0.81371798688861452 -0.10770420243753707 0.5177780611114815
1403715959.2840581 -1.0252448711500968    -1.4138933909364 0.71290103823855122 -0.22863592011488795 -0.82684244753977076 -0.10575687167618017 0.50286446193077494
1403715959.334058 -0.98996691108996049  -1.4421404677530063  0.69704417582670863 0.21792354497819735 0.84127661362751938 0.10153901418400746 -0.48420328014800684
1403715959.3840582 -0.95998385692495636   -1.464790830396359  0.68082945202257306 0.21051946135623581 0.85496237282852516 0.09589395556764585 -0.46424696738189764
1403715959.4340582 -0.93400786667869395  -1.4841033834752371  0.66563106868994981 0.20441935738379224 0.86620454956023574 0.090636986395020408 -0.44686389577272351
1403715959.4840581 -0.91273680735021223  -1.4997851726286608  0.65036332892351789 0.20007320298645742 0.87582171535303022 0.085755422749862351 -0.43075868398885231
1403715959.5340581 -0.89567068030762764  -1.5149296376707122   0.6416305396796006 0.19589394594468348 0.88324088792048938 0.08101128037899806 -0.41826817748784395
1403715959.5840583 -0.89194742781116565  -1.5213916721137564  0.63194520769628038 0.18841554476901412 0.88898875847536019 0.079596329363662149 -0.4097108665213372
1403715959.634058 -0.89838349935678885  -1.5267990267906677  0.62899363788825935 0.18109762188000306 0.89179385392984267 0.077907118990028834 -0.4072319415923063
1403715959.6840582 -0.91787127656268463  -1.5245646031003319  0.62935421593194651 0.17183378754693018 0.89083671525864094 0.078235612380938235 -0.41323393515035922
1403715959.7340581 -0.95405968244900941  -1.5160523037501872   0.6410670484736245 0.16419400201597625 0.88399509231241458 0.078051430820407539 -0.43069824775175308
1403715959.7840581 -0.99491385131402688   -1.506683139974855  0.65551894714000103 0.15551440210864301 0.8719240301644452 0.078466165458356857 -0.45760989634933036
1403715959.834058 -1.0450135893894645 -1.4938536705342125 0.67257908746595252 0.14706614376397761 0.85699254890835552 0.078870081651243484 -0.48756007906131871
1403715959.8840582  -1.093270019313451 -1.4819652135620838 0.68714685837919531 -0.13690777924330855 -0.83933408849127589 -0.08027659503838977 0.51993289583197855
1403715959.9340582 -1.1423468554080201 -1.4730163730666446 0.71281893005685171 -0.1274210061043706 -0.81974742326824579 -0.082189557015352924 0.55228880666372526
1403715959.9840581 -1.1905816777560609 -1.4627951918379194 0.73786557989247115 -0.11880505890240575 -0.79884541462396008 -0.083641102588147248 0.58372555835024764
1403715960.0340581 -1.2398980686495822 -1.4504025364820476 0.74886440947271693 -0.11125551292357766 -0.77944053112767331 -0.085997463945576502 0.61049087255621737
1403715960.0840583 -1.2855815236007777 -1.4393826415739028 0.76222609875889891 -0.10522535745181352 -0.76110974337303849 -0.086741669686074274 0.63412574891092188
1403715960.134058 -1.3297422785263617 -1.4272815556422005 0.77335922407525803 -0.10026228441736826 -0.74657625140724615 -0.088298007306432502 0.6517475255525168
1403715960.1840582 -1.3665803062737043  -1.419527139493761 0.78153032947444989 -0.095476485515606974 -0.73342694372707018 -0.090603660827330221 0.666903392983904
1403715960.2340581 -1.3970404626425474 -1.4142026740280398 0.78914264145661972 -0.091077954836208938 -0.72178966431237757 -0.093389551025337386 0.67970793609753066
1403715960.2840581  -1.420239762247187 -1.4139782102267788 0.79727338531485881 -0.087668117197677226 -0.71274673574995684 -0.095112486987698433 0.68939104050155064
1403715960.334058 -1.4362856268049469  -1.413802334830276 0.80363022651584337 -0.084755663940176043 -0.703828852437279 -0.097905406069438386 0.69846686060919272
1403715960.3840582 -1.4426308399266448 -1.4171203132179624 0.81191376858485842 -0.08264113224041722 -0.69479655418513542 -0.099279648191011094 0.7075109490386372
1403715960.4340582 -1.4397786607223277 -1.4235198145466819 0.81995009724889578 -0.081126263130248163 -0.68765110402536578 -0.10052399319535878 0.71445742725181094
1403715960.4840581 -1.4277960907408984  -1.434315100502553 0.82899215696957962 -0.081037800311725527 -0.68626746200350952 -0.1011423918647146 0.71570948162210557
1403715960.5340581 -1.4069901150095312 -1.4481044567518326 0.83644808407032534 -0.081999537209420062 -0.69190263174310396 -0.10150235622207587 0.71010146864076729
1403715960.5840583 -1.3776519339180973 -1.4650526099027961 0.84293713773316681 -0.084356992234354861 -0.7064138765774306 -0.10165755832245577 0.69536254837022715
1403715960.634058 -1.3385929635704199 -1.4852664146755414 0.84937441132392477 -0.088073951100093389 -0.72702487518635195 -0.10030429684870112 0.67351084477651546
1403715960.6840582 -1.2948574051695683 -1.5078317307156024 0.85514292534637915 -0.09262243092805468 -0.74723434001128763 -0.098086416993463973 0.65072342911428793
1403715960.7340581 -1.2437595640644439 -1.5318187966305048 0.86294629223209496 -0.095521301628161637 -0.76637328822270856 -0.097795506982736258 0.6276812111637281
1403715960.7840581 -1.1836731213497655 -1.5587700132442288 0.87424933085296996 -0.099694540322834188 -0.78643362787645921 -0.096440705386760875 0.6018989432781835
1403715960.834058  -1.124331261991748  -1.585649605523598 0.88341898973795496 -0.1050014557137305 -0.80980052873993924 -0.094315769774463667 0.5694754898346045
1403715960.8840582 -1.0686663331258854 -1.6153621438182495 0.89308494007138961 -0.1086081497017943 -0.83037554445452932 -0.093204539076019 0.53851057453482176
1403715960.9340582 -1.0093695469703228 -1.6437883600820635 0.89956546206837518 -0.11391383954814994 -0.84860991721944312 -0.090413991611111744 0.50863558239387285
1403715960.9840581 -0.96229216138484752  -1.6731802749361253  0.91101738502356222 0.11737221711737848 0.86206222407330202 0.089598820799815071 -0.48481391872142632
1403715961.0340581 -0.91614130922084991  -1.7032174629000691  0.92316977743128881 0.12054792228628688 0.87383278111544938 0.088322789702899598 -0.46269164018771297
1403715961.0840583 -0.87918105556888504  -1.7319669334645971  0.93023433551229784 0.12357155226658575 0.88392125607488659 0.087092356506610846 -0.44252480830745161
1403715961.134058 -0.85005030180298435  -1.7600782271813646  0.93979329145891721 0.12778041004602561 0.89299678684313089 0.08458739855237872 -0.42317121535195962
1403715961.1840582 -0.83019778710525816  -1.7862207780114521  0.95047878157701993 0.13299571093843174 0.90057867770322231 0.080932773351162557 -0.40585720683016857
1403715961.2340581 -0.82042023435212763  -1.8099864611375034  0.96297042451272796 0.1392627590372113 0.90498382722252091 0.075967907865445217 -0.39476452903670212
1403715961.2840581 -0.8149020788238529 -1.8275149425203672 0.97174408861748784 0.1462934252655381 0.90554630208790743 0.069765148608630478 -0.39206753568563729
1403715961.334058 -0.8285993169148167 -1.8452471216714152 0.98903238911766755 0.15167671730097163 0.90142775466835279 0.063756042432121615 -0.40044643036961475
1403715961.3840582 -0.85076509300385672  -1.8599484503361285   1.0081074483497094 0.15456377560465576 0.89385306596300096 0.058157084014730805 -0.41683868500689847
1403715961.4340582 -0.88939880951972849  -1.8670884206445861   1.0292961051736758 0.15439694176505395 0.88401012354652575 0.05351174702798308 -0.43797737244162299
1403715961.4840581 -0.9353176326763184  -1.870958651013251  1.0533719665550565 0.1500133291623672 0.87315002058844604 0.049605083322322968 -0.46113379655866155
1403715961.5340581 -0.9842257566782362 -1.8783411745416163  1.0736787969873867 0.14322402144720728 0.86098829336728833 0.046342073914290002 -0.48583788505045244
1403715961.5840583 -1.0308679772031859 -1.8801490291962362  1.0977797961541189 -0.13217893638855455 -0.84813673626051223 -0.04443201534467435 0.51109549146218025
1403715961.634058 -1.0808146768155953 -1.8837194777448469  1.1289030747408475 -0.11872789568031718 -0.83491309049324303 -0.042516583534751511 0.53573888997801733
1403715961.6840582  -1.134140846255804 -1.8844869371514117  1.1563963664311707 -0.10449446259127859 -0.82072833678146306 -0.040237009007179129 0.56023824182025395
1403715961.7340581 -1.1912075088875145 -1.8801878396931122  1.1802177616197629 -0.088527080028725044 -0.80606157839455805 -0.039815908796648938 0.58381707866793209
1403715961.7840581 -1.2436146620063613 -1.8763743341388883   1.204065542119735 -0.071938177297853331 -0.79092689447172471 -0.041075560303581928 0.60627744852841337
1403715961.834058 -1.2922584342121466 -1.8717457009396985  1.2210662191029991 -0.057600273460148142 -0.77632505970149579 -0.040190657060489451 0.62640747222700932
1403715961.8840582 -1.3355702826954718 -1.8679709519870196  1.2359275674672139 -0.044314387302894429 -0.76328534487340027 -0.03987514774112115 0.64330528520453456
1403715961.9340582 -1.3776412578246966 -1.8670129625577487  1.2471194149360705 -0.032842936716188521 -0.75164403378655253 -0.039563378070423413 0.65756165269622679
1403715961.9840581  -1.418257327767438 -1.8634253828014702  1.2513696431658623 -0.023292581002323454 -0.73620481119196368 -0.036654269607338377 0.67536389907042571
1403715962.0340581 -1.4474691838562841 -1.8642098558575222  1.2596328626429201 -0.014662531938702298 -0.71869091354856685 -0.031417100138336304 0.69446479159045271
1403715962.0840583 -1.4693745172033306 -1.8668508191956723  1.2652051342842221 -0.0072433002794516435 -0.70133204844366626 -0.023768890396851067 0.71240152461668371
1403715962.134058 -1.4824130548622847 -1.8707674192137855  1.2680353563742448 0.0001510018719297616 -0.68809252236033314 -0.016379563508267001 0.72543805233080227
1403715962.1840582 -1.4892778070317418 -1.8761648479789608  1.2645115372587585 0.00733265458551187 -0.67924455297213204 -0.0082123834316490552 0.73382942581555677
1403715962.2340581 -1.4825832513861865 -1.8819877303219461  1.2614779653603307 0.013589630989710035 -0.67578731891116561 0.0014776795543570314 0.73696990304323617
1403715962.2840581 -1.4642174292775647 -1.8884226064306739  1.2571293394116452 0.019273730196980653 -0.67787718641294725 0.012507019639644925 0.73481604359519392
1403715962.334058 -1.4374703577519283  -1.895065351448864  1.2492639306675275 0.022901395696222213 -0.68405397453032279 0.026050652055012728 0.72860623764276289
1403715962.3840582 -1.3958596409068453 -1.8982322123397768  1.2409811209609571 0.024839440563170858 -0.69229427139961963 0.038721837392711692 0.72014738997562933
1403715962.4340582 -1.3481729678097538 -1.9029971621762394  1.2300531156124792 0.025726717460712818 -0.70329525268775051 0.053490541468824759 0.70841561637850825
1403715962.4840581 -1.2880601030841026 -1.9079302183716884  1.2085902287548678 0.026276869392101054 -0.71596771436578521 0.069685841473959009 0.69414958158803952
1403715962.5340581 -1.2250606720181778  -1.909435869294875  1.1918570101239001 0.026230214986375823 -0.73197057409891275 0.086212884942996434 0.67535057040390678
1403715962.5840583 -1.1591446652604354 -1.9070573719668018  1.1689198913529317 0.026032161192200864 -0.75109114006138178 0.10313786571309343 0.65157271778451953
1403715962.634058 -1.0836857561950406 -1.8959360353172303   1.140279161176313 0.026962613701224721 -0.76791483618633649 0.1175715488629584 0.62909200656603137
1403715962.6840582 -1.0118523379920101 -1.8907089411885905  1.1152217784423906 0.028082555100091857 -0.78203841878711866 0.13083396485629931 0.60869512506670709
1403715962.7340581 -0.93453195997841665  -1.8778962125499472   1.0881852651451451 0.030644907077038749 -0.79445038439883964 0.14177911807722068 0.58975262447573817
1403715962.7840581 -0.85657748002848866  -1.8604158956186188   1.0582543627615957 0.035599539932096178 -0.80701356836849225 0.14943980879502991 0.57020129495914063
1403715962.834058 -0.78010735940160347  -1.8396735186076421   1.0251820810236332 0.043993149395471789 -0.81838576283674858 0.15165163625762404 0.55254966040417242
1403715962.8840582 -0.70314352556410997  -1.8127613537986402  0.99219725467666364 0.054894568056210451 -0.82825779304454672 0.15097144203459459 0.53682700970507635
1403715962.9340582 -0.62963520049674615   -1.780791375324577   0.9601073982568652 0.071015282854451717 -0.83907361147941228 0.14440579682088311 0.51967227169103847
1403715962.9840581 -0.55939058559404176  -1.7413724088484792   0.9265401027805954 0.09233713840368174 -0.84917175685750068 0.13126335691082117 0.50314124394593973
1403715963.0340581 -0.49143778367969143  -1.7078359784025694  0.88350631146565517 -0.11247731476823167 0.85949329182358669 -0.11958200994340942 -0.48406639820449981
1403715963.0840583 -0.42875814604248341  -1.6741148015966876  0.83582281490304278 -0.1313210089040707 0.86868425113393788 -0.11013015069397052 -0.46477286319277489
1403715963.134058 -0.37490458881372074   -1.641414752881746  0.78591089564832639 -0.14800657154939476 0.87725203548421848 -0.10382569222778512 -0.44468319807522622
1403715963.1840582 -0.32833665157226388  -1.6074752024804084  0.73661601171070878 -0.16239628577228651 0.88438541314265484 -0.10045290131343729 -0.42590973457479764
1403715963.2340581 -0.28836070143520881  -1.5783626434102103  0.67569230581687845 -0.17622128847036517 0.88972154653532864 -0.09873492300303599 -0.40938129182977107
1403715963.2840581 -0.25976999285731817  -1.5501514853412841  0.61646624366437541 -0.18826484021977774 0.89441656014088633 -0.099466920308923693 -0.39329594283061725
1403715963.334058 -0.24147771034190399  -1.5260639699230603  0.56130179308505757 -0.2009229265116502 0.89526325785652949 -0.10183930752504043 -0.38439879315227765
1403715963.3840582 -0.2290765452203056 -1.5139595049334138  0.5002506200657546 -0.21167571311882324 0.88941890048383154 -0.10951782181109093 -0.3900426369559154
1403715963.4340582 -0.23339793457324678  -1.5039170625622602  0.44667440533322295 -0.22267672660452317 0.87504427882478142 -0.11928424401530555 -0.41289690560042924
1403715963.4840581 -0.24127903606809778  -1.4987732584512197  0.39434673391974923 -0.23205268194696882 0.85612623174372282 -0.13228140742957956 -0.44238112230288729
1403715963.5340581 -0.25405486563588364  -1.4968339966024102  0.34664992705292469 -0.24065439298174091 0.83302866712433954 -0.14665824591419138 -0.47606728704355306
1403715963.5840583 -0.27262011430300725  -1.4972418003238868  0.30188032658710939 0.24730393651754434 -0.81088678570989292 0.16145098302970914 0.5052098215818307
1403715963.634058 -0.28909277436703218  -1.4957359854693915  0.26508366875720224 0.25442635271154201 -0.79040659334327612 0.17388903694432059 0.5294216193885134
1403715963.6840582 -0.30628294220214025  -1.4979227688950252  0.22380973633169424 0.2613764076058524 -0.77252977157456082 0.18425509207754767 0.5485710406333083
1403715963.7340581 -0.33727962768518266  -1.4959812624105009  0.18617619527171914 0.26721511384541868 -0.75891984628888165 0.19285835665747331 0.56164259463543087
1403715963.7840581 -0.3499859006931349 -1.4980082160595158 0.15126332516308222 0.27206877464023294 -0.74997323371200697 0.20153023080946816 0.56824668644102094
1403715963.834058 -0.36266908350843974  -1.4975757266073138  0.11797821078201945 0.27606387943390925 -0.74341614590332916 0.20906728872336111 0.57219929855602147
1403715963.8840582 -0.37452066669866285  -1.4964604879038756 0.087554939267286636 0.27978781635503608 -0.74032683093959684 0.21401524992288251 0.57256653238786182
1403715963.9340582 -0.38013568044572099  -1.4939741945719143 0.061893929900601406 0.28375312267587038 -0.7410514183757706 0.21737771286416507 0.56839589252993017
1403715963.9840581 -0.38451658488539864  -1.4911461177783099 0.038785736667552868 0.28626711841276276 -0.74425722210599232 0.22125947926009421 0.56140588445105988
1403715964.0340581 -0.38698516731160565  -1.4867549450333131 0.018394773084275524 0.29215108664456596 -0.74829294426976845 0.21918144497614991 0.55377333477393753
1403715964.0840583  -0.38676271038852372   -1.4822707191589273 0.0020377969202923342 0.30067085511556924 -0.75734424786435128 0.21231737268042009 0.53939601441699236
1403715964.134058   -0.38711392720249249    -1.4800642988953641 -0.0026113201717277322 0.31388782494796208 -0.76529701589194898 0.19794518221410409 0.52593974526987486
1403715964.1840582   -0.38641225236433152    -1.4783000305396619 -0.0075761468668057216 0.32240926575235301 -0.7727192078599403 0.19009899507999695 0.51265940275285138
1403715964.2340581 -0.39308064988752356   -1.484505814880632 0.008654319739228887 0.3266430763675765 -0.77589129953897873 0.18651639305240814 0.50646680748451811
1403715964.2840581 -0.39292262055253285  -1.4882738834324321 0.019248441699924037 0.32302219977603308 -0.77581423179404407 0.19300582259211638 0.50647575326288874
1403715964.334058 -0.39373746881239358  -1.4950709687784569  0.03431554669599006 0.31994847757897188 -0.77387388505319055 0.19878024466816979 0.50915478595142571
1403715964.3840582 -0.39543797278983694  -1.5033380031436145  0.04998220318536075 0.31568066953097845 -0.77069172099259153 0.20587295969666211 0.51380571283675613
1403715964.4340582 -0.39744079763056023  -1.5127826421921271 0.063836602584291538 0.31282765344703123 -0.76939964205619771 0.21022911076078329 0.51571966321961138
1403715964.4840581 -0.39503228108446442  -1.5234850021873891 0.085661152838821475 0.31237514739235728 -0.76759024692630828 0.21257321755086273 0.5177254168913149
1403715964.5340581 -0.39679412351828164  -1.5354773554699495 0.099312520886684019 0.31315005264934853 -0.76549810775551708 0.21216506858486756 0.52051481748439343
1403715964.5840583 -0.39746893762941171  -1.5458301827459333  0.11514254438786514 0.312968356288507 -0.76592481977246041 0.2116837379819895 0.52019224666710162
1403715964.634058 -0.3950090910144029 -1.5627913657538262 0.13866745359790453 0.3114076495139374 -0.76478040649595569 0.21619558338806513 0.52095650047540421
1403715964.6840582 -0.39722964496469554  -1.5763754619291563  0.15742844505438952 0.30693527059144887 -0.76450474406832036 0.22280799602900062 0.52122915581299467
1403715964.7340581 -0.39993930070281836  -1.5933663446497999  0.17683832570255864 0.30230890263612498 -0.76372391309188792 0.22948944435360827 0.52217784986422822
1403715964.7840581 -0.4043330080929477  -1.610416149947697 0.20191830183588752 0.29545823202401356 -0.7623100019973299 0.23924097696223684 0.52378588080076138
1403715964.834058 -0.40777934129870214  -1.6249473085031692  0.22717127336737797 0.28887178450775219 -0.76009789624362523 0.24957792940073809 0.52584706654821456
1403715964.8840582 -0.41142997342599041  -1.6386623020760089  0.25506644796156769 0.28504264013529779 -0.75559314260129762 0.25797572238484917 0.53035669395097618
1403715964.9340582 -0.41635619617033975  -1.6508714157410087  0.28009484803591672 0.28362459469112633 -0.75039441032755472 0.26238686586591253 0.53630070935671836
1403715964.9840581 -0.42136713088001565  -1.6616176490362313  0.30396500977846236 0.28273732429525539 -0.74448872901515428 0.26741389423305817 0.54248128722645406
1403715965.0340581 -0.42677009217465994  -1.6694318276731106  0.32549878275353411 0.28337829174752727 -0.73678359714663733 0.27028403275408402 0.5511743974279868
1403715965.0840583 -0.43164135706670376  -1.6741317341018522  0.34349151813498952 0.28415828964239348 -0.72819229982546496 0.27333786200972976 0.56060365151714786
1403715965.134058 -0.43522267400455428  -1.6772796912188785    0.357956046336391 0.28429063101064228 -0.72029119309869638 0.27611453378789014 0.56931555265522427
1403715965.1840582 -0.43799391240223534  -1.6782668360099937  0.36701543012966414 0.28997265084390383 -0.72145662824757462 0.27067686030543281 0.56758279802632638
1403715965.2340581 -0.43960146311188286  -1.6747536642709324  0.37229800835921883 0.29954673730842324 -0.73031759642055993 0.26012828656576503 0.55609462778805363
1403715965.2840581 -0.43848161125582991  -1.6710457127311982  0.37608491973371022 0.31170567539228922 -0.74303214049934807 0.2455128153074064 0.53894922546843438
1403715965.334058 -0.43656352978947977  -1.6641438326646341  0.37898367469330874 0.32268841851091651 -0.75980350881801528 0.23058135195653606 0.51517283767358291
1403715965.3840582 -0.43518763457657272  -1.6570336369111902  0.38274165687815115 -0.33121826255737902 0.77670641891287262 -0.21675922209113135 -0.48993575191698363
1403715965.4340582 -0.4362082259859914 -1.6512959677673116 0.38790029774471169 -0.33691417363127757 0.7916181262285068 -0.20430991015802671 -0.46699790411097186
1403715965.4840581 -0.43842170486158066  -1.6476039858486986  0.39567747991134361 -0.34107050790752785 0.80370369728359803 -0.19278114399722862 -0.44784674401796831
1403715965.5340581 -0.4449523131030228   -1.64874072685534 0.40517706454434005 -0.34428051478066002 0.81221697254761771 -0.18335368616410749 -0.43376945768228109
1403715965.5840583 -0.45645629226269496  -1.6545281545796899  0.41573975736575242 -0.34582255624272273 0.81722727440061527 -0.17739107563800041 -0.4255334861717508
1403715965.634058 -0.47215294950213693  -1.6656905805312197  0.43155658422540477 -0.34529035709651257 0.81638511893416832 -0.1762571875368398 -0.42804592127552166
1403715965.6840582 -0.49426827173566568  -1.6870907930380556  0.44896199939134074 -0.34143223643511861 0.80853976886430057 -0.18003914531489129 -0.44415467603309122
1403715965.7340581 -0.51920941526442366   -1.712496099055631  0.47055582178383726 -0.33690340566899774 0.79420312428234374 -0.18946302935360515 -0.4688723207195642
1403715965.7840581 -0.5461175103557202 -1.7395076548403783 0.49309989679072774 -0.33021836175565461 0.7771912494423594 -0.20149473190396713 -0.49631589574038881
1403715965.834058 -0.57556072397865321  -1.7698028920232136  0.51378626619241041 0.32186705942597804 -0.75812634902182119 0.21524688592113661 0.52470450072071129
1403715965.8840582 -0.60149805524860656  -1.7968930558854692  0.53327559802853619 0.31406536644628275 -0.73921266551518816 0.22818804104306287 0.5503251753879902
1403715965.9340582 -0.62517201284228463  -1.8251769980293497  0.55211398018216118 0.30732926167027258 -0.72185019649774951 0.23917985241530842 0.57207868072141688
1403715965.9840581 -0.64706059056108656    -1.85148948857274  0.56864395968292381 0.3025677118575516 -0.70657183599156226 0.24630660015779857 0.59037452438558446
1403715966.0340581 -0.66639037121156375  -1.8752896239029784  0.58406702407561595 0.2990252385800577 -0.69532236894906163 0.25270204699966636 0.60270422710761118
1403715966.0840583 -0.68065107292794647  -1.8941696236951744  0.60096688785404673 0.29496873867166451 -0.68111269126386043 0.25984330060011351 0.61770575854446075
1403715966.134058 -0.68947079154854585  -1.9094684838131146  0.61928865026332203 0.28945860646388416 -0.66634457676769487 0.26865339293880908 0.63247448534998918
1403715966.1840582 -0.69253774776853616  -1.9194865184729077  0.63719476029892463 0.2867295473275655 -0.65715707115302313 0.27387790049627869 0.64103170447541857
1403715966.2340581 -0.68956450486188892  -1.9237322505630272  0.65455674056983526 0.28749993946299718 -0.65632840572445561 0.27417586179198872 0.64140814265067425
1403715966.2840581 -0.68063041179814476  -1.9222110327127773  0.67114412974531334 0.29169829599644359 -0.66515408527641617 0.26914527214952805 0.63248950144047589
1403715966.334058 -0.66731625564073915  -1.9145218262670261  0.68367851343573427 0.29848049648467206 -0.68309847120210332 0.26099136871916234 0.61332648509069876
1403715966.3840582 -0.64693561260970489  -1.9041405187275406  0.69573927310650552 0.30485503128434671 -0.70197058244707222 0.25068102763280636 0.59284039476447492
1403715966.4340582 -0.62452724817714855  -1.8903205602567752  0.71182197605466413 0.31156787927460777 -0.72144994762543324 0.2384594827527429 0.57058961150802379
1403715966.4840581 -0.59973551383829438  -1.8746332093095395  0.72726507420259601 0.31795867939729922 -0.74346315293368403 0.22469578981388377 0.54376154743209448
1403715966.5340581 -0.57704448907950234  -1.8598856891714093  0.73929319757542011 0.32376477440034995 -0.76633851676301745 0.2098265841711984 0.51368711601323624
1403715966.5840583 -0.55394528932989806  -1.8462955519934454  0.74952209104057932 -0.32755197655707036 0.7848023112206548 -0.19689924101283959 -0.48787880036423248
1403715966.634058 -0.53071487982878307  -1.8333002247842347  0.76492969405753053 -0.32949843171106741 0.80024630972368038 -0.18536312359834481 -0.4654859178143238
1403715966.6840582 -0.51033196823450255  -1.8247724243779544  0.78082883378272916 -0.33007133743983408 0.81167025426741413 -0.17659104682821192 -0.4483970480704203
1403715966.7340581 -0.49336948358332505  -1.8204357523944683  0.79671173465295597 -0.32971923713405704 0.82014429002801736 -0.16994812644183041 -0.43562162769665896
1403715966.7840581 -0.48076166387663022  -1.8207364906929786  0.81016102516046118 -0.32958406724259104 0.82759706048008874 -0.16388264578088738 -0.42379231531070016
1403715966.834058 -0.47172338560793869  -1.8258883614193713    0.812982819484662 -0.32908860543129026 0.83180711140754937 -0.15906466846003209 -0.41772724406581091
1403715966.8840582 -0.4715220754579349 -1.8389126813902001 0.83049581135474881 -0.32829803984846728 0.83034328739718921 -0.15750622038096751 -0.42183197205449613
1403715966.9340582 -0.47593467451411159  -1.8570400037905224  0.85029439474569513 -0.32451743698711727 0.82214111066642492 -0.16258969520024316 -0.43856244510694459
1403715966.9840581 -0.48345076949771387  -1.8790926546627469  0.87092153809293882 -0.31960153576546346 0.81023014963078444 -0.17028166287130808 -0.46085368421595174
1403715967.0340581 -0.49401997383982083  -1.9083938084345846  0.89537100087818233 -0.31586481876848171 0.7942886168831248 -0.17780115183211689 -0.48756718486934653
1403715967.0840583 -0.50335907851376727  -1.9362951980264387  0.91236543249491842 0.30851754712610829 -0.77649824165092962 0.18940560096817644 0.51574501660237881
1403715967.134058 -0.5153533963643071 -1.9672924162129335 0.93220991970433043 0.30161177779603704 -0.75764547553451578 0.1995184131037781 0.54331949323518813
1403715967.1840582 -0.52652980961630302  -1.9975524359117764  0.95296182254188178 0.29477477080983261 -0.73921522127160311 0.20886360553277869 0.56837020102942903
1403715967.2340581 -0.53615787659598935  -2.0264235284246972  0.97070158807728679 0.28755545217097661 -0.71940456869744629 0.21809832959608322 0.59346612969181711
1403715967.2840581 -0.53795142193123824  -2.0523471411710918  0.98629699001569626 0.27947185885878706 -0.69943431346447005 0.22793915528407915 0.61703392349438946
1403715967.334058 -0.53800459657963728  -2.0764601156518876   1.0061761998875673 0.27160278774201657 -0.68060311604096879 0.2361292458766393 0.63816479326880637
1403715967.3840582 -0.53221272463425273  -2.0945485667330934   1.0209377019521455 0.26494601990816402 -0.66855665849242185 0.24374147529827819 0.65071168280559466
1403715967.4340582 -0.52037901165246148  -2.1094258897158049   1.0386287025575527 0.26158570805145709 -0.66320894924913132 0.24612618488001953 0.65661914996098592
1403715967.4840581 -0.50141134643777174  -2.1191216175486924   1.0549233604685166 0.25999693667117674 -0.66518456942680138 0.24857675934030887 0.6543245954676894
1403715967.5340581 -0.47547399389425449  -2.1236282591036768   1.0703523553381908 0.26026133193555767 -0.67140364188792356 0.25274591001312885 0.64622031361633769
1403715967.5840583 -0.44340635544056728  -2.1231129874247094   1.0846724638624199 0.26266379055269734 -0.68157100253612291 0.2575631324729713 0.63255824587551135
1403715967.634058 -0.40620840306475198   -2.117947886524175   1.0981588695389657 0.26811434940708312 -0.69525832592497583 0.26148662738386946 0.61347803511896515
1403715967.6840582 -0.36473362215581279  -2.1083924341918028   1.1112144658808256 0.27543741112727399 -0.71037919339361 0.26580617834562043 0.59062907962463662
1403715967.7340581 -0.32049084782303494  -2.0940053143730739   1.1253152198650358 0.2820840882807526 -0.72484889067357672 0.27260175235690848 0.56631346217447864
1403715967.7840581 -0.27721323785218266   -2.077917755854906   1.1410987638451664 0.29050333389604716 -0.74005193931208413 0.2773834153520694 0.53943431574504663
1403715967.834058 -0.23193379396978278  -2.0569767688600344   1.1523128167025671 0.29935731721960201 -0.75493209838396935 0.28186235757073103 0.51089757764284693
1403715967.8840582 -0.1863202660075538 -2.0342115085383674  1.1608525003599364 -0.3085076031277123 0.76529730128396167 -0.28607544364173826 -0.48713852239898048
1403715967.9340582 -0.14645765507742614  -2.0146914274251997   1.1693299742511911 -0.31850440905404509 0.77374387709431902 -0.28736805780701868 -0.46614906781458532
1403715967.9840581 -0.11100475571451286  -1.9920259830621505   1.1737483066552972 -0.33153819795830503 0.78043763940311095 -0.28234311840998416 -0.44864448930526851
1403715968.0340581 -0.078629432084975762    -1.967809617614956    1.1760328092924077 -0.34744071927255787 0.78607750767718376 -0.27172727017367027 -0.43304894545462175
1403715968.0840583 -0.059371386585257604   -1.9428219994578171    1.1694124385167486 -0.36372701473120173 0.7900158483712012 -0.25892377113760717 -0.42016199116167047
1403715968.134058 -0.040235819328219201   -1.9214985639349291    1.1674358443681541 -0.37812594847607794 0.79263429186020096 -0.24687563942460125 -0.40963894482219143
1403715968.1840582 -0.023993780457882689   -1.9031989753393823    1.1645544891678083 -0.38863250197104565 0.79266642336893933 -0.23868455180978854 -0.4045669343910584
1403715968.2340581 -0.014828948991497774   -1.8873134540457992    1.1598061106486743 -0.39402125046887859 0.78846552397340974 -0.23695120911630238 -0.4085627200107716
1403715968.2840581 -0.0082687921079263559    -1.8783009030902502     1.1562470508909823 -0.39513478062952645 0.77895556974988078 -0.24118775388239444 -0.42299549982199608
1403715968.334058 -0.0045143325246799699    -1.8720865102190605     1.1505513316986293 -0.39271953156254102 0.76784845908164856 -0.24900776306428549 -0.44065320530884239
1403715968.3840582 -0.0040118356862995849    -1.8581514911452324     1.1356050716480104 -0.3891351312942733 0.75570927478462468 -0.25675872111515885 -0.45994815004345152
1403715968.4340582 -0.003354127845324567   -1.8544529839905726    1.1225712039451092 -0.38320056508399869 0.74317728080466439 -0.26727788441309169 -0.47896491387026596
1403715968.4840581 -0.002507825728389949   -1.8494182571831341    1.1061541209741612 -0.37762820404344866 0.73035229242496746 -0.27629197968479663 -0.49763963911888115
1403715968.5340581 -0.0026032612803884927     -1.844446897927039     1.0881715517885799 0.37100891179317408 -0.71804674477468333 0.28586395817841809 0.51482332610624137
1403715968.5840583 -0.0020485747503461303    -1.8365267412889676     1.0668449530035964 0.36511970467038601 -0.70538779115906403 0.29330700778047814 0.53205889197720357
1403715968.634058 -0.005549939506566964    -1.833391077640945    1.0444511870300928 0.35950959751282752 -0.6930744580724264 0.30041814612042539 0.54785908986284415
1403715968.6840582 -0.0056492085788207164    -1.8260428251632426     1.0205876525190674 0.35454269876911143 -0.68126967022643692 0.30640582232690289 0.56239361947238664
1403715968.7340581 -0.0033087926611063277    -1.8158387127036921    0.99591271624225308 0.35053567854533524 -0.6702291185440592 0.31118143968027945 0.57539879937389815
1403715968.7840581 -0.00097208650308618105     -1.8013567849765793     0.96978222194247266 0.34679436699902366 -0.66063074456281878 0.31634137079591956 0.58585734055235739
1403715968.834058 0.0086010536437917968   -1.7791422121594376   0.94648482679254375 0.34386657328621062 -0.65199919359585445 0.32020379593653991 0.59508180983339221
1403715968.8840582 0.019851117630552039  -1.7547686076892419   0.9236258362168589 0.34214361068091526 -0.64639642161011368 0.32354243788702786 0.60035798211232705
1403715968.9340582 0.033708092630920214  -1.7260771889276543   0.8970456575025697 0.34129458138173652 -0.64440479031606046 0.32486738379383212 0.60226377766235495
1403715968.9840581 0.052496088147687844  -1.6893639559582048  0.87182991264082343 0.34341220591490168 -0.64883183593283189 0.32309883934611711 0.59723734437984033
1403715969.0340581 0.075401256896657207  -1.6457567958351629  0.84516198997810876 0.34978973534166291 -0.66079746925072969 0.3168149746866924 0.58362840703285745
1403715969.0840583 0.099284202090582224   -1.600508612433168  0.81685965423215912 0.3591041440997027 -0.6788337468588953 0.30623542016776623 0.56253784339420665
1403715969.134058 0.12679039792189034 -1.5492201096307476  0.7884629081712996 0.37164349413574055 -0.70142301516435823 0.29052729366761282 0.53430399464957301
1403715969.1840582 0.15500463713331683 -1.4959828619450173  0.7612598244317188 0.38454045730295766 -0.7261668364771825 0.2724087492823804 0.50060347143459005
1403715969.2340581 0.18538950202082877 -1.4416330770466823 0.73345555812866137 -0.39515888521314541 0.74728057932995196 -0.25479488700762776 -0.46957508105537893
1403715969.2840581 0.21019810776868483  -1.390439151213188 0.71107773262710194 -0.40349146506171507 0.76494923241333312 -0.23871934411480947 -0.44165640966479652
1403715969.334058 0.23404907095448882 -1.3436607267321572 0.68769712112346681 -0.40920466238117892 0.77823257962662062 -0.22556459852948782 -0.41955477375836409
1403715969.3840582 0.25393636622455562  -1.302416556814451 0.66585717465304628 -0.41464736459824331 0.78882217057085446 -0.21259185420562168 -0.40078903399797899
1403715969.4340582 0.26898750880641503 -1.2679861657484814 0.64561097362370445 -0.41879849304088157 0.79759037537132982 -0.20144386818708729 -0.38454880484995835
1403715969.4840581 0.27714593508971219 -1.2420892239851096 0.62966033555381429 -0.42416591115793884 0.80255181681588494 -0.18992446296072749 -0.37406224015016171
1403715969.5340581 0.28181390514884003 -1.2236263007782346 0.61198478114769772 -0.43132993728887092 0.80316176262655625 -0.17800302146590952 -0.37040598348567355
1403715969.5840583 0.28149578307713402 -1.2157289193096554 0.59853385401909454 -0.44080926651293934 0.79775314826824106 -0.16650911805641311 -0.37623372866943994
1403715969.634058 0.27742515523080324 -1.2161475013300636 0.58656054178532879 -0.4495490875040466 0.78862248285367109 -0.15801581063304557 -0.38860159682118134
1403715969.6840582 0.26847383442747846 -1.2262095282305556 0.57615226475750014 -0.45662541130609841 0.77798796422398897 -0.15241583086360225 -0.4037293347953646
1403715969.7340581  0.2577291101250978 -1.2486703043969429 0.56921311661460239 -0.46233750801583628 0.76509311852312634 -0.14925913359265561 -0.4226088732024374
1403715969.7840581 0.25221396152630443 -1.2745346167223468 0.55945380640110831 -0.46370888964929413 0.75191199686610422 -0.15251107067996908 -0.44310584282888438
1403715969.834058 0.24450366628509357 -1.3085491332479329 0.55476346715292013 -0.46026751939523192 0.73828026009084691 -0.16237366990955537 -0.46554361715101839
1403715969.8840582 0.23800328638524584 -1.3570352520250908 0.55460270769311815 -0.45090941606419388 0.7277005513381033 -0.1799792951100013 -0.48449980332150328
1403715969.9340582 0.23145216440801922 -1.4096919459997816 0.55175436618973117 0.43636993702352905 -0.71847556388591149 0.20446140061628904 0.50156722163527412
1403715969.9840581  0.2311203130730797 -1.4618821345006383 0.55090056697656198 0.41994628550179075 -0.70762123920166808 0.23076527473075198 0.51929248704596609
1403715970.0340581 0.22656491615157145 -1.5172226911976436 0.55035182332542543 0.40655735153268202 -0.6970461147172764 0.25262261548949455 0.53387231433698445
1403715970.0840583 0.23096933379559445 -1.5691912159598185 0.54957439831563415 0.39488688479916062 -0.68611385813587999 0.27162215929915579 0.54729655988794246
1403715970.134058 0.23335569141903029 -1.6231311127967003 0.54820732890473434 0.3858673734119149 -0.67494547825181384 0.28678871356474483 0.55973851510816997
1403715970.1840582  0.2393490569927802 -1.6742906161824311 0.54975080153989764 0.37659005903677356 -0.66352701908060685 0.30036942129227351 0.57244216575757956
1403715970.2340581  0.2505817118707771 -1.7200146800312299 0.55301659328878028 0.36654718381956258 -0.65059697936328642 0.31544058871745939 0.58554587136013359
1403715970.2840581 0.26447829930375771 -1.7594834694108965 0.55495940275166222 0.35707899496486228 -0.63850777754819033 0.32898087515658564 0.5971381692259855
1403715970.334058 0.28240157485082501 -1.7926580326541277  0.5571647950439178 0.34870765856478408 -0.628602562696019 0.34072618107981317 0.6059434433649975
1403715970.3840582  0.3042377134638386 -1.8192171649725775 0.55981263446131502 0.34324623797521941 -0.62092015489995367 0.34791333416008763 0.61285927688865749
1403715970.4340582 0.33048433404422495 -1.8377100971127838  0.5633079503857632 0.33845896383064034 -0.61751700912217056 0.35600534696359487 0.61431137559126225
1403715970.4840581 0.36105160760578192 -1.8477520359569237 0.56675273049563857 0.33673004336150819 -0.62024732939854688 0.36102380936661482 0.60956372705578987
1403715970.5340581 0.39603361930708725 -1.8511377654474572 0.56857872884986915 0.33735297344250115 -0.63009811161181395 0.36496588405413616 0.59663158190738796
1403715970.5840583 0.43390599121629381 -1.8441555233307898 0.57046423829030468 0.34014526596190697 -0.64640737407825899 0.36654501208540047 0.57628418241026458
1403715970.634058 0.47330231863370453 -1.8305362995340964 0.57250433144491342 0.3463872158593998 -0.66574999209551944 0.36163362863435422 0.55318528844749615
1403715970.6840582  0.5139564277169385 -1.8103534536210839 0.57456670956068978 0.35346009219550872 -0.68628087757052336 0.35358515149142855 0.52826324966910054
1403715970.7340581 0.55377598404770934 -1.7854504208478881 0.57577219083195508 -0.36092184591724308 0.70864818149373487 -0.34304546716464601 -0.499872967325802
1403715970.7840581 0.59036772186331632 -1.7618926646956423 0.57430678943551849 -0.3675663561066661 0.7326745207950125 -0.33059118331030024 -0.46775259481243042
1403715970.834058 0.62313310908466557 -1.7322309159671163 0.57343858525057967 -0.37333695544522127 0.75514334199907607 -0.31712039452817442 -0.43567500055391567
1403715970.8840582 0.65278157637887768 -1.7013666173179867 0.57438130598406167 -0.37749287015413951 0.7750418355235078 -0.30362820488389591 -0.40573291630101316
1403715970.9340582 0.67681650663475035 -1.6789212459427789 0.58156484964680788 -0.38242396382173244 0.79064961188703331 -0.29143715592833697 -0.37906396196705405
1403715970.9840581 0.69408616892834185 -1.6557475742290424 0.58826714402912939 -0.38750303513898854 0.802606179783109 -0.27911500889471946 -0.357434651008735
1403715971.0340581 0.70086387684086815 -1.6346630855526929 0.59899512454371551 -0.39573284802954789 0.80976946014606144 -0.26560336477775426 -0.34223352703076054
1403715971.0840583 0.69910163431933325   -1.61925274169245 0.61142467458659067 -0.40717212514100126 0.81299390810418015 -0.2510414631494356 -0.33200896023065884
1403715971.134058 0.68948604242261946 -1.6117437001638082 0.62629272181507045 -0.42107644451777115 0.81031263178628321 -0.23815238124451021 -0.33071363737745874
1403715971.1840582 0.67102779616419472 -1.6132761847092241 0.64465011000575756 -0.43458399642838119 0.80326127747838982 -0.22926604273787421 -0.33666771719224503
1403715971.2340581 0.64026041589431582 -1.6312586542725775 0.67147406769482321 -0.4505876685631876 0.78952325541324642 -0.22346215337837078 -0.35169368505556431
1403715971.2840581 0.60716431629510492 -1.6533152051420366 0.69616610986818395 -0.4644643220093021 0.7714791253747314 -0.22377492550847897 -0.37285068781638792
1403715971.334058 0.57037019036629166 -1.6894597379026119 0.72360605058032701 -0.47772140354782278 0.74968125189522539 -0.22729603688374544 -0.39761387396071701
1403715971.3840582 0.53159624294823649 -1.7308552349321458  0.7519475837138313 -0.48959103564140072 0.72555014841139231 -0.23461526054021425 -0.42288684004285909
1403715971.4340582 0.49253142140680017 -1.7716687739400976 0.77608965525486928 -0.49916335810031637 0.70053387181120508 -0.24574207797142583 -0.4468770160676237
1403715971.4840581 0.45669009179643449 -1.8185891073401568 0.80037266508700711 -0.50756061744014425 0.67494522573704929 -0.2584016979470577 -0.46910523806137649
1403715971.5340581 0.42554199871213672  -1.866261454371773  0.8275451764320505 -0.51484195415697909 0.64996263374051777 -0.27281442786248511 -0.48791251770268984
1403715971.5840583 0.39615468337592086 -1.9136281205230496 0.85024532373696393 0.52112913023569551 -0.62691359946849901 0.28849984890431896 0.50216691010402426
1403715971.634058 0.37205208005936807   -1.96461853116385 0.87361437496211891 0.52596257484695452 -0.60671640877319688 0.304679231597972 0.51227837648937169
1403715971.6840582 0.35317395068101415 -2.0116797924235241 0.90246682656161414 0.52939998122225285 -0.59017071689019807 0.32108295686623589 0.51801536619797584
1403715971.7340581  0.3387686346155227  -2.062386385645826 0.92331089069029482 0.53095633135456677 -0.57624193040149829 0.34104509218737178 0.51934464177130135
1403715971.7840581 0.33082098551367378 -2.1094319560393262 0.94569498792395879 0.53164677140780126 -0.56498935153242558 0.36072802638310031 0.51770071864773737
1403715971.834058 0.32591608807980665 -2.1555410441965206 0.96156923511705072 0.53172292346837469 -0.55732950827503991 0.38161059148280196 0.51090890414269896
1403715971.8840582 0.32459136882514789 -2.1960713538799985 0.97921762713041016 0.53273819487110163 -0.55200434671171261 0.40031461089656123 0.50122792144850681
1403715971.9340582 0.32569844590672636 -2.2323204208180507 0.99559981221034266 -0.53543584625213425 0.54722731780820988 -0.41527302151569595 -0.49132375761194147
1403715971.9840581 0.32943731853844066 -2.2644458246078703   1.010326698361002 -0.53950611251880043 0.54321788280351091 -0.42727484232546548 -0.48091963515027247
1403715972.0340581 0.33484076760485598  -2.292200117604164   1.024660674490524 0.54452011295884584 -0.53869371487685924 0.43625657548201224 0.47221512945284005
1403715972.0840583 0.34248738779100385 -2.3155183498277561  1.0381386574883051 0.54751787179036038 -0.53260421593866225 0.44617256522611221 0.46635498418486776
1403715972.134058 0.35119609241770872 -2.3328209561210556  1.0537182197835968 0.54828633381733372 -0.52447571799126336 0.45611251803769215 0.46504697426820474
1403715972.1840582 0.36032386381620457 -2.3453079559601648  1.0699977368335614 0.54634075634153834 -0.51465036890723781 0.46733287770844328 0.4671688743447549
1403715972.2340581 0.36664810142279203  -2.353450884496223  1.0877714846986581 0.54210791550630899 -0.50465745879678225 0.47903415334653671 0.47113282326085648
1403715972.2840581 0.37537783776886546 -2.3520428071864452  1.1053384490893479 0.53831873818886355 -0.49549871615568453 0.48865174654799431 0.47530351250376102
1403715972.334058 0.38455939696868779 -2.3427668498350416  1.1215519758767047 0.53490130744035225 -0.48789870888400844 0.49634744987203977 0.47903512415421307
1403715972.3840582 0.39236692113461302 -2.3235453606475125  1.1372275821516276 0.53219464607938916 -0.48415043822662007 0.50226883411674383 0.47968034160721279
1403715972.4340582 0.40203066162323442  -2.300570487110281    1.15187030708418 0.53252204292276362 -0.4830315984218912 0.50369932751249236 0.47894439780711739
1403715972.4840581 0.41254567267804332 -2.2682980689650702   1.167880516118168 0.5351335024054249 -0.48482725910119223 0.50188410693962893 0.4761165893320034
1403715972.5340581 0.42797824602447826 -2.2322700826933617   1.187012323396704 0.54142459148475131 -0.49131631032472212 0.49481905881907157 0.46970394289794887
1403715972.5840583 0.43853111170216874 -2.1900130603477952  1.1973960565680291 0.55091801690212561 -0.50373812827412678 0.48434853353293805 0.45622772256845706
1403715972.634058 0.44832268454569313 -2.1395533740472805  1.2079867806473659 0.56066761688387734 -0.51697043668962739 0.47254657952270995 0.44169346966881562
1403715972.6840582  0.4575803468438906 -2.0963115344343097  1.2158109126294452 0.57060016518249179 -0.53208761998895526 0.4593943365431799 0.4245645530425895
1403715972.7340581 0.46672773349396141 -2.0404540389814096  1.2211964732666565 0.57981960310423308 -0.54722236521962642 0.44603691019411118 0.40670380574071097
1403715972.7840581  0.4768981336278017 -1.9865135904256397  1.2238422737528667 0.58803537732676525 -0.56157208592924623 0.43195834664693522 0.39020914146043567
1403715972.834058 0.48535742238627266 -1.9293845531833389  1.2248326683762678 0.5935469609702273 -0.57287527823810369 0.42122642073637556 0.3769406096193999
1403715972.8840582 0.49332290086275488 -1.8746577376081941  1.2251111527648622 0.59553520195650755 -0.57953445419798733 0.41523461299291753 0.37021325719196613
1403715972.9340582 0.49978595413929283 -1.8201795784062138  1.2239070075555223 0.59223909711034473 -0.58187652223798569 0.41639742353915221 0.37052091761748968
1403715972.9840581 0.50531665706017592 -1.7664947261051349  1.2202210577410386 0.58735184759798209 -0.58263140561661086 0.42027785781373478 0.37272640709231641
1403715973.0340581 0.51048095506417102 -1.7145306828305011  1.2169099287010943 -0.57911017721622027 0.58383098667850464 -0.42844882627971792 -0.37443875987687736
1403715973.0840583 0.51405943058774972 -1.6663552755858477  1.2140582622447378 -0.57187379743204114 0.58504147430704656 -0.43484171067444122 -0.37629711639742852
1403715973.134058 0.51579550590758949 -1.6159432486211636  1.2106946864751298 -0.56777814683036998 0.58471256961741225 -0.43747826557440922 -0.37993677640270684
1403715973.1840582 0.51554175427249027 -1.5654681738521472  1.2072413197863736 -0.5663055035988912 0.58396803040645939 -0.43708349023941845 -0.38371530933354087
1403715973.2340581 0.51358817721269912 -1.5149967606582273  1.2038691177924739 -0.56479959881090713 0.5846277496388268 -0.43685539354795921 -0.3851871917176598
1403715973.2840581 0.50629528024115633 -1.4653958152473108  1.1986280828949942 -0.56335934721895542 0.58639942309025961 -0.43596877165831266 -0.38560756299531418
1403715973.334058 0.50085960198813562 -1.4145517290576164  1.1949540280113726 -0.56383323753288928 0.589482933392946 -0.43349098593815139 -0.38299806344418691
1403715973.3840582  0.4936583616111368 -1.3637325166180876  1.1911577345857454 -0.56615630398568995 0.59309994840121838 -0.42874875117349159 -0.37930726203291526
1403715973.4340582 0.48464193133603961 -1.3135442663861379  1.1874609044908333 -0.57025043116497043 0.59682479104727926 -0.42148386235372653 -0.37545434918631826
1403715973.4840581 0.47234243391735875  -1.266339429067014  1.1837684846914804 -0.57423959624997822 0.60066270369542829 -0.41433112711236342 -0.37119121702130642
1403715973.5340581 0.46025933298611504 -1.2188263426450237  1.1806980575411614 -0.57781279139875963 0.60505407464711758 -0.40791974733460951 -0.36557273501091697
1403715973.5840583 0.44706053313751742 -1.1735679294789152  1.1785811246925384 -0.58010296746954637 0.60964134939753678 -0.40347356169623483 -0.35920336475307624
1403715973.634058 0.42678649744740982 -1.1328671805417192  1.1737743275362589 -0.58156120865593153 0.61442557730797431 -0.40023989049276154 -0.35224395040192941
1403715973.6840582 0.40446857192514629 -1.1002874130165203  1.1643354061536495 -0.58237432747494478 0.61984915517320349 -0.39785754055274247 -0.34400079208410933
1403715973.7340581 0.38603409946727268 -1.0629701527340929  1.1619864759772012 -0.58308004945417247 0.62417845778710634 -0.39624862086060114 -0.33675798317055661
1403715973.7840581 0.36526359810338127 -1.0299375972699036  1.1598033385986186 -0.58353468742885173 0.62756217007945903 -0.39530183390136425 -0.33074076157421378
1403715973.834058 0.34215261983466944   -1.00118478554223  1.1580131239103384 -0.58425316612993583 0.62940993548964463 -0.39428868313954846 -0.32715104359018587
1403715973.8840582  0.31516973247739627 -0.98182250271163973   1.1575820114429238 -0.58595657603252094 0.63043037010432379 -0.39217623050131517 -0.32466943755787875
1403715973.9340582  0.28727167329109221 -0.96170599665672951    1.156270947785299 -0.58745907041072865 0.6308046627162055 -0.39082351315164793 -0.32285337175792445
1403715973.9840581  0.25710123163751308 -0.94536372495651411   1.1562638565716539 -0.58983433803919483 0.62739562302552798 -0.38932931427223405 -0.32694475210130941
1403715974.0340581  0.22496747448298665 -0.93375697102056099   1.1569710960918191 -0.59162376075657463 0.62163940386633021 -0.38924017106379716 -0.33472057973657243
1403715974.0840583    0.189407573825979 -0.92085108343047728   1.1616562821410719 -0.59268923420184105 0.61545801344136619 -0.39024948009040689 -0.34298141150973405
1403715974.134058 0.15449562475008574 -0.9158749731575514  1.1634868188182428 -0.59260333531065668 0.60877206614022095 -0.3928607291411132 -0.35196350089855166
1403715974.1840582  0.11787150154476861 -0.92871037786085242   1.1707984746953133 -0.59147645321029785 0.60348383562352803 -0.39620053183068449 -0.35914899974239628
1403715974.2340581 0.081229641201558594 -0.92967828248755624   1.1720143691071783 -0.59062654232464629 0.59882579009168713 -0.39926080334006575 -0.3649092648028342
1403715974.2840581 0.044269596701263368 -0.93259802379751155   1.1719917162072064 -0.59118937884984946 0.59526922840225949 -0.40003898754865336 -0.36894237015224524
1403715974.334058 0.0070820963570107183  -0.93968684968580196    1.1711273094830612 -0.5928786854545014 0.59307345892492913 -0.39935794535032537 -0.37050231866768324
1403715974.3840582 -0.030534144014147974  -0.94402519347365599    1.1710831365484922 0.59419933008188119 -0.59216431597967156 0.39869761572035051 0.37055200745574035
1403715974.4340582 -0.068299687987612642  -0.95139701831586021    1.1661269704428383 0.59576785615378669 -0.59165265948647472 0.39744558490512416 0.37019562279411977
1403715974.4840581 -0.10612938983361181 -0.96051580212011223   1.1606912223838879 0.59636671508305705 -0.5907260220894035 0.39761979148696808 0.37052396600669923
1403715974.5340581 -0.14414936275165963 -0.97137425212927808   1.1553757458658902 0.595895402324781 -0.58873790907166113 0.39921967682960047 0.3727197251852728
1403715974.5840583 -0.18636429281502848 -0.97372301131095484     1.14560639752993 0.59466941362196035 -0.58660618862156955 0.40190682703347569 0.37514313316022918
1403715974.634058 -0.22446100239591454 -0.98705115149981437   1.1396865138779602 0.59373686142656346 -0.58401469268142348 0.40413987006414076 0.37825169337373193
1403715974.6840582 -0.27504720487202028 -0.98968378013879621   1.1345667550082645 0.59242806261597747 -0.58201660939080369 0.40754602964466741 0.3797260732938682
1403715974.7340581 -0.31436354302022157  -1.0044376481002053   1.1277076609327923 0.59175292856537653 -0.58018938538804155 0.4090830395701141 0.38191597944236849
1403715974.7840581 -0.35213444108867448  -1.0221446616991547   1.1185494894973393 0.59140835289109983 -0.57865238852689893 0.41033903140064348 0.38343115769578884
1403715974.834058 -0.39052157663884046  -1.0382087554931871   1.1104485877971915 0.59147712291183208 -0.57836969758160373 0.41111360122705198 0.38292154924661809
1403715974.8840582 -0.42903766673126703   -1.055036972940377   1.1022176750606445 0.59156175121776422 -0.57731400006814271 0.41178544464674505 0.38366129254666165
1403715974.9340582 -0.46706904066364946  -1.0721195717847705   1.0938035606116001 0.59182285159975401 -0.57623177023025884 0.41265606559607515 0.38395003689074653
1403715974.9840581 -0.50441650536347971  -1.0898642516117878   1.0837223686731456 0.59219861146550945 -0.57488909195712756 0.41371330930061628 0.38424553899110492
1403715975.0340581 -0.54215314520251479  -1.1073207631706845    1.075484808847694 0.59337727745039237 -0.57279664780861916 0.41365530593627697 0.38561210397954832
1403715975.0840583 -0.57936196417792796  -1.1253496700550609   1.0675539839679813 0.59458758344941776 -0.57070794621045184 0.4141864054997953 0.38627408305397465
1403715975.134058 -0.61625331130379235   -1.143734101245389   1.0601283772038494 0.59644836924650024 -0.5684331517737915 0.4133569358055994 0.3876456350961659
1403715975.1840582 -0.65225634907246943  -1.1642689941754778   1.0513860141919249 0.597946925593275 -0.56648243376851226 0.41300502520691879 0.38856656515851418
1403715975.2340581 -0.68800449853111068  -1.1832929773614334   1.0442556285647715 0.60025381883001228 -0.56428539249516774 0.41178445609143427 0.38950084790413853
1403715975.2840581 -0.72100083568770912  -1.2030779562491953   1.0356026268827887 0.60168360754376671 -0.56224954800601901 0.41160653529630026 0.39042584735327346
1403715975.334058 -0.75444923775198958  -1.2233570732708214   1.0312829814853133 0.60216504627853795 -0.55913724676919119 0.41316292156160495 0.39250375356474465
1403715975.3840582 -0.78702167522177591   -1.243797812211332   1.0283108856305281 0.60237600366641875 -0.55604193775214328 0.41475764717184671 0.39488809526268381
1403715975.4340582 -0.81836274803284093  -1.2639457830937455   1.0268334260191243 0.60238522461782484 -0.55237880419594731 0.4165010530221312 0.39816651123448848
1403715975.4840581 -0.84871525569167128  -1.2831898250806784   1.0249546666317788 0.60280240890439207 -0.54805153001828244 0.41759033694326897 0.40235194389401063
1403715975.5340581 -0.87784918751179886  -1.3011322178342419   1.0252206892358777 0.60312709300874823 -0.54627664155084477 0.4185720001517565 0.40325800830697034
1403715975.5840583 -0.90508049179556771  -1.3187830520438848   1.0263831201174172 0.60434969148674333 -0.54648001505531707 0.41809312827165407 0.40164558958992824
1403715975.634058 -0.93104500826988434  -1.3358559712178424   1.0287440380817381 0.60516606340682355 -0.54776043212252623 0.41792720754679291 0.39883504596984903
1403715975.6840582 -0.95671926289369191  -1.3531600251968492   1.0328802458184008 0.60578143451969424 -0.54888406983252513 0.41792634553944852 0.39634921619625635
1403715975.7340581 -0.98009406542529598  -1.3697986810811329   1.0372602371396866 0.60658364448800994 -0.54946677013570455 0.41710514708046598 0.39517824716862054
1403715975.7840581 -1.0057067205918855 -1.3777320774401183  1.0364285405798874 0.60648214245696952 -0.55069230211729214 0.41704397482351069 0.39368988091258889
1403715975.834058 -1.0278305556901333  -1.392892906210361  1.0414797552678206 0.60667387552889096 -0.55100146206507461 0.41668787390785011 0.39333880216813277
1403715975.8840582 -1.0483513184798727 -1.4079507585767772  1.0465409513242179 0.60763180907899395 -0.55168903401445657 0.41539122438243592 0.39226639551412734
1403715975.9340582 -1.0674423433224218 -1.4240478979838798  1.0515158976185675 0.60809450799650777 -0.55239920575054136 0.414493172301725 0.39149916595812678
1403715975.9840581 -1.0857874287097482 -1.4416840888720497  1.0567019600455687 0.6086475257138303 -0.55309107648819922 0.41348815252652271 0.39072496499681236
1403715976.0340581 -1.1027429011808074 -1.4583492661101241  1.0612491396340302 0.60971996754527513 -0.55365022727224789 0.41132524284120414 0.39054389205261081
1403715976.0840583 -1.1193010252780831 -1.4759252617426648  1.0665365202240036 0.60963726309739052 -0.55438024141791642 0.41086503695922894 0.39012161792577893
1403715976.134058 -1.1338001240222648 -1.4929392084376027  1.0713975298003087 0.60898627374235104 -0.55468353462267295 0.41067020958290862 0.39091159329576608
1403715976.1840582 -1.1485819014839529 -1.5100083386385807   1.076161336156604 0.60821395479469142 -0.55430420390095259 0.41032513535439602 0.39300880146267603
1403715976.2340581 -1.1609061740482727 -1.5273548372529273  1.0812369746421719 0.60743649263861121 -0.55367768885565172 0.41009988944440989 0.39532265929497307
1403715976.2840581 -1.1712845804708223 -1.5383146022511303  1.0886386999648348 0.60633130313862305 -0.55387378533076237 0.41033516259455721 0.39649872016954862
1403715976.334058 -1.1791938249288849 -1.5669081752021567  1.1006518360927573 0.60711343614019442 -0.55230103842079625 0.40896860835016069 0.39890038355645774
1403715976.3840582 -1.1886383643937803 -1.5857011528959355   1.105585622470743 0.60704410173061885 -0.55061527523918308 0.40827312962031798 0.40203647702338635
1403715976.4340582 -1.1951331061595494 -1.6043067750244955  1.1101686445007197 0.60896052572737658 -0.54835723657566326 0.40665283497412774 0.40386246546125565
1403715976.4840581 -1.1996616656674031 -1.6229536753142331  1.1139613296155495 0.61195148563886059 -0.54498344980499169 0.40579753064503915 0.40476756637041739
1403715976.5340581 -1.2021517195495333 -1.6417482106712631  1.1171605449083539 0.6149104229502752 -0.54127446314710903 0.40621822660445139 0.4048380906810245
1403715976.5840583  -1.201876158611765 -1.6601864482602455  1.1200791197082101 0.61910836647217604 -0.53613192928317632 0.40728873403415766 0.40420696690693791
1403715976.634058 -1.1992441659672233 -1.6786774396821791  1.1220316365227763 0.62339274573667902 -0.53196166088154118 0.40978512212341017 0.40059259803613217
1403715976.6840582 -1.1947011914069932 -1.6970883670278183   1.123299593018152 0.62658940895969117 -0.52789170031271082 0.41490138045078367 0.3956929489143497
1403715976.7340581 -1.1879195124349338 -1.7148673067978724  1.1243131596431355 0.62999138344179417 -0.52511407130528931 0.41905287242586253 0.38956483288139826
1403715976.7840581 -1.1784677130864665 -1.7323447663331055  1.1278057361068072 0.63260134065557261 -0.52209920094722539 0.42307670369370787 0.38501178029082139
1403715976.834058 -1.1692344697230281 -1.7501891585123899   1.128377803153342 0.6354169584202759 -0.51907475134512693 0.42599474490682582 0.38122849943267434
1403715976.8840582 -1.1588731950453151 -1.7689977876255196  1.1338426652236566 0.63732551762934453 -0.51629870210319051 0.42889462984559462 0.37855149091591167
1403715976.9340582 -1.1473151022332111 -1.7870847355885677   1.134545030667351 0.63978105175380906 -0.51381985509968398 0.43045693792081113 0.37600024856104608
1403715976.9840581 -1.1345418998801411 -1.8047683481839065   1.135401020649438 0.64204411931225613 -0.51084420275321718 0.4329454212194469 0.3733307000704536
1403715977.0340581 -1.1201532037121444 -1.8225319189191149  1.1361063435702876 0.64514546374456927 -0.50677629314675898 0.43501504323849383 0.37111592726592363
1403715977.0840583 -1.1041700440898634 -1.8390754297440359  1.1361914866709484 0.64841333885880126 -0.50240330644443598 0.43786286696610116 0.36800430621924241
1403715977.134058 -1.0868920719377939 -1.8560793227633134  1.1366256044566989 0.65287446363027335 -0.49696933834753182 0.44042814364291216 0.36441660468364728
1403715977.1840582 -1.0680995597061498 -1.8717457432845348  1.1360532603472469 0.65804339510783316 -0.48984038501892374 0.44375463921703695 0.3607174899181162
1403715977.2340581 -1.0475299119083925 -1.8879566739144109  1.1355188824721769 0.66362227215086189 -0.48242200105209027 0.44789578482098641 0.35533626151269354
1403715977.2840581 -1.0250840564442927 -1.9048971643408881   1.133925031230167 0.67051722724855756 -0.47352563709755624 0.45189834555545638 0.34923917915735242
1403715977.334058 -1.0013350438436774 -1.9211338092002752  1.1332791003030127 0.67765234878862735 -0.46266252086988224 0.45691332604640683 0.34345436151662456
1403715977.3840582 -0.97669031721912547  -1.9367565408160086   1.1299807218312223 0.68513168489639387 -0.45139070609231929 0.46254847742951938 0.33599093861611712
1403715977.4340582 -0.95220597074315605  -1.9526999195581742    1.128772770941574 0.69283891386934604 -0.43985246471061867 0.46902652338423312 0.32637121361792654
1403715977.4840581 -0.92537382351979525   -1.966177162457617   1.1249316483359522 0.70105277707865699 -0.42636713884296307 0.47435447216162197 0.3189418464319746
1403715977.5340581 -0.89709137725091548  -1.9776962799510511   1.1202666306154208 0.70930137211672917 -0.41339382271194852 0.4798999468624438 0.30934309731809279
1403715977.5840583 -0.86716205011059178    -1.99005736308918   1.1177178911328798 0.71698282895655718 -0.39895683726121239 0.48655097730024255 0.30006201271097577
1403715977.634058 -0.83571779405364022  -2.0023019969239515   1.1157944236618098 0.72445001037403456 -0.38437236337425479 0.49358668100449365 0.2894861949698454
1403715977.6840582 -0.80343147197571119  -2.0137152383820269    1.112781618954821 0.73201571130104259 -0.36967443828047331 0.50000025611239518 0.27837663691118997
1403715977.7340581 -0.77085756056451271  -2.0242734592659826     1.10952447027056 0.73994474237012886 -0.35470777948538712 0.50582863509522991 0.26608562781376671
1403715977.7840581 -0.73731102435528817  -2.0346241363131714   1.1073016673086098 0.74753888283659753 -0.33801501460269129 0.5116324724290251 0.25527178008294849
1403715977.834058 -0.70322742812301575  -2.0426954658719594   1.1043936521232478 0.75436248602835532 -0.32108170113936046 0.51778330974785158 0.24442631816793861
1403715977.8840582 -0.67060023116893597  -2.0499570481909872   1.1014175263420427 0.76090474077010528 -0.30197547991579898 0.52380890230656441 0.23549738611626669
1403715977.9340582 -0.63747103505973524  -2.0547451489173127   1.0999695547678821 0.76681131707657357 -0.28217364254486216 0.52975007520960382 0.22747153068389486
1403715977.9840581 -0.59936430956904585  -2.0594269639190368   1.0961139029855373 0.77270198867780548 -0.26032701811047537 0.5351787809250983 0.22078304459944006
1403715978.0340581 -0.56177933832174876  -2.0610572423549174   1.0950107687973067 0.77828953173565474 -0.23880917025935558 0.54030494681040986 0.21285241234934069
1403715978.0840583 -0.52341580372218743  -2.0574469360340593   1.0951610913993985 0.78254088137217714 -0.21576480173222037 0.54670139412226937 0.20540911610607493
1403715978.134058 -0.48630933408670851    -2.05439105248049   1.0936193519567574 0.78732374421119133 -0.19233064985001119 0.5512646693680765 0.19808459616044929
1403715978.1840582 -0.44784751367782738  -2.0491782245721724   1.0912618751800718 0.79157785494492183 -0.16923885103654535 0.55517657556819711 0.1911587842632306
1403715978.2340581 -0.40832109565516589  -2.0417838957612529   1.0870224797549035 0.79578551807133513 -0.14723932434825851 0.55809253762566646 0.18324494546903408
1403715978.2840581 -0.36857253363711245  -2.0301065574248587   1.0848704256226978 0.79841405691352552 -0.12606732022313777 0.56221474881597056 0.17480446421198079
1403715978.334058 -0.32977649193343195  -2.0121216244692861   1.0843200985964436 0.80044596213526031 -0.10826976774172434 0.56672714717374306 0.16243232360223467
1403715978.3840582 -0.29264157557354192  -1.9892958847402034   1.0855438464029519 0.80103450979800617 -0.092272472523238128 0.57263406440068154 0.14805314321240318
1403715978.4340582 -0.25263563697473762   -1.964416323127969   1.0793919621437083 0.80292523526748949 -0.07760752138089326 0.57624795662878658 0.13124950162537449
1403715978.4840581 -0.21278021636462219  -1.9394630768130583   1.0755096654521434 0.80446710113771847 -0.065749619453407029 0.57958114913565517 0.11222906172378731
1403715978.5340581 -0.17379394252773006  -1.9100436392477385   1.0739396421171492 0.80519907063139406 -0.054241685436994258 0.58347491841613242 0.090935778407517168
1403715978.5840583 -0.13640708756073297  -1.8762212157326532   1.0694501972012032 0.80454773508466859 -0.04224177425950066 0.58824372309156059 0.069913494555190622
1403715978.634058 -0.099172983394658132   -1.8428081703990769    1.0643343110046837 0.80391773021441781 -0.028405159538729553 0.59191003234461592 0.050516765219812548
1403715978.6840582 -0.062835477947899371   -1.8080227478421911    1.0586688811282785 0.80435535418881665 -0.014046360574131079 0.59312889359180776 0.031832051912543367
1403715978.7340581 -0.028675268762241576   -1.7715196758993523    1.0527775138658373 0.80468417247314394 0.0026782408677903029 0.59348239118863022 0.015964364882179203
1403715978.7840581 0.0058457584836744793    -1.737208226245738    1.0476851273512202 0.80505354319525313 0.020753840965934869 0.59283332649572784 0.002591846820212163
1403715978.834058 0.040100834766694023  -1.7016682246746246   1.0364068599081113 0.80633944192432194 0.039606859814398356 0.59003320020459038 -0.010431860291705763
1403715978.8840582 0.068788304291496155  -1.6631620751586857   1.0319808450176569 0.80723857593577186 0.059827479104364353 0.5867625358606523 -0.022277360157363618
1403715978.9340582 0.096626085498544609  -1.6247648505442325   1.0281974616546916 0.80753889300840354 0.080109900422421762 0.58330683292027552 -0.034878056161281722
1403715978.9840581 0.12521000409022026 -1.5843164898408666  1.0239657887663076 0.80724166388345797 0.10162579666740468 0.57955467573814912 -0.046362391789364667
1403715979.0340581 0.15101293262357743  -1.543460790459408  1.0213613941174995 0.80490836155292678 0.12299821280474907 0.57754957984846322 -0.058570060319964021
1403715979.0840583   0.168154043245441 -1.4966148746472347  1.0207703279006617 0.80014219609506609 0.1435817195804035 0.57777095468022577 -0.073058057450220718
1403715979.134058 0.19073439322249494 -1.4531168614645855  1.0203968058320498 0.79448408030383533 0.16207091076748628 0.57823152838075687 -0.090423258143138341
1403715979.1840582 0.20676882632177532 -1.4094446460028318  1.0254513741724771 0.7862366561013393 0.18120834856853796 0.58088965965898942 -0.10752980197559649
1403715979.2340581 0.22900313340004155 -1.3670683954486855  1.0309063908212706 0.77547770001005933 0.19913454759240415 0.58555482149744265 -0.12690673647752235
1403715979.2840581 0.24786622642256834   -1.32182384928042  1.0355599214555211 0.76323628015654388 0.21798903094598845 0.59074282304239178 -0.14482430757278264
1403715979.334058 0.25695550748538348 -1.2742814066265649  1.0451506325836084 0.75138399876574469 0.24033954584725159 0.59408650628145043 -0.15722662673681098
1403715979.3840582 0.26980331123549273  -1.226089113523837  1.0504651897099324 0.74086958265829428 0.26290440774547336 0.59473591144201765 -0.16817469940796531
1403715979.4340582 0.27500444496016052 -1.1832532933595643  1.0576417987902702 0.73265884840151185 0.2858640688194829 0.59202519644499207 -0.17606508112402439
1403715979.4840581 0.27784318301318356 -1.1397212826187302  1.0631069375941187 0.72501503586509952 0.30683375135574209 0.5882976816164931 -0.1846945711252789
1403715979.5340581 0.27161133976436269 -1.0996453503233283  1.0734216530724066 0.71765542682465511 0.3261782336224559 0.58394736636771538 -0.19386573078361732
1403715979.5840583 0.26755686824922004 -1.0574942645466365  1.0798115546458207 0.71155044791430411 0.34370454512428428 0.57773218279878213 -0.20442277439761156
1403715979.634058 0.26249216913667966 -1.0118852215132075  1.0847228324005798 0.70504420345798957 0.36094676764366079 0.57142881611606666 -0.21470726631875472
1403715979.6840582  0.24998037114905047 -0.97003670204968784   1.0925057872728108 0.69819462621168971 0.37740006154871253 0.56456134281330528 -0.22663615702924478
1403715979.7340581  0.23545678941466872 -0.92564298476809137   1.0992924059259457 0.68909902808997203 0.39406513896569789 0.55940335543886432 -0.23858558561057447
1403715979.7840581  0.21169838492919993 -0.88791440902379914    1.108185459851605 0.67903516478366621 0.40967191555353771 0.55446663311879263 -0.25228341077412253
1403715979.834058  0.18897405451655486 -0.84615318563137421     1.11534609822284 0.66825362147256251 0.42475690412852163 0.5497345749961613 -0.26610254947622919
1403715979.8840582  0.16231406418548586 -0.80567436204406095   1.1229710658341669 0.65666486632564725 0.43907794956808888 0.54475907923830813 -0.28149485452496903
1403715979.9340582  0.13065699906262848 -0.76771274414281687    1.131274130544212 0.64424007896221869 0.45357434514206207 0.540027149851521 -0.29596572691943063
1403715979.9840581 0.096178535354969327 -0.73038097234581445   1.1395723707582697 0.63078395764670614 0.46769677968989143 0.53521313751942445 -0.31131691002879547
1403715980.0340581 0.052850836763410562 -0.69775176122075755    1.151669521305682 0.61683390575834474 0.48132685397160141 0.53002105965410207 -0.32698328500987517
1403715980.0840583 0.0092920724996605579  -0.66556723576850518    1.1615782834061856 0.60320903434307538 0.49539262380434496 0.52396670350660224 -0.34085759898169482
1403715980.134058 -0.036251934307211311  -0.63629375571069735    1.1693044264552082 0.58984516294835254 0.50942562766697452 0.51693833978134607 -0.35403808620916216
1403715980.1840582 -0.085128301458838651  -0.61148233823551812    1.1763360232438176 0.57717361000022727 0.52317119116159672 0.50795815709179881 -0.36761534149402009
1403715980.2340581 -0.13329091047523287 -0.58240350436861466   1.1808258722829441 0.56586126762695543 0.53592562208086181 0.49692559510217416 -0.3816408079977906
1403715980.2840581 -0.18760256138481637  -0.5604281616592619   1.1854060302047265 0.55561610864170674 0.54903580710986699 0.4836743344605085 -0.39485384702855369
1403715980.334058 -0.24459586553090962 -0.54131120258076637   1.1905404122796823 0.54445437733497171 0.56246147366855659 0.47068145882258894 -0.40702025251825436
1403715980.3840582 -0.30221888977328026 -0.52379439433192654   1.1947772247616144 0.53258980025915903 0.57515836083102512 0.45749492282697424 -0.41980871860124402
1403715980.4340582 -0.35902055491474349 -0.50453360875361786   1.1957535575593969 0.51939870835813162 0.58677611961800047 0.44448564976032023 -0.4339945556790919
1403715980.4840581 -0.42895167027205094 -0.50986022345833548   1.2006188893631078 0.50463819827573086 0.59753912147042587 0.43228674089311431 -0.44879333863303406
1403715980.5340581 -0.49023264955627699 -0.50143092704931569   1.2033186931830684 0.49071495441171337 0.60684353207244879 0.41779765026158666 -0.46517188708523843
1403715980.5840583 -0.55316653645435565 -0.49847109633856651   1.2047935158784024 0.4765717541385362 0.61712475197356464 0.40245611096456518 -0.47965141760049296
1403715980.634058 -0.61776483524204229 -0.49898710439216154   1.2072117748664424 0.46195657373073928 0.62813855423851828 0.38701059346482064 -0.49220004186520289
1403715980.6840582 -0.68121326319427056 -0.50287155679602569   1.2086401727011555 -0.44657576738838356 -0.63941846874109687 -0.37175013765438364 0.50350366529769597
1403715980.7340581 -0.74644689752100024 -0.51158525175053271   1.2113985578605455 -0.43096732749943101 -0.65042990787080945 -0.35623009600445094 0.51410914821254461
1403715980.7840581 -0.80979920684286122 -0.52146630927293325   1.2121861033450139 -0.41607334474789354 -0.66162784030758426 -0.33855475047295225 0.52393916980162836
1403715980.834058 -0.87341050977818058 -0.53611231610552856   1.2151861186942228 -0.4003352057702031 -0.67329665766807922 -0.32144390843325094 0.53204994833669361
1403715980.8840582 -0.93367975644968071 -0.55293537700856665   1.2154647940171643 -0.38410999975005089 -0.68365490069352985 -0.30371219798957194 0.54114174265351123
1403715980.9340582 -0.99173255971540242 -0.57140050553681387   1.2145699288800524 -0.36658394209771883 -0.6938743834483031 -0.28683641793690828 0.54943554920978388
1403715980.9840581  -1.0489091456241426 -0.59497767996844908   1.2159681024164788 -0.34798395518049413 -0.70271654560091157 -0.26962988576701497 0.55892427767715402
1403715981.0340581  -1.0968898214758596 -0.60822561352448323    1.207701812431961 -0.32891797170962611 -0.71051580306422113 -0.25222082161143106 0.56865184307103522
1403715981.0840583  -1.1487230155260435 -0.63423977434863565   1.2081677969360434 -0.30877759791943471 -0.71756133363641328 -0.23508444061460632 0.57835753066243867
1403715981.134058  -1.1975884238520991 -0.66719479208996202   1.2098584070914604 -0.28814914486472726 -0.72477328428733123 -0.2173139042041678 0.58689728550796982
1403715981.1840582  -1.2346663295601428 -0.70375118754222965   1.2102705745831353 -0.26562301910680075 -0.73174214038781848 -0.20222628169052273 0.59422418555194123
1403715981.2340581 -1.2767854336940092 -0.7359462159141863  1.2108206429885275 -0.24346605000234703 -0.73851528388849441 -0.18423696841217313 0.60114573726313913
1403715981.2840581  -1.3152393710326518 -0.76442188354810803   1.2108262869643185 -0.22108471625406945 -0.74476897406337883 -0.16517022642544488 0.60758498978662001
1403715981.334058  -1.3519760243755266 -0.80238849995203432   1.2129370389524676 -0.19791712518299029 -0.75030527801482105 -0.14652110851635655 0.61351639432173344
1403715981.3840582  -1.3819920712665348 -0.83611647100552566   1.2137434725014165 -0.17500448634921445 -0.75517009978665972 -0.12608705536648884 0.61902633596226109
1403715981.4340582   -1.427407222251273 -0.87360803460740744   1.2207747626434131 -0.15106713062990698 -0.7590053221205082 -0.10609244336274076 0.62436690855402788
1403715981.4840581  -1.4449318084111709 -0.90953095743359158   1.2209722042677134 -0.12760786596990334 -0.76103317461464881 -0.084427554342295624 0.63040996799411064
1403715981.5340581  -1.4646247900399141 -0.94809471608927576   1.2236701816852704 -0.10310055636114976 -0.76100919729877181 -0.064347877382246427 0.63725554338985535
1403715981.5840583  -1.4800587541600279 -0.98563013500991592   1.2267211420078985 -0.078230464342353034 -0.75988744725300994 -0.044992577344997689 0.64375983871311682
1403715981.634058 -1.4930901797844247 -1.0271876708867484  1.2324847240414014 -0.052552852527471675 -0.75913470014441042 -0.026426273278834036 0.64827028067656656
1403715981.6840582 -1.4967058675014149 -1.0647291817024855  1.2358311122207055 -0.026889875616266802 -0.75866460786404222 -0.0088574594161177616 0.6508659560743153
1403715981.7340581 -1.5039554059134936 -1.1001465036641533  1.2378917356995347 -0.00055158275374145218 -0.76034183831441038 0.0070288699215195552 0.64948485713891391
1403715981.7840581 -1.4979524103159487  -1.137653140106677   1.239000886027904 0.024524684562705339 -0.76447894137528871 0.023848403847134041 0.64374043035587092
1403715981.834058 -1.4658790620169615 -1.1739838115185808  1.2339453199449286 0.049342533419750721 -0.77168630114942083 0.039780794810874591 0.63283730561516471
1403715981.8840582 -1.4455509083210643  -1.208344341277543   1.233486420241432 0.073547419585765605 -0.77759694807796642 0.055193545224735248 0.62200276203376548
1403715981.9340582 -1.4188052940656168 -1.2417412797211713  1.2300549050715694 0.096635469084056472 -0.78137485968343656 0.07073121156324029 0.61246388504171434
1403715981.9840581 -1.4037504898171795 -1.2823115112825076  1.2320354135611404 0.11969773117225824 -0.78206214372302185 0.08458538355087393 0.60571987700348506
1403715982.0340581 -1.3737089887805687 -1.3150483984917136  1.2312406524360302 0.14094940104438589 -0.78141831151592345 0.098894885341642244 0.59978203576473976
1403715982.0840583 -1.3577668048760676 -1.3658272059353644  1.2418816249366267 0.16133637608845847 -0.77891356120575628 0.11263933571460105 0.59546336408731593
1403715982.134058  -1.328682002990601 -1.4007326113661809  1.2431241439454996 0.18113023140796661 -0.77561881630631035 0.12612014519614861 0.59135522322661283
1403715982.1840582 -1.2965177840427149 -1.4369633485414246  1.2458425653969822 0.20048725607208656 -0.77136063438738101 0.13917166884189264 0.58774048564136316
1403715982.2340581 -1.2471966506714478 -1.4756681327959058   1.243713776091034 0.21929371124966898 -0.76640621436246659 0.15245045015308872 0.58420085847340264
1403715982.2840581 -1.2101239863364008 -1.5102355911167586  1.2457771000061901 0.23684620664602338 -0.7620995503841298 0.16646796530615457 0.57913432485782212
1403715982.334058 -1.1742024695907336 -1.5457941115537002  1.2476195339858582 0.25476031700856733 -0.75660798188030776 0.17907768917865299 0.5749545406996418
1403715982.3840582 -1.1342964285434498 -1.5806833009480663   1.249964466402157 0.27150331773790687 -0.75127033112093111 0.19263860092536944 0.56988525816015989
1403715982.4340582  -1.088876010101802 -1.6175823661668527  1.2564195060158996 0.28897628799172981 -0.74500212846467606 0.20519488707447142 0.56511909530657178
1403715982.4840581 -1.0394000370688772 -1.6497802497696721  1.2603001473525977 0.30657168130398288 -0.73839106314599834 0.2182292913272674 0.55961452670152356
1403715982.5340581 -0.99210345258614252  -1.6781278852771941   1.2613907296663804 0.3250532598865189 -0.72998904703457401 0.23043137244362957 0.55529969569633941
1403715982.5840583 -0.94482918947413486  -1.7064846625872665   1.2613911277476559 0.34303263228877112 -0.72162211084013883 0.24374897023369618 0.54970590486338411
1403715982.634058 -0.86556893488943709  -1.7340045557384627   1.2721086643136699 0.36138949988047259 -0.71186017602648921 0.25771109480422361 0.54427723705707765
1403715982.6840582 -0.81250118509216473  -1.7599568049023393   1.2737110585242151 0.37931991951495075 -0.70270577318995342 0.27194708918287802 0.53699699782181365
1403715982.7340581 -0.75209504477747546  -1.7846989344529367   1.2769032945876562 0.39743987368499678 -0.69277021137529171 0.2859352521884857 0.52948277837168078
1403715982.7840581 -0.68309037571662878  -1.8114155588538343   1.2837640749294301 0.41601230127865652 -0.68191150322006755 0.29974339833619029 0.52161706463157065
1403715982.834058 -0.62469562632977094  -1.8345555356986274   1.2841289788558465 0.43389571605912919 -0.67115697335635671 0.31393834246445784 0.51256759732872226
1403715982.8840582 -0.56347470087689799  -1.8556560605946781   1.2852609666314836 0.45225194844740185 -0.6594829305318104 0.32666347565917031 0.50382676897220802
1403715982.9340582 -0.50016333275414471   -1.873281295994228   1.2884991788801565 -0.47044360250154782 0.64755725052963753 -0.3379418271025964 -0.49512396997764191
1403715982.9840581 -0.43612897999353067  -1.8917131821835975   1.2895076129119867 -0.48627474049984909 0.63554528898116081 -0.35134199738155947 -0.48598134046647656
1403715983.0340581 -0.37852312891769307  -1.9049405376878268   1.2903953953952287 -0.50169173346846008 0.62346586006751448 -0.36419852141980003 -0.47639811386624692
1403715983.0840583 -0.31443732659539864  -1.9151212787526029   1.2924238021136487 -0.51727757582954248 0.61071319193262941 -0.37627257123441615 -0.46676788544201753
1403715983.134058 -0.25032547459184096  -1.9263000758707476    1.293005471079909 -0.53212731114878786 0.59788993690746683 -0.38893417600408808 -0.45617798588968267
1403715983.1840582 -0.18523606596174516  -1.9373503129470668   1.2937755425604909 -0.54701879771923301 0.58379431038291174 -0.40171724104467832 -0.44562079883438688
1403715983.2340581 -0.11723468635886282  -1.9448492882550648    1.296129172657015 -0.56112968703222876 0.5696264663766708 -0.41503988731076746 -0.4340519036652255
1403715983.2840581 -0.051608758214714265   -1.9507001427697697    1.2962147215126698 0.5759407619698198 -0.55449925674366907 0.42731074156947002 0.42217098800331088
1403715983.334058 0.01335291413616767 -1.9546688840569788  1.2959184084482052 0.59071608731139735 -0.53727882986018105 0.43899259800265039 0.41191195913019041
1403715983.3840582 0.078498829933694697    -1.95600220826515   1.2955880484950775 0.60574161855758635 -0.52085534273288536 0.45017853823535359 0.3989061132724398
1403715983.4340582 0.14391051352600268 -1.9549127427365292  1.2955193458195997 0.61928626339013604 -0.50294249031868365 0.46316271250388935 0.38602289718922578
1403715983.4840581 0.20573826626889313 -1.9518962996227656  1.2958627557417823 0.63007327261598634 -0.48385260677070485 0.47896322642270234 0.37348166459804927
1403715983.5340581 0.26974576962292568 -1.9472915872435621  1.2968374710559598 0.63921245183442765 -0.46435011994547676 0.49588174261157897 0.36039936857733901
1403715983.5840583 0.33047946395752675 -1.9420595086221539  1.2973111161337021 0.64691992640709406 -0.4444698486018519 0.51298704060648448 0.34754202432380499
1403715983.634058 0.38874958797466985 -1.9319448369289136  1.2984596453140131 0.65384339840175676 -0.42478636667928954 0.52976697835798336 0.33375485268577293
1403715983.6840582 0.44672978036214583 -1.9187695893888799  1.2992718440529911 0.66099561457138345 -0.40593287225534302 0.54446392348511041 0.31915879552838
1403715983.7340581 0.50334750249355298 -1.9015571461682561  1.3005417259530372 0.66692177638953554 -0.38726404280117965 0.55875361715235683 0.30501852509293625
1403715983.7840581 0.55774293932659569 -1.8815273714515643  1.3012366388160646 0.67408495751110098 -0.36972293549000873 0.56988915691766995 0.29007028434083959
1403715983.834058 0.60783157859704207 -1.8580612117168123  1.3020412063043303 0.68123336275556667 -0.35208747133720747 0.57963261731981575 0.27564750485918366
1403715983.8840582 0.65475195390534546 -1.8306921705572763  1.3073901540121047 0.68803875021593508 -0.33478862259041436 0.58870586791583168 0.26066196014527054
1403715983.9340582 0.69162742286153656 -1.7995760889566923  1.3100236840382649 0.6952393167322457 -0.31785101237065266 0.59571235069064887 0.24645450216876255
1403715983.9840581 0.72768995120808899 -1.7671574040097593  1.3133520563228278 0.70181257066785951 -0.30208236636767977 0.60231098074126299 0.23114247134780697
1403715984.0340581 0.76572555017858546 -1.7298458935419021  1.3141063591352291 0.70946017458594424 -0.28674817216059229 0.606362964106678 0.21625379117787613
1403715984.0840583 0.80314354265773169 -1.6956729628073388  1.3145421674713333 0.71726599940396796 -0.27254759042518628 0.60921339686429155 0.20026565889718445
1403715984.134058 0.82642662628188834   -1.65864096532451  1.3180986346959733 0.72570685860036843 -0.25813229395767362 0.6101658681479758 0.18551249969681607
1403715984.1840582 0.84896080528602291 -1.6163377838591542  1.3209009534832874 0.73305795132803087 -0.24484777365360591 0.61165700453543026 0.16897134826463275
1403715984.2340581 0.86516355979115067 -1.5745452702290075  1.3233899974108299 0.74007206082562793 -0.23091223888275295 0.61264118710616244 0.15376494587718861
1403715984.2840581 0.86385499090427265 -1.5316464108307626  1.3255460141522002 0.74589875551228702 -0.21646165777876591 0.61408330009150791 0.1402893359654008
1403715984.334058 0.87136010784950235 -1.4907080938958834  1.3299562314816129 0.74992936847739322 -0.20205774881401581 0.61709321669472539 0.12639054691181265
1403715984.3840582 0.86628673824040914 -1.4410238490678664  1.3368724694639762 0.75386184028461189 -0.18675351535846643 0.61959323463534888 0.11366474324987064
1403715984.4340582 0.86632629248373039 -1.3968261359705443  1.3409243422524706 0.75745751268827566 -0.1699438044394864 0.62183269599102364 0.10344717493126407
1403715984.4840581 0.86534957781096267 -1.3547703848114934   1.345889609521173 0.76197029536352179 -0.15327734311109958 0.62233206993791546 0.092790731213948124
1403715984.5340581 0.85904763151421837 -1.3118668501611084   1.349902706415022 0.76787778464056045 -0.13670383820639678 0.62052653561882032 0.081379279107457278
1403715984.5840583 0.84269173211921888 -1.2707051778032428  1.3540667963442483 0.77613717650255554 -0.11930419714847815 0.6151138787049103 0.0707990679175865
1403715984.634058 0.82632715684133529 -1.2255929155197862  1.3582896032410376 0.78457623961191469 -0.10050963401324124 0.60875787716036878 0.061251813868271339
1403715984.6840582 0.8073815379614373 -1.184096174463324 1.3585576805970399 0.792043399702408 -0.081722404395283013 0.60297249726405866 0.049120964473943055
1403715984.7340581 0.78684804332354275 -1.1405905165122054  1.3598119055377027 0.79789859032613497 -0.06315425229815258 0.59847901999948039 0.034528866078825902
1403715984.7840581 0.76091924276686995 -1.0941227275191021  1.3636506937704767 0.80101817331097136 -0.045896207098045677 0.59665081233124451 0.016469133068685273
1403715984.834058 0.73198422132150121 -1.0485118543231426  1.3632960353449179 0.80200621757751023 -0.029250752082453368 0.59659363825071943 -0.002539934722801028
1403715984.8840582 0.70943263174230542 -1.0058775823653612  1.3659365277698052 0.80222895086760615 -0.01216522339996772 0.59654388448334061 -0.020398814059053631
1403715984.9340582  0.68576813031510964 -0.96488131763329221     1.36851790508947 0.8016115892265343 0.0053478686656023792 0.59672239527681681 -0.036230419450291346
1403715984.9840581  0.65975767894938797 -0.92446479924580072   1.3713768810228109 0.80010937647211822 0.023219998326788064 0.59736954587750968 -0.049350207873930817
1403715985.0340581   0.6326415666496602 -0.89228757915678936   1.3786894564102721 0.79823666761274414 0.041625164622207944 0.59803227541312542 -0.058676790240055093
1403715985.0840583  0.59415637330318816 -0.86274196649057977   1.3869091821662929 0.7964869460824916 0.057849754903417192 0.59826837333495642 -0.06585517477728052
1403715985.134058  0.56394526317452665 -0.82973345360681794   1.3894288470135314 0.79600309659408097 0.071187815644630711 0.59687698382112442 -0.071057943264476731
1403715985.1840582 0.53243258006162719  -0.798906620346026  1.3925788676697173 0.79464373283394785 0.08209646573185965 0.59687610238345434 -0.074434041846477436
1403715985.2340581    0.499063345691797 -0.76923568942803577   1.3959988684010507 0.79346005859004587 0.091572009542666977 0.5970595680268046 -0.074535727797105863
1403715985.2840581    0.461873049010952 -0.73833849218814818   1.4005815267357118 0.79251300977150385 0.10222132904874816 0.5972991196612133 -0.068612614600810681
1403715985.334058  0.42582488417098613 -0.71039735734280618   1.4045922856740185 0.79168839918091838 0.10963217125883597 0.59768719953385585 -0.063089437632658341
1403715985.3840582  0.38832837388408231 -0.68269705083389942   1.4086097860303419 0.79128625627191962 0.11345936919421913 0.59801268578755595 -0.058084936208744567
1403715985.4340582  0.33660821794813151 -0.62291618851128683   1.4102161584848618 0.79187424916816185 0.11136901869123891 0.59760348280675568 -0.058328316599624522
1403715985.4840581  0.29216259504636083 -0.59172216449618842     1.41250860466297 0.79481865993638023 0.10466693455713728 0.59490815357224169 -0.05824447991539506
1403715985.5340581  0.24093981796348163 -0.55378633189652349    1.415117400485753 0.80001147699440611 0.096157387361676727 0.58942251889600228 -0.057588955115519182
1403715985.5840583   0.1931758293544088 -0.52174702572139531   1.4159418730857505 0.80715823550418864 0.086485682535787853 0.58131650168241467 -0.055560187596901782
1403715985.634058  0.14626550554929862 -0.48980438123889442   1.4168748606240567 0.81586147295084011 0.076452956665787303 0.57076884763716684 -0.052420653739587271
1403715985.6840582  0.10096309536682652 -0.45861810300426109   1.4169160403222893 0.82479347594483599 0.0670289693695795 0.5592622625129321 -0.049482936786365818
1403715985.7340581 0.050363724110156667 -0.41875040753687853    1.414278895840652 0.83379661903135804 0.057861280302639699 0.54696127031619801 -0.04763023312673214
1403715985.7840581 0.0072981106308299985   -0.3866967767977334    1.4108604167140233 0.84124178208892242 0.046414491500562149 0.53637306766138215 -0.049617449895341656
1403715985.834058 -0.033649836250318942  -0.35515901687362694    1.4058664598125299 0.84637048639691548 0.035467857819957233 0.52888345859654062 -0.051781444947717602
1403715985.8840582 -0.07834492615350909 -0.32399040308850302   1.3984632182505949 0.84841409424235181 0.026264632043015476 0.52600865448455758 -0.053090387095218058
1403715985.9340582 -0.11163953987272954 -0.29431141671041849   1.3872142678857846 0.84780445631297863 0.017876140459546833 0.52722921229593489 -0.054197833535421673
1403715985.9840581 -0.14810103852922601 -0.26053343928488182   1.3756497904988647 0.84571081067058984 0.011324355955814439 0.5307528800839989 -0.054280419670634454
1403715986.0340581 -0.18050991602974667 -0.23092951015392998   1.3592840175407883 0.84311772048579448 0.0058826021347791746 0.53493039162339606 -0.054473668066341338
1403715986.0840583 -0.20869587208720602 -0.20333658920519099   1.3395833415673377 0.83973622910127244 0.0015998970167548886 0.54028588813934175 -0.054144851480025284
1403715986.134058 -0.23442668428757632  -0.1770601348202607   1.3172576023793976 0.83709275003646133 -0.0027506299808412325 0.54424005983512191 -0.055415874456385156
1403715986.1840582 -0.25811072423302139  -0.1527568377422297   1.2936771606344077 0.8343839024317351 -0.0057630346024786722 0.54825066158575386 -0.056493387805498722
1403715986.2340581 -0.28102287737058373  -0.1301681315015801   1.2703524043697898 0.83238778260604951 -0.0073660622563429569 0.55129080620697934 -0.05616731689050581
1403715986.2840581 -0.30079903858420826 -0.11021330024030529   1.2467291166195904 0.83093588973779919 -0.0065100751255653009 0.55375432714100181 -0.053472527901045334
1403715986.334058  -0.31762018894661009 -0.093689911898567388    1.2233658471435405 0.82790140574782345 -0.002409159432090554 0.55889020297093261 -0.047065904163402304
1403715986.3840582  -0.35731285359510417 -0.067793114709407215    1.2100888184042247 0.82295255679980128 0.002146383269050135 0.56662149841078857 -0.041043389653450946
1403715986.4340582  -0.37594416214153398 -0.052595405804295385    1.1880120935073213 0.81931983139832931 0.0059674708763879335 0.57218734193727583 -0.035791743398554204
1403715986.4840581   -0.3924323002010589 -0.039138171293237593    1.1635776794900701 0.8190863608619926 0.0093456648320745152 0.57267726253370865 -0.032418281502911914
1403715986.5340581  -0.41097933029383188 -0.024512058432474771    1.1362513014521218 0.82274326047445634 0.012659363601294146 0.56750556845258071 -0.029507586014185749
1403715986.5840583   -0.43583384380375556 -0.0089629744494763991     1.1112585658020921 0.82898656440441887 0.015199219120208935 0.55839033122382475 -0.027395214378458054
1403715986.634058  -0.4539576918669101 0.004920088904288202   1.0802528080021632 0.83660162050571218 0.017611351558958044 0.54690698496797086 -0.026082918869004171
1403715986.6840582 -0.47041769490028223 0.017155761679228401   1.0522563454491787 0.84371526741817149 0.019109359167928101 0.53584071088979646 -0.025575622588557726
1403715986.7340581 -0.48537123550456696 0.030159155189466044   1.0268682609705917 0.84867931907884853 0.020198083881324904 0.52790592970039085 -0.025510393226112787
1403715986.7840581 -0.49260134348393297 0.044561544861042773      1.0002973073487 0.85080085774073733 0.021559669050948378 0.52445101489916401 -0.024984277241420605
1403715986.834058 -0.49934569783810429 0.057488809817996485  0.97653778732731755 0.85039240132758986 0.022285976272428471 0.525085498134513 -0.024926264756492567
1403715986.8840582 -0.50295534187863089  0.07242973188370512  0.95740511128939765 0.84798741929244703 0.022792682001990291 0.52896279215161246 -0.024417102368257261
1403715986.9340582  -0.5040177442298005 0.085508810513428263  0.93620106653788349 0.84427605723978272 0.021426682945911261 0.5348903112231298 -0.025123522627331803
1403715986.9840581 -0.50572496160047786 0.098949774633396409  0.91662346750855361 0.8384766853159924 0.018798465241076937 0.54405390771622975 -0.024674103525491792
1403715987.0340581 -0.50135660819196037  0.11046815384213234  0.89800997882510558 0.83123054109837236 0.011461610492953571 0.55512653489981523 -0.027549034109009017
1403715987.0840583 -0.50242318376517359  0.12404710326256697  0.87786270559966584 0.82417702367711276 0.0043492741618043756 0.56562322275784738 -0.027994416122293746
1403715987.134058 -0.4995221579435562 0.13483356686980028 0.85826122006563899 0.81853848414177743 -0.0075284872558013718 0.57348306288683537 -0.032484587737177766
1403715987.1840582 -0.4973045538870986 0.14425061884489729 0.83907697118920266 0.81301881908723839 -0.018433749464057205 0.5809012521119995 -0.034847266541295219
1403715987.2340581 -0.4944395911193043 0.15314230901527237 0.81876451896380198 0.8083505081104374 -0.028404524623301831 0.58694876536501861 -0.035408838656505744
1403715987.2840581 -0.4936173470388599 0.15891829799275742 0.80015151763725467 0.8043727343387691 -0.037854543623629944 0.59189330508168903 -0.034840395791286172
1403715987.334058 -0.49393738112423408  0.16198772281768201   0.7821698401372803 0.80279192064234206 -0.043799779113699616 0.59380917251617793 -0.031581294093543676
1403715987.3840582 -0.49567170102183122  0.16340096259514839  0.76442205583661127 0.80271592927247604 -0.045223095282250554 0.59416860181533571 -0.023784052685080617
1403715987.4340582 -0.49920269513069571  0.16352978913339375  0.74683447399309899 0.80359725533312909 -0.044423891647448956 0.59331629414082443 -0.015288694481753032
1403715987.4840581 -0.50290254916997656   0.1564683830640578  0.73139565974686249 0.80541570763499415 -0.041897138571632644 0.59118902500626813 -0.0067605019391341363
1403715987.5340581 -0.50867002350318358  0.15451776098509309  0.71496193705362321 0.8083867392848233 -0.040070574632759877 0.58728614867237705 -0.00045648068788153086
1403715987.5840583 -0.51249886107244547  0.15024987170939091  0.70078971618779107 0.81136522460499094 -0.038351171685081127 0.58326723150239412 0.0038725427830839185
1403715987.634058 -0.51900480982834407  0.14742055261504874  0.68641164896784079 0.81345262226097814 -0.03689877857212967 0.58041782713241497 0.0069611366535576391
1403715987.6840582 -0.53135002165964407  0.14487461316010783  0.66990858769218653 0.81435340942850165 -0.035169312195536699 0.57922923744135468 0.0092268372140649688
1403715987.7340581 -0.53263846062570219  0.14095507235225516  0.65878480801909878 0.8160064255604198 -0.033072504029444269 0.57699337800894623 0.0108795521578348
1403715987.7840581 -0.53664890755912131  0.13632630037331003  0.64780510199672559 0.81870879706133126 -0.030264223754143359 0.57327942038085988 0.012275526169279762
1403715987.834058 -0.54373564162763655  0.13368056536216311  0.63334575933513493 0.82336680007202656 -0.028349240437798386 0.56666091077130409 0.012603384846444816
1403715987.8840582 -0.55048038882056904  0.13115131605310823  0.61904146263503712 0.8281375181053785 -0.026499127353353306 0.55974341194812038 0.013166629654225775
1403715987.9340582 -0.55671144769502878  0.12937518853429719  0.60515556984651442 0.83231880419884807 -0.025228606174104041 0.55358865964943238 0.012186940348441214
1403715987.9840581 -0.56104894335162936  0.12711112494998442  0.59163460349166663 0.83564530612958587 -0.023307814152095273 0.54863801592937611 0.012247269904754676
1403715988.0340581 -0.56445532363159601  0.12519580976142056  0.57973407147855727 0.83661740049373345 -0.021856080990109016 0.54722920398144037 0.011568717504587227
1403715988.0840583 -0.56663910303422826   0.1232521024227886  0.56821707338874639 0.835114657066518 -0.020427754875669932 0.54960019848881547 0.01028776965460877
1403715988.134058 -0.56656115213606317  0.12163338419641369  0.55830114803721331 0.83167327733816454 -0.019114507317697656 0.55484948695915681 0.0098103105332504256
1403715988.1840582 -0.56550251223661796  0.12020944241014821  0.54715931662630846 0.82801869264257444 -0.017154796776448995 0.56035470046610647 0.0096626729004361551
1403715988.2340581 -0.56438887175373975  0.11858841594279275   0.5380879893611733 0.82436852784545567 -0.015431597917860057 0.56575824701480926 0.0097980619689717052
1403715988.2840581 -0.5604876490253583 0.11905650254210901 0.52922500145785289 0.82036114387530279 -0.01369288414793926 0.57159193320793455 0.010137082170522119
1403715988.334058 -0.5565387461089546  0.1186561189874516 0.52100471345354371 0.81713093081105503 -0.012344872210782133 0.57621752311106489 0.010863337503170062
1403715988.3840582 -0.55224962031098779  0.11867958188763311  0.51505622260489714 0.81387862099741848 -0.012803749789489227 0.58081915966624975 0.009314399565193204
1403715988.4340582 -0.55023498211219335  0.11887751880095654  0.50816179287976337 0.81215735248777521 -0.014082748892613819 0.58322857386367044 0.006822141351830375
1403715988.4840581 -0.54937192874939389  0.11952199485155292  0.50171198857849275 0.81051060017998011 -0.016242282841615188 0.58548939436840219 0.0033051968327082086
1403715988.5340581 -0.54902109682118372  0.12022684271713838  0.49542607952878837 0.80997042233680627 -0.020326420687435943 0.58611432968920607 -0.0021780942463250769
1403715988.5840583 -0.54554635275068641  0.12026233053500934   0.4897761438763707 0.80983658704923678 -0.023894490588035711 0.58613761846309476 -0.0060372028617477836
1403715988.634058 -0.53675411154268671   0.1249497927550869  0.48643580749622739 0.81019619944148058 -0.029200357550622245 0.58533854214485548 -0.010404259187078943
1403715988.6840582  -0.536527213239677 0.12450381623620457 0.47987142185135384 0.8113050544740058 -0.033784914092549627 0.58341826963007082 -0.016303705914413272
1403715988.7340581 -0.53908561649003628   0.1231136312605661  0.47452838246731427 0.81296087400054762 -0.036473843289796588 0.58085802057757729 -0.019189477080838162
1403715988.7840581 -0.54219822697020448  0.12037511433832329  0.47013236003590808 0.81593096920334229 -0.037931611343058197 0.57654255083681216 -0.020409150653460374
1403715988.834058 -0.54412663870518485  0.11643014626131679  0.46467489778692617 0.81916010877411338 -0.0366975657353441 0.57209645091905559 -0.018320909041410295
1403715988.8840582 -0.54671842691772932  0.11090493380600512  0.46124652942410993 0.82197894086731615 -0.03499631071728268 0.56826198640067827 -0.014289640260697695
1403715988.9340582 -0.54452403735805921  0.10571297207162517  0.45726382671996885 0.82403728728214531 -0.033872353121279501 0.56543646909982936 -0.0098393228744801213
1403715988.9840581 -0.54729769072857226 0.098353040781675921  0.45551227024880786 0.82501117036560112 -0.032102172477957658 0.56416704443599486 -0.0064471130384761996
1403715989.0340581 -0.54964634918839572 0.090258700092388872  0.45413583586278872 0.82563390431173866 -0.030023057022671579 0.56340087286599461 -0.0025939452198832031
1403715989.0840583 -0.54942983520938404 0.082792490283133693  0.45298720041806773 0.82634624129248857 -0.030261750267867055 0.56234874091375753 -9.7801908680618415e-05
1403715989.134058 -0.55039590471429611 0.073865995574493998  0.45259883986932864 0.82593537134856387 -0.029449032595654921 0.56299066298495537 0.002242816588708162
1403715989.1840582 -0.55077643697832235 0.064576311165777653  0.45227778782870987 0.8261113746567611 -0.0296474056666437 0.56271775502539534 0.0031234882957147168
1403715989.2340581 -0.55048420101475537  0.05536932278317229  0.45201505450629909 0.82642703391791561 -0.029414592951566516 0.56225698326191964 0.0044971217834785153
1403715989.2840581 -0.55025481622257599 0.046332745554255768  0.45320687143876376 0.82608238588759708 -0.029998055370423968 0.56272953188619113 0.0048458583756002468
1403715989.334058 -0.54912056106971352 0.037203388024303063  0.45344847502860003 0.82576565160166338 -0.029986637871108744 0.56318754393377757 0.0056285470511341839
1403715989.3840582 -0.54756070822566161 0.027174248534349535   0.4533678643333392 0.82509747290389091 -0.030169109724642512 0.56415059748955254 0.0061715782597691815
1403715989.4340582  -0.5449676310142636 0.017681248514008777  0.45321158348949386 0.82565090390155005 -0.029992266731668712 0.5633404487832212 0.0069704797230129185
1403715989.4840581  -0.54270600414017256 0.0074175373468628762   0.45199402843859443 0.82563239126908061 -0.030521008801907924 0.56334357381037636 0.0066060847380891496
1403715989.5340581   -0.53923642204244615 -0.0020544988228837478    0.45135583339443724 0.82609428933007312 -0.03086128893567246 0.56264691301500525 0.0066526127315167374
1403715989.5840583  -0.53494030044808261 -0.011863445254437428   0.45142981882524097 0.82501528462611817 -0.030452673285875833 0.56423907585804312 0.0075286185911134394
1403715989.634058  -0.53013650876936891 -0.022566658964696177   0.45101151990507921 0.82249699388313369 -0.029865260965778906 0.5679182532419077 0.0086959114136849428
1403715989.6840582  -0.52722507366206817 -0.032923671382090479   0.44861348618482266 0.81961735857361773 -0.028873710167546061 0.57209891300724536 0.0098248726146889821
1403715989.7340581  -0.52464153910351419 -0.043452080029008446   0.44541290861366067 0.81691388961531697 -0.028142558288988814 0.57597863949484707 0.01040673878742744
1403715989.7840581  -0.52364649411404496 -0.052694456723293891   0.44108980379235457 0.81489452413611152 -0.026612552782385904 0.57888520472610172 0.011428312062783273
1403715989.834058  -0.52151614912729538 -0.062582188166646513   0.43535421062742252 0.81364867688953657 -0.025436367900209783 0.58066415431133955 0.012568280783336236
1403715989.8840582  -0.51867844382626183 -0.068639324996933981   0.43059473532236425 0.81268691146146887 -0.024130750608274916 0.58203733298603988 0.013792527861043116
1403715989.9340582  -0.51358525102498442 -0.078131010544525745   0.42418507265075467 0.81218047293613094 -0.022106292705958909 0.58275041980765285 0.016617443186173787
1403715989.9840581  -0.51229091202961874 -0.084731118801481597    0.4199176083986475 0.8124168529121033 -0.021003219723034317 0.58244634962388497 0.017145602219549728
1403715990.0340581    -0.510645544860022 -0.093179795138507257   0.41760612704001071 0.81278644752370821 -0.019577276191330237 0.58196191996353441 0.017755131401246751
1403715990.0840583  -0.50948319504333361 -0.099490077227855869   0.41268536482406598 0.81309131769707899 -0.018768917626292448 0.58156841668770087 0.017561706298819691
1403715990.134058   -0.507564782760211 -0.10509834505175276  0.40783101640843661 0.81378027916362916 -0.018257301176563531 0.58061324397008296 0.017792951544111871
1403715990.1840582 -0.50834531918671921 -0.11121044526865258  0.40149842823254361 0.81457215685857653 -0.017190902004845826 0.5795570325831273 0.017038783479651407
1403715990.2340581  -0.5076420636924267 -0.11476208530509803  0.39439207391593761 0.81548012678422699 -0.016290814988352765 0.57827535539437569 0.018010705441622931
1403715990.2840581 -0.50802412057006574 -0.11851088370457134  0.38788528313912579 0.81581674591409148 -0.01552206841118299 0.57781989005247303 0.018063143085553044
1403715990.334058 -0.50821923675715819 -0.12161765263696714  0.38100750551966073 0.8161523815133731 -0.014544421664413018 0.57735291971760971 0.018637490229341146
1403715990.3840582  -0.5093778144307719 -0.12171652706791457  0.37327950969384094 0.81645741661314097 -0.013737285798406232 0.57691577009774342 0.019410513873068566
1403715990.4340582 -0.50893060567285386 -0.12339156597798383  0.36346128657580457 0.81727607624233911 -0.012920475006342871 0.57576636226485745 0.019646185681447718
1403715990.4840581 -0.50915831925144894 -0.12340832889306362  0.35214981725299083 0.81806215908879143 -0.011799249076261583 0.57463192355350046 0.02081427446310237
1403715990.5340581 -0.50942484881249361  -0.1223234529737668  0.33928208279705846 0.81860070791329209 -0.011726746937466144 0.57387481630294512 0.020568413244163142
1403715990.5840583 -0.51052906303834833 -0.11941496648451533  0.32421938431686231 0.81961461400903235 -0.011296168487583047 0.57241984209343899 0.020971539238875118
1403715990.634058 -0.51149276626546591 -0.11624262625837993  0.30887839118786298 0.82115220935691735 -0.010641482360109878 0.57022103279761982 0.021066126284839719
1403715990.6840582 -0.51265494946187828 -0.11285746236545136  0.29307509402833548 0.82287982827437967 -0.01003282116801058 0.5677205955368394 0.021481529783390699
1403715990.7340581 -0.50686127774711343 -0.10699150806611041  0.27185546076962314 0.82448209875367306 -0.010695617033884441 0.56537694086819257 0.021535722544821497
1403715990.7840581 -0.50630849251769439 -0.10087427111266935  0.25586551450068667 0.82529432960777838 -0.01034117741960335 0.56418661374300427 0.021812712807586208
1403715990.834058  -0.50505740624803097 -0.094323138099908985    0.2397010208084156 0.82700255611344331 -0.010127604038036243 0.56170033119744534 0.02137619589543718
1403715990.8840582  -0.50197027422309215 -0.086090309331480416   0.22533087112965502 0.8281509390442765 -0.0097538497299366703 0.55997986051802429 0.022213518175721224
1403715990.9340582  -0.49857054319252953 -0.077615594253820641   0.21056973009248653 0.8290544365233421 -0.0095607744658536518 0.55864830133680887 0.022122574128590474
1403715990.9840581  -0.49678977737094326 -0.067081202608569077   0.19781835576244397 0.82887281744463914 -0.0078012986360148345 0.55893368296703716 0.022408263785517673
1403715991.0340581  -0.49585878383468512 -0.054992286087977953   0.18562502364252823 0.82745208168876183 -0.0066157370670157705 0.56106262374990745 0.022091101440730589
1403715991.0840583  -0.48848608750565714 -0.043190895519180622   0.17287320533300962 0.82509194097277705 -0.006550376397619545 0.56452620694061251 0.022148209590614074
1403715991.134058   -0.4818176444504218 -0.032350462798460558   0.16663824128694055 0.82022961037021347 -0.0114706142148068 0.57168501742601707 0.016372297703058539
1403715991.1840582  -0.47977213150440595 -0.026181316234307573   0.16723508169093101 0.82019783071138164 -0.0086130596272257394 0.57167814513465509 0.019632424088790523
1403715991.2340581  -0.47976902630398788 -0.023761751006235739   0.16996626797173592 0.820707435323347 -0.0037036579924174433 0.5707866036612097 0.025064748220371982
1403715991.2840581 -0.48056438854299105 -0.02292583975430839  0.16968898052496839 0.81957396213130329 -0.001947888498868853 0.57228742047318371 0.027961307103613001
1403715991.334058 -0.48197246928367293 -0.02516967863731228  0.16659866768890655 0.81795795513933212 -0.0056340089395353447 0.57475867317123674 0.023780436959633278
1403715991.3840582  -0.48303490267909993 -0.028952436481957326   0.16113353990099977 0.81847816623538072 -0.013345756710171795 0.57422738452842104 0.01335264136605537
1403715991.4340582  -0.48403358352022086 -0.028994020417188775   0.16076262363080024 0.81845655958782326 -0.01063984842873161 0.57422296682742469 0.016841557558257086
1403715991.4840581   -0.4862781259023366 -0.026286558635723704   0.16351665371114976 0.8183345072362449 -0.011786119585462758 0.57441041632373258 0.015569048472075813
1403715991.5340581  -0.48356568245147286 -0.028967203037141447   0.16075637215626037 0.8186080730593247 -0.011958304324945306 0.57401002959964176 0.015821112438445334
1403715991.5840583  -0.48502977632548266 -0.029182370849515828   0.15963787451748607 0.81786533970275666 -0.012309355679608678 0.57507528461744251 0.015270327364362657
1403715991.634058  -0.48608912232086737 -0.029737381429519351   0.15828030882038785 0.81854757551792678 -0.012506647690838651 0.57410277408942545 0.015147777397610248
1403715991.6840582    -0.487405578419284 -0.030186923924395877   0.15596563958342205 0.81867753125399656 -0.012219022675057582 0.57391409740974808 0.015504970141286382
1403715991.7340581  -0.48716462140721345 -0.032096841714074474   0.15696270655516076 0.81812370510619448 -0.012385631805956374 0.57472761210786294 0.014435066639045119
1403715991.7840581  -0.48959256456549333 -0.032418851875845485    0.1567105559637253 0.81851909678735468 -0.011679159984656601 0.5741618876448451 0.015106693634753324
1403715991.834058  -0.49089064966218787 -0.032823429105348766   0.15508410759119523 0.81848229649730997 -0.012372437969035945 0.57422369576279353 0.014170403089216247
1403715991.8840582  -0.49230325633941691 -0.033413078147708747   0.15404024167584393 0.8182683735847246 -0.011858516376270885 0.57452189513227148 0.014860565062823678
1403715991.9340582   -0.4937051340272981 -0.034028045803308968   0.15284930282319215 0.81854720499031597 -0.012253129915564995 0.57412922477366368 0.014351559866650983
1403715991.9840581  -0.49523160801876343 -0.034612718944129948   0.15159045884051262 0.81838815790756592 -0.012013749936953109 0.57435473583677898 0.014598980477328891
1403715992.0340581  -0.49711577799197343 -0.035492667389189034   0.15634683433907781 0.81842822085103228 -0.01220208979332983 0.57430048593919902 0.014328578760273986
1403715992.0840583  -0.49862919764111102 -0.034587134871622356   0.15739542790603123 0.81856399352437537 -0.011729877199583518 0.57411951403806949 0.014219074758936403
1403715992.134058  -0.50030954524667282 -0.034957509935545632   0.15710000058692686 0.81834604156716895 -0.011743855739291337 0.57442931371551875 0.014240844358342778
1403715992.1840582  -0.5025615896083323 -0.03345038472043068  0.16005805708479012 0.81854731428347249 -0.011839582338294734 0.57414239077583262 0.014164522003232918
1403715992.2340581  -0.50437038736898521 -0.033737982367336557   0.16017532095866902 0.81852091211164746 -0.011743289352191188 0.57417746971787942 0.014347294500403866
1403715992.2840581  -0.50619551573178456 -0.033983789949864902   0.16024113809114446 0.81838439028712595 -0.011871222162455236 0.57437334844535515 0.014188742523899567
1403715992.334058  -0.50797822948344196 -0.034164099867378554    0.1602876446151672 0.81855345340034791 -0.011849874037252862 0.57413236263957446 0.01420755367985488
1403715992.3840582  -0.50990352819019236 -0.034481515221707962   0.16049603384424366 0.81845541107551156 -0.011924246961245027 0.57427159360485713 0.014166481361321018
1403715992.4340582   -0.5118538505463176 -0.034802707776921724   0.16076063248085321 0.81849105803657141 -0.011982942749543021 0.57422097244392312 0.01410928073257494
1403715992.4840581  -0.51386799822113516 -0.035135622632668888   0.16105973931553658 0.81851097251118032 -0.011977119483530516 0.57419231759595524 0.01412511598057932
1403715992.5340581  -0.51596170463178515 -0.035568215722091831    0.1614071599712944 0.81846987588978715 -0.012055511780032974 0.57425231964987655 0.014000009764780564
1403715992.5840583  -0.51818477271432439 -0.034953136291840776   0.16434606890510187 0.81852164802476068 -0.012082866796963371 0.57417704327529384 0.014037058824346851
1403715992.634058  -0.51973597031623031 -0.036304684091802202   0.16593878521789196 0.81850624566173846 -0.012058989386388734 0.57419906292921885 0.01405498911105201
1403715992.6840582  -0.52187351361876677 -0.036806394528424123   0.16664677436847947 0.81852381847849598 -0.012048359377040192 0.57417693849956075 0.013944135504777497
1403715992.7340581  -0.52401700590511824 -0.037317122940277593   0.16739263022013254 0.81852499455113392 -0.012136113242594568 0.57417562485996498 0.013852792754461798
1403715992.7840581   -0.5262564367541479 -0.037850483054955975   0.16817438117486894 0.81854171706753409 -0.012202516761664178 0.57415055041444252 0.013845629765634091
1403715992.834058  -0.52851209941120825 -0.038440000296893068   0.16902085151989973 0.81858073109064156 -0.012240207953814589 0.57409278183356605 0.01390114538287694
1403715992.8840582  -0.53081862399163893 -0.039039813171349518   0.16994288973611599 0.81858119601863177 -0.012274781989773338 0.57409273773625469 0.013844989357234744
1403715992.9340582  -0.53065424189315569 -0.034024832576081361   0.17056166520011656 0.81858561704595922 -0.012311558109256292 0.57408113541627381 0.014030789770021907
1403715992.9840581  -0.53249423520549233 -0.034354298812309128    0.1719533100806431 0.81864020376867042 -0.012312162384567272 0.57400463673489477 0.013975136416059611
1403715993.0340581  -0.53472850031896635 -0.034689097968453132    0.1729680641513261 0.81866059611174347 -0.012318573512539368 0.57397579878262872 0.01395935286553204
1403715993.0840583  -0.53691544388220869 -0.035038449180266343   0.17411699210043072 0.81867755517897434 -0.01232630359166703 0.57395236665376537 0.013921339679976328
1403715993.134058  -0.54145284183466635 -0.035697725762301499   0.17149730512320158 0.8187032447502598 -0.012411688911137845 0.57391436912114946 0.013901220451533506
1403715993.1840582  -0.53297385212681536 -0.033554246854016083   0.17363529140568074 0.8187850940789142 -0.01204676340001685 0.57380953607765184 0.013728128500195834
1403715993.2340581  -0.53470047061893433 -0.033797818199015311   0.17458216387216008 0.81880149370522537 -0.01207617108696143 0.57378679411467393 0.013674607766767257
1403715993.2840581  -0.53489021628618061 -0.033269337259816761   0.17362595825215976 0.81877969410253959 -0.012062029657790829 0.57381816214356707 0.013676138346238802
1403715993.334058  -0.53646302746792551 -0.033501994692502861   0.17451082242052154 0.81880142782061727 -0.012072625087253593 0.57378793632403335 0.013633695442852395
1403715993.3840582  -0.53801536497947544 -0.033761924942746893   0.17541289216893546 0.81884188817448433 -0.012070295322910492 0.57373106319961154 0.013599164000282406
1403715993.4340582  -0.53953682984144868 -0.034037755820490762   0.17632471421878468 0.81883249438647077 -0.012180737469155621 0.57374425981648969 0.013509259756412555
1403715993.4840581  -0.54102551383179531 -0.034331123075259123   0.17733520391451382 0.8188477739843556 -0.012165992646647144 0.57372156258703588 0.013560246549287931
1403715993.5340581  -0.54247387529675783 -0.034665330044590888   0.17837544653056969 0.81887335435580866 -0.012145803644967083 0.57368536863727393 0.013564910298244911
1403715993.5840583  -0.54389036111019218 -0.035054911683620758   0.17951829107667944 0.81883625682034955 -0.012257347746475617 0.57374019831806755 0.013383825185843549
1403715993.634058  -0.54528131455608686 -0.035518423350210729    0.1806659689755413 0.81890927603311792 -0.012191495525521186 0.57363464909232231 0.01350016386916556
1403715993.6840582  -0.54724191332158989 -0.035601858319364812    0.1772229022215604 0.81896072102594664 -0.012341077262084272 0.57356232092944159 0.013315376025681371
1403715993.7340581  -0.54337323358181389 -0.037063897022617233   0.17665395007102144 0.81846168040353795 -0.01215321452902922 0.57426919438585933 0.013699250601569056
1403715993.7840581  -0.54443880072914597 -0.037328281444500996    0.1770788104949419 0.81898825944321241 -0.012317397143865004 0.57352411513481805 0.013289167791911919
1403715993.834058  -0.54563789611008717 -0.038609201978528594   0.17817387542770613 0.8185697632622343 -0.01231400563204023 0.57412049301657575 0.013325443201181111
1403715993.8840582  -0.5464106211356462 -0.03930126418480423  0.17914403681708804 0.81892208704781 -0.012317038698538568 0.57361691012991922 0.013362122434781853
1403715993.9340582  -0.54736954348744904 -0.040205720852040404   0.17971827531204473 0.81926963503178551 -0.012553093052962826 0.57312179098461546 0.01308043073737725
1403715993.9840581 -0.54876822796731306  -0.0409359388700671  0.18086449236642116 0.81858821081548516 -0.012352359596043529 0.57409371973223866 0.013310194976591321
