# time_in_imu_clock tx ty tz qx qy qz qw; Hamilton IMU-to-estimator-world; NO GT alignment
1403715893.7840581 -0.042097371362923783  0.014695600880036562  0.051486057368481088 0.80314765586139647 0.0061926298958492861 0.59574784007317039 7.2577333459734306e-05
1403715893.834058 -0.041011040424250862  0.023167523642388579  0.059402758866020061 0.80738676569977885 0.0062635082933110708 0.58998911980156676 -0.00046642521658539932
1403715893.8840582 -0.036801367681264768  0.023175579498273466  0.066142675216326108 0.81095888601090094 0.0068057774052658433 0.58506348847703382 0.00028468395137705015
1403715893.9340582 -0.040818788267312965  0.027045247687212504  0.075605779646041746 0.8133602892187034 0.0063092190028898537 0.58172604130029459 0.00021575617908687762
1403715893.9840581 -0.045171287300785186  0.031301911763501049  0.085254338450144934 0.81700434481008566 0.0059728676560987116 0.57660026122115482 0.00060346756457927417
1403715894.0340581 -0.050755617234735401  0.034745994316621634  0.097920297671878834 0.82142737324124671 0.0054364087457938748 0.5702807452893327 0.0027179959855891164
1403715894.0840583 -0.054293296454982404  0.040294979980610816   0.10715276806145704 0.82623960645770544 0.0055012884732672969 0.56328022129985722 0.0036387962479310955
1403715894.134058 -0.057335176275152284  0.046105576061304873   0.11646627187406089 0.82800032702584581 0.0070828918710317181 0.56064180903357286 0.0067862398571336899
1403715894.1840582 -0.059035760845309079  0.052377240426819051   0.12798899649484974 0.82629817235913128 0.010551815737588122 0.56299555011252034 0.012489999763809774
1403715894.2340581 -0.059865517436144142  0.059505422742170015   0.14199231028066778 0.82329435673324414 0.013590818839680049 0.56717733393191005 0.017651166770257552
1403715894.2840581 -0.060162334882229114  0.067827108826135893    0.1581104255014065 0.82016035905477513 0.017654422141921269 0.57136291706670217 0.023868888013610652
1403715894.334058 -0.060104280245404304  0.077349685648360089   0.17573009015561827 0.81838000522948173 0.02129273953755597 0.57354532107418632 0.029095548757287721
1403715894.3840582 -0.059879004767913434  0.088562818959326897     0.194310041859246 0.81686878356008685 0.023320485380564568 0.57539911142477262 0.0331271486587814
1403715894.4340582 -0.059915816879534109   0.10173008868558774   0.21188558575858665 0.81663417943742733 0.023881594649609136 0.57557024771516718 0.035456682820771912
1403715894.4840581 -0.059245057168431502   0.12336588185109194   0.22910785026879149 0.81858744789755877 0.024132400659958021 0.57267836453093102 0.037036578960898722
1403715894.5340581 -0.059175176980963022    0.1414243624563721   0.24144956539140025 0.8211867242432267 0.022060918433947758 0.56913686916612594 0.035339835318088528
1403715894.5840583 -0.059023348481163126   0.16098825580162901   0.25176116993146708 0.82325083857395676 0.020481630619333533 0.56625001936726727 0.034633439924727637
1403715894.634058 -0.058300157897888304   0.18221292730970723   0.26053434460392705 0.82491934125703348 0.018713113238559891 0.56397300171508047 0.033050766246255192
1403715894.6840582 -0.067278503697930592   0.19627563366280712   0.26414547075566092 0.8256982891974548 0.015384724646680937 0.56319307241244732 0.028270278572560335
1403715894.7340581 -0.062431134859824787   0.20203499520709078   0.26474426344326074 0.82607401346886045 0.012766293936296471 0.56294437964493327 0.023073175697386518
1403715894.7840581 -0.062000613995373856   0.21539002320903275   0.27518929205269493 0.82543244051234699 0.010519812147019329 0.56413173435723052 0.017493026991499794
1403715894.834058 -0.060381928477484081   0.23731638242795849   0.28596553095715355 0.82377258056318114 0.0085069767694083299 0.56667249098172789 0.014444889168336186
1403715894.8840582 -0.058556689330259273    0.2697982492359407   0.30251986667300024 0.82214430064954913 0.0061013518944689699 0.56907591266211055 0.013932983970048197
1403715894.9340582 -0.057150241330201579   0.30018349341471934   0.31470123405867967 0.82042191125630559 0.0058378357309240058 0.57154097274743731 0.014653452679922088
1403715894.9840581 -0.053560732698643747   0.32852333622079649   0.33086790440811603 0.81923142124404924 0.0046490055812857594 0.5732714088068761 0.014076826280801556
1403715895.0340581 -0.0499874291471646 0.35401593812521109 0.34545303527616805 0.81847544876372014 0.0040344694758749763 0.574377300001086 0.013129359106132344
1403715895.0840583 -0.046721783718221853   0.38008616697941594   0.35999531333940177 0.81821403092876155 0.0040280703044396097 0.57473266899711462 0.013854004055992261
1403715895.134058 -0.04317806445409518  0.40603918123010735    0.374446657116218 0.81830610960958439 0.0028194023211204665 0.57464153179853195 0.012420623108983382
1403715895.1840582 -0.038813588726675438   0.43299400767748641   0.38956478085666957 0.81854674434335828 0.0016802087918766 0.57431857752690696 0.011686561974111985
1403715895.2340581 -0.035315922924513216    0.4593106966363576   0.40330726277791179 0.81894468731687775 0.00034600326387959851 0.57378161164806174 0.010204975833168782
1403715895.2840581 -0.032028666933659168   0.48488568944185606   0.41672589816718281 0.81884334168017603 7.6847428638567082e-05 0.57392872514893534 0.010069475131962559
1403715895.334058 -0.029365209369517538   0.51452067150475267   0.42897419547325999 0.81901731470255712 -0.00043887806635129308 0.57367790730623269 0.010203150111466275
1403715895.3840582 -0.025572296120937164   0.54095527754741279   0.44186833246061979 0.81893464752943712 -0.00059509841922763661 0.57379496352764348 0.010248354210243074
1403715895.4340582 -0.026928564517959681   0.56440248724184283   0.45099172685069572 0.81867908256337252 -0.00053443084842947329 0.57415827573776979 0.010322236128586482
1403715895.4840581 -0.023888890894684173   0.59076015678571214   0.46335143054305372 0.81921729784930519 -0.00096842704475745762 0.57339453175118194 0.01003952246796104
1403715895.5340581 -0.020983258883859938   0.61689764554115833   0.47579564091399579 0.81943115412389245 -0.0012393517922359069 0.57308858661769313 0.010025943689029803
1403715895.5840583 -0.018030563333282228    0.6430541052371318   0.48801939695230873 0.8201808716045863 -0.0022167955820697259 0.57202141979958787 0.0094825609279548754
1403715895.634058 -0.015921536882020831   0.66898866582002603   0.49969598684454908 0.81978731972097474 -0.0017636965579530129 0.57257446327679751 0.010204107135814084
1403715895.6840582 -0.011908111630384534   0.69496380316190887   0.51208081185047238 0.82012754006030564 -0.0020489028646332422 0.57208390823836608 0.010325791320757123
1403715895.7340581 -0.0084425330721920669    0.71970736868295326    0.52422403373045734 0.82045433946933588 -0.0025783985712664781 0.57162104903585864 0.0098693974430091036
1403715895.7840581 -0.01148932001205193  0.74670460340394473  0.53044679775848358 0.82040869430353447 -0.0021275356326316778 0.57168830094853318 0.0098759537200835187
1403715895.834058 -0.0091845537860186788    0.77358960626185314     0.5407796076795951 0.82042456433864852 -0.0024041134216713713 0.57166190362541769 0.010021098330941185
1403715895.8840582 -0.012484359250666707   0.80191479014880429   0.54748884170809109 0.82036634392751073 -0.0015591954221711986 0.57174099668582379 0.010433761035490765
1403715895.9340582 -0.0085078104297046219    0.82745205989386583    0.55879817193018644 0.82015507300528412 -0.0019728999000273189 0.57205378715601696 0.0098096121299542267
1403715895.9840581 -0.0067831841619168335    0.85106367401246308    0.56866069384633877 0.82041752035556703 -0.0032080791454505899 0.57169686099452 0.0082158171128324953
1403715896.0340581 -0.026041102890352524   0.87087506214852872   0.57536069136461809 0.81990569339419694 -0.0032723761000414929 0.5724544315088419 0.0063142173172892144
1403715896.0840583 -0.025132346169601198   0.89664435576907331   0.58477512355107808 0.82009370860143804 -0.0052135488419185715 0.57219417266666639 0.003599553739274495
1403715896.134058 -0.02165276321956331  0.92155117215630977  0.59521787740697329 0.82067106911110344 -0.0076181970150945933 0.57135011469769481 -7.6375446951632415e-05
1403715896.1840582 -0.01797003943313235  0.94602856761518894  0.60532134289502104 0.82027156311505911 -0.01063387654311374 0.57185717547989201 -0.0045666471949882053
1403715896.2340581 -0.014074363023518255   0.96968080812752055   0.61474525302059746 0.81990474383858625 -0.015415576883707054 0.57218500297236885 -0.011085729287473178
1403715896.2840581 -0.0099787174727219083    0.99204977606660749    0.62458193631648806 0.81831368041407582 -0.02074394154912702 0.57409160706330487 -0.018741292261960012
1403715896.334058 -0.0057360191641451118     1.0126746799257251     0.6348200961287167 0.81674047103962422 -0.026810281132843443 0.57573089685783874 -0.027388796885212081
1403715896.3840582 -0.0018139513281522869     1.0311292299971233    0.64490609629164009 0.81575447103132248 -0.032144874663105713 0.57643131751051568 -0.03518929124594284
1403715896.4340582 -0.017854088142199867    1.0444062702310593   0.64467937862392954 0.81382400006685429 -0.035231698867643817 0.57860323105679601 -0.040835344013741504
1403715896.4840581 -0.01564642086234071   1.0567918898410058  0.65417940469465508 0.8127195445969071 -0.039215750670919883 0.57945299844572651 -0.046725681608398253
1403715896.5340581 -0.015311744747244666    1.0659155248778489   0.66306244050200924 0.81110376289736164 -0.041379299645406216 0.58124140370171262 -0.050565502048917514
1403715896.5840583 -0.025447332485798797    1.0673829457711155   0.66506619420167257 0.80880275741374108 -0.043175287013255514 0.58391540352812898 -0.054925364940385919
1403715896.634058 -0.025128015921237704    1.0689269401384713   0.67518897320945348 0.806866090066643 -0.044674195931259007 0.58624510099413474 -0.057341176120135146
1403715896.6840582 -0.029187842087226828    1.0660082788786853   0.68551199564650556 0.80522205048780415 -0.045723794744300106 0.58824950084819483 -0.059070371204582431
1403715896.7340581 -0.031675028234474614     1.058727178471242   0.69513485263521868 0.80456009072630086 -0.046752833485864252 0.58882514080005743 -0.061499484008585591
1403715896.7840581 -0.034104245660559286    1.0484625339171181   0.70450885688808729 0.80580987574417373 -0.047587934416462994 0.5868225231380062 -0.063601564360304966
1403715896.834058 -0.037122190898372577    1.0341522622432993   0.71377345900393752 0.80772525753985924 -0.048918623222814213 0.58372115993630691 -0.066756902839815724
1403715896.8840582 -0.042668043314099048    1.0173969207786653   0.72340672033604525 0.80925389921733315 -0.05099113962500295 0.58102379073451482 -0.070138326767757567
1403715896.9340582 -0.05034221783707489  0.99330519869116551  0.73390201209552541 0.81059720961440551 -0.053880426780624026 0.57820059886174324 -0.075585255514543828
1403715896.9840581 -0.06635757590953438  0.96489816289048047  0.74087118054678347 0.81137439251514698 -0.057548963835562593 0.57581837385939116 -0.08241912555988333
1403715897.0340581 -0.071842041434305309   0.93284422160387781   0.75040896275516711 0.81224614834002906 -0.061910182369812106 0.57312878001296974 -0.089144407264667977
1403715897.0840583 -0.077160271189597604   0.89534954812649326   0.76001976173419383 0.81286678956445813 -0.06505694647700809 0.57110067313412216 -0.094123308930419897
1403715897.134058 -0.10683337479904439  0.84450257251471128  0.77335126309670477 0.81230762047291494 -0.066897537748965341 0.5711991842192442 -0.09701825143768962
1403715897.1840582 -0.12210083100287314  0.79125082570971061  0.78471372573118536 0.81217579304313592 -0.066651441976836173 0.57149841649539657 -0.096527853080943554
1403715897.2340581 -0.12647113077177255  0.73778294562596869  0.79627578364333318 0.81369574749997309 -0.063324821157947062 0.57066950275551109 -0.090694631321550936
1403715897.2840581 -0.13259926593205143  0.67735490721827563  0.80717468990950314 0.8153352781528016 -0.056067370957821293 0.57071547206364481 -0.079804035365029891
1403715897.334058 -0.1358364181269944 0.61484305955843066 0.81858738818491139 0.81767324558696886 -0.046488941991908589 0.57009713609584134 -0.065103741359965925
1403715897.3840582 -0.14776079478249587  0.54132645752867981  0.83378924040192881 0.81941753877251111 -0.035561812798138338 0.56986888563123761 -0.050395513807499015
1403715897.4340582 -0.15359223075280956  0.47107949464465271  0.84515988763820959 0.82142297554312826 -0.027356263211400458 0.5683860799040843 -0.038120785462131254
1403715897.4840581 -0.1583523725918991  0.3993409418283565 0.85647297335389694 0.82197116708579243 -0.02102809940546399 0.56842633187689562 -0.028508327625303552
1403715897.5340581 -0.16314253218372612  0.32717698828570718  0.86658412153263287 0.82265858110491052 -0.016439930256931443 0.56787948422064616 -0.021805481624942523
1403715897.5840583 -0.16999076236697669  0.25239451797300932  0.87940115859570955 0.82278474687168146 -0.016776830954284599 0.56769723250840332 -0.021532544223440954
1403715897.634058 -0.17321833516189492  0.17886093222040297  0.88904883794133405 0.82263563018811414 -0.019110312081181441 0.56773476552975244 -0.024138183983919259
1403715897.6840582 -0.17238789042437971  0.10601357782870274  0.89942831461919603 0.82256124623578719 -0.02163300557386141 0.56764481119596522 -0.026540112719559628
1403715897.7340581 -0.17499330654391376 0.031076047946415698  0.90811931109399602 0.82195196565035633 -0.026706962126891644 0.56796986363035573 -0.033044490390736224
1403715897.7840581  -0.17784982520353901 -0.045962361152518574   0.91627844978941353 0.82092665985514068 -0.029827852802246486 0.56902171724666251 -0.03747003653519778
1403715897.834058 -0.17956809055846368 -0.12379819750409704  0.92489459894337855 0.81953247975808607 -0.03215237059643905 0.5707084361332132 -0.040306582749887895
1403715897.8840582 -0.18061146884674664 -0.20346357410133056  0.93348266668868662 0.81729930068398493 -0.033444224671304451 0.57372425293536167 -0.041759053286271525
1403715897.9340582 -0.18189257463531203 -0.28488149973072496  0.94245297994874988 0.81575966086138529 -0.031156178456923124 0.57626695751246038 -0.038494959859835379
1403715897.9840581 -0.18361542078873275  -0.3688818902427019  0.95039311045365293 0.81415066252849422 -0.029483413337110326 0.57876650691301801 -0.036314701129303517
1403715898.0340581 -0.18856057839972454 -0.45287875940677891  0.96080050668416317 0.8112710261237791 -0.026315400402101393 0.58321249040001288 -0.031780700356705376
1403715898.0840583 -0.18928869688822431 -0.53865938149900072   0.9694296304273079 0.80716118916877866 -0.023618990734383356 0.58924488493036742 -0.026896534344231612
1403715898.134058 -0.19452040057334782 -0.62762621194546309  0.97748967087368455 0.80307029246212214 -0.021697015229807069 0.5951193235611999 -0.020984175441966502
1403715898.1840582 -0.20097395200255735 -0.71511357567041867  0.98532056178654881 0.79925579145237247 -0.022173868810653589 0.60037679006433242 -0.015691058723307685
1403715898.2340581 -0.20025688414853554 -0.79425148384495214  0.99043542620939895 0.79696555353494547 -0.023464522925914111 0.60351309981010814 -0.0082012803995406679
1403715898.2840581 -0.20179427378998463 -0.87727658032994271  0.99596791282999242 0.79664486446196825 -0.026484842381150401 0.60386675814312551 -0.000671907828396082
1403715898.334058 -0.20968623069427042 -0.96389858493194425   1.0009222980087871 0.79721457762497749 -0.030872010925654104 0.60287048758415751 0.0065583049391861256
1403715898.3840582 -0.22021102663078229  -1.0516343740061995   1.0046391375738677 0.79903569098030214 -0.036519837433291659 0.60002129881329491 0.0135169147324353
1403715898.4340582 -0.23122995955123871  -1.1391130825332003   1.0063479276191907 0.80239801039701286 -0.043140880243426369 0.5948796123290474 0.020360358493407223
1403715898.4840581 -0.24238526590018308  -1.2238340641929322   1.0067895141656464 0.80565785555862213 -0.051447448053864614 0.58953981784230136 0.0266717649189851
1403715898.5340581 -0.25517883183288392  -1.3098866783835093   1.0074247640779348 0.80925964308826959 -0.05957921303018994 0.58346797641113035 0.033380652271198158
1403715898.5840583 -0.27735698784900481  -1.3910480634520779   1.0040100094488302 0.81130951964388731 -0.06805087103428939 0.57922502493295491 0.040550126733426541
1403715898.634058 -0.29241978844764582  -1.4746845561269497   1.0025480221607541 0.81308322156662205 -0.077086227718152447 0.57505808680626791 0.047556125806706692
1403715898.6840582 -0.30733586603980723  -1.5493692909559376  0.99681907252287039 0.81141469298253643 -0.086087465062468171 0.57544059494971778 0.055346779988446511
1403715898.7340581 -0.32065896785813752  -1.6321149321268018  0.99041083797187357 0.80956990085493108 -0.095289531514870476 0.57589698835231939 0.062121973730252182
1403715898.7840581 -0.33401451278619221  -1.7208915541423573  0.98117231069110356 0.80911484991353655 -0.10318782316377582 0.57443717801800698 0.068610212875525822
1403715898.834058 -0.34913787065601071  -1.7987457183403419  0.96877470998926329 0.80875138969591187 -0.1104212163857556 0.57288677569697455 0.074357829906108466
1403715898.8840582 -0.36273489888394911  -1.8772809751237638   0.9527415850442954 0.80859634309575867 -0.11635258202380669 0.57122236947438632 0.079618058257077573
1403715898.9340582 -0.37532257400906821  -1.9551617251011391  0.93356817872187714 0.80887991805932447 -0.12224549864735743 0.5691301007949563 0.082826593494616588
1403715898.9840581 -0.38799249926072821  -2.0315028735732037  0.91150509408016112 0.80922456992112735 -0.12600439288780316 0.56719067413755175 0.087024293047012022
1403715899.0340581 -0.39707648449098787  -2.1072445734763843  0.88861807618395505 0.80856707762351077 -0.1299116982408938 0.56689518858843502 0.089286487212933321
1403715899.0840583 -0.40252658361715032  -2.1918365301121798  0.86301696587500998 0.80943778671407562 -0.13248468310727132 0.56479613189888445 0.090904386986781285
1403715899.134058 -0.41011655484222087  -2.2682573695614829  0.83404727417357516 0.8118273116448379 -0.13548115563050891 0.56054281777880333 0.091504218335201962
1403715899.1840582 -0.41715194495860308  -2.3403726241636482  0.80597705440322265 0.81520779435197332 -0.137102970948074 0.55491665616595043 0.09330879966328294
1403715899.2340581 -0.42201573474396248  -2.4107756776425542  0.78462766116406546 0.81966232644993098 -0.13601734276691857 0.54786970642589239 0.097425550273631076
1403715899.2840581 -0.42559126093670274  -2.4788333592880636  0.76480458303630727 0.82397660339643275 -0.13515705377413872 0.54096751853237079 0.10074359415516997
1403715899.334058 -0.4329854289021573 -2.5578332986924557 0.74646439316053093 0.82820007213859659 -0.13472917978705085 0.53422927487951544 0.10262441466453893
1403715899.3840582 -0.43614028219600837  -2.6275342357758253  0.72956682368620929 0.83222323933903697 -0.13257842361927258 0.52793618807527487 0.1054078878225764
1403715899.4340582 -0.43585645201985579  -2.6952133757687933  0.71692217017556981 0.83484930725799811 -0.12938505013568005 0.52385168070371135 0.10892914943267144
1403715899.4840581 -0.43240464512584759  -2.7622842007269557  0.70811582363500447 0.83547852349336471 -0.12814187794919937 0.52302648362787152 0.10953809073041157
1403715899.5340581 -0.41571731728086769  -2.8258737591053595  0.70670178466497657 0.83639819701387175 -0.12740555376375665 0.52197489848625556 0.10838858912430975
1403715899.5840583 -0.4066528106390479 -2.8903803367206624 0.70147803770995065 0.83618731698976478 -0.1268986014378414 0.5226810520055345 0.10720090360144549
1403715899.634058 -0.39424842537615484  -2.9528725223022052  0.69428791454947691 0.83651300233038217 -0.12723951459440441 0.52260367607473146 0.10460162814778513
1403715899.6840582 -0.37560332980733524  -3.0111906011871477  0.69024384169101871 0.83628903067958194 -0.12616399537545742 0.52329819911048658 0.1042223500196983
1403715899.7340581 -0.35888895570520074   -3.067348083930781  0.67927772455911983 0.83594500332924571 -0.12398737902400551 0.52414168975654751 0.10534975230524414
1403715899.7840581 -0.33200395263042787  -3.1216679628081487  0.67683877307713713 0.83504665756054308 -0.12031987567625876 0.52588639442856167 0.10799864521901228
1403715899.834058 -0.3023999571637439 -3.1787420088118732  0.6715323892481615 0.83289050216552796 -0.11572132178400274 0.52953175350013837 0.11179494229206786
1403715899.8840582 -0.28057932052451789  -3.2321430204521659  0.67449438813298468 0.83012737023165351 -0.10991195575410759 0.53382682043806451 0.11763008524851537
1403715899.9340582 -0.24558183507753753  -3.2903610179168581  0.67558110682229067 0.82835344149538115 -0.1036686720867203 0.536662435294608 0.12278767419490887
1403715899.9840581 -0.21391789015920198  -3.3411500606931597  0.67296435098123586 0.82707609845103625 -0.09779202835482724 0.53823792493440392 0.12915797584186414
1403715900.0340581 -0.18391274996913434  -3.3878420871394259    0.676209355804132 0.82556099290196472 -0.093420499874311391 0.54016467509303345 0.1339543988960179
1403715900.0840583 -0.14882812919811808  -3.4328382362576599  0.67372757283505003 0.82500476865443995 -0.089920013394677173 0.5408728337904839 0.13688718185420742
1403715900.134058 -0.11724989562987555  -3.4764138553155712  0.67564411248788958 0.82421997929315316 -0.087372129535553206 0.54173066669517866 0.13984070035727811
1403715900.1840582 -0.079586029547316459   -3.5200565479646673   0.66889965202124724 0.82356974794679705 -0.084966593915571487 0.54240051181508897 0.14253151570079181
1403715900.2340581 -0.039452033990450955   -3.5553970768271745   0.66729008543892765 0.82310854876968687 -0.083080496617638097 0.54301977579050542 0.14394259662954462
1403715900.2840581 0.00043689019955780962    -3.5912123856002394    0.66308630718955364 0.82275369138739418 -0.081365079630498355 0.54336997670998588 0.14561990089039592
1403715900.334058   0.043569535087925 -3.6196061170827165 0.66212888510176804 0.82314247846164357 -0.080956493584828454 0.54281779323985457 0.14570981312419221
1403715900.3840582 0.087600188767090179  -3.6391757406339651  0.66286595456606445 0.82339307606833489 -0.080187055417783704 0.5421902370972681 0.14704973724070006
1403715900.4340582 0.13057960148324735  -3.654242405929419 0.65579312704636594 0.82357240036320889 -0.082447755430797035 0.54220967584347912 0.14470499786156388
1403715900.4840581 0.17778788348272681 -3.6704585008284312 0.65236083787038224 0.82313975558023189 -0.089584455658841974 0.54416713813288897 0.13526896859178916
1403715900.5340581 0.22573942057587201 -3.6849198193827113 0.64716324844823248 0.81993444190790143 -0.096384066828847315 0.55017615183675872 0.12539467526496528
1403715900.5840583 0.27372843037764288 -3.6901301440186569 0.64767139230427273 0.81583385375840878 -0.10182892971436085 0.55685289686282857 0.11815601292531352
1403715900.634058 0.32432796821996873 -3.6993071517058249 0.64304259647191109 0.8105891907934395 -0.10838900679975708 0.56505240493593245 0.10914562130437637
1403715900.6840582  0.3735289482295705 -3.7030672937188327 0.64301114048542785 0.80438958502420344 -0.11552947449297499 0.57413074990078616 0.099921059073290519
1403715900.7340581 0.42177391251143803 -3.7075583100884173 0.64041665726354313 0.79694494115246406 -0.12066890317556693 0.58449940283989343 0.093156989312178348
1403715900.7840581 0.46811535444529867 -3.7110033670680669 0.63794829605634495 0.78944256890097286 -0.12269125061380609 0.59450867578610067 0.091031433279445725
1403715900.834058 0.51549934763348637 -3.7148238271102541 0.64034534145729771 0.78225276010337386 -0.12139354040906386 0.60383990119886954 0.093389514281561795
1403715900.8840582 0.55568572029429109 -3.7132646985563564 0.64034819556568723 0.7766860752216127 -0.12028929406413204 0.6107421253740819 0.096349792858881206
1403715900.9340582 0.59761668800328283 -3.7150052725039235 0.64249509442328789 0.77268517202113263 -0.11859060245953189 0.61555371155689942 0.099937591203127243
1403715900.9840581 0.63160291463449914 -3.7117744662814989 0.64205052976252397 0.76821801880174456 -0.11715184964685581 0.62088703943242196 0.1030330237229073
1403715901.0340581  0.6671469699950352 -3.7112659368388323 0.64363631395316157 0.76325184423227932 -0.11655285311776049 0.62697364585116466 0.1037598290005953
1403715901.0840583 0.69593584439031908 -3.7058048873998661 0.65017472196785997 0.75870040061988941 -0.11538743194827517 0.63221363516426232 0.10660845257291121
1403715901.134058 0.72299026903570718 -3.6985006503465865 0.65777176014031236 0.75409728356711903 -0.1154409505770722 0.63761637659216408 0.10703284611759978
1403715901.1840582 0.74475517861505847  -3.690185846590337 0.66484611270943483 0.74980253335495972 -0.11529618374052512 0.64247594483277359 0.1082940963330432
1403715901.2340581 0.75982480030640553 -3.6770379654958196 0.67185855971746633 0.74662373300991203 -0.11610600740952849 0.64607333101688069 0.10798910731418376
1403715901.2840581 0.77227817003191312 -3.6654386017451532 0.67845244689030892 0.74488783637964662 -0.11746735950351732 0.64792528394279336 0.10740743499670237
1403715901.334058 0.78449997941595173 -3.6564278887293984 0.68171735770228881 0.74593080368960396 -0.11956100125105722 0.64666147762633974 0.10545774718314986
1403715901.3840582 0.78707272886886381 -3.6406587854103631 0.68855756479758756 0.7491822073530966 -0.12226663748804709 0.64274464610948256 0.10322891765636477
1403715901.4340582 0.78509584253997899 -3.6233486763198606 0.69467425917826731 0.75518600627945009 -0.12582106927913711 0.63557105294313687 0.099561996293272101
1403715901.4840581 0.77799861203311504 -3.6047212226936796 0.70089710538578187 0.76217278158916479 -0.12834626179426034 0.62690991130928153 0.097999240763707876
1403715901.5340581 0.78668318054111896 -3.5930625349106466 0.71561703220444539 0.76791417364110193 -0.12973171352971419 0.61979825504470909 0.096579643141201155
1403715901.5840583 0.77466133867091058 -3.5733969132316856 0.72374688723780389 0.77142590407220457 -0.13033038528400867 0.61516636311235129 0.097398207854285782
1403715901.634058 0.75589858334986426 -3.5513261940465894  0.7309845265756777 0.77315597621157017 -0.12958473893869449 0.61276998567178509 0.099752576619979147
1403715901.6840582 0.74903248367373954 -3.5321953317347146 0.74128970746982437 0.77449460846003715 -0.13001109920599022 0.61108837558654749 0.099127255447624643
1403715901.7340581 0.72945096718971625 -3.5058931786258078 0.74954326085653145 0.77733062468154257 -0.13030460123342963 0.60728235410331544 0.099929741440349759
1403715901.7840581 0.70841185570361298 -3.4822491725405795 0.75666803229861346 0.78081451418897141 -0.13104873325250646 0.60269689774697333 0.09955588074507965
1403715901.834058 0.68590241227843785 -3.4579771857456398 0.76341408763716767 0.78477448737491429 -0.13136238883461565 0.59752072557098568 0.099206397365426441
1403715901.8840582 0.67081014926395988 -3.4342506279089795 0.76904371267628702 0.78839852035682834 -0.13042680668654563 0.59286361517604669 0.099646148932623718
1403715901.9340582 0.64698942300589124 -3.4078097651331536 0.77489302087475875 0.79036860576267787 -0.13097728763320121 0.59030849611412795 0.0984799297546812
1403715901.9840581 0.62070113134411176 -3.3810441825080022 0.78012769075009991 0.79189651024214336 -0.1311615537571833 0.5883427062776212 0.097721153555619861
1403715902.0340581  0.5954200142472158 -3.3541312095474658 0.78523870561056297 0.79176173542435224 -0.13099118526118197 0.58866387498238648 0.097105643463241256
1403715902.0840583 0.56996093272579096 -3.3259528454490601 0.79234371317619789 0.79060050488117306 -0.13038560533706653 0.59023970204502307 0.097813750221139112
1403715902.134058 0.54141439066028607 -3.2934585784868506  0.7984648571448687 0.79046570210507494 -0.12788716191079863 0.59052186262659023 0.10046281587709223
1403715902.1840582 0.51144021172800447 -3.2637951966766483 0.80235887142361895 0.79052128369903529 -0.12503025511810983 0.59061389771239359 0.1030473636387859
1403715902.2340581 0.47853792899043746 -3.2327307179103983 0.80587440158393719 0.79207725035423104 -0.1222387199260194 0.58840684532118248 0.10699864111895528
1403715902.2840581 0.44816585197326303 -3.2007547040001731 0.80929541857617171 0.79449464552344806 -0.12057824628713357 0.58515921804455884 0.10875584717324666
1403715902.334058 0.41783540258976432 -3.1672969973130853 0.81229225460062626 0.79755949332377973 -0.11838118573133798 0.58091855785593505 0.11143777910806973
1403715902.3840582 0.38586004410766384 -3.1342064272905921 0.81455746395605833 0.8002966297555465 -0.11728402038013827 0.57721369149742396 0.11222351497481202
1403715902.4340582 0.35656912041762556 -3.0984124347440294 0.81546541657416827 0.80229986989487945 -0.11678536578941165 0.57444502767565131 0.11264549384157893
1403715902.4840581 0.32314588207915701 -3.0627001153065159 0.81712281851261714 0.80440905038276322 -0.1193730190368541 0.57173298158964436 0.10861657217452325
1403715902.5340581 0.29182036989466598 -3.0240846088508957 0.81993223681424243 0.80650582020272943 -0.1234026851881125 0.56902869093709685 0.10259867522488013
1403715902.5840583 0.25224954119384957 -2.9869079252531372 0.82509914671983953 0.80877193258713709 -0.1263485373677804 0.56616959070024897 0.096829761595300476
1403715902.634058 0.22066599562823452 -2.9530963232934342 0.82617412309913019 0.81087012811840065 -0.12781076889110796 0.56380870073489386 0.090960385093420609
1403715902.6840582 0.19135513523312639 -2.9141250177460933 0.82893747529744788 0.81341084635925842 -0.12746926646926229 0.56121170981905844 0.084591949338409592
1403715902.7340581 0.16140214622325422 -2.8760865350949372 0.82928360496507003 0.81729928746818903 -0.12460552395765385 0.55709166739932259 0.07838502546706029
1403715902.7840581 0.13367426841708438 -2.8397175304583371 0.82780946834248836 0.82113056727182854 -0.1197431450735395 0.5532829589374707 0.072692076935107847
1403715902.834058 0.10789371011635149   -2.80362715133192 0.82398139186095742 0.82470367283413559 -0.11400926023100996 0.55003491537248173 0.065782463215145026
1403715902.8840582 0.082272066300993957  -2.7656898868887714  0.81695220623387543 0.82855566780928969 -0.10634587192887654 0.54640785486450982 0.060203961723077883
1403715902.9340582 0.056087834297008317  -2.7291218306818115  0.80651140169303126 0.83122796458821135 -0.098120125883455617 0.5444517214280673 0.054816373622927558
1403715902.9840581 0.034062087601535465  -2.6974485968295832  0.79654116765379013 0.83326412300365527 -0.086783943401133323 0.54351589508995923 0.052248638903408071
1403715903.0340581 0.01497737525778769 -2.6630239507884532 0.78858152171846285 0.83386265666344717 -0.07615356198135087 0.54465992844169553 0.047109098586344503
1403715903.0840583 -0.0020329169067436915     -2.628068384598603     0.7803290370955438 0.83454034822782286 -0.06333845186349682 0.54551295678098599 0.044116455879703524
1403715903.134058 -0.016467544463894177   -2.5961384233362796   0.77193667815606104 0.83478385520710718 -0.050509731952018667 0.54671851592244214 0.041031042044495349
1403715903.1840582 -0.026715370857388173   -2.5610126140248357   0.76670028723597883 0.83488894519537593 -0.038087609137824198 0.54768991651018206 0.039313338369907629
1403715903.2340581 -0.036263497580411565   -2.5239961639582487   0.75899758138780238 0.83548402595789617 -0.029494971524049975 0.54762493120293521 0.03469039851258153
1403715903.2840581 -0.04528416683955299  -2.4895551902231894  0.75235125098507438 0.83776190737112455 -0.023534826049588342 0.54475865502618293 0.028967331509394869
1403715903.334058 -0.052295724411757082    -2.454646660694495    0.7453922419712331 0.83998812930159505 -0.019053203204413005 0.54176760362583964 0.023340560009848806
1403715903.3840582 -0.064585839467090095    -2.413791532780674   0.73830561714826815 0.84279619375385106 -0.015394223335983385 0.53774093807745604 0.017096116444403189
1403715903.4340582 -0.067833397088808034   -2.3778884904703377   0.73299944188477573 0.84484960453330926 -0.010751023113930905 0.53479969870736832 0.010141177664501351
1403715903.4840581 -0.072745330734409183   -2.3423292580934918   0.73039907074290411 0.84634268275764224 -0.0048681787828327014 0.53260428899422751 0.0036104740531978257
1403715903.5340581 -0.074767751260577789   -2.3037964430672311   0.73568580465256528 0.84724502257571577 0.002128718932724248 0.53118344315555177 -0.0039357329423146577
1403715903.5840583 -0.07742864505858138  -2.2688357897795495  0.73898900428931857 0.84676396217353689 0.011448363526053345 0.53172202386137102 -0.011463711332554298
1403715903.634058 -0.072400865979578649   -2.2343006136283599   0.75028434320693149 0.84678035008730712 0.021146069715266346 0.53116638100076796 -0.01944628849322803
1403715903.6840582 -0.066658296550121066   -2.1963280126009597   0.76306726999471708 0.8451349942588986 0.031699632109316117 0.53291400845219594 -0.02728799000583124
1403715903.7340581 -0.053285953893891992   -2.1608544363263666   0.78037114364430404 0.84227949898017684 0.043643989924790919 0.536151547882464 -0.034669373290918348
1403715903.7840581 -0.031885570136507994   -2.1277107783776037   0.80559877687499271 0.83845135368195201 0.052890481656037491 0.5403778469710202 -0.046837025546669402
1403715903.834058 -0.0070137612928943974    -2.0916103777060631     0.8333039164685665 0.83445417214566087 0.06385995338490362 0.54426287269180129 -0.058189916236800976
1403715903.8840582 0.014093829610602803  -2.0552532490135142  0.86173435215230199 0.82918673073102389 0.075398060422019672 0.54922111479759383 -0.071558822829071167
1403715903.9340582  0.0388041822820352 -2.0248646237743793 0.89210283953059566 0.82401520655174176 0.089742610942220483 0.55310013213725395 -0.083817939502925196
1403715903.9840581 0.064727280283149696  -1.9908371473723148  0.92288720925436585 0.81836348743741394 0.1056744193409908 0.55683691855292872 -0.095114487133649853
1403715904.0340581 0.088898449031737325  -1.9576288832164259  0.95159706824369483 0.81294839248636475 0.12044335143025559 0.55923144744789222 -0.10894263828005492
1403715904.0840583 0.11163808316497177 -1.9214315507352093  0.9791811942990496 0.80807406389655945 0.13579071234063869 0.56000908258784043 -0.12233976098900264
1403715904.134058 0.13533412218141397 -1.8869682644398253  1.0058206158847633 0.80322221429086149 0.15150655741298086 0.55992899951846997 -0.13549669010274018
1403715904.1840582 0.16552836996586756 -1.8588820638377042   1.034392566061944 0.79907279360862304 0.16966202886629467 0.55821098245531353 -0.14525138740045543
1403715904.2340581   0.188680175892883 -1.8298931249833672   1.059861533055072 0.79451898374704166 0.18804199486875486 0.5560920837461395 -0.1553749884190635
1403715904.2840581 0.21152819193411265 -1.8046794927184777  1.0851939727581579 0.78860343960459356 0.20887907019403149 0.55510431978337971 -0.16227551644198318
1403715904.334058 0.23462600499075728 -1.7763286910134106  1.1092412698422736 0.7811846989204797 0.22859029499459924 0.55573054657034648 -0.16929413107200642
1403715904.3840582 0.25673069522389608 -1.7458093930286298  1.1309351767175448 0.77340587413895723 0.2478215180168846 0.55641343795822484 -0.17559024777780555
1403715904.4340582 0.27790564381701943 -1.7179164053551437  1.1502104082529607 0.76612691316189263 0.26369887289759553 0.55626366569504149 -0.18461633619233911
1403715904.4840581 0.30317064237986308 -1.6919823623793431  1.1692531238726258 0.75936745277835149 0.27937034985991582 0.55549603721471841 -0.19167011222099958
1403715904.5340581 0.31792736350321055 -1.6614950659566885  1.1852871450975448 0.75126621034071883 0.29607668630361345 0.55618036465504295 -0.19647157300726772
1403715904.5840583  0.3429640839017174 -1.6284064255256396  1.1953213705623968 0.74305775104501914 0.31201940083731922 0.55693765402287188 -0.20082211443100276
1403715904.634058 0.36118051020765418 -1.6015851407358566  1.2018887639136866 0.73460718130452707 0.32728344533433645 0.55735903531468844 -0.20637039840777552
1403715904.6840582 0.37999527425718538  -1.571122753907632  1.2064107191976587 0.72611654924993008 0.34132243760041181 0.55714695919284962 -0.2141051525723936
1403715904.7340581 0.39704353708884965 -1.5404674252661106  1.2101644944446701 0.71955577211967137 0.35316194178999727 0.55335724832430477 -0.22652127804543168
1403715904.7840581 0.40896002071584386 -1.5134518536495056  1.2074994248668001 0.7143047615103878 0.36368806084545063 0.54662381565543061 -0.24228517544489095
1403715904.834058 0.41450886323323188  -1.478276966699815  1.2063576741196311 0.7085525028500087 0.37570485636573409 0.53895127019407563 -0.25754754893880122
1403715904.8840582  0.4233907162675335 -1.4491141387970583  1.1990062166955726 0.70123456230673709 0.38800796111907809 0.53192457245486746 -0.2734522992285881
1403715904.9340582 0.42666571230657502 -1.4202591137648266  1.1885800180339174 0.69196230632558509 0.40101893347856277 0.5262677704491141 -0.28881519247230053
1403715904.9840581 0.42547688935605138 -1.3999470815094357  1.1830957651212226 0.68194519784910301 0.41440617770585642 0.51998221091160091 -0.30469126562022286
1403715905.0340581 0.43308757027998329 -1.3712293970191034  1.1714195859353198 0.6698277925429017 0.42883129847349943 0.51561216026099344 -0.31871389360620528
1403715905.0840583 0.44424076618985348 -1.3386828060894844  1.1529714195170615 0.65737704257548579 0.44254002954718874 0.51200086208593243 -0.33146472416585077
1403715905.134058 0.44603549385314478 -1.3166866255293426   1.131543825687765 0.64391440223709173 0.45505169680964785 0.50919333084795027 -0.34499905455273228
1403715905.1840582 0.44758485452747854 -1.2964054509795315   1.108730872644482 0.62999572797862446 0.46797652265228734 0.50783432341104506 -0.35525717014664543
1403715905.2340581 0.44867425368964603 -1.2780676407949014  1.0857011754700614 0.61779813651789206 0.48046384886592142 0.50503686011564608 -0.36389245990057889
1403715905.2840581 0.44550587358589278 -1.2624893440868468  1.0618209961032861 0.60878055602026604 0.49553599630988576 0.49883128102119234 -0.36742028257511988
1403715905.334058 0.44353351873793873 -1.2507632531851396  1.0350859678020898 0.60252878602754956 0.50997434487938231 0.4897453582301875 -0.37018200073071816
1403715905.3840582 0.43771457414576731 -1.2539207004023882  1.0100702328147944 0.59664696915851889 0.5240320283509724 0.48029483940317413 -0.37245092924974454
1403715905.4340582 0.42944937809246059 -1.2475198443043358 0.98706653906243769 0.59001835724728202 0.5369828166556242 0.47155331734814893 -0.37571965829028292
1403715905.4840581 0.42029466488637246 -1.2447394326398886 0.96529032159996464 0.58468678393394014 0.54944720138146763 0.46098911897957773 -0.3791281706355934
1403715905.5340581  0.4134947574497167 -1.2433189549713086 0.94173655634803344 0.57911169351992575 0.56085090810076677 0.4519321373361318 -0.38188119691053768
1403715905.5840583 0.39707091221644275 -1.2419150830257377 0.92061580050452696 0.57364376115063431 0.57125529632996475 0.44020276914314554 -0.38835775226796326
1403715905.634058 0.38315662466762068 -1.2371200828913349 0.90122448567319569 0.56973608720034097 0.5792997209896481 0.42601888925600029 -0.39789512462462395
1403715905.6840582 0.36624436803131105 -1.2362720036105488 0.88090245507997966 0.56535788789868524 0.586529319924881 0.4108827367585749 -0.40930330085766214
1403715905.7340581 0.34910378653175811 -1.2353585216094281 0.86104428377280007 0.55971818082093994 0.59508606933801911 0.39572427940844174 -0.4195121247651768
1403715905.7840581 0.33152747647371172 -1.2341130905206628 0.84115787436826539 0.55150354497499332 0.60416459539030731 0.38205027238362865 -0.42996112722951718
1403715905.834058 0.31048111150730989  -1.237973613250624 0.82283544379193696 0.54207474831658242 0.61525479990364063 0.36718413344120021 -0.43908121182997567
1403715905.8840582 0.29300098286785753 -1.2396040685138414 0.80252975122380388 0.53142033649766673 0.6293189633406272 0.35154769004544384 -0.444931781243257
1403715905.9340582 0.27409382102045393 -1.2396988764261196 0.78294016012892587 0.52030823999094467 0.64457498179877926 0.33494959750103553 -0.44901135327575314
1403715905.9840581 0.25504144167997511 -1.2439476804119403 0.76494523794156954 0.50671225281478327 0.66120920556319318 0.32021784411137316 -0.45111596251797881
1403715906.0340581  0.2382370776989638 -1.2412613253915898 0.74607263096037557 0.49157053824923053 0.67732038355318802 0.30667115063269257 -0.45337435891142375
1403715906.0840583 0.21763460614164595  -1.241415580136751 0.72996808479038688 0.47378184751234087 0.69190092688282268 0.29585983569708746 -0.45746128357247495
1403715906.134058 0.20158359817181812 -1.2382868887020055 0.71639670836791391 0.45225487792132774 0.70522646895256702 0.28953900604377963 -0.46291286098383494
1403715906.1840582 0.18602289637383132 -1.2282151833397099 0.69639682072695352 0.42786605974795855 0.7167908143950017 0.28602461877329999 -0.47045879816440372
1403715906.2340581  0.1686406126189019 -1.2233738949989221  0.6834423353529413 0.40292817273233139 0.72755833018146221 0.28271353741274691 -0.47789205848781208
1403715906.2840581 0.14878161161564829  -1.220264405798708 0.66990481859882856 0.38085832404771897 0.73738686075283799 0.27521613458634842 -0.48524595192127717
1403715906.334058 0.12793374258683052 -1.2123573853160936 0.65655351390333772 0.35858214058252219 0.74777541157986249 0.26685216762490432 -0.49095896256786425
1403715906.3840582 0.10491144516088488 -1.2065158023822888 0.64169851500789188 0.33740171454126916 0.75722683894790299 0.25761861166898076 -0.49638719597036879
1403715906.4340582 0.080864369084155896  -1.2007828484943923  0.62790194815269029 -0.3170855652451105 -0.76527459851815183 -0.24708518084028899 0.50275286830130772
1403715906.4840581 0.055372925239113725  -1.1957479882924802   0.6150067037914474 -0.29725875994679452 -0.77104371642223291 -0.23604959903569592 0.51128211761782982
1403715906.5340581 0.028306230674187541  -1.1917110921313021  0.60347124716533873 -0.27705607342754457 -0.77659717188945321 -0.22588874452448107 0.51875913475077029
1403715906.5840583 -0.0016439428744858624    -1.1929949700344806    0.58950378484702559 -0.25956404864709454 -0.78110924517720459 -0.21240809206867822 0.52666654931974799
1403715906.634058 -0.031227304964143179   -1.1930123499767529   0.58317849853754133 -0.24389661545871422 -0.78462013689832621 -0.19601875948750111 0.53522175560268226
1403715906.6840582 -0.059770624694024048   -1.1901978103355222   0.58034771559727516 -0.22937990440219272 -0.78716744948288386 -0.1782445554931584 0.54404149140309044
1403715906.7340581 -0.084557602400289547   -1.1934298697142753   0.59233424844400806 -0.21442185927782773 -0.7903939150939483 -0.16079411321276421 0.55085930908211089
1403715906.7840581 -0.11406594471982168  -1.1950419388392919  0.59550558121097141 -0.19868086221652417 -0.79420809788035585 -0.14315451071238069 0.55611707248821696
1403715906.834058 -0.14346082109065353  -1.1944754725648188  0.59879197937645479 -0.18211309355463645 -0.7972335045848038 -0.12584377389284176 0.5616198936075889
1403715906.8840582 -0.1732717418120534 -1.1962019167304023 0.59937527438225247 -0.16401719239377444 -0.79996263372691756 -0.10956970856040732 0.56670329468421554
1403715906.9340582 -0.20276153267723943  -1.1992100202488616  0.59928347561846362 -0.14410893802104899 -0.80197972783887039 -0.094971621346985766 0.57187544208215635
1403715906.9840581 -0.22941728726772012    -1.20376288584723  0.59822221936820208 -0.12410103397991464 -0.80326482257452947 -0.080312416333319828 0.57698741230821438
1403715907.0340581 -0.2560194161138713 -1.2077254187279105 0.59305004427018404 -0.10207143644842157 -0.80531500410650081 -0.067991641773694669 0.58002267427335974
1403715907.0840583 -0.28413606866116281  -1.2122324075298205  0.58334265646650174 -0.077541608874577866 -0.80835915906059008 -0.057900814086241786 0.58068086293948773
1403715907.134058 -0.30884013107179598  -1.2118774335719198  0.57816834208760248 -0.053188387368220437 -0.81073308020188273 -0.049065455528988063 0.58092637157325611
1403715907.1840582 -0.33599707806895929  -1.2201006155231853  0.57187755216165337 -0.026856864225141889 -0.81211815564757117 -0.038365003058316145 0.5816106400779778
1403715907.2340581 -0.36191248126404685  -1.2285499347589626   0.5696854294190542 -0.0019557417712860723 -0.8132759480924906 -0.024754633155086494 0.58134810179937957
1403715907.2840581 -0.38802319904409266  -1.2436965364702781  0.57231340493310134 0.022750726536157815 -0.81348163276252994 -0.0087131093871486258 0.58108013158676586
1403715907.334058 -0.40777123929892378  -1.2536960829588162   0.5792609782377679 0.046146032555953967 -0.81284959828518033 0.0059275102363121014 0.58061255486715435
1403715907.3840582 -0.42717062681414897  -1.2647018334957223  0.58480193542788228 0.070290054667083685 -0.81069135286972593 0.021251187177579296 0.58085043310709117
1403715907.4340582 -0.44654922134774655  -1.2783243274489553  0.59644384937600559 0.0944838520184242 -0.80814482766973794 0.033314884487307628 0.58040060104207991
1403715907.4840581 -0.46754814048397703  -1.2946252459525165  0.60578304008864969 0.11740015787436854 -0.80531013264855511 0.046142016858004863 0.57927860953509736
1403715907.5340581 -0.48687810981733781  -1.3120141566467809  0.61764963897896574 0.13894442536399507 -0.80230244688059404 0.057862992961963643 0.57763059513426451
1403715907.5840583 -0.50472668201058934  -1.3287319724686797  0.62972896245303556 0.15837174805689747 -0.79925689163223745 0.070216709224350179 0.57547929966374956
1403715907.634058 -0.52304071882335446  -1.3454976800182838  0.64111243742295765 0.17550107204946347 -0.79578575085613223 0.083867240037263383 0.57348992884998684
1403715907.6840582 -0.53748002022988328  -1.3663377834008805  0.65340713783588367 0.19124497645572158 -0.79104501837714991 0.097573774689661941 0.57284596216954875
1403715907.7340581 -0.55091588798895097  -1.3855151524859344  0.66511192768016714 0.20470817121240767 -0.78569984418031102 0.11267139830321732 0.57277873170911686
1403715907.7840581 -0.55981108062105767  -1.4089934586354729  0.67709895039533685 0.21852511164626154 -0.77986802083429818 0.12749715232772368 0.5725356947896828
1403715907.834058 -0.56670835358916072  -1.4319155235170349  0.68565535387228105 0.23236667069564085 -0.77337618774648786 0.14186689132284114 0.57251094987163875
1403715907.8840582 -0.57124690417925628  -1.4567252214412179   0.6971659663479487 0.24537517670138395 -0.76764839992236211 0.15713331154246685 0.57080301257009836
1403715907.9340582 -0.57539569462106499  -1.4768552753350457  0.70681666477817684 0.25652099688475694 -0.76222964425958262 0.17394681971131395 0.56828289740364391
1403715907.9840581 -0.58110891029316813  -1.4989665964949899  0.71421606105290758 0.26944212159597047 -0.75654894727627231 0.18986200015292398 0.56478938940365853
1403715908.0340581 -0.58272077532536859  -1.5215498222669299   0.7224918494482262 0.28308109801005016 -0.75052668535366629 0.20596619332750876 0.56049327714758423
1403715908.0840583 -0.58363742345107139  -1.5444209014235513  0.73012449695861914 0.29831822403587455 -0.74380234385636346 0.22078064035659556 0.55589587093770843
1403715908.134058 -0.58277339031798747  -1.5675428177019433  0.73672332928630213 0.31351520989381654 -0.73575977757109179 0.2361505660527902 0.55190458688682831
1403715908.1840582 -0.57604646017818995  -1.5884065688301638  0.74489386615451392 0.33084006954000028 -0.72817955852312588 0.25001233410041473 0.54570432629171617
1403715908.2340581 -0.57140707071194941   -1.607300272801284  0.74951053895953323 0.34799596439574465 -0.71986383912806029 0.26439795547978817 0.53924816459418179
1403715908.2840581 -0.56598742593111462  -1.6257127731873928  0.75368092627910688 0.36587699386000305 -0.71132503451578288 0.27795595803728762 0.53187517899095571
1403715908.334058 -0.55933429824099679  -1.6434988274144084  0.75744252994692529 0.38351190384464567 -0.70257522914653714 0.29129057999169916 0.52388592747586371
1403715908.3840582 -0.55157256433512913   -1.657180961105249  0.76261342047404357 0.40111444192999168 -0.6936765055754901 0.30405725179801274 0.5152371276575558
1403715908.4340582 -0.54429284650217902  -1.6718187100418809  0.76749208207722497 0.41864681389316694 -0.68342133241634495 0.31731452553517392 0.50693354544728586
1403715908.4840581 -0.52743572951162865  -1.6905486535315919  0.78180987522717027 -0.43623025522457909 0.67262281924591694 -0.33014469406598479 -0.49828324117558925
1403715908.5340581 -0.51533805817642053  -1.7016233467534831  0.78792758574579791 -0.45446665307840212 0.66029685448414466 -0.34229254825539357 -0.4902080544084203
1403715908.5840583 -0.50365986813000885  -1.7116791939780058  0.79382900784667776 -0.47215206072309918 0.64786472601180611 -0.35503153230295281 -0.48093278055794414
1403715908.634058 -0.49111982273325594  -1.7217291851257077  0.80033900276239067 -0.49071980078330496 0.633305200482148 -0.36568595895607375 -0.47370072786922829
1403715908.6840582 -0.47841523641980593  -1.7271312449592346  0.80186243717475703 -0.50711180808413803 0.61882883196632421 -0.37690678956355733 -0.46672236159168956
1403715908.7340581 -0.46827641425357275  -1.7371119928691778  0.80635095616857344 -0.52307977179883358 0.60346415212076776 -0.38884419722694968 -0.45936778263497352
1403715908.7840581 -0.45184059164460583  -1.7418928166434002  0.81207912968829021 -0.53712993997858027 0.58919236398967267 -0.4017005493095665 -0.45053352203721819
1403715908.834058 -0.43681422263386394  -1.7449250359923274  0.81640069054476305 -0.55078707141571615 0.57509923373416072 -0.4136616619533241 -0.44133717580744786
1403715908.8840582 -0.41584389576355113  -1.7366215402486112  0.81644114036641946 0.56415004983182293 -0.56281660700335534 0.42337935764236878 0.4309548789355071
1403715908.9340582 -0.39904306945129603  -1.7348071343817304  0.81883350310109193 0.57925060672573125 -0.55110282424228085 0.43130193707991593 0.41801082616502466
1403715908.9840581 -0.38264884698289076  -1.7320142063630211  0.82060994391282205 0.59542494094509357 -0.53814998473705733 0.43673408573063505 0.40635830493428232
1403715909.0340581 -0.36190392893420237  -1.7295057859446339  0.81952969872958648 0.6110203064309202 -0.52458316601033939 0.44126299525321111 0.39592127511387615
1403715909.0840583 -0.34174898182773772    -1.72284231976559  0.81899320375797069 0.62586581747814796 -0.51148130014548276 0.44535212801776014 0.3851497633180484
1403715909.134058 -0.31870223588130453  -1.7131290531703687  0.81838394984926244 0.64006680218661205 -0.49679466092220909 0.44960832303317255 0.37598126213561506
1403715909.1840582 -0.2969500935781445 -1.7017239956183201 0.81635366641970586 0.6522806963915202 -0.48455714187693461 0.45469146945273076 0.36467785369825551
1403715909.2340581 -0.27490085966349326  -1.6916539498547205  0.81525697600766645 0.66375048668729209 -0.47109963974613306 0.45981477271224713 0.3550644950555194
1403715909.2840581 -0.2536458125984104 -1.6816521581469541 0.81269141498547215 0.67341192287926643 -0.45940429502877078 0.46626195493384009 0.34360422758522741
1403715909.334058 -0.23219558129143131  -1.6712352548834222  0.80977267661351282 0.68262071054416307 -0.44613806804117584 0.47198897505748455 0.33498686124213056
1403715909.3840582 -0.20188881381560234  -1.6546145121121001  0.80308218428261335 0.69233653099108217 -0.43199014107468231 0.47717516550663303 0.32612652037702788
1403715909.4340582 -0.17862033552217996  -1.6416986924551882  0.79785703001132779 0.70087131216226317 -0.41853878759817154 0.48209839995663112 0.31809718612879323
1403715909.4840581  -0.153734704480958 -1.6289008380489103 0.79207943819465709 0.70933245809314105 -0.40274005209453262 0.4865690907727081 0.31288725483639573
1403715909.5340581 -0.12824026100933927  -1.6145053554391915  0.78429815548186865 0.71823072728821802 -0.38643167267088929 0.49026453695259947 0.30733673477550555
1403715909.5840583 -0.099946781853584174   -1.5990555797957056   0.77701540183704121 0.72766723741300021 -0.36971009713669567 0.49349647577073313 0.3004597544976263
1403715909.634058 -0.065060472884776385   -1.5816497893470645   0.77045350606146168 0.73589215009021058 -0.3527602956205414 0.49889398845199062 0.29176652576294704
1403715909.6840582 -0.034175954258433033   -1.5636767706828516   0.76145726741464437 0.74261492009214281 -0.33629212921244717 0.50673036094402901 0.28045503308700553
1403715909.7340581 -0.0024987382329210357    -1.5440928758283314    0.75146799077290216 0.75035531537666622 -0.31956015153139961 0.51311085309269955 0.26751721940408746
1403715909.7840581 0.02868079429308059 -1.5205328335567088 0.74290860980661466 0.75697099832978065 -0.30268901256146419 0.52115519558212298 0.25253025854328848
1403715909.834058 0.061295424003241686  -1.4963749745772474  0.73272326253755249 0.76360704902412524 -0.28373201410170945 0.52920155199261276 0.23737341094373807
1403715909.8840582 0.097711686247574953  -1.4716147727622193  0.72210714836978696 0.76823783479684749 -0.26469955459998507 0.54012697657094189 0.21910642199979993
1403715909.9340582 0.13519295757554936  -1.447503047788125 0.71265819932313179 0.77117550848846117 -0.24489904280326261 0.55260996904947579 0.19983747408518382
1403715909.9840581 0.17065219753119021 -1.4195251989354449 0.70200403407289935 0.77390964620442082 -0.22305582411981367 0.56460710219975285 0.18035736465023194
1403715910.0340581 0.20511784591079391 -1.3895086640254335 0.69160155610006846 0.77702928031858631 -0.1996491314001384 0.57484473771346145 0.16099456320600392
1403715910.0840583 0.23745282021248088 -1.3587718364398353 0.68032528994884744 0.78093547648534356 -0.17490312364053737 0.58258574618750658 0.14192437157352006
1403715910.134058 0.26995753991472221 -1.3262556717743956 0.67058966431920486 0.78612919722263219 -0.14992990256715402 0.58688603252532567 0.12282790569323458
1403715910.1840582 0.29888167702339802 -1.2957159765829993 0.65839228136442784 0.79127027737252353 -0.12552300805924158 0.58944778039170609 0.10337619061399136
1403715910.2340581 0.32527074438765896 -1.2624389091388191 0.64661024121807853 0.79647781346500046 -0.10128905337240428 0.5897576895725718 0.086887789216646291
1403715910.2840581 0.35182824133317919 -1.2278581010823446 0.63468873744821297 0.79949555848513099 -0.078606539813301624 0.59141578384115567 0.069679512661037335
1403715910.334058 0.37481683878415994 -1.1942658039267338 0.62393142376943389 0.80121945570972386 -0.057237616141218355 0.59317885286325178 0.053945227838255221
1403715910.3840582 0.39600555601944071 -1.1593077864498542 0.61276867484829056 0.80112942644623153 -0.036601032295115833 0.59605551441821725 0.03962108338370595
1403715910.4340582 0.41711639531081762 -1.1240091547123516 0.60257048573376371 0.79898234450090189 -0.017094274672434549 0.6005460983492078 0.026064970876812598
1403715910.4840581 0.43627098265566699 -1.0884634196687544 0.59254403019394875 0.79605818083816504 0.0017462095917733567 0.60506605985684669 0.013542033894658714
1403715910.5340581 0.45250189924206308 -1.0533207841178429 0.58370449765339505 0.79296767756113684 0.019891789221652408 0.60893784939044238 0.001129001594883557
1403715910.5840583 0.46619048853096257 -1.0188391231345009  0.5740064564915468 0.79045349148419897 0.036984822441358325 0.61130428703536432 -0.011066587622464992
1403715910.634058  0.47731878041691495 -0.98435500670811582  0.56507040966785482 0.78904437257145099 0.053040138933378306 0.6115829110861144 -0.023707902536646935
1403715910.6840582  0.48504013953855185 -0.94935794333601187  0.55732573255849982 0.78793414761941249 0.06866434025769183 0.61086105197603291 -0.035968911173125777
1403715910.7340581  0.49205493890569929 -0.91227114419037902  0.55100358743251976 0.78742025632633927 0.083070320877242032 0.60881025140027412 -0.049180682246684163
1403715910.7840581  0.49718429716495638 -0.87669057809181872  0.54631212628432235 0.78590598344482265 0.097977519241836675 0.60748825613413127 -0.060911489621860194
1403715910.834058 0.50002770788117601 -0.8394997820568848 0.54228357876913624 0.78373638558304648 0.11236886032266132 0.60646142617275878 -0.073041465671987382
1403715910.8840582  0.49990836709663355 -0.80270545931526338  0.53794942725379991 0.78171326646042427 0.12662997506579793 0.60467840839828935 -0.085165960756167072
1403715910.9340582  0.50679921015512641 -0.76496700298491138  0.52748700436968754 0.77972533060420757 0.14093681559712243 0.6022040629764116 -0.097547369816947366
1403715910.9840581  0.49494082928589039 -0.72375365758083865  0.52094456510357467 0.77818771535750297 0.1546640951011958 0.5986148843020227 -0.11028652522078343
1403715911.0340581 0.46449857882280238 -0.6859922080084343  0.5152110750603035 0.77483690481278977 0.16792289244255285 0.59686646583263891 -0.12320752857807855
1403715911.0840583  0.45255071790352275 -0.65122093752460219  0.50491303921577602 0.76992055601995835 0.18088177341084632 0.59658549229523739 -0.13634468030882152
1403715911.134058  0.43621620520952231 -0.61636743513825698  0.50083368302580156 0.76407644015345455 0.19375084464091391 0.59692795765872386 -0.14941491615210886
1403715911.1840582  0.41746879354809197 -0.58361044288578856  0.49687423654254059 0.75837526452591586 0.20725798110469371 0.59623924083709368 -0.16251109226652746
1403715911.2340581  0.40078720855785849 -0.55196163832203893  0.49152281302822204 0.75287523858651517 0.22141489605118531 0.59450728705798728 -0.17525810841411249
1403715911.2840581  0.37286759147490861 -0.52175406311873884  0.48676928530739388 0.74833325721998356 0.23642669881003256 0.5908709660442254 -0.18700602587693274
1403715911.334058  0.34582573578525388 -0.49495055872339228  0.48239060331943262 0.74461050427738917 0.25067082030287779 0.58569187212611951 -0.19920935644154877
1403715911.3840582   0.3194018552846648 -0.46590134767774022  0.47782676181741585 0.74113445400837374 0.26492552922204682 0.57958764237981619 -0.21121635790992757
1403715911.4340582  0.28961352187855238 -0.44164556824016044  0.47311665073948866 0.73790084826435642 0.2791616610091327 0.5727841933379958 -0.222462070959314
1403715911.4840581  0.25819158109454426 -0.41903998043334428  0.46744440624667782 0.73593996096662151 0.29273587777886334 0.56410863195739391 -0.23340850683864015
1403715911.5340581  0.22474174552051923 -0.39959229822207115  0.46161407721547498 0.73437388817279281 0.30595230676328222 0.55485402411187201 -0.24336226141919173
1403715911.5840583  0.19063609119136421 -0.38226780753269629  0.45520487648181224 0.73358581164654335 0.32028049730634489 0.54428321732397411 -0.25105385744008435
1403715911.634058  0.15719963076310986 -0.36324258378961732  0.44630794545374697 0.73126427852617015 0.33528192028405696 0.53536324173737038 -0.25734177328737201
1403715911.6840582  0.12310026624345261 -0.34884436804717023  0.43999003573716194 0.72829327467790661 0.35080904804117735 0.52717970888790411 -0.26192264584842401
1403715911.7340581 0.086797838359747317 -0.33177789620294296  0.43834125973173677 0.72290682530996941 0.36696467266789107 0.5218452030583739 -0.26536811221202439
1403715911.7840581 0.050901439716872013 -0.31899741151790378   0.4381221467351788 0.71694026199435967 0.38219203066581559 0.51718906445649593 -0.26914937123020305
1403715911.834058 0.013535038931746055 -0.30610775434508813  0.44110926791813149 0.71097518644227364 0.3954468555589023 0.51239815113981901 -0.27492581435806662
1403715911.8840582 -0.023537913546415028  -0.28910133616948236   0.45008844900572126 0.70421147638763493 0.40790624930053593 0.50863068549730428 -0.28105784827337416
1403715911.9340582 -0.065276365711551793  -0.26877516877658869   0.45716186177247242 0.69807887018641523 0.4189360203920342 0.504486462432441 -0.28752723530083996
1403715911.9840581 -0.10500069790496076 -0.25415983000786041  0.46887150523463916 0.6921968970582757 0.4282034522189011 0.50046115391572643 -0.29503201967252635
1403715912.0340581 -0.13879192395040832 -0.23871140905355828  0.48472572813739839 0.687360793371386 0.43666495024595453 0.49566795299421884 -0.30194724926231398
1403715912.0840583 -0.17973112270505073 -0.22686096433995423  0.50159635337996955 0.68297063384512169 0.44371034496350459 0.49073275889104878 -0.30960232949501609
1403715912.134058  -0.2202360215232752 -0.21537698314343634  0.51816583027291208 0.67897859132412786 0.44923426266634792 0.48597049505877399 -0.31781964650168465
1403715912.1840582 -0.25943089126369884 -0.20352812691201744  0.53254776640256518 0.67469137750516062 0.45574855593997465 0.48139435722081125 -0.32456782298123571
1403715912.2340581 -0.29954739757506077 -0.19203001967631481  0.54717867312660096 0.67047647635066354 0.46133793070700446 0.47679470514845007 -0.3321075390498987
1403715912.2840581 -0.33892586412508413 -0.18086235943446582  0.56136502870551241 0.66571288099368553 0.46736047518846285 0.47293955359372941 -0.33871628977252538
1403715912.334058 -0.3770445484566009 -0.1712949810867789 0.57628903717760593 0.66072816195964812 0.47359931885908763 0.46911135759668471 -0.34507465184134972
1403715912.3840582 -0.40461328450560768 -0.16425506502999435  0.59555429260048864 0.65610629859920322 0.48000434599906716 0.46518386125698041 -0.35032032197191659
1403715912.4340582 -0.42771097302089267 -0.13800850056008573  0.61202865699613584 0.65115077512579578 0.48800254531796095 0.45979341118196387 -0.35559274859018197
1403715912.4840581 -0.46605669920705017 -0.12894662348470445  0.62585159280974123 0.64551047217442481 0.49552494936941327 0.45524595361028147 -0.36127880727639827
1403715912.5340581 -0.50049251056017852  -0.1186210715453976  0.64050979974073219 0.63972903103381684 0.5031782718134743 0.45025473991571219 -0.36719077168520159
1403715912.5840583  -0.5360835966056533 -0.11089638347406704  0.65506151710701832 0.63365730399496611 0.51164029469296801 0.44410642825427321 -0.37345965019471122
1403715912.634058  -0.56791624383729866 -0.097761129441173725   0.66947541974225344 0.62669011591770296 0.52055962118041188 0.43797151167947812 -0.38007648488791718
1403715912.6840582  -0.60473347351984397 -0.088900607067460016   0.68121794684787618 0.61827010051759035 0.53055044038955035 0.43210957405265488 -0.3867035415152752
1403715912.7340581  -0.64350559835268484 -0.072984875343728231   0.68904361273990733 0.60870327297329052 0.54107345880611346 0.42496076847514147 -0.3951305896842337
1403715912.7840581  -0.68536897448644507 -0.066013467702575004    0.7051237023233855 0.59812926510278641 0.55235562351745726 0.41713806067118331 -0.40390653093967899
1403715912.834058  -0.72300100629551134 -0.056253977564801244    0.7177654434104338 0.58646077575627376 0.56476897307869034 0.40904787871676923 -0.41204319975495607
1403715912.8840582  -0.75892424357192811 -0.048249369908827507   0.72721570461266805 0.57358574168469711 0.57737401710605729 0.40012037669261391 -0.42135771674693601
1403715912.9340582   -0.7949276478548537 -0.041071741870044677   0.73405722946719631 0.56006987728699975 0.59084543857341609 0.39048515857737937 -0.42981942860172268
1403715912.9840581  -0.82983357852544604 -0.034131805128637296   0.73832681673110079 0.54628952667158492 0.60342023680913648 0.38095406529170411 -0.43854962204506065
1403715913.0340581  -0.86232360320431245 -0.030262286497823074   0.73767783299975298 0.53292694894014159 0.61494950916321101 0.37033717929044807 -0.44796913053074577
1403715913.0840583  -0.89702632743399013 -0.022042936680036575   0.72831471367213318 0.51871938397204809 0.62671875639515717 0.36095561834417123 -0.4559219699246172
1403715913.134058 -0.93084911201279186 -0.01872624435453946  0.72172962142881247 0.50392738706561602 0.63830961170165423 0.35162558055762611 -0.46365663941328039
1403715913.1840582  -0.96436936289150377 -0.015722348057289663   0.71366845822566027 0.48869300542412691 0.64859116168315545 0.34240928406405419 -0.47250876565707334
1403715913.2340581  -0.99763286530838058 -0.012621339467019814   0.70642442004273354 0.47292157748473485 0.65698957767912813 0.33506800346484333 -0.48211960074698756
1403715913.2840581    -1.0310360577998874 -0.0083511936016055725     0.6984203642138701 0.45583158412642916 0.66568730485388783 0.33008662540854683 -0.49002122280117122
1403715913.334058    -1.0628990202029283 -0.0061255726244753717     0.6917781663731899 0.43848558186340253 0.67380488068832767 0.32773543928915533 -0.49629311811916788
1403715913.3840582   -1.1017806217091897 -0.010197623750973203   0.68729188284086629 -0.42226616225867253 -0.68162734444759143 -0.32720470842564064 0.50001253013974412
1403715913.4340582    -1.132508684410594 -0.010000623843428794   0.68175774600300687 -0.40787285245419869 -0.6874043664128946 -0.32733682054364532 0.50394997686649401
1403715913.4840581   -1.1623667553526802 -0.013976736551437203     0.675983423618714 -0.39543324460512297 -0.69105608606455793 -0.32892530494683164 0.50782101053405937
1403715913.5340581   -1.1924596760100881 -0.019593891141943043   0.67073391071046407 -0.38390685997817015 -0.69432094961191082 -0.33243428490636728 0.50992292359778091
1403715913.5840583   -1.2220664060918285 -0.027970261446877497   0.66544593820568809 -0.37129790347710823 -0.69825279899366999 -0.34013496885167238 0.50881145676496065
1403715913.634058   -1.2559310105858885 -0.037494056373309666   0.66276301539148574 -0.36138384289957359 -0.70071601746106826 -0.34690908210786592 0.50798904487765684
1403715913.6840582   -1.2874924539688239 -0.052657815071996995    0.6578626386280747 -0.35359679537554645 -0.70239053313386035 -0.3526959388924803 0.50717099675831945
1403715913.7340581   -1.3202885207588528 -0.072228378754254419    0.6527946642714042 -0.35041947123037526 -0.70419832008611194 -0.35395622492412365 0.50599003054209013
1403715913.7840581   -1.3556803189720745 -0.095681191308799707   0.64735452887687173 -0.35129903587677275 -0.70574672332172939 -0.35153739500638376 0.50490792212523083
1403715913.834058  -1.3931573993294366 -0.11971195536536926  0.64228724085098488 -0.3551764446203986 -0.70844788759019639 -0.34668879975223815 0.50175507957782939
1403715913.8840582  -1.4350692100327869 -0.14872629925678651   0.6388475094754511 0.36027565362745922 0.71089413414889069 0.34090116736038939 -0.49861546057892159
1403715913.9340582  -1.4763161803140639 -0.18548230814187627  0.64226467501287809 0.36603149640681426 0.71233532798239674 0.3354475971248419 -0.49605869988295698
1403715913.9840581  -1.5195284572342955 -0.21978117959389906  0.64264840054767669 0.37053098142387308 0.71297613469176546 0.33141600648902753 -0.49450505943611539
1403715914.0340581  -1.5638515018203067 -0.26583935875680387  0.64562634288205512 0.37388728203612009 0.71370468525469 0.32910130723982117 -0.49246954438847051
1403715914.0840583  -1.6105955028757422 -0.30555741096792405  0.64690299127810047 0.37561340973584606 0.71398434826759583 0.32987409569998211 -0.4902285159409101
1403715914.134058  -1.6563134409226505 -0.34743818915491692  0.64819220937262234 0.3780776369988294 0.71372359248724937 0.33096776360883756 -0.48797159075118396
1403715914.1840582 -1.7029500808529949 -0.3915085608345078 0.65001343478972118 0.38296557403893944 0.71149777212202514 0.3300496626570979 -0.48803228330342702
1403715914.2340581  -1.7533307919589778 -0.43624229639586931  0.65185999328333755 0.39340149759530196 0.70990389192951042 0.32326545911148169 -0.48659137770674749
1403715914.2840581  -1.8024814143132126 -0.48427402421429233  0.65323987977972731 0.40551839376879401 0.70801799667237719 0.31672416875432752 -0.48368496940683547
1403715914.334058  -1.8550080012901815 -0.52982291889602162  0.65571497842758841 0.41847223765445857 0.70692616199391456 0.31048158902426065 -0.47826516774483407
1403715914.3840582  -1.9074844572060612 -0.57590924116482445  0.65818541884174664 0.43148531429240894 0.70632636650037406 0.3050692938137623 -0.47101614994428026
1403715914.4340582  -1.9617023483602727 -0.61983795205126035  0.65906230957584733 0.44389290347927035 0.70532472669319213 0.30144903966792863 -0.46325435415028832
1403715914.4840581  -2.0143768365145553 -0.66045498512709855  0.65801528309427104 0.45543054443479891 0.70316098797965843 0.30152880427398071 -0.455223049034643
1403715914.5340581  -2.0681085685853993 -0.70310533809646047  0.66142779436119414 0.46576701778205909 0.70124207901381641 0.30102369426244419 -0.44800152595652837
1403715914.5840583  -2.1211468459438456 -0.74459201536781627  0.66556577472358613 0.47633477956986692 0.69733745966644478 0.30163669931708686 -0.44253920362287602
1403715914.634058  -2.1754695056520714 -0.78322703478568789  0.66943028662914006 0.48883944942857682 0.69249405176989265 0.30000204010695802 -0.43759199818706296
1403715914.6840582  -2.2289418082708772 -0.82241941031926136  0.67164634712222016 0.50379472611347942 0.68563901106587533 0.29612328244752428 -0.43405186560750619
1403715914.7340581 -2.2839734567334529 -0.8546589541801356  0.6752969648991024 0.5190945020798915 0.67791985831214041 0.29151308308605633 -0.43126057784840371
1403715914.7840581  -2.3383669573170471 -0.88437936639889281  0.67751367326347323 0.53728820941157496 0.66793421604271808 0.28232612282734865 -0.4306706670252573
1403715914.834058  -2.3906661929621338 -0.91117770355602745  0.68064954067867378 0.55319865561905224 0.65890560457581826 0.27344706226021148 -0.43016433583121344
1403715914.8840582  -2.4437028814460424 -0.93306549128322669  0.68233097771854812 0.56741272276986821 0.65013518848066754 0.26527364759135563 -0.43011269526912255
1403715914.9340582  -2.4931455897180261 -0.95023192510092902  0.68546084163322563 0.57783747933219931 0.64330984335154862 0.26029571660318934 -0.42953746384226887
1403715914.9840581  -2.5428623035364342 -0.96485997532517265  0.68959560115369811 0.58545215551155771 0.63740082795617525 0.25781716000876709 -0.42953029012243932
1403715915.0340581  -2.5864837154025406 -0.97194226850599308  0.69194542113550606 0.59196678128158609 0.63190908785264166 0.25564452722354208 -0.43001408145433218
1403715915.0840583  -2.6251280413824025 -0.97145008349221562  0.69572510603409721 0.59664552319516251 0.62745256135436789 0.2541339398572286 -0.43096791471483881
1403715915.134058  -2.6594773348984591 -0.96593870505859714  0.69686930996258289 0.59901233314938496 0.62471473444251691 0.25484938996560141 -0.43123950855586829
1403715915.1840582  -2.6933621371334868 -0.95429067512070043   0.7013471900133329 0.59976898372775111 0.62168436994133547 0.25699136094112335 -0.43329106929459654
1403715915.2340581  -2.7202859516315736 -0.93691723553545825   0.7073267653603863 0.59479242901472995 0.6205373017766076 0.26749792963599905 -0.43543114396080945
1403715915.2840581  -2.7436677326100152 -0.91550623055185076  0.71323630752713896 0.58668789352456741 0.6206321961685104 0.28152685500598157 -0.43744213626627065
1403715915.334058  -2.7640437871816053 -0.89230473703135815  0.71870088877299909 0.57575194667349661 0.62321572215765331 0.2981854006365976 -0.43726116498539591
1403715915.3840582  -2.7864615872576901 -0.86556505028955799  0.72188904924764863 0.56488621268832662 0.62573454620797753 0.31363329026289705 -0.43702860734213339
1403715915.4340582  -2.8079714068552519 -0.84153460270524516  0.72481137045224664 0.55475630433373435 0.62976546213659834 0.32597891833922021 -0.43517657370341767
1403715915.4840581  -2.8255166346384821 -0.81013296964594028   0.7213559377263562 0.54720191879263591 0.63161261126706858 0.33520644182645748 -0.43505426180661466
1403715915.5340581  -2.8412913921634209 -0.77752077208708059  0.71366432402260893 0.54168096847949887 0.6326146783759401 0.34158849158254539 -0.43554299386946804
1403715915.5840583  -2.8563028116359837 -0.74699570482777078  0.70161243899382419 0.53597425712300606 0.63415481556571018 0.34696188968618036 -0.43611548092409719
1403715915.634058  -2.8719190904333254 -0.71346716369669827  0.68759995198629409 0.53007814887228544 0.63667910906131231 0.35330246132197174 -0.43455061730120859
1403715915.6840582  -2.8875949753747063 -0.67858131613537942  0.67217754165275312 0.52524435312536855 0.63895243117058398 0.35800704736980099 -0.43323101717752199
1403715915.7340581  -2.9039841960501271 -0.64411499752542478  0.65679993600162134 0.52365463330824635 0.64141730651448803 0.35764817071838134 -0.43180719065376993
1403715915.7840581  -2.9170434879903926 -0.61087700559271796  0.63827432319198751 0.52442372705921736 0.64341024197588392 0.3539088374183868 -0.43098903676894162
1403715915.834058  -2.9332850453839683 -0.57455344343459325  0.62155031541240557 0.52634388473384353 0.64554086102528374 0.34897253597356093 -0.42948490181402582
1403715915.8840582  -2.9506683219427874 -0.53776883333657932  0.60574186449673484 0.52823601307145618 0.64799824075564783 0.34385565682894176 -0.42758423934786799
1403715915.9340582  -2.9653011711011166 -0.50016532105622225  0.58798787131414154 0.52954099307371238 0.65000084080589549 0.33937057260204645 -0.42651243599442057
1403715915.9840581 -2.9830110673409198 -0.4608482120515679 0.57330995996978595 0.52909377562477533 0.65004231529128353 0.33781879270024689 -0.42823268000517539
1403715916.0340581  -2.9994803848396341 -0.42084720425256178  0.55913401031308152 0.52760127562993042 0.64890634908065958 0.33818732706345689 -0.43149365683652141
1403715916.0840583  -3.0172428979532815 -0.37409489841250737  0.54692934233574531 0.52697618265581758 0.64617045680824803 0.34063911751720538 -0.43442471761954599
1403715916.134058 -3.0314989853405763 -0.3341817277958925 0.53394204169182469 0.52732058702004747 0.64420095276221512 0.34319915567573711 -0.43491662477829929
1403715916.1840582  -3.0477919151649124 -0.29171202494944526  0.51972994668312988 0.52899398003002041 0.63917572605140849 0.34842673481083641 -0.43614054017909454
1403715916.2340581  -3.0637899095400072 -0.24905863099887937  0.50579294041352818 0.53269126123747679 0.63327364093635319 0.35364454351041119 -0.43605051627277525
1403715916.2840581   -3.078476698995761 -0.20614605317352747  0.49276127147408472 0.53808069197244757 0.62652541579077226 0.35982843382446256 -0.43411815270279402
1403715916.334058  -3.0933326723316994 -0.16293105695934765  0.47872319475664865 0.54436014042767122 0.61893050356622847 0.36704038243954434 -0.43113620461224772
1403715916.3840582  -3.1077096230358761 -0.11950372396276562  0.46534364028136244 0.55207822933588202 0.61016987767600328 0.37341790090083016 -0.42832396659190847
1403715916.4340582   -3.1218856029424789 -0.073853487447609015   0.45089428097169415 0.56113551696778752 0.60020455635307723 0.37939458574914575 -0.42537180258514273
1403715916.4840581   -3.1340076598428532 -0.027522127532003445   0.43750636349035621 0.57195721614132944 0.58997138163367357 0.38404637668181235 -0.42107848711930923
1403715916.5340581 -3.1475385707294499 0.01993134013556444 0.42860249255966881 0.58353746673090556 0.57983402831372677 0.38809432696768587 -0.41552294510201554
1403715916.5840583  -3.1590198829033098 0.062901937306447747  0.41410525497213452 0.59411627025550662 0.56968309272020579 0.39388911293223583 -0.40907016268591834
1403715916.634058 -3.1718016298869234 0.11002247800242201 0.40208139841988044 0.60625665488943603 0.55754946591164312 0.39813610551255724 -0.4038305374178715
1403715916.6840582 -3.1839547661619951  0.1610996042867624 0.39181223249359004 0.61815231683253657 0.54527163591127092 0.40140252377219288 -0.39930260476802271
1403715916.7340581 -3.1937857740115061 0.20701556322096579  0.3790599282411769 0.62892376642651626 0.53322835962192461 0.40357558123754295 -0.39654654549948565
1403715916.7840581 -3.2022928710429124  0.2526296643283672 0.36667686115050824 0.63896087933927803 0.52159504831319292 0.40476809096404209 -0.39475358489374035
1403715916.834058 -3.2091804751151445 0.29833767258829069 0.35499538157000232 0.64781867643072211 0.51132511513571322 0.40575809834720156 -0.39273140277377844
1403715916.8840582 -3.2126651673762878 0.34216655633417897 0.34363048853734679 0.65665118596676608 0.4992223628075998 0.40498990329823165 -0.39442290839621102
1403715916.9340582 -3.2151125846399529 0.38654580018875473 0.33483876157266412 0.6626044725689928 0.48879305699439718 0.40680099662551905 -0.39566350540594902
1403715916.9840581 -3.2158524018946029 0.43742684963463202 0.33183777795662628 0.66792480419586864 0.47944500379608368 0.40836704893482245 -0.39654167198309465
1403715917.0340581 -3.2136055050977852 0.48098748198246982 0.32616195994121394 0.67130450964593769 0.47155469282752033 0.4104735022493482 -0.39811798622082439
1403715917.0840583 -3.2065036524466399 0.52654324750917958 0.32357863495278161 0.6707301396699753 0.46562317226746591 0.41862567080873792 -0.39757853177178903
1403715917.134058 -3.1938316966423024  0.5678798477997814 0.32095428645842644 0.66564883150134435 0.45955791909862181 0.43345340654717229 -0.397286164454907
1403715917.1840582 -3.1800560225690422 0.61201791639749237 0.32237597962929171 0.65778371083370224 0.45708108813726844 0.45380608726787808 -0.39045806917992387
1403715917.2340581 -3.1637425801407435 0.65152597041458882 0.32188116973595737 0.65006692055770199 0.45502789487165968 0.47425062026490183 -0.3813777167895997
1403715917.2840581 -3.1473776727834806 0.68783644145016409 0.32130212487345372 0.64653856164594126 0.45222361705616743 0.4892153941854786 -0.3716853327391077
1403715917.334058 -3.1301259820081633 0.71806227770365505 0.32063434583426298 0.64429032529151009 0.4478575293461034 0.50159643590764735 -0.36430018614943038
1403715917.3840582 -3.1142726880117388 0.75073437392226061 0.31482972883934712 0.64434176631048234 0.44399752482931842 0.50913115652772278 -0.35843458480742352
1403715917.4340582 -3.1013904385426398 0.77495836638553861 0.31436136998630471 0.64592729320645703 0.44110302634257492 0.51294566555933274 -0.35368459992809193
1403715917.4840581 -3.0893153894293115 0.80055615493415122 0.31410272264137989 0.65233359801078494 0.43768128838455517 0.50899802960258611 -0.3518763597700541
1403715917.5340581 -3.0779956218389266 0.82335269501238162 0.31358095091198701 0.65994123539953098 0.4366346936685091 0.50248147377145425 -0.34833902827678603
1403715917.5840583 -3.0676977180471394 0.84407766383773941  0.3120387903434132 0.66807315739531803 0.43378108617535044 0.49385584310940561 -0.34873862973734637
1403715917.634058 -3.0599359502882133 0.86340049259642537 0.30148732359219282 0.67387764484571699 0.43122438316675299 0.48756681610790403 -0.34958983247520892
1403715917.6840582 -3.0491897995332393 0.88186861235620095 0.29694574302392196 0.67664809437537099 0.42713451380053463 0.48431899514696375 -0.35374931015960365
1403715917.7340581 -3.0377652103587107 0.89879866168833167 0.29158720866768678 0.67594164489562436 0.42264457418087015 0.4849327459658857 -0.35960351569646065
1403715917.7840581  -3.026519632809717 0.91063095243772951 0.28386443573745718 0.67313669050490599 0.41938855507691813 0.48835110483108207 -0.36402394725740045
1403715917.834058 -3.0141401630226086 0.92305256038606154  0.2796074234656421 0.66905273712966018 0.41732864780704793 0.49306344892560983 -0.3675509080283077
1403715917.8840582 -3.0014235786595855 0.93161097024461226 0.27614625479693111 0.6648167188760149 0.41627709324531342 0.49755056819021604 -0.37037216962908504
1403715917.9340582 -2.9886537689686095 0.93707752810944533 0.27472451050353652 0.66081644590405098 0.4170834902759748 0.50187086809638037 -0.370794577519865
1403715917.9840581 -2.9757100319776044 0.93917925625774235 0.27463155065040468 0.65693229500639272 0.41934457801175173 0.50579164451880376 -0.36981738331877212
1403715918.0340581 -2.9630038138258712 0.93734283826853249  0.2758474191082872 0.65376187170292566 0.42250599432611613 0.51005766096722338 -0.36595803359761381
1403715918.0840583 -2.9505242815601234 0.93190193510508512 0.27745199667014453 0.65257336407899047 0.42583334078262647 0.51393287530437826 -0.35872966151952268
1403715918.134058 -2.9388645178082573 0.92280781239044352  0.2791286228766397 0.65345524018194145 0.42860825868066665 0.51688967375005546 -0.34945139124068375
1403715918.1840582  -2.928094779737823 0.91089771955823473 0.28094513194772475 0.65440448667879692 0.42853406848521752 0.52108550277075738 -0.34144284845975981
1403715918.2340581 -2.9185896787562977 0.89648559686836327 0.28285209218461044 0.65703353694361233 0.42394260141786561 0.5237430653682672 -0.33804260606182568
1403715918.2840581 -2.9104673745536709 0.87948239857966015 0.28440106398012266 0.6616136982662717 0.41677348488105798 0.52457087720990481 -0.33673813468295577
1403715918.334058 -2.9035434291969717 0.86008912118250092 0.28290553151899966 0.67023367786778154 0.4081079273499264 0.52052332091606024 -0.33658610944079415
1403715918.3840582 -2.8961735823623074 0.84068992286512279 0.27495338326781027 0.68155491528323442 0.3994466920060365 0.51298830760463576 -0.33580981814060973
1403715918.4340582 -2.8906476887817822 0.81717754720421854 0.26600025874301997 0.69342306361766337 0.3906123038910434 0.50480445614343072 -0.33430367026067831
1403715918.4840581 -2.8848706257939445  0.7918374541137333 0.25392127163572897 0.70491141218317399 0.38266584678191123 0.49688986901758725 -0.33131134714689642
1403715918.5340581 -2.8784582934875234 0.76475676648978053 0.23514878117412111 0.71421590304611993 0.37502427581329045 0.49181400259285996 -0.32767578982940304
1403715918.5840583  -2.871115299180599 0.73574820468690716 0.21807674035411695 0.7221556402230358 0.36749455948483434 0.48818874563372372 -0.32420784796126745
1403715918.634058 -2.8620138676829381 0.70577082089205634 0.20024156171742913 0.72742824440602483 0.36251512182720713 0.48735079792067626 -0.31924933117088006
1403715918.6840582 -2.8557487062573408 0.66811886808634768 0.18050729380186556 0.73085460977300443 0.36021071732807058 0.48857969183052319 -0.31207316966752746
1403715918.7340581 -2.8463313720183745 0.63252129678270164 0.16702067455940345 0.7332263799198937 0.3611244024642366 0.49003691986112335 -0.30303804861343514
1403715918.7840581 -2.8344066590142347 0.60233743720833599 0.15523473879781444 0.73366741209344422 0.36435724610657227 0.49358429096332268 -0.29214803329130407
1403715918.834058 -2.8194563285733416  0.5748092570390283 0.14549046489595741 0.73535546732367385 0.36968212395778627 0.49398338390156166 -0.28029962599404912
1403715918.8840582 -2.8070995053588779 0.53923772892577926 0.14167837037859082 0.73777426754118003 0.37596422769655524 0.49213353911996238 -0.268597485691636
1403715918.9340582 -2.7918781870418199 0.50929063099328753 0.13537672541137794 0.74127664668852733 0.38136888647851497 0.48785095022232916 -0.25897520319042222
1403715918.9840581  -2.776121147922519 0.47846728775209402 0.13885981873844702 0.74521957454962062 0.38569849716689947 0.48216418742668965 -0.25179783826402818
1403715919.0340581 -2.7606649895277173 0.44902471703151148 0.14463361147462531 0.74907724756931249 0.38942989541440259 0.47643811896566224 -0.24542687816938827
1403715919.0840583 -2.7433147204333883 0.42333260295937264 0.15457904492797153 0.75110480527470302 0.39417032418886211 0.4727882839710954 -0.23862641421637451
1403715919.134058 -2.7266257251204773 0.39814980152372925 0.16631004263920407 0.74973551849000841 0.39937238536295366 0.47373799745651213 -0.23231586232953721
1403715919.1840582 -2.7077087006213789 0.37870041180222164 0.17967376013768882 0.74570851924632198 0.40556985906980519 0.47812328044760433 -0.22545514505457104
1403715919.2340581 -2.6885028030912497 0.36299911527655476 0.19358600119673056 0.73966258366260484 0.41158587187623868 0.48526100195041988 -0.21913030914848644
1403715919.2840581 -2.6696270617039302 0.35130369807538064 0.20783206425638728 0.73184109697464883 0.41646166007246688 0.49464861235579372 -0.21515353764954778
1403715919.334058 -2.6518898890516978 0.34322506631666216 0.22135611434636676 0.72383113736396998 0.42117746236908826 0.50388104299234771 -0.21161740072040525
1403715919.3840582 -2.6359804870768646 0.33781119804902593 0.23187542796949093 0.71961105738673647 0.42072627250476324 0.50902528776185585 -0.21457536235539879
1403715919.4340582 -2.6219313219077809 0.33473104233349565 0.23832409104228772 0.71932058411829713 0.41641350317124975 0.50968407021855733 -0.22226074823459979
1403715919.4840581 -2.6094274258036281 0.33381482658861505 0.24106528296580018 0.71958205808893128 0.41120661880588416 0.50971330146723048 -0.23087470332218427
1403715919.5340581 -2.5980608514368555 0.33479315874246512 0.24026846901183374 0.72010931390822974 0.40616796948609268 0.50947417471016043 -0.23855025023999518
1403715919.5840583 -2.5875129627668043 0.33723672820625233 0.23604774395854469 0.72044628955788415 0.40175848223226246 0.50946383674565887 -0.24493645066649228
1403715919.634058 -2.5777260411881033 0.34095699987808714 0.22833809589752724 0.72097230103466725 0.39833146424599208 0.50917160581334897 -0.24955011834474605
1403715919.6840582 -2.5686492609288032  0.3459919683453081 0.21770476453223678 0.72116051485737775 0.39657981852342844 0.50930452179165686 -0.25151712353861383
1403715919.7340581 -2.5602653635237997 0.35225090560739453 0.20431204267200881 0.72094761298512666 0.39628399658319957 0.50995245706031078 -0.25128076910350011
1403715919.7840581 -2.5523083336700965  0.3596144068380786 0.18893777067399317 0.71957604370212047 0.39740665685195065 0.51218347237895734 -0.24889025099749087
1403715919.834058 -2.5454144590606047 0.36802159798798939 0.17234616957519508 0.71878991370979417 0.39813393449784867 0.51334378281418946 -0.24760571640482723
1403715919.8840582 -2.5397812688277011 0.37721983229603395 0.15520161106247501 0.71813510913439116 0.39930689567645222 0.51418710780455901 -0.24586090836355837
1403715919.9340582 -2.5388310937043355 0.39358220006700112 0.13897690333641097 0.71933938763269545 0.40032077556301698 0.51219988574760811 -0.24483749527590853
1403715919.9840581 -2.5363685092976205 0.40580824171044294 0.12294609599035121 0.72259391524008243 0.40120571906265118 0.50719063567709388 -0.24423280641816955
1403715920.0340581    -2.52444788922748  0.44597514559237872 0.068762545312648915 0.72505763270492507 0.40251090787538679 0.50284588947898501 -0.24376712192531305
1403715920.0840583  -2.5226306139573853  0.45842117584916992 0.055486376428814814 0.72739916542349303 0.40309731610719901 0.49878014903342677 -0.24417487753364656
1403715920.134058    -2.52240724733322  0.47628125607725647 0.048102834103972071 0.72983057098748172 0.40331273390029265 0.49465001071892711 -0.2449643713312685
1403715920.1840582 -2.5997144249695072 0.45628555465660409  0.0277935665388921 0.73104217566319685 0.40353918745804118 0.49221993674624887 -0.24587190863708316
1403715920.2340581  -2.6076456172833358  0.46504374583115771 -0.01356591699054031 0.73237930103919191 0.40247586608348912 0.48938666726585273 -0.24926778077423439
1403715920.2840581   -2.6099688398929661   0.48031112799352821 -0.011909274183407743 0.73131894664782593 0.40082824045876697 0.4891753178278061 -0.25537585702784898
1403715920.334058   -2.6146805932680204   0.51885895988638042 -0.010503707452430967 0.72944622338383447 0.39929202002619418 0.48947376762742073 -0.26246813280678477
1403715920.3840582    -2.6183972256548054    0.54450599977143022 -0.0031108293763507724 0.72721622556222176 0.3985412072604454 0.49021538691744365 -0.26834742745888884
1403715920.4340582   -2.6183540749125953   0.57474841129504106 0.0035217216492603918 0.72453216795480435 0.39616628812729437 0.4920708626209549 -0.2756295991174067
1403715920.4840581  -2.6179088900530485  0.60876694260801556 0.012078586293031155 0.72154070652884161 0.39455866005895612 0.49423722389006491 -0.28183690162181263
1403715920.5340581   -2.618242306125893  0.63966978914637895 0.021932588401115855 0.71809352788270842 0.39254699666334547 0.49711645336278099 -0.28831193596443999
1403715920.5840583   -2.624754842369398  0.65677497304064714 0.036573899000548138 0.71442078765645944 0.39075571924989461 0.50022468832491784 -0.29442854350089859
1403715920.634058  -2.6306768988323204   0.6711432408421566 0.049910673646767635 0.71088124654559448 0.38923021218228726 0.50285538428967802 -0.30047322297534884
1403715920.6840582  -2.6348954728634291  0.69181848495437259 0.058708132120003073 0.70745821909347373 0.38783250338520919 0.50563414101290471 -0.30565165302545699
1403715920.7340581  -2.6378652576150143   0.7110479334831511 0.071292139321534442 0.70282708753541068 0.38802450500863189 0.50912474595822954 -0.31026289109764132
1403715920.7840581  -2.6399206802952921  0.73273833406537181 0.085397704544247235 0.69896277758008574 0.38902870699989295 0.51044890648557761 -0.31551484046745121
1403715920.834058 -2.6412580737373719 0.75518305770108984 0.10055926998789509 0.69524709863805745 0.39255175692013755 0.51102590304620443 -0.31841343625872309
1403715920.8840582 -2.6437883213019915 0.77437239615123421 0.11991622369166313 0.69303944046287469 0.39703393764690009 0.50853383747243996 -0.3216422274283296
1403715920.9340582 -2.6480688918354809 0.78999009305846446 0.14154639504449085 0.69234719586987037 0.40201284771071977 0.50291170317205192 -0.3257619521356524
1403715920.9840581 -2.6518212266148207 0.80459478668423579  0.1648136332604985 0.69372772246756009 0.40858933451356727 0.49389080091610443 -0.32843337158726926
1403715921.0340581 -2.6562433099470324 0.81276861385443788 0.19068357606509723 0.69436818100936715 0.41616584658559735 0.48449287744809266 -0.33155010034609167
1403715921.0840583 -2.6591168346711842  0.8245445350483126 0.21717919948615835 0.69424310412757662 0.42433596046510413 0.47654492729807291 -0.33297212690244637
1403715921.134058 -2.6606298576464584 0.83576452948555935   0.243916208364091 0.69312297852254146 0.43208845660186701 0.47046017847466914 -0.3339870099046362
1403715921.1840582 -2.6612057819128934 0.84404657267279459 0.27198123444246697 0.69045254784024479 0.43863726922778468 0.46724391317960501 -0.33549329474956174
1403715921.2340581 -2.6600516040487472 0.85212097288685951 0.29920966346860012 0.68818663386827017 0.44467482296049976 0.46441031010199041 -0.33613467934903818
1403715921.2840581  -2.658585816809985 0.85975718294246084 0.32661443757504877 0.6851692254437034 0.45054517781505843 0.4638025374937797 -0.33531981967489516
1403715921.334058 -2.6555115445252286 0.86711564166279198 0.35390972561388589 0.68295285092283875 0.45663942531089685 0.46288775876972965 -0.33285246198464141
1403715921.3840582 -2.6520425056277612 0.87546502697034967  0.3807894687271654 0.68085509186051751 0.46234404739890073 0.46253215325761626 -0.32975495890931228
1403715921.4340582 -2.6487994705075115 0.88299804506209945 0.40785520899858529 0.67880272976913714 0.46760497218703889 0.46264965845018807 -0.32638587221240239
1403715921.4840581 -2.6456446269513152 0.89686738458257564 0.43519701678732703 0.67811572236634921 0.47046130681825343 0.46234409472059496 -0.32413448434780773
1403715921.5340581 -2.6421996935528456 0.90588302546118871 0.46432329192272476 0.67683427159070253 0.47257973885304549 0.46266068006726946 -0.32327829241314993
1403715921.5840583 -2.6381705810893115 0.91581728696512799 0.49514583614999308 0.676380238456607 0.47388026570481129 0.46252159020645112 -0.32252293777934088
1403715921.634058 -2.6345495904714595 0.92628424475537807 0.53035750046407715 0.67530945652313279 0.47426823870382157 0.46383763765655872 -0.32230640946215933
1403715921.6840582 -2.6311944957175619 0.93970121880152291 0.56782267703394362 0.67627586999422995 0.47374433230613688 0.46294743711377789 -0.32233046046122399
1403715921.7340581 -2.6288986436367621 0.95287487612898192 0.60637585096239321 0.67693612762878275 0.47267972631691341 0.4626472380488747 -0.32293790202709882
1403715921.7840581 -2.6305518214726042 0.96111667441911908 0.64393291824098575 0.67777292668385625 0.4695110575168544 0.46141500152745646 -0.32753537685145162
1403715921.834058   -2.62991905768753 0.97256417563076458  0.6824215638939124 0.67872414562402439 0.46749930969575093 0.4602345764832026 -0.33009402325740717
1403715921.8840582 -2.6274651995511999 0.98536467631726066  0.7191574467656312 0.6799340696311037 0.46492499027947481 0.45912407298080282 -0.33277544978263396
1403715921.9340582 -2.6238193550966975 0.99990908349002683 0.75413964073756512 0.68027271865007111 0.46263902808526935 0.45964020739978001 -0.33455199550181419
1403715921.9840581  -2.620656902733832  1.0152657557268236 0.78516520491052111 0.68091275382231553 0.46091023455174623 0.45982073761786907 -0.3353870400360216
1403715922.0340581 -2.6166112765239942  1.0291733510862691 0.81581454801385189 0.68086804937022538 0.46015544646251005 0.46112284593638131 -0.33472583616028911
1403715922.0840583 -2.6118257528664328  1.0440003723682156  0.8469730456391511 0.67985358634436499 0.45934264219134324 0.46369340598356418 -0.33435290255468447
1403715922.134058 -2.6069937421023468  1.0600962402547971 0.87977083424991287 0.67894782137345655 0.45667098210756663 0.46633955327267007 -0.33616795059403554
1403715922.1840582 -2.6025400323872923  1.0757870445948177 0.91387292876374138 0.67734287833932427 0.4542233787908676 0.46975594567662149 -0.33796020301844809
1403715922.2340581 -2.5973473831116864  1.0905988830549054 0.95039823794142597 0.67556975646494688 0.45142383148292942 0.47327689165331732 -0.34033955448366332
1403715922.2840581 -2.5901571552456928  1.1023190965563834 0.99216117597493525 0.67373499650972501 0.44949692433027028 0.47653345830863225 -0.34197884818813468
1403715922.334058 -2.5839519578786154  1.1130703755133746  1.0344864917554626 0.67176078116487536 0.44858711724036315 0.47978455110603885 -0.34251107376946832
1403715922.3840582 -2.579191437099539 1.1245314602975331 1.0780352400094044 0.66983997515279836 0.44958624199175695 0.48259083762010835 -0.3410171581374612
1403715922.4340582 -2.5750397261584435  1.1319325418637458  1.1185680044036432 0.66827434383957718 0.4517528149303201 0.48465484883399235 -0.33828755973286218
1403715922.4840581 -2.5703667342336707  1.1401400160314361  1.1617830058246199 0.66758854050710792 0.45229349989030465 0.48517387163614389 -0.33817516884325377
1403715922.5340581 -2.565532849045522 1.1519438018911157 1.2023092082012654 0.66818378089940511 0.45158503251331367 0.48471186045116682 -0.33860863203836666
1403715922.5840583 -2.5624646546825489  1.1578987202998776  1.2417907041254135 0.66831374271146815 0.44986301361431774 0.48411510094970045 -0.34148584058097492
1403715922.634058 -2.5591525769726315  1.1625627250902193  1.2817279406796827 0.66806028117052596 0.44834382323317878 0.48381748691095544 -0.3443891929927263
1403715922.6840582 -2.5556352497547663  1.1656873538534518  1.3184008587294866 0.66788433856232354 0.44747182312989969 0.48380677526870891 -0.34587639701498024
1403715922.7340581 -2.5521145281644415  1.1662048775725833  1.3507791886892961 0.66769876048630761 0.44813085139344644 0.48377775122460415 -0.34542176059782087
1403715922.7840581 -2.5487530172047301  1.1667158952945429  1.3801367323475582 0.66682620337893639 0.44998172762121302 0.48459955840024749 -0.34354406892354727
1403715922.834058 -2.5467918760914188   1.168159216639904  1.4061007304240423 0.66609951857848282 0.45258695452216652 0.48521688426411941 -0.34064799305277593
1403715922.8840582 -2.5462478555915427  1.1791709219639528  1.4124790278813766 0.66598358214849041 0.45392957213876378 0.48661329916264984 -0.33707760074591941
1403715922.9340582 -2.5447875818395773   1.176686076307512  1.4281660324850194 0.6657278992823461 0.45573530771926168 0.48686832836558319 -0.33476995720889741
1403715922.9840581 -2.5471442530275392  1.1724004267293375  1.4431801513695939 0.66482104896995164 0.45731249646113337 0.48744989851909537 -0.33357285540148918
1403715923.0340581 -2.5471738614218786  1.1698542525243161  1.4569750105365877 0.66429581544204808 0.45853437754337689 0.48792619779218693 -0.33224286253455038
1403715923.0840583 -2.5483793905568155  1.1666487422111615  1.4711116314768165 0.66446250630816017 0.45957584243151034 0.48775834166240711 -0.33071350577619968
1403715923.134058 -2.5502898872783129  1.1624227635614066  1.4849086591553533 0.66516850462908028 0.46082028554959464 0.48655234249045115 -0.32933621558000276
1403715923.1840582 -2.5522765866844308  1.1583772433906661  1.5025062713459265 0.66670993540440959 0.46266245952155466 0.48412916458742838 -0.32720064574874014
1403715923.2340581 -2.5560053942623884   1.153050424232859  1.5213860968777058 0.66862109626411903 0.46444474074372732 0.48150552935785523 -0.32463724004474809
1403715923.2840581 -2.5642913343920757  1.1569250929480703  1.5484824535549131 0.67155648519060562 0.46518604540148745 0.47749501093046387 -0.32343831699209863
1403715923.334058 -2.5705826417132718  1.1520078207472586  1.5738838156414507 0.67421820909215524 0.4644926131390742 0.47350585073217155 -0.32475933888066055
1403715923.3840582 -2.5811756677699256  1.1452316142847163  1.5998043709561327 0.67738432055464515 0.46233135032190548 0.46836652734004719 -0.32868373985287164
1403715923.4340582 -2.5880257788952532  1.1401054591764364  1.6238838942451228 0.68011938709898889 0.45935664396501746 0.46410117481192842 -0.33322543791775516
1403715923.4840581 -2.5970060965188857  1.1349986337168037  1.6441329094959298 0.68263011712266519 0.4563776934203006 0.45958249350514491 -0.3384072336831116
1403715923.5340581 -2.6043850870580201  1.1320908942815984  1.6611184541857182 0.68495572716029085 0.45260323321957729 0.45585360492889332 -0.34377820754497351
1403715923.5840583 -2.6082015290189968  1.1325384497084008  1.6769084461559685 0.68664776156382856 0.44902799704347879 0.45277698579641779 -0.34911561200212171
1403715923.634058 -2.6127330677164222  1.1280674045845751  1.6870927118882706 0.68781246566637466 0.44589555351882798 0.45049068668884118 -0.35376448186992521
1403715923.6840582 -2.6146772097675912  1.1240815969211628  1.6890035796765761 0.68837957905138902 0.44313605405030265 0.44926583092204198 -0.35766493525601156
1403715923.7340581 -2.6177870502769136  1.1157895657492232  1.6841142234762205 0.68815830556785473 0.44125002201304275 0.44870704894706598 -0.36110739230412325
1403715923.7840581 -2.6176713199822381  1.1101257583097399  1.6754107940875305 0.68742801441069601 0.43904693105263337 0.44934742769023961 -0.36437262049280955
1403715923.834058 -2.6159279675245579  1.1033203280521291  1.6621582885176427 0.68525624906724258 0.43823253903391107 0.45223554621382273 -0.36586763397008781
1403715923.8840582  -2.61329270489149 1.0956251343723431 1.6453012300814995 0.68145287371743024 0.43689357299529785 0.45738340931448168 -0.36816627175981204
1403715923.9340582 -2.604284254453912 1.0864255776349949 1.6146721975178675 0.6775876503924334 0.43497700899622793 0.46280843196972388 -0.37078070739735408
1403715923.9840581 -2.5978451163959577  1.0768294780806826  1.5923104194086362 0.67336389751374692 0.43486433160148119 0.46855513888761968 -0.37138949426161283
1403715924.0340581 -2.590709152991745 1.0656630878683864 1.5665299145242741 0.66995967633706865 0.43545167218798808 0.47319311365301486 -0.3709772910332656
1403715924.0840583 -2.5831788314921189  1.0517875779537773  1.5391919348280034 0.66662111616943631 0.43705355269832452 0.47815438752234679 -0.36873955747101134
1403715924.134058 -2.5745066623287878  1.0367806095595054  1.5097153560120431 0.66411318270745578 0.43939178681018942 0.48169411489980751 -0.36586789679994275
1403715924.1840582 -2.5667982342713063  1.0179429746349022  1.4797832217658984 0.66275483297956816 0.4415446860266099 0.48358866479667972 -0.36323040192700234
1403715924.2340581 -2.5579449743535028  0.9986178134757443  1.4497852969960527 0.6624327227765785 0.44472007110999701 0.48435997216550625 -0.35889046171576944
1403715924.2840581 -2.5486653748765842 0.97784373412458248  1.4203513157016276 0.66310017173580349 0.44633068917101804 0.48357559864696492 -0.35670957169846373
1403715924.334058 -2.5392857731509859 0.95572820933938141  1.3913837639388458 0.66397171242199893 0.44914367217568946 0.48278513656196009 -0.35260464937772013
1403715924.3840582 -2.5309510330566929 0.93391034471671341  1.3610857113719028 0.66564393200505134 0.45172185826133565 0.4810148466992652 -0.34855449474746841
1403715924.4340582 -2.5230157184717692 0.91051795869098662  1.3337533166440967 0.66872111223464581 0.45308789421777834 0.47727151577957738 -0.34602793874255644
1403715924.4840581 -2.5146124219438128 0.88525126135799204   1.305239847457051 0.67213915935861501 0.45566259559775873 0.47288947387534264 -0.34201768218574535
1403715924.5340581 -2.5051368096883118 0.85974494613660002  1.2775217394573855 0.67606583006843946 0.4575249029571915 0.46801643950725408 -0.33847683663559214
1403715924.5840583 -2.4959027306917303 0.83403412408458055  1.2494640598861617 0.67877038691243463 0.45836609482320956 0.46497388399274936 -0.33611095217496489
1403715924.634058 -2.4866177867141817 0.80863667677444395   1.221932504819135 0.68269702276474609 0.45618863335120347 0.46070173641243367 -0.33700239758179995
1403715924.6840582 -2.476341928624056 0.7835644488578225 1.1949573491657206 0.68729335619015774 0.45147549627237976 0.45749475315670379 -0.33837297415213913
1403715924.7340581 -2.4617576347194485 0.75996195551483425  1.1678664348272143 0.6916317825215258 0.44458778313779418 0.45689426022761442 -0.33946253911408208
1403715924.7840581 -2.4472604341511022 0.73592562043841525  1.1395929251319432 0.69604117139016231 0.43712324456614482 0.45758830696625741 -0.33920922469403919
1403715924.834058 -2.4298581462366511 0.71339268728213145  1.1134137249499283 0.70023313803260345 0.42806624827643669 0.46072211730628171 -0.3378875110334294
1403715924.8840582 -2.4123092845957599 0.68776173868973234  1.0861984685369395 0.70504268819443972 0.41869736597676038 0.46445392118847784 -0.33449944490286981
1403715924.9340582 -2.3942494078910923 0.66180836749679095  1.0587395940669619 0.70909874026710196 0.40750260014128759 0.47059584126910831 -0.33114975707362287
1403715924.9840581 -2.3716119441333272 0.63350513449620083  1.0340646986449267 0.71181193621120853 0.39690079428860486 0.47963062923578015 -0.32518915489175626
1403715925.0340581 -2.3491763073010969 0.60442141833602769  1.0105027758551763 0.71349260610614706 0.38490203289549457 0.49087244014630088 -0.31909712253417516
1403715925.0840583 -2.3249932582504824 0.57717509487284335 0.98937518613812625 0.71378344527948545 0.37330471241808771 0.50421738120287918 -0.31132236897516247
1403715925.134058 -2.3016608507501819 0.54612002439909901 0.97091675239020403 0.71457714913315196 0.36195600886519091 0.51639958918080819 -0.30281811352198129
1403715925.1840582 -2.2785880004873791 0.51299432218729468 0.95547769656568893 0.71686172244874535 0.35057144908389382 0.52621930804920658 -0.29377230946985333
1403715925.2340581 -2.2556069926662601 0.47844883534164778 0.94336294364625617 0.72144052795071445 0.33810421930700241 0.53212878708450617 -0.2864403174711429
1403715925.2840581 -2.2332879783019974 0.44157700647000653 0.93560055106660778 0.72758753128422349 0.32579000149514686 0.53585031191698418 -0.27810376204573767
1403715925.334058 -2.2119147266143089 0.40304998030076478 0.93259028961412815 0.73564972523297645 0.31280543072674516 0.53606813043081125 -0.2712991039589267
1403715925.3840582 -2.1909134255809355 0.36312373054443464 0.92845691905400607 0.74470549642602346 0.29950856321881081 0.53508796421728821 -0.26341832643396629
1403715925.4340582 -2.1718427962359166 0.31789039557552351 0.92225999326658459 0.75396034366084685 0.28627882103801244 0.53294117358514415 -0.25605066356014955
1403715925.4840581 -2.1526615861879668 0.27274737383949599 0.92178827344259162 0.76367518733125661 0.27362517716631973 0.52977902280660027 -0.24751496453619523
1403715925.5340581 -2.1315688602780396 0.22842357026047405 0.92211799178520581 0.7721624341634673 0.26080303925377968 0.52779168796382547 -0.23912942959626807
1403715925.5840583 -2.1102739322469843 0.18080274660890872  0.9213855577342015 0.77891629652285832 0.24937749853819749 0.52738646597021777 -0.23013861419890033
1403715925.634058 -2.0908086926631388 0.13514296022433914 0.91906358665145593 0.7847290185725172 0.23602232985350971 0.52889753745679668 -0.22081943323193179
1403715925.6840582  -2.0672491999225637 0.086493106899717689  0.91701317988165076 0.78908544394701519 0.22296807833946947 0.53188009353470822 -0.21150168863169022
1403715925.7340581  -2.0433160618608333 0.036941720686850109  0.91485576490842835 0.79266788056310267 0.2095422272787428 0.53563554558592208 -0.20214907473331239
1403715925.7840581   -2.0191868276543756 -0.013370745070363317   0.91290153753092318 0.79650798672147405 0.1961324719550856 0.53858062987056399 -0.19245255431383199
1403715925.834058    -1.992551732397521 -0.068393002704217901   0.90771873606121545 0.79923620235122217 0.182003483295332 0.54273293259792088 -0.18313161603945655
1403715925.8840582  -1.9673007557042328 -0.12298440744828644  0.90707778591129407 0.80131874912314127 0.1681545334904547 0.54740604890652367 -0.17308648933663318
1403715925.9340582  -1.9419867884901689 -0.17702850812282875  0.90617789581884711 0.80305154584991578 0.15524339166363252 0.55226836941622293 -0.16126795154394136
1403715925.9840581  -1.9136840276315916 -0.23521296097528954  0.90351575595255085 0.80416969570226449 0.14183709527297314 0.55752462629192423 -0.14953136793563823
1403715926.0340581  -1.8856034072354335 -0.29171001765085641  0.90103104777889109 0.80463764062388188 0.12710229962770048 0.56301624559133556 -0.13934123553643477
1403715926.0840583  -1.8609556419141802 -0.35111560241043499  0.89594887644626875 0.80393797655687804 0.10948060486183835 0.56985381652251665 -0.13024728328621857
1403715926.134058   -1.834498696204794 -0.41317091258971139   0.8863094583849056 0.80223531749607668 0.091915293192243994 0.57729357071007659 -0.12125265958387338
1403715926.1840582 -1.8100132584373241 -0.4736061190112506  0.8752289611388776 0.80065388368091694 0.073972494974540559 0.58396012995716173 -0.11167808717166078
1403715926.2340581  -1.7912303990104153 -0.53757754643639555  0.86184205384811197 0.79927064172498929 0.056029836032398084 0.58973028613389589 -0.10121901188581062
1403715926.2840581  -1.7711389346580637 -0.60078734219645802  0.84465397081655424 0.79798256651934385 0.038461084726199503 0.5946651961649797 -0.090099239524822808
1403715926.334058  -1.7494021254703411 -0.66436135159589493  0.82350148810350443 0.79637722401986955 0.022276075443150981 0.59944110483192792 -0.077184553915502732
1403715926.3840582  -1.7299561286206302 -0.73116002320555551  0.80016862831338009 0.79470273409332537 0.0066081631014926982 0.60363756486118392 -0.063447512902221573
1403715926.4340582 -1.7143388316897521 -0.8001179475549437 0.77841447890902393 0.79125325299966609 -0.0072130746004319055 0.60959785944112022 -0.047504851721264243
1403715926.4840581  -1.7017179095592097 -0.86891977694941314  0.75662506371653704 0.78724124395650918 -0.020411221344978032 0.61550576427122949 -0.03142069391188148
1403715926.5340581  -1.6911868640771484 -0.93879735133996534  0.73339534360854142 0.78490004182034678 -0.03402879290320926 0.6184812296094222 -0.015966659787995593
1403715926.5840583 -1.6839700626813754 -1.0087803449415789 0.70977998017524124 0.78474372742334186 -0.046939642718820729 0.61803995674374446 -0.00075105215520178523
1403715926.634058 -1.6819632291824484 -1.0786368483941451 0.68720530147981895 0.7869987437908107 -0.060700543943683877 0.61381178066029596 0.013546924347013527
1403715926.6840582 -1.6804974782358588 -1.1480790851006275 0.66341680722014262 0.79006476328712527 -0.074899961524353673 0.60788264008959147 0.025813977868925413
1403715926.7340581 -1.6808093419544847 -1.2178937274217607 0.64001153658723897 0.79352758236673027 -0.087955086013315573 0.60086768905912158 0.039190548763104328
1403715926.7840581 -1.6832202009177126 -1.2819574681682921 0.61765270732797461 0.79672575911574728 -0.099211987339395014 0.59374605799909197 0.053391618631979998
1403715926.834058 -1.6844642839050481   -1.35021367126161 0.59682107489013059 0.80032899621142384 -0.1087207438930842 0.585656065537143 0.068266174421179715
1403715926.8840582 -1.6914852684401671 -1.4182864024629172 0.57991594776597366 0.80293516635150808 -0.11887544365369272 0.57852046355508668 0.080484910264108464
1403715926.9340582 -1.6973662582986928  -1.484485040238374 0.56695823125978795 0.80432200094220918 -0.12858115884195379 0.57280572930344598 0.091796518824672824
1403715926.9840581 -1.7008335354255626 -1.5499883686145368 0.55859777313635739 0.80559235563223808 -0.1382559503620166 0.56716830475554436 0.10112548055321856
1403715927.0340581  -1.708010476855981 -1.6114692907507582 0.55204057751397773 0.8044760263608064 -0.14734171815015792 0.56480129777729871 0.11003742605298324
1403715927.0840583 -1.7169730982284024 -1.6734793985308747 0.54912423578766312 0.80098446260794709 -0.15603425849098293 0.56555902651222278 0.11924843130362096
1403715927.134058 -1.7250969902441478 -1.7349414389247946 0.54327889569446408 0.79726342061566646 -0.16404334905855344 0.56642687088698329 0.12892407732864125
1403715927.1840582 -1.7374485586553861  -1.796716846211303 0.53903930551694779 0.79281814998264821 -0.16776232064757565 0.56779671311839475 0.14457550761100063
1403715927.2340581 -1.7372592643881704 -1.8587745286252184 0.52462975996366656 0.78856175930273154 -0.17142482291231623 0.56853543836354759 0.15984785634981408
1403715927.2840581 -1.7447620138279625 -1.9123877164609142 0.52025885462217647 0.78441953246743146 -0.17413630350571688 0.56873001060814321 0.17580875950476033
1403715927.334058 -1.7509879094129108 -1.9634563757628096 0.51495740962861702 0.77960666309477633 -0.17710735326137084 0.56971587186194839 0.19044752985418384
1403715927.3840582 -1.7571871178002829 -2.0099160039248449  0.5111738950730641 0.77243256500153901 -0.1814900257746383 0.57389715664848129 0.20261134385876092
1403715927.4340582 -1.7641405129565291 -2.0525856234276927 0.50879263899490867 0.76525179032087487 -0.18712525094718718 0.57779045757781344 0.21338234463204592
1403715927.4840581 -1.7698598324209249  -2.092123381856049 0.50509292380159265 0.75587912197294416 -0.19688853063772607 0.58505285485719571 0.21816236268470646
1403715927.5340581 -1.7754446334868821 -2.1260534591477898  0.5010871522198822 0.74662070071538711 -0.20980230512713291 0.59196579686872208 0.21935591481467925
1403715927.5840583 -1.7865658288196904 -2.1544604253923278 0.49740477399368127 0.73715171137284563 -0.22332416315148754 0.59804243034966409 0.22153763579635852
1403715927.634058 -1.7990230241639176 -2.1780855649802984 0.49626678329930402 0.72761847516893352 -0.23787672871116572 0.60343774509178494 0.22326868192617721
1403715927.6840582 -1.8200690200040501 -2.1996632469506445 0.49632979487655327 0.71953145700620147 -0.25257802249814565 0.60542596983264041 0.22789958310989936
1403715927.7340581 -1.8345058583989242 -2.2189635747734737 0.49170394736022394 0.7136188236884673 -0.26642573402501701 0.60365400838120364 0.23530265806408715
1403715927.7840581 -1.8560377853976902 -2.2352882381611536 0.48676669644309328 0.70907149234270239 -0.27997043727885773 0.59829643842265667 0.24672969980839829
1403715927.834058 -1.8788720359537474 -2.2472952299828353 0.48182312397771593 0.70521156499190063 -0.29309883112809881 0.59082500208092381 0.26018366726044356
1403715927.8840582 -1.9027366888299777 -2.2484529562788209 0.47859810808186104 0.70144911704959667 -0.30705473875996137 0.58205635185757021 0.27367302910160851
1403715927.9340582 -1.9306826118016089 -2.2530684418630496 0.47170234315456377 0.69818306548722342 -0.32078260821591309 0.57118286073512603 0.28877164842743358
1403715927.9840581 -1.9636438758656907 -2.2530652029750198 0.46680300385775597 0.69452829825347362 -0.33586048011212638 0.55975413370686733 0.30249543901034359
1403715928.0340581 -1.9942818440098029 -2.2506076590858619 0.45622184219786216 0.68952759269729846 -0.352575502267504 0.54855039059870281 0.31517405204727172
1403715928.0840583 -2.0264269895569504 -2.2438895061026933 0.44292869630974946 0.68316754011167613 -0.37175551763707232 0.53833540445501549 0.32446099851046628
1403715928.134058 -2.0566232084163878 -2.2309368122751745 0.42282069359314894 0.67582269471192702 -0.39335022200526454 0.52783436666085037 0.33155718893195146
1403715928.1840582 -2.0898917231452039 -2.2157441905546138 0.40371752031742247 0.66790675331207061 -0.41460740130996582 0.51673706975121381 0.33909301438404049
1403715928.2340581 -2.1237582762545761 -2.1989641862641829 0.38330566137262601 0.65632005514917036 -0.43522016739899377 0.50921345095364501 0.34717294316530711
1403715928.2840581 -2.1568224049847275 -2.1826707480591461 0.35759804060477168 0.64282761275732081 -0.45343584590590219 0.50313385847696879 0.35780569360813774
1403715928.334058 -2.1907972481132023 -2.1628056452844939 0.33031786187252504 0.62686733662022254 -0.46969551537636278 0.4992596914585527 0.37035553944650618
1403715928.3840582 -2.2288937294411748 -2.1379117424426384 0.30543766676837619 0.61107705542608026 -0.4841671769238664 0.49469267047748511 0.38398715980774561
1403715928.4340582 -2.2631183505185852 -2.1113040735576334 0.27744075779925942 0.59601886369935031 -0.49865527079441491 0.49028932507292283 0.39461476498354953
1403715928.4840581 -2.2962763632276877 -2.0827628104438927 0.24652235570022646 0.5833250440010459 -0.51433028769672851 0.48354952124119538 0.40171645311885001
1403715928.5340581 -2.3347962405444345 -2.0455869390604353 0.21888037830074342 0.57410540964091306 -0.53083380530118063 0.47312661549607887 0.40591828670279589
1403715928.5840583 -2.3676591170973862 -2.0089757240803272 0.19250630864404134 0.56708704624315831 -0.54600970544556515 0.46336648368596439 0.4069117660365229
1403715928.634058 -2.4024673662805363 -1.9699578729257894 0.16586893867657529 0.56126527694992356 -0.55788078499557248 0.45426713546145459 0.40913529334768212
1403715928.6840582 -2.4373682262805541 -1.9281187364668186 0.14271870357713531 -0.55900072792932187 0.56744159073779121 -0.44366693389341333 -0.41071629995055092
1403715928.7340581 -2.4737163554970807 -1.8841479493871933 0.12254692580623883 -0.56107141805877847 0.57706682094785744 -0.43056880420265498 -0.40841553942784875
1403715928.7840581 -2.5079267919009278  -1.841059540170207 0.10557409535916262 -0.56660294965907609 0.58717471337323546 -0.4157367048769145 -0.40168388769127744
1403715928.834058 -2.5432426980165701 -1.7983832747712241 0.09566412910435064 -0.57493581392652715 0.59501665009590821 -0.40214576362902782 -0.39202395432997628
1403715928.8840582  -2.5795941703901235   -1.752474481953143 0.093362980636532658 -0.58443748725175126 0.60119257500463552 -0.39022559299665321 -0.38042646835435251
1403715928.9340582 -2.6171834374504872 -1.7063398023940741 0.10018888839368116 -0.59442688332921401 0.60382166330530951 -0.38172886899651792 -0.36924131658492076
1403715928.9840581 -2.6505490165546695 -1.6693348364260265 0.10946683190159305 0.60614283192773089 -0.60434308738291442 0.3748250469762332 0.35618321717113849
1403715929.0340581 -2.6853645316014392 -1.6338735652319005 0.13153004908988328 0.61704288713664091 -0.60315398480732396 0.36989739543979638 0.3444405070429144
1403715929.0840583 -2.7175978190089722 -1.6074707322832782 0.15376412617043694 0.62692733977400983 -0.60113022279711903 0.36680258281877398 0.33325730467800102
1403715929.134058 -2.7501995487411199 -1.5850464678612437 0.17925753324798613 0.63683277773750169 -0.59772116935016251 0.36293896623708116 0.32472869244427899
1403715929.1840582 -2.7822916869552254 -1.5685880643819134 0.20471318153620904 0.64617778454942332 -0.59377969598460056 0.35953441192500885 0.31719859714849397
1403715929.2340581 -2.8157002110481186 -1.5559184975106435 0.22891493576912461 0.65464830492504889 -0.58840771261258207 0.35594823126691189 0.31386751544998476
1403715929.2840581 -2.8460944111243007 -1.5522901754432581 0.25404338710777707 0.66332195488864298 -0.57823673592326341 0.35319246174502 0.31764972274190956
1403715929.334058 -2.8675618379955155 -1.5663110396400639  0.2781740180679747 0.67058907855330496 -0.56240492222488847 0.3534545900258983 0.33027389235583077
1403715929.3840582 -2.8914287360996593 -1.5708147186903032 0.30245873118608357 0.67678294281104612 -0.54325330339860567 0.35350785575247645 0.34910298278274476
1403715929.4340582  -2.915504782135927 -1.5828027999287566 0.32264794101679906 0.68132299420057996 -0.5220517181346005 0.35452377608489088 0.37090952179308956
1403715929.4840581  -2.936509171319575 -1.5967501904484125 0.34057905999096177 0.68425104088105826 -0.50108345628602768 0.35566693879859346 0.39270461104407012
1403715929.5340581 -2.9470693188436634 -1.6137001107154174 0.36286659063638432 0.68670277016950487 -0.48139876822556671 0.35433939192512592 0.41368844161103591
1403715929.5840583 -2.9533062389134339 -1.6297544052960589 0.38206890279260708 0.68683582909674046 -0.46488834388913014 0.35394493450287462 0.43227115902494678
1403715929.634058 -2.9539476513416894 -1.6438394177752178 0.39989436229401065 0.6870692919690321 -0.45357906882375931 0.35179193222691701 0.44547082146667782
1403715929.6840582 -2.9460056151227181 -1.6568844532753029 0.41659347998066149 0.68394064733534621 -0.45442458177379086 0.3545624099779171 0.44722364408970416
1403715929.7340581 -2.9303213565426565 -1.6702955453907027 0.43185964757887357 0.67880713210217414 -0.46487050400697805 0.3618412444395549 0.43839161229881435
1403715929.7840581 -2.9076955354817771 -1.6819688480830852 0.44654081071169349 0.67069662198804303 -0.47863247456096858 0.37338612647237168 0.4262156685381594
1403715929.834058  -2.878213638695553 -1.6914476707816886 0.46450471516292274 0.66106348586770092 -0.49039430132546441 0.38681021434891777 0.41579604971103085
1403715929.8840582 -2.8463249751450701  -1.700096617730444 0.47617084976144386 0.6480243108519308 -0.50247617111952358 0.40477346689652605 0.40464877424565432
1403715929.9340582 -2.8120651783432198 -1.7116810411023824 0.48548833569443028 0.63459709798952524 -0.51422593061667898 0.42296469215631638 0.39237620301669163
1403715929.9840581 -2.7757547120409791 -1.7221443027575885 0.49070162492454528 0.62143312264223205 -0.52372319644994891 0.43955815125656367 0.38252257351336133
1403715930.0340581 -2.7395594667412992 -1.7294974620905177 0.49868588576763634 0.61038470086182028 -0.53159628131769632 0.45313561652138556 0.37350237440049422
1403715930.0840583 -2.7040830629655659 -1.7379081094068911  0.5004776242265967 0.59905618498766766 -0.539885564353763 0.4660349300631163 0.36395976232477473
1403715930.134058 -2.6714490941165927 -1.7442101958780223 0.50051349568049375 0.58961567315499253 -0.54612906117252991 0.47653147265715712 0.35639046294758975
1403715930.1840582 -2.6401481204161383 -1.7513104625981326 0.50128069534237307 0.58066502883888527 -0.55231470235396973 0.48569552141382089 0.34910808401659688
1403715930.2340581 -2.6120210405865305 -1.7578685481088792 0.50211257123065711 0.57381019071052675 -0.55787509151240466 0.49210037419267644 0.34257038550669111
1403715930.2840581   -2.58840382029801 -1.7627720187022915 0.50297588163142093 0.56824179171890565 -0.56214569681158411 0.49664753628138852 0.33828199243520679
1403715930.334058  -2.570566754383079 -1.7657258925397419 0.50351142201234778 0.5669954185086975 -0.56470041612629773 0.49588372024807198 0.33723726278373378
1403715930.3840582 -2.5565173980261862 -1.7694733276806189 0.50492346424337586 0.57003340670802038 -0.56671061524398625 0.49042192209310453 0.33673035523566336
1403715930.4340582 -2.5465837892825367 -1.7718350260132316 0.50458371996489015 0.57634864160291099 -0.56806610743297936 0.48086547625910231 0.33747819877812685
1403715930.4840581   -2.54258510508234 -1.7663790485767821 0.50297649187418469 0.58282528776458253 -0.57036941677174446 0.46972335053657155 0.33816177535949959
1403715930.5340581 -2.5390682843666434  -1.767383548582715 0.49691932356365659 0.58883248177130332 -0.57197546781520714 0.4602228790960482 0.33810541874564354
1403715930.5840583  -2.538958556412005 -1.7735345792593986 0.48862535269653073 0.59522632674809095 -0.57442879174829165 0.45031480211505615 0.33608594459252611
1403715930.634058 -2.5389962158283779 -1.7787364210156236 0.47997667006186712 0.60045099154638815 -0.5768809636935659 0.44183092127469376 0.33384487038817529
1403715930.6840582 -2.5437072116910384 -1.7835152331912507 0.47345706705281715 0.60346859465015512 -0.58045446538903622 0.43559031149088512 0.33039271998058395
1403715930.7340581 -2.5502239604029886 -1.7892295863015486 0.47054250456973096 0.60442388717594131 -0.58308209881868167 0.43229124512958711 0.32834632635776112
1403715930.7840581 -2.5611435321899654 -1.7923123996903989 0.46974802657024406 0.60449178772259848 -0.58586397109922494 0.4289353547457338 0.32766987562626965
1403715930.834058 -2.5721631783044456 -1.8042736803949844 0.47478503799844346 0.60759207522486147 -0.58521328394716599 0.42358558069359414 0.33004929668792038
1403715930.8840582  -2.583206885159774 -1.8198037843913328 0.48482743116451998 0.61317884950831758 -0.58199512450984514 0.41568912984779949 0.33540411578990093
1403715930.9340582 -2.5940943589671228 -1.8390136038758373 0.49754389156446377 0.6184552653188744 -0.57758401450715102 0.40848796785434932 0.34212186586564136
1403715930.9840581 -2.6082915036072638 -1.8584229259494653 0.51202587500059726 0.62335612861756795 -0.57483290334133152 0.4012286372279314 0.34642437965494116
1403715931.0340581 -2.6190766861901653 -1.8792221063394832 0.52319327801387572 0.62807675547169961 -0.57449528473443023 0.39344274371153054 0.34738676496779741
1403715931.0840583 -2.6324164307573654  -1.903672429421321  0.5340010642768287 0.63194186458669843 -0.5755847180775594 0.38650011386570804 0.34636595398517189
1403715931.134058   -2.65209467962503 -1.9158459593614015 0.53600670456643595 0.63368209033810396 -0.57877734055095831 0.38024846471659968 0.34478240026161444
1403715931.1840582  -2.663819840459817 -1.9458259744649409 0.54363245068217059 0.63586769285582079 -0.57986775990101558 0.37651135870268698 0.34302311143339942
1403715931.2340581 -2.6726557101368558 -1.9819667083292118 0.55121984243980948 0.63666173629488865 -0.5801701280918824 0.37525171847917416 0.34241875501533658
1403715931.2840581 -2.6822473369709785 -2.0228408127355713 0.56283549865796789 0.63686370555404248 -0.58031411034587299 0.37498527770375467 0.34209091684359272
1403715931.334058 -2.6893095496333039 -2.0653438547243761 0.57983406487093736 0.63483916253432393 -0.58064236327293872 0.37811782337483968 0.34184879015700553
1403715931.3840582 -2.6955564839406674 -2.1159351199266228 0.59962410744302042 0.63306456677873446 -0.58000201866869516 0.38157640058330811 0.34238335699531147
1403715931.4340582 -2.7032007565605798 -2.1660436177319635 0.62264524568773771 0.63165482578333565 -0.57808568369360391 0.38471047809111691 0.34471288258495209
1403715931.4840581 -2.7104586596202078 -2.2190718892809769 0.64423711090481128 0.63026680855409245 -0.57693956656927015 0.38787034785414337 0.3456314219185051
1403715931.5340581 -2.7145128890925223 -2.2793489144114929 0.66239289686373914 0.63014860003493478 -0.57432197697915199 0.39054387569380433 0.34719229512020111
1403715931.5840583 -2.7179905038145931 -2.3400053169386039 0.67651322935551017 0.63013151159862746 -0.57105255132492927 0.39263076725829166 0.35024897190125076
1403715931.634058 -2.7221834768080542 -2.3999342349927004 0.68942809161580132 0.63075032309017898 -0.56816758220015007 0.39378145419654526 0.35252772201534022
1403715931.6840582 -2.7282231972310242 -2.4629087182347718 0.69549605447066265 0.63159244632060829 -0.56405194794599345 0.39517953840412867 0.35604706738825925
1403715931.7340581 -2.7340566006933065 -2.5240703670119933 0.69979730908080695 0.63245966331891568 -0.56094443975387664 0.39565637180784907 0.35887622550342141
1403715931.7840581  -2.736103313430934  -2.590289810450757 0.70180930825247045 0.6334409772333448 -0.5575228298469157 0.39709227363102229 0.36088578357105977
1403715931.834058 -2.7360406092048204 -2.6597365685312089 0.70298088776691781 0.63280634454941842 -0.55438210541753308 0.40133458265931649 0.36214246402831363
1403715931.8840582 -2.7380294910057095 -2.7264632467261878 0.70560986833742689 0.63030747867457959 -0.54986299953099826 0.40746827902524341 0.3665143457790897
1403715931.9340582 -2.7371539269882916 -2.7939970674513726 0.70920967049347139 0.62749998930282835 -0.54519545106313561 0.41405878512221 0.37089217574402111
1403715931.9840581 -2.7356156467277311 -2.8642633838171041 0.71422029701118384 0.62420641597934567 -0.53982891467828609 0.42123773502633949 0.37617796814455151
1403715932.0340581 -2.7350927316241345 -2.9333083470227819 0.71905422994353296 0.61966024462906322 -0.5356231392545584 0.42962916271353335 0.38019444560304932
1403715932.0840583 -2.7325546784578956 -3.0007285126302503 0.72550032876935111 0.61448762326429107 -0.5293958275852928 0.43865967669542388 0.38694018482415565
1403715932.134058 -2.7292218850048293 -3.0673550816507076 0.73326671402283494 0.60807206395300961 -0.52166030539982533 0.44884286746908125 0.39580168156820783
1403715932.1840582 -2.7254367949941454 -3.1324499277076758 0.74040460395570584 0.60111421707695345 -0.51345749864306367 0.45894684913429951 0.40545145798833698
1403715932.2340581 -2.7209329924243879 -3.1944890377884674 0.75115320289535281 0.59302531415805759 -0.50361098795308645 0.46968588727559818 0.4172434743345757
1403715932.2840581 -2.7156682453932608 -3.2517957265667587 0.76260542040921431 0.58352778399346206 -0.49471761216693133 0.48174155552672571 0.42740482355516268
1403715932.334058 -2.7093934138397833 -3.3036617764678993 0.77576585785759544 0.57444688628030749 -0.48665408230340679 0.49259297253468726 0.43649827311196704
1403715932.3840582 -2.7031956616371264 -3.3506381324004422 0.78694742653816596 0.56646461134311654 -0.47918556712835858 0.50182801207757877 0.44459833855518499
1403715932.4340582 -2.6995354970289047 -3.3906020500092415 0.79910391469794906 0.55977572311056945 -0.47372906205598869 0.50915434121472414 0.45054830196305551
1403715932.4840581 -2.6936529192196579 -3.4239429728463322 0.81073345932281637 0.55391356646105694 -0.46921901053088222 0.51608701379139876 0.4546069458803822
1403715932.5340581 -2.6882348004310419 -3.4489741894182364 0.82335931613127988 0.54776679055001642 -0.46452022822048572 0.5229285567255807 0.45904054865057781
1403715932.5840583 -2.6828717304442184 -3.4659280281558402 0.83573313358761059 0.5409433939468743 -0.4592520078165257 0.53020368711228238 0.46406022026701177
1403715932.634058 -2.6769548752548107 -3.4721594458927583 0.83571272233189109 0.53411485855753393 -0.45464120829931864 0.53791912173838186 0.46761705278187748
1403715932.6840582 -2.6770206288301375 -3.4720469852224589 0.85610174826086727 0.5285243819408596 -0.45069186214042828 0.54373755859443618 0.47105019952037774
1403715932.7340581 -2.6753902127743765    -3.4612910943244 0.87335330880635087 0.52365583113991132 -0.44673292976146783 0.54838760305611134 0.47485292122327422
1403715932.7840581  -2.672056275398595 -3.4329330507711995 0.88744785911679736 0.5209152750212328 -0.44494246230192624 0.55010869009621166 0.47754990374921297
1403715932.834058 -2.6690316577991542 -3.3954486361544238  0.8991721308481867 0.52204995982288893 -0.44660502695627008 0.54789630871146722 0.47730223574445813
1403715932.8840582 -2.6694072236044009 -3.3515367271185008  0.9113417520908319 0.52931599793505224 -0.45372109378056119 0.53869180993707155 0.47304637964507568
1403715932.9340582 -2.6704771887003633 -3.2980640009551667 0.92142249843258195 0.54122211435005829 -0.46633444118859302 0.52455032026891968 0.46309585768558637
1403715932.9840581 -2.6705111008981266 -3.2267731582465609 0.93497601047875833 0.55555704796836392 -0.48220134767253986 0.50651443725749812 0.44975699172462408
1403715933.0340581  -2.672019617016494 -3.1578989310452368 0.94581995573861832 0.569710984701014 -0.49737287735714775 0.48815238105631648 0.43561091314327932
1403715933.0840583 -2.6734167326838785 -3.0821671985817809 0.95865291857510915 0.5825895734467077 -0.51128688322060956 0.47015723356237049 0.42205128561196975
1403715933.134058 -2.6744624595795292 -3.0034518313008598 0.97052263786823267 0.59472528470929886 -0.52453848152784788 0.45239727681777453 0.40804156779887635
1403715933.1840582 -2.6755223961379677 -2.9248929922976838 0.98268053138469824 0.60680206101183476 -0.53773264635659046 0.43396754799711423 0.39281933134648578
1403715933.2340581 -2.6754204130118384 -2.8380646659707103 0.99650667314618591 0.6174563867848154 -0.54892537340539638 0.41701726675766548 0.37884712494138401
1403715933.2840581  -2.676220346673893 -2.7607991184395577  1.0124682884161822 0.62729347228070342 -0.56044945649404287 0.39983939003089658 0.3640436354741981
1403715933.334058 -2.6745328595083717 -2.6861655799287796  1.0248829305516067 0.63577389972143039 -0.57199685793433452 0.38445211286848696 0.34757404370466105
1403715933.3840582 -2.6647435402985549 -2.6193084356014178  1.0423558611426174 0.6430180746844103 -0.58395753744960999 0.37049717553109257 0.3290185298861214
1403715933.4340582  -2.663136699268458 -2.5526537417173794  1.0548392329843805 0.64862594619199743 -0.59701654692329886 0.35646403614322947 0.30949800574930181
1403715933.4840581 -2.6614039166073469 -2.4922069268354363  1.0668738991262403 0.65327272893457655 -0.60962099224512822 0.34278797027953301 0.28998861163168915
1403715933.5340581 -2.6595015855633286 -2.4413795077256752  1.0797588055226173 0.65709455320115884 -0.62039664084138813 0.32986856101791756 0.27298624258020682
1403715933.5840583 -2.6584436367073523 -2.3988984126900066  1.0923030578896014 0.66106600630876788 -0.62827746836325071 0.317505158670502 0.25971067029997025
1403715933.634058 -2.6544671691364266 -2.3707293784578698  1.1150057666039603 0.66436803372001541 -0.63476207970493825 0.30617667545923555 0.24889367477778987
1403715933.6840582 -2.6538466944537893 -2.3533191215427025  1.1328429863713225 0.6682925558439119 -0.63743576979313854 0.29591879041912106 0.24391139511864771
1403715933.7340581 -2.6531314905058947 -2.3489394269711514   1.152779582233584 0.67234435507322676 -0.63797724920161347 0.286886244135857 0.2421453708579431
1403715933.7840581 -2.6522036545659518 -2.3568537311552626  1.1706247826209624 0.67460611837836126 -0.63753558032068647 0.28161006942026801 0.24320924668432686
1403715933.834058 -2.6510525263647917 -2.3795977438089095  1.1953191522380167 0.67547217236253887 -0.63552300378294191 0.28005874940374093 0.24782040454521145
1403715933.8840582 -2.6479885399324106 -2.4132337875086898  1.2221362045008843 0.6735935946445436 -0.63097380746866361 0.28546800953524737 0.25816998097053034
1403715933.9340582 -2.6466253582053998 -2.4516906953263176  1.2531891016884489 0.66644080763272773 -0.62498962080646503 0.30000529271835785 0.27430174652561207
1403715933.9840581 -2.6408715891009242 -2.4822201736563669  1.2866871126852244 0.65584278952376251 -0.61349651317732967 0.32268548860749935 0.29894203316209622
1403715934.0340581  -2.633941909477965 -2.5408186953332916  1.3243284020121064 0.64133382322448229 -0.60084051796315796 0.34943041659908075 0.32493073587677984
1403715934.0840583 -2.6303864372557846 -2.6007255027662235  1.3621695598509902 0.62548689498962462 -0.58483139820027974 0.37655166622154146 0.35347874411501057
1403715934.134058 -2.6226143376949866 -2.6685264673842592  1.3996891476168636 0.60702223078294704 -0.56816845594288234 0.40522215714406967 0.38013631813637944
1403715934.1840582 -2.6166649320079691 -2.7399626673044204  1.4295284281093219 0.58719242160242946 -0.54984036485558796 0.43265072086046591 0.40705526274336257
1403715934.2340581 -2.6096122302518516 -2.8094505541219386  1.4552289635812932 0.56981428744191487 -0.5339549697115813 0.45445426911933134 0.42857331394591247
1403715934.2840581 -2.6021159943083894 -2.8750989831103939  1.4770651273589783 0.55496112045477231 -0.51849943874348103 0.47217367696872103 0.44746899957887232
1403715934.334058 -2.5947992721525686 -2.9362387127467566  1.4928602788514287 0.54162968788088517 -0.50635217309697189 0.48728339290211276 0.46130212768622064
1403715934.3840582 -2.5876823755881491 -2.9913200586654671  1.5055627866640093 0.52924386170728532 -0.49468119205475986 0.50112427311673835 0.47335601397432575
1403715934.4340582 -2.5805238399067281 -3.0391428563044496   1.514896265505576 0.51843635886792283 -0.48340951147726974 0.51257665632622973 0.48456594742769532
1403715934.4840581 -2.5743799822411186 -3.0826443526640324  1.5188538229810342 0.50827749607123773 -0.47317269832893621 0.52361954852936821 0.49354245302868038
1403715934.5340581 -2.5680719928846916 -3.1132214283468387  1.5187013867988031 0.49939619504056004 -0.46390707432590284 0.5334746011146102 0.5007978801223103
1403715934.5840583  -2.561989262133642 -3.1325071128929509  1.5214416413367411 0.49110820380044179 -0.45520174725057327 0.54253471988905022 0.50720822072876415
1403715934.634058 -2.5564130706381332 -3.1376686347050793  1.5256358945806405 0.48437133323333287 -0.44820641572880443 0.55015028793763199 0.51169334676487854
1403715934.6840582 -2.5514838208163573 -3.1314355983338755   1.528263168591149 0.47976000272660585 -0.4431180607442568 0.55652362682670975 0.51357392535998325
1403715934.7340581 -2.5473135390919639 -3.1118077683711576    1.53161643128752 0.47666715524201503 -0.44043318229237305 0.56201631256288587 0.51278133688982364
1403715934.7840581  -2.544574874395781 -3.0785576763810867  1.5360426540231245 0.47516124552547873 -0.43975391798151153 0.56645642526674223 0.50986802277119669
1403715934.834058 -2.5430736948193435 -3.0303396861655512  1.5411944511939999 0.48034856845189433 -0.44457767323810815 0.56446185505756785 0.50298982040333085
1403715934.8840582 -2.5430455165523251  -2.969583401227863  1.5463303437948417 0.49406037291456301 -0.45600869913725339 0.55309994204815882 0.49197649164670104
1403715934.9340582 -2.5461968043746182  -2.899775334339147  1.5523732657743345 0.51173007196474052 -0.47176198240916373 0.53711062813930965 0.47653450928566932
1403715934.9840581 -2.5494463233446125 -2.8202751987806991  1.5670572551117694 0.52962557866301996 -0.48921731055774142 0.51979101008663575 0.45823626581669263
1403715935.0340581 -2.5549079297359065 -2.7347250966647585  1.5711167553574221 0.54745781242714164 -0.50672157933177875 0.50023455619943202 0.43964596374350307
1403715935.0840583 -2.5642472984432749 -2.6533850265498438  1.5693692470682528 0.56495472881723552 -0.52430352863163165 0.4793170402495035 0.41974651776747279
1403715935.134058 -2.5766433069538857 -2.5646920254393328  1.5726405623837394 0.58059731655170232 -0.53970406467752818 0.45811624534514189 0.40218874217758338
1403715935.1840582 -2.5837902629987997 -2.4659298300947889  1.5692728346302585 0.59450793452689388 -0.55403656756373632 0.43792528475698322 0.3844804839745124
1403715935.2340581  -2.591669457398603 -2.3688173812013686  1.5619195138363724 0.60639447241820366 -0.56536076555604597 0.41958453879353347 0.3695967578266186
1403715935.2840581 -2.5994166924530231 -2.2706353964796993  1.5522952715424743 0.61629517419141377 -0.57505012135101274 0.4032583173458153 0.35620267502361924
1403715935.334058 -2.6073144700851443 -2.1764367316851971  1.5377515389034588 0.62548095886821853 -0.58256715547767635 0.38801088509031928 0.34472689553234742
1403715935.3840582 -2.6151768506286897 -2.0836026515137851  1.5229113041448146 0.6327611678227737 -0.58869127693360601 0.37521331985619782 0.33506842519152796
1403715935.4340582 -2.6223125338782318 -1.9959839657505953  1.5019341900607337 0.63961819318638202 -0.59360254635716259 0.36324145808953318 0.32646627242070603
1403715935.4840581 -2.6309269762547842 -1.9139978949983276  1.4868904940780507 0.64492642507186881 -0.59752996509198575 0.35382083018196331 0.31912171218915192
1403715935.5340581 -2.6331156238094771 -1.8429851735664524  1.4656514690382858 0.64975547298186331 -0.6002629653723548 0.34549651084052246 0.31326403995595625
1403715935.5840583 -2.6378406128394816 -1.7719488147137803  1.4437188976296864 0.65335358064594451 -0.60228754672499485 0.33883381464548595 0.30914471654857534
1403715935.634058 -2.6422633340955848 -1.7094227912365274  1.4209967007637327 0.65637098732210852 -0.60509512268228038 0.33272162814319312 0.3038640118106441
1403715935.6840582  -2.645588805018269 -1.6533293413880832  1.3985955733839173 0.65941478624782313 -0.60774656229244983 0.32649306588393945 0.29869471643996764
1403715935.7340581 -2.6482645624268719 -1.6068246604354444   1.377500879925587 0.66285365002064855 -0.61023605778336754 0.31944579935346029 0.29358367412161546
1403715935.7840581 -2.6497587157495808 -1.5694476954346928  1.3569836956421284 0.6654843422664648 -0.61322075660266462 0.31319866780482553 0.2880928467614372
1403715935.834058 -2.6489562109731923 -1.5424721161072019  1.3382988219997696 0.66823907018405115 -0.6150342315000451 0.30711760393469095 0.28437337518853312
1403715935.8840582 -2.6459643660538443  -1.528204777873466  1.3210375643635328 0.67020181238222043 -0.61643551809779995 0.30260464994857506 0.28154432783592764
1403715935.9340582 -2.6444942339167401 -1.5218983065408414  1.3067226859399423 0.67000818378061933 -0.61687586477037426 0.30165432469301195 0.28206004595617928
1403715935.9840581 -2.6343182370593423 -1.5305774153817986  1.2923833553500819 0.66744023228707428 -0.61398661321804215 0.30734731868824577 0.28823879129770275
1403715936.0340581 -2.6311061439029371 -1.5477325031243447  1.2837055488696485 0.6607627362387305 -0.60826030031170408 0.32037037722667078 0.30128862384541211
1403715936.0840583 -2.6264888687462529 -1.5864103835829293  1.2817184587343164 0.65077264997187534 -0.60011301306442699 0.33836810065356809 0.31916509530243903
1403715936.134058 -2.6204609944687594 -1.6534185930222829  1.2860022719518844 0.63969409787903753 -0.58879904219461143 0.3580494190439153 0.34045229118298997
1403715936.1840582 -2.6087544153628857 -1.7120025294273236  1.2893843638850679 0.62691227357953139 -0.57729864415728471 0.37816163302711858 0.36152601012343
1403715936.2340581 -2.594713415799466 -1.787453786682996 1.2950920732112225 0.61395896528763416 -0.56430163252778254 0.39824965659730155 0.38211944139175735
1403715936.2840581 -2.5858244233654153 -1.8399626215597926  1.2938463899289987 0.59917274152810263 -0.551863286309068 0.41788495491834671 0.40225750892524625
1403715936.334058 -2.5749953769692331 -1.8937476876696091   1.293178713921884 0.58559556146588654 -0.54227357917134678 0.43433033143397998 0.4175815691821172
1403715936.3840582 -2.5625825612536777 -1.9378392789243977  1.2882723468342563 0.57267043732059375 -0.53479875670780219 0.44993279965400512 0.42848493070157984
1403715936.4340582 -2.5508339195053384 -1.9765058915108422  1.2806010448649245 0.56341614180811017 -0.52906470423417706 0.46022602190082856 0.43685787007790566
1403715936.4840581 -2.5391117791915514 -2.0142083697343396  1.2751123195182317 0.55679911366150514 -0.52549144733611419 0.46759194671707621 0.44180454634113187
1403715936.5340581  -2.528200763130422 -2.0438659039107407  1.2670921555517187 0.55003343832704821 -0.52334248085842439 0.47468867484100202 0.44524883652713598
1403715936.5840583 -2.5179826855332195 -2.0683258977382635  1.2589350176799707 0.54384734192893114 -0.52229962475624259 0.48115045899621589 0.44713242609327197
1403715936.634058  -2.508359668314899 -2.0877696212028964  1.2514748323785616 0.5382438614397006 -0.52168039544449829 0.48739315215004336 0.4478738950514945
1403715936.6840582 -2.4993181901866532 -2.1011309589668121  1.2445441811677325 0.53338389725269186 -0.52192953771851269 0.4925860705341733 0.44771658325794905
1403715936.7340581 -2.4911697939447972  -2.108663821755036  1.2375868629636695 0.53329867871095671 -0.52326168627058178 0.4918604530464521 0.44706042286849096
1403715936.7840581 -2.4839362220860046 -2.1103518309581792  1.2298379744099792 0.53719711157008176 -0.5268577816205654 0.48671713473315059 0.44378662893756721
1403715936.834058 -2.4775471283849151 -2.1072548413590355   1.222374074503993 0.54348965075539202 -0.53072556155534489 0.47826263108610112 0.44069743990650295
1403715936.8840582 -2.4716299950265856 -2.0993494071299414  1.2156777603615287 0.54881753815615975 -0.53431941248809411 0.47088192711387861 0.43768971425898273
1403715936.9340582 -2.4647307703064643 -2.0883712854797229  1.2090129546420905 0.55352583535741195 -0.53839306215272387 0.46457757245879089 0.43348556998588694
1403715936.9840581 -2.4595201489643626 -2.0741358892264063   1.202072277268021 0.55787955550042523 -0.54107411419708518 0.46041115181667847 0.42898808349804651
1403715937.0340581 -2.4544018460617285 -2.0575080918494026  1.1949552005415685 0.56337934773372389 -0.54255055395351004 0.45677383571926744 0.42379272050634703
1403715937.0840583 -2.4489047930705778 -2.0369891295454892  1.1836415494572539 0.57048330795827495 -0.54379299225331079 0.45289499115031984 0.41680223596824223
1403715937.134058 -2.4452371743238115 -2.0161881474708458  1.1731241456363573 0.5791205978581927 -0.54522691657807121 0.44907697987233725 0.40703416161776734
1403715937.1840582 -2.4402861828885207 -1.9938350699619551   1.164770837586286 0.58751327156393351 -0.54407871312398792 0.44732005155343935 0.39838584455251097
1403715937.2340581 -2.4302942115720247 -1.9425889514135832  1.1600108287773163 0.59523145774298691 -0.54232353188060922 0.44534685324634959 0.39147270503226023
1403715937.2840581 -2.4246732010551431  -1.916542238894704  1.1486324650296142 0.60382163462320981 -0.53834613388308394 0.4463886552953884 0.38251802848711125
1403715937.334058 -2.4181200699145688 -1.8903825490634625  1.1346669785430055 0.61288547041529073 -0.53127399352081195 0.44795619440915418 0.37610449592200301
1403715937.3840582 -2.4130885500836978 -1.8609447543109026  1.1176305963733784 0.62111312480441394 -0.5229855608002385 0.45173971369681298 0.36964282822648953
1403715937.4340582 -2.4076444698937514 -1.8375572415002619  1.0976957211245264 0.62932206018277548 -0.51438101411017167 0.45588722523744452 0.36267444734307103
1403715937.4840581 -2.4030174520187222 -1.8098266618199892  1.0746496526639273 0.63793345416851388 -0.50814569904276718 0.4569898551779969 0.35494947367387319
1403715937.5340581 -2.3995909980769645  -1.781984943681203  1.0478638947390608 0.64773454463831104 -0.50588536371752824 0.45469548452601299 0.34317921675159513
1403715937.5840583  -2.393055064741668 -1.7580085471372591  1.0181566022629902 0.66014629455428087 -0.50357367193282954 0.4484158724616889 0.33097376338127166
1403715937.634058 -2.3878441810898834 -1.7338151572895033 0.98898470947070971 0.67206941924966179 -0.50113421964222393 0.44204528705968898 0.31903472193684301
1403715937.6840582 -2.3866201706370136 -1.7104192306407189 0.96173098165858606 0.68269929671863039 -0.49790003088024448 0.43748368091397088 0.3076121883854766
1403715937.7340581 -2.3813242098039207 -1.6894111020169995 0.93291497352000718 0.6918690598751458 -0.49389289750397669 0.43382072370739239 0.2986412387206473
1403715937.7840581 -2.3732826207925091 -1.6693483214515488 0.90556234945948755 0.69929007483230687 -0.4895424580710574 0.43259002649278117 0.29018518564142537
1403715937.834058 -2.3658115214403104 -1.6547259429011967 0.87759002163155941 0.70695103050140118 -0.48355510197920853 0.43144001003302468 0.28329176049717303
1403715937.8840582 -2.3583356017563384 -1.6444217355070894 0.85222725938983734 0.7131185222717521 -0.47798110209184985 0.43241101961191408 0.27571135151494619
1403715937.9340582 -2.3496776449991983 -1.6365615812645689 0.82656358120227758 0.71978272216025851 -0.47079759678337735 0.43294474461879912 0.26985422703661238
1403715937.9840581 -2.3364179802637652 -1.6286969592723106  0.8016385344466459 0.7265091834540256 -0.46315234499799307 0.4333210779963208 0.26439961241259702
1403715938.0340581 -2.3245513960954294 -1.6283740304304535 0.77883596120695409 0.73276964745388928 -0.45543278288464012 0.43508722652615234 0.25754364554000519
1403715938.0840583 -2.3099926111631031  -1.633013840414657 0.75658442485051169 0.73943549324876168 -0.44761832846540245 0.43587506306538504 0.25077063772209479
1403715938.134058 -2.2940839007319451  -1.642498539061471  0.7392079771187301 0.74631331945326529 -0.43831137513124568 0.43728055957787482 0.24430570982370742
1403715938.1840582 -2.2744425385891298 -1.6559651588287363  0.7238254022264492 0.75333784854583685 -0.42894971397752257 0.4383960008785715 0.23726182845246505
1403715938.2340581 -2.2503915221263897 -1.6697579280760797 0.71143844144652801 0.75877803829759083 -0.41718186853918615 0.44319977646279379 0.23192484839435085
1403715938.2840581 -2.2251573248513812 -1.6918682625689454 0.70562666979475952 0.7627955663134115 -0.40219832183685644 0.45028503977070999 0.23156600977455311
1403715938.334058 -2.1981898189677689 -1.7151681275661776  0.7046503450970194 0.76454186582206007 -0.38414147072540616 0.46117830449555297 0.23500135603194328
1403715938.3840582 -2.1679103475882417 -1.7315939473481514 0.70031641465017269 0.76564387421648483 -0.36605745238360871 0.47186980763177228 0.23901942196137133
1403715938.4340582 -2.1357191677696266 -1.7584199692537703 0.70404539740678962 0.76587548581417431 -0.35065409035069761 0.48347671841967793 0.23817370109935926
1403715938.4840581 -2.1015973456980825  -1.783996546459923 0.70884373177047599 0.76506583280682416 -0.33579354709773546 0.49594472035372161 0.23654978239768135
1403715938.5340581  -2.066003221353709 -1.8091308962855659 0.71014748943564632 0.76460817327966413 -0.32443383034381784 0.50605408291853859 0.23243557439396154
1403715938.5840583  -2.030474877226724 -1.8362985465911448 0.71564206111532513 0.76470975860766555 -0.31399834301482327 0.51486064760477002 0.22702982011653949
1403715938.634058 -1.9946985827557959 -1.8643780336906177 0.71950294273338433 0.76570559604605692 -0.3062405775442143 0.52022722051936399 0.22198037724050271
1403715938.6840582 -1.9584359797016697 -1.8925873190690305  0.7226027835099007 0.76799463902770704 -0.30094918559294831 0.52243312764318672 0.21604964535171328
1403715938.7340581 -1.9203797009559198 -1.9245582953557072 0.72545387705317632 0.77368647762659082 -0.29625482754045201 0.51988479458842396 0.20823571224093212
1403715938.7840581 -1.8836988490924578 -1.9524386511193295 0.72671230736125136 0.7803820017227916 -0.29484716516292536 0.51302347905105483 0.20217811584063053
1403715938.834058 -1.8451463425674135 -1.9808063138120848 0.72585224785410729 0.78777335676136739 -0.29519479875377769 0.50404826889065812 0.19546997670735744
1403715938.8840582 -1.8050001665627287 -2.0101302364211278 0.72570597296002681 0.79481186057304909 -0.29606239444122057 0.49487297110937106 0.1890024003961929
1403715938.9340582 -1.7566631764172516 -2.0443063745187353 0.72114289596494097 0.80157576001932018 -0.29518121396898639 0.48661752328620839 0.18316041575635586
1403715938.9840581 -1.7129946482848455 -2.0765897172508199 0.71993672436117839 0.80687261085558593 -0.29608227110434859 0.479294063037778 0.1776768969942909
1403715939.0340581 -1.6668048730613811 -2.1108386172695695 0.71780663009718937 0.81122685931133709 -0.29665470111530651 0.47321326188442625 0.17313630415009409
1403715939.0840583 -1.6179872053286497 -2.1474811561706466 0.71588246240291797 0.81467495423060476 -0.29614609000644504 0.46852519622175137 0.17054721583369836
1403715939.134058 -1.5628099860150333 -2.1906024103397006 0.71566269457568499 0.81508722329327332 -0.29405048993333316 0.46937781277757201 0.16985757759420356
1403715939.1840582 -1.5031052402147882 -2.2385516942410097  0.7129339814119936 0.81016277961893579 -0.29001790889775059 0.47923878189295877 0.17278909968064843
1403715939.2340581 -1.4417461779888996  -2.282867399583532 0.71410249466284481 0.80031532094261348 -0.28484647382958173 0.49631187772212865 0.17897595772424313
1403715939.2840581 -1.3808296242250693 -2.3291369316078478 0.71702136451887788 0.78897639200445535 -0.27879879187663464 0.51518595711253956 0.18539394839583523
1403715939.334058 -1.3187012343517779 -2.3765381868907389  0.7204201211953738 0.776747958739331 -0.27316157253787443 0.53415224709461506 0.19164222083531468
1403715939.3840582 -1.2531351407563858 -2.4244096016486973 0.71825798783905015 0.76308790038449947 -0.26863233511880691 0.55324069349230387 0.19864103271869074
1403715939.4340582  -1.189817544550726 -2.4706930935474696 0.71907949546776151 0.75072690046372981 -0.26370848162343041 0.57001584572286212 0.2048142896988302
1403715939.4840581 -1.1298021567903116 -2.5145461909343654  0.7202033357504426 0.73917584329246244 -0.2592418870908495 0.58501354931100413 0.21017103461941103
1403715939.5340581 -1.0721922583501184 -2.5555437717301053 0.72151155769413966 0.72834983949904031 -0.25486984513275279 0.59811312588527099 0.21635286452339628
1403715939.5840583 -1.0176876264074204 -2.5936895037059129 0.72299590446415141 0.71778420420986744 -0.25148251948860634 0.61025281406174181 0.22166163743010495
1403715939.634058 -0.96599637916815095  -2.6279634337532456  0.72644846125710283 0.70395761192866968 -0.24666388965118149 0.62563407782396663 0.22843512605374242
1403715939.6840582 -0.92030028426969979  -2.6572882326300293  0.73218758213441903 0.68954549184334291 -0.24220935235165109 0.64096173220222641 0.2345841046708782
1403715939.7340581 -0.88165097746803933  -2.6808672084622978  0.73943025006651186 0.67672977237990306 -0.23856434033866064 0.65374239086765584 0.24030138800278614
1403715939.7840581 -0.84862443765127593  -2.6987489244267926  0.74894870783921563 0.66630128289985147 -0.23641700083916439 0.66363521576071183 0.24441338449941766
1403715939.834058 -0.82494283597051443  -2.7110676971602237  0.76011244924152921 0.65800006720644244 -0.23500335590699206 0.67069083194405055 0.24896413841147158
1403715939.8840582 -0.80730865419959008  -2.7143350580279741  0.77359820988637285 0.65210905580953049 -0.23397047524260378 0.67556740139212268 0.2522306131742289
1403715939.9340582 -0.79798731428151659  -2.7099149906062596  0.78973856155222377 0.65063209700059066 -0.23441995592281367 0.67610911864965995 0.25416848407412829
1403715939.9840581 -0.79638255835507055  -2.6981127492166346  0.80826494797847437 0.65388957226062194 -0.23654904316053899 0.672169058586645 0.25428671641947398
1403715940.0340581 -0.80172178295517993  -2.6778710552741849  0.82779948356598665 0.66665815424320229 -0.24188502689724936 0.65849040300922435 0.25189070703126981
1403715940.0840583 -0.81349748579183478  -2.6525188232513384  0.84757324423939118 0.68421787366614872 -0.24929180073698656 0.63956060500979206 0.24629602506048187
1403715940.134058 -0.83060983479752537  -2.6213351318462261  0.86828260971246074 0.70340342786626719 -0.2572969689831624 0.61772499796600755 0.23966166632559052
1403715940.1840582 -0.85502252061450457  -2.5827610092386952  0.88912338598129359 0.72141601666779664 -0.26485712454295479 0.59622927886808519 0.23220741050718061
1403715940.2340581 -0.87932527660738635  -2.5432178928112101  0.90916497989039713 0.7385262506789334 -0.27204478859618086 0.57445592338807761 0.22487997274129992
1403715940.2840581 -0.90442490520584151  -2.5013587289337282  0.92936293106393431 0.75461601931155076 -0.27912864698733075 0.5530607892691094 0.21625361315465019
1403715940.334058 -0.92662102899849486  -2.4569886944163701  0.94721036213836529 0.77012901449632021 -0.28605888283850966 0.53119656953290839 0.20712754789399832
1403715940.3840582 -0.94807861150523498  -2.4148887447443315  0.96581592317498466 0.78384440604492667 -0.29264691326192394 0.51052920546828173 0.19825655508524576
1403715940.4340582 -0.96934785815390123  -2.3719988004305672  0.98266540532724267 0.79750168131644217 -0.29896684471738133 0.48872023866221587 0.18910955126362103
1403715940.4840581 -0.97941736822665515  -2.3384308919662309   1.0048136456007326 0.81001533130088355 -0.30438883532218564 0.46789472894934836 0.17971400226509626
1403715940.5340581 -0.9962680043279255 -2.3010244925425334  1.0229633217253591 0.82138143171883427 -0.3114988525070152 0.44701520913080806 0.16875547789648448
1403715940.5840583 -1.0072208040376385 -2.2664763201948528  1.0389603251670108 0.83220318982136554 -0.31945938239309474 0.42526138384751927 0.15664070116115844
1403715940.634058 -1.0148402009749469 -2.2379874217654763  1.0562861350885162 0.84205819465173459 -0.32723677601628764 0.40365928478298835 0.14461421455311277
1403715940.6840582 -1.0161954859687468 -2.2151724595369502   1.073302373623243 0.84998944003392785 -0.33560373688881823 0.38403924317451721 0.1319164255087843
1403715940.7340581 -1.0064449660792538 -2.2022909809512359  1.0937004932534913 0.85675275407278706 -0.33979983078670084 0.3675536170190733 0.12415769006477399
1403715940.7840581 -0.99227213158870664  -2.1955022382632126   1.1126557377358746 0.86216808373754616 -0.34058575232188359 0.35495228960410596 0.12114624552361104
1403715940.834058 -0.96802288111456114  -2.1987921247311162   1.1339555200696645 0.86507149085440294 -0.33969798344326746 0.34858995319143571 0.12141515675363969
1403715940.8840582 -0.93352910828970637   -2.212058353498072   1.1577626132495884 0.86451356216550834 -0.33688544540671805 0.35093788337623388 0.12636098890254849
1403715940.9340582 -0.88828364134136917  -2.2348529045976484   1.1831334441206005 0.85931056954309215 -0.33306031861303842 0.36404367581099412 0.13464164043462853
1403715940.9840581 -0.83247769392784465  -2.2701040867641478   1.2157952267647489 0.8478704467820869 -0.32816086568799674 0.38949181711145975 0.14738478926830317
1403715941.0340581 -0.7702466631391689 -2.3105971658556035  1.2480574121209209 0.83252499201685293 -0.32129997440054542 0.42121845326425478 0.16199839118712495
1403715941.0840583 -0.7051416858611288 -2.3534957417680795  1.2794171049014353 0.81248127597838471 -0.31228032094568603 0.45865815792992554 0.17885153479610663
1403715941.134058 -0.63349568851944527  -2.4015029244108157   1.3102545277745623 0.78797822839297549 -0.30323899767880552 0.49929798194373781 0.19451978586337218
1403715941.1840582 -0.56291367023594263  -2.4475373765330479   1.3437811537186548 0.76151734903032209 -0.29273939436967378 0.53846608621624481 0.21082990325109727
1403715941.2340581 -0.49517919723236914    -2.49301908332707   1.3702907307758698 0.73748686859137758 -0.28420653770757387 0.57066971022494073 0.22288078519993551
1403715941.2840581 -0.42721563971880905   -2.535981548760478   1.3979016016118537 0.71554048345017618 -0.27796282123752175 0.5980626016249343 0.23034671929762973
1403715941.334058 -0.36374380338573131  -2.5754147316682308   1.4243171583080059 0.69793501961908322 -0.27294471567738826 0.61875650607967425 0.23564438622036737
1403715941.3840582 -0.30447241037871459  -2.6108973540862395   1.4484368367514608 0.68255190970359303 -0.26884198336870491 0.63588392821466244 0.23978846589577521
1403715941.4340582 -0.25054180531140297  -2.6424806061996051   1.4677124646530288 0.66905168898737433 -0.26553382707109913 0.65055859958983409 0.24214692367203752
1403715941.4840581 -0.20079695655715352  -2.6700786812047435    1.481860319462128 0.66022342029020997 -0.26390929877886593 0.66005333966019664 0.24245928755517973
1403715941.5340581 -0.1575894091612994 -2.6931648540374953  1.4914578513168133 0.65262378101409968 -0.26243248924779711 0.66804599066213532 0.24274666506939205
1403715941.5840583 -0.11905576979581549  -2.7122443551151529   1.4945365554053778 0.64593840057102747 -0.26109899552476801 0.67506715321224975 0.24264219719086161
1403715941.634058 -0.08789122488875642  -2.7262099555761328   1.4923725936799106 0.63723480405893118 -0.25958109805392227 0.68396474427405973 0.2423668430689635
1403715941.6840582 -0.066431098668054023   -2.7330843968328717    1.4913856512165482 0.62757569041495831 -0.25809538829948031 0.6936188429069976 0.24171972220546442
1403715941.7340581 -0.053340265135021277   -2.7345082928794859    1.4866755417525181 0.61718279174917268 -0.2561377374554536 0.70386199575292574 0.24095051764751782
1403715941.7840581 -0.048374026576914912   -2.7266683297522381    1.4866883817641625 0.60696973218426098 -0.25348073983106656 0.71348688904882962 0.24139535600811565
1403715941.834058 -0.055496348240550955   -2.7131819435348996    1.4836693476636438 0.59908005626642946 -0.25105876351232514 0.72062458516007399 0.24243100195797043
1403715941.8840582 -0.0719023594360058 -2.6945505355191388  1.4748805363758781 0.59512585990280131 -0.24942638677722531 0.72434179326135928 0.24277696552417752
1403715941.9340582 -0.098765685803948816   -2.6688041967735412    1.4649634580162292 0.5980971097874489 -0.24857050794320468 0.72129641703626124 0.24540584470507096
1403715941.9840581 -0.13644927581219407  -2.6355503970865009   1.4518810647882434 0.60985626897682488 -0.25105235323193481 0.71066990774479022 0.24494148148565192
1403715942.0340581 -0.18398808528839458  -2.5953187429496887   1.4380456195650178 0.6293793237600166 -0.25550764448276841 0.69233734874205166 0.24344713177829419
1403715942.0840583  -0.235506851885145 -2.5503985164339866  1.4203996300498705 0.65255600023363747 -0.26189950076986207 0.66956894790980004 0.23928381067372198
1403715942.134058 -0.29395393537010311  -2.4990954385118074   1.3993610647412646 0.67731962713355021 -0.26947097067813386 0.64378868333418393 0.23272225908213182
1403715942.1840582 -0.35650336411865274  -2.4513441799987836   1.3806415972091972 0.70132965259517543 -0.27724645253719238 0.61696309873556709 0.22500590602221976
1403715942.2340581 -0.4252112235919242 -2.3960803601639915  1.3510350872511261 0.72351458852642236 -0.28500381311645356 0.5903526322988808 0.21629432779503502
1403715942.2840581 -0.48942181399148704   -2.345318102135765   1.3185600381734353 0.74678724094397642 -0.293209331810663 0.56050088212750637 0.20536763531948052
1403715942.334058 -0.56200235404906307  -2.2874068749619263    1.276007687822899 0.76595321334422795 -0.30071026366949982 0.53350599242796859 0.19560257752626856
1403715942.3840582 -0.63219269352693919  -2.2299399903351311   1.2277048222947871 0.78172006122630944 -0.30757635072757522 0.5096190192111939 0.18600803640612831
1403715942.4340582 -0.69877351500809393  -2.1753498251660055   1.1774357737656989 0.79331407766059037 -0.31322273728544314 0.49092631761313943 0.17758277424272889
1403715942.4840581 -0.76437600643300685  -2.1222819059302616    1.124962235384273 0.80368725750636716 -0.31911015863992426 0.47339314720928904 0.16779280958962769
1403715942.5340581 -0.82701444543513203  -2.0725704653073014   1.0720311464441468 0.81237065946599729 -0.32345469708074304 0.45801508230101007 0.16016602311347003
1403715942.5840583 -0.88555432905574816  -2.0264228566566787   1.0192867589045076 0.82132847725762481 -0.32626626200386832 0.44194999423102171 0.1537857643700952
1403715942.634058 -0.93974346786583585  -1.9857213548266504   0.9674756091234531 0.82970798874062679 -0.32726272488530145 0.42679858491366651 0.14942131787774982
1403715942.6840582 -0.99012924361333643  -1.9511978478867122  0.91730940312907916 0.83658629854684197 -0.32777162713812769 0.41391424607677518 0.1461647099050018
1403715942.7340581 -1.0348856560159978  -1.924032648429751 0.86879109802474808 0.84107250676477008 -0.32757232078195747 0.40551298149979614 0.14440441425764772
1403715942.7840581 -1.0701336916887119 -1.9018310606411508 0.82103169487566552 0.84413775087917586 -0.32619443517698454 0.40044476039323079 0.14377983820349263
1403715942.834058 -1.0982346697924379 -1.8860223051137497 0.77447870968944976 0.8456816037150553 -0.32456221751551356 0.39848390968877934 0.14384910781262922
1403715942.8840582 -1.1186141637965072 -1.8767167003346619 0.72950846266660863 0.84622554023566288 -0.32201674314573436 0.39897025133888542 0.14501824276021735
1403715942.9340582 -1.1315423091315682 -1.8774879037289416 0.68546415463461319 0.84608869765128369 -0.32010903983363942 0.40052056099470107 0.14576487417766409
1403715942.9840581 -1.1364041512194007 -1.8818410567073418  0.6437247301412824 0.84523535075828404 -0.31683679214409205 0.40397956717263556 0.14829753295106418
1403715943.0340581 -1.1339751375505371 -1.8925413034394825 0.60672990323020004 0.84439614467060653 -0.31201601471866791 0.40791185529108348 0.15247647601345721
1403715943.0840583 -1.1234516752404147 -1.9099926483013376 0.57510546784370786 0.84378865331063102 -0.30518062036818433 0.41177344837161284 0.15914812192442829
1403715943.134058 -1.1030489823371159 -1.9349193313117017 0.54975056476128559 0.84061459201014199 -0.29974786434071116 0.41986350871379535 0.1650241181565468
1403715943.1840582 -1.0614162773478983 -1.9721957720818102 0.53291816853361529 0.83394252085819942 -0.29414292868115038 0.43447265815198405 0.17103601588524184
1403715943.2340581 -1.0218813901750374 -2.0083616549298031  0.5156077682751441 0.82170823365812851 -0.29034775762998494 0.45746418850080078 0.17669259921395128
1403715943.2840581 -0.97603537925861994  -2.0505672080417723  0.50773579638390332 0.80576698906876443 -0.28490586035648879 0.48558653810525887 0.18377683225188263
1403715943.334058 -0.93287321595188777  -2.0909277377924385  0.49405929231111245 0.78785687509231073 -0.27707762561500737 0.51617833879368691 0.18991960486879372
1403715943.3840582 -0.88653608006062146  -2.1316713476358813  0.49033386934456535 0.76940689233443382 -0.26779086680875286 0.54544423405836018 0.19695601847766547
1403715943.4340582 -0.83979524207864931  -2.1702437499004787  0.48374335533151058 0.75072266930813591 -0.25755665424286917 0.57367826745567696 0.20241859867892439
1403715943.4840581 -0.79302075680401274   -2.205127513518149  0.48201300600152341 0.73619431131084812 -0.24807556382325763 0.59521388576080725 0.20541879374789407
1403715943.5340581 -0.75247684428510686  -2.2373657511283369  0.47475219973699956 0.72540802450947317 -0.24169908892060923 0.61019368979027577 0.20743290320568689
1403715943.5840583 -0.71616619700058437  -2.2660639452330718  0.46840792043108165 0.71686842580463794 -0.23679393304763349 0.62125280939983885 0.20993627644840424
1403715943.634058 -0.68347468449741045  -2.2915278778530976  0.46172600174632006 0.70897867320723384 -0.23361575527266998 0.63098809635822251 0.21125089841209407
1403715943.6840582 -0.65585542825603882  -2.3123595210831698  0.45700046043859305 0.70129430496794976 -0.23205856217022722 0.63951966260113402 0.2129547432895984
1403715943.7340581 -0.63289501621822231  -2.3293170447428926  0.45256441730470715 0.69311256508970887 -0.23211576358838268 0.64819261293533814 0.21345627408114531
1403715943.7840581 -0.61594910893822186  -2.3424710783102065  0.44995248043491809 0.68385249690874172 -0.2314500896714983 0.65728964346137109 0.2162104138591816
1403715943.834058 -0.60593131039965908   -2.350522715936632  0.44914390511884361 0.67549383129542984 -0.23125645052243407 0.66477716369298911 0.21977229262555206
1403715943.8840582 -0.60399432285006527  -2.3524428923877125   0.4523624388899613 0.66874271818330799 -0.2317208544212874 0.6706149635503722 0.222180541824441
1403715943.9340582 -0.60989078805402874  -2.3485326283305641  0.45982631819230146 0.66372453300303214 -0.23184321234142391 0.6743453604342704 0.22578043325738009
1403715943.9840581 -0.6231976830326772 -2.3370626247194761 0.46924844483245959 0.6645805330202581 -0.23466618692896365 0.67260759873477804 0.22552940820869943
1403715944.0340581 -0.64483187539505926  -2.3206494401759632   0.4810257125652988 0.67499873673696176 -0.24132657809086266 0.66184870774514848 0.21930452837672471
1403715944.0840583 -0.67469173330634857  -2.2980880880958674  0.49427031899021595 0.69466884645345439 -0.25013064483552577 0.64148096788653064 0.20825950667508808
1403715944.134058 -0.70864035891382315  -2.2716041305184191  0.50895035076585315 0.71687636095832918 -0.25763821263987396 0.61754513108726183 0.19582861271349294
1403715944.1840582 -0.75199759419285284  -2.2419702154002206  0.52671797623090622 0.73959115530177988 -0.2637526138996788 0.59213735540008339 0.18114313125332918
1403715944.2340581 -0.79694461319486887  -2.2074509667003928  0.54241452962985293 0.76396548604828096 -0.26880939938335285 0.56300174817840642 0.16470359582666461
1403715944.2840581 -0.83875861251256578  -2.1738921026030269  0.55388259003829732 0.78643148677326546 -0.27041899846336465 0.53485336240893211 0.14943547972794735
1403715944.334058 -0.88086215475644647  -2.1429255432932881  0.56569976586693616 0.80487053066934999 -0.26809962317743541 0.5113809646131583 0.13709679042002323
1403715944.3840582 -0.92170308874595663  -2.1124936788325699  0.57368554232860669 0.8206502177467726 -0.26251904936372217 0.49150994321803498 0.12662916153535286
1403715944.4340582 -0.96147364350406783  -2.0876137145059621  0.58129579343750715 0.83449523994374464 -0.25530571990167789 0.47438890316623716 0.11572317161853359
1403715944.4840581 -0.99740423683687596  -2.0616867648157027  0.58403970506719372 0.84704308016348839 -0.24619252229871849 0.45902747764186613 0.1058349520767661
1403715944.5340581 -1.0273065810871662 -2.0408099531222734 0.58803275339583494 0.85722443817431593 -0.23600395573586627 0.44744435245103081 0.096239009416294291
1403715944.5840583 -1.0501143215029258 -2.0260587097651839 0.59366835769286963 0.86535545629377864 -0.22601387600367046 0.43907525815706233 0.08538489205177241
1403715944.634058 -1.0658712059461952 -2.0161078854376071 0.59984358817631445 0.87193455917059692 -0.21466106238776034 0.43347081229199763 0.075853857577916073
1403715944.6840582 -1.0736915401097504 -2.0120017906608294 0.60740652593318178 0.87706895938542417 -0.20391768441886401 0.42995660744521014 0.065611997211053888
1403715944.7340581 -1.0752785000868157 -2.0118670797928848 0.61481773791303229 0.88156163804061749 -0.19199157240063633 0.42755515494732205 0.056434953178381153
1403715944.7840581 -1.0675915539427177 -2.0169759143611983 0.62397806163764391 0.88537132042641997 -0.17662538720323784 0.42704318415834425 0.050549148613862838
1403715944.834058 -1.0503307712795038 -2.0278251319765412  0.6365976308546234 0.88621974513215407 -0.1599952375041841 0.43226882080239681 0.046473152206246524
1403715944.8840582 -1.0256233858461232  -2.043761298271261 0.65144097176140536 0.88224794907609783 -0.1391104321078197 0.44713329305173888 0.048566060932535918
1403715944.9340582 -0.98477379656353192  -2.0683948303627928  0.67429549042302139 0.87320796446887661 -0.11720814179415026 0.47006617682269508 0.052989543238060294
1403715944.9840581 -0.94268373926237869  -2.0946399479762592  0.70073061298473749 0.85970262905039152 -0.095938818438636386 0.49841772769405124 0.057331504783513502
1403715945.0340581 -0.90250582688895509  -2.1144767510540756  0.72195727344692628 0.8414184250843938 -0.075499133053554393 0.53140444226769679 0.062643703393222838
1403715945.0840583 -0.86027082600298588  -2.1372100266578906  0.74640622417349056 0.82099334226253684 -0.058416619377953373 0.56397674146223131 0.066990041279908569
1403715945.134058 -0.81187454838741124  -2.1565748162224239  0.76372420705228028 0.80243056751157105 -0.045102460658221342 0.59089923109522291 0.070064620577763512
1403715945.1840582 -0.77107439661444244  -2.1719623063714431  0.78119443272093048 0.78699460835572543 -0.034601821181004078 0.61159718653625539 0.073423986618223455
1403715945.2340581 -0.73231279347279099  -2.1873770320354757    0.796025052694455 0.77315749530157285 -0.027488406411200404 0.62910018338720874 0.07553035306518506
1403715945.2840581 -0.69959233729816195  -2.1999095559704593  0.81244221369367497 0.76110047339478115 -0.022756783733030226 0.64357405806907664 0.0775927185557303
1403715945.334058 -0.66957740165245572  -2.2098080663257815  0.82642393059580699 0.74857142686830203 -0.019783702095036309 0.65804162676546063 0.078934412341104834
1403715945.3840582 -0.64681131629574051  -2.2167219359300034  0.84219718830161261 0.73580969725208412 -0.017342413316274879 0.67205244789462337 0.081417672584079379
1403715945.4340582 -0.63112400085461351  -2.2204664244362116  0.85924737376118387 0.72361999789234832 -0.016692865119429561 0.68506539295924229 0.082345942668606453
1403715945.4840581 -0.62405917151986046  -2.2202332109236291  0.87803806009604279 0.71158096946646454 -0.017688678213440313 0.69765080073411623 0.081381784149001338
1403715945.5340581 -0.62381361038562866   -2.216038281540436  0.89358439431060921 0.70337190762833257 -0.019252567575625792 0.70601488188110983 0.080251384806923606
1403715945.5840583 -0.63247837603643975  -2.2091702717943722  0.90695936950411427 0.70944302706989459 -0.025375638351169148 0.70038862479233055 0.074178450925343573
1403715945.634058 -0.64905699349895041  -2.1994536249583856   0.9174446188703882 0.72733763190688949 -0.032741392775657227 0.68215274117419633 0.067643241493280742
1403715945.6840582 -0.67284970504625718  -2.1880808724860517  0.92735480803478643 0.74769144492938611 -0.040389750209612288 0.66004451507059514 0.060559139546685431
1403715945.7340581 -0.69976274622629608  -2.1728724610576626  0.94360403419283434 0.76723219869540793 -0.046788410471706621 0.63716801873559725 0.056413773416557567
1403715945.7840581 -0.7334316138376763 -2.1577621918741454 0.95449709395252458 0.78636877599376276 -0.051770506784746116 0.61331832932085995 0.052769211557417199
1403715945.834058 -0.77020649390632012  -2.1417748316472913  0.96415289418619721 0.80587376713880687 -0.055366651070828339 0.5872620532407633 0.051237546878751893
1403715945.8840582 -0.80721905307311614  -2.1247885684328303  0.97472780396816916 0.82391495572445883 -0.059475644754022769 0.56146596699804885 0.048813536212842089
1403715945.9340582 -0.83721865902592296  -2.1061145389279883  0.98214500541964933 0.84070787805881431 -0.062425532053718764 0.53580283551108587 0.047208454496375417
1403715945.9840581 -0.86882309835351379  -2.0884903534906254  0.99451306886633306 0.85420148369310722 -0.064950172767397646 0.51403559826599221 0.043459222603527956
1403715946.0340581 -0.87484155035224997  -2.0711319465876321   1.0110164072877894 0.86588205555041597 -0.064844649106077998 0.49428287923911307 0.041567687561232587
1403715946.0840583 -0.89562379666398584  -2.0545016684687147   1.0237049623536716 0.87480228653512493 -0.06292195426780782 0.47885998253700729 0.038143207372928575
1403715946.134058 -0.9090912368202988 -2.0384308485834222  1.0354162684491377 0.88326619602271128 -0.060258293569007915 0.46383655906259008 0.032640641793585015
1403715946.1840582 -0.91975955843219848  -2.0221822797712909   1.0461534323519397 0.89085404439711724 -0.055202309463377161 0.45004186800052348 0.028179667453823953
1403715946.2340581 -0.92245594842349998  -2.0062928104088438   1.0583645616163926 0.89694661065862402 -0.049779476954008708 0.43873708112314891 0.022771801635612661
1403715946.2840581 -0.91668710408235765  -1.9914384833451637   1.0714256303015943 0.90087461361709753 -0.043563926442016752 0.43151499607353438 0.017942213265294174
1403715946.334058 -0.90206663222031203  -1.9771226209839186   1.0860623264082589 0.90138172429411845 -0.034556166518681063 0.43140139543585498 0.01448083147101936
1403715946.3840582 -0.87736293011544808  -1.9634427009081232     1.10340736226087 0.89728014037868353 -0.022773326525480302 0.44067056864200693 0.013385634602222373
1403715946.4340582 -0.84328833386281155  -1.9506346712868206   1.1237382501640183 0.88813425708387994 -0.010659679170786158 0.45926647401715515 0.013349849358345423
1403715946.4840581 -0.80112952890687505  -1.9366558958127937   1.1428250310656838 0.87494597158823939 0.00050951907423920045 0.48403675347951725 0.013330734144602379
1403715946.5340581 -0.75790834212600089  -1.9225232607524003   1.1627327555245266 0.86018556903563015 0.0082175897571049126 0.50981133093691655 0.010279342866298473
1403715946.5840583 -0.70385763663618539   -1.909136554278039   1.1841007489652564 0.84300594230835624 0.01360940367477052 0.53769101277760745 0.0066438048291923985
1403715946.634058 -0.65164134721561817  -1.8957888963672185   1.2066357545502542 0.82479822099213174 0.018723541894639855 0.56510538457716619 0.0036370247493628331
1403715946.6840582 -0.59855092057260584  -1.8805447982010812   1.2275597324842629 0.80731334401504951 0.022005597062933452 0.58971144405196718 -0.0011537015583732591
1403715946.7340581 -0.54855664303680662  -1.8651054099356046    1.246622756707406 0.79300550289329685 0.025349657976668032 0.60867639365704329 -0.0035658135216971492
1403715946.7840581 -0.50203379675465676  -1.8497070743126669   1.2649763831984369 0.78089189203547116 0.026940503943583455 0.62403921982937205 -0.0075574013573828395
1403715946.834058 -0.45794740908547543   -1.834064541924971   1.2831139969356371 0.77260528417241958 0.028337044164002297 0.63417333413229404 -0.010112817235176293
1403715946.8840582 -0.4176627490341141 -1.8191586148456067   1.298403545545507 0.76504952471361987 0.029779010513158639 0.64316882836147182 -0.012095184680405836
1403715946.9340582 -0.38186931026621346  -1.8039849450624585   1.3132079327706003 0.75772597037490663 0.031107084017636625 0.65169830922528549 -0.013153588720580305
1403715946.9840581 -0.35145089987403255  -1.7884008840021308   1.3271355407556686 0.75131547303284008 0.032477760942763355 0.65903322026984801 -0.012061078158209493
1403715947.0340581 -0.32671105638371822  -1.7732541211306156    1.340930835991585 0.74391632490109205 0.032354551300261922 0.66736993595952043 -0.012611626905247749
1403715947.0840583 -0.30743331236601157   -1.758366121983947   1.3544240281837887 0.73568663797134037 0.030960161537456687 0.67646102595711211 -0.01439164580762178
1403715947.134058 -0.29882260986136489  -1.7464080818735328   1.3719986173005749 0.72104827220436885 0.028270761404617865 0.69212922487262429 -0.015725434109041762
1403715947.1840582 -0.29404111577333719  -1.7319421269704662   1.3856860380422489 0.70524510004144358 0.026107776291943743 0.70830618494762554 -0.015813957428937566
1403715947.2340581 -0.29766382949023718  -1.7176806525427204    1.397210904638756 0.69405798625605075 0.022871388599200012 0.71936170251670828 -0.016707849951534456
1403715947.2840581 -0.30954854573424184   -1.706204134284689    1.402105550147112 0.68885960367418542 0.019670392638860491 0.72442589635307419 -0.017106804854282422
1403715947.334058 -0.32980859974818078  -1.6923531289576883   1.4035953077467347 0.69279570214826658 0.0162065565420717 0.72073133410381041 -0.017827132435720337
1403715947.3840582 -0.35951121640770306   -1.680169891690406   1.4033020037001978 0.70549813500339109 0.013677545256092145 0.7083851642598622 -0.016606183156659248
1403715947.4340582 -0.39613211366979822  -1.6679971345998039   1.3994718148862455 0.72547087661980669 0.012073135402901431 0.6879923033431562 -0.014588938227687472
1403715947.4840581 -0.44339689400481996   -1.655638370762627   1.3830792569178723 0.74638941314430007 0.0096439739831984689 0.66526349171875798 -0.015307654885217528
1403715947.5340581 -0.49825603244158101  -1.6494864022552054   1.3762081166083526 0.76624506425021477 0.0072287661818350524 0.64226681625314719 -0.017594976320495784
1403715947.5840583 -0.56277443137731875  -1.6449209169337462   1.3498831406125325 0.78420964075184085 0.0031161187263800058 0.62007505355443893 -0.022637515663421835
1403715947.634058 -0.62593608768451459  -1.6400133875028087   1.3308815755753851 0.80424468476666611 -2.5443967424975954e-05 0.59371971490061981 -0.026218057050385341
1403715947.6840582 -0.68036951498794729  -1.6317872867026673   1.3110676702537121 0.82210005405629361 -0.0037344836946380322 0.56849459816265857 -0.030845528234266586
1403715947.7340581 -0.73650064373694646   -1.623646429937637   1.2894226988144493 0.83768570182570812 -0.0059259201269424083 0.54507919925129489 -0.033707787987157213
1403715947.7840581 -0.79044415866729401  -1.6167722716115926   1.2648950112321695 0.84982068667477417 -0.0051737177994796478 0.52604562126633558 -0.032465943544916755
1403715947.834058 -0.84113829958705744  -1.6125845484301879    1.238211525024278 0.85957961596784971 -0.0020720626887818553 0.51016778200043633 -0.029110557836172758
1403715947.8840582 -0.88820749776434993  -1.6095128677715758   1.2092210133455026 0.86883359329102994 0.0016016096052556108 0.49448032053247432 -0.024795858964172017
1403715947.9340582 -0.93056570327594768  -1.6069039485622172   1.1796336486285732 0.87725269511447102 0.0051487113491586198 0.47949842902043666 -0.021964886814494346
1403715947.9840581 -0.96719313694576903  -1.6040355463864089   1.1492986726581367 0.88517041558724807 0.0091522509474787194 0.46478117144311942 -0.019184221215745065
1403715948.0340581 -0.99709313891271534   -1.601119831368663    1.119919891606594 0.89262343128899313 0.012520973002779115 0.45028491233223772 -0.017610589850337754
1403715948.0840583 -1.0166577834068333 -1.5998523101754663  1.0900312968969561 0.89939663990194629 0.014958203834780744 0.4365492043092854 -0.016933059028295366
1403715948.134058 -1.0262445543594922 -1.5949510638514135  1.0607923229600189 0.90410712105561619 0.01831727890132781 0.42662944497591754 -0.015559808151677793
1403715948.1840582 -1.0284799185090276 -1.5921338870400223  1.0351399938749379 0.90749054345831848 0.021033411803444209 0.4192869687867517 -0.014729118345991263
1403715948.2340581  -1.020718262697341 -1.5887209181136472  1.0128746790915057 0.9072494018556938 0.022163940106251886 0.41972622174000623 -0.015400693987983995
1403715948.2840581 -1.0032132640735016 -1.5852392852985102 0.99363102250645752 0.90350451940624066 0.022908291477958052 0.42766621289445622 -0.016012618229783986
1403715948.334058 -0.97486040645947136  -1.5802890150062714  0.97703077484679057 0.89558953586799095 0.023274374381629642 0.44391841574393814 -0.017723625596717654
1403715948.3840582 -0.93745288773701296  -1.5752431731634147  0.96263757915856651 0.8839699422125149 0.023007124148304494 0.46656656726823914 -0.0195819256141803
1403715948.4340582 -0.89193746090957804  -1.5701974832257641   0.9499242629370902 0.87027056722221274 0.022531895805947312 0.49161371594195324 -0.020914296446750368
1403715948.4840581 -0.84435622945126754  -1.5689254746546428   0.9382619656605945 0.85516063144786136 0.023118078932313588 0.51745945078525613 -0.020039102804154042
1403715948.5340581 -0.79302184347289773  -1.5665034700921301  0.92298040065292142 0.84051559157354505 0.022574437516815201 0.54101479776160477 -0.018081031373877496
1403715948.5840583 -0.74059349632787819  -1.5620160233851461  0.91206197440704539 0.8248677456936655 0.022853124209203577 0.56464965104724718 -0.015546973993390025
1403715948.634058 -0.68748766154890351  -1.5586181094635325  0.89773893766432666 0.81165170478356807 0.022006981388770819 0.58356841026760797 -0.013605639632842352
1403715948.6840582 -0.63338309921219227  -1.5540010905302291  0.88528967269195968 0.79866284962945933 0.020766832072370543 0.60132757583730889 -0.010561147904236705
1403715948.7340581 -0.58533029177405937  -1.5506943707300389    0.872425423128943 0.78546082084364255 0.019125413022270853 0.61856454555489437 -0.0079636975599295945
1403715948.7840581 -0.54003230856691653  -1.5460085005448174  0.85924291682906861 0.77499659870248594 0.018064800559127271 0.63168667056821459 -0.0050877506602700013
1403715948.834058 -0.49636196497489049  -1.5432248812370608  0.84522092111982483 0.76655826169805519 0.016621640286921237 0.64194898360773367 -0.0036952593448896002
1403715948.8840582 -0.45833905559223581  -1.5401244845925504  0.83077606886838196 0.75898379779112835 0.016041532603034377 0.65090180197735426 -0.0036205116951317003
1403715948.9340582 -0.4250947273393953 -1.5372549114999408 0.81724583036244902 0.75229020518551093 0.01600486851072332 0.65860637555669355 -0.0063979248176196249
1403715948.9840581 -0.39713778968143854   -1.533936406702038  0.80320450783213659 0.74505708162512085 0.017923202439694547 0.66669328909031367 -0.0094213702030627143
1403715949.0340581 -0.37545030412150593  -1.5301899279869233  0.79114720287593299 0.73845567205680318 0.020806900010487878 0.67384619547916946 -0.013475836053390929
1403715949.0840583 -0.36015985499851527    -1.52710972808767  0.77981478588385433 0.73450191515834229 0.02490050223423303 0.67790963870304888 -0.018039494746588138
1403715949.134058 -0.35172629652024845  -1.5243646099545201  0.76959934462086454 0.73440785330633873 0.029498674076681705 0.67763352592020532 -0.024243303789776641
1403715949.1840582 -0.34988529295295939  -1.5232160688875962  0.75757905679608628 0.7405340720021214 0.035456123824836511 0.67039023639181028 -0.030480853626619387
1403715949.2340581 -0.35381300731151466  -1.5206921620043001  0.74361643104149389 0.75425066729693058 0.043370688561432461 0.65421646743958406 -0.03501039826556987
1403715949.2840581 -0.36333140524352608  -1.5192099829715815  0.73105443580612328 0.7695156936509755 0.05156165631512849 0.63521935973909827 -0.041028744016225097
1403715949.334058 -0.37640048048952518  -1.5187221983577202  0.71616814297994857 0.78697674245439442 0.060658793923786626 0.61227506851318858 -0.045905969467507746
1403715949.3840582 -0.39213502745026924  -1.5177708117636566  0.70372034240001613 0.80522083802966027 0.069465318334492668 0.58681418846151234 -0.049427520388503184
1403715949.4340582 -0.40900714020090889  -1.5195470622949323  0.69159745543946127 0.82262683725564467 0.077600171378388205 0.56077488982778079 -0.052866085229194011
1403715949.4840581 -0.42271026362771974  -1.5137480217586847  0.67825319716911026 0.83629454358352506 0.08565906107282191 0.5387833567657363 -0.054648477570663344
1403715949.5340581 -0.43892394069860063  -1.5116227499585526  0.66746610277578011 0.84734113321726268 0.093388855442502333 0.51960104294443454 -0.057500276593077215
1403715949.5840583 -0.44970727327309745  -1.5103449598726146  0.65932834584886812 0.85509267128516053 0.10331801298723441 0.50456350565774033 -0.059645456366346293
1403715949.634058 -0.46092270319606526   -1.504634813535306  0.64993439468326497 0.86126846723076456 0.11220600913982008 0.49143461297221946 -0.06417522917550969
1403715949.6840582 -0.46763521702487587  -1.4989603015431956  0.64328736401470377 0.86657595694386169 0.12187505106205858 0.47903082870376446 -0.068717158896710442
1403715949.7340581 -0.46274401267061976  -1.4937913142704586  0.63934610634220224 0.87095793959050949 0.13233344280203824 0.46752474775417874 -0.073080350422024196
1403715949.7840581 -0.4572902842893074 -1.4857214618676979 0.62900638234419515 0.87392363264476547 0.14423446321300981 0.45792167205540474 -0.075905508289019194
1403715949.834058 -0.44238032826598755  -1.4762986502008175  0.62410909452652841 0.87416922547161235 0.15645469688052099 0.45307098821945002 -0.077953657362799703
1403715949.8840582 -0.42007114108291882  -1.4640838862230445  0.62057567774541922 0.87298486482969639 0.16972197047936327 0.45037206757888082 -0.079100437796530296
1403715949.9340582 -0.39211689141531647  -1.4502588145931974  0.61865950875186548 0.8692552346879745 0.18366415143798001 0.45199187707383071 -0.079788216569844028
1403715949.9840581 -0.35787555565634027  -1.4316666202638073  0.62056155233654997 0.86366775410774221 0.19866508069459016 0.45660438613297499 -0.07824724142888069
1403715950.0340581 -0.3113167465380331 -1.4127255947014798  0.6244681531903975 0.85727995543523028 0.21350591066978145 0.46193199372835902 -0.078135377955061924
1403715950.0840583 -0.26854250687597286     -1.3861605879398  0.62921703595615763 0.84678595462600748 0.2273716632310856 0.47427262451337765 -0.079505669262284445
1403715950.134058 -0.21980865675945924  -1.3578784550166278  0.63636534638585662 0.83178849055168058 0.23806246472788839 0.49429413655912513 -0.08442438295130486
1403715950.1840582 -0.16726817789513551  -1.3259997988599217  0.64544046874807981 0.81608113862113629 0.24337891744527956 0.51580827010716934 -0.093381508978186464
1403715950.2340581 -0.11428463237446153  -1.2907851507894714  0.65503869442975848 0.79739432161685242 0.24417440576216679 0.54169032406664019 -0.10541702062034758
1403715950.2840581 -0.059800011777017444   -1.2507252109051803   0.66142835903478103 0.7807147509769643 0.24061298650357035 0.56402272551819166 -0.12028396997039982
1403715950.334058 -0.0071415826742402882    -1.2114364778604187    0.66657609927201689 0.76518465170048999 0.23615292583706513 0.58391599915197201 -0.13329047360913607
1403715950.3840582 0.040128472330107023  -1.1707882029445207  0.66907860681854703 0.75077122225218729 0.23142223833077014 0.60130752880368787 -0.14565567358649395
1403715950.4340582 0.085882730393663148  -1.1333470987484591  0.67348162930341893 0.73729830621366099 0.22671472144962126 0.61740616488986999 -0.15427660317906255
1403715950.4840581 0.12570833017633615 -1.0980424888521125 0.67801039812245345 0.72388243304222866 0.22265379722860781 0.63276748022784313 -0.16132211776024855
1403715950.5340581 0.16087903919277319 -1.0641761511473231 0.68245352652053426 0.71163144656957844 0.21858021943086947 0.64664857514061191 -0.1662798610639869
1403715950.5840583 0.18986480188415622 -1.0348732234920799 0.69042931292007936 0.70379305039286444 0.21551063628498063 0.65565528938146989 -0.16836463219111888
1403715950.634058 0.21245515868462381 -1.0064501464669062 0.69566841050566952 0.69749286488101203 0.21238594742019495 0.6626073348736583 -0.17131092361589834
1403715950.6840582 0.22565255783030347 -0.9831968801784341 0.70536702408399177 0.69123812496237702 0.20975899586339505 0.66935154391652418 -0.17366499045415795
1403715950.7340581  0.23470592769564255 -0.96327358391552187  0.71402566414168844 0.68464979243738522 0.20696194307336663 0.67637416261571992 -0.17589601468090676
1403715950.7840581  0.23039666326143129 -0.94561284824331726  0.72212435507515271 0.67833567904084657 0.20528036072419359 0.68259209197173687 -0.17829390348182525
1403715950.834058  0.22196160074377486 -0.93187657829827075  0.73098563966528529 0.67317902051067613 0.20345505769714545 0.68745343957013116 -0.18122862429796838
1403715950.8840582  0.20395671459063844 -0.92351206224959259  0.74080475371003973 0.67008984623394141 0.20316109805589455 0.69025394023345366 -0.18235861428264891
1403715950.9340582  0.17853134123382872 -0.91831244540626755   0.7500460083805327 0.67320218311189461 0.20364213831140729 0.68667649933893538 -0.18385887363127776
1403715950.9840581   0.1450279417465343 -0.91833178391189951  0.75815528563560686 0.68556114754836583 0.20533440379931625 0.67335616974374513 -0.18556714217926634
1403715951.0340581  0.10588374252843959 -0.92575737974462069  0.76350796706558444 0.70451713886634559 0.20903342398934108 0.65271900817399653 -0.18416982670140344
1403715951.0840583  0.06365220951510113 -0.93265438573457038  0.76682708474457784 0.72440769363803348 0.21371326493295512 0.62996554794850157 -0.18084120710630577
1403715951.134058 0.011883724697588574 -0.94238301087582121  0.77492816496464823 0.7431271266424947 0.22004943936347743 0.60659711337469291 -0.17714474287818688
1403715951.1840582 -0.040075036083511539  -0.95389629701289069   0.78006594250128725 0.76192497231208811 0.22888435939659144 0.58130764369776333 -0.17077385622334074
1403715951.2340581 -0.09680878564381161 -0.96899795564620128  0.78726829288105415 0.78052206985369588 0.23818664926591301 0.55396291154954735 -0.16485603176810923
1403715951.2840581 -0.14905037366347459 -0.97981068767442869  0.79153566278550325 0.79592503546845184 0.24742600225813241 0.52876614757834162 -0.16028122939465417
1403715951.334058 -0.19760905289231587 -0.98633048969815051  0.79451049241645699 0.80878707829443974 0.25553168288244327 0.50562005680405342 -0.15784606166983114
1403715951.3840582 -0.24968611543274297 -0.99827460966349757  0.80166183343138719 0.81873428497667455 0.26404777504976584 0.48544703107506004 -0.15586572142524308
1403715951.4340582 -0.29783117072580828  -1.0059606424508154  0.80946343361178863 0.82663621967426615 0.27304455523274918 0.46712825734321534 -0.1546299530229491
1403715951.4840581 -0.34152253779720071  -1.0111588198063481  0.81754423874669024 0.83362589184933911 0.28185270660067929 0.44940899516678523 -0.153813131050135
1403715951.5340581 -0.38040278933184424  -1.0120060264643729  0.82611987196479375 0.83910884745694425 0.289863981205635 0.43353725977804003 -0.1546630495730841
1403715951.5840583 -0.41310906034416511  -1.0097754661668095  0.83568888757589332 0.8426944537522375 0.2989625003601587 0.4201536185445307 -0.15478506975014447
1403715951.634058 -0.44368915745289067  -1.0049175681923292  0.84292249861099755 0.8452248034195875 0.30710223575960016 0.40828571307845113 -0.15679931432182773
1403715951.6840582 -0.46964405710051782 -0.99320708484594811  0.85018556964033276 0.84592217216753973 0.31614487973535327 0.39947941767968032 -0.15774754674090474
1403715951.7340581  -0.4828779929089147 -0.97571730237898779  0.86143089045881782 0.84619971244564629 0.32359775899160809 0.39155099103598157 -0.16099179622345849
1403715951.7840581 -0.48742098921179522 -0.95369588083428358  0.87044373748785675 0.84493784380216164 0.33179224384015371 0.3863155096883899 -0.16356733785407609
1403715951.834058 -0.48587118482379754  -0.9250911475467789  0.88300988918113044 0.84202184438097305 0.33827683501987271 0.38467552369093178 -0.16909387318087493
1403715951.8840582 -0.47196641110533388 -0.88859926897872565  0.89584060128311283 0.83458024480646609 0.34408244783395275 0.39190530854644967 -0.17746355458089544
1403715951.9340582 -0.45338790726472872 -0.84803314004258379  0.91351188837534991 0.82139891685507016 0.34671970756139064 0.41014874634866022 -0.19200851451559103
1403715951.9840581 -0.43181749436129507 -0.80518676984229798  0.93012417133392089 0.80453084832875021 0.3486390437612929 0.43352068049149817 -0.20794410508312422
1403715952.0340581 -0.40513803799568116 -0.75617615794456106  0.94748232752036732 0.78520857840286762 0.35037973465963751 0.4581259542344977 -0.22539330069707197
1403715952.0840583 -0.36818903372860368 -0.70537290313320744  0.96107305642166674 0.76399969977563587 0.3500163226137904 0.48355988038505687 -0.24487318090931631
1403715952.134058 -0.33518425273173247 -0.65594962085351705  0.98128125467211968 0.74214273942935494 0.35024510018943983 0.50729250614265542 -0.26307192422812065
1403715952.1840582 -0.30373331498561196 -0.60795314291886104   0.9973895518904764 0.72282208480560439 0.35162867552969762 0.52544539981343064 -0.27891332000715618
1403715952.2340581 -0.26103544540657914 -0.56161660239642364   1.0064551378949722 0.70663986795778666 0.35182925376470742 0.53943700305190689 -0.29305970884164217
1403715952.2840581 -0.22938440802259977 -0.51851801557491595   1.0191056572542918 0.69285115404667474 0.3527959323840042 0.55004032786363233 -0.30487365604978067
1403715952.334058 -0.19906593354112073 -0.47996896223804997   1.0326746372910425 0.68104504838108293 0.35386873208412817 0.55848320922035188 -0.31472379564900504
1403715952.3840582 -0.17304218289264167 -0.44630699458039391   1.0465449243909981 0.67037124153597727 0.35506307475735971 0.56578288461422355 -0.32314445522547702
1403715952.4340582  -0.1500269431452016 -0.41853695494511645   1.0618121667027116 0.66016386048049336 0.35514859994558101 0.57304839810532948 -0.33116262274160907
1403715952.4840581 -0.12361275119867296 -0.39545606689585228   1.0696218129702966 0.65229783906313688 0.35712089155033766 0.57690790013880089 -0.33786013782228519
1403715952.5340581 -0.10511793003397253 -0.37791100578569509   1.0822427704066542 0.64414953702327604 0.36043590738491177 0.5809854012644059 -0.34294794668863632
1403715952.5840583 -0.089678867619141053  -0.36620925838609936    1.0953746283383756 0.63598117520301467 0.36307230035073901 0.58441671995588718 -0.34951902228836906
1403715952.634058 -0.079531500153316823  -0.35951723508481942    1.1093672968344785 0.62726142115865768 0.36390361251322578 0.58860897066916062 -0.35729084787276122
1403715952.6840582 -0.071369131921726808  -0.36118364563909772    1.1244245122264578 0.61711445606572524 0.3630062027680242 0.59515595902498442 -0.36494606355418491
1403715952.7340581 -0.064618047564284201  -0.37195755699119804     1.138177075419434 0.60553446372035336 0.36091519490617868 0.60353899495057284 -0.37257068712767988
1403715952.7840581 -0.063574367836677831  -0.39058684530129145    1.1530601637001689 0.59462223070182874 0.35869113326429319 0.61153680683896583 -0.37919362805031392
1403715952.834058 -0.06626439992500896 -0.41747322794796032   1.1680311506436469 0.58685087640420519 0.35709526744952041 0.61702099565799573 -0.38389335725691748
1403715952.8840582 -0.072991693673876298  -0.45344715532768232    1.1796323990066864 0.58946667350067261 0.36095914064033141 0.61294034676981735 -0.38280761607097236
1403715952.9340582 -0.082576130817052576   -0.4956624613625818    1.1858183753875888 0.60356069020797265 0.37137137408879967 0.5975200099987884 -0.37519012965977699
1403715952.9840581 -0.094136549780755988  -0.54794277728973073     1.189377744968658 0.62320268571657844 0.38587516257058868 0.57516665892508345 -0.36318326763181435
1403715953.0340581  -0.1152317793478692 -0.60541597431583882    1.199056563425029 0.64337844673132072 0.40129448904504617 0.54976514628358852 -0.35040717925786408
1403715953.0840583 -0.13525690283135999 -0.66676903570265411   1.1996620407370129 0.66384974752707115 0.41659490954608325 0.52204037793705216 -0.33649076934126243
1403715953.134058 -0.15524860286784614 -0.73057591915332887    1.196826174395748 0.68329602659673683 0.43163352071372607 0.49411359566740887 -0.32039163286516925
1403715953.1840582 -0.17422263664927987 -0.79618641767576681   1.1877466939896009 0.70097460885864782 0.44374096449211148 0.46700544381427406 -0.30599749936054949
1403715953.2340581 -0.19347404596780787 -0.85696634282856654   1.1851138756009501 0.71488028144493931 0.45376957265179102 0.44446879593129973 -0.29238133931562055
1403715953.2840581 -0.21098384037494958 -0.91903247492779727   1.1764393839455756 0.72538647349351237 0.46150075922918321 0.42596017419550186 -0.28176132329131176
1403715953.334058 -0.22642503212950288 -0.97754799202857756   1.1664464383967912 0.73328923794940493 0.46786069362861743 0.41053313388807766 -0.27359789992791167
1403715953.3840582 -0.23981494321619606  -1.0329199728960563   1.1515042227318195 0.73978032829571194 0.47552393917563002 0.39522751014340973 -0.26532482801920643
1403715953.4340582 -0.25153831823572065  -1.0838868540564748   1.1346942652633505 0.74516444516956826 0.48229194711671347 0.3802257559951982 -0.25990921853481608
1403715953.4840581 -0.25880768616279776  -1.1277449607289194   1.1179564853546331 0.74819571172011312 0.49000324945539014 0.366965450091088 -0.25580529886270448
1403715953.5340581 -0.26891402194673342  -1.1589420071070209   1.1136778944757297 0.74927868074153015 0.49855198637150827 0.35500897305157547 -0.25297431593764902
1403715953.5840583 -0.27007430028464924  -1.1871729129005335   1.0998098815583777 0.74888932733048019 0.50825886767883 0.34349642113530832 -0.25069484937582881
1403715953.634058 -0.26734418569745205  -1.2073621738223921   1.0890821865967022 0.74665990190696929 0.51866907100124615 0.33348333408099656 -0.24954008006971909
1403715953.6840582 -0.25941186351316875  -1.2201956013206892   1.0833441167895075 0.74333610386512738 0.52922290777083458 0.32448107374137009 -0.24917179488225166
1403715953.7340581 -0.25073235639423003  -1.2196401299472779   1.0755722147212583 0.73964725910904017 0.53885480760906834 0.31703215896084014 -0.24909443709907925
1403715953.7840581 -0.23598466326236381  -1.2086523455069937   1.0695814492511253 0.73480068777805108 0.54797706796281198 0.31317612134700096 -0.24841457132348591
1403715953.834058 -0.21677995542294728   -1.188161723499205   1.0680875219179378 0.72728000191923536 0.55652822164209803 0.31514792779038125 -0.2490420063637247
1403715953.8840582 -0.19527224713177158  -1.1588594487802311   1.0708819411558561 0.71573431871713311 0.56588517381097314 0.32455517173030207 -0.24932367632168506
1403715953.9340582 -0.17576928521848248  -1.1208963228338367   1.0716238250887002 0.69957068996479466 0.5756674405580432 0.34165011750975033 -0.24996608735807876
1403715953.9840581 -0.1533027126727794 -1.0669608401313011  1.0706819703228334 0.67815435395130619 0.58416869347659106 0.36729103226746079 -0.25288516641875697
1403715954.0340581 -0.12983104983496446  -1.0130500724401457   1.0695225555893628 0.65465864456516565 0.59039377112914815 0.39609821947771046 -0.25683351540363797
1403715954.0840583 -0.11469809491666384 -0.96223920531024421   1.0754631279920996 0.63485269373694775 0.58964948108764736 0.42162881979822753 -0.26740359949627351
1403715954.134058 -0.09745440803818789  -0.8957501114453712   1.0713054466673697 0.61582415125814971 0.58543652886273556 0.44655930346445383 -0.28037381099109937
1403715954.1840582 -0.082665396139891947  -0.83129702684957596    1.0665201250956176 0.599145774097817 0.57705185645660828 0.46926946894334054 -0.29634719816179311
1403715954.2340581 -0.074713810573209305  -0.76170118822160149    1.0604713525462413 0.58513143113685961 0.56597571669522584 0.48838744767576064 -0.31427758011002327
1403715954.2840581 -0.067143861364467178  -0.69118592871311257    1.0550364905818261 0.5750875000826644 0.55274385351525235 0.50336075280176329 -0.33222966783329694
1403715954.334058 -0.066081080537606432  -0.62370820419440665    1.0486166933835779 0.56848741102191291 0.53815373746818485 0.51321915229574033 -0.35187884289264715
1403715954.3840582 -0.068050516224403862  -0.55798582380454087    1.0399314753106668 0.56510774572563716 0.52203694223790442 0.51813863822831718 -0.37371515654933302
1403715954.4340582 -0.07448845797415235 -0.49781137747678134    1.032714958727817 0.56097039978329055 0.50625912180340948 0.52285177786674042 -0.39451226918741639
1403715954.4840581 -0.084015965405117091  -0.44317054534617417    1.0262917006310432 0.55520039687663447 0.49142290303071462 0.5288433849654437 -0.41301419329507782
1403715954.5340581 -0.095700835728315697   -0.3971019734598793    1.0237595107469715 0.54760202635186062 0.47887684991113261 0.5366055354903031 -0.42762539989538945
1403715954.5840583 -0.11031994655000507 -0.35775607090714051    1.020252822461972 0.53880199913882687 0.46809067114277397 0.54516303492925666 -0.4397508324720184
1403715954.634058 -0.12685833427739535 -0.32640905979274504   1.0159485862974691 0.53147415079570104 0.4595348976306004 0.55167302924298622 -0.44946609850075375
1403715954.6840582 -0.14661859540177469  -0.3042476951614056   1.0115081904777743 0.52540233773524836 0.45284350191937339 0.5563734164029448 -0.45753007310104754
1403715954.7340581 -0.16740219307503151 -0.29313674089261454   1.0069697652882847 0.52398145914197691 0.45132607618663151 0.55716417932294149 -0.45969150602204639
1403715954.7840581 -0.18868130750805276 -0.29234642325512239   1.0039946433040086 0.52622214650211063 0.45380372610710701 0.55438126041367597 -0.45805441685913378
1403715954.834058 -0.21349189728483065 -0.30081520345221358  0.99944460205804342 0.53340585369170357 0.45958084365476265 0.54727816989661626 -0.45249336807030915
1403715954.8840582 -0.23945580808653807 -0.31877585750752052  0.99570550737864327 0.54219794085999862 0.46731280303681416 0.53892404550936834 -0.44407320366902303
1403715954.9340582 -0.26766366780376832 -0.34490155952446133  0.99167139713140373 0.55524480162628953 0.47755821503736284 0.525747738223596 -0.43270160303618416
1403715954.9840581 -0.30377929683323307 -0.38099261397296558  0.98654732769094211 0.56965944047848971 0.4894038699837206 0.51144045031697516 -0.41761302625548141
1403715955.0340581 -0.33557376536802153 -0.41856930898531303  0.98293096329991558 0.58370389002261913 0.49999860219202608 0.49627643535301164 -0.4037336576157482
1403715955.0840583 -0.37771425611361786 -0.47140544189131084  0.97522601442081747 0.5972664892660895 0.5095068668822772 0.48088695922947278 -0.39041417218461383
1403715955.134058 -0.41443320013831875 -0.52036633110705566  0.97364247193036979 0.61283182615739273 0.51738177506288796 0.46245825648397121 -0.37800213318336695
1403715955.1840582 -0.45019200793308128 -0.56538949118173942  0.96875483290094788 0.62907220444251566 0.5241866041258354 0.44233990123294931 -0.36583053102506796
1403715955.2340581 -0.48352241998826884 -0.61529898957449536  0.96472483266358433 0.64484868340306112 0.53075688034622204 0.42153099204977679 -0.35324061519029193
1403715955.2840581  -0.5167796500312809 -0.66398350912684112  0.96297783639565215 0.65745775985062183 0.53671426576990522 0.40418613654889574 -0.34105814453396521
1403715955.334058 -0.54750227146750807 -0.71202575425629666  0.95978799605002107 0.66733284609026777 0.54249001716542922 0.38974289944020807 -0.32935076459734447
1403715955.3840582  -0.5777355425734495 -0.75246093390041613  0.95871686222593921 0.6763624401163858 0.54611610452163417 0.3770262847978878 -0.31959698145230658
1403715955.4340582 -0.60717210839790037 -0.78797868487021361  0.95833405984678088 0.68414629979661734 0.54987298357691727 0.36478800255167482 -0.3106658262525438
1403715955.4840581 -0.63525227326011224 -0.81814624194223462  0.95848295449484655 0.69169533077357248 0.55261683720142829 0.35154212513117716 -0.30428659991163637
1403715955.5340581 -0.66050630367207064 -0.84229462489163953  0.95934172013839891 0.69944031711934329 0.55467369484380824 0.33619555479525154 -0.30015476669915386
1403715955.5840583 -0.68182331491268244 -0.86029764748470439  0.96039862899812456 0.70557473469956045 0.55712278464234311 0.32170330159122085 -0.29712873023542236
1403715955.634058 -0.70055317001416251   -0.869373058983267  0.96295081070612132 0.70895402540521002 0.56125619414895089 0.30928221692873359 -0.29448291068045374
1403715955.6840582 -0.71868399349585554 -0.86471112880624623  0.96650347365555545 0.70863957201749683 0.56721586033392346 0.3005378169281458 -0.29287052660274709
1403715955.7340581 -0.73100417982252719  -0.8528145538216122  0.97358547886189328 0.7016505563706541 0.57480334806944899 0.30103967393437364 -0.29438532998502082
1403715955.7840581  -0.7376998903382761 -0.83329075025983834    0.983467713327835 0.68853711511910098 0.58006917066981856 0.31172767232495302 -0.30374702739082343
1403715955.834058 -0.74381937644831375  -0.8040475314977843  0.99346340604741834 0.6713023607908003 0.5804420355406853 0.32912376991619829 -0.32267278758865509
1403715955.8840582 -0.74578052922493132 -0.76921267679748517   1.0103008943776985 0.65061404012091306 0.58040808040523484 0.3489269376380803 -0.34362453810571286
1403715955.9340582  -0.7478667487789421 -0.73044358564121215   1.0247550318084553 0.62959139171480227 0.57912756792151576 0.36628208687967734 -0.3661466542015604
1403715955.9840581 -0.74743155789109883 -0.68727533991010226   1.0397903614011776 0.60600480705571547 0.57784505039833545 0.38474311987155629 -0.38836323624541463
1403715956.0340581 -0.75065234107335621 -0.64617811666083091    1.052764235834369 0.57960518235774017 0.5782582154691186 0.40325814956333139 -0.40872745642699254
1403715956.0840583  -0.7491572419064092 -0.60408105930430001   1.0719998127271495 0.55414766121166514 0.58013813076729714 0.41803099142788475 -0.4261574931985686
1403715956.134058 -0.75178598899113502 -0.56414765839561287   1.0851164269475539 0.53152770751395473 0.58380221288377454 0.42778706506409375 -0.44005851808687524
1403715956.1840582 -0.75669587270655192 -0.52832999301091055     1.09824441037381 0.51007567819777666 0.58831393191373504 0.43449910245053625 -0.45268095828845917
1403715956.2340581 -0.75876818269850788 -0.49338072846189046    1.106393380489886 0.49131230249509916 0.5941250090493374 0.4369436187037557 -0.46336591276566308
1403715956.2840581 -0.76327054153360319 -0.46631539151584483   1.1174046536897728 0.47595854209265925 0.60102444210635053 0.43482232765597451 -0.47240092037550152
1403715956.334058 -0.76607973573692334 -0.43938996496607058   1.1274215990060223 0.45987271871004209 0.60589928102503665 0.43173432629049502 -0.48477687170704692
1403715956.3840582 -0.77354878390893467 -0.42341315586770567   1.1393597285092782 0.44308164005212425 0.60839355118655436 0.42896658909742158 -0.49952338539998026
1403715956.4340582 -0.78292617425108613 -0.41616945153832147   1.1546305626963949 -0.42480121225569084 -0.60791466329215893 -0.42661995772246097 0.51766698165264735
1403715956.4840581 -0.79091107843130048 -0.41460896047252649   1.1680735085399023 -0.40614721885058502 -0.60560351793222145 -0.42480982726191763 0.53649364054921678
1403715956.5340581 -0.79938757757173529 -0.42176360569143356   1.1820089105144975 -0.3896583728562194 -0.60415470298802065 -0.42173438021148524 0.55254281270154482
1403715956.5840583 -0.80513947080783577  -0.4358534515506336   1.1951511212280659 -0.37618711650062897 -0.60344841410413519 -0.41763785039889095 0.56560754132909152
1403715956.634058 -0.80886932310051585 -0.45871341102345081   1.2077741436027474 -0.36695186556065484 -0.60373862972470449 -0.41173264290856626 0.57560596427001898
1403715956.6840582 -0.81042218630044049 -0.49063315813937608   1.2190047294100477 -0.36292287016314162 -0.60858468675525601 -0.40463351540396891 0.5780859690144543
1403715956.7340581 -0.80961911978320622 -0.53138366132154113   1.2290349818726893 -0.36512820729011064 -0.61643883617536499 -0.39268381147815823 0.5766142364691127
1403715956.7840581 -0.80641831771441708 -0.57986251816271672    1.238751160416006 -0.37018328872678524 -0.62632509703350792 -0.37998521911533295 0.57122013167189833
1403715956.834058  -0.8003328657414811 -0.63517743525103065   1.2509018040424122 -0.37777852490463348 -0.63668719023151277 -0.36649356918396925 0.56355591706837405
1403715956.8840582 -0.79331874807341995 -0.69711865818740493   1.2602353373540662 -0.38683918266521644 -0.64857620770242563 -0.35285935093785747 0.55244423068121651
1403715956.9340582  -0.7925280894278518 -0.75597919427230809   1.2724584774052632 -0.39657969460540893 -0.66104752799334154 -0.34027748026775345 0.53847186368760391
1403715956.9840581 -0.78324952833748174 -0.82290615098604403   1.2785134203270636 -0.40734085267217568 -0.67472484748872141 -0.32667185183573316 0.52163714509593673
1403715957.0340581 -0.76961555142862559 -0.89214304484367879   1.2948377529321071 -0.41771349211998732 -0.68795558663649614 -0.31427057226980071 0.5034546223064913
1403715957.0840583 -0.75949651985144184 -0.96010230346160208   1.2965403754221163 0.42731553664980243 0.69932414615846261 0.30330830467113284 -0.48615968884200161
1403715957.134058 -0.75039736777049892  -1.0165949622525687   1.2984036642001811 0.43765727494664058 0.7087945287612637 0.29259024666012279 -0.46952888435510259
1403715957.1840582 -0.74520313659272253   -1.084526105764779   1.2928738612604265 0.44636400606398779 0.71847929212222217 0.2801184334594275 -0.45396072970940482
1403715957.2340581 -0.73669308275794454  -1.1513779401241506   1.2858440567783522 0.45555788813289877 0.72690294977395098 0.26834440739994631 -0.43825836122884632
1403715957.2840581 -0.72945598625272001  -1.2144933610876816   1.2748556400021125 0.46544123715710845 0.73456558040713937 0.2553319180108457 -0.42259138003476332
1403715957.334058 -0.72789370222625505  -1.2677025006543365   1.2621676676961251 0.47527375704781311 0.74216519631987088 0.24199113553306423 -0.40588910746232404
1403715957.3840582 -0.7248769972312713 -1.3213269152780016  1.2464807356134182 0.48341681516180907 0.74963885856354839 0.23020646914343179 -0.38904337305095948
1403715957.4340582 -0.72793834478834818  -1.3651180535762291   1.2315888552927059 0.48972845445557384 0.75581966011959156 0.22097863783506402 -0.37426076991025897
1403715957.4840581 -0.72960848123909028  -1.4040719342162398   1.2137864376183525 0.49561883994778205 0.76145572757513613 0.21193470210939297 -0.36004280644617503
1403715957.5340581 -0.73491242257088774  -1.4345798328756751   1.1950841721935821 0.50019204264419992 0.7658823185890975 0.20452562938077137 -0.34842712505545625
1403715957.5840583 -0.74402226626319512  -1.4549185105243181   1.1761411197305569 0.50255203732676568 0.7705348545970756 0.19948675547278796 -0.33752410583648812
1403715957.634058 -0.7570400749887608 -1.4654548422147657  1.1568880299565514 0.50472419473465724 0.77382426589096232 0.19508968841207294 -0.32922561601893258
1403715957.6840582 -0.77444250575913032  -1.4645950189400292   1.1380834080716211 0.5034098591573376 0.776529604346054 0.1954742420541313 -0.32460762155364348
1403715957.7340581  -0.796634269294479 -1.4520490949716001  1.1208242706186695 0.49986076662121848 0.77617419269273547 0.20042705630524213 -0.3279052175422702
1403715957.7840581 -0.81946650047851377  -1.4494777437723703   1.1093015487711886 0.49499655139651283 0.77149599785269085 0.20925256130023928 -0.34056674087780486
1403715957.834058 -0.84919943213839466  -1.4162753795647134   1.0970610365193703 0.4864953357116979 0.76257868690015085 0.2239504495418933 -0.36282534471338673
1403715957.8840582 -0.88498962406469883   -1.378191746639803   1.0879445974151341 0.47556909877535075 0.75081162707895022 0.2400824939084506 -0.39048217507558375
1403715957.9340582 -0.92365790545650928  -1.3351073986118707   1.0812625395150883 0.46157990665845988 0.73894109636475935 0.25637888043045426 -0.41854499822795865
1403715957.9840581 -0.96460724634388828  -1.2854481718896806   1.0734048066076838 0.44586967140133354 0.72675760763750563 0.27171724349014792 -0.44631082829749064
1403715958.0340581 -1.0042989733680929 -1.2371482229051862  1.0644234361374554 0.42982608845708398 0.7140530477321535 0.28453167214538394 -0.47372935971106728
1403715958.0840583  -1.047467387776861 -1.1931012992838745  1.0489602360856811 0.41125975735948228 0.70200957712555134 0.29776410688206989 -0.49938412294880541
1403715958.134058 -1.0922193842982602 -1.1464987275371812  1.0368930580183362 -0.39501661484328954 -0.69057575924043824 -0.30555664400468524 0.52316549203080531
1403715958.1840582 -1.1345771891954588 -1.1012455768189584  1.0262068549078696 -0.37864516605805498 -0.67961052763268004 -0.31151443249980798 0.54563369332916112
1403715958.2340581 -1.1749904389150485 -1.0592081987029767   1.013975615496443 -0.36248802441340577 -0.67094293014212314 -0.3162210664911827 0.56430687906169219
1403715958.2840581 -1.2140295374158443 -1.0198146168804341  1.0027760612613594 -0.34776228671974557 -0.66469269508779338 -0.31891117006703168 0.57925873203505185
1403715958.334058  -1.2501625923687345 -0.98430090286657523  0.99289436512583384 -0.33424840251105331 -0.65897082333346146 -0.31990059653416403 0.59304221413919167
1403715958.3840582 -1.2823605401110092 -0.9567108078031098 0.98067388973240843 -0.32080189315277552 -0.65380389683159157 -0.32056454202933149 0.6056938040222517
1403715958.4340582 -1.3120936114182704 -0.9366005581326512 0.96475465498484481 -0.30794452053017485 -0.64624652734009902 -0.31872667801077414 0.62124785947359196
1403715958.4840581  -1.3376723744730792 -0.92381613870527535  0.95111800512281131 -0.29523481285164155 -0.63937902167556626 -0.31711916902507392 0.63518997517160058
1403715958.5340581  -1.3576610045199637 -0.91829180422949341  0.93857041889311255 -0.28536217494205246 -0.63544984596125154 -0.31184805952473432 0.64615997256934832
1403715958.5840583   -1.371292525307898 -0.91975239990822011  0.92485336609433288 -0.27860994235029263 -0.63704175744468328 -0.30294658160685706 0.65174969734406152
1403715958.634058 -1.3798349216744297 -0.9304052166298552 0.91069677187866926 -0.27418633218214228 -0.64122445048267096 -0.29160972317262018 0.65468834470982329
1403715958.6840582  -1.3787565137445301 -0.95046586702813884  0.89731336541364959 -0.27227804540505823 -0.64842062578830773 -0.27618824510502898 0.65508427801963387
1403715958.7340581  -1.3744366014078822 -0.97547155833294596  0.88271886789954368 -0.27155468562930601 -0.65910977728231757 -0.25947292830449131 0.65154136758974479
1403715958.7840581  -1.357647781747074 -1.0091935562450811 0.86871130011764497 -0.27264279245507722 -0.6733116362423559 -0.23937636078863087 0.64421759221440889
1403715958.834058 -1.3314246968440753  -1.050428296325252 0.85515766679414829 -0.27589162395749928 -0.68858780772833761 -0.21519269570389138 0.635155686893905
1403715958.8840582 -1.3095228588559635 -1.1000814096670644 0.84108706459983984 -0.28018180427661332 -0.70491382486866838 -0.19038655202742402 0.62317543025093258
1403715958.9340582 -1.2812981584227066 -1.1376834320575084  0.8233562964288903 -0.28291904439465115 -0.72047448899293431 -0.16652310456195668 0.6108546313782317
1403715958.9840581 -1.2472263076151358 -1.1857342368195194 0.80541530809424799 -0.28409929030745118 -0.73556153415333481 -0.14508175456960334 0.59765216239197227
1403715959.0340581 -1.2143476960901074 -1.2294882722824139 0.79136936180410467 -0.28215079956831973 -0.7535811727125955 -0.12838902657281392 0.57967456412348517
1403715959.0840583 -1.1788668905972857 -1.2736348310427561 0.77657080015946534 -0.27723918989545177 -0.76999967900328237 -0.11563101300113439 0.56291064544320657
1403715959.134058 -1.1404031330883346 -1.3120134501770297 0.76182362000216985 -0.26792559003772859 -0.78526371685342844 -0.10937903567542236 0.54736916222161103
1403715959.1840582 -1.0977385629857139 -1.3552658247342955  0.7423637050394567 -0.25485495927717466 -0.80020355839169932 -0.10786875509545951 0.53205972084273367
1403715959.2340581 -1.0620810144166035 -1.3855951347839754  0.7277512360444065 -0.24118237892387778 -0.81371785349577341 -0.10770449353125781 0.51777799979530359
1403715959.2840581 -1.0252458011784216 -1.4138928476386825 0.71290117325088909 -0.22863637953329988 -0.82684232093889498 -0.10575715490905076 0.50286440164703372
1403715959.334058 -0.98996788409485881  -1.4421399597419506  0.69704430281548957 0.21792400821855326 0.84127649414679884 0.10153928478986682 -0.48420322250310721
1403715959.3840582 -0.9599848500565632 -1.4647903567224316 0.68082957385669107 0.21051992912045586 0.8549622582968377 0.095894213349706534 -0.46424691294302706
1403715959.4340582 -0.93400888457684261  -1.4841029383400199  0.66563118439771896 0.20441983069379571 0.86620443857161034 0.090637234388577792 -0.44686384409610869
1403715959.4840581 -0.91273747948487138  -1.4997849032802701  0.65036371435891382 0.20007361678985158 0.87582162006757647 0.085755619203381275 -0.43075864641569078
1403715959.5340581 -0.89567134923912861  -1.5149293736893585  0.64163090655754174 0.19589435884912476 0.88324079575922498 0.081011469050304971 -0.41826814217677732
1403715959.5840583 -0.89194809191427815  -1.5213914065300382   0.6319455837030058 0.18841596026082144 0.8889886698513908 0.079596514180416897 -0.40971083183774171
1403715959.634058 -0.89838423522691258   -1.526798716188895  0.62899396813521014 0.1810980384418899 0.89179376916286712 0.077907303966201574 -0.40723190658825431
1403715959.6840582 -0.91787202265187184  -1.5245642803808164  0.62935454520136069 0.17183420322597812 0.89083663478257658 0.078235800692683349 -0.4132339001351687
1403715959.7340581 -0.9540603773811055 -1.5160520328672618 0.64106736744787085 0.16419442439525592 0.88399501207875564 0.078051633418464689 -0.43069821469109992
1403715959.7840581 -0.99491456593551397  -1.5066827813682249  0.65551927853676728 0.15551481617366625 0.87192395532105327 0.078466379107752934 -0.45760986160427009
1403715959.834058 -1.0450142497484616  -1.493853304483419 0.67257946292342652 0.14706655259260731 0.85699247741703621 0.078870310005089705 -0.48756004446512807
1403715959.8840582 -1.0932706895367383 -1.4819647753234322 0.68714721522037525 -0.13690818122091644 -0.83933402183649142 -0.080276840519684617 0.51993285968357317
1403715959.9340582 -1.1423475171734712 -1.4730159083089538 0.71281929632760543 -0.12742140563343485 -0.81974735953951394 -0.08218982338340404 0.5522887694373293
1403715959.9840581 -1.1905822595068003 -1.4627947076673216 0.73786589142124603 -0.11880544282771953 -0.79884535554351166 -0.083641380218513917 0.58372552128223065
1403715960.0340581 -1.2398986219219785  -1.450402011221398 0.74886472929103565 -0.11125588778077512 -0.7794404755149299 -0.085997754563669079 0.61049083430726359
1403715960.0840583 -1.2855821010436033 -1.4393820184304389 0.76222639041151896 -0.10522573327631936 -0.7611096890701915 -0.086741981793514639 0.63412570903131749
1403715960.134058  -1.329742823068919 -1.4272808814044196 0.77335952989430157 -0.10026265388803453 -0.74657619964053057 -0.088298328114767552 0.65174748455039533
1403715960.1840582 -1.3665808298225213  -1.419526431793968 0.78153064255719829 -0.095476848724179247 -0.73342689417812124 -0.090603989311900876 0.66690335084980956
1403715960.2340581 -1.3970409908321166 -1.4142019277577689 0.78914294808175622 -0.091078313664102933 -0.72178961693601495 -0.0933898874295742 0.67970789210465676
1403715960.2840581 -1.4202403485677635 -1.4139774889142291  0.7972736135693127 -0.087668460981076432 -0.71274668969792443 -0.09511282103983798 0.68939099830771222
1403715960.334058 -1.4362862242138066 -1.4138015803430439 0.80363044126537941 -0.084756006522236069 -0.70382880767208555 -0.097905747976932384 0.69846681622133688
1403715960.3840582 -1.4426314298406839 -1.4171195562392223 0.81191398185562713 -0.0826414703010801 -0.69479651057557601 -0.099279994245358827 0.70751090381782866
1403715960.4340582 -1.4397792558146236 -1.4235190611365525 0.81995030231764521 -0.081126597949061005 -0.68765106108711249 -0.10052434294376812 0.71445738135084269
1403715960.4840581 -1.4277966963287783 -1.4343143793696074 0.82899240802368779 -0.081038139812905266 -0.68626741773395994 -0.10114274911328604 0.71570943514406293
1403715960.5340581 -1.4069907251606364 -1.4481037649507873  0.8364483381671346 -0.081999879783549057 -0.69190258696962348 -0.10150271081956068 0.71010142202118354
1403715960.5840583 -1.3776525517646956 -1.4650519561378841 0.84293739463477257 -0.084357342309068911 -0.70641383065477104 -0.10165790574203189 0.69536250176317915
1403715960.634058 -1.3385935859129268 -1.4852658075220178   0.849374679800041 -0.088074312125301882 -0.72702482752403474 -0.10030463370011489 0.67351079884853249
1403715960.6840582 -1.2948580400894167 -1.5078311763436734 0.85514319701906671 -0.092622802302020232 -0.74723429015618625 -0.098086742655370665 0.65072338441442279
1403715960.7340581  -1.243760201439968 -1.5318182968933531 0.86294657871021874 -0.095521683532306945 -0.76637323703891003 -0.097795821446855641 0.62768116654332662
1403715960.7840581 -1.1836737835190498 -1.5587695887921691 0.87424964090776358 -0.099694933247587852 -0.78643357492003629 -0.096441007820351587 0.60189889893058091
1403715960.834058 -1.1243319808960484 -1.5856492513722316 0.88341928078307375 -0.10500186016830736 -0.80980047348356266 -0.094316056195229869 0.56947544639850045
1403715960.8840582 -1.0686670630768764 -1.6153618560733407  0.8930852380065577 -0.108608565535879 -0.8303754874370699 -0.09320481025309077 0.53851053165334917
1403715960.9340582 -1.0093695626371701 -1.6437881401920162 0.89956575828701546 -0.11391418761725568 -0.84860986815782902 -0.090414186246731865 0.50863555169688457
1403715960.9840581 -0.96229212539546571  -1.6731800514631017   0.9110176412170774 0.1173725707679624 0.86206217395484297 0.089599004499104087 -0.48481388827089039
1403715961.0340581 -0.91614146966193111  -1.7032173517463725  0.92316998772396608 0.12054827303490963 0.87383273065171208 0.088322966113711807 -0.46269161043501689
1403715961.0840583 -0.87918121728965504  -1.7319669064571492   0.9302345989092331 0.12357190352012469 0.88392120441693345 0.087092524788948994 -0.44252478028740616
1403715961.134058 -0.85005041619650767  -1.7600782377731032  0.93979355500939399 0.12778076265034335 0.89299673365538645 0.08458755837338372 -0.42317118917258167
1403715961.1840582 -0.83019788237026293  -1.7862208073651233  0.95047904190196464 0.13299606648778214 0.90057862257498866 0.080932926404801028 -0.40585718212601407
1403715961.2340581 -0.82042036967456211     -1.8099865388281  0.96297061536567574 0.13926311344367237 0.90498377022069798 0.075968056738055817 -0.39476450603688956
1403715961.2840581 -0.81490239599038794  -1.8275150585334661  0.97174431614784207 0.14629379030992451 0.90554624044815846 0.069765303653564134 -0.39206751425371611
1403715961.334058 -0.8285996103371418 -1.8452472343333866 0.98903261721561031 0.15167707983246773 0.90142769090355956 0.063756200440811386 -0.40044641143494214
1403715961.3840582 -0.85076542790570597  -1.8599485413947612   1.0081076652646963 0.15456413668239644 0.89385300095104459 0.058157250146714308 -0.41683866734962349
1403715961.4340582 -0.88939919507558818  -1.8670884170978077   1.0292963187110571 0.15439729677578781 0.88401005963178414 0.053511921167168991 -0.43797735502093876
1403715961.4840581 -0.93531816448397409  -1.8709585527980988   1.0533721772363436 0.15001368026735457 0.87314995955729335 0.049605268822154491 -0.46113377794607796
1403715961.5340581 -0.98422643283292333  -1.8783410520059722   1.0736789759442265 0.14322435891024871 0.86098823741360875 0.04634226672028343 -0.48583786633544929
1403715961.5840583 -1.0308687979741451 -1.8801489362453037  1.0977799755557149 -0.13217926790313825 -0.84813668548577748 -0.044432218147988624 0.51109547235349251
1403715961.634058   -1.08081555066381 -1.8837193276110569  1.1289032398518992 -0.11872822307784009 -0.83491304504854047 -0.042516796839154679 0.53573887131613895
1403715961.6840582 -1.1341418004360371 -1.8844866965367735  1.1563964860832441 -0.10449479445534114 -0.82072829599746733 -0.040237240227810112 0.56023822306201065
1403715961.7340581  -1.191208384713369 -1.8801875715068521  1.1802179301548699 -0.088527406122740598 -0.80606154382031092 -0.039816149058496016 0.58381706057064497
1403715961.7840581  -1.243615468468269 -1.8763740440218477  1.2040657578311076 -0.071938493545081389 -0.79092686642792054 -0.041075805815090072 0.60627743095518227
1403715961.834058 -1.2922592435628144 -1.8717453634316186  1.2210664500972723 -0.057600587141383504 -0.77632503737655711 -0.040190913120167107 0.62640745462184788
1403715961.8840582 -1.3355710763617972 -1.8679705793919634  1.2359278251206429 -0.044314696633708163 -0.76328532813825689 -0.039875411068346425 0.64330526743006422
1403715961.9340582 -1.3776420443154305 -1.8670125603593277  1.2471196768339472 -0.032843239653237023 -0.7516440217834407 -0.039563645413379332 0.65756163520076116
1403715961.9840581 -1.4182580775267712  -1.863424963974001   1.251369934311342 -0.023292879748647737 -0.73620480291513879 -0.036654545722407776 0.67536388280361914
1403715962.0340581 -1.4474699418759025 -1.8642094149472621  1.2596331533999929 -0.014662824648155702 -0.71869090881923148 -0.031417385221072951 0.69446477740760582
1403715962.0840583 -1.4693752819758026 -1.8668503649404151  1.2652054223794296 -0.0072435857072928852 -0.70133204676210859 -0.023769182606081834 0.71240151362052251
1403715962.134058 -1.4824138219203395 -1.8707669577158703  1.2680356481196859 0.00015072172990265555 -0.68809252371537044 -0.016379861085336633 0.72543804438476878
1403715962.1840582 -1.4892785698695687  -1.876164388041953  1.2645118374233337 0.0073323782253738746 -0.67924455720112442 -0.0082126840565141159 0.73382942129816275
1403715962.2340581 -1.4825840193605866  -1.881987278995146  1.2614782688775079 0.01358935588982094 -0.67578732570230016 0.0014773775904157716 0.73696990249404937
1403715962.2840581 -1.4642182124023351 -1.8884221714203984  1.2571296378918824 0.019273453980761919 -0.67787719553941983 0.012506718302590279 0.73481604754969965
1403715962.334058 -1.4374711462412402 -1.8950649418120245  1.2492642325802232 0.022901116807558131 -0.68405398512984383 0.026050353208863154 0.72860624714219924
1403715962.3840582 -1.3958604610024341 -1.8982318335964259  1.2409814008024092 0.024839156990125229 -0.69229428284012118 0.038721540823697227 0.72014740470485705
1403715962.4340582  -1.348173794106849 -1.9029968260555687  1.2300533972995815 0.025726429189454579 -0.70329526448741686 0.053490249633305578 0.70841563716853484
1403715962.4840581 -1.2880609478720857 -1.9079299304967281  1.2085905230790399 0.026276576131884308 -0.7159677264971015 0.069685556163012946 0.69414960881902721
1403715962.5340581  -1.225061520612674 -1.9094356366245795   1.191857307039397 0.026229914988840211 -0.7319705861903637 0.08621260726940512 0.67535060439717165
1403715962.5840583 -1.1591454954275957 -1.9070571858191854  1.1689201976978059 0.026031854470958876 -0.75109115200128274 0.10313759953629087 0.6515727584085147
1403715962.634058 -1.0836865634848745 -1.8959358957518841  1.1402794738655269 0.026962299085092886 -0.76791484841174684 0.11757129183955162 0.62909205316232453
1403715962.6840582 -1.0118531382851201 -1.8907088600593174   1.115222088037267 0.028082234735035731 -0.78203843137772666 0.13083371620163475 0.60869517711693855
1403715962.7340581 -0.93453275250510237  -1.8778961948402297   1.0881855766863795 0.030644581491552522 -0.79445039801229667 0.14177887709403225 0.58975268098862133
1403715962.7840581 -0.85657826056250308  -1.8604159421914723   1.0582546764716274 0.03559920905586246 -0.80701358398726075 0.14943957572669475 0.57020135459437393
1403715962.834058 -0.78010812620861925  -1.8396736270305576   1.0251824039000341 0.04399281401378554 -0.8183857818449688 0.15165141053886383 0.55254972090366727
1403715962.8840582 -0.70314427239429989  -1.8127615104189139  0.99219758141897174 0.054894227493410136 -0.82825781660361641 0.15097122239785105 0.5368270699495421
1403715962.9340582 -0.62963592165687432  -1.7807915867031898  0.96010770812337709 0.071014937434226266 -0.83907364172212162 0.14440558391156039 0.51967232922636064
1403715962.9840581 -0.55939123559853443  -1.7413726768869422  0.92654034297528554 0.092336793889928978 -0.84917179521861474 0.13126315346160902 0.50314129550518716
1403715963.0340581 -0.49143840832224572  -1.7078362951277468  0.88350654970093789 -0.11247696655706825 0.85949333825457008 -0.11958181458059276 -0.48406644493473006
1403715963.0840583 -0.42875874620778942  -1.6741151651349671   0.8358230526363124 -0.13132065706615861 0.86868430514730555 -0.11012996321982883 -0.46477290607312149
1403715963.134058 -0.37490514677215897  -1.6414151582131946  0.78591112277380215 -0.14800621640179509 0.87725209608718091 -0.10382551288559268 -0.44468323859924869
1403715963.1840582 -0.32833716766170395  -1.6074756571470807  0.73661622066435961 -0.16239592627143085 0.88438547972876791 -0.10045272850884368 -0.42590977414293946
1403715963.2340581 -0.28836118804929606  -1.5783631320175495  0.67569252618444153 -0.17622092733169775 0.88972161855113663 -0.09873475724585995 -0.4093813307476335
1403715963.2840581 -0.25977045648209435  -1.5501520092047274  0.61646645579132864 -0.18826447529710949 0.89441663745013711 -0.099466759954678019 -0.39329598225460255
1403715963.334058 -0.24147815540777656  -1.5260645203349292  0.56130198743425574 -0.20092256004862338 0.89526334064762769 -0.10183914982183473 -0.38439883366046135
1403715963.3840582 -0.22907697399285387  -1.5139600502264823   0.5002508147077368 -0.21167535157983888 0.88941898699085786 -0.1095176630620316 -0.3900426804737388
1403715963.4340582 -0.23339832754118542  -1.5039175828468352   0.4466746043770744 -0.22267637206825003 0.87504436950570952 -0.11928407724076477 -0.41289695280505134
1403715963.4840581 -0.24127938623980705   -1.498773760462998  0.39434692263071652 -0.23205233543890441 0.85612632589129445 -0.13228122920361779 -0.44238117515735609
1403715963.5340581 -0.25405532662292057  -1.4968345184220373  0.34665014500156172 -0.24065406287589053 0.83302876318007013 -0.14665805708759161 -0.47606734400429362
1403715963.5840583 -0.27262058294425728  -1.4972423045811374  0.30188054215934634 0.24730361538279638 -0.81088688446407409 0.16145078278334349 0.50520988426731228
1403715963.634058 -0.28909330588570231  -1.4957364801198871  0.26508386422865832 0.25442603986870477 -0.7904066951599914 0.17388882731475322 0.52942168657705058
1403715963.6840582 -0.30628345944023155  -1.4979232521673096  0.22380994870292517 0.26137610027860053 -0.7725298763805718 0.18425487371738544 0.54857111281397231
1403715963.7340581 -0.33728006345866468    -1.49598169948932  0.18617638035008199 0.26721481333054203 -0.75891995196242301 0.19285813494344578 0.56164267095388409
1403715963.7840581 -0.34998633978969113  -1.4980086531549941  0.15126351261256354 0.27206848056001531 -0.74997334015053485 0.20153000856030662 0.56824676558595333
1403715963.834058 -0.36266947578241016  -1.4975761505036378   0.1179784031750616 0.27606359056405794 -0.7434162530109254 0.20906706706001604 0.57219937975761459
1403715963.8840582  -0.3745210526968803  -1.4964609001873126 0.087555128294187157 0.27978752880701702 -0.74032693935150662 0.21401502827330307 0.5725666155720841
1403715963.9340582  -0.3801361087873113  -1.4939746187430427 0.061894218399296604 0.28375283805808221 -0.74105152811051878 0.217377497136331 0.56839597405135911
1403715963.9840581 -0.38451700705847297  -1.4911465340451178 0.038786028446317559 0.28626683289122168 -0.74425733246556125 0.22125926665166534 0.56140596753013217
1403715964.0340581  -0.3869855885421612  -1.4867553561187945 0.018395067792425206 0.29215079948290246 -0.7482930568953724 0.21918123521319874 0.55377341710675898
1403715964.0840583   -0.3867631184166041   -1.4822711263327082 0.0020380939191395968 0.30067056452620528 -0.75734436340079259 0.21231716858500727 0.53939609451365789
1403715964.134058   -0.38711431177443967    -1.4800646947767129 -0.0026110102541912457 0.31388752655862434 -0.76529713812070244 0.19794498122042067 0.52593982114384419
1403715964.1840582    -0.3864126042090798    -1.4783004111661961 -0.0075758234053345678 0.32240897663029228 -0.77271932815545274 0.19009880832956735 0.51265947251062449
1403715964.2340581  -0.39308098793306134   -1.4845061806096469 0.0086546571394406947 0.32664278841168431 -0.77589141986373233 0.18651621071513202 0.50646687601554907
1403715964.2840581 -0.39292295771396801   -1.488274242642263 0.019248780977463291 0.32302191178219131 -0.7758143507876345 0.19300564018237959 0.50647582417952519
1403715964.334058 -0.39373781587162854  -1.4950713438892238 0.034315846732381507 0.31994819659886081 -0.77387399932021239 0.19878006494599706 0.50915485900592372
1403715964.3840582 -0.39543832235017895  -1.5033383761963006 0.049982498298174839 0.31568039096501438 -0.77069183318686896 0.20587277886664726 0.51380578815439948
1403715964.4340582 -0.39744114922346974  -1.5127830100402835  0.06383689639684563 0.31282737527125781 -0.7693997532313005 0.21022892919233907 0.51571974011002542
1403715964.4840581 -0.39503266700433348   -1.523485394169326 0.085661432549403671 0.31237486619921878 -0.76759036010475612 0.2125730302594544 0.51772549565149295
1403715964.5340581 -0.39679451670977517  -1.5354777452537245 0.099312798347496997 0.31314977217756479 -0.76549822123818145 0.212164880210263 0.52051489610930868
1403715964.5840583 -0.39746933045188337  -1.5458305756377853  0.11514283826271714 0.31296807707952495 -0.76592493233164394 0.21168355038066702 0.52019232526071246
1403715964.634058 -0.39500945688468192  -1.5627917590937443  0.13866775210472482 0.31140739675188267 -0.76478050821752475 0.2161954132758386 0.52095657283237096
1403715964.6840582 -0.39723001740504438  -1.5763758493219295  0.15742876267142136 0.30693502099782338 -0.76450484355189052 0.22280782788723963 0.52122922874963129
1403715964.7340581 -0.39993967737192571  -1.5933667248933474  0.17683864003310937 0.30230865679679997 -0.76372400936909213 0.22948927898192045 0.52217792405584496
1403715964.7840581 -0.40433340319447869  -1.6104165538782031  0.20191857275878974 0.29545797524651007 -0.76231009983234388 0.23924080117444829 0.52378596354832063
1403715964.834058 -0.40777974168986464  -1.6249477109382027  0.22717154856644869 0.28887153476488181 -0.76009798971859266 0.24957775741697255 0.52584715025475881
1403715964.8840582 -0.41143037993504206    -1.63866271171397  0.25506672256910989 0.28504239619499189 -0.75559323322829286 0.25797555211431872 0.53035677876533682
1403715964.9340582 -0.41635661905157917  -1.6508718218608649  0.28009510536303389 0.2836243480865554 -0.7503945021727666 0.26238668949533139 0.53630079755398707
1403715964.9840581 -0.42136756436341305  -1.6616180563822172  0.30396526867507107 0.28273707772910933 -0.74448882131301664 0.26741371428233462 0.54248137777336158
1403715965.0340581 -0.42677053083154731  -1.6694322332754132  0.32549904075099362 0.28337804830680846 -0.73678368943753858 0.27028385040596897 0.5511744886389035
1403715965.0840583 -0.4316418088995394 -1.6741321457976661 0.34349176820686733 0.28415804134611244 -0.72819239542844982 0.27333766983509478 0.56060374689047343
1403715965.134058 -0.43522312866103452  -1.6772801057808155  0.35795629960071995 0.28429038574402526 -0.72029128863615988 0.27611433894225806 0.56931564875634111
1403715965.1840582 -0.43799437102502597  -1.6782672552545714  0.36701568306475096 0.28997240521875967 -0.72145672575065434 0.2706766660403338 0.56758289222111169
1403715965.2340581 -0.43960192117037039  -1.6747540845370612  0.37229825774202374 0.29954648972928055 -0.73031769680895275 0.2601280971632115 0.55609471790764153
1403715965.2840581 -0.43848207164134356  -1.6710461176351576  0.37608516751927906 0.31170542019595004 -0.74303224617780406 0.24551263035171869 0.53894931162235826
1403715965.334058 -0.43656399163558568  -1.6641442374851372  0.37898391587996377 0.32268815245024363 -0.75980362036302707 0.23058117170017792 0.51517292049258434
1403715965.3840582 -0.43518809015711446  -1.6570340450552337  0.38274189977564615 -0.33121799081458236 0.77670653339826345 -0.21675905087260128 -0.48993582988184547
1403715965.4340582 -0.43620867820835285  -1.6512963789952713  0.38790054093717086 -0.33691389515463865 0.79161824342194043 -0.20430974599825594 -0.46699797817915539
1403715965.4840581 -0.4384221508849302 -1.6476043972904642  0.3956777253607725 -0.34107022622230465 0.80370381553879644 -0.1927809871885896 -0.4478468138232527
1403715965.5340581 -0.44495275944030144  -1.6487411361936612  0.40517730952856124 -0.34428023007314507 0.81221709197591729 -0.18335353426255846 -0.43376952423654158
1403715965.5840583 -0.45645674161949534  -1.6545285587730014  0.41574000360238278 -0.34582227024536988 0.81722739420883439 -0.17739092682431423 -0.42553355054259551
1403715965.634058 -0.47215340520216154  -1.6656909899441197  0.43155685107119224 -0.3452900736578402 0.81638523779145111 -0.17625703876266535 -0.42804598448785308
1403715965.6840582 -0.49426873133184551  -1.6870911505913571  0.44896225193846145 -0.34143197459468899 0.80853987792473703 -0.1800390033355308 -0.44415473633382752
1403715965.7340581 -0.5192098915872837 -1.7124964357501011 0.47055607723305004 -0.33690314608121724 0.79420323269159021 -0.18946287804838249 -0.46887238475349519
1403715965.7840581 -0.54611800589459014  -1.7395079780144638  0.49310015216240799 -0.33021810681636071 0.7771913559753012 -0.20149457090136777 -0.49631596390320254
1403715965.834058 -0.57556123864836695  -1.7698031857997771  0.51378654207326213 0.3218667989271613 -0.75812645778583942 0.21524670708533422 0.52470457673094373
1403715965.8840582 -0.6014986156097617 -1.7968933549268407 0.53327592438082461 0.31406510622752737 -0.73921277501475713 0.22818784891087615 0.55032525647538777
1403715965.9340582 -0.62517261153286041   -1.825177313158135  0.55211440588281524 0.30732900278215042 -0.72185030663397887 0.23917964897745173 0.57207876588489348
1403715965.9840581 -0.64706119275738094  -1.8514897568288318   0.5686443828553821 0.30256745674078467 -0.70657194470456552 0.24630638886434558 0.59037461317575968
1403715966.0340581 -0.66639097695953797  -1.8752898564165825  0.58406746440322532 0.2990249919030446 -0.69532247421807447 0.25270183648286004 0.60270431631342181
1403715966.0840583 -0.68065169661671421  -1.8941698584873572  0.60096732380164053 0.29496849522157442 -0.68111279581919848 0.25984308307289772 0.6177058510142559
1403715966.134058 -0.68947142496040159  -1.9094687138103341  0.61928909307888169 0.28945836822244841 -0.6663446793622696 0.26865317017003343 0.63247458091940956
1403715966.1840582 -0.69253838748147623  -1.9194867481160889  0.63719520983156963 0.28672931225879084 -0.65715717281127251 0.27387767463269735 0.6410318019038389
1403715966.2340581 -0.68956514675094938   -1.923732484200221  0.65455719698862014 0.28749970462176649 -0.65632850769467821 0.27417563576106135 0.64140824019082565
1403715966.2840581 -0.68063105174179739  -1.9222112746370186  0.67114459321940634 0.29169805797995962 -0.66515418878130417 0.26914504927811156 0.63248959720021358
1403715966.334058 -0.66731690178223191  -1.9145220820040509    0.683678977355069 0.29848025291965491 -0.6830985768968949 0.26099115362339503 0.61332657743553354
1403715966.3840582 -0.64693623313999826  -1.9041407796776706  0.69573976123566827 0.30485478505567859 -0.70197068871035606 0.25068082336079517 0.59284048193364647
1403715966.4340582 -0.62452785864198301  -1.8903208384872434   0.7118224716056013 0.31156762627793033 -0.72145005626409553 0.23845928625190979 0.57058969441473362
1403715966.4840581 -0.59973611246599279  -1.8746335048774623  0.72726557561056171 0.31795841865634078 -0.74346326385419792 0.22469560265036484 0.54376162558092656
1403715966.5340581 -0.57704514244914418  -1.8598860423363406  0.73929346299085708 0.32376451087722435 -0.76633862791297669 0.20982641079494538 0.51368718710689942
1403715966.5840583 -0.55394589895349744  -1.8462959025437298  0.74952241709220491 -0.32755171302534503 0.78480242054368732 -0.19689908057838709 -0.48787886618536508
1403715966.634058 -0.53071548070979879  -1.8333006008675328  0.76493000354886398 -0.32949816072130728 0.80024642062989149 -0.18536296892741116 -0.46548598056304352
1403715966.6840582 -0.51033256619362177  -1.8247728184762635  0.78082913599104298 -0.33007106264468483 0.81167036538082993 -0.17659089793643329 -0.44839710785548431
1403715966.7340581 -0.49337008475843463   -1.820436160436921   0.7967120328562598 -0.32971896038633214 0.82014440068361971 -0.16994798246313003 -0.43562168500405751
1403715966.7840581 -0.48076225003973339  -1.8207368921907003  0.81016134540316243 -0.32958379099997348 0.82759716968822294 -0.16388250762141449 -0.423792370306316
1403715966.834058 -0.47172393755113523  -1.8258887127367449  0.81298324407259903 -0.32908833964315815 0.83180721577066608 -0.15906453924196287 -0.41772729484497934
1403715966.8840582 -0.47152262311348636  -1.8389130236175864  0.83049622707212034 -0.3282977754740059 0.83034339105155108 -0.15750609021436893 -0.42183202237527351
1403715966.9340582 -0.47593523431067591  -1.8570403427911897  0.85029481014944308 -0.32451717514933959 0.82214121312133159 -0.16258955971042602 -0.43856249702140276
1403715966.9840581 -0.4834513478662929 -1.8790929959097091 0.87092194892568886 -0.31960127757958767 0.81023025056107645 -0.17028152018173551 -0.46085373854383327
1403715967.0340581 -0.49402057662889309  -1.9083941381896401  0.89537138785760972 -0.31586456626997167 0.79428871629630549 -0.17780100140519139 -0.4875672413511401
1403715967.0840583 -0.50335972544013496   -1.936295562309172  0.91236588656960027 0.30851729744332845 -0.77649834122980166 0.18940543879870286 0.51574507559365257
1403715967.134058 -0.51535405381763966  -1.9672927711864769  0.93221035860583001 0.30161153356734954 -0.75764557291750667 0.19951824132386681 0.54331955609630511
1403715967.1840582 -0.52653048736156116    -1.99755278688056  0.95296225999897577 0.29477453266463122 -0.73921531642610983 0.20886342581888639 0.56837026682312775
1403715967.2340581 -0.53615855420973857  -2.0264238570301623  0.97070204250156722 0.28755522060467187 -0.71940466136623715 0.21809814195601257 0.59346619851754245
1403715967.2840581 -0.53795214077629583   -2.052347473922123  0.98629750274054595 0.27947165233127358 -0.69943439744875535 0.22793897956900799 0.61703398674770227
1403715967.334058 -0.53800533165098718   -2.076460449055515   1.0061767167686895 0.27160258673325283 -0.68060319777415634 0.23612906390934568 0.63816485897978947
1403715967.3840582 -0.53221346838500372  -2.0945489120256711   1.0209382070302913 0.26494582237164593 -0.66855673824969086 0.24374128939241566 0.65071175092668276
1403715967.4340582 -0.52037976872076686  -2.1094262446226413   1.0386292090395026 0.26158551369643601 -0.66320902753097466 0.24612599894452569 0.65661921801691892
1403715967.4840581 -0.50141211592650747  -2.1191219870641054   1.0549238681991153 0.25999674174402054 -0.66518464725741733 0.24857657406566588 0.65432466418536828
1403715967.5340581 -0.47547477305796171  -2.1236286474121968   1.0703528643979641 0.26026113522005717 -0.67140371976425761 0.25274572709579579 0.64622038347262234
1403715967.5840583 -0.44340714157097721  -2.1231133977525034   1.0846729742502756 0.26266359095147157 -0.68157108102493036 0.25756295357588355 0.63255831703033771
1403715967.634058 -0.40620919379469655  -2.1179483224420554   1.0981593813812551 0.26811414589749355 -0.69525840589167476 0.26148645405566517 0.61347810731273822
1403715967.6840582 -0.36473441410671764  -2.1083928991364451   1.1112149786180088 0.27543720335969407 -0.71037927534490564 0.2658060116424491 0.59062915297212659
1403715967.7340581 -0.32049164331113023  -2.0940058088238254   1.1253157336294011 0.28208387663173634 -0.7248489743419867 0.2726015930207118 0.56631353720562916
1403715967.7840581 -0.27721402903651016  -2.0779182790175499    1.141099265691623 0.29050311863639922 -0.74005202498406575 0.27738326401182317 0.53943439195666532
1403715967.834058 -0.23193457947574855  -2.0569773458269469   1.1523133102242431 0.29935709586330317 -0.75493218751965596 0.28186221239952497 0.51089765572404167
1403715967.8840582 -0.18632101568024398  -2.0342121137554843   1.1608529935960945 -0.3085073796424031 0.76529739251573858 -0.28607530550563209 -0.48713860172916817
1403715967.9340582 -0.14645839525442642  -2.0146920633622352   1.1693304801337718 -0.31850418234418759 0.77374397150167273 -0.28736792520811943 -0.46614914775816108
1403715967.9840581 -0.11100547025906904  -1.9920266454412836   1.1737488466345047 -0.33153797213214126 0.78043773644975301 -0.28234299246415878 -0.44864456662939478
1403715968.0340581 -0.078630137823120186   -1.9678103055320606    1.1760333515688401 -0.3474404919252696 0.78607760922295833 -0.27172714879483895 -0.4330490196927736
1403715968.0840583 -0.059372079732743221   -1.9428226779668369    1.1694129400899771 -0.36372678806987535 0.79001595399327007 -0.25892365402189926 -0.42016206095317937
1403715968.134058 -0.04023650833679103  -1.9214992483646864   1.1674363403076926 -0.37812572160518404 0.79263440124770534 -0.24687552584961381 -0.4096390110276697
1403715968.1840582 -0.023994461532795268   -1.9031996639753495    1.1645549831920541 -0.38863227570858311 0.79266653536671894 -0.2386844401950228 -0.40456699815491459
1403715968.2340581 -0.01482962172537905  -1.8873141467271828   1.1598066018117492 -0.39402102538093153 0.78846563772490985 -0.23695109607516979 -0.40856278312345878
1403715968.2840581 -0.0082694649214314422    -1.8783016048020762      1.156247540077544 -0.39513455823129129 0.77895568389824288 -0.24118763676120866 -0.42299556414639411
1403715968.334058 -0.0045150067601355277    -1.8720872202210326     1.1505518193872331 -0.39271931226257589 0.76784857266154749 -0.24900764090804384 -0.44065327186694569
1403715968.3840582 -0.0040124511991192439    -1.8581520746633755      1.135605502876315 -0.38913491781428494 0.75570938481999828 -0.2567585955035222 -0.45994821998536772
1403715968.4340582 -0.0033547317469262488    -1.8544535712675294     1.1225716284415928 -0.38320035461987456 0.74317738938309719 -0.26727775282686228 -0.47896498720965969
1403715968.4840581 -0.0025084280479297531    -1.8494188718809099     1.1061545402219359 -0.37762799757037485 0.73035239941753782 -0.27629184259022199 -0.49763971488832592
1403715968.5340581 -0.0026038503470617053    -1.8444475002746865     1.0881719729426298 0.37100871163405347 -0.71804684845666988 0.28586381845548192 0.51482340332499987
1403715968.5840583 -0.0020491572784939864    -1.8365273345512301     1.0668453763810097 0.36511950978467994 -0.70538789214699815 0.2933068650522016 0.53205897051009265
1403715968.634058 -0.0055504714136101188    -1.8333916893291835     1.0444515888523502 0.35950940240928447 -0.69307455870890866 0.30041799494191507 0.54785917347877855
1403715968.6840582 -0.0056497330759056538    -1.8260434360569504     1.0205880502396623 0.35454250693881334 -0.68126976946354834 0.30640566708856737 0.5623937047697416
1403715968.7340581 -0.0033093119863512946    -1.8158393188444004    0.99591313327183373 0.35053548874570434 -0.67022921749015452 0.31118128035331899 0.57539888591308075
1403715968.7840581 -0.00097263454982032815     -1.8013574195148663     0.96978264939110392 0.34679418185592892 -0.66063084152761464 0.31634121062349868 0.58585742729323831
1403715968.834058 0.0086005181173182295   -1.7791428535775979   0.94648525590923993 0.34386639062822044 -0.65199928978690225 0.32020363334374202 0.5950818974789619
1403715968.8840582 0.019850602117078363  -1.7547692577499641   0.9236262726780915 0.34214342020491184 -0.64639652285837645 0.32354226435007272 0.60035807517373596
1403715968.9340582 0.033707584758737398  -1.7260778550268563  0.89704610077354408 0.34129439054291943 -0.6444048921027985 0.32486720922706208 0.60226387106229273
1403715968.9840581 0.052495597754724406  -1.6893646395670618  0.87183035504928075 0.34341201351076467 -0.64883193858497212 0.32309866603273069 0.59723743725290657
1403715969.0340581  0.0754007908141264  -1.645757517095622 0.84516241766879674 0.34978953458280415 -0.66079757616246981 0.31681480044727306 0.58362850089051077
1403715969.0840583 0.099283767045146853  -1.6005093473975245  0.81686008232437635 0.35910393844961208 -0.67883385624123616 0.30623525293653897 0.56253793371605088
1403715969.134058 0.12678989687436018 -1.5492211406989125 0.78846325246889537 0.37164326677623211 -0.70142313627530284 0.29052711763782474 0.53430408951707076
1403715969.1840582 0.15500415857445365 -1.4959838722745198 0.76126018833114173 0.38454022789753206 -0.72616695842938284 0.27240859086467134 0.50060355695605818
1403715969.2340581 0.18538906650503414 -1.4416340764102127 0.73345591613654204 -0.39515865532577776 0.74728070010270287 -0.25479474408681929 -0.4695751598635407
1403715969.2840581 0.21019770666398935 -1.3904401430348505 0.71107807868900919 -0.4034912292367131 0.76494935616381021 -0.2387192098257086 -0.4416564833598709
1403715969.334058 0.23404869539394582 -1.3436617356035501 0.68769746478916594 -0.40920442351438396 0.77823270464063898 -0.22556447173938823 -0.41955484300971602
1403715969.3840582 0.25393601719704145 -1.3024175859041602 0.66585751446134711 -0.414647122531066 0.78882229724300001 -0.2125917332062959 -0.40078909930451756
1403715969.4340582 0.26898716975578896 -1.2679872077979635 0.64561131632615809 -0.41879824882444833 0.79759050310232338 -0.20144375279450233 -0.38454886633902052
1403715969.4840581 0.27714559987239179 -1.2420902760995129 0.62966069091955967 -0.42416566545252488 0.80255194615855052 -0.18992435114788991 -0.37406229803255076
1403715969.5340581 0.28181357954963043  -1.223627379311236 0.61198512489553447 -0.43132969107370156 0.80316189454157694 -0.17800291006963526 -0.37040603769565028
1403715969.5840583 0.28149546234470152 -1.2157300070434012 0.59853419787639928 -0.44080902184180137 0.79775328315340355 -0.16650900487822534 -0.37623377941820046
1403715969.634058 0.27742484601912393 -1.2161485674235573 0.58656088814876828 -0.4495488463557275 0.78862261985965021 -0.15801569435554919 -0.38860164503417866
1403715969.6840582 0.26847352256846302 -1.2262105448334892 0.57615261958382991 -0.45662517203874942 0.77798810386168782 -0.15241571031376833 -0.40372938183866158
1403715969.7340581   0.257728783505837 -1.2486713198278065 0.56921347004479761 -0.46233727262244984 0.76509325994566424 -0.14925900723055513 -0.42260891932175287
1403715969.7840581 0.25221361977418144 -1.2745355981043649 0.55945416909232548 -0.46370865849862214 0.75191213867275619 -0.15251093869952384 -0.44310588951960478
1403715969.834058  0.2445033162305589 -1.3085500396590726 0.55476384627510178 -0.46026729412245948 0.7382803995772439 -0.1623735332970897 -0.46554366631485117
1403715969.8840582 0.23800292580152288 -1.3570361496000181 0.55460309299628407 -0.45090919345755215 0.72770068811185162 -0.17997915227121214 -0.48449985812663904
1403715969.9340582 0.23145179870234231 -1.4096927535880586  0.5517546628365072 0.4363697216968786 -0.71847569095096464 0.20446125822720712 0.501567285000597
1403715969.9840581 0.23111989082584572 -1.4618829693321727 0.55090089126039377 0.41994607451296462 -0.70762136102198847 0.23076512755846199 0.51929255707112432
1403715970.0340581 0.22656445791041901 -1.5172235003509487 0.55035218582284906 0.406557150047197 -0.69704622961172724 0.25262246923831361 0.53387238696669215
1403715970.0840583 0.23096884244500876 -1.5691920194448217 0.54957477274304123 0.39488668777604058 -0.68611396908342581 0.27162201040019718 0.54729663685428487
1403715970.134058 0.23335518271324623 -1.6231319555028663 0.54820766248201547 0.3858671644717302 -0.67494559314522695 0.28678855072845716 0.55973860403536202
1403715970.1840582 0.23934852085240829 -1.6742914405165334 0.54975111943803256 0.37658985429236691 -0.66352712971148675 0.30036925508523143 0.57244225942922211
1403715970.2340581 0.25058114149911598 -1.7200154756838206 0.55301694109595567 0.36654699381299272 -0.6505970818588992 0.31544042857349108 0.58554596269184123
1403715970.2840581 0.26447770772599422 -1.7594842684530665 0.55495974883332688 0.3570788094475521 -0.638507876583017 0.3289807124822221 0.59713826388840219
1403715970.334058 0.28240096539062459 -1.7926588339842837 0.55716514105543835 0.34870747574353461 -0.62860265927992331 0.34072601585379336 0.60594354128679473
1403715970.3840582 0.30423708936361149 -1.8192179683836727 0.55981298420649417 0.34324605760379301 -0.6209202498061499 0.34791316720712662 0.61285937653268219
1403715970.4340582 0.33048370040084357 -1.8377109067221364 0.56330830007995558 0.3384587843855365 -0.61751710260881276 0.35600517959258438 0.61431147747794346
1403715970.4840581  0.3610509692057674 -1.8477528536909822 0.56675308018522141 0.33672986318921555 -0.62024742233312713 0.36102364339659482 0.60956383031995265
1403715970.5340581 0.39603296844001651 -1.8511385305680905 0.56857908106490418 0.33735279533165308 -0.63009820120121329 0.36496572950557143 0.59663168254072907
1403715970.5840583  0.4339053437032509 -1.8441562963316243 0.57046458825344182 0.34014508419937989 -0.6464074640955898 0.3665448634552988 0.57628428325874193
1403715970.634058  0.4733016780212394 -1.8305370800935239 0.57250468057603776 0.34638702886377393 -0.66575008394222501 0.36163348627457159 0.55318538806691797
1403715970.6840582 0.51395579614201048 -1.8103542383861928 0.57456706118612744 0.35345990013971784 -0.68628097112494379 0.353585016464466 0.52826334701249922
1403715970.7340581 0.55377536571201924 -1.7854512119012851 0.57577254285522383 -0.36092164783129088 0.70864827737236546 -0.34304533984336255 -0.49987306180237051
1403715970.7840581  0.5903671317179795 -1.7618934814203855  0.5743071447382524 -0.36756615308069623 0.73267461879419171 -0.33059106379750458 -0.46775268531722863
1403715970.834058 0.62313258085751588 -1.7322318069332041 0.57343894742497759 -0.37333674528224575 0.75514344314818016 -0.31712028022272443 -0.43567508852794368
1403715970.8840582 0.65278107192534762 -1.7013675156510635   0.574381669263614 -0.37749265417058409 0.77504193823982759 -0.30362809852600925 -0.40573300063241013
1403715970.9340582 0.67681601143216252 -1.6789221495878548 0.58156524783410712 -0.38242374829758058 0.79064971442749787 -0.29143705925860508 -0.3790640398460941
1403715970.9840581 0.69408565336711181 -1.6557485269416825  0.5882675857526527 -0.38750281563873396 0.80260628435302162 -0.27911491953167405 -0.35743472394818776
1403715971.0340581 0.70086337139288224 -1.6346640394673768 0.59899557245616908 -0.39573262672348858 0.8097695670360171 -0.26560327946814127 -0.34223359622427202
1403715971.0840583 0.69910114211421481 -1.6192536895165783 0.61142512113922642 -0.40717190316414054 0.81299401806819094 -0.25104138046033286 -0.33200902571406127
1403715971.134058 0.68948555424307734 -1.6117446389819803 0.62629316990373607 -0.42107622334079564 0.81031274555992938 -0.23815229898665471 -0.33071369945551499
1403715971.1840582 0.67102731153329886 -1.6132771155282746 0.64465055837556229 -0.43458377681469224 0.80326139519148598 -0.22926595853015386 -0.33666777716876201
1403715971.2340581 0.64025991976406893 -1.6312595753722701 0.67147452887192904 -0.45058745333133643 0.78952337739841649 -0.22346206498059323 -0.35169374312942719
1403715971.2840581 0.60716380335735798 -1.6533161107223238 0.69616657655978709 -0.46446411162567064 0.77147925127167805 -0.22377483140085241 -0.3728507458764001
1403715971.334058 0.57036965373695825 -1.6894606329923312 0.72360651956797395 -0.47772119908177202 0.7496813814983454 -0.22729593591392161 -0.39761393297974457
1403715971.3840582 0.53159559681080559  -1.730856124164867 0.75194815701353057 -0.48959084583867019 0.72555027777366998 -0.23461516004544083 -0.42288689359021059
1403715971.4340582  0.4925307892386297 -1.7716696482563357 0.77609021297432701 -0.49916317201214849 0.70053400540923216 -0.24574196830795642 -0.44687707480267941
1403715971.4840581 0.45668934205459616 -1.8185899438924389 0.80037317481472836 -0.50756044790582355 0.67494535456852633 -0.25840159050225636 -0.46910529531642492
1403715971.5340581 0.42554125517838698 -1.8662622553985866  0.8275456651284756 -0.51484179035709998 0.6499627645511683 -0.27281431410859919 -0.48791257989147307
1403715971.5840583 0.39615393844682623 -1.9136288911040196 0.85024581197226923 0.52112897257697155 -0.6269137310116718 0.2884997323635865 0.50216697644910324
1403715971.634058 0.37205131334800678 -1.9646192933949316 0.87361485521555038 0.52596242155104933 -0.6067165417421343 0.30467911183695484 0.51227844762674302
1403715971.6840582 0.35317317311915181 -2.0116805463845204 0.90246729284346838 0.5293998350984489 -0.59017084790514307 0.32108283749258082 0.51801544026058977
1403715971.7340581 0.33876785185743263 -2.0623871182691538 0.92331136816135895 0.53095618885226958 -0.57624206112185983 0.34104497290484248 0.51934472074898286
1403715971.7840581 0.33082017837345506 -2.1094327509607456 0.94569551110704808 0.53164661633197885 -0.5649894989514358 0.36072789012447587 0.51770081195967543
1403715971.834058 0.32591525506568664 -2.1555418265839443 0.96156975344664064 0.53172277342204188 -0.55732965240996402 0.38161046051248942 0.51090900089586044
1403715971.8840582 0.32459050957568431  -2.196072137702052 0.97921815028798909 0.53273804582015782 -0.55200449140632191 0.40031448219015164 0.50122802331054683
1403715971.9340582 0.32569756485146006 -2.2323212071479333 0.99560033730217101 -0.5354356984142048 0.54722746308599535 -0.41527289550109064 -0.49132386342442064
1403715971.9840581  0.3294364186789292 -2.2644466110807198  1.0103272164284982 -0.53950596562685549 0.5432180286844257 -0.42727471960377977 -0.4809197441910158
1403715972.0340581 0.33483985045032683  -2.292200909932681  1.0246611933938252 0.54451996724074347 -0.53869386198203362 0.43625645508101119 0.47221524090098055
1403715972.0840583 0.34248646262272642 -2.3155191462477811  1.0381391761449474 0.54751772844516933 -0.5326043628570426 0.44617244703399672 0.46635509776519107
1403715972.134058 0.35119515227943721 -2.3328217596639931  1.0537187365041845 0.54828619302445625 -0.52447586455268824 0.45611240073547266 0.46504709001969108
1403715972.1840582  0.3603229187624995 -2.3453087648460862  1.0699982480250076 0.54634061872820194 -0.51465051393902372 0.46733276052770911 0.46716899272911405
1403715972.2340581 0.36664715661093422 -2.3534516934345806  1.0877719997765583 0.54210778038499863 -0.50465760266416937 0.47903403513322795 0.47113294482903734
1403715972.2840581 0.37537689734652813 -2.3520436219293965  1.1053389608051654 0.5383186061131473 -0.49549885809520899 0.48865162784050764 0.47530363616068005
1403715972.334058 0.38455846518566167 -2.3427676665358761  1.1215524860018171 0.53490117736852461 -0.48789884953581314 0.49634733051310082 0.47903524981353413
1403715972.3840582 0.39236599914400677 -2.3235461850254677  1.1372280901784491 0.53219451724028477 -0.48415057781187093 0.50226871477215651 0.47968046862983466
1403715972.4340582 0.40202974890058224 -2.3005713189892751  1.1518708163574205 0.53252191454477482 -0.48303173793475035 0.5036992084958003 0.47894452501099377
1403715972.4840581 0.41254477905427211 -2.2682989035389967  1.1678810322583628 0.53513337380273907 -0.48482739868545355 0.501883988797592 0.47611671627344998
1403715972.5340581 0.42797738455550133 -2.2322709120587159  1.1870128015579566 0.54142446353628482 -0.49131644793160428 0.49481894498262874 0.46970406636795858
1403715972.5840583 0.43853027285010743 -2.1900138964849321  1.1973965313790462 0.55091788587455248 -0.50373826814027856 0.48434842318952925 0.45622784350405771
1403715972.634058 0.44832186975911231 -2.1395542146318656  1.2079872558910032 0.56066748238761033 -0.51697057929936963 0.47254647288157337 0.44169358756857385
1403715972.6840582 0.45757955315393273 -2.0963123923741667  1.2158113371249168 0.57060002732941528 -0.53208776417658998 0.45939423439576882 0.42456466813567256
1403715972.7340581 0.46672696847011497 -2.0404549038477091  1.2211968971138558 0.57981946159631248 -0.54722251167344726 0.44603681266300504 0.40670391739125616
1403715972.7840581 0.47689740492714544 -1.9865144326829494  1.2238427081241694 0.58803523446116901 -0.56157223188754468 0.43195825528316772 0.39020924783731314
1403715972.834058 0.4853567232071207 -1.929385400777698 1.2248331025588401 0.59354681543930599 -0.57287542551883575 0.42122633275250337 0.37694071326184525
1403715972.8840582 0.49332223130706271 -1.8746585965986537  1.2251115878114265 0.59553505430856091 -0.5795346025450433 0.41523452625038659 0.3702133597701131
1403715972.9340582 0.49978531270030385  -1.820180441410818  1.2239074406760806 0.59223894911815822 -0.58187666951743022 0.41639733688075042 0.37052102026381939
1403715972.9840581 0.50531604326113899 -1.7664955946153944   1.220221490696888 0.58735170005694115 -0.58263155110633824 0.42027777084186457 0.37272651023483278
1403715973.0340581 0.51048036877972569  -1.714531555530358  1.2169103615656258 -0.57911002935638811 0.58383113009307985 -0.42844873886885176 -0.37443886496298834
1403715973.0840583  0.5140588749356183 -1.6663561532721249  1.2140587215263565 -0.57187365062792095 0.58504161462141535 -0.43484162351929773 -0.3762972220649034
1403715973.134058 0.51579497754868409  -1.615944129606945  1.2106951471014695 -0.56777800010881618 0.58471270892087612 -0.43747817752787843 -0.37993688266043618
1403715973.1840582 0.51554125337238399 -1.5654690572275485  1.2072417818137686 -0.5663053570765133 0.5839681693532196 -0.43708340127923795 -0.38371541545117133
1403715973.2340581 0.51358770390080721 -1.5149976456562899  1.2038695812807798 -0.56479945215172422 0.58462788820876954 -0.43685530424379304 -0.38518729772894866
1403715973.2840581 0.50629482584051688 -1.4653967146618212  1.1986286087114455 -0.56335919815621671 0.58639956346550814 -0.43596868162793478 -0.38560766908847449
1403715973.334058 0.50085917429506466 -1.4145526306609175  1.1949545592470707 -0.56383308775629204 0.58948307387022592 -0.43349089658811241 -0.38299816885587018
1403715973.3840582 0.49365796063419376 -1.3637334197339588  1.1911582714047835 -0.5661561533807169 0.5931000894385221 -0.42874866278443441 -0.37930736620546496
1403715973.4340582 0.48464155677916637 -1.3135451703168997  1.1874614470550053 -0.57025027972106945 0.59682493308967532 -0.42148377497704825 -0.37545445150063639
1403715973.4840581 0.47234208682850587 -1.2663403132799262  1.1837690170575685 -0.57423944328280063 0.60066284692506977 -0.4143310413516193 -0.37119131761749513
1403715973.5340581 0.46025901140793313 -1.2188272251292047   1.180698594503973 -0.57781263743117484 0.60505421874144794 -0.40791966302910404 -0.36557283394999157
1403715973.5840583 0.44706023596323252 -1.1735688098426513  1.1785816663682021 -0.58010281244195183 0.60964149402622492 -0.40347347902355418 -0.35920346251538238
1403715973.634058  0.4267862163147963 -1.1328680582626633  1.1737748810777984 -0.5815610525226812 0.61442572235191073 -0.400239809880581 -0.35224404677410864
1403715973.6840582 0.40446837371761163 -1.1002884824318686   1.164335862330798 -0.58237415175678731 0.61984931762806761 -0.39785744880039225 -0.34400090295757185
1403715973.7340581 0.38603392272620618 -1.0629712231739712  1.1619869315592541 -0.58307987264982408 0.62417862036728922 -0.39624853120199455 -0.3367580934548039
1403715973.7840581 0.36526343862567606 -1.0299386627255389  1.1598037930475711 -0.58353450933552531 0.6275623330941188 -0.39530174589415479 -0.33074087166397664
1403715973.834058 0.34215247822250172 -1.0011858488362193  1.1580135773449953 -0.58425298753491417 0.62941009870653086 -0.39428859615215434 -0.3271511533635883
1403715973.8840582 0.31516960241868974 -0.9818235543618723  1.1575824399283794 -0.58595639751006789 0.63043053314702158 -0.39217614461363492 -0.32466954690726835
1403715973.9340582  0.28727155480895228 -0.96170704916245553   1.1562713738924322 -0.58745889177516541 0.63080482626681134 -0.39082342770820294 -0.32285348068001929
1403715973.9840581  0.25710112543184305 -0.94536477351317449   1.1562642802335181 -0.58983415995947419 0.62739578761371528 -0.38932922748900461 -0.32694486087455543
1403715974.0340581 0.22496737618989904 -0.9337580129474099  1.1569715173263857 -0.59162358425333961 0.62163956899485395 -0.38924008210070976 -0.33472068848721703
1403715974.0840583  0.18940748653966918 -0.92085209409435786   1.1616566884135116 -0.59268905716765208 0.61545818041880862 -0.39024938848458418 -0.34298152203390958
1403715974.134058  0.15449554112537722 -0.91587597390633335   1.1634872227837387 -0.59260316010530789 0.60877223312961037 -0.39286063497829959 -0.35196361216472005
1403715974.1840582  0.11787139019676959 -0.92871147755520866   1.1707988611411331 -0.59147629288956016 0.60348399096981098 -0.39620043973125946 -0.35914910434181646
1403715974.2340581 0.081229530625217178 -0.92967938024166574   1.1720147513599293 -0.59062638322522443 0.59882594521326415 -0.39926070972459288 -0.36490937018381098
1403715974.2840581 0.044269485858773619 -0.93259911980093146   1.1719920941049768 -0.59118922068994995 0.59526938367327586 -0.40003889287668287 -0.3689424757157217
1403715974.334058 0.0070819830955367617  -0.93968786873995913     1.171127662211189 -0.59287852424669907 0.59307361711188966 -0.39935784977291644 -0.37050242643959658
1403715974.3840582 -0.030534255663892056  -0.94402620095704171    1.1710834986000769 0.59419917002494771 -0.59216447406087536 0.39869752020023003 0.37055211426742313
1403715974.4340582 -0.068299803650741994  -0.95139801502837429    1.1661273266507979 0.59576769618010139 -0.59165281798867808 0.39744548955151077 0.37019572929663935
1403715974.4840581  -0.1061295091705389 -0.96051679252593181   1.1606915738700587 0.59636655536476324 -0.5907261807497356 0.39761969605715569 0.37052407253323322
1403715974.5340581 -0.14414948670792962 -0.97137523634481471   1.1553760924868566 0.59589524313541598 -0.58873806760470082 0.39921958081950981 0.37271983211517079
1403715974.5840583 -0.18636444900170751 -0.97372391956502446   1.1456067323825667 0.59466925412525296 -0.58660634691077385 0.40190673149937051 0.37514324082622785
1403715974.634058 -0.22446116677601516 -0.98705205048142353   1.1396868435573699 0.59373670260672451 -0.58401485072292758 0.40413977370405957 0.37825180161263233
1403715974.6840582 -0.27504734410496723 -0.98968443297786168    1.134567110029193 0.59242789725237877 -0.58201677335620372 0.40754592869150924 0.37972618832012855
1403715974.7340581 -0.31436368360400679  -1.0044382729619392   1.1277080168688471 0.59175276380961661 -0.58018954892451591 0.40908293806095358 0.38191609501285084
1403715974.7840581 -0.35213459192087737  -1.0221452592957305   1.1185498449105233 0.59140818859523336 -0.57865255174525199 0.41033892980554976 0.38343127351228079
1403715974.834058 -0.39052173550545538  -1.0382093299622068   1.1104489430969016 0.59147695869321071 -0.57836986081100428 0.41111349978789491 0.3829216652693318
1403715974.8840582 -0.42903783479534202  -1.0550375230458218   1.1022180350835287 0.59156158728025843 -0.57731416343959985 0.41178534297288488 0.383661408613376
1403715974.9340582 -0.4670692173499541 -1.0721200985343624  1.0938039209081361 0.59182268795646886 -0.57623193366903525 0.41265596385187603 0.38395015319375009
1403715974.9840581 -0.50441669670061251  -1.0898647522746436   1.0837227669327392 0.59219844865022098 -0.57488925615568875 0.41371320726817795 0.38424565411323547
1403715975.0340581 -0.54215334550454586  -1.1073212406625219   1.0754852085028872 0.59337711521099601 -0.57279681234263224 0.41365520352949237 0.38561221908410798
1403715975.0840583 -0.57936217378966004  -1.1253501245239059   1.0675543851238944 0.5945874217868512 -0.57070811108335473 0.41418630291487568 0.38627419830250287
1403715975.134058 -0.61625353042723474  -1.1437345326995569   1.0601287799380033 0.59644820821479116 -0.56843331717460821 0.41335683284728919 0.3876457501143209
1403715975.1840582 -0.65225658239040496  -1.1642694041575163   1.0513864087410072 0.59794676477942743 -0.5664825998295947 0.41300492183149456 0.38856668040772663
1403715975.2340581 -0.68800474171971115  -1.1832933643938408   1.0442560241065515 0.60025365862405589 -0.56428555920687429 0.41178435246750461 0.38950096282543201
1403715975.2840581 -0.72100109089524245  -1.2030783226277626   1.0356030187838923 0.60168344794552231 -0.56224971511417843 0.4116064313724912 0.39042596221974774
1403715975.334058 -0.75444950377299691  -1.2233574179560043   1.0312833740811247 0.60216488753282982 -0.55913741401509309 0.41316281705774799 0.39250386886245447
1403715975.3840582 -0.7870219521581141 -1.2437981355162528  1.0283112789592868 0.60237584576712144 -0.55604210506160412 0.41475754200176779 0.3948882110011096
1403715975.4340582 -0.81836303573524971  -1.2639460855274565   1.0268338201176808 0.60238506771858125 -0.55237897151571491 0.41650094693404643 0.39816662745635045
1403715975.4840581 -0.84871555868024973  -1.2831901108556822   1.0249550575184843 0.60280225305823287 -0.54805169766283579 0.4175902297564324 0.40235206027653425
1403715975.5340581 -0.87784950017201224  -1.3011324836762488   1.0252210802971151 0.60312693763855385 -0.54627680929174172 0.41857189271175815 0.403258124972666
1403715975.5840583 -0.90508081422393816  -1.3187832991629089   1.0263835115174291 0.60434953607041031 -0.54648018313488533 0.41809302129517595 0.40164570611001632
1403715975.634058 -0.93104534017181628   -1.335856200158646    1.028744429837918 0.60516590764829736 -0.54776060042145203 0.41792710136984301 0.39883516242521
1403715975.6840582 -0.95671961333112443  -1.3531602336312862   1.0328806386246785 0.60578127863378628 -0.54888423806314401 0.41792624026247577 0.39634933248679516
1403715975.7340581 -0.98009442552760473  -1.3697988723680665    1.037260630461776 0.60658348845033327 -0.54946693859066265 0.41710504214394195 0.39517836321505467
1403715975.7840581 -1.0057070879217065 -1.3777323030908717  1.0364289073325956 0.60648198351748872 -0.55069247245669595 0.41704386985665137 0.39368999868324317
1403715975.834058 -1.0278309269704786 -1.3928931164244738  1.0414801190170213 0.60667371636840695 -0.55100163243630706 0.41668776900591165 0.39333892011997335
1403715975.8840582 -1.0483516994429414 -1.4079509582903191  1.0465413128600967 0.60763164969481842 -0.55168920461355153 0.41539111989631811 0.39226651311742494
1403715975.9340582 -1.0674427342437869  -1.424048085416743  1.0515162587108617 0.60809434841542964 -0.55239937648622961 0.41449306805216574 0.39149928329377753
1403715975.9840581 -1.0857878369898575 -1.4416842722608445  1.0567023312025416 0.60864736714579237 -0.55309124674825527 0.41348804867771038 0.39072508089148178
1403715976.0340581 -1.1027433198234053 -1.4583494387649061  1.0612495102843502 0.6097198088301361 -0.55365039784683101 0.41132513906214624 0.39054400732784794
1403715976.0840583 -1.1193014554674874 -1.4759254179122148  1.0665368889051952 0.60963710393118853 -0.55438041197667798 0.41086493343334857 0.39012173331124755
1403715976.134058 -1.1338005651648106  -1.492939354529526  1.0713978982112311 0.60898611449832307 -0.55468370498747188 0.41067010586344932 0.3909117085988984
1403715976.1840582 -1.1485823493597942 -1.5100084759249039  1.0761617074371683 0.60821379566408584 -0.55430437408712918 0.4103250308606155 0.39300891679578531
1403715976.2340581 -1.1609066331254432 -1.5273549652296852  1.0812373455758826 0.60743633369281413 -0.55367785879473908 0.41009978434211902 0.39532277454360332
1403715976.2840581 -1.1712850489686271 -1.5383147415073581  1.0886390641547743 0.60633114390997722 -0.5538739551212728 0.41033505722266678 0.39649883553070819
1403715976.334058 -1.1791942791208967 -1.5669082919961093   1.100652199136039 0.6071132770705262 -0.55230120883316491 0.40896850083535929 0.39890049993775384
1403715976.3840582 -1.1886388271233856 -1.5857012620608588  1.1055859856908172 0.60704394301615261 -0.55061544575745502 0.40827302121218251 0.40203659322379864
1403715976.4340582 -1.1951335784034363 -1.6043068792554485   1.110169007353208 0.60896036764374595 -0.54835740765144847 0.40665272605630925 0.40386258121290386
1403715976.4840581 -1.1996621474144349 -1.6229537756695382   1.113961692111139 0.61195132850257106 -0.54498362173412074 0.40579742147541031 0.40476768189840417
1403715976.5340581 -1.2021522108495577 -1.6417483082469082  1.1171609070580182 0.61491026685547368 -0.54127463591116076 0.40621811741650782 0.40483820634613854
1403715976.5840583 -1.2018766591076993 -1.6601865443701644   1.120079482040474 0.6191082118040534 -0.53613210325595462 0.40728862499327328 0.40420708292436291
1403715976.634058 -1.1992446771921832 -1.6786775362571291  1.1220319978887519 0.62339259247016399 -0.5319618357760626 0.40978501427239011 0.40059271462280338
1403715976.6840582 -1.1947017119177736 -1.6970884645918052  1.1232999540744431 0.62658925684324174 -0.52789187606608379 0.41490127397983045 0.39569306696223266
1403715976.7340581 -1.1879200420302007 -1.7148674063437364    1.12431352062103 0.62999123211319974 -0.52511424799311057 0.41905276766611482 0.38956495212800074
1403715976.7840581 -1.1784682258934638  -1.732344855717715  1.1278060960998688 0.6326011894413397 -0.52209937919641103 0.42307659909943279 0.38501190196483837
1403715976.834058 -1.1692349897404184 -1.7501892504636871  1.1283781633105847 0.63541680806281098 -0.51907493038274777 0.42599464137891896 0.38122862195257678
1403715976.8840582 -1.1588737283665316 -1.7689978638799775  1.1338429835890425 0.6373253674443804 -0.51629888061824292 0.42889452790795513 0.37855161578686619
1403715976.9340582 -1.1473156519587497 -1.7870848210539396  1.1345453555921461 0.63978090019541656 -0.51382003703738677 0.43045683528155049 0.37600037532352681
1403715976.9840581 -1.1345424700967226 -1.8047684529432544  1.1354013540456875 0.64204396855658674 -0.51084438567595303 0.43294531956958887 0.37333082691662806
1403715977.0340581 -1.1201537831046484  -1.822532028889283   1.136106676613535 0.64514531415505838 -0.50677647694301853 0.43501494222222159 0.37111605473812453
1403715977.0840583 -1.1041706325187097 -1.8390755461365618  1.1361918232404813 0.64841318980307938 -0.50240349218849512 0.43786276633781629 0.36800443500207369
1403715977.134058 -1.0868926691794396 -1.8560794459998002  1.1366259408058206 0.65287431614673008 -0.49696952535562217 0.44042804404405106 0.3644167342525293
1403715977.1840582 -1.0681001689519056 -1.8717458894955978   1.136053610288295 0.65804324851330009 -0.48984057586476204 0.44375453912452789 0.36071762131745011
1403715977.2340581 -1.0475305297346726 -1.8879568298127141  1.1355192313281304 0.66362212773555207 -0.48242219344439691 0.44789568630631549 0.35533639419602131
1403715977.2840581 -1.0250846824298245 -1.9048973241870906  1.1339253804852423 0.67051708451276248 -0.47352583273615012 0.45189824780293325 0.34923931442590966
1403715977.334058 -1.0013356778423514 -1.9211339809563803  1.1332794479905266 0.67765220925050607 -0.46266271854472724 0.45691322989936134 0.34345449845597348
1403715977.3840582 -0.97669097206521327  -1.9367567372655037   1.1299810704789117 0.68513154978593149 -0.45139090445071245 0.46254838421438565 0.33599107596446159
1403715977.4340582 -0.95220664096292174  -1.9527001485992483   1.1287731231338127 0.69283878391758036 -0.43985266276748702 0.46902643413170209 0.32637135082856167
1403715977.4840581 -0.92537449301067676  -1.9661773823296671   1.1249319996345948 0.70105264730681449 -0.4263673453362945 0.47435438164974536 0.31894199025007042
1403715977.5340581 -0.89709206762902904  -1.9776964873087841   1.1202669634450704 0.70930124576655151 -0.41339403135891595 0.4798998599253505 0.30934324307227173
1403715977.5840583 -0.86716274239116342  -1.9900575858229532   1.1177182280719464 0.71698270665995356 -0.39895704875594762 0.48655089262284945 0.30006216103737571
1403715977.634058 -0.8357184948259897 -2.0023022382666968  1.1157947612768251 0.72444989274520921 -0.38437257658109064 0.49358659954531631 0.28948634514111349
1403715977.6840582 -0.8034321806612621 -2.0137154959987602  1.1127819571958892 0.7320155983046398 -0.36967465326347498 0.50000017799622265 0.27837678886174305
1403715977.7340581 -0.77085827610048896   -2.024273746871168   1.1095248209968041 0.7399446347826808 -0.35470799572689043 0.50582856064524129 0.26608578026512619
1403715977.7840581 -0.73731174710343672  -2.0346244475219364   1.1073020199371029 0.74753878023509179 -0.33801523316539717 0.51163240101967067 0.2552719342576073
1403715977.834058 -0.70322815666911487   -2.042695795470689   1.1043940052271806 0.75436238846080161 -0.32108192180391493 0.51778324135571263 0.24442647429767395
1403715977.8840582 -0.67060095620467919  -2.0499574001602356   1.1014178674975168 0.76090464835729921 -0.30197570407625746 0.52380883528499289 0.23549754634238262
1403715977.9340582 -0.6374717617660095 -2.0547455155245578  1.0999698929971902 0.76681123000921092 -0.28217386962219954 0.52975001028799673 0.22747169369849618
1403715977.9840581 -0.59936504301970517  -2.0594273460311001   1.0961142205971171 0.7727019080766947 -0.26032724652232514 0.53517871771800396 0.22078321058099748
1403715978.0340581 -0.56178005191602254  -2.0610576670345693     1.09501107230909 0.77828945801819249 -0.2388094010000707 0.54030488448575276 0.21285258122130674
1403715978.0840583 -0.52341651360179586  -2.0574473633137038   1.0951613981535657 0.78254081346212534 -0.21576503800823763 0.54670133260948439 0.20540929035063843
1403715978.134058 -0.48631003988795918  -2.0543914978848115   1.0936196586077565 0.7873236834748556 -0.19233088782743285 0.5512646098643148 0.19808477210084022
1403715978.1840582 -0.44784821771359995  -2.0491786888101462   1.0912621864085246 0.79157780145461021 -0.16923909058870013 0.55517651792989153 0.19115896107751909
1403715978.2340581 -0.40832179363881038  -2.0417843830206914   1.0870227916690252 0.79578547146882006 -0.14723956484393855 0.55809248237009579 0.18324512289744518
1403715978.2840581 -0.36857322311898394  -2.0301070698291745   1.0848707662777421 0.79841401671764889 -0.12606756528501006 0.56221469519816325 0.17480464351708766
1403715978.334058 -0.32977717221551212  -2.0121221301416519    1.084320442481095 0.80044592622955768 -0.10827001710336592 0.56672709729214643 0.16243250836504503
1403715978.3840582 -0.29264223440427339  -1.9892964281253898   1.0855441767696776 0.80103447998677202 -0.092272722942247587 0.57263401746312448 0.14805332997669163
1403715978.4340582 -0.25263625821784902  -1.9644169197436707   1.0793922725858529 0.80292521134688899 -0.077607774567419158 0.57624791275761589 0.13124969086720722
1403715978.4840581 -0.21278078739302711   -1.939463733187399   1.0755099005326552 0.80446708196494809 -0.065749869108762529 0.57958111055011374 0.11222925216038283
1403715978.5340581 -0.17379444523253357  -1.9100443619300143   1.0739398357339172 0.80519905759861743 -0.054241935277948718 0.58347488317122309 0.090935970924210657
1403715978.5840583 -0.13640757412367957   -1.876221961522059   1.0694504019916684 0.80454772554655896 -0.042242025363850105 0.58824369506754359 0.069913688390054671
1403715978.634058 -0.099173450060032017   -1.8428089343124092    1.0643345211670923 0.80391772467323908 -0.028405410190867845 0.5919100112538398 0.050516959583589219
1403715978.6840582 -0.062835913810392663   -1.8080235393394859    1.0586690881643561 0.80435535337548181 -0.014046611565170715 0.59312887830576366 0.031832246535354561
1403715978.7340581 -0.028675672623458132   -1.7715204894472585    1.0527777215126226 0.80468417700546691 0.0026779897987944667 0.59348238093997852 0.015964559545639058
1403715978.7840581 0.0058453875128771189   -1.7372090816634942    1.0476853918561142 0.80505355411623103 0.020753588579885639 0.59283331966283037 0.0025920384699757541
1403715978.834058 0.040100488731551837   -1.701669099027957   1.0364071384445666 0.80633945865236367 0.039606606555671386 0.59003319770735918 -0.010431670076537775
1403715978.8840582 0.068787992789732438  -1.6631629730811468   1.0319811227712234 0.80723859908075302 0.05982722543584218 0.58676253706098935 -0.022277171107286459
1403715978.9340582 0.096625809077127728  -1.6247657703476266    1.028197739140418 0.8075389225832672 0.080109646530391029 0.58330683807891326 -0.034877868286529369
1403715978.9840581 0.12520971456231877 -1.5843174464404788  1.0239660946629583 0.80724169975645921 0.10162554223122867 0.57955468509186825 -0.046362207977799663
1403715979.0340581 0.15101267266266646 -1.5434617667230457  1.0213617030376676 0.80490840397690688 0.12299795916902814 0.57754959329138267 -0.058569877382158332
1403715979.0840583 0.16815376110842511  -1.496615852628234  1.0207706830006986 0.80014224361868702 0.1435814671656207 0.57777097444721659 -0.073057876712475447
1403715979.134058 0.19073414237989195 -1.4531178598479599  1.0203971618961216 0.79448413363957071 0.16207066004999318 0.5782315536502024 -0.090423077304487856
1403715979.1840582 0.20676862530597812 -1.4094456663948149  1.0254517083449624 0.78623671589701583 0.18120810008800625 0.58088968998228974 -0.10752961968801843
1403715979.2340581  0.2290029696934161 -1.3670694134093087  1.0309067221231465 0.775477765013037 0.19913430363630238 0.58555485824738895 -0.12690655250439165
1403715979.2840581 0.24786607112108619 -1.3218248826368466  1.0355602651832105 0.76323635059731942 0.21798879111853509 0.59074286579032897 -0.14482412296090244
1403715979.334058 0.25695511010459898 -1.2742823909641099   1.045151162222645 0.7513840696243167 0.24033930004863607 0.59408656588067832 -0.15722643863878005
1403715979.3840582 0.26980295313843439 -1.2260901338175207  1.0504657022688821 0.74086966185654068 0.26290416556135349 0.59473597311539506 -0.16817451101028236
1403715979.4340582 0.27500411930200741  -1.183254348529585  1.0576423066956482 0.73265893664432258 0.28586382542169186 0.59202526147900203 -0.1760648904273826
1403715979.4840581 0.27784287851490652 -1.1397223389284357  1.0631074386687753 0.7250151313199058 0.30683351113064578 0.58829774882419461 -0.18469438143269112
1403715979.5340581 0.27161110571370695 -1.0996463988095633  1.0734221158298287 0.71765552965020074 0.32617799688880633 0.58394743498675916 -0.19386554175634352
1403715979.5840583 0.26755664594394701  -1.057495313749975   1.079812019059291 0.71155055656293253 0.34370431038433147 0.57773225479915191 -0.20442258740877936
1403715979.634058 0.26249196109611739 -1.0118862742207451  1.0847232969331488 0.70504431760712072 0.36094653511294189 0.57142889163438848 -0.21470708140479608
1403715979.6840582  0.24998018985964857 -0.97003774773781271   1.0925062523056264 0.69819474590026709 0.37739983108097741 0.56456142243892526 -0.22663597373552288
1403715979.7340581 0.23545665267853275 -0.9256440059918829  1.0992928536942406 0.68909915422409806 0.39406491080014699 0.55940343905696555 -0.23858540209942566
1403715979.7840581 0.21169832802307498 -0.8879153863474093  1.1081858818523849 0.67903529710569988 0.4096716916329044 0.55446671973046435 -0.25228322788197222
1403715979.834058  0.18897401465401506 -0.84615414771345743   1.1153465237091804 0.66825375871797965 0.42475668402335875 0.54973466601741605 -0.26610236811327537
1403715979.8840582  0.16231404136628458 -0.80567530647075891   1.1229714939811657 0.65666500831717645 0.43907773328986577 0.54475917534817964 -0.2814946746473323
1403715979.9340582   0.1306570348602899 -0.76771363120838443   1.1312745352771609 0.64424022682016124 0.45357413288212739 0.5400272503342799 -0.29596554702081579
1403715979.9840581    0.096178611708837 -0.73038182455444844   1.1395727619340701 0.63078411091675946 0.46769657189946917 0.53521324252579572 -0.3113167311171402
1403715980.0340581 0.052850949890233548 -0.69775256810325692   1.1516699031134807 0.61683406365795723 0.48132665109587686 0.53002116950974276 -0.32698310770980782
1403715980.0840583 0.0092921999549845282  -0.66556802967686957    1.1615786660890606 0.60320919689745789 0.49539242513502046 0.52396681798045863 -0.34085742408314978
1403715980.134058 -0.036251779738338735  -0.63629450729029458    1.1693048024541777 0.58984533041449616 0.50942543358257963 0.5169384583356027 -0.35403791336666884
1403715980.1840582 -0.08512812630801106 -0.61148306179151934     1.17633639306989 0.5771737824802825 0.52317100093130009 0.50795828001045817 -0.3676151715731576
1403715980.2340581  -0.1332907391488713 -0.58240419401677646   1.1808262541178831 0.56586144391916149 0.53592543597634279 0.49692572272062208 -0.38164064177950996
1403715980.2840581 -0.18760239411854651 -0.56042883076768046    1.185406424382599 0.55561628935890006 0.54903562375626502 0.48367446714373302 -0.39485368515292085
1403715980.334058 -0.24459569138544168 -0.54131183356699442   1.1905408063688756 0.54445456258885405 0.56246129401115263 0.47068159551852368 -0.40702009490394508
1403715980.3840582 -0.30221871133954625 -0.52379498806154001   1.1947776210801424 0.53258998999835572 0.57515818493703164 0.45749506386190747 -0.41980856517641463
1403715980.4340582  -0.3590203732259295 -0.50453416135603313   1.1957539739911729 0.51939890116795628 0.58677594919890008 0.44448579435489527 -0.43399440724961802
1403715980.4840581 -0.42895151208425425 -0.50986074828539274   1.2006193156172109 0.50463839421919865 0.59753895574636651 0.43228689073617921 -0.44879319462649764
1403715980.5340581 -0.49023249402227337 -0.50143141469042873   1.2033191222960018 0.49071515374602304 0.60684337078867545 0.41779780564061297 -0.46517174765428737
1403715980.5840583 -0.55316639075213692 -0.49847153885576762   1.2047939501714851 0.47657195684075937 0.61712459556569577 0.40245627099266879 -0.47965128316259259
1403715980.634058 -0.61776469583291238 -0.49898750124703767   1.2072122081178556 0.46195678015296743 0.62813840274509347 0.38701075753880276 -0.4921999124510158
1403715980.6840582 -0.68121313264064254 -0.50287191663494191   1.2086406052161009 -0.44657597765115326 -0.63941832222381723 -0.37175030556675753 0.50350354090156879
1403715980.7340581 -0.74644677640693324 -0.51158562414090536   1.2113989843733981 -0.43096754303384011 -0.65042976423803855 -0.35623027009614233 0.51410902862316499
1403715980.7840581  -0.8097990970213288 -0.52146663889108169   1.2121865243466634 -0.4160735640812146 -0.66162770177127395 -0.33855492773875573 0.52393905602218993
1403715980.834058 -0.87341041421961418 -0.53611260985344678   1.2151865352251006 -0.40033542917144627 -0.673296524302607 -0.32144408852143358 0.53204984020932433
1403715980.8840582 -0.93367968240949639 -0.55293563562439441   1.2154652109791058 -0.38411022665855821 -0.6836547728020933 -0.30371238112598564 0.54114164037894308
1403715980.9340582 -0.99173250029651261 -0.57140073673250968   1.2145703437257245 -0.36658417269569255 -0.69387426130637841 -0.28683660382587195 0.54943545256124693
1403715980.9840581  -1.0489091165524171 -0.59497787122271983   1.2159685177004327 -0.3479841886145349 -0.70271642987638228 -0.26963007479318196 0.55892418665065713
1403715981.0340581  -1.0968897971481646 -0.60822579275555289   1.2077022344716415 -0.32891820833031865 -0.71051569337711895 -0.25222101407470726 0.56865175789118205
1403715981.0840583  -1.1487230173948459 -0.63423992571522314   1.2081682189473122 -0.30877783695261268 -0.71756123073245748 -0.23508463634040841 0.57835745116085835
1403715981.134058   -1.197588477664465 -0.66719487153355328   1.2098588261798777 -0.28814938572570437 -0.72477318893747034 -0.21731410258347983 0.58689721154700158
1403715981.1840582  -1.2346663886896345 -0.70375123430028352   1.2102709776813705 -0.26562326320887897 -0.7317420521662884 -0.20222648275384172 0.5942241166485468
1403715981.2340581  -1.2767855236482983 -0.73594624007617937   1.2108210447261918 -0.24346629644165896 -0.7385152031293577 -0.18423717179309182 0.60114567433648602
1403715981.2840581 -1.3152394909416454 -0.7644218838982032  1.2108266878417597 -0.2210849648408274 -0.74476890089523862 -0.16517043189782069 0.60758493316351747
1403715981.334058  -1.3519761680365348 -0.80238847750104025   1.2129374325263589 -0.19791737565533998 -0.75030521265958761 -0.14652131574440733 0.61351634395676991
1403715981.3840582   -1.38199224274781 -0.8361164287446281  1.2137438622699708 -0.17500473873366981 -0.75517004213426975 -0.12608726444179266 0.61902629235701345
1403715981.4340582  -1.4274074085776902 -0.87360796175605382   1.2207751437887775 -0.15106738430872976 -0.75900527251134697 -0.10609265384847641 0.62436687171684724
1403715981.4840581   -1.444932034372576 -0.90953088442178331   1.2209725918026493 -0.1276081203229229 -0.76103313292680042 -0.084427766931311085 0.63040993836254022
1403715981.5340581  -1.4646250003087049 -0.94809463759535006   1.2236705394969223 -0.10310081101227203 -0.76100916344168368 -0.064348092047389296 0.63725552094608118
1403715981.5840583  -1.4800589960109831 -0.98563005735323772   1.2267215061513743 -0.078230718700620372 -0.75988742176052482 -0.044992794128979545 0.64375982274307408
1403715981.634058 -1.4930904509556415 -1.0271875898899072  1.2324850840836898 -0.052553106650068029 -0.75913468326289446 -0.026426491513254369 0.64827027094806022
1403715981.6840582 -1.4967061495388092 -1.0647290998364123  1.2358314650359306 -0.026890129578417285 -0.75866459947962184 -0.0088576782540542194 0.65086595237700728
1403715981.7340581  -1.503955621327691 -1.1001464223292312  1.2378921082214094 -0.00055183818601081344 -0.76034183817982948 0.0070286526363817509 0.64948485943095835
1403715981.7840581  -1.497952631395191 -1.1376530526841113   1.239001254517802 0.024524427376804245 -0.76447894957509976 0.023848188576827002 0.64374043839112383
1403715981.834058 -1.4658793570264823 -1.1739837633947527  1.2339456992609896 0.049342274717621676 -0.77168631793010434 0.03978058334319768 0.63283731861675463
1403715981.8840582 -1.4455512246329445 -1.2083443097160385  1.2334868011463318 0.073547158828602271 -0.77759697293851915 0.055193337369159622 0.62200278023104238
1403715981.9340582 -1.4188056674364833 -1.2417412518493607  1.2300552703230614 0.096635207175164606 -0.78137489248908609 0.070731006724030807 0.61246390816903451
1403715981.9840581 -1.4037511005192318 -1.2823115400377236   1.232035836453391 0.11969746505396275 -0.78206218653146742 0.084585176592293795 0.60571990322105651
1403715982.0340581 -1.3737096206301889 -1.3150484333139922  1.2312410746714404 0.14094913498329556 -0.78141836155732958 0.098894680919705422 0.59978206679952417
1403715982.0840583 -1.3577673835323716 -1.3658272396405993  1.2418820082364148 0.16133611325244296 -0.77891361686238647 0.11263913456556053 0.59546340054723079
1403715982.134058 -1.3286826124592335 -1.4007326681330345  1.2431245263561168 0.18112996959702465 -0.77561887866343537 0.12611994543123586 0.59135526423553386
1403715982.1840582 -1.2965184128711726 -1.4369634108372968  1.2458429484605131 0.20048699573067932 -0.77136070319630146 0.13917147079502312 0.5877405310374163
1403715982.2340581 -1.2471973185734162 -1.4756682330272319  1.2437141579806528 0.21929345416467469 -0.76640628905116914 0.15245025452749339 0.58420090804263902
1403715982.2840581 -1.2101246810233248 -1.5102357211817092  1.2457774829664181 0.23684595093566174 -0.76209963094192312 0.16646777138145669 0.57913437916847743
1403715982.334058 -1.1742031991815427 -1.5457942713434871  1.2476199132745549 0.25476006338507307 -0.75660806838703665 0.17907749680088517 0.57495459915996838
1403715982.3840582 -1.1342970773330308 -1.5806834794335185  1.2499648387295617 0.27150306628601295 -0.75127042224176188 0.19263841064392906 0.56988532215399157
1403715982.4340582 -1.0888766805132222 -1.6175825773886212  1.2564198736087251 0.28897603936100702 -0.74500222513150249 0.20519469862269851 0.56511916343500124
1403715982.4840581 -1.0394007761590225 -1.6497804896666921  1.2603004934330913 0.30657143592400526 -0.73839116561236018 0.21822910478259577 0.55961459867206886
1403715982.5340581 -0.99210420923036247  -1.6781281631594067   1.2613910780455759 0.32505301719061092 -0.72998915570552292 0.23043118728619583 0.55529977173909628
1403715982.5840583 -0.94482995498936273  -1.7064849767805059   1.2613914826380355 0.34303239230112093 -0.72162222546729637 0.24374878708164041 0.54970598535946968
1403715982.634058 -0.86556964322089114   -1.734004958181157   1.2721090537185602 0.36138926354734291 -0.71186029618050295 0.25771091373927379 0.54427732256101247
1403715982.6840582 -0.81250191666802418  -1.7599572482506769   1.2737114420775679 0.37931968600317117 -0.7027058994223816 0.2719469103772541 0.53699708813335589
1403715982.7340581 -0.75209585007455837  -1.7846993467228596   1.2769036660376474 0.3974396432434612 -0.69277034392704928 0.28593507674471191 0.52948287266039495
1403715982.7840581 -0.68309114518096803  -1.8114160621266313   1.2837644853454846 0.41601207437266191 -0.68191164209817734 0.29974322481751975 0.5216171637543342
1403715982.834058 -0.62469640762803191  -1.8345560629821158   1.2841293810243641 0.43389549289912838 -0.67115711778113674 0.31393817234465926 0.51256770132191787
1403715982.8840582 -0.5634754914197504 -1.8556566259100218  1.2852613684928775 0.45225172918103751 -0.65948308094314823 0.32666330856336234 0.50382687725143449
1403715982.9340582 -0.50016414683920218  -1.8732819055425443   1.2884995733731082 -0.47044338721128959 0.6475574069864527 -0.3379416629437908 -0.4951240819561657
1403715982.9840581 -0.43612980251064559  -1.8917138367809494   1.2895080087434858 -0.48627452932262605 0.63554545061237411 -0.35134183627327104 -0.4859814568706291
1403715983.0340581 -0.37852397074691424  -1.9049412030979418   1.2903957913809025 -0.50169152579085574 0.62346602703037324 -0.36419836371874614 -0.4763982346243455
1403715983.0840583 -0.31443817796744267  -1.9151219792131358   1.2924241993198708 -0.51727737283259168 0.61071336375485441 -0.37627241701731007 -0.46676800991348394
1403715983.134058 -0.25032633330002335  -1.9263008177349314   1.2930058684193442 -0.53212711237421573 0.597890113665832 -0.38893402527856846 -0.45617811459729979
1403715983.1840582 -0.18523692654900345  -1.9373511000827426   1.2937759376253699 -0.54701860405303282 0.5837944917175415 -0.40171709386423238 -0.44562093168679157
1403715983.2340581 -0.11723552416777916  -1.9448501510374314   1.2961295377562625 -0.56112949818243285 0.56962665201423657 -0.41503974303141367 -0.43405204214356713
1403715983.2840581 -0.051609596452799063   -1.9507010552833786    1.2962150862649002 0.57594057816010635 -0.55449944743257229 0.42731060107061314 0.42217113051255145
1403715983.334058 0.013352079867227952   -1.954669840469907   1.2959187722875758 0.5907159093051223 -0.53727902538168348 0.43899246088359295 0.411912105510506
1403715983.3840582 0.078497998487333909  -1.9560032090042627   1.2955884108410454 0.6057414459650432 -0.52085554331564743 0.45017840536146364 0.39890626340501395
1403715983.4340582 0.14390968595373071 -1.9549137877340574  1.2955197063916932 0.61928609672579238 -0.50294269545621695 0.46316258385373499 0.38602305165274736
1403715983.4840581  0.2057375005759709 -1.9518974526679644   1.295863155258979 0.63007311225337437 -0.48385281761106236 0.47896309955107758 0.37348182468977981
1403715983.5340581  0.2697450062386112 -1.9472927924052708  1.2968378753320355 0.63921229815211944 -0.4643503339175814 0.49588162014914178 0.36039953396193358
1403715983.5840583 0.33047874525634846 -1.9420607965858441  1.2973115142059144 0.64691977923553601 -0.44447006609704837 0.51298692103940691 0.34754219660357821
1403715983.634058 0.38874886061474329 -1.9319461578971369  1.2984600402496562 0.65384325795029363 -0.42478658615870601 0.52976686390984939 0.33375503015790065
1403715983.6840582 0.44672907299626891 -1.9187709554134531  1.2992722409841517 0.66099548045706358 -0.40593309419241813 0.54446381393380483 0.31915897789559428
1403715983.7340581 0.50334682215433746 -1.9015585547602354  1.3005421250208919 0.66692164858474523 -0.38726426669305108 0.5587535123801195 0.30501871220398702
1403715983.7840581 0.55774227134086329 -1.8815288221277742  1.3012370361098355 0.67408483552083565 -0.36972316186306153 0.56988905727853001 0.29007047505221339
1403715983.834058 0.60783092933454175 -1.8580627079729775  1.3020416033338329 0.6812332466576706 -0.35208770030536457 0.57963252248269292 0.27564769874294198
1403715983.8840582 0.65475132227958854 -1.8306936957555184  1.3073905666084966 0.68803863997664905 -0.33478885372068001 0.58870577832405713 0.26066215661530628
1403715983.9340582 0.69162676673714774 -1.7995776148518463  1.3100240917963293 0.69523921162700475 -0.31785124601820813 0.59571226652621456 0.24645470076899317
1403715983.9840581 0.72768929225949486 -1.7671589797930076  1.3133524805876211 0.70181247145293157 -0.30208260184721819 0.60231090190544001 0.23114267027141167
1403715984.0340581 0.76572491644063334  -1.729847490272105  1.3141067850205159 0.70946008033339769 -0.28674841027565928 0.60636289030864843 0.21625399157993194
1403715984.0840583 0.80314290857157256 -1.6956745621340665  1.3145425768731762 0.71726590917399524 -0.27254783187092585 0.60921332865343703 0.20026586097050808
1403715984.134058 0.82642601083299772 -1.6586425914525547  1.3180990371460819 0.72570677308094944 -0.25813253846438988 0.61016580490217098 0.18551270204072731
1403715984.1840582 0.84896027601988411 -1.6163393802004522  1.3209013792637332 0.73305786939872708 -0.244848022563395 0.61165694629642087 0.16897155383889728
1403715984.2340581 0.86516303646919401 -1.5745468925754305  1.3233904246415078 0.74007198343444169 -0.23091249055772015 0.61264113411616949 0.15376515154187514
1403715984.2840581 0.86385445350110968 -1.5316480329727078  1.3255464402426189 0.74589868259258707 -0.21646191195168615 0.61408325205745251 0.14028954174637057
1403715984.334058 0.87135960392768808 -1.4907097103413869  1.3299566601755466 0.74992930033161953 -0.20205800435384114 0.61709317343415415 0.12639075394045129
1403715984.3840582 0.86628626325391689 -1.4410254648775045  1.3368728984311835 0.75386177733754722 -0.18675377209482219 0.61959319575874983 0.113664950830453
1403715984.4340582 0.86632585737702061 -1.3968277468527162  1.3409247716810471 0.75745745538326914 -0.16994406251572089 0.62183266055834396 0.1034473835478064
1403715984.4840581 0.86534917191626426 -1.3547719952478181  1.3458900400962224 0.76197024367161559 -0.1532776027773354 0.62233203813858784 0.092790940032545594
1403715984.5340581 0.85904725455021891 -1.3118684564919534  1.3499031377764779 0.76787773853151242 -0.13670409991117552 0.62052650771364048 0.081379487341214807
1403715984.5840583 0.84269138246273079  -1.270706773392976  1.3540672279625336 0.77613713628479719 -0.11930446160909695 0.61511385440432575 0.070799274287607752
1403715984.634058 0.82632683838874665 -1.2255945026391719  1.3582900343924462 0.7845762057565927 -0.10050990133808793 0.60875785610917854 0.061252018080657798
1403715984.6840582 0.80738131537012336 -1.1840977994400328  1.3585581362902464 0.79204337298799399 -0.081722674635789611 0.60297247925401254 0.049121166704832485
1403715984.7340581 0.78684784037169953 -1.1405921287087255  1.3598123514780034 0.79789856975412443 -0.063154524182343422 0.5984790071687287 0.034529066566549124
1403715984.7840581 0.76091909371122812 -1.0941243031391494  1.3636511407648506 0.80101815849503955 -0.045896481001950269 0.59665080560486117 0.016469334046145926
1403715984.834058 0.73198404656381655 -1.0485133919537077  1.3632964588244754 0.80200620800403255 -0.029251024850840485 0.59659363859907455 -0.0025397344910554286
1403715984.8840582 0.70943248821040883 -1.0058791066332333  1.3659369500672991 0.80222894705670422 -0.012165496284299016 0.59654389089046067 -0.020398613818559896
1403715984.9340582  0.68576801602416271 -0.96488282708154649   1.3685183268898145 0.8016115913261912 0.0053475959438526455 0.59672240706373159 -0.036230219115801439
1403715984.9840581 0.65975759440766535 -0.9244662936195257  1.3713773018999678 0.80010938461929493 0.02321972605356409 0.59736956212027958 -0.049350007278178086
1403715985.0340581  0.63264150354803506 -0.89228905950601378    1.378689876313824 0.79823668199436215 0.04162489312330029 0.59803229480122644 -0.058676589589753816
1403715985.0840583  0.59415626302733426 -0.86274337612676122   1.3869096220765555 0.79648696532974039 0.057849483316179555 0.59826839611939231 -0.065854973575288758
1403715985.134058  0.56394517240814857 -0.82973483991515018   1.3894292865556186 0.79600312041186971 0.071187544052852297 0.596877008375435 -0.071057742288090323
1403715985.1840582  0.53243250740830628 -0.79890798442963307   1.3925793070744705 0.79464376037437556 0.082096194552788548 0.59687612808710422 -0.074433840810275653
1403715985.2340581  0.49906329672167016 -0.76923703692006018   1.3959993063612275 0.79346008944551771 0.091571738590042681 0.5970595936936437 -0.074535526610396377
1403715985.2840581  0.46187301685830662 -0.73833981634130574   1.4005819640767325 0.79251304427432023 0.10222105839432791 0.59729914332203138 -0.06861241332703838
1403715985.334058  0.42582486713722639 -0.71039865638542976   1.4045927227786654 0.79168843623370944 0.10963190084520058 0.59768722131999363 -0.063089236179215941
1403715985.3840582   0.3883283715243836 -0.68269832380750428   1.4086102228989117 0.7912862946551632 0.11345909887843397 0.59801270586764266 -0.0580847345991733
1403715985.4340582  0.33660820579818329 -0.62291740262795636   1.4102165998505583 0.79187428640016355 0.11136874985321799 0.59760350316721678 -0.058328115833049449
1403715985.4840581  0.29216262479890043 -0.59172334703697294   1.4125090437932466 0.79481869506124736 0.10466666487420186 0.59490817366746729 -0.058244279967102304
1403715985.5340581   0.2409398677051291 -0.55378747422307129   1.4151178375521924 0.80001150914281716 0.096157116646102186 0.58942253877187045 -0.057588757106427711
1403715985.5840583  0.19317591729365463 -0.52174814891244536   1.4159423111019607 0.80715826461070661 0.086485408906249478 0.58131652065788741 -0.055559992145063089
1403715985.634058  0.14626562568129739 -0.48980547956313186    1.416875295882984 0.81586149879238201 0.076452679993224401 0.57076886538958593 -0.052420461768154472
1403715985.6840582  0.10096322935079431 -0.45861916672641345    1.416916477141438 0.82479349859704576 0.06702868969482044 0.55926227926489169 -0.049482748723965055
1403715985.7340581 0.050363884291491273 -0.41875144046246682   1.4142793335625612 0.8337966385941431 0.057860997512574043 0.54696128642348563 -0.047630049232848602
1403715985.7840581 0.0072982893203355622  -0.38669777856548676    1.4108608553522288 0.84124179779010444 0.046414206173445306 0.53637308440930576 -0.049617269548110743
1403715985.834058 -0.033649639148888938  -0.35515998890991851    1.4058668993506305 0.84637049840637824 0.03546757072486547 0.52888347604452779 -0.051781267088330203
1403715985.8840582 -0.078344719326452705  -0.32399132556501853    1.3984636658405962 0.84841410335158074 0.02626434441158558 0.5260086721299031 -0.053090208992799141
1403715985.9340582 -0.11163931755986349 -0.29431230926157348   1.3872147175456604 0.84780446259400211 0.017875853009018318 0.5272292302968028 -0.054197654981891427
1403715985.9840581 -0.14810080580756907 -0.26053431124727061   1.3756502372262485 0.84571081463394937 0.011324068548286314 0.53075289827776362 -0.0542802399815027
1403715986.0340581 -0.18050966224168494 -0.23093035955503904    1.359284464061761 0.84311772266057072 0.0058823154564660186 0.53493040978997375 -0.05447348696801349
1403715986.0840583 -0.20869559186850595 -0.20333742200597887   1.3395837852821715 0.83973622988815899 0.0015996113091925482 0.5402859061062496 -0.054144668434015074
1403715986.134058 -0.23442638975025137 -0.17706094525402252    1.317258046375863 0.83709274936401701 -0.0027509148213093995 0.54424007820928044 -0.055415690021811181
1403715986.1840582 -0.25811041634356463 -0.15275762706166371   1.2936776049803391 0.83438390075646396 -0.0057633185675613936 0.5482506803015792 -0.056493201948304241
1403715986.2340581 -0.28102252801288963  -0.1301689176372843   1.2703528450857222 0.83238778059735541 -0.0073663449664019501 0.55129082447769984 -0.056167130251980418
1403715986.2840581 -0.30079867764623991 -0.11021406816738372   1.2467295574554638 0.83093588804175478 -0.0065103573740822422 0.55375434447533134 -0.05347234038097113
1403715986.334058  -0.31761978570472738 -0.093690703286051821     1.223366264644334 0.82790140545247193 -0.0024094370716966091 0.55889021789795723 -0.047065717893102502
1403715986.3840582  -0.35731242193131829 -0.067793901681304114    1.2100892375064969 0.82295255800361544 0.0021461080844999746 0.56662151133328775 -0.041043201504958014
1403715986.4340582  -0.37594372283027605 -0.052596183407265726    1.1880125112437188 0.81931983385885476 0.005967196429830012 0.57218735317357705 -0.035791553200201387
1403715986.4840581  -0.39243185254213681 -0.039138928460656558    1.1635781042008135 0.81908636458086781 0.0093453888513579143 0.57267727257047218 -0.032418089798135333
1403715986.5340581  -0.41097887255449328 -0.024512802020826854    1.1362517249108148 0.82274326531809894 0.012659086079541252 0.56750557750687969 -0.029507395885204294
1403715986.5840583    -0.4358333069168388 -0.0089637469533176972     1.1112589578141971 0.82898657018266042 0.015198942226666554 0.55839033927005288 -0.027395029144993418
1403715986.634058  -0.45395717000218178 0.0049193551907509934    1.0802532050223081 0.83660162697346119 0.017611071936129284 0.54690699274536114 -0.026082737142479825
1403715986.6840582 -0.47041716891340868 0.017155043795167423   1.0522567416114661 0.84371527438197302 0.019109077040822892 0.53584071848987191 -0.025575444423465894
1403715986.7340581 -0.48537069140674283 0.030158436261055282   1.0268686545400447 0.84867932641692556 0.020197800874189424 0.52790593717996681 -0.02551021839383389
1403715986.7840581 -0.49260054081560511 0.044560763003302466   1.0002977264073591 0.85080086743075467 0.021559365633197086 0.5244510205704197 -0.024984090041763558
1403715986.834058 -0.49934487596023169 0.057488031668081842  0.97653820404820257 0.85039241129986887 0.022285672958043248 0.52508550375762442 -0.024926077268664786
1403715986.8840582 -0.50295447887578548 0.072428955286962096  0.95740554500739705 0.84798742975682184 0.02279237450610213 0.52896279748291619 -0.024416910489257464
1403715986.9340582 -0.50401686184998129 0.085508032920269705  0.93620149808968101 0.84427606724187443 0.021426376810501101 0.53489031681388721 -0.025123328563464099
1403715986.9840581 -0.50572404329148801 0.098948925828745121  0.91662387290342451 0.8384766941425067 0.018798180722825557 0.54405391221432176 -0.024673921164997562
1403715987.0340581 -0.50135568924791762  0.11046730724426299  0.89801037436321007 0.83123054729398049 0.01146132701890513 0.55512654076179002 -0.027548846984293718
1403715987.0840583 -0.50242228416407719  0.12404627698435597  0.87786311980562981 0.82417702730016473 0.0043489915361619134 0.56562322919027952 -0.027994223397737321
1403715987.134058 -0.49952125254182511  0.13483273075530847  0.85826163977353254 0.81853848374830518 -0.0075287654942983728 0.57348307075033989 -0.032484394344335546
1403715987.1840582  -0.497303670077553 0.14424979978268329 0.83907738986821534 0.81301881468255499 -0.018434027166762283 0.5809012613034471 -0.034847069183116787
1403715987.2340581 -0.49443881732435446  0.15314150389648901  0.81876491229086401 0.80835049936550152 -0.0284047955590611 0.58694877607332763 -0.035408643447822262
1403715987.2840581 -0.49361656768712997  0.15891749117118728  0.80015191169274869 0.80437272245127989 -0.037854813268180951 0.59189331558220148 -0.03484019887796027
1403715987.334058  -0.493936581592338  0.1619869190176228 0.78217023297286126 0.80279190677988077 -0.043800049892697916 0.59380918187932397 -0.031581094881725065
1403715987.3840582 -0.4956708985153308 0.16340015935871108  0.7644224496771399 0.80271591494939909 -0.04522336606221973 0.59416860853679787 -0.023783853312637153
1403715987.4340582 -0.49920189036513141  0.16352898749412814  0.74683486860901338 0.80359724129706489 -0.044424162719623086 0.59331629798542973 -0.015288495389415679
1403715987.4840581 -0.50290176935920816   0.1564676128098208  0.73139605611904135 0.80541569399025659 -0.041897415179475789 0.59118902631142511 -0.0067602991369693369
1403715987.5340581 -0.50866924593739793  0.15451699667409488  0.71496233485712168 0.8083867262716713 -0.040070852288929829 0.58728614779672417 -0.00045627918318870864
1403715987.5840583 -0.5124981093844212 0.15024910122314122  0.7007901151437258 0.81136521196167533 -0.038351449879013857 0.58326722947245457 0.0038727424508162604
1403715987.634058 -0.51900405701929897  0.14741979097285648  0.68641205469616695 0.81345261025246618 -0.036899056893327495 0.58041782388710939 0.0069613352156760299
1403715987.6840582 -0.53134930356398247  0.14487384588254473  0.66990897692889817 0.81435339793766703 -0.035169585611567911 0.57922923389962466 0.0092270315562710762
1403715987.7340581 -0.5326377342411962 0.14095431156872307  0.6587851904341836 0.8160064148584828 -0.033072780321017348 0.57699337363029013 0.010879747165256739
1403715987.7840581 -0.5366483505181977 0.13632569823113289 0.64780544153593789 0.81870878289236215 -0.030264531807475514 0.57327941963411932 0.01227574654954632
1403715987.834058 -0.54373492451731453  0.13368002007349028  0.63334612582482597 0.82336678595004897 -0.028349587138608256 0.56666090848703521 0.012603630270866868
1403715987.8840582 -0.55047978451883905  0.13115076147553448  0.61904184329181755 0.82813750548748843 -0.026499457429741805 0.55974340961156588 0.013166858293013456
1403715987.9340582 -0.55671088546618297  0.12937463866191862  0.60515595523649479 0.83231879218334837 -0.025228933888109387 0.55358865786557487 0.012187163571276992
1403715987.9840581 -0.56104840580417581  0.12711057805739728  0.59163500706876648 0.83564529492559636 -0.023308142534480991 0.54863801411834434 0.012247490542344388
1403715988.0340581 -0.56445480736226528   0.1251952720417312  0.57973448197559374 0.83661738985782919 -0.02185640982416194 0.54722920245313256 0.011568937703168723
1403715988.0840583 -0.56663863872997722  0.12325156139023083  0.56821748991363108 0.83511464691170045 -0.020428078458272096 0.5496001978169982 0.010287987342758426
1403715988.134058 -0.56656070193160568   0.1216328468297489  0.55830157208530895 0.83167326796146945 -0.01911483021865009 0.55484948601398942 0.0098105297519558293
1403715988.1840582 -0.56550207618990855  0.12020891017075132  0.54715975994175881 0.82801868413184876 -0.017155121659176098 0.56035469924801595 0.009662896050686931
1403715988.2340581 -0.56438844837047442  0.11858788802470957   0.5380884490522444 0.82436852020915508 -0.015431921157314147 0.56575824542537323 0.009798287134263315
1403715988.2840581 -0.56048721678143598   0.1190559942835776   0.5292255391313736 0.8203611384076519 -0.013693202009975038 0.57159192943100312 0.010137308250154558
1403715988.334058 -0.55653831156683131  0.11865561662206144  0.52100527147899844 0.81713092651590347 -0.012345188421980978 0.57621751814298683 0.010863564756730806
1403715988.3840582 -0.55224916949964309  0.11867908069566377  0.51505678423962598 0.81387861667612171 -0.012804069218602126 0.58081915496190484 0.0093146314015463832
1403715988.4340582 -0.55023453008428258  0.11887701340485973  0.50816236356661992 0.8121573477534475 -0.014083069466384799 0.58322856998370654 0.0068223748981919722
1403715988.4840581 -0.54937148357547083  0.11952149090806193  0.50171256527718011 0.81051059461274166 -0.016242602834770529 0.58548939187408255 0.0033054313741157984
1403715988.5340581 -0.54902066263865146  0.12022633902944285  0.49542665608008529 0.80997041513589907 -0.020326740221440886 0.58611432943081376 -0.0021778595953640253
1403715988.5840583 -0.54554592794135137  0.12026182390620593  0.48977671647618781 0.80983657850445845 -0.023894811674906032 0.58613761960604294 -0.0060369672663282371
1403715988.634058 -0.53675343333804726  0.12494938626975716  0.48643648708418408 0.81019619010926813 -0.02920071322565556 0.58533854199484159 -0.010403996102126365
1403715988.6840582 -0.53652666844250252  0.12450333535176179  0.47987204258696986 0.81130504369219569 -0.0337852465429304 0.58341827215156739 -0.016303463292122709
1403715988.7340581 -0.53908506921289401  0.12311315397300356  0.47452900588009728 0.81296086213621521 -0.036474176528328059 0.58085802424238508 -0.019189235382236911
1403715988.7840581 -0.54219767533177399  0.12037463268265683  0.47013296585133169 0.81593095667969251 -0.037931945871106376 0.57654255504007956 -0.020408910849191067
1403715988.834058 -0.54412617763722337  0.11642963867550099  0.46467549885023529 0.81916009684632696 -0.036697889128262093 0.57209645457692582 -0.018320680357389922
1403715988.8840582 -0.5467179397127917 0.11090443909532786 0.46124709008595294 0.82197892938290573 -0.034996636368215463 0.56826198870180544 -0.014289411818273985
1403715988.9340582 -0.54452357053069766  0.10571247637020477  0.45726439845406691 0.82403727631600421 -0.033872678083791526 0.56543646955834692 -0.009839096225047585
1403715988.9840581  -0.5472972264529824 0.098352548521115066  0.45551283828775407 0.82501116007709219 -0.032102498065298093 0.56416704354180169 -0.0064468866533522783
1403715989.0340581 -0.54964588187932162 0.090258211835854973  0.45413640318830678 0.82563389486754357 -0.030023383672230678 0.56340087034275521 -0.0025937185171459776
1403715989.0840583 -0.54942966720743402 0.082791910305728522  0.45298773414166371 0.82634623390628514 -0.030261994364290622 0.56234873866099178 -9.7633940943936068e-05
1403715989.134058 -0.55039573045726542 0.073865413950717398  0.45259937084880203 0.82593536422051606 -0.029449276541505424 0.56299066001173026 0.0022429847663449809
1403715989.1840582 -0.55077655036453699 0.064575626037068443  0.45227835231905544 0.82611137090326259 -0.029647579335495024 0.56271775073798869 0.0031236050096777007
1403715989.2340581 -0.55048429650522301  0.05536862692579135  0.45201561271415591 0.82642703013764063 -0.029414767618321607 0.56225697874346736 0.0044972389426696617
1403715989.2840581 -0.55025488679042323 0.046332061407363546  0.45320740668675336 0.82608238173641291 -0.029998232197004277 0.56272952752182814 0.0048459782098470745
1403715989.334058 -0.54912062105686377  0.03720270968142856  0.45344900177766234 0.82576564734437563 -0.029986815109716215 0.5631875395298207 0.0056286680348621677
1403715989.3840582 -0.54756079897605225 0.027173586919049614  0.45336840312410354 0.82509746383232985 -0.030169327974752774 0.56415059744130536 0.0061717285769362805
1403715989.4340582 -0.54496772997316467 0.017680579878992575  0.45321212971824054 0.82565089487956889 -0.02999248508490697 0.56334044852371024 0.006970629821167835
1403715989.4840581   -0.5427061453371782 0.0074168664582946759   0.45199457147322702 0.82563238203271028 -0.030521222591207507 0.56334357403103885 0.0066062325470966068
1403715989.5340581   -0.53923656599554115 -0.0020551806769062938      0.451356278428798 0.82609427814729652 -0.030861504312772261 0.5626469158603018 0.0066527615875101786
1403715989.5840583  -0.53494045615886709 -0.011864133319870747   0.45143026571023553 0.82501527352776283 -0.030452888331086666 0.56423907848776056 0.0075287678598599476
1403715989.634058  -0.53013665063339677 -0.022567333726026016   0.45101201203418295 0.82249698366502377 -0.029865476173863391 0.56791825440366395 0.0086960628988823948
1403715989.6840582  -0.52722513658090941 -0.032924312355967114   0.44861406460532316 0.81961735079925424 -0.028873927958356034 0.57209891047975725 0.0098250282922049837
1403715989.7340581  -0.52464164045398387 -0.043452741899422401   0.44541348105789691 0.81691388166966827 -0.028142773214330313 0.57597863747062628 0.01040689332523782
1403715989.7840581  -0.52364668661543801 -0.052695154070290531   0.44109035065869961 0.81489451572670113 -0.026612761886858644 0.57888520398760812 0.011428462167946296
1403715989.834058  -0.52151633101986761 -0.062582901528178067   0.43535479019573825 0.81364866962816373 -0.025436576187024305 0.58066415211640843 0.012568430734731191
1403715989.8840582  -0.51867866256613382 -0.068640094641571295   0.43059536672643167 0.81268690686148859 -0.02413094349969586 0.58203732815426423 0.013792665324952033
1403715989.9340582  -0.51358549337647197 -0.078131867989655115   0.42418593630360318 0.81218047535689708 -0.02210646627117497 0.58275040637749997 0.016617564951120288
1403715989.9840581  -0.51229113770312562 -0.084731895516622496   0.41991845603095462 0.81241685481155412 -0.021003395706120781 0.5824463369022771 0.017145728798551231
1403715990.0340581  -0.51064564502997123 -0.093180501604410521   0.41760683716460822 0.81278644718629189 -0.019577473845417959 0.58196190944350656 0.01775527372318219
1403715990.0840583  -0.50948331894044308 -0.099490751827515045   0.41268601572826796 0.8130913153450009 -0.01876912369077709 0.58156840882215288 0.017561855439732051
1403715990.134058 -0.50756489961820261 -0.10509902294805588   0.4078316478084133 0.81378027654624996 -0.018257507632834687 0.58061323658827935 0.0177931002871521
1403715990.1840582 -0.50834545842309076 -0.11121112814539541  0.40149906232340854 0.81457215480793488 -0.017191103647463159 0.57955702521127817 0.017038928815917526
1403715990.2340581 -0.50764219555314316 -0.11476273750184723  0.39439265182779426 0.8154801228988614 -0.016291030577872196 0.57827534996520813 0.018010860673068833
1403715990.2840581 -0.50802423706444677 -0.11851152433553037  0.38788585477834703 0.8158167422000695 -0.015522286715386684 0.5778198845219138 0.018063300148998495
1403715990.334058 -0.50821935227098125 -0.12161829002666416  0.38100807524252461 0.81615237808404184 -0.014544639780764134 0.57735291400697375 0.018637647090423599
1403715990.3840582 -0.50937791467726923 -0.12171715572499051  0.37328007078564052 0.81645741325590937 -0.013737508626889036 0.57691576414972456 0.019410674170022742
1403715990.4340582 -0.50893069750996422 -0.12339219183559176  0.36346184095424566 0.81727607298465299 -0.012920699553291217 0.57576635635424545 0.019646346744211708
1403715990.4840581 -0.50915840271190171 -0.12340894084965516  0.35215036913677017 0.81806215607890975 -0.011799475447375847 0.57463191730503094 0.020814436937775453
1403715990.5340581 -0.50942496984258689 -0.12232409233837019  0.33928263113862417 0.81860070467161972 -0.011726969448821529 0.57387481072088642 0.020568571139992536
1403715990.5840583 -0.51052917960424871 -0.11941559607351701  0.32421993501270358 0.81961461085646359 -0.011296393660490994 0.57241983631675142 0.020971698833870008
1403715990.634058 -0.51149287487400608 -0.11624325277670718  0.30887893920304305 0.82115220640465147 -0.010641709835457799 0.57022102689415943 0.021066286248909633
1403715990.6840582 -0.51265505831607749 -0.11285808558322119  0.29307564367507444 0.82287982547751892 -0.010033049275729018 0.56772058952821192 0.021481689180750371
1403715990.7340581 -0.50686141589918376 -0.10699215475706991  0.27185601095031309 0.8244820958157042 -0.01069583997527207 0.56537693503629083 0.021535877403463587
1403715990.7840581 -0.50630863217738453 -0.10087491953586454  0.25586606093858472 0.82529432669108127 -0.01034139943656489 0.56418660800315934 0.02181286636592383
1403715990.834058  -0.50505754493396582 -0.094323786166918111   0.23970156610934176 0.82700255324818761 -0.010127826282335819 0.56170032559632832 0.021376348630023839
1403715990.8840582  -0.50197040401286308 -0.086090958689520089   0.22533141470420612 0.82815093625166525 -0.0097540735584793065 0.55997985467353351 0.022213671338039257
1403715990.9340582 -0.4985706724333473 -0.0776162401754244 0.21057027028748657 0.82905443383950383 -0.0095609971088750408 0.55864829549440742 0.02212272601957568
1403715990.9840581  -0.49678989378456773 -0.067081850594049475   0.19781889525090629 0.82887281519100564 -0.0078015224243920371 0.55893367706143848 0.022408416538846405
1403715991.0340581  -0.49585886803128792 -0.054992942809518594   0.18562558250294633 0.82745208039065121 -0.0066159606978227949 0.56106261699919568 0.022091254542057941
1403715991.0840583  -0.48848618940096949 -0.043191552186554932   0.17287374675255909 0.82509193896198951 -0.0065506005650703431 0.56452620121023678 0.022148364258355497
1403715991.134058 -0.48181773986387511 -0.03235110623474443  0.16663878527391102 0.82022960685087865 -0.011470839538419783 0.57168501339204914 0.01637245700771572
1403715991.1840582  -0.47977222255758201 -0.026181961525099315   0.16723563097328084 0.82019782815453601 -0.0086132838623173454 0.57167813997783601 0.019632582692332409
1403715991.2340581  -0.47976911691750446 -0.023762394626967349    0.1699668169886957 0.82070743410889835 -0.0037038823219886661 0.5707865969978958 0.025064906576626356
1403715991.2840581  -0.48056447956245707 -0.022926481176516456   0.16968952932676087 0.81957396139889116 -0.0019481124791840821 0.5722874130023079 0.027961465874010685
1403715991.334058 -0.48197256239322128 -0.02517031745494127  0.16659921627204138 0.81795795340805832 -0.0056342324344234732 0.57475866684708243 0.023780596408420406
1403715991.3840582  -0.48303499412386786 -0.028953073684474969   0.16113409143701035 0.81847816238832549 -0.013345982097738081 0.5742273810425963 0.013352801812271786
1403715991.4340582  -0.48403367596775904 -0.028994655349448721   0.16076317514435484 0.81845655648869753 -0.010640073777601218 0.57422296236322146 0.01684171800848288
1403715991.4840581  -0.48627823132563269 -0.026287213313950456   0.16351722778488365 0.81833450382214235 -0.011786343300619338 0.57441041229826018 0.015569207080354648
1403715991.5340581  -0.48356578349362034 -0.028967861736889526    0.1607569448017678 0.81860806969721889 -0.011958528411712389 0.57401002535218337 0.015821271124832628
1403715991.5840583  -0.48502987859649965 -0.029183029290533399   0.15963844871625968 0.81786533625118085 -0.012309579527858253 0.5750752805133027 0.015270486342503423
1403715991.634058  -0.48608922600924742 -0.029738039852729672   0.15828088461246873 0.8185475720187998 -0.012506871694585217 0.57410277001087207 0.015147936109806926
1403715991.6840582   -0.4874056834682437 -0.030187582208161944   0.15596621700760596 0.81867752783972125 -0.012219246681640501 0.57391409322441966 0.01550512880203943
1403715991.7340581  -0.48716474439740126 -0.032097454419028032   0.15696327794856627 0.8181237012711251 -0.012385862341141383 0.57472760845711923 0.014435231541670285
1403715991.7840581  -0.48959266245267058 -0.032419477448238539   0.15671112727656633 0.81851909285243329 -0.011679393725231784 0.57416188413930125 0.015106859364152974
1403715991.834058  -0.49089075065643417 -0.032824052226934852    0.1550846794442583 0.81848229236802583 -0.012372671676641748 0.57422369252252592 0.014170568843878312
1403715991.8840582  -0.49230336061130348 -0.033413698687198679   0.15404081404024453 0.81826836960437377 -0.011858750001396875 0.57452189168924006 0.014860730911419909
1403715991.9340582  -0.49370524165410345 -0.034028663702478978   0.15284987566980798 0.81854720090102906 -0.01225336359927787 0.57412922147333634 0.014351725611063501
1403715991.9840581  -0.49523171904581431 -0.034613334066007855   0.15159103213979566 0.81838815388926145 -0.012013983553577259 0.57435473246101898 0.014599146294637006
1403715992.0340581  -0.49711593482499483 -0.035493313417187894   0.15634721493369136 0.81842821235892671 -0.012202321391367307 0.57430048908752152 0.014328740400571657
1403715992.0840583  -0.49862934713647561 -0.034587714328217521   0.15739587200468852 0.81856398505497785 -0.01173011965791443 0.57411951690634866 0.01421924649712375
1403715992.134058  -0.50030970371640815 -0.034958084877934364    0.1571004397664659 0.81834603306885989 -0.01174409812325538 0.57442931660676544 0.014241016200278438
1403715992.1840582  -0.50256176129393182 -0.033450944502506109   0.16005859798505373 0.81854730619732163 -0.011839832832949046 0.57414239275831369 0.014164699550450906
1403715992.2340581  -0.50437057015085163 -0.033738537250893826   0.16017586287966257 0.81852090403549171 -0.011743539840087478 0.57417747167047994 0.014347472078415099
1403715992.2840581  -0.50619570995180785 -0.033984339836285397   0.16024168098272865 0.81838438215143039 -0.011871472606875559 0.5743733504723969 0.014188920180158935
1403715992.334058  -0.50797843547103272 -0.034164644693197889   0.16028818842803633 0.81855344525405405 -0.011850124534139196 0.57413236468872375 0.014207731281886864
1403715992.3840582  -0.50990374640368352 -0.034482054808402225   0.16049657852689339 0.8184554028863632 -0.011924497427466957 0.57427159569257968 0.014166659024686362
1403715992.4340582  -0.51185408136197474 -0.034803242017757051    0.1607611779831549 0.81849104981089627 -0.011983193226350372 0.57422097457619459 0.01410945839931925
1403715992.4840581  -0.51386824202142245 -0.035136151396319461   0.16106028558678095 0.81851096426849701 -0.011977369966631573 0.57419231975011187 0.014125293657931842
1403715992.5340581  -0.51596196185499965 -0.035568738866709484    0.1614077069608289 0.81846986760377816 -0.012055762249422106 0.57425232186886876 0.014000187479197309
1403715992.5840583  -0.51818504239525198 -0.034953653433981456   0.16434664944631583 0.81852164002022343 -0.012083118939678436 0.5741770450110969 0.014037237535153544
1403715992.634058  -0.51973622205575043 -0.036305242848028302   0.16593937747578122 0.81850623819612456 -0.01205923904770503 0.57419906402041565 0.014055165089680114
1403715992.6840582  -0.52187377728706885 -0.036806950580252643   0.16664736780700218 0.81852381100192284 -0.012048609044357171 0.57417693964493099 0.013944311491294867
1403715992.7340581  -0.52401728180000184 -0.037317676290922891   0.16739322478310251 0.81852498703339716 -0.012136362911013793 0.57417562605352235 0.013852968754564585
1403715992.7840581  -0.52625672518297506 -0.037851033652070841    0.1681749768049296 0.81854170951524519 -0.012202766436509653 0.57415055163055817 0.013845805772215544
1403715992.834058  -0.52851240070342287 -0.038440548136208279   0.16902144816080206 0.81858072351273847 -0.012240457642343595 0.57409278305321565 0.01390132138615973
1403715992.8840582  -0.53081893845009243 -0.039040358226838226   0.16994348733106868 0.81858118841577765 -0.01227503167941474 0.57409273899329694 0.013845165374840417
1403715992.9340582  -0.53065456283411572 -0.034025318844882822   0.17056231241388856 0.8185856088572423 -0.012311821539699746 0.57408113688783957 0.014030976151290139
1403715992.9840581  -0.53249460186240694 -0.034354850536359074   0.17195392786265618 0.81864019543376387 -0.012312424422074966 0.57400463852734573 0.013975320179182581
1403715993.0340581  -0.53472888427390441 -0.034689649399363962   0.17296868424217521 0.8186605877577523 -0.012318835574242151 0.5739758006040051 0.01395953664051376
1403715993.0840583 -0.53691584553029836 -0.03503900044982159  0.17411761448074944 0.81867754680544114 -0.012326565676296902 0.57395236851115783 0.013921523468535445
1403715993.134058  -0.54145332993190998 -0.035698269438023421   0.17149793284552056 0.8187032359787717 -0.012411952758709145 0.5739143714418623 0.013901405651783124
1403715993.1840582  -0.53297447323811342 -0.033554861165831194   0.17363589996072454 0.81878508550053464 -0.012047009838556142 0.57380953904543297 0.013728299832822987
1403715993.2340581  -0.53470111712931501 -0.033798435199816367    0.1745827738692072 0.81880148509929185 -0.012076417531966059 0.57378679712545932 0.013674779094920413
1403715993.2840581 -0.53489088223833436 -0.03326995292347168  0.17362655256432963 0.8187796855081404 -0.012062276071494281 0.57381816513994166 0.01367630983111005
1403715993.334058  -0.53646371965583084 -0.033502612951079154   0.17451141655796337 0.81880141920448868 -0.012072871508789331 0.57378793936001138 0.013633866921732561
1403715993.3840582  -0.53801608395693534 -0.033762545957028635   0.17541348603235465 0.81884187954074883 -0.01207054175794699 0.57373106627299397 0.01359933546526792
1403715993.4340582  -0.53953757615666331 -0.034038379757342585   0.17632530770909313 0.81883248570061373 -0.012180983902297569 0.573744262943372 0.013509431227594709
1403715993.4840581  -0.54102628803723718 -0.034331750102730957   0.17733579693263982 0.81884776528439396 -0.012166239086507543 0.57372156572543886 0.013560418016967194
1403715993.5340581  -0.54247467795929727 -0.034665960335030874   0.17837603897754506 0.81887334564345993 -0.012146050094225957 0.5736853718012016 0.013565081758413937
1403715993.5840583  -0.54389119280845966 -0.035055545404335212   0.17951888285336681 0.81883624805510313 -0.012257594184739738 0.57374020156262628 0.013383996664711699
1403715993.634058   -0.5452821758792975 -0.035519060664347832   0.18066655998263914 0.81890926726990632 -0.012191741988364041 0.57363465232933764 0.013500335320068189
1403715993.6840582  -0.54724284406634749 -0.035602492226964724   0.17722350212027979 0.81896071215495225 -0.012341323692395633 0.57356232431367338 0.013315547456630748
1403715993.7340581  -0.54337413883680219 -0.037064552628975844   0.17665455379819411 0.81846167186812269 -0.012153461006617692 0.57426919725076087 0.013699421789431527
1403715993.7840581  -0.54443973615187746 -0.037328942038366002   0.17707941365039429 0.81898825084690785 -0.012317643777929908 0.57352411815190874 0.013289338755480308
1403715993.834058  -0.54563886284577545 -0.038609867660929775   0.17817447792288399 0.81856975464440584 -0.012314252144479804 0.5741204960440186 0.01332561434567163
1403715993.8840582  -0.54641161935381488 -0.039301935390827221   0.17914463857710844 0.81892207841599129 -0.012317285319297343 0.57361691317421248 0.013362293429049937
1403715993.9340582  -0.54737057383517629 -0.040206397648306975   0.17971887624945046 0.8192696263155923 -0.012553339777863172 0.57312179414098841 0.013080601581958663
1403715993.9840581  -0.54876929087804505 -0.040936621173483866   0.18086509239042317 0.81858820213393524 -0.012352606122581511 0.57409372283882953 0.013310366116869535
