# time_in_imu_clock tx ty tz qx qy qz qw; Hamilton IMU-to-estimator-world; NO GT alignment
1403715528.862143 0.012481991532325005 0.018611176135855868  0.05018636273968502 0.81600943326163144 -0.00013642074113424057 0.57791805690228926 0.011802784573779208
1403715528.9121432 0.025922745038361377 0.030855634717633529 0.073282134578933705 0.81448064270753717 -0.0013722077457303343 0.58006445581810329 0.012026088186414128
1403715528.9621429 0.025605590954262999 0.035618546344850552 0.083191173685992617 0.81501949767479742 -0.0011302356365511057 0.57929268346430751 0.012725087899436858
1403715529.0121431 0.028644410486920371 0.041022207825292416 0.095586154319015085 0.81572037938444908 0.00067918583234255166 0.57828180704736598 0.013782343832915933
1403715529.0621431 0.031506073695024762 0.047837405829481192  0.10762019139253347 0.81673205594702802 0.0018805887878962813 0.57690233330418528 0.011353854083017166
1403715529.1121433 0.034438814235595118 0.056089747903169659  0.12178751812713824 0.81675395662309846 0.0044292784714328086 0.57692443708263785 0.0071798140378355043
1403715529.162143 0.036980843902823954 0.064413648084767905  0.13858979518176512 0.81707143580342545 0.0092177667323636719 0.57645599823587734 0.0027899226646584852
1403715529.2121432 0.039564123857078623 0.073140795445360285  0.15739212463826432 0.81813205520531163 0.015189945596903853 0.57482595352863353 -0.0020806124563413435
1403715529.2621431 0.042914845598767667  0.08218835683580307  0.17840438463956443 0.8203170349823633 0.021125802107572648 0.57147379718828684 -0.0071667098627435427
1403715529.3121431 0.046210225873786391 0.091340096578148469  0.19802713365353669 0.82196598211337202 0.029302916906347162 0.56865034426553662 -0.012249460227544223
1403715529.362143 0.050364215176128636 0.099348000651879098  0.21725571989008036 0.82407509021843994 0.037711041150582936 0.56497497022281806 -0.016775162548690974
1403715529.4121432 0.05509000975965888  0.1089624807451046 0.23338269200991915 0.82432327404684869 0.046973482607372781 0.563753394814688 -0.02160420401989941
1403715529.4621429 0.062448240084287315  0.11817118674828873   0.2492364585286059 0.82478486241557381 0.056504174487256163 0.56196370410780538 -0.027092513007681028
1403715529.5121431 0.067165557821121338  0.12548114994974324  0.25881406669605828 0.82334191033005188 0.063246462638978498 0.56315557941745586 -0.031044758473962455
1403715529.5621431 0.074428566073250199  0.13502706821487956   0.2679899717819319 0.82258106181994639 0.069387144050459149 0.56330634379786704 -0.035096780661048398
1403715529.6121433 0.082011714440518677  0.14400831935618316  0.27653692781917283 0.82130876274882658 0.076453240018522495 0.56398287106435485 -0.039116997183693471
1403715529.662143 0.090517432485894625   0.1541507870800288  0.28349632708710948 0.81992871274224122 0.08019642356659111 0.56530469343935186 -0.041425152304121984
1403715529.7121432 0.099404245092940643  0.16589414313539402  0.28991478399699511 0.81856006635916723 0.085095865541899601 0.56652085438803235 -0.042097897491497623
1403715529.7621431 0.11084819790085938 0.17764539706354782 0.29806037605200814 0.81853097605987246 0.088141600949306328 0.56605116044750436 -0.042710457368185496
1403715529.8121431 0.12106788684580561 0.19194381819915432 0.30569520449754767 0.81792292720649418 0.090206028487907527 0.56647565046689607 -0.044388005164751068
1403715529.862143 0.13132052993590673 0.20477714756048176 0.31498512261412309 0.81746081037904705 0.092233628472045887 0.56669402719766437 -0.045920156922699622
1403715529.9121432 0.14179695199367007 0.21777336799172567 0.32533404960444973 0.81637675459959336 0.092751838313084672 0.56795163231423851 -0.048549298558998949
1403715529.9621429 0.15341282765294315 0.23229531835181619 0.33754925475339398 0.81503896193597869 0.09331018893601227 0.56962915614879772 -0.05027249379389085
1403715530.0121431 0.16206382187491497 0.24719546698994188 0.34837570050156175 0.81264529668833907 0.094864546881760645 0.57282602452316489 -0.04978639517203666
1403715530.0621431  0.1730593523821026 0.26210614823512057 0.36290925825314585 0.80928226067536346 0.097082832585970918 0.57732630000278462 -0.048285499876798338
1403715530.1121433 0.18321947445441877   0.277631666286206 0.37809721269599916 0.80587642353106315 0.099741630093242328 0.58185484542724653 -0.045384315307830138
1403715530.162143 0.19317481323346847 0.29025519158616231 0.39498083376248405 0.80480456772549236 0.10185509503316101 0.5831721027645389 -0.042725237754228713
1403715530.2121432 0.20202406368571796 0.30860057972485128 0.41334136590901621 0.80563027032269363 0.10424140434469381 0.58184399203174442 -0.039384846027286119
1403715530.2621431 0.21038624104886303 0.32660881037096029 0.43463762432457687 0.80764024393550338 0.10620825473715167 0.57892993757515865 -0.035737520629052152
1403715530.3121431 0.21752604439043255 0.34699887065959956 0.45984576665251697 0.80915763413461717 0.10739314218462603 0.57673450447661689 -0.033285845031978956
1403715530.362143 0.22223464746693994  0.3706748236110527 0.48755553427121789 0.81055566407031865 0.10572449380694263 0.5749721310960807 -0.035055603198660724
1403715530.4121432 0.22580090085649782 0.39431214455937652 0.51836568740220212 0.81160410085028478 0.10330355435581934 0.57371485974674885 -0.038450212564086539
1403715530.4621429 0.23109137530688026 0.41912063249909631 0.55162186820137193 0.81251819963104666 0.10215004357585063 0.57229880862801019 -0.043053658482581761
1403715530.5121431 0.23482866558504134  0.4453521444568046 0.58495648990297966 0.81250263056510397 0.10354130860960323 0.57174769160614136 -0.047151350767988605
1403715530.5621431 0.23506291535432816 0.47113291898755966 0.61640932045130103 0.81246158794031298 0.10553118547717215 0.57104327384441178 -0.051758249683931529
1403715530.6121433 0.23701964003638948 0.49833591935377047 0.64496226566477177 0.81212274196707357 0.1079380680748615 0.57074765711682141 -0.055255201889126207
1403715530.662143 0.24060363254842951 0.52574810374784864 0.67058674988976841 0.81140468204256 0.10972860054420405 0.57106579114156542 -0.058872220697714868
1403715530.7121432 0.24346871527418143 0.55285505328196305    0.69324700182679 0.81087057329687418 0.11192619304512576 0.57099873374258303 -0.062624968950018067
1403715530.7621431 0.24699828389209716 0.58137000367097202 0.71411284632178507 0.81048595197343454 0.11549470239789264 0.57034237757890327 -0.066955714538653094
1403715530.8121431 0.24981348216655974 0.61034689492866356 0.73475803524312433 0.80990292283115761 0.12078901080117672 0.56941471092926399 -0.07234747705735084
1403715530.862143 0.24920066696812235 0.63666615389788217 0.75468395467750704 0.80878246016505617 0.12674220642283165 0.56888146286614893 -0.078620776183539631
1403715530.9121432 0.24956619850923978 0.66662141971076216 0.77425199060939687 0.80797627959925855 0.13259957406541462 0.56793796890459602 -0.083893671031452691
1403715530.9621429 0.24983804910630372 0.69406246774965497 0.78962961461831405 0.80766653510494757 0.13907414645095184 0.56642588965217744 -0.08657286752930872
1403715531.0121431 0.25156062961473252 0.72434507533987924 0.80733270278774205 0.80995167325787731 0.14370070822746273 0.56144721552827459 -0.090030092842547496
1403715531.0621431 0.25363920222957764 0.75312274806340873 0.82364584119907336 0.81426165597114408 0.14848725406719812 0.55358701607954974 -0.092037528339553198
1403715531.1121433 0.25761877170885888 0.78381556915613093 0.83837263362980574 0.82035120155906449 0.15191408933510087 0.54328354980890103 -0.09374966703474584
1403715531.162143 0.26553569725029769 0.81717476967489988 0.85317630742090511 0.82552333423578894 0.15470226399445947 0.53434264389424158 -0.095164978134429076
1403715531.2121432 0.27968056312896178 0.85101892766001785 0.86947123713495778 0.83021147919332305 0.15230649337287791 0.52646206934016349 -0.10192802086847856
1403715531.2621431 0.28841951278705497 0.88202875701362871 0.88389586845245105 0.82948400146715784 0.14890615348538758 0.52672963011423068 -0.11108170652247051
1403715531.3121431 0.30048090105906972 0.91643500643124587  0.8987388318273849 0.82587394141886583 0.14527558390489084 0.53157389164899238 -0.11940031542465149
1403715531.362143 0.31423128539813755 0.94673046022113916 0.91450001467820718 0.82092567227958324 0.14279834021006596 0.53835859531650232 -0.12593529082194235
1403715531.4121432 0.32866288956419426 0.97483230966933598 0.92999414264471747 0.81646549585641381 0.14167157922925253 0.54440257943414749 -0.13015025631967364
1403715531.4621429 0.34469057778345163  1.0021160223853081  0.9421158439009083 0.8126023048402834 0.14222209145427545 0.54973607016918069 -0.13130355678951217
1403715531.5121431 0.36058613912551796  1.0307713967571128 0.95120862530158623 0.80953122609835004 0.14265437382172572 0.55394874478450573 -0.13209735710037496
1403715531.5621431 0.37379104509483041  1.0448876991188536 0.95662818470671163 0.80776173712034893 0.14299409953355502 0.55602103602966535 -0.13384420433997826
1403715531.6121433 0.38428200400756801  1.0682886660710054 0.96015753854874075 0.80713372848368092 0.142699931984029 0.5564736321144742 -0.13604767736756934
1403715531.662143 0.40187450192835661  1.0902796302331348 0.95872927310014944 0.80776973606242275 0.14193037215278587 0.55533260062693002 -0.13772990104965013
1403715531.7121432 0.41981705566238664  1.1096890825498247 0.95710304763842768 0.80729238777728862 0.14373768808245566 0.55611384913524642 -0.13548381623476341
1403715531.7621431 0.43860743459031809  1.1290951469824679 0.95602940713052853 0.80626220629304413 0.14696990083362058 0.55795806565837291 -0.13047566792009699
1403715531.8121431 0.45971018148367004  1.1477578558161772 0.95738356773257771 0.8031583620803282 0.14980937506354472 0.56274899514935539 -0.12572734397061477
1403715531.862143 0.47874881322761104  1.1679774805214611 0.96286155229148784 0.79931679893399277 0.15160332606932009 0.56858238006261141 -0.12175041498479817
1403715531.9121432 0.49586793484804476  1.1825131983406307 0.96596926668139071 0.7956961162739048 0.15226490542891238 0.57391238258509902 -0.11961465728264233
1403715531.9621429 0.51390129533062634  1.1980790962179018 0.96626204693573625 0.79253649912779589 0.15307881556496158 0.57862785248920601 -0.11680146445663812
1403715532.0121431 0.52925056053341857  1.2103752499860467 0.96766528578938837 0.79105380386652169 0.15302774558673277 0.58088131906752916 -0.11572934643951129
1403715532.0621431 0.54597375376808654  1.2241477767592908 0.96902911093627486 0.78955310042853699 0.15363658218595372 0.583176845941486 -0.11360663966354964
1403715532.1121433 0.56399469649020473  1.2376636334305067 0.97052389411424078 0.78879606710372974 0.15458458616175555 0.584405215823253 -0.11124259059130327
1403715532.162143 0.57366398023355669  1.2460201534715392 0.96916000732424445 0.78782807617280415 0.15486404036353082 0.58573173410334645 -0.11073566300170758
1403715532.2121432 0.58236605787862761  1.2604169127026454 0.96833031490183219 0.78720527867444101 0.15479065873596479 0.5865311162529584 -0.11103580891874762
1403715532.2621431 0.59254621276600294   1.273440779688332 0.96772961868249674 0.7863757523660222 0.15564410627996425 0.58706063719192203 -0.11290658320442755
1403715532.3121431  0.6008536188530984  1.2863123722253371 0.96676772898642094 0.78674373174872125 0.15631842052476985 0.58572561085737862 -0.11629428508954404
1403715532.362143 0.60609589461401858  1.2958035590080266 0.96299915697649896 0.78848004998191623 0.15614521652702537 0.58256012267699897 -0.12058849697547235
1403715532.4121432 0.61076638253150417  1.3064061584726945 0.96106491462899701 0.78966770526997887 0.15472174970866298 0.58017841664807002 -0.12601230208386149
1403715532.4621429 0.61864005716165704  1.3185787094595873 0.95886733087179743 0.79104436419244362 0.15434786206426182 0.57755428055127367 -0.12983298645746791
1403715532.5121431 0.62479754414909805  1.3293564332960943 0.95486001277446442 0.79223201396823961 0.15288423183032021 0.57531754748419195 -0.13418109873694725
1403715532.5621431 0.62874760689322318  1.3383349375458478 0.95221557315402161 0.79293350512047267 0.15004382103810845 0.5735594936438162 -0.14061584361904134
1403715532.6121433 0.63006545652735768  1.3441385057261706 0.95009654715980218 0.79273888571991857 0.14617730267497395 0.57295954607734534 -0.14803585312029424
1403715532.662143 0.63226397814494806  1.3476058269144664 0.94861170115327365 0.79174532578999346 0.14189694158230856 0.5732893136713324 -0.156025510380632
1403715532.7121432 0.63485440236436075  1.3500910694551991 0.94630542486196811 0.79036438531490216 0.13812147526143301 0.57415578177199966 -0.16306972360063085
1403715532.7621431 0.63390628815014349  1.3483179763932307 0.94077870018084042 0.78907312253921758 0.13554632082868245 0.57496961493690679 -0.16852520314576724
1403715532.8121431 0.64205944086735112  1.3437071621950449 0.93777337055441812 0.78854201057679851 0.13273645206307561 0.57536287242863215 -0.17187232726614468
1403715532.862143 0.64388712224956601  1.3364948497237896  0.9333525356314647 0.78828808205878831 0.12984696728793085 0.57598157484145529 -0.17316723192729372
1403715532.9121432 0.64564459112097927  1.3259115973792264 0.92761900534775088 0.78911999518843656 0.12582973362787159 0.57588140394658716 -0.17267634440608343
1403715532.9621429 0.64906867534715695  1.3104994464104893 0.91886980572042787 0.79080969690051239 0.1194145088944784 0.57536343661996348 -0.17122241136742467
1403715533.0121431 0.65093679341556954  1.2926182220158784 0.90838928465199187 0.79273028755180763 0.11131860286952774 0.57522845569444758 -0.16822331471168239
1403715533.0621431 0.65400240449281488  1.2713779444946121 0.89458183408908942 0.79530017210256621 0.1023959519527548 0.57469238751661422 -0.16352787226577412
1403715533.1121433 0.65963212980126518  1.2468627764135816 0.88117330715232312 0.79743770640324141 0.092209142349538795 0.57519576002152784 -0.15729086472760354
1403715533.162143 0.66210924481775535  1.2188416809717719 0.86474689240172498 0.7975330902616159 0.082299793649713182 0.57899016917350532 -0.14811515082329596
1403715533.2121432 0.66518988511258947  1.1879325382572465 0.84999156406565468 0.79468469555595844 0.073643785410316687 0.5868907915856727 -0.13642590029578497
1403715533.2621431 0.66683062224948397   1.151434944031803 0.84060043454394029 0.79220216653013931 0.064091626875324922 0.59367691169238568 -0.12591947916354751
1403715533.3121431 0.66905400173524909  1.1124209719301184  0.8340928666447216 0.79086395875015292 0.056100439333900944 0.59858168926072564 -0.11439799271995947
1403715533.362143 0.66887638775190561  1.0736752866869399 0.82917698978476695 0.79179723445402239 0.050004087248734813 0.59975218756617399 -0.10418274463159359
1403715533.4121432 0.66654471339526633  1.0299258128735247 0.82881518334718707 0.79343273287502381 0.045058649621431336 0.59945029088785884 -0.09536018692948213
1403715533.4621429 0.66270000984597044 0.98427652274533139 0.83224748132599502 0.79665935276618083 0.039962454949096123 0.59652830722187256 -0.088830493230752552
1403715533.5121431 0.65846801388248766 0.93681117069916497 0.83879920923586893 0.80016715057498156 0.033270034411768873 0.59259831214975067 -0.086330043369741344
1403715533.5621431  0.6500553322770225 0.88901643502797079 0.84505275508950339 0.80330819787670771 0.02492276001081117 0.58861276028748322 -0.08723424605205074
1403715533.6121433 0.63813487690273529 0.83742213136272514  0.8483519221831467 0.80604551899208232 0.019531326594413003 0.58482253031613807 -0.088835559484235105
1403715533.662143 0.62825264376909729 0.78474670360756449 0.86348444786297629 0.80945068063125036 0.012237142737302356 0.57976370851858439 -0.092270744269299598
1403715533.7121432 0.61610394915596323 0.72640475183440223 0.88162122940546062 0.81170251442499519 0.0067517488584335674 0.57634663072705727 -0.094435179954624873
1403715533.7621431 0.60740416427836241 0.66420815560332791 0.90709435573770059 0.8132973147542889 0.0016801739416880243 0.57377467415751038 -0.096577834539979951
1403715533.8121431 0.59811592465835117 0.59871456530514855 0.93296716183476003 0.81502379305604522 0.00090389370288932239 0.57178830100294475 -0.093773869307375302
1403715533.862143 0.58932483540856839 0.53025504778917543 0.95989156718330715 0.81610663774496262 0.0022054786155136247 0.57100460544400178 -0.088987820820766866
1403715533.9121432 0.57716137175119708 0.46057457153061365 0.98130558801464174 0.81717159540072359 0.0062683089456726264 0.57069929892428428 -0.080582890122705461
1403715533.9621429 0.56971355230316589 0.38689996371567809 0.99986358648288065 0.81727355052597916 0.01022700544328636 0.57141388409922267 -0.073793800748864199
1403715534.0121431 0.56310974353474696 0.31199511310417311  1.0185080090708389 0.81779237517719527 0.014042313709187782 0.57137242667881216 -0.067468470850462287
1403715534.0621431 0.55572132749704439 0.23576833985773279  1.0339816683684568 0.81798446853875029 0.01775229980608669 0.57163351831065112 -0.06181735860387147
1403715534.1121433 0.54614085832281511  0.1580504279431765  1.0438070309953007 0.81730188965501227 0.023311857753431833 0.57315916078190443 -0.054431193870914565
1403715534.162143  0.53843713435038176 0.078416644789486845   1.0513498715663674 0.81709891798298728 0.028842361739686056 0.57374147873036041 -0.048354854819428431
1403715534.2121432     0.53404852133428515 -0.00099108456871880614      1.0554891024166051 0.81717536560799342 0.034045272392192585 0.57388577949137887 -0.041478348192235927
1403715534.2621431   0.52690075675513892 -0.083265118547672448    1.0571925029628149 0.81696880523090865 0.038748868329519015 0.57424990050359181 -0.036021497114617912
1403715534.3121431  0.52246306013170241 -0.15807595540329805   1.0570423712446262 0.81728371454934623 0.041750988749349613 0.57379354576724417 -0.032636662003458501
1403715534.362143  0.51637013254831754 -0.23646719173473316   1.0529162870368021 0.81723430074878023 0.044035957368641208 0.57386450843052583 -0.029469613198524102
1403715534.4121432  0.51107301461517751 -0.31449233206264388   1.0456498892469315 0.81757181091944231 0.043905161042805452 0.57352854133147102 -0.026714847967082064
1403715534.4621429  0.50556822756339781 -0.39206570875381064   1.0353167642466206 0.81786547968513423 0.042219249209839362 0.57336184504134802 -0.023870207086324272
1403715534.5121431  0.50489575362518124 -0.46900409902129103    1.026487134076391 0.81838552228416228 0.038323341637521408 0.57304314788070243 -0.019950164620581301
1403715534.5621431  0.49970384486460728 -0.54697484552807163   1.0147915144989286 0.8185216994900234 0.033167376876828622 0.5733000834178793 -0.015785022271981801
1403715534.6121433 0.49589259441262773 -0.6225028618622882  1.0012747768215586 0.81903662727433502 0.026224189318773607 0.57301242423225096 -0.012167857376469401
1403715534.662143  0.49196782464632072 -0.69767099437158275  0.98743198512965347 0.81977724805306862 0.018743378517749765 0.57233639297825467 -0.0067083983870195171
1403715534.7121432  0.49648741142264124 -0.77491222214139788  0.97473837443123712 0.82091037256678923 0.0098525992219736253 0.57097054140697956 -0.001314285451183227
1403715534.7621431  0.49909030807220606 -0.84820103006624437  0.96024080517537791 0.82352638779284693 -0.00070572480683778942 0.56724975654735499 0.0056128654294646885
1403715534.8121431  0.49624253783223521 -0.92116746703027996   0.9450896832990201 0.8261723454540536 -0.0114869516539152 0.56311569333124667 0.01442294951520153
1403715534.862143  0.49287281686708273 -0.99485429503220457  0.93025998072171401 0.82872014373013581 -0.023298627974019395 0.55867530836226964 0.023706478792820875
1403715534.9121432 0.49414789411424304 -1.0654584510061134 0.91465805629858254 0.83109398273385926 -0.035730984279054086 0.55400062282089557 0.033006037933709584
1403715534.9621429 0.49451729234517378 -1.1352611463352797 0.89952629450057042 0.83252510601393026 -0.047607834009547371 0.55027890042901995 0.042761825733270593
1403715535.0121431 0.49882928626347017 -1.2058179564064992 0.88882168132905814 0.83313764232289933 -0.058374122551567986 0.54753775964532103 0.051735215507022522
1403715535.0621431 0.50246635643936566 -1.2728879103339592 0.87423981285481789 0.83411132819665312 -0.068360386517904659 0.54413779868855705 0.059154084960459673
1403715535.1121433 0.51559787839216242 -1.3340306948740255 0.86004387041492325 0.83624465225621314 -0.078128530952758346 0.53877342842347065 0.065681101154506205
1403715535.162143 0.52295677818393926 -1.3990707952812471  0.8452909057759167 0.83822405205597117 -0.08646228449269977 0.53386473945241164 0.069951067787280552
1403715535.2121432 0.53358220651011579 -1.4618842359806059 0.83071559639555492 0.84080345446847304 -0.093779214622225576 0.52811831755822514 0.073116704782085262
1403715535.2621431 0.54721409890291439 -1.5258581159439348 0.81668530016649099 0.84266925756526601 -0.10013092576725843 0.5236581446376154 0.075262657500817898
1403715535.3121431 0.56895637923392861 -1.5900266105715837 0.80472466119203723 0.84417105862558228 -0.10570454616038046 0.51996938201451726 0.076378102015125016
1403715535.362143  0.6087359586653035 -1.6408038897961226 0.78996202311792318 0.84542365236536943 -0.11100653038747296 0.51692962331180214 0.075631757716268649
1403715535.4121432 0.63272661783448547 -1.7015270126602737 0.77783136690213539 0.84428712940730388 -0.11953431096623177 0.5176888833857356 0.069921467646446661
1403715535.4621429 0.65986017944473574  -1.762424289911132 0.76689448254722914 0.84087572168108071 -0.12711492009387138 0.52212518052706847 0.064460170930789096
1403715535.5121431 0.68830034076074276 -1.8238931020007136 0.76006849432035117 0.83606740038570115 -0.13233732572834483 0.52904698903912994 0.05989505505462437
1403715535.5621431 0.72003949254326649 -1.8909301292208551   0.750295942005894 0.83084390597795788 -0.13418615848443921 0.53693152519728937 0.058283925912656978
1403715535.6121433 0.75486406762419367 -1.9510056131851166 0.74319055131412248 0.8250511895721645 -0.13361398464268914 0.54591214132860233 0.058461710918170477
1403715535.662143 0.80060958660655102 -2.0074497859608633 0.72890618905740223 0.82180001248830714 -0.13114840400510167 0.55136056259583599 0.05870575453169901
1403715535.7121432 0.83738795609080641 -2.0729953824809173 0.71876426585943776 0.81970254555355326 -0.12557303451376001 0.5556911086373888 0.059384691608030775
1403715535.7621431 0.87380736877588161 -2.1371933549787214  0.7089525242913407 0.8190188473534612 -0.11862730425175209 0.55829977341645853 0.058626387991254969
1403715535.8121431 0.91500188359613832 -2.2027792016444168  0.6979503643614664 0.81873572858407961 -0.10809955236523422 0.56075294499833928 0.059518301336831468
1403715535.862143 0.95226430066789647 -2.2667821657821197 0.68742244965981314 0.81971534816190683 -0.095406775355391688 0.56141075189342027 0.061500104573523583
1403715535.9121432 0.98899413683662629 -2.3291733269990558 0.67797633625013287 0.82245417577046265 -0.083447174882248912 0.55936987836909113 0.060918280796890177
1403715535.9621429  1.0270616436389226 -2.3883108333883634 0.66703460019546967 0.8256894465009792 -0.071626099736556426 0.55641574314859821 0.059229726909963705
1403715536.0121431 1.0658955111139026 -2.450008402460413 0.6557010524105723 0.82934079414268924 -0.06242095408253362 0.55249629902950703 0.055184338547249835
1403715536.0621431  1.1050971631761206 -2.5103155881733596 0.64583179996053963 0.83322716332876134 -0.053795624760451737 0.54784616471039138 0.051991392170754297
1403715536.1121433  1.1457636216205977  -2.569087253454216 0.63640989259583358 0.83655911359730961 -0.046996452250743531 0.54373491313813083 0.048088742630648246
1403715536.162143  1.1865016878792802 -2.6259347940855338 0.62880418534105487 0.83942522015743559 -0.040316556814718213 0.54007584944778753 0.045364654230990911
1403715536.2121432  1.2312782849267678 -2.6824535800629321 0.62099596338141849 0.84209440136913483 -0.032907145946736709 0.53646881447269712 0.044669341014365802
1403715536.2621431  1.2785405708061262 -2.7357721949205054 0.61259370682341718 0.84400284119018798 -0.025740384979357898 0.53383714226358547 0.044883651632340371
1403715536.3121431  1.3279873667709687 -2.7884946117248286 0.60628763615547521 0.8446894078314775 -0.018542442398343684 0.53302191380019959 0.04520643246247924
1403715536.362143  1.3795875971343614  -2.840296382668289 0.60170427446528352 0.84378898822305282 -0.011027430446446402 0.53452101791094286 0.046752759733679518
1403715536.4121432  1.4329605408668473 -2.8905532178129172 0.59860286902100512 0.84171081781206736 -0.0025672491948133436 0.53753467100603813 0.05072263672309462
1403715536.4621429  1.4895341827842985  -2.939244966921247 0.59531955929953528 0.83896482778153714 0.0057252008771702962 0.5413359959444719 0.055322502792430533
1403715536.5121431  1.5440159073884157 -2.9819138958979612 0.59485058559743653 0.83601760185055363 0.012534954835050157 0.54529447042564028 0.059761064469710516
1403715536.5621431  1.6023410562947757 -3.0237736427654709  0.5902480599863914 0.8328054990038859 0.017659300131234835 0.54966089939964413 0.06321428334591718
1403715536.6121433  1.6608074776723363 -3.0601844973576311 0.59001298815335423 0.82948391328781867 0.021600556920791311 0.55427683996822741 0.065322570465911278
1403715536.662143 1.7209306036712595 -3.093440055910496 0.5901395577146854 0.82534331467345845 0.025052007322516719 0.560027145680566 0.06745669687895603
1403715536.7121432  1.7817039882558103  -3.123380028158961 0.58991998170345317 0.82040043054547895 0.02685101023584259 0.56713949951799847 0.067638338954927324
1403715536.7621431  1.8419131222406366 -3.1488561584915464  0.5890392307146689 0.81339463234602238 0.02837725396542681 0.57723222380729478 0.06623340038489571
1403715536.8121431  1.9023964044534833 -3.1704239002750851 0.58888758718927103 0.806740315733946 0.031148611854835039 0.58651981801462716 0.064763647404225341
1403715536.862143   1.960813122177719 -3.1886587976164722 0.58615888568500252 0.80032654470308784 0.03517508763336126 0.59498169586177674 0.065091601939466739
1403715536.9121432  2.0171330092725865 -3.2015634587109423 0.58971368628563881 0.79378999820734175 0.040283694500608223 0.60305943152140906 0.067778940360890369
1403715536.9621429  2.0706928147985684 -3.2101695323881976 0.59321430200111136 0.7871427035318973 0.046117689449182292 0.61065661736800914 0.07333497570072206
1403715537.0121431  2.1198496345320854 -3.2135488271980188 0.59624832054144428 0.78049334211370314 0.051252311224165487 0.6180749227047091 0.078655790848044721
1403715537.0621431  2.1686379766079713  -3.213655715881587 0.59972713273564293 0.77251808396750354 0.054752750539249821 0.62725959649898166 0.082239557704905972
1403715537.1121433  2.2110560107754438 -3.2062179115413318 0.60719669175915947 0.76314167697457724 0.057963611663796578 0.63792167603273864 0.085504010636345371
1403715537.162143  2.2408478283354532 -3.1911239047978937 0.61205206122943667 0.75300607993404101 0.059305593715342615 0.64937304536438312 0.088200556067557848
1403715537.2121432 2.2724774412381268 -3.173185576638009 0.6195322537314808 0.74356122321719254 0.059692947506704883 0.66008267074789428 0.088568206056356916
1403715537.2621431  2.3017005731872691 -3.1521366072812818 0.62679191649457067 0.73543669805963707 0.058240471521199294 0.66956992848047259 0.086122131294932722
1403715537.3121431  2.3200714984192232 -3.1227629302860822 0.63555983961657503 0.73139149314582641 0.050997301809011887 0.67588814228420424 0.075106445007911721
1403715537.362143  2.3379648742988803 -3.0922697914585822 0.64329477363290644 0.7330816608734706 0.041300954580866474 0.67621499045465405 0.060156432125877929
1403715537.4121432  2.3427265890367597 -3.0545093986030594 0.65177888920519378 0.74077314965418983 0.030846246218954477 0.66944300098491472 0.046365054490668425
1403715537.4621429  2.3429363823359162   -3.01432069384084 0.66136925559291537 0.75216230928088801 0.019723194898631828 0.6579148713611298 0.031794309586785197
1403715537.5121431  2.3342195742125909 -2.9718178959396164 0.66912794760007133 0.76626066177964058 0.0094193936840153859 0.64216343024342282 0.019544873743611902
1403715537.5621431  2.3222244284762379 -2.9286404331402496 0.67741923884108823 0.78044233675121621 0.0010355091597224488 0.62514811163496353 0.0099259884304008627
1403715537.6121433  2.3083046493258421 -2.8858861025249696 0.68292429854932946 0.7927259371410863 -0.0063800129291030142 0.60954184980416726 0.0019019348372645711
1403715537.662143  2.2902858701895088 -2.8422205211230338 0.69167636395042154 0.80115868717636252 -0.012008628869474389 0.59832412460345419 -0.0029652507538235587
1403715537.7121432  2.2714691020197559 -2.7993302400109643 0.70368527273857573 0.80270428306348363 -0.016938749089332291 0.5960987099903724 -0.0067261191367348865
1403715537.7621431  2.2526094716388454 -2.7577026864796967 0.71641825952881555 0.80011001916870272 -0.019898639204268286 0.59946903673749163 -0.0080545252312307844
1403715537.8121431  2.2271535100365245 -2.7165671933887259 0.72778713375101989 0.79471687914855282 -0.022890236021992017 0.60647612858187328 -0.0093714754219935154
1403715537.862143  2.2055423770119682 -2.6770436950530567 0.74250296202119348 0.78988456895456671 -0.023874662994310753 0.61274201601318146 -0.0077194563583512102
1403715537.9121432  2.1797857012709789 -2.6380132670829974 0.75520796937399637 0.78689158868931064 -0.025157868543746343 0.61652647591504817 -0.0079883537803507373
1403715537.9621429  2.1485505230006936 -2.6010796444543369 0.76410141833606593 0.78796277737039788 -0.025072791541466233 0.61518102063018854 -0.0061909982593048992
1403715538.0121431  2.1177722754096941 -2.5641611730029128 0.77304920151284229 0.79128097337761971 -0.026635903960583792 0.61081490790337511 -0.0083724592421101866
1403715538.0621431  2.0834966872247298 -2.5294107345776626 0.78198763413950345 0.79434593911942364 -0.029073772683555071 0.60670087667166694 -0.0091263898808232932
1403715538.1121433   2.049210025155126 -2.4956492462448652 0.79058341344258909 0.79795071947062435 -0.033281998830729659 0.60169380577388543 -0.011468301682569522
1403715538.162143  2.0145247913546398 -2.4650103967109569 0.79837400996360175 0.80134551870167714 -0.038563993174499059 0.59682467260986372 -0.012589211703137707
1403715538.2121432  1.9764061324723754 -2.4359260670545297  0.8044949491389991 0.80409753249669313 -0.044375272170649113 0.59272747020662386 -0.011495195299182888
1403715538.2621431  1.9381655406862972 -2.4079432543831287 0.80736861962838202 0.80570760012614384 -0.050414743854962633 0.59010442013480624 -0.0083898771369148532
1403715538.3121431  1.8985346554720632 -2.3812564657347663 0.80759437337335227 0.80542762052685157 -0.057255889116943202 0.58990743156466363 -0.0041633446487169528
1403715538.362143  1.8575891976115235 -2.3592559406917299   0.805052478046975 0.80393966679178308 -0.064285075850772672 0.59122409452317426 0.0015846882437732461
1403715538.4121432   1.814507909172042 -2.3372397707122849  0.8005503187672437 0.79906500848808926 -0.070401168491979457 0.59701805048280898 0.010403609114153124
1403715538.4621429  1.7725911875228451  -2.315861146732173 0.79722888748985621 0.79329203232120071 -0.074482958688942738 0.60382702046884995 0.023086135933748277
1403715538.5121431   1.726820159445517 -2.2962029796359418 0.79386602244643234 0.78680849370114514 -0.079313322514289866 0.61103683034747569 0.035718105638313881
1403715538.5621431  1.6804172559517376 -2.2771034886008725 0.79051176171097048 0.78168080115999938 -0.084247413520002284 0.61598502847718928 0.049395780234831044
1403715538.6121433  1.6309272577743295 -2.2574508555952257 0.78704612121199924 0.77778021208790693 -0.09149156552181413 0.61886271030201789 0.060796224557934674
1403715538.662143  1.5814788989278044 -2.2405298461408663 0.78389213591231455 0.77592738275403184 -0.10046749798320237 0.61871249018322605 0.07097769390974093
1403715538.7121432  1.5274693279786713 -2.2209558672065035 0.77996483896357749 0.77561517295846161 -0.11133192653454299 0.61607602457402766 0.080477559330443288
1403715538.7621431  1.4714037864682452 -2.1999427584876456 0.77473327539524461 0.77797349994718146 -0.12364140724124532 0.60942181241328697 0.089861506498844126
1403715538.8121431  1.4111923005826403 -2.1797837411081433 0.76949330869778387 0.78179103879934142 -0.13773229548528731 0.6000235033750021 0.099017078481386522
1403715538.862143  1.3508474124658294  -2.159585067073361 0.76435585957428953 0.7844113542429747 -0.15224101599169867 0.5911803487349182 0.1096690277798545
1403715538.9121432  1.2887551661879335 -2.1386432850953616 0.75790510945211287 0.78589289409974117 -0.16791251851670563 0.58280626060032925 0.12047658583297942
1403715538.9621429  1.2282429051874886 -2.1187251004089656 0.74876478846968486 0.78545663314734659 -0.1842628661689559 0.57588280590200558 0.13215168354004886
1403715539.0121431  1.1748431428641399 -2.1047990342746421  0.7373915010169062 0.78328596927794114 -0.20073336546613432 0.57029129520971977 0.14469638879037724
1403715539.0621431  1.1123937552461431 -2.0836746792549619 0.72280936204271473 0.78007599626373836 -0.21869336189051536 0.56484348141932272 0.15686457540266868
1403715539.1121433  1.0493461171071714 -2.0621006074424373 0.70492192784504215 0.77607972426214478 -0.23678940948596575 0.55936605198431011 0.16953069642978286
1403715539.162143  0.9833245431133768  -2.039464915964186 0.68473226458517988 0.77045996576119147 -0.25555155542401148 0.5549211659263189 0.18206411861376434
1403715539.2121432 0.91892567475100917 -2.0166327033909757  0.6613425252682047 0.76481245194721614 -0.27431925473299729 0.54986271534026232 0.19355064998044835
1403715539.2621431 0.85800131522626144 -1.9950014374318561 0.63485468679227819 0.76029174160607338 -0.29201999267556933 0.54287942279481649 0.20484805058709046
1403715539.3121431 0.79438946914934949 -1.9714746488939763 0.60547492553107107 0.75639797294063471 -0.30920874457232245 0.53467528079671978 0.21534716834975134
1403715539.362143 0.73027872489915102 -1.9474183621470678 0.57364241454564302 0.75268219517998369 -0.32559054531804532 0.52622507365503923 0.22482767115123389
1403715539.4121432 0.67078542371228911 -1.9259725220692216 0.54072329083471016 0.74887939424749117 -0.3401263177750562 0.51842477258232 0.23394336066933386
1403715539.4621429 0.62043414545503683 -1.9074288401546327 0.51038918547028833 0.7442056955128532 -0.3518788733494313 0.51330379524337499 0.24260740929599173
1403715539.5121431 0.56137992497946354 -1.8850191173134483 0.48382654330825919 0.74016887110064955 -0.36339949564828411 0.50839601352477248 0.24824250693280217
1403715539.5621431  0.5042128277376059 -1.8631138549941915 0.46171016886583521 0.7359365850845675 -0.37560311865960855 0.50537260516872862 0.24883361897503636
1403715539.6121433 0.44834343931567838 -1.8420488479298258 0.44470715399502181 0.73106521028506066 -0.38602365404692707 0.50466069176284267 0.24869053664457733
1403715539.662143 0.39399207348336657 -1.8220856360418767 0.43235981006689889 0.72616310225791136 -0.39443327079187285 0.50528343386575314 0.24859242802713125
1403715539.7121432 0.34072125070434567  -1.802591311510358 0.42500541823580829 0.72081468047973518 -0.40045417020609081 0.50755008062344853 0.2499111234590804
1403715539.7621431 0.28945092626630636 -1.7849732777968021 0.42240219610623309 0.71766943135876049 -0.40378923418027363 0.5083520839792528 0.25195833061689438
1403715539.8121431 0.23627953514436895 -1.7673427116951907 0.42275318543024948 0.7152690793355958 -0.4052205541473316 0.50949914095376336 0.2541595404668413
1403715539.862143 0.18706102782116629  -1.751416467995603 0.42660893490706187 0.71646829234378295 -0.40509152722819064 0.50745626072589811 0.25507289954835499
1403715539.9121432 0.13489696276677521  -1.734612943613135 0.43318354765209566 0.72026410142031638 -0.40544719060745155 0.5030527060152219 0.25252757236482481
1403715539.9621429 0.084683657936747717   -1.719708396966545  0.44540013031324316 0.7233019453045233 -0.40716047776250119 0.50015647883990366 0.24677548083505665
1403715540.0121431 0.039798351647364366  -1.7023256158742235  0.46244117728321782 0.72873249710846322 -0.4089787150704296 0.49333004450065526 0.24147634557112546
1403715540.0621431 0.0001689908269294927   -1.6924266076290018   0.47975378678335806 0.73305940943042669 -0.41309118212699636 0.48761841039306381 0.23282582189305517
1403715540.1121433 -0.046069232862691697    -1.687634282965897   0.49407955849412982 0.73797504286340321 -0.41689398578303266 0.48160163943037232 0.22282751541645909
1403715540.162143 -0.093847662618629341   -1.6832873627592728   0.50993162855746776 0.7402418891878676 -0.4199942975367148 0.47950060442547032 0.21383616598654875
1403715540.2121432 -0.14056877614922927   -1.682153482981491  0.52655471188626735 0.74205100627459353 -0.42209431347196641 0.47750743101031007 0.20780603444420651
1403715540.2621431 -0.18677592892442746  -1.6853848382689338  0.54426885535447611 0.7415349716729448 -0.42153635248658089 0.47942140663618799 0.20636885466875343
1403715540.3121431 -0.23227798786160558  -1.6926631630888034  0.56261607380336576 0.74226435301076465 -0.41812236779959705 0.48023972152801386 0.2087752994534201
1403715540.362143 -0.27753714498351617  -1.7033400557986567  0.58126369823830115 0.74413666009994495 -0.41263252445462456 0.47962113093957226 0.21437957368590055
1403715540.4121432 -0.32189869214912165  -1.7169111580635892  0.59868257173414985 0.74694144628810599 -0.40759270205272052 0.4774218972454734 0.21912324632710109
1403715540.4621429 -0.36361039443269677  -1.7339911731122597   0.6164273983127313 0.74978938169866971 -0.40293285612524671 0.47455398468442611 0.22418633358617407
1403715540.5121431 -0.40469514007845331  -1.7538677454639979  0.63226756428976194 0.75512035139014511 -0.39924307551553362 0.46722706569175737 0.22824787108402936
1403715540.5621431 -0.44373673446505146  -1.7768857342420152  0.64740419341918076 0.75915152633083671 -0.39854665402827982 0.46050296168604682 0.22975323046869858
1403715540.6121433 -0.48045160141266707  -1.8042360465020322  0.66448439576124041 0.76302412792518959 -0.39815234078127981 0.45388093742451568 0.23078342309844194
1403715540.662143 -0.51648306288252976  -1.8339572044666708  0.67910705004878047 0.76467713945408822 -0.40138056636544422 0.44964316941617949 0.22799897705437433
1403715540.7121432 -0.55161413368432066  -1.8646915066855252  0.69109210940406118 0.76333893365727479 -0.40765124081461729 0.44919730570443145 0.22216192016895553
1403715540.7621431 -0.58279435004866853  -1.8987287872640914  0.70292458532605073 0.76129091448377439 -0.41355795253084221 0.44975213184487006 0.2170921079264535
1403715540.8121431 -0.61144765345310881  -1.9367749261917244  0.71454927498656562 0.75707891312549147 -0.417236364741702 0.45413339815756687 0.21565758024172235
1403715540.862143 -0.63852460094520602  -1.9782086508044034  0.72606861291784208 0.75323574111992386 -0.41871781401135882 0.45862547432839401 0.2167348260573827
1403715540.9121432 -0.66405829476033307  -2.0233159089504449  0.73716778197052568 0.74915238921636962 -0.41963631924637768 0.46378614344095981 0.2181248964536576
1403715540.9621429 -0.68753279124078992  -2.0721692074697278  0.74712631741779245 0.74587826462971851 -0.41820355915760488 0.46840948856582859 0.22217999118365769
1403715541.0121431 -0.71053374291924731  -2.1240602400301416  0.75764650358807761 0.74374929401475287 -0.41572754138419604 0.47169573400626275 0.22695976186870942
1403715541.0621431 -0.73443578925742203  -2.1787080615526113   0.7688335268163855 0.74239658853847934 -0.41309695543594782 0.47430578649197419 0.23072111224638372
1403715541.1121433 -0.75635237067408756  -2.2347128185092568  0.77811503917097347 0.7426062612350568 -0.41071888747090057 0.47446140477937659 0.23394937833629076
1403715541.162143 -0.77714752241173268  -2.2934209127519001   0.7854944800490764 0.74130965580965225 -0.4109253257918577 0.47670888991601129 0.23312873075036217
1403715541.2121432 -0.7975988281263422 -2.3553478304066204 0.79228674659811327 0.73653742317566773 -0.41363857438502583 0.48393002138003205 0.22853334209605528
1403715541.2621431 -0.81717023303448411  -2.4196237344531069  0.79924174484988342 0.73007705434909675 -0.41626865027284582 0.49311517959233797 0.22482287510079016
1403715541.3121431 -0.83551820368206697  -2.4877013906221159  0.80601980425704167 0.72429673359176527 -0.41723564357557041 0.50060631947626377 0.22517098467344288
1403715541.362143 -0.85079854519399523  -2.5563404071076081   0.8125809310210671 0.72172412096354321 -0.41512412350203015 0.50352651747941835 0.23075376811900855
1403715541.4121432 -0.87103410346181065  -2.6232367442844513  0.81837987321725991 0.72106251867250548 -0.41265972840394194 0.50369075000950303 0.23680460526373195
1403715541.4621429 -0.89205388391474461   -2.690797937407218  0.82260918163453589 0.72469325446593136 -0.41094042037258399 0.49787524007835449 0.24097282658528463
1403715541.5121431 -0.9128878350701829 -2.7593328382568947 0.82613647703999593 0.72937811442063749 -0.41060042491145365 0.49032163142896312 0.24289824005037458
1403715541.5621431 -0.93334828862524122  -2.8290041598086115  0.82938998134253061 0.73466833769170825 -0.41037004558438878 0.48189006298229098 0.24421471388778479
1403715541.6121433 -0.9529188340815814 -2.8997633102127103 0.83268151035236648 0.73878752735328534 -0.41133280982328113 0.47516796463500055 0.24333868244636758
1403715541.662143 -0.97179809926940508  -2.9720302899369475  0.83665511219985378 0.74283947898095937 -0.40950233399626657 0.46900274938498293 0.24603611114678636
1403715541.7121432 -0.98893109045746397  -3.0453287453298921  0.84127175219875738 0.7463407514721514 -0.40584474152254701 0.4639064963182758 0.25111011756634394
1403715541.7621431 -1.0036696342893607 -3.1205447475265093 0.84712888062881531 0.74858004738241279 -0.39781105732946559 0.46148535748097275 0.26154452805978567
1403715541.8121431 -1.0157012085354971 -3.1970737401995595 0.85237224106899367 0.75036933248478943 -0.38893090215814552 0.45945663153791388 0.27309013520926811
1403715541.862143 -1.0235847894284238 -3.2760637142951268 0.85609153321848175 0.75034789022849158 -0.37900364163786071 0.4603982131223513 0.28525036127696268
1403715541.9121432 -1.0288180849178199 -3.3541079458917826  0.8596795629669195 0.75109473685321482 -0.36965514721835979 0.4604135712762113 0.29534913541613411
1403715541.9621429  -1.026540190622991 -3.4320683787221795 0.85701706163638958 0.75244672134765922 -0.36058971583677296 0.46068605120370637 0.30260097586136359
1403715542.0121431 -1.0238934539613105 -3.5058239682214545 0.86086211117261535 0.75499513188582434 -0.35133753517892385 0.46014969316977022 0.30790671814507642
1403715542.0621431 -1.0167598118390797  -3.579267962842827 0.86479681148778376 0.75623184590790171 -0.3403446064161566 0.46352312325578388 0.3121301945108203
1403715542.1121433 -1.0057149094239755 -3.6477239693453662 0.86819346478936921 0.75578417980104062 -0.33088164317345992 0.47047483902004111 0.31298728028845824
1403715542.162143 -0.98711116577477065  -3.7164205734700158  0.87063604754942492 0.75514125022394651 -0.31989018110944351 0.47877661842790703 0.31337663264308779
1403715542.2121432 -0.96804367228122767  -3.7797040024644817   0.8756910738163366 0.75319266645209815 -0.30981438715628107 0.49009459522416343 0.31068173497297857
1403715542.2621431 -0.94527726012601088  -3.8348508656674971  0.88180881373761877 0.75122192227831475 -0.30031916049372892 0.50176345049387028 0.30611675072968647
1403715542.3121431 -0.91994382087793769  -3.8900838094054313  0.88788805506297053 0.7493290821962042 -0.29338307996933249 0.51440145073685661 0.29635020236625415
1403715542.362143 -0.89262175212444528  -3.9349262824859732  0.89417976782206976 0.74750086956232153 -0.2854648627703491 0.52687533868794234 0.28662630655532156
1403715542.4121432 -0.86342003309135051  -3.9873931961832132  0.90000053320189244 0.74496129313607151 -0.27934485969271522 0.5414450189027914 0.27172856419163066
1403715542.4621429 -0.83366606606511817  -4.0312565941372371  0.90687030850007222 0.74081500935509093 -0.27341586814719027 0.55724447170525349 0.25674010928070401
1403715542.5121431 -0.80476525670480903  -4.0725481433483166   0.9131417847719564 0.73768874904273185 -0.26802454148231802 0.57007674841765055 0.24287992015092877
1403715542.5621431 -0.77783408938572007  -4.0982264654314857  0.91875072077120401 0.73656489526188862 -0.26244275788127497 0.57854651687381775 0.23212040349070379
1403715542.6121433 -0.7519994588381107 -4.1334753797014629 0.92234450253215972 0.73990692555983018 -0.25843973390700919 0.58003708300642964 0.22204420232031824
1403715542.662143 -0.72895358459585746  -4.1592962361426418  0.92642618763636531 0.7447439755736579 -0.25487872478250811 0.57851784078719137 0.21379979979156075
1403715542.7121432 -0.70629555334326932  -4.1881538217212908  0.93113597122395353 0.74792262944063337 -0.25216958542984858 0.57850395808466082 0.20580430276145512
1403715542.7621431 -0.68715996267295854  -4.2111042652173678  0.93296394590824216 0.7518036673997166 -0.24891632481107442 0.57658379394185888 0.20095531217287158
1403715542.8121431 -0.66907194071699039  -4.2350350222446655  0.93264933801577921 0.75633311639457113 -0.2464240915168017 0.57316670656429125 0.19676206608805141
1403715542.862143 -0.65378500009968599  -4.2473519081226581  0.93096455524626587 0.76027154125038632 -0.24617661187184811 0.5694392592681311 0.19267378995655207
1403715542.9121432 -0.63792451568746333  -4.2640300733365795  0.92949540227508898 0.76300633060673284 -0.24633884239533277 0.56740097886243424 0.18760235437575928
1403715542.9621429 -0.6238155215149318 -4.2776840345398988  0.9257572798246535 0.76420036959779403 -0.24804902675678692 0.56703973628475779 0.1814811640521361
1403715543.0121431 -0.60910641549202649  -4.2956394870341885  0.92000975571284782 0.76413944567436054 -0.25033546076484248 0.56796154915423891 0.17562102189217629
1403715543.0621431 -0.5967696314291705 -4.3089603336762385 0.91412453813951233 0.763029840424298 -0.25216049322607376 0.56985336643987372 0.17166155374805625
1403715543.1121433 -0.58584774616511437  -4.3228093031514891  0.90650138381587619 0.76208456648243295 -0.25402545486217465 0.57128304317908196 0.16832666570509511
1403715543.162143 -0.57516243066040984  -4.3354353969573882  0.89891857255102092 0.76067921923769821 -0.25502380930155677 0.57282125906034032 0.16794578672231014
1403715543.2121432 -0.56709727823988987  -4.3479808809408622  0.89016697113947407 0.75859977349651608 -0.25612852989579465 0.57517474286291215 0.16762629566102261
1403715543.2621431 -0.56066078284727483   -4.360171435528577  0.88143867000067277 0.75585521707929981 -0.25768165571562857 0.57827340595212628 0.16698180466800655
1403715543.3121431 -0.5565086887865367  -4.371484763894669 0.87231779248794517 0.75390455854035665 -0.25967281061932396 0.58016750051055832 0.16614336998045445
1403715543.362143 -0.5525908776978401 -4.3819948246628337 0.86582802381289803 0.75341114616606686 -0.2601145773384852 0.58015864487284041 0.16771403718253342
1403715543.4121432 -0.55243240457361487  -4.3923338560992189  0.85731784882794626 0.75241086414077918 -0.26023944843792174 0.58085429352942564 0.16959248417333911
1403715543.4621429 -0.55035696827422764   -4.404130746420913  0.85077105993404745 0.75305780282321566 -0.25842624712086393 0.57965240848594912 0.17355951642746531
1403715543.5121431 -0.55421656421840826  -4.4131538885307533  0.84187579753983854 0.753420377865608 -0.25688990612405482 0.57856609438598972 0.17783864814871067
1403715543.5621431 -0.55606032986224097  -4.4215084220473502   0.8370194876590985 0.75198316653445396 -0.25519076588693379 0.57984774107927883 0.18214166854433284
1403715543.6121433 -0.56298207726280636  -4.4284901530482363  0.82828799331643799 0.74950524502596672 -0.25306983242570624 0.58263535541164357 0.18636949916480022
1403715543.662143 -0.56576023715995372  -4.4381116176079249  0.82244227431850769 0.74671634765450512 -0.24862761987512563 0.58610654730961476 0.19255679157471603
1403715543.7121432 -0.57737618768509513  -4.4412327698011769  0.81369626024279451 0.74409082079432554 -0.24590293071331379 0.58795018188087478 0.2004374782880595
1403715543.7621431 -0.58632185749989363  -4.4455853108090571  0.80619942033536085 0.74171297418267301 -0.24290090473469689 0.58835302210177776 0.21142785008570755
1403715543.8121431 -0.60350548321436892  -4.4430229102010337  0.79609288989413973 0.73955632655879044 -0.24139334121109565 0.58702345954420421 0.22402935658204604
1403715543.862143 -0.62083901268450148  -4.4398998316036931  0.78442370058935518 0.73812258650409812 -0.24251075473334269 0.58356682849154384 0.23624846627118221
1403715543.9121432 -0.64003474727270671  -4.4307745976064945  0.77353357431392655 0.73661158535191629 -0.24624398731136687 0.57877950487853003 0.24855895833966554
1403715543.9621429 -0.65807054729442827  -4.4206812496977559  0.76137648871627583 0.73617285900218132 -0.25246015617058526 0.57169253781193063 0.25977111738034397
1403715544.0121431 -0.67827961469158782  -4.4051876470084945  0.74835331772296698 0.73549609309848707 -0.26046012036977007 0.56354235438641886 0.2713411829163398
1403715544.0621431 -0.69912040221234306  -4.3862087410596917  0.73359961917269634 0.7340673281324106 -0.27123100750773466 0.55503600322070046 0.2819821509664639
1403715544.1121433 -0.72083332387254662  -4.3634131324919982   0.7152608073433715 0.73098545479971322 -0.28871286494609782 0.54801037485572934 0.28633856802106811
1403715544.162143 -0.74125020452112156  -4.3360014723820042   0.6955709424954214 0.72665552496070585 -0.30931623885926784 0.54058258548746119 0.28994082273755334
1403715544.2121432 -0.75808498950728287  -4.3064959674913501  0.67422010491340933 0.72073007092501817 -0.33113804040693068 0.53327002852852445 0.29414085016036645
1403715544.2621431 -0.77704527992916506  -4.2743454344716962  0.64894747708627387 0.71331336629402298 -0.35357402510617547 0.52556546539089966 0.2999173083117308
1403715544.3121431 -0.79734493025722453  -4.2390813777970289  0.61885661477113407 0.70452119383144396 -0.37731130173380267 0.51751790929631514 0.30571438072788004
1403715544.362143 -0.82155097670471422  -4.2016687955742649  0.58442345457200884 0.69457565822068079 -0.40118533798002826 0.50953799360613905 0.31142577393174908
1403715544.4121432 -0.83985679976261052  -4.1643501693275748   0.5480872942411984 0.68373757200564866 -0.42435025384355307 0.50220978811918493 0.31656772325683452
1403715544.4621429 -0.85828662023883184  -4.1256134155110873   0.5100037132149563 0.67227681551001395 -0.44478820062758434 0.49533816917246659 0.32380154118079701
1403715544.5121431 -0.87651251781954775  -4.0855673403757571  0.47175275829625779 0.66147663974007354 -0.46282882315959117 0.48813181470054062 0.33161041450480122
1403715544.5621431 -0.89537826045576963  -4.0444594287567428  0.43564134665658782 0.65113368059299503 -0.47871537421065502 0.4817212459576406 0.33882320121973686
1403715544.6121433 -0.91243096587371275  -4.0021748475227223  0.40425308704050072 0.64223732260693711 -0.49109843834022626 0.47629792681423633 0.34567879631664505
1403715544.662143 -0.92856807958896115   -3.960181707773561  0.37695828276396104 0.63532109790387492 -0.50064440089942819 0.47138464586596573 0.35145241790046883
1403715544.7121432 -0.9459924560474493 -3.9158258782026931 0.35685194400940834 0.62837671545978024 -0.50522773938446597 0.46947805506560902 0.35983050264847438
1403715544.7621431 -0.96115294999058676  -3.8703529329000603  0.34518204205258624 0.62236235963582254 -0.50729237729648491 0.46951552719435646 0.36725291961918743
1403715544.8121431 -0.97621202565897347  -3.8247026590042066  0.33918643807611931 0.6179199650608177 -0.50814982224313177 0.46973845267787312 0.37323512831633254
1403715544.862143 -0.99245602257136833  -3.7750037758687678  0.33868048130968581 0.61504330721852118 -0.508075920221429 0.46984352669469215 0.37792545555961965
1403715544.9121432 -1.0080016410043882 -3.7247267363540999 0.34444713559790163 0.61433267658988122 -0.50875862088300194 0.46888940819808939 0.37934516081107988
1403715544.9621429 -1.0260310712444851 -3.6669213745418214 0.35290263623443918 0.61526821688691236 -0.51056233177731292 0.46589527159525884 0.37909460898843261
1403715545.0121431 -1.0422405307431792  -3.612318476245532 0.36217162075198228 0.61732998120461957 -0.51311688591337479 0.46134813479704539 0.37785268851200715
1403715545.0621431 -1.0583556015685553 -3.5575476254319929 0.37159380832430616 0.61791214238709757 -0.51613063381912105 0.45762628307706682 0.37732206158814519
1403715545.1121433 -1.0741121015731985 -3.5019288164948437 0.38079182599014183 0.61793985724001066 -0.51979770485239285 0.45305890209362859 0.37775429858321402
1403715545.162143  -1.090801024257086 -3.4428584523621866  0.3894802989914648 0.61690674360624198 -0.52420929881999123 0.44792331178765121 0.37946724164409562
1403715545.2121432 -1.1049992300095768 -3.3890569828533916 0.39390055555494558 0.6145252397870965 -0.52943286587888472 0.44378307624815277 0.38094113905905314
1403715545.2621431 -1.1197305015506336 -3.3329998752772618 0.39529654476702869 0.61199405508767868 -0.5353978980824079 0.43829344815772386 0.38302900747631602
1403715545.3121431 -1.1345097353536626 -3.2737071091246142 0.39450190836414278 0.60795697832947593 -0.54225697195476885 0.43346977866308628 0.38529162961672697
1403715545.362143 -1.1489734176412618 -3.2166972082507055  0.3902253293566641 0.60286857685168194 -0.54913141627442374 0.43086792963514342 0.38646732580801524
1403715545.4121432 -1.1623843535949334 -3.1591949008059381 0.38579212319694561 0.59604732577763098 -0.55674038764397782 0.4318860970789572 0.38502224007097774
1403715545.4621429 -1.1749510024393841 -3.1025935898023724  0.3839355726974778 0.58936482928634959 -0.5644247064469905 0.43401683598618895 0.3817109309844795
1403715545.5121431 -1.1877727716531274 -3.0440504289600385 0.38104093180203658 0.58251020161170697 -0.57183686126434852 0.43722253418072082 0.37751943621781264
1403715545.5621431  -1.200067674463406 -2.9879058080324206 0.38082921033029604 -0.57637522812175235 0.57849955339384329 -0.43984151199971339 -0.37372357090840275
1403715545.6121433 -1.2153207724238222 -2.9318656461223624  0.3820657213812263 -0.57077345048918315 0.58401249668929178 -0.44284625274279532 -0.37018139926133031
1403715545.662143 -1.2338062098976588 -2.8750414229980255   0.384195608835528 -0.56671992182455266 0.58776633278992996 -0.44514685348079824 -0.36770034958100728
1403715545.7121432 -1.2535571077795651  -2.821888595511219  0.3863545786003883 -0.56510245342128795 0.58922868624094238 -0.44692843267962706 -0.36568257889944183
1403715545.7621431 -1.2768678015967898 -2.7627515323716043 0.38923052511536893 -0.56551078137127242 0.58935747528617766 -0.44683208355310555 -0.36496083568616766
1403715545.8121431 -1.3002797191514686 -2.7094868868778907 0.39089073925410955 -0.5689158179151127 0.58663860276444102 -0.44606093295489402 -0.36499258343694102
1403715545.862143   -1.32497821417715 -2.6560393334637173 0.39340511815411316 -0.57338183483402216 0.58179134487161577 -0.44647095361126665 -0.36526126279184457
1403715545.9121432 -1.3518392672581374 -2.5989694924438105 0.39706379846236139 0.58073107134770396 -0.5746573185456022 0.44546739040614963 0.3661682579062
1403715545.9621429 -1.3802774729167782 -2.5464472191161955 0.39975370220391704 0.58957099325695594 -0.56489789820653369 0.44561736103577465 0.36704437886359115
1403715546.0121431 -1.4085755353062315 -2.4936806230575104 0.40307604675569941 0.60013971582324377 -0.55375382955762231 0.44599932516172985 0.36643364978826048
1403715546.0621431 -1.4366511165343818 -2.4426464917927739 0.40679485631504653 0.61109879061170858 -0.54091313326658963 0.44854782102005664 0.36438455322747565
1403715546.1121433 -1.4644902277554783 -2.3902781957496613 0.41150634596483721 0.6227498585475475 -0.52740018275031975 0.45207683244303376 0.36008082215276643
1403715546.162143 -1.4925211348574052 -2.3383818793315627 0.41564161227448371 0.6339756163430359 -0.51375849139076013 0.45814512448816014 0.35246301268939767
1403715546.2121432 -1.5197015360593493 -2.2866740592585528 0.42103742566135383 0.64589138262902801 -0.49838723418555442 0.46460409804246655 0.34435086572939255
1403715546.2621431  -1.544602081949122 -2.2228036146760783 0.42472479551857778 0.65730339429939344 -0.48383399490635837 0.47129161814734472 0.33427701667854409
1403715546.3121431 -1.5709917307004799   -2.17293401040684 0.42951180422752394 0.66887620208727649 -0.46828319055763429 0.47884984638079797 0.3225186883632471
1403715546.362143  -1.595380708100941 -2.1215088392847545 0.43638695056719906 0.68042762118786437 -0.45125744158299946 0.48663110825950767 0.31076540704317984
1403715546.4121432 -1.6205260952353437 -2.0699102309053616 0.44234444865942935 0.69219816180025195 -0.43511014288134686 0.49304290217076713 0.297404715801807
1403715546.4621429  -1.645828530578807  -2.019491544683282 0.44903965277455499 0.70323050558858968 -0.41791265242449926 0.50006274005389151 0.28417094672561138
1403715546.5121431 -1.6709247803483374 -1.9657017213462571 0.45667274346987552 0.71440476165046263 -0.4006105136940003 0.50581315760325773 0.2707214480686691
1403715546.5621431 -1.6972365616776297 -1.9098157688871269 0.46389854886478937 0.72449704757482358 -0.38268987036457386 0.51221054850346515 0.25747396990276272
1403715546.6121433 -1.7228046385485098 -1.8563023518934518  0.4711454395268409 0.73580667455356785 -0.36342311647340592 0.51614272233141156 0.24517109592995781
1403715546.662143 -1.7477817638229265 -1.8042810546603048  0.4782181045832361 0.7478611759719952 -0.34412209129259058 0.5181269394602831 0.23200888423445934
1403715546.7121432 -1.7724428124082541 -1.7537582165376395 0.48358975333709292 0.76062441043864903 -0.32452786725718108 0.51822570226297271 0.21811531613440593
1403715546.7621431 -1.7973888155062117 -1.7045127093884671 0.48936813233937082 0.77482514189315332 -0.3061081107872678 0.51460622739600692 0.20279116037380387
1403715546.8121431 -1.8203316726217864 -1.6579962293099142 0.49513721455710252 0.78816895786924224 -0.28885218109719929 0.51082887600503801 0.18549385641075317
1403715546.862143 -1.8386285034399579 -1.6170068365788504 0.50539867033063524 0.79922531447983591 -0.27206443849543077 0.50880008307863234 0.16835175514365794
1403715546.9121432 -1.8596258294800319 -1.5676508130486138 0.51096638082972923 0.80745549828194296 -0.25532919170533597 0.50961276576160741 0.15204424070040956
1403715546.9621429 -1.8777417233278753 -1.5266884677393076 0.51653137637292001 0.81601300619559924 -0.23350543111967459 0.5094722203398333 0.14154873386659567
1403715547.0121431 -1.8940266560726582  -1.484400916276041 0.52263362625099263 0.8230345964613428 -0.21085090692022324 0.51028396944916365 0.13328997937519238
1403715547.0621431 -1.9080131139000274 -1.4460237704746979  0.5284324775774415 0.82941278516099737 -0.18886150387032571 0.51093596783978323 0.12389592783840891
1403715547.1121433  -1.919427325371025 -1.4071611675773026 0.53380467185659197 0.83446900754355646 -0.167750179309681 0.51248755888050512 0.11348063616116486
1403715547.162143 -1.9280669828814179  -1.368050977578916 0.53910705106794254 0.83856318746868419 -0.14658131082118811 0.51441973206678993 0.10343132601216609
1403715547.2121432 -1.9337126375654119 -1.3298735243985662 0.54493354354693091 0.84191417617291453 -0.12562196711506335 0.51649084673344192 0.092934636050274522
1403715547.2621431 -1.9364878246879731 -1.2920912510317937 0.55084519160132628 0.84471257200525363 -0.10449866645711847 0.51820664449161491 0.083681377914648261
1403715547.3121431 -1.9363709412403274 -1.2547172741292396 0.55662647732372883 0.84727876971280736 -0.084600474818857338 0.51903175269160962 0.074615586523536628
1403715547.362143 -1.9336612962434703  -1.217729827510867  0.5624218540024537 0.84958539611777761 -0.066725726284766682 0.51918564911529996 0.064796557839858548
1403715547.4121432 -1.9279918812761099  -1.179004168104361 0.56643557033155434 0.8523293052842229 -0.050598028848216257 0.5177351831797472 0.054082112830609874
1403715547.4621429 -1.9094770038846141 -1.1353336062021346 0.57582313569398191 0.85576969997986585 -0.036544562509051193 0.51420071437970905 0.043821694156996618
1403715547.5121431 -1.8994995783168682 -1.0813181660076714 0.57470219039278292 0.85833968501957025 -0.021982959087240586 0.51153876721815827 0.033133431201743009
1403715547.5621431 -1.8846487575955071 -1.0418241252071752 0.57735089269922202 0.86049989497992652 -0.0055856599563200576 0.50891523500052127 0.022671892879778801
1403715547.6121433 -1.8652957885194497 -1.0008153127411858 0.57990741587054562 0.8616864230530813 0.011507683538154349 0.50717014889197043 0.011938241849978663
1403715547.662143  -1.8423655619246135 -0.95878675119186851  0.58231607459127299 0.86239570026682799 0.029186235740300891 0.50538896900629404 0.0019518738059422559
1403715547.7121432  -1.8159805670027294 -0.91481356255517754  0.58447637574645739 0.86253146734986585 0.047163928817667219 0.50374857394072781 -0.0072391921132418258
1403715547.7621431  -1.7874672569035983 -0.86983981204180461  0.58944091124863696 0.86199501668029732 0.064845336308197873 0.50246484072217956 -0.016992863662304358
1403715547.8121431  -1.7535554619379754 -0.82498440380471427   0.5928512090306346 0.86095759242494352 0.081605817473861739 0.50135098585970606 -0.027197492122779634
1403715547.862143  -1.7157579239054717 -0.77880231192984362  0.59544228907116237 0.85926851277258087 0.09758639049358131 0.50068465984244681 -0.038070864798225822
1403715547.9121432 -1.6751391153127553 -0.7286474360650872 0.59889733047033555 0.85542660718349428 0.11308861868080268 0.50313889572478365 -0.04803681563394073
1403715547.9621429  -1.6325086927462471 -0.68016794129679636  0.60260773093504216 0.85039133140777634 0.12634953208469085 0.5073102524577956 -0.059217285987261781
1403715548.0121431  -1.5852407707122007 -0.62901049684693477  0.60602987156327959 0.84425103333849905 0.13559445890075256 0.51366208253517254 -0.070750267758631538
1403715548.0621431  -1.5351766011850243 -0.57592964137243086  0.60938171347510395 0.83690812971203488 0.14420769282080712 0.52208057038917965 -0.078872059535125633
1403715548.1121433  -1.4855399239990184 -0.52402837543585246  0.61299152521106282 0.82880246341632646 0.15162458235408227 0.53187657622175855 -0.084875027703082653
1403715548.162143  -1.4356732884912293 -0.47354582441607196  0.61674584379337105 0.8220283171939512 0.1574163629462498 0.53989568536297317 -0.089454923478258536
1403715548.2121432  -1.3829019644988263 -0.41945613492342576  0.61909590692402849 0.81615751397770264 0.16225225139565921 0.54696857317493708 -0.091577831672024129
1403715548.2621431  -1.3305076589542773 -0.36456256785189867  0.62430428713475838 0.81121902334587048 0.16596302168132027 0.55306094918886872 -0.092214738943865324
1403715548.3121431 -1.2792609030976783 -0.3059368551284195 0.62574431875377634 0.80745360656931475 0.1681075786749591 0.55780530861018063 -0.092799530799190344
1403715548.362143  -1.2263450232607915 -0.24795305048183289  0.62338701859098056 0.80601259911055911 0.16883755248872809 0.55968608254818009 -0.092677181369142034
1403715548.4121432  -1.1765315677248944 -0.19193841404234954  0.61914438840362962 0.80479028504649264 0.17011657517821901 0.56129543772891721 -0.091216114415830343
1403715548.4621429  -1.1244983778744289 -0.13406034082252799   0.6107114765866698 0.80519878984903503 0.16901270275499983 0.5611015915714751 -0.09085493420314196
1403715548.5121431   -1.0717845558834753 -0.074876639208309712   0.60084789156944252 0.80578438098472105 0.16714767962951638 0.56079579589707707 -0.091001427789362779
1403715548.5621431   -1.0248708005343072 -0.021120866057141526   0.59363987652012973 0.80679422736642614 0.1635254192684818 0.56002402382941163 -0.093357402894432756
1403715548.6121433 -0.97593472051046837 0.036915822281779309  0.58670059140794795 0.80801258383247776 0.15980691774462813 0.55906180246900505 -0.095012180426678916
1403715548.662143 -0.92532827099161807 0.097704007574151736  0.57519335353278089 0.80897475604722902 0.15584560028913202 0.55865993574262918 -0.095765699208473984
1403715548.7121432 -0.87642055818387099   0.1577103621119513  0.56540227615371497 0.80948492295330088 0.15216732572184599 0.5587965371445226 -0.096569635855378949
1403715548.7621431 -0.82787966030251792   0.2142332198162003  0.55415693984326597 0.8097039877333666 0.14894905553838197 0.55926729738063163 -0.097024332945258474
1403715548.8121431 -0.78043201492120928  0.27650952269662621  0.54059610931476132 0.81053224981045158 0.14520833531350802 0.55916628424576165 -0.096359109250115788
1403715548.862143 -0.72985313995970502  0.34010732507041724  0.53006348474246678 0.81054726289640699 0.14219312788710395 0.56013098453157595 -0.095118500621656984
1403715548.9121432 -0.68163271589433572  0.39954683488902221  0.52049740322891802 0.81049414250640295 0.13935782265612218 0.56086071662489723 -0.095466741718581327
1403715548.9621429 -0.63367168318672373  0.45867414665886652  0.51232346000931039 0.8100442506787201 0.1388175388608397 0.56153076309540317 -0.096131186118056045
1403715549.0121431 -0.59063711460883817  0.51576114525269501  0.50354300159452325 0.80900187734573803 0.14020552250371124 0.56236236793808414 -0.098015004145303564
1403715549.0621431 -0.54327885753468874  0.57689072799012497  0.49610306234932278 0.80718626752790323 0.14315374917455345 0.56375209542573113 -0.10070207800606028
1403715549.1121433 -0.49709576802324573  0.63861267682028888  0.48864807146039035 0.80363713209002852 0.14622478147021636 0.56717097789773496 -0.10536961156153471
1403715549.162143 -0.45180090174447463  0.69850975491595346  0.47983906297309303 0.79844290860491129 0.15003240394880718 0.57275989345686451 -0.10920303984391834
1403715549.2121432 -0.4080785729852171 0.75910377913428062 0.47371886792577111 0.7928983907429874 0.15324583390310118 0.57885841649408498 -0.11291939604197539
1403715549.2621431 -0.36384153250798723  0.81951048387905367  0.46865887257281674 0.78734839540831458 0.15570074127229214 0.58491296495791956 -0.11711791852379759
1403715549.3121431 -0.31864669333212681    0.881775892491377  0.46029196682462431 0.78275662704508908 0.15824274609041766 0.58982428273587229 -0.11982742433129732
1403715549.362143 -0.27807961481740484  0.93976526130410742  0.45144112834590172 0.77982402044438826 0.1575398016484986 0.59222560191750029 -0.12776754074473148
1403715549.4121432 -0.23580940919168461   1.0021058594047565  0.44259492259456301 0.77948173969434453 0.15582482857054905 0.59138029829854355 -0.1356325295361068
1403715549.4621429 -0.19719233627782723   1.0603945773262118  0.43145989843172455 0.78095283885134448 0.15326287949214734 0.58815072664771006 -0.14388146511476843
1403715549.5121431 -0.16173266324586066   1.1147500139629536  0.42319433157901859 0.78337725176620188 0.15156326250088809 0.5837098453517725 -0.15043761269951555
1403715549.5621431 -0.1290407263405608  1.1654558102196517 0.41554534444038188 0.7879360689735142 0.1503470848872405 0.57637588852817223 -0.15602352514872364
1403715549.6121433 -0.098349307922813337    1.2140214978142119   0.40732530601421696 0.79254316976958494 0.14739112586086769 0.56940780111089684 -0.16101532878300226
1403715549.662143 -0.067587542148043231    1.2585189976211706   0.40012357345694405 0.79795139481412836 0.14282324892234821 0.56205065741288796 -0.16423808810136764
1403715549.7121432 -0.0331148924212087  1.3040116325776412 0.39242663192531946 0.80135644481674584 0.13545924621446517 0.55840043712883525 -0.1663357832217722
1403715549.7621431 0.0023255191847738402    1.3470146152113185    0.3855301890703679 0.80344173780334971 0.12669414591370651 0.55742635926007433 -0.16645065739968831
1403715549.8121431 0.03643511708868926  1.3836808461003138 0.38014267029516868 0.80417049300770471 0.11637756177891007 0.55913658950894396 -0.16471902003851296
1403715549.862143 0.068276153687998595   1.4143346807925745  0.37562708487925839 0.8047887561932271 0.10494982368044775 0.56128603089253359 -0.16204500590671519
1403715549.9121432 0.10744532976132591  1.4469919682296173  0.3703608796540373 0.80655480202582774 0.090305402275344698 0.56187409717872339 -0.16003682253956575
1403715549.9621429  0.1386160484807718   1.466559898929259 0.36859045723260636 0.80815706005564669 0.073423136853899326 0.56246020910722361 -0.15852357057486985
1403715550.0121431 0.17371292464980698  1.4857273659299663 0.36555185657866807 0.8105797192660571 0.055331928406154834 0.56188975407386244 -0.15549533973798296
1403715550.0621431 0.20927840828670191  1.5002104328656818 0.36169075208047624 0.81399522465816909 0.037698205439487438 0.56021163805797958 -0.14884065346784264
1403715550.1121433 0.24242131127330602  1.5068980432986221 0.36036642218679693 0.81709407488022001 0.022326195468047535 0.55952495925815227 -0.13707893258529177
1403715550.162143 0.27805076729605688   1.509261979803131   0.360899686485747 0.82010314226500802 0.00917733409545308 0.55912494431608484 -0.12135035735215433
1403715550.2121432 0.31469162011669349  1.5085387493207969 0.36578412344792932 0.82213003629308556 -0.0036033284659777805 0.55947896661493668 -0.10522597285926559
1403715550.2621431 0.34877548337309866   1.500590542310535 0.37344484743145678 0.82439124420518584 -0.015791846524391182 0.55876269045400861 -0.088960383417415467
1403715550.3121431 0.38300115908469307  1.4870509215294443  0.3848025167439903 0.82616042114227073 -0.02802767565411575 0.55789170474776884 -0.073690255183993622
1403715550.362143 0.41973251677698853  1.4717256955678022 0.40119785925822105 0.82628051582366113 -0.040627098401312005 0.55874816838301233 -0.058398907304021488
1403715550.4121432 0.45642766209733682  1.4528139498499251 0.41922321171553345 0.82552661548925055 -0.052483632253132788 0.560360130533478 -0.041806692919730777
1403715550.4621429 0.49407551764188801   1.430294596619297 0.43782699602719238 0.82427883950372371 -0.064322352621389162 0.5619789307676627 -0.024631505696544036
1403715550.5121431 0.53199373831269436  1.4048111206850433 0.45583567403782987 0.82243609775345039 -0.077520375907983358 0.5634906714959993 -0.0082291900057012164
1403715550.5621431 0.56868209914088252  1.3783703190586039 0.47225500645791602 0.82092229726926913 -0.091611691553613081 0.56360536875722067 0.0065473754183470326
1403715550.6121433 0.60506223574698725  1.3509831316610414 0.48541768213031933 0.81884988190874097 -0.10763204438352411 0.5635294902882102 0.018295559444142913
1403715550.662143 0.64033957164278077  1.3215328548866514 0.49541035514979587 0.81607192135712858 -0.12528403378073411 0.5635222028097544 0.027807498854709751
1403715550.7121432 0.67974242258750861  1.2924508761315647 0.50438030774376108 0.81287211652453439 -0.14375532431874791 0.56324011171037536 0.03652267059539234
1403715550.7621431 0.71615764063237353  1.2613172132848169 0.50929394675907325 0.80906562933239079 -0.16340145442088566 0.5629366086438401 0.042604539367230278
1403715550.8121431 0.75867524738009673  1.2304710356345454 0.51478535156834482 0.80484540119311787 -0.18414012409619623 0.56216865833526708 0.047777551859137561
1403715550.862143 0.79696543569228362  1.1967366171520892 0.51399928134542505 0.80037046179140459 -0.20430325475332581 0.56108757083642236 0.053367048277888109
1403715550.9121432 0.82933994103037001  1.1588235460989158 0.51071932109056195 0.79558791130711803 -0.22385079796218768 0.55992354981665382 0.058449242889761693
1403715550.9621429 0.86248745478969513   1.118269827677403 0.50417410031640875 0.7903601021255181 -0.24233675678540215 0.55885953813373213 0.065420347873005963
1403715551.0121431 0.89664385205377306  1.0738103183474097  0.4975083552209541 0.78561172038517568 -0.25908887485384557 0.55691602421746178 0.074375544974330049
1403715551.0621431 0.92708022588049821  1.0258455144462331 0.49371282372843056 0.78098043003587581 -0.27262292283254025 0.55497993140688218 0.087997645325505525
1403715551.1121433 0.95548416741721742 0.97361327255558983 0.49542920611614727 0.7759272712136831 -0.28581553872303472 0.55306243543251066 0.1018248011282569
1403715551.162143 0.98170958123342711 0.91894878845884387 0.49866436030939248 0.77055916518813083 -0.29900606066991331 0.55089773105254936 0.11552332469412335
1403715551.2121432  1.0053903219867295 0.86049163713629184 0.50454000304584012 0.76434567154431543 -0.31397357984222307 0.54893313695349821 0.12597101534448615
1403715551.2621431  1.0283236256701382  0.7995639152359445 0.51432513515899403 0.75659254720348823 -0.32963471786626547 0.54814909115376376 0.13579854255723062
1403715551.3121431  1.0478140939809082 0.73580036962584172 0.52595501381986132 0.74871105438003305 -0.34687055885696294 0.54643596865427579 0.14324909985148479
1403715551.362143  1.0650787060435658 0.67028209730238708 0.53702978447319138 0.74065444476852915 -0.36398464253085683 0.54415718542231517 0.15112620884403424
1403715551.4121432  1.0782846937606958 0.60275467356982237 0.54831607680485817 0.73191881176346341 -0.3806585680020369 0.54219641519544293 0.15942695801717346
1403715551.4621429  1.0904303945756342 0.53187599405228858 0.55909660537767436 0.7226175595723503 -0.39629224648210443 0.5403683816347481 0.16964176993096677
1403715551.5121431  1.0982541401043342 0.46007926745952404 0.56985420406879217 0.71352471769744008 -0.41091558824917834 0.5378019503791337 0.18110747841273736
1403715551.5621431  1.1037406164642047 0.38487000649110714 0.58124299190969964 0.70421333224984706 -0.4233538080004583 0.53528571319410523 0.19576603684846802
1403715551.6121433  1.1062101897112475 0.30762013855501225 0.59264784629273581 0.69593941796918912 -0.4338470918876538 0.53123459338704837 0.21268482354467474
1403715551.662143  1.1059872866725367 0.22846237842936293 0.60420168217813541 0.6864426289519161 -0.44234848500247509 0.52840022686707033 0.23220149702451506
1403715551.7121432  1.0986722331568433  0.1486519311077992 0.61415317239251477 0.67587390553293036 -0.45017912533589111 0.52661482386900449 0.25141608185017372
1403715551.7621431   1.0919608022870753 0.068927033545312599  0.62610185482949576 0.66520395324316028 -0.45910337450859273 0.52378682805498111 0.26902630142905376
1403715551.8121431    1.0813852079173309 -0.010459227482564178   0.63647893918059695 0.6523162586659409 -0.46865477504515163 0.52308142108921263 0.28501232853814884
1403715551.862143    1.0680632893786315 -0.088274374738153721   0.64771023941872696 0.63859746431353226 -0.47856108546718784 0.5228364657205542 0.29969083429700272
1403715551.9121432   1.0529370831123743 -0.16452320941245671  0.65863372969746303 0.623151645705882 -0.48805395733633955 0.52412430539016142 0.31429138340347501
1403715551.9621429   1.0336997412066395 -0.23857495341374022  0.66928906896410001 0.61006868945854065 -0.49656062087608199 0.52202125516348696 0.32975377646819526
1403715552.0121431   1.0108925451808772 -0.30746934144457405  0.68030611038943944 0.59931577918315337 -0.50426531848064338 0.51613400722109071 0.34661617387191318
1403715552.0621431  0.98623739108317243 -0.37572339367443702  0.68984856591112276 0.59261053341227421 -0.51176748109314729 0.50515774167334249 0.36293588553887002
1403715552.1121433  0.95950824376408661 -0.43924159241411098  0.69721369309816084 0.58470994537343446 -0.52137539061206151 0.49572954546157999 0.37487891325329453
1403715552.162143  0.93101013985320735 -0.50102471047298913  0.70511174055684578 0.57758462356950724 -0.5311019133382896 0.48485630051542589 0.38631739297496503
1403715552.2121432   0.9024642725068549 -0.56021657694296867  0.71100980542273085 0.56791793981793814 -0.5393679401813567 0.4768611165249611 0.39894224429613445
1403715552.2621431  0.87180289672529354 -0.61443794805251672  0.72100204337206564 0.55721565587454791 -0.54611323862280237 0.4687464349168407 0.41418332076746339
1403715552.3121431  0.84098861248219858 -0.66375237661422037   0.7291300910702968 -0.54445313418017427 0.55303428229362883 -0.46251837969758092 -0.42871974030977461
1403715552.362143  0.80911974459539682 -0.71091695810016775   0.7358578425482406 -0.53216692551586475 0.56117497968361618 -0.45451819064178661 -0.44192105623041067
1403715552.4121432  0.77666963511197773 -0.75335436344341711  0.74116106009333793 -0.52010593727808963 0.57069219916950598 -0.44466599391415906 -0.45395195965155377
1403715552.4621429 0.74497622459178647 -0.7912300584745281 0.74714637508236204 -0.50698630530045818 0.58088968157862586 -0.43489820523993805 -0.46518342097752574
1403715552.5121431  0.71305735072645049 -0.82342592624146838   0.7527460702588602 -0.49213736681407633 0.59149157265456631 -0.42634096266747218 -0.47557535177478288
1403715552.5621431  0.68209964283233659 -0.85245996693662995  0.75781853853992276 -0.47574495454480153 0.6028957196286403 -0.41852967765487947 -0.4847848991055016
1403715552.6121433  0.65082530349115164 -0.87413730704230874  0.76394719675100253 -0.45757793519784601 0.61411395945098235 -0.41140380865933773 -0.49419974124649646
1403715552.662143  0.62054542911538135 -0.89348076034600032  0.76801213813596725 0.43856273046873456 -0.6265228615173517 0.40444147702028038 0.5015565043996254
1403715552.7121432  0.59062895677169824 -0.90572904633037066  0.77035683580727643 0.4196738945897146 -0.63964556257799787 0.39591185957230229 0.50791847369846632
1403715552.7621431  0.56111004452107771 -0.91545945661933981  0.77252366564729236 0.40066617168507096 -0.65368541743702258 0.38585549888231979 0.51310576675739172
1403715552.8121431  0.52898465371502423 -0.90517173626610292  0.77685458481039438 0.38070967622300378 -0.66733681492129004 0.37485285182952344 0.51885167182553904
1403715552.862143  0.4946208663440963 -0.9093970752000673 0.77895649120162103 0.36180267413867989 -0.68114654944437136 0.36306794026013561 0.52280003244203177
1403715552.9121432  0.46432168119514255 -0.90460568014894771  0.77825552402932419 0.34160990043442307 -0.69555312725136165 0.35239854490277162 0.52471305362687892
1403715552.9621429  0.43505554842833827 -0.89248578379590437  0.77719735080008534 0.32113519529019297 -0.71049583959995632 0.34219840849353589 0.5243740053450151
1403715553.0121431  0.40491440777978221 -0.87014009616156773  0.77560065422213509 0.29909061939542009 -0.7247483563427225 0.33260655083318652 0.52407776494623115
1403715553.0621431  0.37374903980672725 -0.85010048672033478  0.77219920242849949 0.27757109580300238 -0.73741314217795695 0.32328342120309023 0.52408393802250619
1403715553.1121433  0.34099713690821276 -0.82516292864432728  0.76848186006470331 0.25742584273240132 -0.74818961558958641 0.31241632652786994 0.52568077151085857
1403715553.162143 0.30763864125107732 -0.7958194936097327 0.76402292900052438 0.23878744349098474 -0.75592400039568663 0.29939238903453758 0.53096483861458632
1403715553.2121432  0.26907921772256849 -0.76303957983344706  0.76359128256687703 0.22043699745816822 -0.76127182384412218 0.28658552935120302 0.53827639251518578
1403715553.2621431  0.23093138655155537 -0.72752801835752745  0.75900629917424678 0.20057211302790806 -0.76531990252539295 0.27639254556956266 0.54558540580519621
1403715553.3121431 0.19251345833694131 -0.6859767527777183   0.754681003001894 0.18199679830513449 -0.76704200381106935 0.26419154761379054 0.55563167293235738
1403715553.362143  0.15480090980785438 -0.63805847349836353  0.75045464945113949 0.16419082841508759 -0.76571812237796388 0.25036143504711611 0.5692418473438875
1403715553.4121432  0.11642201531088936 -0.58763764560989307  0.74551384166865919 0.14820731896462216 -0.76370974515949563 0.23434612619862802 0.58297848064009528
1403715553.4621429 0.081018832723131068 -0.53079689082249859  0.74075245897817366 0.13453661010235005 -0.7592225109391183 0.21420921112553293 0.59966281633468466
1403715553.5121431 0.047458465322078369 -0.46913134945761487  0.73488687674751807 0.12019718481764546 -0.7553086575179121 0.19557389757134958 0.61385040460127871
1403715553.5621431 0.014106180486911268 -0.40610775896753998  0.72770342809443622 0.10768444184216534 -0.75226345875172496 0.17647636816144591 0.62558759665819708
1403715553.6121433 -0.01186641725094743 -0.33562358209307996  0.72000615013584834 0.096366969121263982 -0.75136082868835874 0.15836113931276707 0.63331829432812592
1403715553.662143 -0.03475646219427752 -0.26356037723288567  0.71117575751895479 0.088011522454710625 -0.75118124408000631 0.14115223129410581 0.63879320445533327
1403715553.7121432 -0.053812127786791453  -0.18941314797271597   0.70072965689564992 0.081374718799431187 -0.75453903721872162 0.12717837166157889 0.63865065429768997
1403715553.7621431 -0.069874213542803612  -0.11154659546202408   0.69097871769764929 0.078780754226653607 -0.76281537936384125 0.11234858962290015 0.63188929740835442
1403715553.8121431 -0.079017515290680365 -0.033492906626800524   0.67852149395761119 0.078297237661917915 -0.77375990826584484 0.098656029060466 0.62083180883792122
1403715553.862143 -0.085910911635111845    0.0447690401612326    0.6674711136537953 0.079261069458446826 -0.78415083498524063 0.086186961804574871 0.60942346400114111
1403715553.9121432 -0.089417178918202112   0.12395233786922445   0.65786856718302977 0.081225228749415887 -0.79313302264052465 0.075106575269194092 0.59891691657778601
1403715553.9621429 -0.092878378230371858   0.20082762286311884   0.64752607338394286 0.082781380567254259 -0.80253431488788229 0.067620180110478878 0.58695266223149822
1403715554.0121431 -0.098489236544170022   0.27260535966916261   0.63511904205578862 0.08339204050793235 -0.81272085635252633 0.06332956948117148 0.57316659258793967
1403715554.0621431 -0.098752813584406587   0.35127104947545762   0.62638452557953661 0.083408499406304654 -0.82357097762043374 0.061545898941190766 0.5576611599991812
1403715554.1121433 -0.097538148174656294   0.42779691053976937   0.61815801423124528 0.083738643225253637 -0.83421963061530124 0.060235017385366213 0.54169843105500015
1403715554.162143 -0.10160962510440763   0.5017076747772069  0.60856476305870466 0.085357810051475372 -0.8441365000780845 0.058059076914447123 0.52609576798048907
1403715554.2121432 -0.10667159486259986  0.57432984590905412  0.60059752157052537 0.086203156194481989 -0.85179660348489106 0.057548175225605493 0.51351705880322629
1403715554.2621431 -0.11447820650125584  0.64510220577623223  0.59500992976384015 0.089060151163319237 -0.85745906930864135 0.055342371353303756 0.50375535319053277
1403715554.3121431 -0.12815640480198445    0.714037817545913  0.58830375695459147 -0.09368297627803987 0.86136391326643869 -0.050857693058320844 -0.49667816937610715
1403715554.362143 -0.14464917528495089  0.78479392328007891  0.58238523609647319 -0.10318766261420079 0.86221467175625055 -0.041516580311967678 -0.49418067510949792
1403715554.4121432 -0.15413563373161002  0.85314197607315467  0.57487445845358021 -0.11848547232085427 0.85833449113175742 -0.028028838993231837 -0.49843502923368332
1403715554.4621429 -0.17566092592094623  0.91521584172700166  0.56934048718382813 0.14360321176393401 -0.84646404976274336 0.0068096007438464496 0.51266983465779215
1403715554.5121431 -0.20381828036465377   0.9757001572893288  0.55691142143622985 0.17136903304657164 -0.83081288675472897 -0.015613081973110524 0.5292814311746239
1403715554.5621431 -0.22834412155416994   1.0300470659958036  0.54264171919426174 0.19949642554742802 -0.81284200398955009 -0.040394018814522425 0.54576311343664841
1403715554.6121433 -0.2563783777194108  1.0678082316911266 0.52483350828988173 0.22472993997744811 -0.7938071162855932 -0.063029157401545313 0.56159953839843446
1403715554.662143 -0.28166203849573385    1.097868559480381  0.50506271938971603 0.24522620440736081 -0.77734135133122362 -0.081953405698697759 0.57348772565495354
1403715554.7121432 -0.30215526453105951   1.1206821453106623  0.48276057710175141 0.2598954385830905 -0.76381462655903198 -0.096255897124613798 0.58290340497112003
1403715554.7621431 -0.32240692969369183   1.1305580861425517  0.45626754924795443 0.27094813110891985 -0.75222916537532436 -0.10719577852161366 0.59097162205513032
1403715554.8121431 -0.33245642743957771   1.1284424343191819  0.43337687526654517 0.2787645767117985 -0.74120372892143993 -0.11540635003324085 0.59965716653405343
1403715554.862143 -0.33434404984206673   1.1098622901580444  0.41376901564701679 0.28031558223377223 -0.7336576286680343 -0.11544146754223994 0.60814712514804503
1403715554.9121432 -0.3227286768786905  1.0734477205895847 0.40135986021764342 0.27645613475238745 -0.73003751600765032 -0.11109665400611976 0.61504045740731095
1403715554.9621429 -0.29411522343640445   1.0276509268053009  0.39917179001248881 0.26680658527741513 -0.72701485934542143 -0.10396289779534931 0.62406358347972557
1403715555.0121431 -0.27532606581391106  0.96213966887756142  0.39808613309820401 0.24938750132467219 -0.73264247816422778 -0.083591254329335785 0.62773670879761678
1403715555.0621431 -0.24240333974141046  0.88493925096097481  0.40474468916084022 0.22440831763266006 -0.74562754880773363 -0.054211538875511549 0.62509325263435611
1403715555.1121433 -0.20409568323305619  0.79927267888347631  0.41432844548753234 0.19478091771926653 -0.76181938530244897 -0.018770855283663609 0.61752673890428345
1403715555.162143 -0.1680638918928252 0.70580024807876163 0.42583252201508354 0.16453009102862279 -0.77947496826357165 0.018766783183143284 0.60414934481928739
1403715555.2121432 -0.12355266045190096  0.60940541313149454  0.43777839116598249 0.1351821916251503 -0.79496301250219659 0.055795914769218351 0.58876684665147361
1403715555.2621431 -0.077902549639474142   0.51134246579769582    0.4466032966122801 0.10298205104259575 -0.81039933921458052 0.097573045400978178 0.56844270509419892
1403715555.3121431 -0.031792099129585506   0.41506284336948568   0.45219920522232449 0.07366569650459863 -0.82114813922286178 0.13503171028627645 0.54959579313026707
1403715555.362143 0.011780128274782281  0.32164045942777603  0.45483851473704479 0.055893000250723093 -0.82601283050004148 0.15733272527904235 0.53835414916999746
1403715555.4121432 0.053467661361499649  0.23390821980992252  0.45666433791496108 0.044649391590580505 -0.82733029654815127 0.17064687640791981 0.53330165555373943
1403715555.4621429 0.090152979354716875  0.15247140945763807  0.46232688681907363 0.04316372272477579 -0.82453082753757301 0.17109465793397011 0.53759875884083053
1403715555.5121431  0.12391708890347042 0.078068784474963529  0.47160796613502648 0.04584571830670315 -0.82109481371040416 0.16659665262716739 0.54401013992777936
1403715555.5621431  0.15780504302589601 0.012183140081836529  0.48392246522349863 0.052384935981278698 -0.81736322583268806 0.15702606790418827 0.55182967438981456
1403715555.6121433   0.18696314563909122 -0.050063676251235686   0.50084130221655965 0.05929661511523926 -0.81414485041993456 0.14898503965290918 0.55808201183177253
1403715555.662143  0.21894161804451134 -0.10590167774210305  0.52002041567395729 0.066876868869614622 -0.81275785888938856 0.14015355295578472 0.56152393432301995
1403715555.7121432 0.24788504894407865 -0.1575122860293178 0.54188870359431351 0.073442737456190232 -0.81333048355583293 0.1338481952359945 0.56141281555183919
1403715555.7621431  0.27651092326597759 -0.20297593132881053  0.56337455604242603 0.074672562330695177 -0.81574923810412758 0.13547449918552737 0.55733638768515226
1403715555.8121431  0.30335730680024398 -0.24689136553301128  0.58878012475205865 0.073978968885665838 -0.81884634608709539 0.14072879465452409 0.5515552375034718
1403715555.862143  0.33224087930201168 -0.28667014283568137  0.61560974057321061 0.071023228221310103 -0.82171267467569364 0.14793860218119972 0.54576382375072663
1403715555.9121432  0.35654188668025361 -0.32218625803844503  0.64613017245579352 0.070249705473008309 -0.82322972837949882 0.15235938859878337 0.54235081810482888
1403715555.9621429 0.37519857735183115 -0.3536781465967353 0.67807765850626023 0.069800862927902579 -0.8252841770627557 0.15654555630426634 0.53807746229121889
1403715556.0121431  0.39461016340230554 -0.38103598347514384  0.70806705088848221 0.066950429057303182 -0.82776420030325237 0.16336428139408946 0.53257504664596622
1403715556.0621431  0.40753767793982049 -0.40419620390630406  0.73690470444044165 0.061180016407517093 -0.83095220692301308 0.17361666331702483 0.52500732339731515
1403715556.1121433  0.41589193441066102 -0.42124387383710271  0.76338566885821746 0.057590095790818856 -0.83229155422205003 0.18053380064582855 0.52094308370667619
1403715556.162143   0.4237160484383462 -0.43347334359935441   0.7885868822633596 0.055930919245733922 -0.83048813058266224 0.1835355672547013 0.52294922582038228
1403715556.2121432  0.42846563886620803 -0.44124025713032805  0.81336094812681825 0.055110281109201062 -0.82726773722423064 0.18555586964539958 0.52740872869540734
1403715556.2621431  0.43038011012663813 -0.44296251110230667  0.83823268145358487 0.0565047850278666 -0.82344589854933892 0.18478190014216048 0.53347887569338592
1403715556.3121431  0.42369366807760089 -0.43799466716582475  0.86190884442252325 0.059842334627161278 -0.82028476713320464 0.18301544780888207 0.53856953279860653
1403715556.362143  0.41440913257278927 -0.42788900545162684  0.88453344518302446 0.063932671403870184 -0.81828433235607989 0.18135577430771357 0.54169497696856939
1403715556.4121432  0.40861984974586363 -0.41347183643594237  0.90646790357662665 0.068579343392198996 -0.81657736586263852 0.17840341574828555 0.54467467397527669
1403715556.4621429  0.39936379211782574 -0.39367167099431832  0.92561141935687752 0.076520045385734717 -0.81575534725695376 0.17136640516860255 0.5471027794258061
1403715556.5121431  0.38988125136425789 -0.37067539658577559  0.94182366760408021 0.088924639295495378 -0.81585154622984046 0.15783297007063909 0.54915154247186215
1403715556.5621431  0.37875033699344907 -0.34708645967487672  0.95397717895092715 0.10198325156271755 -0.81582519065614112 0.14425241628509172 0.5506540793342759
1403715556.6121433  0.36761559589760501 -0.32013125484186611  0.96311895920858792 0.11245291936713889 -0.81598913079321533 0.13279319414122528 0.55125497452894867
1403715556.662143  0.35267917918370262 -0.29254280373713737  0.96578536808426352 0.12135922772725929 -0.81781249206590978 0.1242598892263915 0.54864756045738006
1403715556.7121432  0.33911064567851668 -0.26265009365833147  0.96603307570244312 0.12828934540424244 -0.8207740826579687 0.11769380125129485 0.54407712526786289
1403715556.7621431  0.32616818910045903 -0.23332035623282746  0.96581396289158461 0.13540347459090582 -0.82280705022949796 0.1116748781054821 0.54053971062399109
1403715556.8121431  0.31057256310436665 -0.20267051807044903  0.96193545972056937 0.14263119046057238 -0.82157926949262272 0.10445999434650313 0.54198889013419549
1403715556.862143  0.29261114809761235 -0.17274252741848636  0.95558429834029457 0.14807022365656183 -0.82015237982416589 0.0989284701815457 0.5437264390505504
1403715556.9121432  0.27318106220564226 -0.14521386333166447  0.94876451257031424 0.15395688100862512 -0.81813749630998556 0.092870806274834586 0.5461898289638748
1403715556.9621429   0.2543151900326871 -0.11701406545429016  0.94293690281030451 0.15797009058880834 -0.81695054098672959 0.088537379691769016 0.54753848856328757
1403715557.0121431   0.23399508560827206 -0.091212922576010227   0.93654592979802176 0.15887685597442444 -0.81944870224923605 0.088124384845411075 0.54359549465879753
1403715557.0621431   0.21312997491264424 -0.067780820577119871   0.92803216393100807 0.15796327403434721 -0.82405922470649728 0.089833941882139834 0.53656673500916241
1403715557.1121433   0.18975954653882024 -0.046284931326178815   0.91932720375299171 0.15619066939352647 -0.82971507635718478 0.092709912359530952 0.52780890387552315
1403715557.162143    0.1647942339766478 -0.026204870314286453   0.91132786132726806 0.15330153600614591 -0.83597479327025737 0.096035016672938067 0.51809464352330015
1403715557.2121432    0.13850982668044762 -0.0071667899098461401    0.90319959914543013 0.15101635753878576 -0.84124156620060531 0.099028975471650349 0.50960764227894528
1403715557.2621431  0.10878726478590625 0.010913495662535149  0.89605114078897463 0.14880192481347559 -0.84606327321550867 0.1008909589335651 0.50185250750905874
1403715557.3121431 0.075334323638677966 0.027589806388548788  0.89000271081107374 -0.14749266153784849 0.84892783789788118 -0.1012845104828291 -0.49730160744840163
1403715557.362143 0.037013717836948887 0.041673514612280721  0.88286347425548961 -0.14626605990295161 0.851414571566812 -0.10150443852828524 -0.49335212171756793
1403715557.4121432 -0.0014834231948447464   0.055643741729234683    0.87699063362248342 -0.14470921780705343 0.85112808535811835 -0.1019053600112784 -0.49422213851391383
1403715557.4621429 -0.047176879202004279  0.067717189153376114   0.87148447191479173 -0.1442297498362376 0.84850824712951267 -0.10117271713994665 -0.49899460430138787
1403715557.5121431 -0.093197872292864317  0.080635554537152182   0.86580792887433988 0.14481851530190931 -0.84283199765304684 0.099652086751227109 0.50865635055904979
1403715557.5621431 -0.14445398212625857 0.091568798825129569   0.8613913903023831 0.14588903637143966 -0.83643857340922445 0.097233368696254166 0.51926156606447627
1403715557.6121433 -0.19651950476735225   0.1018598733449417  0.85635081124995505 0.14750160555979572 -0.83076607520535906 0.093268607817957261 0.5285564978702525
1403715557.662143 -0.25170233849432316   0.1098112770433058   0.8504796271698416 0.14910597762821914 -0.82493580280597367 0.089684597746370803 0.53777783666814361
1403715557.7121432 -0.30848271109985248   0.1168590880795559  0.84334651951199979 0.15067393980313498 -0.81975912020982256 0.085384760699461285 0.54589540329381303
1403715557.7621431 -0.36470798108410651  0.12288096936444438  0.83713481440731397 0.15006642732401287 -0.81670544007414414 0.083867921160592135 0.55085248782564833
1403715557.8121431 -0.42145548323232207  0.12704993575899737  0.83130534300625847 0.14704452729144826 -0.81580630731550052 0.084581947353679299 0.55288685110042268
1403715557.862143 -0.47805078356121866  0.13004518486295796   0.8284474991307591 0.1432097484664972 -0.81627942921616392 0.085474455206635672 0.5530578440722318
1403715557.9121432 -0.53478312780878068  0.13180801335898515   0.8284329346773659 0.13933732629527859 -0.81727070482278463 0.086054655196966645 0.55249280615975738
1403715557.9621429 -0.59171454601657147  0.13009297763306985  0.83285746731218635 0.13555347104000123 -0.81780736874919602 0.086442804696998221 0.55257941114797315
1403715558.0121431 -0.64850837382109361  0.12959166505603156  0.83901089753561087 0.13182780981212266 -0.81807340709870768 0.086888492374307791 0.55301692474188435
1403715558.0621431 -0.70483568776615069  0.12836589449588506  0.84816711464110905 0.12955860571695374 -0.81829708171319593 0.085667267799932487 0.55341266065391115
1403715558.1121433 -0.76231997440161714  0.12699308895823522  0.86068567701828891 0.12733098964464762 -0.81958922466228534 0.085177553554994262 0.55209157416498822
1403715558.162143 -0.81976873107699244  0.12310278007417487  0.87535335373224299 0.12602862491131461 -0.82074191745546055 0.083994567554079691 0.55085787936263597
1403715558.2121432 -0.87675492713058245  0.11990397327113364  0.89176578703722909 0.12729779992746029 -0.82184183719880999 0.079655173976108135 0.54956921131205017
1403715558.2621431 -0.93395219967831855  0.11442308495973935  0.90774041006442463 0.12880065604998103 -0.82196249294633239 0.075377584151603103 0.54964194799706922
1403715558.3121431 -0.99064296365027327   0.1083445638155435  0.92365181381729122 0.13292093471127422 -0.82021515417597735 0.068225152642967704 0.55219965096186252
1403715558.362143 -1.0489260395423208 0.10141211971198881 0.93885302223554423 0.13546054530981549 -0.81658450632567881 0.063369528225909008 0.55751635633911267
1403715558.4121432   -1.107043352934691 0.092675128478910115  0.95312324891752565 0.13742566431428238 -0.81185909660970612 0.060121617603537875 0.56425560266299901
1403715558.4621429  -1.1668362792260674 0.081180442429468716  0.96501910975781391 0.13479586577312791 -0.8063098054356469 0.063931929598647255 0.57236988093941132
1403715558.5121431  -1.2244749216604118 0.068848899599825403  0.97641181940429111 0.13152917381994453 -0.79899464790643582 0.069377655963808224 0.58266145393708768
1403715558.5621431   -1.284942089849318 0.054496555444441631  0.98308985670366977 0.12777874646634393 -0.7921402956820186 0.075526646584162666 0.59201526125940807
1403715558.6121433 -1.3393883653229077 0.04189355714516764  0.9874379396764843 0.12446488541516133 -0.78590335613852635 0.080206415707357231 0.60035934071868169
1403715558.662143  -1.3911550276497266 0.028883042962529928  0.98720005066046734 0.12146995739131751 -0.78306986208954354 0.084306281996996718 0.60410188822272182
1403715558.7121432  -1.4405181375261475 0.016148594927422776  0.98404427931670158 0.12023348244593481 -0.78071828511426289 0.087339975339318712 0.60695518590328801
1403715558.7621431   -1.4899844849616679 0.0029068600850087468   0.97677297940184649 0.12258341647220974 -0.77987455534464056 0.089312371690789247 0.60728270533168183
1403715558.8121431    -1.5357528560001728 -0.0097671389233976707    0.97125909456374337 0.12746589678688611 -0.77860523244037505 0.090445956174807773 0.60773832048374998
1403715558.862143   -1.5805142459937078 -0.022088266332695613   0.96682300108817132 0.13484682750718935 -0.77735232072565141 0.091654085303118124 0.60756829346250385
1403715558.9121432   -1.6234818281852799 -0.035718035553304647   0.96330791400266369 0.14487241858814989 -0.77564231411543239 0.09172061293346756 0.6074358501514262
1403715558.9621429   -1.6558920983840681 -0.047832549270587756   0.96106481308140934 0.15461536466879588 -0.77304183517360114 0.093148094577535673 0.60813143526407243
1403715559.0121431   -1.6880331673448681 -0.060758317189925984   0.95797479423180709 0.16606682994547189 -0.77041792702483325 0.093770671948963574 0.60834618992220246
1403715559.0621431   -1.7175304967708527 -0.074507153475668941    0.9562349894335429 0.17686365273156218 -0.76834473808967541 0.09752629305488883 0.60733370889102611
1403715559.1121433   -1.7427995841642145 -0.088621854919812074   0.95818263316626529 0.18669048752098413 -0.76554310510481538 0.10435238635609312 0.60679567859160277
1403715559.162143 -1.7693403245139327 -0.1032151595626675 0.96108485505695562 0.19662978723427443 -0.76293418591884621 0.11144068811784492 0.60568071437051108
1403715559.2121432  -1.7858534487729996 -0.11766430455738627  0.96412665809077125 0.20771832088847608 -0.7593631572468349 0.11853906792170057 0.60511914856468163
1403715559.2621431  -1.7986004307321335 -0.13230460697345572  0.96569556959752867 0.2189713416511182 -0.75572043679499723 0.1248871780301021 0.60443474892627203
1403715559.3121431    -1.80880592926754 -0.14826477667188179  0.96543749461122197 0.23135386451847878 -0.75187904273560546 0.13110350331750165 0.6032952559777286
1403715559.362143  -1.8139217296956733 -0.16223113441730783  0.96715439020788341 0.24394564213441006 -0.74868279858326914 0.13645738566066046 0.60111893389562443
1403715559.4121432  -1.8151500511784147 -0.17959028860718579  0.96821839047480085 0.25649545297358739 -0.74712401777567139 0.14211373527625423 0.59650605270394663
1403715559.4621429  -1.8158283961253481 -0.19465527833642648  0.96749605811702433 0.26925030280904921 -0.74815220167390462 0.14501507842040209 0.58884903379257514
1403715559.5121431  -1.8178761568253854 -0.21208916451013241  0.96405465613220465 0.27796880335740415 -0.75245269350577215 0.15084662916752525 0.57774871948344131
1403715559.5621431  -1.8095086910976226 -0.22953375199341838  0.95680131755684761 0.28319995745210008 -0.75722897929068289 0.15956191574535783 0.56651747728131963
1403715559.6121433  -1.8036636788555862 -0.24823953375695126  0.94661474841203042 0.28664802533528155 -0.76114113463265964 0.16847014053048395 0.55687960502350098
1403715559.662143  -1.7964007051470805 -0.26619912955335445  0.93392525968661155 0.29085471547910602 -0.76300496167023324 0.17421819718771153 0.55034078780228357
1403715559.7121432  -1.7897895955511969 -0.28595754459774719  0.91886386763183669 0.29716992923339508 -0.76293812351187951 0.17699050583445797 0.54615914685744649
1403715559.7621431 -1.7810970553912115 -0.3066672513047955 0.90199847422183754 0.30459502251799997 -0.76095859665115528 0.17869471929224481 0.54427206775382975
1403715559.8121431  -1.7736949798198707 -0.33053972816347865  0.88459101777438687 0.31253698059682949 -0.7585772167798327 0.18138795895912083 0.54219890288216566
1403715559.862143  -1.7617876974034838 -0.35244249516195703  0.86816110515264289 0.32063441851819402 -0.75601265941053564 0.1847230937781803 0.5399220379809726
1403715559.9121432  -1.7485788833843752 -0.37541905652234586  0.85284767930087924 0.3307842024973085 -0.75226666562356381 0.18666537284078999 0.53836113692579413
1403715559.9621429  -1.7349979920654419 -0.39968696193225117  0.83609122777872902 0.34171318534387524 -0.74810769680220168 0.18877791946874947 0.53659097091592767
1403715560.0121431  -1.7215609923613462 -0.42700655966608675   0.8193438312123853 0.35331766838293366 -0.74362590256539118 0.19074002173053856 0.53460769387700413
1403715560.0621431  -1.7062037181987384 -0.45649838566188167  0.80351026735531794 0.36349950475345499 -0.73932073493194594 0.19542367081760859 0.53205502518804526
1403715560.1121433  -1.6885341779764551 -0.48807319573141994  0.79018820029250547 0.3745948226906774 -0.73521374263548833 0.19901268197203109 0.52870920539324562
1403715560.162143    -1.66888060841088 -0.52137539796579369  0.77963847154481636 0.38331921147377562 -0.73152572150141826 0.20672438618955477 0.52459653930568806
1403715560.2121432  -1.6464446431671522 -0.55524200568930882  0.77186372609314513 0.38955336897773585 -0.72952572401224192 0.21752895485882415 0.51838358820523822
1403715560.2621431  -1.6240746927475747 -0.59313614076985754  0.76775337797542886 0.39489990317139223 -0.72701330845658063 0.22997108087629389 0.51246367457882414
1403715560.3121431  -1.6015712176161803 -0.63383100106183976   0.7655333130628833 0.40121016298517753 -0.72489090846687299 0.24067733396801094 0.5056065633014758
1403715560.362143 -1.5790003438831905 -0.6793149742441259 0.76656074328467183 -0.40786628085807852 0.72162574675563285 -0.25126683690710444 -0.49976630061366983
1403715560.4121432  -1.5549257517049773 -0.72131267455678205  0.76787969342804385 -0.41491808501235328 0.71734411928505348 -0.26085226161328079 -0.49519339138165913
1403715560.4621429  -1.5307612425101893 -0.76350550291284947  0.77111267877310508 -0.42334583497228084 0.7133380864347072 -0.2675168170376459 -0.49026710174693477
1403715560.5121431   -1.507032533591381 -0.80800449206275782  0.77294160125309241 -0.43114269373908393 0.7084473427970468 -0.27503516720017623 -0.4863887302584029
1403715560.5621431  -1.4838345096013223 -0.85662367171307574   0.7732176461707716 -0.43877908842628383 0.70357464286963234 -0.28283312522063536 -0.48214215408797978
1403715560.6121433  -1.4590849676603905 -0.90200775595572491   0.7744628102346397 -0.44799577368034255 0.69789891141117055 -0.2891510145003644 -0.47815121774294861
1403715560.662143  -1.4353482953349095 -0.95014945158002573  0.77658134067025086 -0.45704855574555325 0.69150466476950656 -0.29643774754259572 -0.47439706799767278
1403715560.7121432  -1.4113230621236432 -0.99831873007409111  0.77925135563000436 -0.46654342492215617 0.6851391781532028 -0.30333565955463143 -0.47000959231064116
1403715560.7621431 -1.3848659880527512 -1.0447030654240947 0.78293353496882911 -0.47661875203495319 0.67754482269913541 -0.30911142848184558 -0.46713777756048996
1403715560.8121431 -1.3588197545549381  -1.096385725533459  0.7845218739439892 -0.48734693393261541 0.66945837698942934 -0.3148908663850119 -0.46385578548990286
1403715560.862143 -1.3332361900815313  -1.146691549792882 0.78667419776095249 -0.49967500294896849 0.66011561181901413 -0.31826117883027283 -0.4618247422024096
1403715560.9121432 -1.3055562286085369 -1.1975255785810686 0.78958262601985463 -0.51159683458714778 0.65160379482611674 -0.32247067038102484 -0.45792339987450631
1403715560.9621429 -1.2783690472683937 -1.2498209439799852 0.79177626649247079 -0.52319087847865531 0.6424095094889346 -0.32772991531079149 -0.45406434500552995
1403715561.0121431  -1.249182280484751 -1.3059455314598023 0.79285208473356006 -0.53438643980413314 0.63325422393274178 -0.33446162313530425 -0.44894948877852886
1403715561.0621431  -1.220215065657569 -1.3588915135780169 0.79450940591319963 -0.54494809142084955 0.62456797798606267 -0.34198993289089902 -0.44270679273358021
1403715561.1121433 -1.1865102325280799 -1.4089723181774183 0.79588080213097145 -0.55425426189815641 0.61661923701364574 -0.35074692287713122 -0.43538434262690584
1403715561.162143 -1.1543517400844927   -1.46351740405183 0.79703385603036447 -0.56269153969880281 0.60921027481564882 -0.36039614677176679 -0.42703125131832648
1403715561.2121432  -1.121821045743965 -1.5203232735756227 0.79676350719087352 -0.57056285160905396 0.60231621990037332 -0.36895201152208851 -0.41898402929285355
1403715561.2621431 -1.0882156032826065 -1.5790379613357932 0.79694951914822709 -0.57398419528562661 0.59843996423343204 -0.38045980500337562 -0.40946561460932662
1403715561.3121431 -1.0552901845165426 -1.6351575701747159 0.79796787099478306 -0.57569850560918168 0.59644276487167935 -0.3920821086838831 -0.39887200819508678
1403715561.362143 -1.0222877680742835 -1.6916085759010628 0.80040211626483337 -0.57725304403826938 0.59467670869171962 -0.4024994764589836 -0.38875790247708103
1403715561.4121432 -0.9931823185526939 -1.7479767909954547  0.8022193259752729 -0.57959671978609295 0.59135993492880778 -0.41204177864861252 -0.38024024303364456
1403715561.4621429 -0.96213849442790389  -1.8047451144086588   0.8032528395511771 -0.58405603072052459 0.58582358147331992 -0.41829082141936341 -0.37512940845136689
1403715561.5121431 -0.9325180255285207 -1.8616916297918262   0.806065334318252 0.59052820151314234 -0.57711110367744123 0.42193418919070075 0.37442056196454426
1403715561.5621431 -0.9052868854484547 -1.9183314332856203 0.80938903595885681 0.59709025894895384 -0.56774294140537573 0.42538160708399764 0.37443512589937261
1403715561.6121433 -0.87910753692341959  -1.9755553423545782  0.81306222870742717 0.60436466180215365 -0.55772742821101728 0.42694605063402608 0.37603263320342406
1403715561.662143 -0.85216293223487494  -2.0321412134629186  0.81642123612767159 0.6122871472101763 -0.54684810295033814 0.42775486207785601 0.37826892501181608
1403715561.7121432 -0.82688726005868296  -2.0877227276460042  0.82024008458199305 0.6171419095541435 -0.5360023367746819 0.43299942451821838 0.37993270037052324
1403715561.7621431 -0.8003846476583969 -2.1435879338763955 0.82346718438289157 0.62332513119763022 -0.5242302886373722 0.43720404366015286 0.38144594571163781
1403715561.8121431 -0.77223671166010555  -2.1988366893691351  0.82727510234801616 0.62778129525826376 -0.51324315589895175 0.4444055639332099 0.38075688173944605
1403715561.862143 -0.74448652803030735  -2.2554643106050749  0.82962835386868439 0.63327156745748336 -0.5019522589435027 0.45060285455858168 0.37943131006166925
1403715561.9121432 -0.71569811927521509  -2.3067109738624261  0.83454083695579551 0.63779849200897731 -0.49049951123191832 0.4591188724405299 0.37660745351261998
1403715561.9621429 -0.68735182365740866  -2.3590498641743971  0.83570890950775956 0.64161187075488246 -0.47765520276703588 0.46802605836100325 0.37567449111040913
1403715562.0121431 -0.65734201259427771   -2.406474092578843  0.84026778627879539 0.6442171073171099 -0.46534395390381089 0.47776870795882498 0.37440136872145435
1403715562.0621431 -0.62686864583852697   -2.452688125951362  0.84485014947664405 0.64563072369233032 -0.45422984511456105 0.48759040445090168 0.37295014937539017
1403715562.1121433  -0.597795122156206 -2.4914546317637698 0.85100070276422568 0.64665788410536962 -0.44333305849930837 0.49542529880391611 0.37395608494991212
1403715562.162143 -0.56921358302620639  -2.5275959826936285  0.85720872095456679 0.64719858903123628 -0.43413782160307834 0.5017396704527507 0.37538732171408751
1403715562.2121432 -0.53974612387289145   -2.560414771039782  0.86367461802195522 0.6486371298587934 -0.42594698065174286 0.50541200109056883 0.37735626746595508
1403715562.2621431 -0.51046905559915579   -2.590100934958953  0.86970658190328132 0.6526962035059648 -0.41962995376149353 0.50396781418608183 0.37936105506434109
1403715562.3121431 -0.48285233227558622  -2.6108416020481111  0.87489236192625319 0.65770924727074453 -0.41518185892007148 0.50026338464998044 0.38049850992713535
1403715562.362143 -0.45283717403348328  -2.6322868892071591  0.87901219513132922 0.66453530374391667 -0.41321226188374072 0.4928119926246069 0.38050597450272411
1403715562.4121432 -0.42208768586802903  -2.6486195284646952  0.88287491078902547 0.67293952160057524 -0.41295893023859831 0.48268224028855827 0.37899231801475891
1403715562.4621429 -0.39105275251747768  -2.6552333869174567  0.88556844082952602 0.6814808872061372 -0.41218136407906131 0.47248417475104681 0.37742420177895697
1403715562.5121431 -0.35547651241694828   -2.664966422170298  0.88642102224030628 0.68974167358168781 -0.41019863713336502 0.46390157378826707 0.37521837862161211
1403715562.5621431 -0.31771815342755488  -2.6708212713202766  0.88786226720759287 0.69629280359868917 -0.40388763514914711 0.45905506364329868 0.37592493715335462
1403715562.6121433 -0.27765905798070217   -2.673311878208553  0.89031487244815877 0.70112461628358058 -0.39720505221077035 0.45869183291034216 0.37450530217981159
1403715562.662143 -0.23393352112338872  -2.6733317618636474   0.8934060693898479 0.70489060304239104 -0.39663519777109035 0.46105672455437285 0.36501569058715233
1403715562.7121432 -0.1861286561969222 -2.6732777221442343 0.89447629197734069 0.70638236175844737 -0.40111169797218771 0.4668042330190052 0.34961002957862181
1403715562.7621431 -0.13468699664312531  -2.6722526974211807  0.89732643936697876 0.7067615149828449 -0.40594122213156181 0.47272085422925836 0.33501474458633634
1403715562.8121431 -0.084490098530914437   -2.6660708686233425   0.90106358287554777 0.7067184039922193 -0.40958636541367766 0.47863968232448106 0.32201267246837267
1403715562.862143 -0.032687641908948246   -2.6598868806760723   0.90283122806253369 0.70753468394290675 -0.41193257463922411 0.48412507258856136 0.308754172538658
1403715562.9121432 0.020419057412479125  -2.6542344274923022  0.90532456728972044 0.70866707956406161 -0.41196020901672081 0.48987827541365636 0.29681481062572596
1403715562.9621429 0.07300172642133658 -2.6463788103907544 0.90707540848581703 0.71078938298954109 -0.4090900649610838 0.49512597989761747 0.28683450944736055
1403715563.0121431 0.12601131285830358 -2.6388780897069064 0.90832615246623871 0.71349054555740699 -0.40433453437838973 0.50030697077444186 0.27773685514116825
1403715563.0621431 0.18369795093630809 -2.6394300896023752 0.91042814950106443 0.71612866196179492 -0.39634261335607673 0.50652658696214059 0.2711145312508535
1403715563.1121433 0.23603313292289044 -2.6311831322331471 0.91269038395165214 0.71948079870929105 -0.38414087400879082 0.51268469446137888 0.26821180673013933
1403715563.162143 0.28732297394667472 -2.6203355228381087 0.91760101081052159 0.72251766268420792 -0.37058535838490148 0.52026893476435287 0.26448998994148898
1403715563.2121432 0.34047936639675003 -2.6122833546638211 0.92004284992349383 0.72556038969762082 -0.3543984658245572 0.52910227071127602 0.26079615689501318
1403715563.2621431 0.39366590591577355   -2.60218349915549 0.92408012933946071 0.72808963577638597 -0.33752525504897907 0.53957969461624788 0.25458974377804017
1403715563.3121431 0.44523976412350813  -2.589660769094412 0.92792387614481542 0.73208397868367725 -0.31887193490665805 0.54886665504266618 0.24722283928843633
1403715563.362143 0.49632571129571929 -2.5762192449919792 0.93083348892913687 0.7370073036084176 -0.29961305892245449 0.55746237229152373 0.23725082261203276
1403715563.4121432 0.54662172539250287 -2.5613952419912156 0.93343607036380249 0.74258922087092483 -0.27980236374879591 0.56497893356786399 0.22598825392355784
1403715563.4621429 0.59518367665566885 -2.5426241573626278 0.93513378019520033 0.74940892615768728 -0.25840371107598503 0.57016875356173369 0.21568814515220783
1403715563.5121431 0.64229527725150559 -2.5234948165111688 0.93517932822017424 0.75567881146387117 -0.23807184819179603 0.57455494883099911 0.20532398733928181
1403715563.5621431 0.68492488109365246  -2.502750865874614 0.93261884062125566 0.76075622622681682 -0.21766046153249824 0.57929804494897597 0.19567233545109686
1403715563.6121433 0.72904416808764216 -2.4799679991361714 0.92700151818841181 0.76547625785230078 -0.19725833219167491 0.58322418422433686 0.18704224116828128
1403715563.662143 0.77063573480075642 -2.4550785959153822 0.91807868970240181 0.76886218665102346 -0.17813844079631985 0.58768144796633359 0.17818010429073286
1403715563.7121432 0.81108485403287911 -2.4287546595495195 0.90666429893766187 0.77153799814567847 -0.15880361203246338 0.59194907355884163 0.17060722298786479
1403715563.7621431 0.84903944698143818  -2.401261806871271 0.89072762126355898 0.77307117476428933 -0.14089393847570303 0.59687926470171304 0.16200308706474928
1403715563.8121431 0.87602242569608868 -2.3650226690182841 0.87291102262633857 0.77393556367669258 -0.12461983234238995 0.60247995882833971 0.1500384613144137
1403715563.862143 0.91107832335733363 -2.3325372913946469 0.85056781226689326 0.77411491919451592 -0.1118282226211533 0.60892215773179847 0.13211489821028044
1403715563.9121432  0.9428762240040971 -2.2958765123742531 0.82833613282919161 0.77553777987732619 -0.098720631909325396 0.61292585712045466 0.11453070545284996
1403715563.9621429 0.97134107843000062 -2.2568901176266736 0.80372533272314195 0.77683885115675666 -0.086705488853180079 0.6165377183120454 0.09425921405761134
1403715564.0121431 0.99578332566886296 -2.2148115737016356 0.77687259130405517 0.7794232098734688 -0.075608247253683522 0.61777659343471358 0.071658450038814797
1403715564.0621431  1.0171695016568103 -2.1709108552032972 0.74986035715764843 0.78218441885043866 -0.064152625399163901 0.61784274169215359 0.048397542296268248
1403715564.1121433  1.0368599670565584 -2.1281593527254627 0.72280850238318262 0.78425688366683199 -0.051518447224913409 0.61771196374693726 0.026812680966768511
1403715564.162143  1.0547058514132039 -2.0819731905647836 0.69632253800364885 0.78499842396693209 -0.037497060863267241 0.6183292365400036 0.0063561022573212734
1403715564.2121432  1.0679447642207638 -2.0399146975200977 0.67047118329686306 0.78681179411851654 -0.022782498438583574 0.61663988312185336 -0.0127833072545491
1403715564.2621431  1.0791655716044641 -1.9976670120240168 0.64664904769554055 0.78794659849548498 -0.0057705862082350502 0.61499093782818459 -0.029883183287903119
1403715564.3121431 1.0846575050529341  -1.95822372546409 0.6270533860244889 0.78860659583869275 0.014543836801128456 0.61319107417995977 -0.04341451781187778
1403715564.362143  1.0877668490269472 -1.9191650593159308 0.61117227029261334 0.78872240534695925 0.035639450224144442 0.61096839213499898 -0.058003626640080137
1403715564.4121432  1.0950014945860385 -1.8820934441836032 0.59431535646472744 0.79227596600639749 0.05853339707748962 0.60314774000277771 -0.071312262933807463
1403715564.4621429  1.0968106331880312 -1.8428638669862807 0.58228638137359379 0.79641581339444967 0.083338013768821453 0.59307236310414069 -0.083915432182615726
1403715564.5121431  1.0937975516541885 -1.8091664895452133 0.57585962191877627 0.79886131616899736 0.10697779463010958 0.58391907583992775 -0.097030211043057174
1403715564.5621431  1.0894881653849526  -1.776545765352032 0.57292581020399769 0.79989339134882032 0.13117175039042289 0.57549952320742981 -0.10846581564722027
1403715564.6121433  1.0846398703350231 -1.7433921264839911 0.57305524202946789 0.79861889175297085 0.15546795925309889 0.56882909709559171 -0.12029562618128506
1403715564.662143  1.0784892242643518 -1.7126596947762294  0.5773314275629079 0.79577181769567129 0.17904245523789949 0.56344828770922784 -0.13121372055258351
1403715564.7121432  1.0698567835947064 -1.6840950520322662  0.5870244081324737 0.79134733408799918 0.20293402501674207 0.55922249587618877 -0.14091621066551269
1403715564.7621431  1.0657610632482406 -1.6497349776898238 0.59565222486864167 0.78601667215973048 0.22608582380226977 0.55505739615818084 -0.15157268333275672
1403715564.8121431  1.0547278715258046 -1.6243855254131747 0.61727238710362864 0.77922108055669492 0.24844839219384565 0.55226242185251506 -0.16153674950903463
1403715564.862143   1.046462560663725 -1.5939160404761759 0.63524628674354244 0.77225125627442937 0.26926990001196965 0.54899600360686041 -0.17240970434927874
1403715564.9121432  1.0397445040835687 -1.5633012983689871 0.65631021026708825 0.76331291213259411 0.28915524561737704 0.54782661243837905 -0.18338114627164692
1403715564.9621429  1.0379926368124321 -1.5329763657676043 0.68010777588907734 0.75367317829689162 0.30756307450760373 0.54759651816140587 -0.1937001518140791
1403715565.0121431  1.0259257180635972 -1.5038112238007169 0.70971892899495792 0.7442390998005145 0.32569464640450319 0.54581454843994082 -0.20522582279739823
1403715565.0621431  1.0134175914849262 -1.4733883532751308 0.74118163009207649 0.7351229671187216 0.34388601836871124 0.54260323575683911 -0.216606459117196
1403715565.1121433   1.003303690432461 -1.4374911732134152 0.77135156241948988 0.72681582988920512 0.36038469895844183 0.53740120845641681 -0.23035094818272889
1403715565.162143 0.98824882163509853 -1.4046760886655278 0.80195280499029475 0.71904815605795414 0.37575529180200395 0.53034362973215377 -0.24599460228828457
1403715565.2121432 0.97266657266847267 -1.3718283044543389 0.83047646726629343 0.7116134728123511 0.3905299297790093 0.52251634425979687 -0.26090095676352898
1403715565.2621431 0.95488525466536178 -1.3398009651143019  0.8552774703109185 0.70348193816339921 0.40412010545997512 0.51536690581166245 -0.27603814126855603
1403715565.3121431 0.93655786361698024 -1.3078290490656437 0.87712691317340175 0.69409949513871461 0.4157300444305907 0.51019193432187548 -0.29171666246346573
1403715565.362143 0.91591260739314517 -1.2766716919714547 0.89968988482975276 0.68322873741649703 0.4270929926586311 0.50690684582460155 -0.30632583574734185
1403715565.4121432 0.89640415879778812 -1.2458660354890421 0.91614430453761275 0.67169878232818181 0.43765355959230579 0.50394319993926584 -0.32143639935451501
1403715565.4621429 0.87545745757920845 -1.2170681417529425  0.9297488050051701 0.66042987006642295 0.44746508264994983 0.49994044761407608 -0.33714527339495476
1403715565.5121431 0.85243036494542623 -1.1876947730846206 0.94314306656434854 0.64855177766334726 0.4588975908374372 0.49561006694981435 -0.3509476518674956
1403715565.5621431 0.82974022260386104 -1.1641328410971843 0.95463488401150809 0.63642973665395497 0.47171326667128205 0.49009055469411161 -0.36366885012123817
1403715565.6121433 0.80662858888786815 -1.1426148151983888 0.96675208855206363 0.62434990184540295 0.48485563875382504 0.48332685158521932 -0.37616135390411337
1403715565.662143 0.78275563348238242 -1.1216892683556934 0.97914562264401284 0.61185035732506177 0.49884371470165167 0.47482649403990174 -0.38901656661590467
1403715565.7121432 0.75804493763405167 -1.1041405643972417 0.99326955922666693 0.59887812653923256 0.51411003442935965 0.4650116638275219 -0.40099877126527644
1403715565.7621431 0.73302015530363973 -1.0892177789619166  1.0077307442224535 0.5853530453511826 0.5308312064426417 0.45360044380090447 -0.41210032752761594
1403715565.8121431 0.70752837665768697 -1.0790006483899881  1.0224430780527112 0.57137109341446479 0.54918088811089605 0.44107116971281429 -0.42117888004060239
1403715565.862143 0.67224773129380144 -1.0778271203551046   1.041944674542125 0.55651307259060201 0.56740171473973644 0.4252799864810769 -0.43299587439700754
1403715565.9121432 0.64513921838241572 -1.0721269816378385  1.0581276183704531 0.53912990394173355 0.5859339714773748 0.41130132367592714 -0.44367955653484675
1403715565.9621429 0.61872856975614599 -1.0702260385642963  1.0727165145619582 0.5207846895250845 0.60326935655265213 0.39682270946802617 -0.45539118113031685
1403715566.0121431  0.5910256600586814 -1.0693145523492817  1.0892767484981234 0.50086598884110534 0.61970596934931554 0.38238082195689982 -0.46784899249075285
1403715566.0621431 0.56385424118580052 -1.0700730215160261  1.1052412609648343 0.48162840059646511 0.63550374207804905 0.36670808471032734 -0.47926428841691388
1403715566.1121433 0.53478886473044873   -1.07265302496651  1.1214712165181864 0.46130570034351498 0.65120816238345058 0.3522471386872269 -0.48892426137635081
1403715566.162143 0.50775252440374941 -1.0795917899566616  1.1369819924991054 0.44039189943136714 0.665303279348612 0.3381362014370477 -0.49908960185615953
1403715566.2121432 0.47984883702440606 -1.0874299644943424  1.1500970836611308 -0.41945037481381831 -0.67910846213677811 -0.3233617704174695 0.5082423094895262
1403715566.2621431 0.45147909697679456 -1.0988613204352757  1.1650890660652515 -0.39829248938488282 -0.69150751924632736 -0.30826889835863974 0.51783272398539471
1403715566.3121431 0.42722606167143029 -1.1105950836023377  1.1795808037569886 -0.37734902981902385 -0.70313135516439973 -0.29268066226326511 0.52683207667761911
1403715566.362143 0.40426659534513143 -1.1243723756674222  1.1932650963138323 -0.35620435072070056 -0.71432595770533036 -0.27773299673463253 0.53452901623841476
1403715566.4121432 0.37951389124080109 -1.1452779107274367  1.2049929503932137 -0.33505866930797701 -0.72490885924989767 -0.2634288410437014 0.54115439535215093
1403715566.4621429 0.35785206232020411 -1.1642842833839144   1.214891673808228 -0.31434522639644397 -0.73364565285849748 -0.24868298271394423 0.5487330031919837
1403715566.5121431 0.33846773131116237 -1.1836734975246368   1.218996923000532 -0.29350994311832646 -0.74090383611281185 -0.23527103651541251 0.55638202550132754
1403715566.5621431 0.31723938233571175 -1.2008766233881156  1.2223431189153113 -0.27402371903756778 -0.74731678223135301 -0.22128583504022251 0.56343695974860242
1403715566.6121433  0.2985504555684943 -1.2251614664099737  1.2226725577455748 -0.25426776003310075 -0.75305445890710931 -0.20807276994538895 0.57005491887635151
1403715566.662143  0.2818341164210999 -1.2517699160703191  1.2172833388009512 -0.23380551471509806 -0.75873678581628023 -0.19545929621978639 0.57571619280618991
1403715566.7121432 0.26607559770193334  -1.278415371821312  1.2121353539934003 -0.21256722620378182 -0.76471134857699297 -0.18194320836237254 0.58045533560506923
1403715566.7621431 0.24948861879351764 -1.3076536797400138  1.2079131648336912 -0.19086341231120063 -0.77039779134322772 -0.16706779469640481 0.58493311832181394
1403715566.8121431 0.23755939901087772  -1.340880682822478   1.203164965441972 -0.16930532111177987 -0.77641785081347015 -0.14990641488840686 0.58825087841560786
1403715566.862143 0.22515381839937457 -1.3798897719038967  1.2012883565701458 -0.14693892533610609 -0.78084499508979244 -0.13165987042273061 0.59275266712564201
1403715566.9121432 0.21479440794549973 -1.4154460777294222  1.1977230197501412 -0.12345900088316664 -0.78431546524018747 -0.11297947319482474 0.59736317657068416
1403715566.9621429 0.20609191309314662 -1.4527669156138203  1.1942795177427294 -0.099037534593619941 -0.7873853430508031 -0.093663360927445052 0.60120134989050222
1403715567.0121431 0.20693939611986553 -1.4963668645406449  1.1909318467403813 -0.074345859497233283 -0.7913319282595489 -0.072988971530497382 0.60244425678029501
1403715567.0621431 0.20592682550190036 -1.5390155421565075  1.1884945831349167 -0.049502704634026333 -0.79499369627905325 -0.049888063713676344 0.60253272625591481
1403715567.1121433 0.20540320124475142 -1.5805771174394068  1.1845410773505765 -0.025109108990879807 -0.79767406260030327 -0.024412267065650837 0.60207114506271342
1403715567.162143 0.20492612262015181 -1.6230027325469929  1.1810999592176266 0.0015195877887939715 -0.79917461812368917 -0.00077121999834830969 0.60109651955365873
1403715567.2121432 0.20709628590759777 -1.6677481812969706  1.1783380398335415 0.028671513598404391 -0.80017767657585037 0.02329425730470942 0.59862426261743895
1403715567.2621431 0.21207599882091774 -1.7104418701522608  1.1736472650126348 0.057288221538514011 -0.80244502802839401 0.045633128689805603 0.59221419624274796
1403715567.3121431 0.21729519266098124 -1.7554598468485654  1.1690602847846849 0.086820484549097895 -0.80269675611659719 0.067980532348615327 0.58610474183728545
1403715567.362143 0.22452379445295884 -1.8017196252273817  1.1633622263840522 0.11871183985958968 -0.80148365335847271 0.087560723444965474 0.57953824048642466
1403715567.4121432 0.23262595354678928 -1.8465339717900193  1.1566769046204173 0.15096849327063186 -0.79927696184998964 0.10587652771781578 0.57197466130403363
1403715567.4621429 0.24205001798723516 -1.8895440321171117  1.1467061346287171 0.18258052510362868 -0.79559181808151169 0.12391757236664952 0.56421843829619245
1403715567.5121431 0.25372959867109357 -1.9316944645660961  1.1320201695955596 0.21354134885569137 -0.79072078783894939 0.14037983274731483 0.55628610495506647
1403715567.5621431 0.26534594468243872 -1.9730193226515378  1.1148929860998145 0.24256713183807607 -0.78388701712667819 0.1574579314894905 0.5494445656689485
1403715567.6121433 0.28092493850281036 -2.0174157336764029  1.0940706989476383 0.26992381006253752 -0.77589838420076962 0.17510241752205327 0.54264350869967182
1403715567.662143 0.29326791052576134 -2.0607111262007982  1.0706947299320915 0.29621500060664396 -0.76592474190870474 0.19289750462929364 0.53703492982810874
1403715567.7121432 0.30983519592062408 -2.1046329867343467  1.0467123027969387 0.3218134330222045 -0.75471022249117292 0.21080542209378256 0.53142230703052884
1403715567.7621431 0.32896356782727654 -2.1520169676953991  1.0250973891914259 0.3456797592681019 -0.74129459333596859 0.22988701930135039 0.52738959819089037
1403715567.8121431 0.34521946710535856 -2.1956423854712082  1.0002908444883432 0.36886495647702983 -0.72771260760343082 0.24854985138984609 0.5221072456807121
1403715567.862143 0.36082508079882936 -2.2421257107979855 0.97712639156706504 0.39207598758266488 -0.71358012417182648 0.26583533734443821 0.51615055920435426
1403715567.9121432 0.37829261181259499  -2.285636466294878 0.95333349615834662 0.41535299629086925 -0.69933902050877694 0.28216206202704491 0.5087154348146592
1403715567.9621429 0.40408143846395944 -2.3328636039051376  0.9367415420927736 0.43816689892515581 -0.68445996444925916 0.29675924030029677 0.50145615865080573
1403715568.0121431 0.42368024169862206 -2.3765493959107005 0.91419102855150758 -0.46026476949465589 0.66802317535096345 -0.31114352954040791 -0.49506674618801133
1403715568.0621431 0.45396880415239693 -2.4173445897966599 0.89555649739244503 -0.48014445995475824 0.65088882431106121 -0.32735252471413523 -0.48851341898150541
1403715568.1121433  0.4885437615088179  -2.455840829077327 0.88082096031427526 -0.49857271772669653 0.63348024877620135 -0.34326692910319007 -0.4819707822400891
1403715568.162143 0.51359897708197011 -2.4947424559264637 0.86129989409482355 -0.51631683897438374 0.61614048401085764 -0.35911722761718678 -0.47415466103678888
1403715568.2121432 0.54074155281581326 -2.5332804416995591 0.84227652487096749 -0.53410893825022976 0.5987495640473951 -0.37319143963277401 -0.46578401756509891
1403715568.2621431 0.57360981428661395 -2.5670958974016869 0.82341148759167004 -0.55038608894052521 0.58305284071884711 -0.3884309149797443 -0.45414310775176764
1403715568.3121431 0.61776115634012063 -2.5906328989773417 0.81704749759655249 -0.56619042315396773 0.56720519850525219 -0.40234634810415726 -0.44252015059723188
1403715568.362143 0.64813653593826626   -2.62460120954472 0.80031965258973092 0.58123452926545549 -0.55090207279074199 0.41610811024070143 0.43072888082451666
1403715568.4121432 0.68117706711038162 -2.6560686763610928 0.78352542071575526 0.59616904716891062 -0.53468753629142785 0.42849376360305397 0.41843135671888454
1403715568.4621429 0.71633015423675628 -2.6821792705941947 0.76964590978023506 0.61064979388455543 -0.51708693885813772 0.44070444731298652 0.40682615084286999
1403715568.5121431 0.75151816346955247 -2.7066415476296131 0.75653862858627707 0.62511551618670858 -0.49958229059256076 0.4513755991474267 0.39485211768865669
1403715568.5621431 0.78728469014186431 -2.7240051497709974 0.74728019915974109 0.63888794243933011 -0.4818735718493492 0.46269936165732739 0.38148310379450778
1403715568.6121433 0.82563156163439144 -2.7418835902770651 0.73701983807567706 0.65286284517950577 -0.46307523771509762 0.47210231764013033 0.3693925165430994
1403715568.662143 0.86394208167802977 -2.7536026026329967 0.72934874070352984 0.66640062636490716 -0.44419152629299713 0.48103517419455372 0.35666406370360954
1403715568.7121432 0.90182412587675798 -2.7635180771239418 0.72394791173550732 0.67870649451681286 -0.42596535478153036 0.49046620616458414 0.34256957167422797
1403715568.7621431  0.9428668388521686 -2.7723227338444243  0.7176088334073405 0.69072767305052052 -0.40719041512175147 0.49911676537635574 0.32859352098821554
1403715568.8121431 0.98260006654084031 -2.7815261327196472 0.71180276197867454 0.70263290817692736 -0.38884272542994075 0.5065586805168889 0.31385766586151453
1403715568.862143  1.0219971226657121 -2.7842714143056102 0.70662557693417138 0.7139260962737175 -0.37030446514598936 0.51286496545082849 0.30025598972449169
1403715568.9121432  1.0622729639308917 -2.7872692002118002 0.70162213835787957 0.7244115764935356 -0.35241211025535851 0.51880488375174927 0.28613819210802582
1403715568.9621429  1.1018506538859252 -2.7906032567126244 0.69599858515523538 0.73526101596339155 -0.33706063334179043 0.52227697181483013 0.27020017129462326
1403715569.0121431  1.1390113538734445 -2.7881525986189009 0.69128262651785077 0.74522152569933975 -0.3215272565553699 0.52498235795782289 0.25623938955470887
1403715569.0621431  1.1812638035921295 -2.7903418573533343 0.68366998259717204 0.75400808467302916 -0.30563739762024023 0.52822970431533867 0.24296289614376745
1403715569.1121433  1.2217351639990366 -2.7876843249124277 0.67778213685633959 0.76227580230326231 -0.28990400820198198 0.53127983838122617 0.22941883222822249
1403715569.162143  1.2603777751204694 -2.7793419424256549 0.67264226274561345 0.76912920759313796 -0.27515205034517237 0.53519940291024892 0.21515857022789675
1403715569.2121432  1.2997260671402315 -2.7741633519848863 0.66734629703338422 0.77471966459514496 -0.26174371614040637 0.53931943635674118 0.20108260471369407
1403715569.2621431  1.3399975851679762  -2.766501360916342 0.66340845301698859 0.77768699578082112 -0.24847287903507906 0.54566834889952964 0.18897147400251005
1403715569.3121431   1.380205603004635 -2.7608057429031594 0.65890034243845941 0.77765239335565917 -0.23488708905499464 0.55468185194127506 0.18003570098867494
1403715569.362143  1.4187233534542643 -2.7538424901898297 0.65551374688235386 0.77662631278091276 -0.22186087831565116 0.56377681604203345 0.17258337887189201
1403715569.4121432   1.456763163228626 -2.7451209458930901 0.65334889314671518 0.77528593653109845 -0.2095878515486039 0.57240318937272383 0.16540628130839449
1403715569.4621429  1.4961038356038243  -2.739356642844613 0.64818637928647538 0.77477765710070912 -0.19747823937218603 0.57917751129957573 0.15898219220034551
1403715569.5121431  1.5289911429646852 -2.7273617123844609 0.64649092604510139 0.77545826621807934 -0.18431308488993495 0.58388962697872249 0.15416247143534847
1403715569.5621431  1.5640210342423919 -2.7139594825675384 0.64482884260796436 0.7772454797414613 -0.17125882950152169 0.58704742130504428 0.14810537693930087
1403715569.6121433  1.5958392068175427 -2.6988529346474808 0.64370797939508384 0.77966849334807165 -0.15785857765462222 0.58905860016455824 0.14215370383278333
1403715569.662143  1.6287409248262463 -2.6817923419320713 0.64044934185745828 0.78330347046297311 -0.14449077908164318 0.58944708244126232 0.13457423573078883
1403715569.7121432  1.6578884272681986 -2.6619821472328686 0.63892724394656653 0.7874700163266164 -0.13141593660010228 0.58889587217363393 0.12578742676011664
1403715569.7621431  1.6885345015617492 -2.6387058187216286 0.63454586159526039 0.79120620158756316 -0.11830916450367614 0.58889531786055149 0.11488251723279165
1403715569.8121431  1.7132813388988464  -2.614596316223337 0.63395819858305891 0.79479764458526792 -0.10427033514197381 0.58893391304955689 0.10286519057109547
1403715569.862143  1.7367039990296866 -2.5853354332040475 0.63277559339124856 0.79769497348593654 -0.090098472858351208 0.58975164854696382 0.088079438576789598
1403715569.9121432  1.7637839853915149 -2.5561441453150429 0.63210165149252084 0.79838427316761573 -0.07311396476288122 0.59283673206667764 0.07603623891127563
1403715569.9621429  1.7860932744131628 -2.5263991808898738 0.63200073402286061 0.79831870539926986 -0.056332338507104125 0.59621911474881273 0.06353486803399426
1403715570.0121431  1.8080813327290455 -2.4948680017967702 0.63115266683270244 0.79822078486169645 -0.03914935460251761 0.59897748815786811 0.050367403437886475
1403715570.0621431  1.8261601484830283 -2.4631615659636359 0.63124002069645246 0.79772699420383575 -0.02168889962523126 0.60145254402578985 0.037630727291210843
1403715570.1121433  1.8427775499611982  -2.429442685674827 0.63113187435737139 0.79716723657910726 -0.0038824937071496543 0.60325226028602164 0.024413799934659558
1403715570.162143  1.8578604456815404 -2.3950402093363867 0.63126620043649762 0.79644013354918997 0.014017867726146731 0.60445444528856906 0.01101982883030185
1403715570.2121432   1.870795594799981 -2.3589398914071049 0.63024918908470984 0.79539289563630289 0.032271205901481234 0.60522771151329569 -0.002850974805342838
1403715570.2621431  1.8808928080216409 -2.3219029823132198 0.62968992698852377 0.79416958861185338 0.051002638128949764 0.60530901822576977 -0.017157735355274768
1403715570.3121431  1.8905864205546512 -2.2834646532192124 0.62857769147162712 0.79150597822850233 0.070124673469255966 0.60630859122150305 -0.03147552716584897
1403715570.362143  1.8985066048964458 -2.2445961581198519 0.62654542356496046 0.78824868187070307 0.090136866933888407 0.60694750423816524 -0.046412151937874034
1403715570.4121432  1.8999920705470839  -2.205242316861924 0.62402003534494899 0.78450792132925506 0.11022543785401172 0.60716936974319569 -0.061180312741871572
1403715570.4621429  1.9007950268021574 -2.1637770634582907 0.61958704224591254 0.78005589352884741 0.1296794710033774 0.60713756064775126 -0.077974484428521965
1403715570.5121431  1.9002856546330065 -2.1234773430897009  0.6156070946348059 0.77511189769003852 0.15009569487037769 0.60649620268351123 -0.093995662512729061
1403715570.5621431  1.8919443118845982 -2.0834875170314042 0.61187279674891837 0.76920325026989933 0.17144701687994185 0.60587901425420754 -0.10882509022987914
1403715570.6121433  1.8822042653147617 -2.0426582543030789 0.60746571179286946 0.76373980239890715 0.19292894784358963 0.60345179549939698 -0.12379768101300598
1403715570.662143  1.8683759492313396 -2.0023705383149939  0.6008526012423957 0.76058415086568987 0.21389077513851831 0.59688988206106974 -0.13958851835191827
1403715570.7121432  1.8516516236238789  -1.962573665697871 0.59422000049493806 0.75780205350241081 0.23471392805524655 0.58865435979747416 -0.15534305383837271
1403715570.7621431  1.8324838570860349 -1.9244893323024244 0.58809644156916674 0.75313205992926602 0.25651835771188886 0.58131000299718205 -0.17049666530144192
1403715570.8121431  1.8127424190646841 -1.8850002514949507 0.58115709532818804 0.74729407977648832 0.27828198863490028 0.57406770028146603 -0.1858950473411432
1403715570.862143  1.7906070222078598 -1.8447135614629029 0.57491709215233644 0.74128726113083321 0.29938670988073901 0.56611994877570915 -0.20092037733919046
1403715570.9121432  1.765069942188384 -1.806055607793815 0.5682593221172102 0.73448283314585361 0.31956385910578633 0.55822826344957122 -0.21632178266077051
1403715570.9621429   1.737989790627438 -1.7674251454569656  0.5618170263482607 0.72914240851190959 0.33929253546708227 0.54843903397399063 -0.22901211649047354
1403715571.0121431  1.7084766686154738 -1.7295632599466817 0.55441773754467549 0.72370198014612319 0.35657898482624606 0.5389345310917153 -0.24219092202189854
1403715571.0621431  1.6790746984719764 -1.6938871878618602 0.54726237791632604 0.71859302427029981 0.37060503116428778 0.53059984684506334 -0.25444012826945589
1403715571.1121433  1.6485325968292175 -1.6601345913161962 0.54012424088131916 0.71420167954092661 0.38086449453563748 0.52330553147414871 -0.26647611238456598
1403715571.162143  1.6191848003815539 -1.6290796187063947 0.53418264887833433 0.70935833885044142 0.38783878786984088 0.51880472211038065 -0.27790912551221786
1403715571.2121432  1.5865098250770548 -1.5954922149515134 0.52765242671651102 0.70245640235922069 0.39248965768587896 0.51883868489282747 -0.28864041721984013
1403715571.2621431  1.5542058242374828 -1.5632785342901041  0.5226109212291965 0.69455002779355668 0.3960873292191246 0.52235200325448805 -0.29641773094748192
1403715571.3121431  1.5319059330413813 -1.5326215349956107 0.51683701412706196 0.68759746462469074 0.39866452276448799 0.52670792003647982 -0.30142178405268827
1403715571.362143  1.4973587459004332 -1.5043862444237222 0.51177580282696522 0.68177479091208337 0.40023648077192692 0.53058161109576896 -0.30574016403329529
1403715571.4121432  1.4675539986985455 -1.4797909328810728 0.50730762597060086 0.68025658308841197 0.40238679582465031 0.53026532086084688 -0.30684611322810129
1403715571.4621429  1.4333341682443361  -1.455194733163127 0.50200283329953632 0.68228406647499507 0.40590462578148628 0.52603264794424953 -0.3049910501970467
1403715571.5121431  1.3966099264017553 -1.4331422504889615 0.49652013474066387 0.68610166617321366 0.40841603264138093 0.52004838228087247 -0.30333237223030124
1403715571.5621431   1.366620261157331 -1.4213264288199616 0.49392484644510104 0.69345649564122425 0.40806557779451508 0.50960815454479547 -0.30479517990557092
1403715571.6121433  1.3287220871620007 -1.4028104836848843 0.48554482693046047 0.7025928768599512 0.40604324622010168 0.49654171399489683 -0.3081208494206607
1403715571.662143  1.2908539277378461 -1.3834780215419735 0.47335864543821549 0.71365430629047044 0.40034524118870224 0.48022941058944629 -0.31591285535023778
1403715571.7121432  1.2547865903799347 -1.3657660422255555 0.45869456127025426 0.72611334634346092 0.39353799474132334 0.46142246684439081 -0.32400086735704353
1403715571.7621431  1.2217268469881897 -1.3501295663827959 0.44094206145902387 0.73924131137123161 0.3863007639916004 0.44103327980890739 -0.33133615770489905
1403715571.8121431  1.1914175148841155 -1.3339574906673786 0.42171219049651099 0.75136047861859645 0.38127093804422824 0.42138261469006238 -0.33544983978215631
1403715571.862143  1.1675369713796719 -1.3207395808550468 0.40256785742150542 0.76179227345530387 0.37663264195513058 0.4047643808691847 -0.33761839567370094
1403715571.9121432  1.1497690126486833   -1.30948436447231 0.38353177349607015 0.7711745815693124 0.37318148386122019 0.38986731116182466 -0.33768154307273418
1403715571.9621429  1.1363648463380491 -1.2950594756418334 0.36636090750865452 0.77954974865128424 0.37254002598826724 0.37636304898592343 -0.33446520562294701
1403715572.0121431  1.1371545435668502 -1.2837807040735842 0.34561422714151241 0.78652833461922145 0.37329245391467908 0.36671656091364507 -0.32794037056016762
1403715572.0621431  1.1415651123159394 -1.2651170629878696 0.32981123744042323 0.79055821540179372 0.37864219128756132 0.36078960796325577 -0.31855715001143092
1403715572.1121433  1.1542831443451995 -1.2448637164894687 0.31565087629228128 0.79074079357246907 0.38914431163647994 0.36126606019044344 -0.30460225845490202
1403715572.162143  1.1757697502644522 -1.2274224018241615 0.29813343054839475 0.78624344588085382 0.40211923942797428 0.36888825701026756 -0.28990138828780282
1403715572.2121432  1.2022111788900318 -1.2003450395068838 0.28677712425020602 0.7770858227999794 0.41588843835813666 0.38150497204269285 -0.27861871284968232
1403715572.2621431  1.2309800336784955 -1.1688905805936891 0.27416978844315543 0.76064952337301905 0.43175305228142702 0.40250803778943145 -0.27016454977100834
1403715572.3121431  1.2636155228709134 -1.1338725017199425 0.26203139648053148 0.74022219536026868 0.44679038254496334 0.42723526237131493 -0.26442293045018478
1403715572.362143  1.2983577809494411 -1.0945629968220612 0.25237596513432059 0.71879948334171684 0.4592410205708165 0.4496012122679261 -0.2651108026844004
1403715572.4121432  1.3321816402902777 -1.0517830691660137 0.24231829396915125 0.6966310994084437 0.47016934546670475 0.47042910583749309 -0.26896534033464264
1403715572.4621429   1.364426712519704  -1.008851090940214 0.23287217034380953 0.67774751071397255 0.47883036280803831 0.48503974488642354 -0.2758917201632719
1403715572.5121431   1.3942363981499362 -0.96111970449939876  0.22206760235599132 0.66289550964587685 0.48612257266483205 0.49258152063577559 -0.28568834971906953
1403715572.5621431   1.4205778144028076 -0.91380519575167396  0.20918888167228292 0.65108626573023287 0.49306687078830408 0.49508760629297616 -0.29641187156317056
1403715572.6121433   1.4453974633782054 -0.86950656471373633  0.20206772850988247 0.64102491404993867 0.50054115241401287 0.49500214649595337 -0.30580792872605439
1403715572.662143   1.4651252550131684 -0.82302763593120709  0.19065480990015723 0.6305465492583624 0.50919040267883187 0.4934096044528215 -0.31572637721902669
1403715572.7121432  1.4811197546134456 -0.7762635132832939 0.17826295759646843 0.62169541177919407 0.5193438410780028 0.48873742663167197 -0.32390201838904253
1403715572.7621431   1.4942957764050198 -0.73190340013222799  0.17264622900684168 0.61381441679255533 0.53040449360172059 0.48242582319334404 -0.3304062045739185
1403715572.8121431   1.5033354248530268 -0.68571374111172978  0.16458105116540908 0.60799959961211836 0.54023923243544369 0.4727529196688024 -0.3390910431634685
1403715572.862143   1.5110290016764354 -0.63913082832634494  0.15975871737185929 0.6021260605294172 0.54907041797408107 0.46302997371218702 -0.34866764515966209
1403715572.9121432    1.513450535116851 -0.59364332979828782   0.1577165803288543 0.59563718072621541 0.55665062925087827 0.4531664131535309 -0.36055045122796675
1403715572.9621429   1.5137038515887329 -0.54910608059114718  0.16069462802445866 0.587619941804843 0.56411349800507293 0.44523295943769081 -0.37181497709493805
1403715573.0121431   1.5118650945377743 -0.50491299521965161   0.1656536702373107 0.57866640738456199 0.57143891466363217 0.43808385206307776 -0.38299516228572628
1403715573.0621431   1.5077102717661592 -0.46019354641987403  0.17291599087308998 0.56989288533412885 0.57871238228100186 0.42992853949599025 -0.39430385335047641
1403715573.1121433   1.5019682383211679 -0.41734508457405423  0.18346868174782668 0.56087223032854794 0.58620562092374595 0.42151392206765997 -0.40510655974301907
1403715573.162143    1.494689481598352 -0.37654722690383108   0.1962709071281408 0.5529839302247852 0.59322195259445043 0.41122078574292464 -0.41616577615915173
1403715573.2121432   1.4866699750500889 -0.33593392036195791  0.20775159805405458 0.54361040309914466 0.60189541675376002 0.40265636461609322 -0.42435538050949095
1403715573.2621431    1.476955824752368 -0.29638765979641607  0.21996195894328854 0.53519026848427043 0.61013705721359912 0.3915683504286302 -0.43356472974293631
1403715573.3121431   1.4675154461910678 -0.25891945630626134  0.23209462359942318 0.52655849769664242 0.61921340866024344 0.38051930747782925 -0.44103963503908661
1403715573.362143   1.4578142985934153 -0.22182958831472477  0.24310786024820588 0.51815396162206651 0.62805965240094053 0.36903867896778481 -0.44818299667332318
1403715573.4121432   1.4482439717426341 -0.18608851129883233  0.25387350502979028 0.509600524673128 0.63684784151807616 0.35711081374433923 -0.45519665938305809
1403715573.4621429   1.4353108652847635 -0.15142329224259563    0.265261027692416 0.50255098283409372 0.64440863342985788 0.34217091403388855 -0.46378776223911167
1403715573.5121431   1.4255812819541409 -0.11759287713939032   0.2758454885935156 0.49511633348320094 0.65177346761868316 0.32796605009127805 -0.47168785569907823
1403715573.5621431    1.4161024145745884 -0.081839020661291922   0.28594399433320827 0.48725413588343414 0.65911812857072438 0.31451297543784829 -0.47877791086801963
1403715573.6121433    1.4075013958070859 -0.046715265000369766   0.29692167364387645 0.47698713852719515 0.6678108121846652 0.30462222494802488 -0.48344315992328535
1403715573.662143     1.400003886504894 -0.012220437212302338   0.30777683712281323 0.46508439249046957 0.67787775596990263 0.29712687032246393 -0.48568907621580054
1403715573.7121432   1.3929249500434746 0.022027140923256295  0.31860096623429124 0.45150243036448995 0.68983118571533708 0.29170806048193521 -0.48495865601038468
1403715573.7621431   1.3878992244885502 0.059826511080518438  0.32739279732687232 0.4391849967989222 0.70177865342627455 0.28496616241723866 -0.48313305254259686
1403715573.8121431   1.3805467766769788 0.097419866586291523  0.33970048563745397 0.42526706542578324 0.7143461948159695 0.27944339675664759 -0.48038403910329336
1403715573.862143  1.3712496376416947 0.13496044170085728 0.35104160007586516 0.41132315601938974 0.72672882866322519 0.27136695083823015 -0.47857961605650029
1403715573.9121432  1.3638283001402551 0.17229294081379307   0.361451960869352 0.39795596764044322 0.73812162613894805 0.26178183182467879 -0.47778424562962435
1403715573.9621429  1.3547813982731987 0.21063854657746889 0.37205770723020293 0.38430699557229481 0.74823684474755703 0.2507398928554822 -0.47914430336511127
1403715574.0121431  1.3442084130288547 0.24982044870977302 0.38242647702275101 0.37054346295731377 0.7582372240870584 0.23792995050391341 -0.48079433515959713
1403715574.0621431  1.3296077729272786 0.29180535255733564 0.38950252954570075 0.35535165942540803 0.76856806696383539 0.22418981397594159 -0.48245958576497899
1403715574.1121433   1.316350989783454 0.33463935173477261 0.40003134004654789 0.33997846167601814 0.77693031167696092 0.2108405531714338 -0.48614832873549257
1403715574.162143  1.2990549122284971  0.3785597376920799 0.41075135654236011 0.32341916437012169 0.7836251290237336 0.19814414592473648 -0.49200670596692686
1403715574.2121432  1.2805597315084409 0.42421283165496959 0.42267593518079638 0.30434260542191649 0.78940038606899154 0.18799496017515416 -0.49887924786251536
1403715574.2621431   1.262088980155613 0.47047923180864976  0.4354447292124326 -0.28282450094775369 -0.79261555125382988 -0.18131570443908701 0.50881775214510683
1403715574.3121431  1.2413043886068735 0.51743171290837098 0.44836963724044543 -0.25924981248147422 -0.79549246056741674 -0.17893214364196122 0.5176529415355523
1403715574.362143  1.2188396132908381 0.56511040172417126 0.46114522776480921 -0.23578469021821374 -0.79786673490237281 -0.17857169987407531 0.52528697033051486
1403715574.4121432  1.1959284116979187 0.61234530675126841 0.47004979820909903 -0.21381126542470558 -0.8001841778907427 -0.17996012658915192 0.53066409061554087
1403715574.4621429  1.1770891333747115  0.6562057605557694 0.48167818251473132 -0.19606411847741431 -0.80270597623579343 -0.18144184298310548 0.53319868227135603
1403715574.5121431  1.1517957806851957 0.69959366457526051 0.49091650889112187 -0.18099495917188368 -0.80456529041949343 -0.18237836697544119 0.53540045710284523
1403715574.5621431  1.1246196706525522 0.73795120734139763 0.49730858745899431 -0.16949905439833526 -0.80681185818565404 -0.18093158890971153 0.53627274421108651
1403715574.6121433  1.0960469010115903 0.77629484120122394 0.50418047445627012 -0.15898179110406849 -0.81038592913167806 -0.1788986969004446 0.53478471575957764
1403715574.662143  1.0666438712049251 0.81184993986971965 0.50929510317552162 -0.14968985122834139 -0.81360029408412182 -0.17592273888749677 0.53357164453125638
1403715574.7121432  1.0329154551868842 0.84514937166576021 0.51458962340458936 -0.14185919328907201 -0.81638648257775881 -0.17122243821106919 0.53298401195227707
1403715574.7621431 0.99701150957737106 0.87551582174182296 0.51799255314519688 -0.13638362698397358 -0.81894712089194288 -0.16431034498950692 0.53266052040950351
1403715574.8121431 0.95631906525531973 0.90131395723867946 0.51923903964860418 -0.13440999698998798 -0.82054317590370895 -0.15436278993183122 0.53368059574193605
1403715574.862143  0.9176228173888209 0.92493697749792603  0.5245687854925023 -0.13624223292357487 -0.8210809608305486 -0.14202011998403222 0.53581190286265812
1403715574.9121432 0.87954191266135806 0.94870756880359797 0.53211099844442855 -0.13840378536181414 -0.8202636388005955 -0.13177355469866908 0.53911750606078834
1403715574.9621429 0.83819598520414262 0.96930619868687495 0.53909527472812668 -0.13983912592415368 -0.81739768247067668 -0.1248465843214053 0.54471954062215722
1403715575.0121431 0.79548553948173961 0.98874302786526558 0.54709985870233357 -0.14116622961906491 -0.81473026177792662 -0.11969167929731282 0.54950941581141066
1403715575.0621431 0.75265739449772151  1.0052243086190187 0.55607856405545819 -0.14077472401196767 -0.81077338343926841 -0.11856306718455691 0.55567238269108343
1403715575.1121433 0.70924808155168007  1.0236776445657301 0.56634961065009148 -0.13980288387227194 -0.80694733870536361 -0.11960356841030967 0.56123625385469134
1403715575.162143 0.66710686420676502  1.0388846293987881 0.57699690784714164 -0.13893333308981298 -0.7998324973670935 -0.12220695930051848 0.57099121202571468
1403715575.2121432  0.6250832969633312  1.0538473377480881 0.58853925558255182 -0.13738485261860309 -0.79136596247549462 -0.12674247810022657 0.58206671434742985
1403715575.2621431 0.58476552691939865  1.0667789757322603 0.60041655149038475 -0.13563532369491296 -0.78460130368389303 -0.13307152991410937 0.59016592679519375
1403715575.3121431 0.54500601273836224  1.0784186756563738 0.61007690016619154 -0.13513813956161905 -0.78175947618254527 -0.13901394812895077 0.59267607245460685
1403715575.362143 0.50732113682240432  1.0863581060766772 0.61754031292679168 -0.13893632802770281 -0.78442953676367366 -0.14034571092082138 0.58793713952516757
1403715575.4121432 0.47274443872860161  1.0905247225056101 0.62462815048665166 -0.14397593644981085 -0.78840566452157168 -0.13990872711687716 0.58147483690202306
1403715575.4621429 0.43903580865299463  1.0933012524496508 0.63267553745576577 -0.14756270325289522 -0.79257871865026708 -0.14171724252460555 0.5744218367390127
1403715575.5121431 0.40611148257936902  1.0937836131410614 0.64177220804158119 -0.14948609083268116 -0.79524855304689035 -0.14640002217676817 0.56903486802746328
1403715575.5621431 0.37139278714291685  1.0925609653173591 0.65265505974553717 -0.14720228711948302 -0.79535574395306319 -0.15651801696783754 0.56678288399714272
1403715575.6121433 0.33178631477562565  1.0909748296118436 0.66633143672798678 -0.143003421564072 -0.79328293003187489 -0.1689654837214879 0.567188575036359
1403715575.662143 0.29581435860779681  1.0855577359317576 0.67814674348752202 -0.13966254962046556 -0.79157392340458765 -0.17985200125272388 0.56706115513652433
1403715575.7121432   0.260996469218649  1.0755797598534778 0.69020989150670786 -0.13620486567525464 -0.78971929967039678 -0.19049747716817125 0.56701179307581095
1403715575.7621431  0.2239736743017865  1.0618343916898361 0.70171770385221077 -0.13490799077651214 -0.78899451216883121 -0.19767883397666861 0.56587151579641959
1403715575.8121431 0.18764816355543329  1.0431799241007242 0.71276352295265943 -0.13645783974437403 -0.7898276004952588 -0.20073550789005087 0.5632556039138219
1403715575.862143 0.14449279260828415  1.0208749703272806 0.72214740051161341 -0.13894273312728839 -0.79054411616872056 -0.20098194040114087 0.56155247033089251
1403715575.9121432  0.1128746444454499 0.99279382136884997 0.73039853967958035 -0.14374108217649742 -0.79052554019009325 -0.19834190088295944 0.56130950638308719
1403715575.9621429 0.073902790022284642   0.9621059552778598  0.73962743447562052 -0.1519314104797555 -0.79108393473401539 -0.18970813079228985 0.56135005106143498
1403715576.0121431 0.034906331410370681  0.92712919897675705  0.74845496573297732 -0.16026983495748545 -0.79120116139224206 -0.17998411633617944 0.56206762945481259
1403715576.0621431 -0.0030873848667329396    0.88895296209385943    0.75717177069787789 -0.1670717195268647 -0.7912418052784701 -0.17171464532591452 0.56261667829402273
1403715576.1121433 -0.04198778308447345  0.84856726959228856  0.76561888795662358 -0.17185263024587491 -0.79071124629175682 -0.16570607105762558 0.56372324458013656
1403715576.162143 -0.082251029917459792   0.80595954172538675   0.77445747162982659 -0.17647754400230489 -0.78963612241097236 -0.159602117534277 0.56555957663649659
1403715576.2121432 -0.12798459819388716  0.76208935338204387   0.7839444173478074 -0.18000040794369007 -0.78910157871072772 -0.15358792004735217 0.56685915572730283
1403715576.2621431 -0.16617893202936418  0.71734142420333658  0.79203479254082798 -0.18161722540872693 -0.78845960828685857 -0.15056189174656415 0.56804730990355479
1403715576.3121431 -0.20344943556949016    0.671724405243735  0.80074005318880837 -0.18156891495760691 -0.78618118958313687 -0.14974812499704415 0.57142573036802513
1403715576.362143 -0.23893936450192796  0.62563588327345176   0.8105301669045335 -0.17984881244511908 -0.78279409085751694 -0.15130153085435818 0.57619064791244357
1403715576.4121432 -0.27496761681766785  0.57759421964533697  0.82136886194489112 -0.1777204535038836 -0.77699417099587809 -0.15197743414468104 0.58446416327744288
1403715576.4621429 -0.30907891554704248  0.52825670057818708  0.83298535829105558 -0.17558565433821105 -0.77124269894595743 -0.15334395587130328 0.59231748962099495
1403715576.5121431 -0.34153495549625412   0.4773262536379268  0.84488591852617867 -0.17357157961083522 -0.76583581648717514 -0.15536024031216006 0.59935932850583817
1403715576.5621431 -0.36983244802895321  0.42525165343943766  0.85767514465065886 -0.17247460376542176 -0.7604548868988017 -0.15840269118933539 0.60569750162244163
1403715576.6121433 -0.39704730144646022  0.37110405329960405  0.86970706382551721 -0.17129723206703806 -0.75503983019604948 -0.16274587994492795 0.61162561397037918
1403715576.662143 -0.4208279832766883 0.31451963366345176 0.88132108507469942 -0.17202842257334811 -0.75329105138173136 -0.16621467279327368 0.61264304148774618
1403715576.7121432 -0.44076411616721417  0.25621806495189237  0.89258801371515173 -0.17386350879008436 -0.75270257555320397 -0.17054084085237756 0.61165851148180517
1403715576.7621431 -0.45619998163600706  0.19622799865177118  0.90276987307130707 -0.17836898750085331 -0.75401483788874313 -0.17288889060188373 0.60807529143024963
1403715576.8121431 -0.47051507343625665  0.13388824314517553  0.91266405491101765 -0.18443746177171433 -0.7576846728281672 -0.17472871761314554 0.60113778328911127
1403715576.862143 -0.48241939531088057 0.068365750512066004  0.92356201193014886 -0.19079507996619102 -0.76286908886562965 -0.17580116540171145 0.59221781546777119
1403715576.9121432   -0.49090586557819604 0.00052115514267438005    0.93511227294049937 -0.19715514546084745 -0.76796827640789023 -0.17665005045751833 0.58322322889504574
1403715576.9621429  -0.49978414321028414 -0.068444214426054917   0.94740133487230072 -0.20349693770592961 -0.77194793651231042 -0.17723791671358935 0.57556242106110589
1403715577.0121431 -0.50519883333339821 -0.13761051161873455  0.95837609074689911 -0.21153389746042414 -0.77318296448747914 -0.17585606781651153 0.57141592300501298
1403715577.0621431 -0.51348326602074146 -0.21005253225669079  0.97009709921131004 -0.22097942193148276 -0.77292735411032143 -0.17239430726611646 0.56923773871123595
1403715577.1121433 -0.52056046236728759   -0.282436065973591  0.98083897269312359 -0.23165478425699648 -0.7719697564601159 -0.16878696604247567 0.56737088058511609
1403715577.162143 -0.52662344645430659 -0.35247380754468616  0.98969919083916114 -0.24211868530556241 -0.77019529427628919 -0.16608183970057255 0.5662107146833586
1403715577.2121432 -0.53135225004529241 -0.42460996586401789  0.99746760319752892 -0.25147234144938452 -0.76808402318808477 -0.16431779871145244 0.5655159200551233
1403715577.2621431 -0.53738433305173317 -0.49569412087977582   0.9996405338275679 -0.25823539818733371 -0.76594916381128519 -0.16419097981927627 0.56540045960877006
1403715577.3121431 -0.53949165472601235 -0.56664593122727713  0.99449477058406988 -0.26261245469527761 -0.76457001990725382 -0.166614831752665 0.56454130153423987
1403715577.362143 -0.54141498806172528 -0.63621340225323064  0.98543040002854287 -0.26442149676511739 -0.76371668762959333 -0.17120484540814598 0.56347758961058081
1403715577.4121432 -0.54116260056290966 -0.70392215987687623  0.97148434929417538 -0.26546116523048036 -0.76317390676157182 -0.17604495237212961 0.56223138700809838
1403715577.4621429  -0.5420919586543621 -0.77316927173432926   0.9566126938542403 -0.2660237334075089 -0.76313834119762858 -0.17962173429512049 0.56088080554327724
1403715577.5121431 -0.54160916475543552 -0.84185019271891892  0.94127848154505933 -0.26655617058590331 -0.76283427752596389 -0.18243603472965139 0.56013281120296932
1403715577.5621431 -0.54156613227028028 -0.90897971673650202  0.92696766505416717 -0.26698295261945576 -0.76284424849200272 -0.18454659650449207 0.55922384540707604
1403715577.6121433 -0.53607976429757254 -0.97657498981873081  0.91285294847873266 -0.26838177005583763 -0.76263259417350393 -0.18558300690204968 0.55849950703208429
1403715577.662143 -0.53327569397017405   -1.047551472434944  0.90648982976550052 -0.26918463758872868 -0.76252223287221221 -0.18579532535706331 0.55819313175393293
1403715577.7121432 -0.52956431110605207  -1.1148281567856853  0.90292086459608978 -0.27122649965336926 -0.76271452561467057 -0.18384953887955852 0.55758594436727205
1403715577.7621431 -0.52491933032852323  -1.1817870478275325  0.90222744216339923 -0.27426342956594824 -0.76210200347890722 -0.17997353456103887 0.55820214470545204
1403715577.8121431 -0.52043273737268803  -1.2490971227998502  0.90302682438578097 -0.27873393470983515 -0.7602677706523262 -0.17637028436566812 0.55963723369812413
1403715577.862143 -0.51380930047230633  -1.3149476966482929  0.90109967803263569 -0.28492284252311834 -0.75828207556236671 -0.17277007999844377 0.56033719057966058
1403715577.9121432 -0.50716602186083903  -1.3762903468632315   0.8956867893992484 -0.29172687352466803 -0.75601941428957764 -0.17066706671313631 0.56053798160365587
1403715577.9621429 -0.49736938060426977  -1.4403366053650526  0.88580508928105073 -0.30048005395242627 -0.75371950706471158 -0.16888999548228328 0.55954875683256555
1403715578.0121431 -0.48675418012816968  -1.4989868608758132  0.87197836551106822 -0.31130283138147474 -0.75140583860329135 -0.16678663016212947 0.55737064228924249
1403715578.0621431 -0.47410194466093158  -1.5587696579402071  0.85457204130487818 -0.32355314751171066 -0.74927145209866064 -0.16452096785432821 0.55393005239064685
1403715578.1121433 -0.45982504323190082  -1.6165669336449728  0.83233422062685902 -0.33936542581681545 -0.74775117845827022 -0.15885953814194323 0.54814498995773775
1403715578.162143 -0.44321835266706472  -1.6706329623343805  0.80636989770118694 -0.35877683637131491 -0.74586670746991823 -0.15076434378408954 0.54058500627998107
1403715578.2121432 -0.42379939150837426  -1.7285820532425786  0.77920024469028626 -0.37564892314890713 -0.74210824753407056 -0.1491747516761287 0.53470564700715706
1403715578.2621431 -0.4029853464444772 -1.7724197910811137 0.75301320256186866 -0.38836154875472939 -0.73756169703176278 -0.15657352600950225 0.52977616166962982
1403715578.3121431 -0.37937311245189576   -1.813717967970609  0.72819458442298746 -0.39966664064340396 -0.73227725267537458 -0.16706239785682644 0.52547764633079252
1403715578.362143 -0.35277872160642715  -1.8505198106046856  0.70432775819664151 -0.40965129653245919 -0.72677034103846661 -0.18090288838913174 0.52083090500523843
1403715578.4121432 -0.32483955812494564  -1.8884131057847076  0.68147871007603444 -0.41918647816553367 -0.72170034503414493 -0.19561697281295917 0.5149420437760609
1403715578.4621429 -0.29523440929221018  -1.9172807503627458  0.65774965776391325 -0.42848360567662969 -0.71806698590272544 -0.21069831291283897 0.50634753318112746
1403715578.5121431 -0.26433947598446134  -1.9383322021011717  0.63683044880632589 0.43764581203720748 0.71686664922562215 0.22481809884439974 -0.49398904124111082
1403715578.5621431 -0.23338106590758365  -1.9562312149335335  0.61373787916896183 0.44590400866175878 0.71901536492803297 0.23860367573688324 -0.47671249824357459
1403715578.6121433 -0.20203101516244409  -1.9748667371616113  0.58842979331099499 0.4551229335220246 0.72388861113188629 0.24689263009102788 -0.45595221598605112
1403715578.662143 -0.17149333115259929  -1.9924061775680872  0.56266202376619379 0.46309790592288624 0.72951435267866138 0.25275651683502026 -0.43527380114486491
1403715578.7121432 -0.14250442274571906  -2.0068070597164311  0.53774480561471816 0.4712383306576125 0.7339431687415946 0.2556162351075339 -0.41703980760357151
1403715578.7621431 -0.1204407467069163 -2.0209235128926433  0.5105522250350184 0.47934761069231996 0.73586705765290306 0.25862819974603474 -0.40228969149227323
1403715578.8121431 -0.097741322337171921   -2.0261935158841808   0.48565438213047513 0.48563373930061809 0.73636508979005932 0.25922567994355494 -0.39335527535445469
1403715578.862143 -0.07778449074738715  -2.0208573447003899  0.46559259801673475 0.48936902472039207 0.7357303517081033 0.2614649170721482 -0.38840044330579437
1403715578.9121432 -0.063321215236519138   -2.0111055909704829   0.44333422064321848 0.49041534914306317 0.73334604712901241 0.26794268912137853 -0.38717318583748045
1403715578.9621429 -0.059222259914191708   -1.9868576840354422   0.43324883076867587 0.48578054793258679 0.7309865719332983 0.279798574538832 -0.38908694219873075
1403715579.0121431 -0.051308858538197978   -1.9688872462269806   0.41677382703274807 0.47821768804389531 0.727585133514557 0.29440384791105967 -0.39402295702879747
1403715579.0621431 -0.050004203081189448   -1.9428042043791922   0.40256365578427444 0.4678464598924455 0.7258098756457908 0.31124967085978739 -0.3967913264813408
1403715579.1121433 -0.050593308816829829   -1.9176536604096124   0.39314963521663948 0.45472417168452139 0.72443022895559162 0.33027500454648928 -0.39918065137603015
1403715579.162143 -0.060415682968189235   -1.8856831231209601   0.38246404409219475 0.44152510909933451 0.72198503299760541 0.34941188454735911 -0.40212501178032978
1403715579.2121432 -0.073926375821049176   -1.8566022889880485    0.3789589146165292 0.42577166461836785 0.71946487450682428 0.36946853399912216 -0.40568680819509406
1403715579.2621431 -0.091220401067579726   -1.8305867019065463   0.37603425352699277 0.41649558575950119 0.71549809460890579 0.38178919994515964 -0.41089038740168954
1403715579.3121431 -0.11503328557997076  -1.8048773111489766  0.37404030656868875 0.41123354360450493 0.71214035531962661 0.38930228614934853 -0.41495399376148751
1403715579.362143 -0.14381953676249642  -1.7817515572164939  0.37000878806102205 0.40893593410272028 0.71075196511620353 0.39247823282594074 -0.41660998864743676
1403715579.4121432 -0.17776537915940369   -1.760307112269053  0.36543034034028388 0.4105769114704077 0.70970757889218394 0.39157107693237492 -0.41762883514005078
1403715579.4621429 -0.21693233198926956  -1.7417761602596564  0.36108848657843995 0.41376371192086775 0.70885280105198967 0.38834477325858585 -0.41894586072779288
1403715579.5121431 -0.25886304115601849  -1.7315812832249735  0.35897645744419321 0.41880140415695349 0.70971459504783951 0.38011559932317718 -0.42002703318170764
1403715579.5621431 -0.30717033593783816  -1.7172852210417719  0.35839180831836936 0.42778545980105426 0.7087415039437639 0.3689791818195351 -0.42253928143323988
1403715579.6121433 -0.36009842314203611  -1.7024516622392765    0.354338640342934 0.43129108535092875 0.70785890412012931 0.36369059615229382 -0.42503284793655255
1403715579.662143 -0.41662775059408896  -1.6882195115322931  0.35311753896601972 0.43256454247806086 0.70599947239441607 0.36003749976880761 -0.42991354983272867
1403715579.7121432 -0.47662606380530287  -1.6749863667619675  0.35227823540841924 0.4337025662618903 0.70316545704471423 0.35658373966446277 -0.43624357948725795
1403715579.7621431 -0.53973265524907044   -1.662050501669365  0.35372794520933803 0.43367714660124446 0.70013371302123728 0.35439596464695527 -0.44287742847073697
1403715579.8121431 -0.60501216293143756  -1.6495950604339034  0.35845235704654937 0.43129950716680909 0.69934440266138564 0.35475452136017394 -0.4461472527746545
1403715579.862143 -0.67337692056722442  -1.6377627570429674  0.36540191783568182 0.42848423835134486 0.69825567960697388 0.3579163014078795 -0.44803591883639765
1403715579.9121432 -0.74369483068238607   -1.627756411021309  0.37449878844628959 0.4284003572455316 0.69705633073872231 0.35911487758995508 -0.44902350760569465
1403715579.9621429 -0.81655717534410377  -1.6183798393799276  0.38445778405088615 0.43252639736805304 0.69286877425208626 0.35818777928945733 -0.45227789246646999
1403715580.0121431 -0.89116500349478522  -1.6105100043198026  0.39311824500004217 0.43906853228776999 0.6874639047350245 0.35750862714270004 -0.45475244381935809
1403715580.0621431 -0.96640300819610903  -1.6036277187463888  0.40030968662437083 0.44709645196279196 0.68087773226894444 0.35816351317177691 -0.4563213496813765
1403715580.1121433 -1.0422267750667036 -1.5974617239938973 0.40462846568424082 0.45651949988604673 0.6733730570957227 0.35979294662393047 -0.45684538715086542
1403715580.162143 -1.1184276148656385 -1.5918528531527465 0.40479464203769938 0.46696814993842778 0.66528259012558122 0.36253871629224349 -0.45596655733513208
1403715580.2121432 -1.1954325790649962 -1.5877155697689369 0.40210937587585893 0.47785054812946876 0.65675806293470618 0.3659730680590666 -0.45430321799218287
1403715580.2621431 -1.2728244214263553 -1.5843719658152002 0.39744286633371934 0.48905114850415832 0.64815390928898331 0.37012945414276482 -0.45136423340374576
1403715580.3121431 -1.3503084436650115 -1.5824248748365926 0.39230010905170093 0.50129970417410874 0.63804821330303163 0.37354203471522018 -0.44951021389571727
1403715580.362143 -1.4275885597061695  -1.581484805240795 0.38531500218147124 0.51504606459038715 0.62608437864428468 0.37573346973343219 -0.44896576917358738
1403715580.4121432 -1.5047781625686776 -1.5802169205937813 0.38003439698369462 0.52870149730755267 0.6144853440864555 0.37834017259706543 -0.44692415737675811
1403715580.4621429 -1.5810016245124492 -1.5811590249893803 0.37579256120688775 0.54253060640513973 0.60217227684855079 0.37996270876288535 -0.44573246466717525
1403715580.5121431 -1.6559756717354912 -1.5829388975773215 0.37199503986189536 0.55538550509428464 0.59116933393277427 0.38099529000063692 -0.4437435614698842
1403715580.5621431 -1.7295351419048917   -1.58518857171226  0.3680299057026365 0.56724275069481578 0.58145664285529441 0.38055304019943592 -0.44195386394803299
1403715580.6121433 -1.8013981733442728 -1.5885531352407696 0.36391394856086229 0.5788768724444523 0.57302751188190049 0.37718759555907139 -0.44076133556805347
1403715580.662143 -1.8710096884775622 -1.5925273674231242 0.35956136868959604 0.59044104212296245 0.56478495281756125 0.37214653108053752 -0.44034565088386857
1403715580.7121432 -1.9376879609084077 -1.5957051509533517 0.35498922962912016 0.60129478927684477 0.55738637432426008 0.36611668512086754 -0.44014040825886291
1403715580.7621431 -2.0015871496839281 -1.5983456489052745  0.3500411374859887 0.61078198308228104 0.55100573375344464 0.3605844922849557 -0.43967814869118205
1403715580.8121431  -2.061724969653099 -1.6006955339775002 0.34428828248180365 0.61983882140738089 0.54354829957350237 0.35428245000660358 -0.44140573979546482
1403715580.862143 -2.1174617982134594 -1.6022758316545938 0.34144315792228619 0.62895383386362191 0.53676561141265622 0.34586080651073631 -0.44348625208995129
1403715580.9121432 -2.1685343674493986 -1.6035084592791857  0.3391899738024105 0.63848913400809493 0.52950272475582505 0.33483227991368614 -0.44704120006723425
1403715580.9621429 -2.2128381737764804 -1.6018145276241571 0.33399571229918851 0.64707657307877753 0.52388219365166022 0.32453442770312269 -0.44890618282972733
1403715581.0121431 -2.2491692726244747 -1.5971108477870595 0.33329098480797165 0.65148158670185752 0.5235973460364598 0.32039182558056134 -0.44583252406387008
1403715581.0621431 -2.2802115352943795 -1.5921360580122101 0.33199572790383108 0.65488520717365895 0.52646300506262811 0.31692420126237153 -0.43991035493580821
1403715581.1121433 -2.3051559963204022 -1.5866506974436787 0.33225879844115347 0.656778477066147 0.53086724075078007 0.31624829963457129 -0.43221408785296239
1403715581.162143 -2.3234364876751483 -1.5774302251052956 0.33446130017584391 0.65621930673928142 0.53528573254934109 0.31972075377730647 -0.42499887717005014
1403715581.2121432 -2.3354397397717426 -1.5668345092599671  0.3380293499441937 0.652632290951212 0.54017231626244755 0.32806902694618184 -0.41791826367128326
1403715581.2621431 -2.3457143221990826 -1.5585245656240367 0.34495054061648966 0.64833859605289901 0.54215832808305431 0.33577398270186382 -0.41590533141433966
1403715581.3121431 -2.3486400157348659  -1.542148498768968 0.34972072266678317 0.64407216428256109 0.5427705966221591 0.34091745011570995 -0.41754810363047473
1403715581.362143 -2.3450348828784304 -1.5252022763706361 0.35515032284520681 0.63844677822054519 0.54513646090971968 0.34425682518580752 -0.42035602610123268
1403715581.4121432  -2.342107295457458 -1.5055635346882004 0.35955224780931311 0.63150128667803695 0.54965385888747997 0.34684455850983598 -0.42283047733838081
1403715581.4621429 -2.3345109310393557  -1.484585759890886 0.36313724045201062 0.62206008448826078 0.55759713765005392 0.35049767036631468 -0.42341240704390221
1403715581.5121431 -2.3240532832127818 -1.4626931103168852 0.36632931462995483 0.60863690391074499 0.56845078538885219 0.35772655961450883 -0.42244115842932151
1403715581.5621431 -2.3162752037580856 -1.4349613274160919 0.37136917503554928 0.59321786920223052 0.5807279548842379 0.36529036925198272 -0.42120131553318568
1403715581.6121433 -2.3046638664880428  -1.408969534217283 0.36910184200949181 0.57718988618977041 0.59377927754574367 0.37098375152999369 -0.42029639653252637
1403715581.662143 -2.2917167343080482 -1.3845388962376153 0.36451288222822553 0.56090123321907803 0.60669398900796334 0.3746791042565345 -0.42062783919807756
1403715581.7121432 -2.2795697226007614 -1.3579794616929142 0.35662834654480385 0.5443239522722404 0.62058352495472369 0.37647774907732506 -0.42053778425626442
1403715581.7621431 -2.2678989060455126  -1.331561248789519 0.34771956275868637 0.52661574790553256 0.63497153527736272 0.37751464353659608 -0.42067766444255456
1403715581.8121431 -2.2577301007340189 -1.3047212391006293 0.34016279845746739 0.50815979075909967 0.64912667231284027 0.37802193758387581 -0.42131651409962445
1403715581.862143 -2.2494855151320583 -1.2781346808057537  0.3350314710683957 0.49103284369823919 0.66227307446968486 0.37580013149257013 -0.42314936182423685
1403715581.9121432 -2.2435233441290268 -1.2542522434023724 0.33067019437007045 0.47695626223493093 0.67249165850523851 0.3690432328202003 -0.42903937519226926
1403715581.9621429 -2.2394093945225375 -1.2278852217043896 0.33060347364021964 0.46688451480304088 0.67972651959819397 0.35805756519889742 -0.43793320083763054
1403715582.0121431 -2.2396033765922914  -1.200813250887641 0.33438194022773449 0.45536857569178985 0.68355858183271778 0.34985319676327131 -0.45054396698856597
1403715582.0621431 -2.2411541065445637 -1.1762657081479964 0.34104549379846322 0.44413657574439691 0.68442709104325472 0.34183358178302253 -0.46631755435271766
1403715582.1121433 -2.2447272076334848 -1.1538066799606901 0.34925789939782792 0.43142302305889269 0.6850234912731743 0.33722770475335162 -0.48051479345117354
1403715582.162143 -2.2474599747504205  -1.131560846910584 0.35724234050268572 0.41998252787613566 0.68536252796838504 0.33275967952748636 -0.49311649456930573
1403715582.2121432   -2.25101893876626 -1.1129299743880832 0.36260437379437038 -0.41073387164867403 -0.68521242468350407 -0.32860460178560019 0.50378629936231012
1403715582.2621431 -2.2556436580907331  -1.096626305863017 0.36400142964659177 -0.40431611149209568 -0.6879950892410438 -0.32467624772442555 0.50771702091982995
1403715582.3121431 -2.2587466315923437 -1.0800181479508415 0.36073142191787111 -0.40121129756887275 -0.69349296750968925 -0.31919746830167528 0.50617188281008607
1403715582.362143 -2.2636551336786237 -1.0698321404023214  0.3547069528123718 -0.3996428029582732 -0.69962541312462367 -0.31413069162138463 0.50212729455320892
1403715582.4121432 -2.2676520453609106 -1.0563160867385719 0.34859876771242954 0.39919652363485586 0.70538816148736483 0.31005289017743576 -0.49692744183023357
1403715582.4621429 -2.2730709414014618 -1.0456964142924361  0.3418307203761427 0.40027193102091568 0.71140294303979379 0.30541625920894327 -0.49031535003701726
1403715582.5121431 -2.2781720904075158 -1.0297755553080861 0.33849969077901287 0.40241846321991953 0.71684073227020806 0.30159836355805048 -0.48294634496715716
1403715582.5621431 -2.2854531512872445 -1.0269960050696354 0.33504233398916644 0.40431252533437506 0.72063979006034473 0.29791206570385503 -0.47797288202112947
1403715582.6121433 -2.2926789105126617 -1.0176701650577282 0.33584548342094883 0.40653559432210168 0.72366521879994161 0.29568108603269122 -0.47287435647425041
1403715582.662143 -2.3012498789879485 -1.0128433712699445 0.33841309731983571 0.40898181090163455 0.72560690164646779 0.2937296009498529 -0.46898979110474581
1403715582.7121432 -2.3122440622828528 -1.0033446099184362 0.34536410040171778 0.41222650013786583 0.72673535944767453 0.29246721020156952 -0.46517519373829097
1403715582.7621431  -2.3251219507704519 -0.99212833217526186  0.35113893658572037 0.41557818479019759 0.72702795449058932 0.29228641596435628 -0.46183739211807595
1403715582.8121431  -2.3378034537089545 -0.98716428441596105  0.35473179113556275 0.41915971550454012 0.72803947402101443 0.29112948831179414 -0.45771965022344258
1403715582.862143  -2.3546864119187449 -0.96831136991830846  0.35226184853773018 0.42431001562229431 0.72906312855134603 0.28996881730844565 -0.45204651333493689
1403715582.9121432  -2.3712511997337473 -0.95363429637831643  0.34809804149011409 0.42878836148760763 0.73100109309077554 0.28879318917740948 -0.44539469781038604
1403715582.9621429  -2.3898577615597696 -0.93779231744580738  0.34080041564493191 0.43349290186588996 0.73267789969343755 0.28712284113328079 -0.43912125140131375
1403715583.0121431   -2.410050411798264 -0.92583106696925233  0.33071491282040627 0.43763967213709304 0.73398023057288098 0.28557343913819899 -0.43381142142490869
1403715583.0621431  -2.4327446102044989 -0.90761154219890339  0.31736579290655975 0.44085418058547832 0.73437372646715293 0.28525212030437613 -0.4300860950983087
1403715583.1121433  -2.4581154227427349 -0.88659792637402224  0.30370659947902728 0.44343032908372337 0.73208877998238608 0.28622592249901208 -0.43068582837399222
1403715583.162143  -2.4874047634517229 -0.85938038226669222  0.29186870676694543 0.44262151882943096 0.72548300283580791 0.29204614034075771 -0.43871363732796531
1403715583.2121432  -2.5180555657260717 -0.83111802339046381  0.27991519454774982 0.44121817973839411 0.7167190200500142 0.29828451838674314 -0.45018519551144082
1403715583.2621431  -2.5495001323875006 -0.80295429241758953  0.26923515841040752 0.43928428907690498 0.70600647680738193 0.30380502613104682 -0.4650663115876485
1403715583.3121431  -2.5824820029503801 -0.77274847661495072  0.26034273992953583 0.43744385648186834 0.69525649060881989 0.308734934287065 -0.47952479085375804
1403715583.362143 -2.6149504925313218  -0.745855376979639 0.25155633440693964 0.43490531143048872 0.68417663225546277 0.31297738417412224 -0.49477758938804706
1403715583.4121432  -2.6467327072140789 -0.71633773953541491  0.23941706672180968 -0.43266886654513159 -0.67353967257356739 -0.31646552317373455 0.50891210835901457
1403715583.4621429  -2.6776882838206926 -0.69005271137303414  0.22642358167742074 -0.42980558551563181 -0.66442824377037013 -0.31965691938113766 0.52117340821606339
1403715583.5121431  -2.7073238852540813 -0.66653942864372451   0.2138940760936614 -0.42565311526965233 -0.65654047156887541 -0.3237282597871215 0.53195305100033108
1403715583.5621431  -2.7344537128647017 -0.64650728824802295  0.20254347767690836 -0.42097916899221222 -0.64818740625509563 -0.32772600699991733 0.54334638121810297
1403715583.6121433  -2.7579909283070689 -0.63026954457724149  0.19176346598962554 -0.41352192410587829 -0.6368861812609633 -0.33444079892717837 0.55814421291951988
1403715583.662143  -2.7786332362907404 -0.61649976828746822  0.18187449936609604 -0.40412383501376653 -0.62482596050828909 -0.3441418198169327 0.57257563072641326
1403715583.7121432   -2.797020836321908 -0.60960282242734265  0.16957763754928026 -0.39419038005700296 -0.61288335141254957 -0.35329641439075249 0.5866596844938935
1403715583.7621431  -2.8104919140712878 -0.60788140945179236  0.15795868276696751 -0.38483220215501668 -0.6024760162212347 -0.3617022601719927 0.59841315247008331
1403715583.8121431  -2.8189777781710434 -0.61546222278037233  0.14851025638058449 -0.37653576771506497 -0.5936015457390893 -0.36859646143513541 0.60827187107812841
1403715583.862143  -2.8240375242485798 -0.62997965430613345  0.14072031959877826 -0.37109770929906044 -0.58699689982362702 -0.37177599298528047 0.61603874942267189
1403715583.9121432  -2.8237808508050395 -0.65340914288224339   0.1375610884740241 -0.37006109994940473 -0.5845292671697675 -0.37086255027520598 0.61954926110002073
1403715583.9621429  -2.8182614717771979 -0.68836902729568128  0.13885734860680704 -0.37232982347744548 -0.58431376794282919 -0.36604000557958966 0.62125891338233685
1403715584.0121431  -2.8051665458411414 -0.73633223393421587  0.14425871087780917 -0.37757971017064729 -0.58644654398641016 -0.35751212777886354 0.62104677118947738
1403715584.0621431  -2.7851198806675344 -0.78978713993628269  0.15561043466274194 -0.38537601039644148 -0.59159034923029297 -0.34733315864688996 0.61714331091965702
1403715584.1121433  -2.7599992851207258 -0.85162001211074589  0.16996700090864697 -0.39556034180118754 -0.59981873058825064 -0.33424904916524584 0.60994022622037025
1403715584.162143   -2.724440793978816 -0.92136914522159075  0.18792904364937135 -0.40679917738390498 -0.6105651654451465 -0.32115918471685639 0.59881665482576818
1403715584.2121432  -2.6881624663716006 -0.99553965404961831  0.20972467909861298 -0.41878422551036076 -0.62299830823736613 -0.30582264397779657 0.58563247077625158
1403715584.2621431 -2.6459046393878887 -1.0727542884811798 0.23387061221257952 -0.43073029125312551 -0.63873215911756609 -0.29111495008457428 0.56722546746709623
1403715584.3121431 -2.5967521919670133 -1.1518507273104508 0.25805090581595813 -0.44053519825094367 -0.65365696081305202 -0.2777012907269209 0.54912959291158958
1403715584.362143 -2.5468549334667645  -1.231396417413551 0.27850486426313648 -0.44884292876987913 -0.66560919550491027 -0.2656423822384012 0.53379635528101033
1403715584.4121432 -2.4965371412800579  -1.312626892324027 0.29374743475653242 -0.45374038451752396 -0.67664413234952769 -0.25792890898709586 0.51936986774703331
1403715584.4621429 -2.4418950965681443 -1.3918687031259644 0.30358854108656724 -0.45692547548629969 -0.68541779513313772 -0.25322193378258445 0.5072476793617251
1403715584.5121431 -2.3858208759584181 -1.4677980277993861 0.31051083234462862 0.45874257445601369 0.69139402597350974 0.25032741770643546 -0.49886444569044841
1403715584.5621431 -2.3280256040692908 -1.5395834693744117 0.31662155413951204 0.46028091401056953 0.69631257475665054 0.24814029213435232 -0.49164689956597624
1403715584.6121433 -2.2707920924851939 -1.6097470335631952 0.32300578524028817 0.46039468900684005 0.70031177346715312 0.24830124804562817 -0.48574338955519442
1403715584.662143 -2.2121438677371725  -1.674103477923981 0.32959854072654088 0.4581981399602616 0.70546124991049397 0.25166310869442499 -0.47858601017365554
1403715584.7121432 -2.1541640618214832 -1.7372644341427501 0.33413109153437126 0.45385169601639508 0.71208752243285456 0.25803301300556419 -0.46943472668492581
1403715584.7621431 -2.0950666286373223 -1.7951007079610066 0.33861890912448722 0.45034617997060572 0.71783227504655067 0.26417416460580095 -0.46056178070070403
1403715584.8121431 -2.0389361253176479 -1.8497456132486221 0.34661177324350795 0.44728232030040388 0.72166819496054202 0.26973212489661341 -0.45428859013609174
1403715584.862143 -1.9847506051947925 -1.8994640414945967 0.35250243829473871 0.4456141472520706 0.72444170429775445 0.27407177709856412 -0.44888407171675165
1403715584.9121432 -1.9319659842134287 -1.9461488821905808 0.35991156119054873 0.44433059993495194 0.72837962847729609 0.27743507403963968 -0.44165961381287899
1403715584.9621429 -1.8811010354573054 -1.9930669744145542 0.36712678435792262 0.44155668739918075 0.73408951340907824 0.28214826022446082 -0.43189424326818127
1403715585.0121431 -1.8333795308158316 -2.0369388596172526 0.37443428039222554 0.44189604527389176 0.73968370569999764 0.28245678715029104 -0.42168004942841336
1403715585.0621431 -1.7879879991019905 -2.0801094595936704 0.38079442186940654 0.44482563518792645 0.74410108248475126 0.27945844544269038 -0.41273079676156255
1403715585.1121433 -1.7453161586651849 -2.1241111800288697  0.3863998912464659 0.44908023332978636 0.74729203526204357 0.27478475060491542 -0.40543174382548253
1403715585.162143 -1.7084826638776676  -2.158159508997743 0.39380436327261109 0.4524434663383245 0.7501606910558225 0.27123090333956223 -0.39873254750022291
1403715585.2121432  -1.675939958678573 -2.1874759832210167 0.40186147947559275 0.45538408109578532 0.75079617024392709 0.26787662180826749 -0.39644995260460031
1403715585.2621431 -1.6475843615008849  -2.213148769543122 0.41121399250847895 0.45458783294990601 0.75029188293875582 0.26898678907287832 -0.39756521456785898
1403715585.3121431 -1.6239346215474197 -2.2328374394914987 0.42098364132243354 0.45283681902606965 0.74699976613580421 0.27154241213725672 -0.40397386442452521
1403715585.362143 -1.6037046634708445  -2.248631693199282 0.43151896430399628 0.44817830251021062 0.74415144694331137 0.27694295878814867 -0.41070358015107178
1403715585.4121432 -1.5846429702940523 -2.2608529173462872 0.44412768011523934 0.44369052734239461 0.74109200624389748 0.28153505485723085 -0.41792268078504535
1403715585.4621429 -1.5710259004475315 -2.2696434690667715 0.45512620245948254 0.43990756090023719 0.73855150273382331 0.28527681638611069 -0.42383977362326519
1403715585.5121431 -1.5604085508245054 -2.2741828314263732 0.46494271713160806 0.43539237160471184 0.73556344149325903 0.29042554086396338 -0.43015452049338265
1403715585.5621431 -1.5555524584363249 -2.2763533304724604 0.47851014591886853 0.42996540584597698 0.73250739454369485 0.29587398001311821 -0.4370597838576652
1403715585.6121433 -1.5371053462653985 -2.2926529783094955 0.48204225677967666 0.4253163191282614 0.73034586507578336 0.29945696321785514 -0.44274876987997691
1403715585.662143 -1.5343327866031675 -2.2939301235327978  0.4899744602526257 0.42214837102760983 0.72863731112585162 0.30213899401353178 -0.44675546999506949
1403715585.7121432 -1.5336592970846359 -2.2945348574205493 0.49574432057618545 0.42081104953659698 0.72851815653585106 0.30293402389218416 -0.44767212706846343
1403715585.7621431 -1.5352445842992919 -2.2941995085986027 0.49864634577673733 0.42029657785591223 0.72844191471424857 0.30267914362083542 -0.44845122315253655
1403715585.8121431 -1.5387906338025807  -2.293159187701221 0.49621926410310413 0.42205115092935314 0.72742551668229882 0.29965042938891107 -0.45048258994742568
1403715585.862143 -1.5440158408723974 -2.2916834629285101 0.48698341505540982 0.42487381289284221 0.72641947502442294 0.29509579907210676 -0.45245492459816905
1403715585.9121432 -1.5507934013936393 -2.2891871952041489 0.47246696887763612 0.43083693804272433 0.72366430981628604 0.2867681762012444 -0.45656709543538093
1403715585.9621429 -1.5584552931925266 -2.2858329586493698  0.4560557710779678 0.43776458431978227 0.71997855227450469 0.27761465632577792 -0.46143597126053909
1403715586.0121431 -1.5667633012273032 -2.2808622548572677 0.44048350613142517 0.44631196818401714 0.71466971312428296 0.26636355447202142 -0.46808469858306057
1403715586.0621431 -1.5754657267676624 -2.2740964205250784 0.42681256138061724 0.45314828305823424 0.70754364368661171 0.25786209902475443 -0.47701757171680303
1403715586.1121433 -1.5847788269752856 -2.2638567277550892 0.41704414771049186 0.45479039639601815 0.69796676394035817 0.25727841157459302 -0.48971002717754453
1403715586.162143 -1.5916718299910098 -2.2519592283949899 0.41213649269392605 -0.45217796425675061 -0.69050849624622768 -0.26176856212438415 0.50021028091766229
1403715586.2121432  -1.603704317289987 -2.2334874952187858 0.41365825389466615 -0.44709627650430617 -0.68566000187057596 -0.27071107027624547 0.50664662024010032
1403715586.2621431 -1.6065779427042826 -2.2191656251669971  0.4133934362770022 -0.43908270237273878 -0.68371568774225733 -0.28297327872825573 0.50957370648215927
1403715586.3121431  -1.606842796252729 -2.2050386073823089 0.41510009437141454 -0.4303720573664353 -0.68404967112057802 -0.29592664968702193 0.50919874084980377
1403715586.362143  -1.606652183433497 -2.1920582411453395 0.41550834416589982 -0.42058751271322536 -0.68468330719434567 -0.3097843634899482 0.50828000269166929
1403715586.4121432 -1.6061808594678042 -2.1804401493364063  0.4153369443989347 -0.41193364096468588 -0.68457773445882297 -0.32184217173597102 0.50801733968150764
1403715586.4621429 -1.6055295479322538  -2.171641739422062 0.41505699453263822 -0.40488332264227517 -0.68370949078156873 -0.33072324830027933 0.5091492514922038
1403715586.5121431 -1.6051064093753833 -2.1653858467087002  0.4149108321050955 -0.3997908583200519 -0.68285756690493093 -0.3368509118756321 0.51029822270212677
1403715586.5621431  -1.604602291058582 -2.1623844203685736 0.41456104037026692 -0.39705616754405865 -0.68168102474943082 -0.33967309486468272 0.51213237442758741
1403715586.6121433 -1.6055369170578706  -2.160668385083071  0.4170197315975544 -0.39619173042275385 -0.68059386422085844 -0.34126009148329089 0.51319163544465496
1403715586.662143 -1.6051717859505195 -2.1634140715592425 0.41812864603709893 -0.39709799947632446 -0.68116744303311816 -0.34058921475307757 0.51217485310927457
1403715586.7121432 -1.6047660402485673 -2.1708290820013723 0.41917148452783792 -0.40021633281560703 -0.68212258854688634 -0.3364847285478898 0.51118850593081167
1403715586.7621431 -1.6049465643093341 -2.1784761927620839 0.42023556661779177 -0.40618746263035305 -0.68422228699692411 -0.3291465966254421 0.50844284350210212
1403715586.8121431 -1.6075722655275964 -2.1839934852569871 0.42487291239411079 -0.41395699016032939 -0.68774583938687628 -0.31925116523406311 0.5037101986262883
1403715586.862143 -1.6084765222752828 -2.1951415970803763 0.42374305447841115 0.42210623029256766 0.69163429726687242 0.30944708710568214 -0.49770556504239122
1403715586.9121432  -1.609341240642344 -2.2063234659032585 0.42393265856809498 0.42896348379259158 0.69531233038435525 0.30173048234031774 -0.49141612592046618
1403715586.9621429 -1.6102019609877873 -2.2182148394653876 0.42448453818282489 0.43369742455732635 0.69814981427859124 0.29688173333693524 -0.48616315899702617
1403715587.0121431 -1.6110858666281975 -2.2299717932385623 0.42561675724848758 0.43689614722746162 0.6993944954485779 0.29407078112804474 -0.48320955284511002
1403715587.0621431  -1.611906795023744 -2.2410226688286659 0.42696673608241931 0.43919900562150593 0.69957177011085658 0.29258122211556536 -0.48176737165400235
1403715587.1121433 -1.6126623786339505 -2.2512146919857599 0.42932342847947724 0.43960521540175934 0.6985039368623569 0.29345491926145573 -0.4824144640665472
1403715587.162143 -1.6137129055927455 -2.2609487608014547 0.43332721741678321 0.43618052786821898 0.69698473245524728 0.29855420496706653 -0.48458664501755722
1403715587.2121432 -1.6154195398052342 -2.2696893726886285 0.43947713079070194 0.43119312436641177 0.69457600949217346 0.30476442749170285 -0.48862593082307354
1403715587.2621431 -1.6167953903940875 -2.2784711272273164 0.44696765206869438 0.4267535988590257 0.69281845198916414 0.3094557023351201 -0.49205805220165394
1403715587.3121431  -1.618077155607601 -2.2885099153343766 0.45484146163999101 0.42295234117194774 0.69152579788766644 0.31192504008261523 -0.495586679928399
1403715587.362143 -1.6205334121993127 -2.3000220505136073 0.46316937619014747 0.42210150160813997 0.68999444284597178 0.30950851687830983 -0.49994246585144131
1403715587.4121432 -1.6219760374449674 -2.3136280247926369 0.47219513573541144 -0.42270787680396826 -0.68753306051250851 -0.30487512178698772 0.50563574013864365
1403715587.4621429 -1.6240138999921057 -2.3263452855389239 0.47905513146204709 -0.42548909015532554 -0.68540433390585775 -0.29888723842068471 0.50975126476656984
1403715587.5121431 -1.6258685182728192 -2.3400113190496934   0.486017347055614 -0.43024505394183826 -0.6833197080475979 -0.2928340169801697 0.51206601981735522
1403715587.5621431 -1.6252967524325437 -2.3537859338612832 0.49337090484195967 -0.4371974714761413 -0.67985590925442663 -0.28672301624631324 0.51424140784394456
1403715587.6121433  -1.622634531281091 -2.3677242350712948  0.5011127081529172 -0.44611908714664428 -0.675784798120876 -0.28130615711183771 0.51493641615556951
1403715587.662143 -1.6173967611545761 -2.3809275419122242 0.50894127897994945 -0.45611060652729546 -0.67147627469903948 -0.27766930388749195 0.51379225841602405
1403715587.7121432 -1.6087947184002978 -2.3939759027535521 0.51686137564112944 -0.46654442933097562 -0.66796562598830844 -0.27629473820858325 0.50972486264310479
1403715587.7621431 -1.5972679960340332 -2.4062831482876317 0.52548640734994045 -0.47752559662877231 -0.66307375609227059 -0.27793811482585185 0.50502762585137317
1403715587.8121431 -1.5819235177153688 -2.4167260603633496 0.53393840154874739 -0.48899641400407706 -0.65642640997677759 -0.28245186776957204 0.50020777459934884
1403715587.862143 -1.5644058372400025 -2.4259361120592993 0.54294477086360804 0.5000943720835046 0.64844360244505872 0.29040326498443664 -0.49506813384104914
1403715587.9121432 -1.5426858948713134  -2.433415638828913 0.55270254044309397 0.51041683153609374 0.63995892579628633 0.30244359045584823 -0.48831865208129566
1403715587.9621429 -1.5185777291482023  -2.441668380698522 0.56297842046904745 0.51938943346580357 0.62992775096861142 0.31820942479382475 -0.48183856937368752
1403715588.0121431  -1.493226711184005 -2.4465822266542152 0.57017763815648503 0.52778026640651943 0.61886698729355794 0.33544135255273166 -0.47532172412761914
1403715588.0621431 -1.4653563382934613 -2.4555050949325783 0.58012884954108823 0.53515694589566676 0.60721632916084667 0.35293210870944625 -0.46939780517377
1403715588.1121433 -1.4360688254951082 -2.4651505223462724 0.58805063820966685 0.54258106443827891 0.59531689808394994 0.36990442207890539 -0.4630057212337656
1403715588.162143 -1.4055463145451448 -2.4753577707503287 0.59211450129181775 0.55028309277131904 0.58250171217155966 0.3863648866669262 -0.45673016922258031
1403715588.2121432 -1.3741370326884805 -2.4871619266317064 0.59122752654778465 0.55824489045002768 0.56928488054972615 0.4016354332567576 -0.45051786403712918
1403715588.2621431   -1.34299667005062 -2.5009774030420595 0.58339883936357673 0.56747309294791914 0.55571406314138549 0.41438241107247153 -0.44434602079998425
1403715588.3121431 -1.3123433925145001 -2.5156497923732482  0.5689761817279112 0.57799081763126958 0.54210843569421585 0.4248582274615722 -0.43765345336386596
1403715588.362143 -1.2805523697751668 -2.5327954821537215 0.55124877723903831 0.5884476859825154 0.52881701546009752 0.43442430643581476 -0.43053154007512534
1403715588.4121432 -1.2497043423761358 -2.5528087369965728 0.53324436640086037 0.59824270810566249 0.51654373361838002 0.44374805242981569 -0.42234571079002659
1403715588.4621429 -1.2149484303788702  -2.576600061281046 0.51754386432423716 0.60730925791286894 0.50494196442035488 0.4523289626753057 -0.41425546145550723
1403715588.5121431 -1.1851235284087915 -2.6007826138860932 0.49820817438528586 0.61727530211434622 0.49410608239138226 0.45887620838295451 -0.40529372820655191
1403715588.5621431 -1.1597308896051783 -2.6219895547060377 0.47390917269368377 0.626885109256196 0.48285596448376999 0.46551184876640539 -0.39643901928717745
1403715588.6121433 -1.1269736189755504 -2.6516268922409245 0.45586940673358783 0.63732568057473449 0.47275816356181133 0.46980842369519682 -0.38677608598600016
1403715588.662143 -1.0933317654948944 -2.6840202294515598  0.4392934023549756 0.64883246009267981 0.46367310598572375 0.47158936826255021 -0.3763338375131336
1403715588.7121432 -1.0622854881567481 -2.7168806493497208 0.42162163973127442 0.66055398665529286 0.45591112346190199 0.47289532996347505 -0.36357046788242015
1403715588.7621431 -1.0374099216201931 -2.7445412587242042 0.40530445336852183 0.67287536894370692 0.44840600286870785 0.47311273155069955 -0.34976440314133517
1403715588.8121431 -1.0041079216267785  -2.780405358010849 0.38770752524762397 0.6852178450681522 0.44263625983320054 0.47235432618595291 -0.33381287694522466
1403715588.862143 -0.96824019056793675  -2.8142182180271744  0.36709214153669578 0.69822859684370453 0.43764631016605127 0.47003324606267588 -0.31624560288404974
1403715588.9121432 -0.93502001285398229  -2.8496425465310127  0.34858882678414882 0.71137955326086411 0.43329326549583197 0.4665058220866955 -0.29760442744950572
1403715588.9621429 -0.90026859031503204  -2.8827090643431048  0.33012025678508916 0.72417592634710837 0.42821320536519691 0.46251119257786011 -0.27979648888143105
1403715589.0121431 -0.86653866422564363  -2.9142693599601852   0.3110048013225663 0.73609660936768717 0.42251368046334742 0.45898640996056195 -0.26263177067945537
1403715589.0621431 -0.82904189625486391   -2.942136089917947  0.29201999959310559 0.74709044195471175 0.41464950841907555 0.456035678647639 -0.2489038298381924
1403715589.1121433 -0.78977204738500817  -2.9659659799964082   0.2756789338246225 0.75549026722355095 0.40631469825262456 0.45580091318489174 -0.23746231207116883
1403715589.162143 -0.74653847870868073  -2.9862313843059716  0.26179715130922943 0.76292178754008055 0.39808002696301109 0.45537159140518241 -0.22829663153644725
1403715589.2121432 -0.70554165640818356  -3.0038413827374746  0.25568407525377329 0.76862986471806916 0.38976136821374446 0.45680682572096576 -0.22050335799340567
1403715589.2621431 -0.66130481352459647  -3.0166528681715383   0.2489589650997083 0.77404176030875771 0.38153046823284514 0.45832630683719222 -0.21267546066513082
1403715589.3121431 -0.61839867142021432  -3.0259539908243691  0.24955986989257781 0.78038394623432694 0.37328873028275528 0.45780851185119886 -0.20510433145162618
1403715589.362143 -0.57072341001330584  -3.0322566197327694  0.24890834882960464 0.78714877669574168 0.36586926664708219 0.45603806803605573 -0.19638167829883096
1403715589.4121432 -0.5240857306434944 -3.0331262744838785 0.25524089024926949 0.79400138724465541 0.3570707665773607 0.45406793369634857 -0.18943224724989988
1403715589.4621429 -0.47366750620107195  -3.0290406358208957  0.26002721665889583 0.80075376097270112 0.34799726099190736 0.45198456316177782 -0.18276015783989033
1403715589.5121431 -0.41981660175455948  -3.0135522810432964  0.26369891975959081 0.80688326086057183 0.34007240814831979 0.45003029966458818 -0.17539352879457681
1403715589.5621431 -0.36447564290101958    -3.00064358504663  0.26835990681636934 0.81133855952615086 0.33398139857401932 0.44924441080743421 -0.16842098025737168
1403715589.6121433 -0.30566470953666119  -2.9824846976874877  0.27561129463850614 0.81509819958844998 0.32908359570187445 0.4481075180590568 -0.16284521585402767
1403715589.662143 -0.24444892779377653  -2.9598406794796239  0.28900993726449076 0.81701713571619405 0.32423371529313594 0.44916273831924353 -0.16002603637806731
1403715589.7121432 -0.17970487267679358  -2.9317750636834266  0.30678056171222551 0.81612709190011712 0.32070522272821872 0.45380918522325764 -0.15856214361727253
1403715589.7621431 -0.10865283101154821  -2.8955585296240565  0.32862846914006466 0.81090712184398439 0.31704237937393104 0.46497581584561659 -0.1603473108671464
1403715589.8121431 -0.036744979718304184   -2.8568879809353858   0.35728072307347397 0.80071447833973264 0.31332336819746659 0.4832810699707879 -0.16469425772143739
1403715589.862143 0.037414338639564698  -2.8149154598968389   0.3874785499345676 0.78884858016023507 0.30865574444039062 0.50294539737886901 -0.17174247074774834
1403715589.9121432 0.11208002395226874 -2.7702908541964373 0.41852825576779146 0.77931461906568311 0.30402254408495771 0.51778000790118406 -0.17928435686492294
1403715589.9621429 0.18585925509720175 -2.7239321719892078 0.44887158811317557 0.77120000933921129 0.30011916414059781 0.52969959463474592 -0.18600368908851078
1403715590.0121431 0.25746752887811636 -2.6776251914808649 0.47810477220603637 0.7652269859327242 0.29716958717626885 0.53790953022785637 -0.19175826904686868
1403715590.0621431 0.32981605446205969 -2.6297704817846284 0.50416718220298817 0.76080323300819186 0.29652519052965803 0.54336240537322245 -0.19495781198161558
1403715590.1121433 0.40159725797125473 -2.5826365533797357 0.52996831963465429 0.75802978900553253 0.29770940816450658 0.54622566887580004 -0.19595271350953955
1403715590.162143  0.4722946533941742 -2.5348003636612439  0.5522202756106438 0.75687019012213841 0.29999128820410131 0.54672335471218403 -0.19556665287920963
1403715590.2121432 0.53915986187688303  -2.487496643024723 0.57480593603750341 0.75776640399200079 0.30383328340393034 0.54382047745784223 -0.19425421790669911
1403715590.2621431 0.60479127546611333 -2.4395037525649812 0.59716913313848374 0.75723759936804036 0.30985486585962807 0.54165040090177385 -0.19286270611340861
1403715590.3121431 0.66805185797724187 -2.3911845955325526 0.62080897041127614 0.75544473739696072 0.3183297212899695 0.53982715741044607 -0.19119643669494713
1403715590.362143 0.72990305233077379 -2.3416459557758245 0.64665657586031411 0.75164552970883991 0.32992228364375203 0.53897672130692886 -0.18890309238665814
1403715590.4121432 0.79046716086333013 -2.2892302383170366 0.66759945319098124 0.74712962071146816 0.34282377284792825 0.53773969885443018 -0.18736383562949593
1403715590.4621429 0.84869508738311095 -2.2339102964368873 0.69070621020781131 0.74092275427657972 0.35638938330157094 0.53730196907553085 -0.18795391374666925
1403715590.5121431 0.90434182352745496 -2.1768492872547025 0.71098075894937451 0.73466022663688035 0.37093569363037204 0.53531988714440959 -0.19003599926461029
1403715590.5621431 0.95555105060823076 -2.1187111560336263  0.7390654056981828 0.72695279525909595 0.38708418060572075 0.53343237052871728 -0.19275729989263188
1403715590.6121433  1.0061330500437451 -2.0565447734964994 0.75797699091649695 0.72077511120235849 0.40279670984210247 0.52852780745607719 -0.19722171877680386
1403715590.662143  1.0526937944380359 -1.9926493068662643 0.77901409978438663 0.71671864006423847 0.41588249369288899 0.52015826256622888 -0.20686112324053263
1403715590.7121432  1.0937860133867647 -1.9273261414995544 0.79768993850384484 0.71441423672126925 0.42651895417720748 0.5088683586628836 -0.22078694175446711
1403715590.7621431  1.1343470806393363 -1.8588437387636187 0.81585451388075414 0.71036489412875559 0.43604743140685587 0.49903760994577429 -0.23707766367276062
1403715590.8121431  1.1729228998217311 -1.7886414908170207 0.83452341056529122 0.7039940667550898 0.44504748996358134 0.49138208567885983 -0.2546934069123894
1403715590.862143   1.209940190859019 -1.7165859329852526 0.85405620498132939 0.69524358934375052 0.45487526254100474 0.4858222196201456 -0.27148041905085063
1403715590.9121432  1.2428418606536664 -1.6438800661600261 0.87376985021068343 0.6846356869100525 0.4658466457451011 0.48114341003197664 -0.28768367670071276
1403715590.9621429  1.2757249492753722 -1.5701406537762312 0.89300461921491969 0.67384981690373358 0.47906056858644752 0.47522587968993779 -0.30097800444112083
1403715591.0121431  1.3077243900620277 -1.4962811993301519 0.91155455947899289 0.66332872769183915 0.49347571319722333 0.46810585312074326 -0.3120154319538041
1403715591.0621431  1.3378779295461087 -1.4235300691986046 0.93168740393694982 0.65268750347388649 0.50893345590342098 0.45944502213566957 -0.32232907393839016
1403715591.1121433  1.3621258360583239 -1.3501336102253816 0.95019492792334492 0.64083904762023658 0.52519803068328963 0.45103409939485062 -0.33175380147732864
1403715591.162143  1.3933024774408109  -1.274528466848508 0.96702336389274091 0.62725706776047951 0.54316777119185244 0.44347748736912879 -0.33888797777402047
1403715591.2121432  1.4183337162968119 -1.1998312008841951 0.98299531242178684 0.61286219011609011 0.56150412143207262 0.43592264587318535 -0.34508622742124484
1403715591.2621431  1.4410984504858568 -1.1249315872189425 0.99750225829216654 0.59658813658838583 0.5803041892405848 0.42974639953041105 -0.35021090120450798
1403715591.3121431 1.4596193420218699 -1.049016137562705 1.0081566652172143 0.57969875456528674 0.59834666569494677 0.42388705010352673 -0.35531730940347606
1403715591.362143   1.4777751974789248 -0.97199466581337735    1.021999324034186 0.56373745213154736 0.61429115788339383 0.41636845318752341 -0.36260690782269989
1403715591.4121432   1.4903339392382151 -0.89483806947993683   1.0348832663287155 0.54745648880091624 0.6296894820703588 0.40888019722450042 -0.36959374096078673
1403715591.4621429  1.5022807727402054 -0.8170612353331661  1.0467862066828992 0.53166336141885318 0.64351320265233392 0.40051359287801763 -0.37790698598581624
1403715591.5121431   1.5095690691870927 -0.73938398321738241    1.057687461791746 0.51732250271182634 0.65695304995582948 0.38998625616763927 -0.38561747670723417
1403715591.5621431   1.5123956052769851 -0.66190079448369255   1.0672138401427813 0.50301799625177757 0.66940249538925456 0.37866248651056961 -0.39431956066510154
1403715591.6121433    1.515317838442106 -0.58343180862497945   1.0719936062998394 0.49040785394776509 0.68041833502408988 0.36566707228322437 -0.40350789136918763
1403715591.662143  1.5084507897287089 -0.5086213309169112   1.076643760773615 0.47720925089022193 0.68987264942937621 0.35433913360505787 -0.41326848032496161
1403715591.7121432   1.5055666606751639 -0.42942797192039728   1.0773612998740205 0.46160866762143743 0.69917213472438833 0.34663323013775743 -0.42180702669107789
1403715591.7621431   1.4970973137805481 -0.35223155487715802   1.0724542087327071 0.44634329512576254 0.70769168964250684 0.33964579536218481 -0.4296403949816629
1403715591.8121431   1.4882353095597114 -0.27647474602980798   1.0647975144121002 0.43120663103769585 0.71629500803643309 0.33227798705492878 -0.43654741109062978
1403715591.862143   1.4763802088469931 -0.19876751093221032   1.0569509416209169 0.41706344967508546 0.72421062247828871 0.32489069056413017 -0.44274495188481788
1403715591.9121432   1.4641504322131287 -0.12124498929612591   1.0487903024218197 0.40237548085886005 0.73216072067276927 0.31820065907161016 -0.44808815212402708
1403715591.9621429    1.4483347477793513 -0.043633537178991336     1.034517530089059 0.38584314370736594 0.7404934106392479 0.31293390008588445 -0.45262230549422644
1403715592.0121431   1.4276844477559218 0.030556795413896002   1.0187034640702441 0.36798710591559597 0.74945310038761148 0.30933157323024191 -0.45521370585930765
1403715592.0621431  1.4007835043561674   0.100399463788493 0.99770187757942264 0.35006465463802849 0.75785701056751886 0.30478131899538624 -0.4584930061606764
1403715592.1121433  1.3741947689413152 0.17185512441843573 0.97590039832706355 0.33174756905635999 0.7655478472202657 0.29986207264733911 -0.4625611110212946
1403715592.162143  1.3419105669096298  0.2388365331206829 0.95591381567993516 0.31276692436298326 0.77118602612582476 0.29436732769979551 -0.4698902430522045
1403715592.2121432  1.3060868908073888 0.30540412781225562 0.93883730332897108 0.29257343661207996 0.77491068597455148 0.28880575878367803 -0.48010982769032284
1403715592.2621431  1.2675877550998205 0.36756151339403631 0.92463966646485773 0.27248443291035523 0.77914194418020022 0.28176012041896448 -0.48918432025373698
1403715592.3121431  1.2235232024988556 0.42637673221250494 0.91527268684448659 0.25254560649594726 0.78316256507127369 0.27475516788560517 -0.49737984582281797
1403715592.362143  1.1754600952714838  0.4779540346660841 0.90576497987437421 -0.23302485151269933 -0.78784689922953854 -0.26667813259966755 0.50386452102230805
1403715592.4121432  1.1271609261526485 0.52712791654126534 0.89755491006667665 -0.21282251936199925 -0.79295563422426441 -0.25783470577607048 0.50936156303923574
1403715592.4621429  1.0736886743888323 0.57135730430499487 0.89459551004488125 -0.19405960842288195 -0.79814220663253632 -0.24884519863799784 0.51321141207626997
1403715592.5121431  1.0164959501538635 0.60900024562042676 0.89318631451470165 -0.174377660678703 -0.80224365057033709 -0.24076641120300751 0.51771526132829648
1403715592.5621431 0.95916421066314173 0.64013916821475447 0.89167893277210053 -0.15457818793542957 -0.80554638922350441 -0.23268712257554974 0.52254885093269932
1403715592.6121433 0.89692479608835773 0.66406070194678379 0.88926675205689298 -0.13464169154160779 -0.80838130277058351 -0.22442955610220025 0.52727853984162687
1403715592.662143 0.83238768026638243 0.68621795624564697 0.88535416479037832 -0.11408071392971215 -0.81113837557478341 -0.21698731986487596 0.53099588453870994
1403715592.7121432 0.76582114424528247 0.70362237425960716 0.88305954572623646 -0.09406792198915076 -0.81363789709238932 -0.2080161557035369 0.53467174736845746
1403715592.7621431 0.69862166069709331 0.71171691522303948 0.88119804122302092 -0.076315359261260582 -0.81631923523058458 -0.19557140781668936 0.53809915125186403
1403715592.8121431 0.62798037513003568 0.71638700674524114 0.88023293418334103 -0.063083298701874901 -0.81893530992523467 -0.1770191218850399 0.54224504245737415
1403715592.862143 0.55706141929484976 0.71455354029383056 0.87774568878734494 -0.055227377041676684 -0.82196853555202742 -0.15141052107158154 0.54625316245893185
1403715592.9121432 0.48426870726072774 0.70846556951078321 0.87652593353571595 -0.048943034385154537 -0.82457551776899085 -0.12366566333485297 0.54989689814830289
1403715592.9621429 0.41400047147032187 0.69597216288556607 0.87354601413985933 -0.042872221369772895 -0.82646835086962611 -0.09561950533249966 0.55314459940022009
1403715593.0121431 0.33588378980029721 0.68544843214492202 0.87118353738486398 -0.034655112051706946 -0.82704666275822358 -0.068058752230416394 0.5569208624876677
1403715593.0621431 0.26158718053317181 0.67094833925391062 0.86881037954588558 -0.025214349551931404 -0.82666103122857004 -0.042729738212305343 0.56050864890481233
1403715593.1121433 0.18877145537161275 0.65342967820845232  0.8685835721424312 -0.011993642624312415 -0.82580374088823283 -0.020942780013806082 0.56344097653338465
1403715593.162143 0.11457957755696228 0.63583784038684388 0.86779926368265503 0.0043485174574337815 -0.82462315066706016 -0.0024410544299378338 0.56566049096001358
1403715593.2121432 0.04206775266265398 0.61804694690768258 0.86807877200258943 0.021702207008652285 -0.82237671493230002 0.013040755743540449 0.56837970727124809
1403715593.2621431 -0.030313562762507695   0.60080099503156226   0.86733676143755178 0.039753561140460095 -0.82054533453189837 0.026097640018264694 0.56959979067768629
1403715593.3121431 -0.10371966228831227  0.58467200117599283  0.86406508064331466 0.059317980364594264 -0.81902461289778838 0.035231362597944696 0.56959530524977631
1403715593.362143 -0.17547749352140038  0.56752471387990655  0.86304862904639101 0.081651335329104208 -0.81656409605048197 0.039311688462181332 0.57009712122627487
1403715593.4121432 -0.24038708475795925  0.54847499128142807  0.86089916679385969 0.1041223764235855 -0.81414474295489436 0.042296916954515588 0.56968222638849897
1403715593.4621429 -0.31004267837361765    0.528385668592247  0.86037562430686032 0.1269214483850479 -0.81091228883223898 0.04557384972678314 0.56941656981666933
1403715593.5121431 -0.37868321919625397  0.50606500457839831  0.85862477140877602 0.14874010278765479 -0.80773042913878457 0.049999710412101307 0.56828510857200787
1403715593.5621431 -0.4485960313994406 0.48216732714661537 0.85713514237915567 0.16715270462239609 -0.80343516871702059 0.057998496675638854 0.56849633014597079
1403715593.6121433 -0.5143326384091782 0.45510225103596286 0.85683515776402441 0.18578385438268824 -0.7969926589839692 0.0664810131201342 0.57084790957915876
1403715593.662143 -0.57750279983545172  0.42574417844699614   0.8568345953360349 0.20121741104131421 -0.78962278269262454 0.078753451132242358 0.57428678243657039
1403715593.7121432 -0.6407916964931587 0.39457533037690934 0.85635719126476095 0.21646203179449022 -0.78046651749227081 0.090558836624548222 0.57949572990152087
1403715593.7621431 -0.70124113736066573  0.35974321774430817  0.85644869179058403 0.23163299217871094 -0.77211578139081349 0.10341300807251512 0.58265695466799738
1403715593.8121431 -0.75741151326934597  0.32400103339295844  0.85680920313332687 0.24723504874634233 -0.76423205188831356 0.1159013201192962 0.58428681786651349
1403715593.862143 -0.81049141333586572  0.28669398089917347  0.85637512764612045 0.2649628483133164 -0.75732118504042523 0.12592769091853048 0.58343939562099134
1403715593.9121432 -0.85822841951692974  0.24775415805653109  0.85572699523384488 0.28180275092014268 -0.75153397093398833 0.13866377048586559 0.58013469027517628
1403715593.9621429 -0.90676598857569812  0.20727358220285566  0.85269427743007975 0.29980553447728103 -0.74693620953456963 0.15066652492691524 0.57402311682489637
1403715594.0121431 -0.95001294149236848  0.16485914084130221  0.84980689519434138 0.31817464393101058 -0.74258813208369112 0.16179756202555212 0.56670037142251528
1403715594.0621431 -0.98866469602231943  0.12119112799997131  0.84681946852471368 0.33481775361455496 -0.73912807030390049 0.17461787765980938 0.55775923511396885
1403715594.1121433  -1.0252471806223371 0.076358134731676963  0.84411282378268004 0.35055615423501707 -0.73586654125144335 0.18701882143172052 0.54830172042852743
1403715594.162143  -1.0626805300348201 0.028426010065647989   0.8438968743780304 0.36569533481065952 -0.73150978384094434 0.19954232356645271 0.53976218777198126
1403715594.2121432   -1.0929259994001601 -0.019441229830797772   0.84214350619622291 0.38021966351312209 -0.72621767998350439 0.21126739763124533 0.5323598176566916
1403715594.2621431   -1.1223209017480102 -0.068430793160683859   0.84300025762626729 0.39400838389151038 -0.72054103644067991 0.2223739085741907 0.52547868940008258
1403715594.3121431  -1.1458817422936436 -0.11977715891515577  0.84354595210109806 0.40865070589664571 -0.71351502047026516 0.23239403140642725 0.51951316662829528
1403715594.362143  -1.1683361514944055 -0.17140495016662946   0.8436570892784071 0.42298758140877574 -0.70504634812697853 0.24178433491707094 0.51529747559586914
1403715594.4121432  -1.1953178788924883 -0.22608060855094175  0.84294164086242351 0.43807676707645932 -0.69609078953932124 0.24980786062030921 0.51102093072462929
1403715594.4621429  -1.2152914992916577 -0.28046325041323805  0.84230059970755278 0.45419517119380465 -0.68613329424153158 0.25769102034403552 0.50648118132023856
1403715594.5121431  -1.2302685003355898 -0.33556282058160797  0.84293919423377595 0.47134163805292956 -0.67463967244944834 0.26425808098313508 0.50285787179877495
1403715594.5621431  -1.2427038295094608 -0.39190642078350524  0.84377524753186306 -0.48856353616873677 0.66291830031212617 -0.27133073964233984 -0.49822146477517604
1403715594.6121433   -1.252191581905582 -0.44983773996709869  0.84323756576714037 -0.50554084479091299 0.65136234785804603 -0.27902572809411241 -0.49223997105323986
1403715594.662143  -1.2607463397931298 -0.51043932204731857  0.84217980410342086 -0.52284352959951552 0.64103058796209178 -0.28614893750638554 -0.48356304078874979
1403715594.7121432  -1.2616711029102301 -0.56899969616730994  0.84217397757291257 -0.53936253144491386 0.63368245495409459 -0.29365255090356929 -0.47042829985505002
1403715594.7621431   -1.259040894741178 -0.62829381475594703  0.84008039235602305 -0.5533483532936504 0.62965283211102352 -0.3039705224852009 -0.45270833036497876
1403715594.8121431  -1.2595477453703783 -0.69421016106008915  0.83563304972498653 -0.56599774847594608 0.62505912465195079 -0.3156632590883951 -0.43509119305174337
1403715594.862143 -1.2521994891422654 -0.7580904305624625 0.83366034411095935 -0.57770663216946105 0.61916430015324087 -0.32858724736042116 -0.41823562430198136
1403715594.9121432  -1.2458025097512133 -0.82778988176781143  0.83169649516156552 -0.59027538250103795 0.61168905894372716 -0.33984999391460663 -0.40238470350900846
1403715594.9621429  -1.2360026197406089 -0.89709817748229637   0.8294082851628054 -0.60236652210586694 0.60303848370543267 -0.35034446768067457 -0.38827556474993313
1403715595.0121431   -1.221048174912533 -0.96502040349066887  0.82861673516869949 0.61484190320375542 -0.59211601602326636 0.36004802466617919 0.37647506898532007
1403715595.0621431 -1.2086590722607453 -1.0385551231199046 0.82730851829052221 0.62721679711644263 -0.58059107016919631 0.36858322466801435 0.36559472800918075
1403715595.1121433 -1.1952450812809925 -1.1147168503255498 0.82588225252126402 0.63776569381540293 -0.56879856072734969 0.37908207882234685 0.35499280925447096
1403715595.162143  -1.180036691276116  -1.192947503410442 0.82498237395421004 0.64568234977352013 -0.55704198934843707 0.39280678025735788 0.34424026301048682
1403715595.2121432 -1.1616761754972214 -1.2691805732590504 0.82673731520085958 0.65451708382092244 -0.5433428067194348 0.40512056954186365 0.33505716752052744
1403715595.2621431 -1.1463509685441811 -1.3522835810701452 0.82550679432243645 0.66300670732950973 -0.52909599195963841 0.41739170470618342 0.32598113775308285
1403715595.3121431 -1.1305543151754145 -1.4373580390351641  0.8236475271516599 0.67085835954575357 -0.51368008082892602 0.4300832706541281 0.31797832676240123
1403715595.362143 -1.1102869970884681 -1.5179053813605681 0.82329384520623961 0.67888117882020727 -0.49647313560178363 0.44270995353480519 0.31087403833486865
1403715595.4121432 -1.0932841033850766 -1.6049302347411778 0.81901809943693593 0.68627214753146726 -0.48065357739650877 0.4549121305796619 0.30175757075831455
1403715595.4621429 -1.0763528553245323 -1.6918535970522313 0.81552400716635387 0.69276906466017618 -0.46304151732461696 0.46802157851270632 0.29431170267261836
1403715595.5121431 -1.0601710250818699 -1.7781816813670597 0.81107710884353967 0.70028996172042279 -0.44338891205766368 0.4793146173430341 0.28854417301208996
1403715595.5621431 -1.0426348852909089 -1.8627200899621061 0.81016554323964196 0.70818517524866398 -0.42234395975094885 0.48921942264802787 0.28418953837859401
1403715595.6121433 -1.0256885465552092 -1.9491677235898501 0.80862667949877887 0.71645815985271022 -0.39671668526970222 0.49784257296426787 0.28540558746003225
1403715595.662143 -1.0091526255627725 -2.0339499330522051 0.80882204621471532 0.72328301565156561 -0.36950948018313934 0.50683268109234525 0.28886858032937485
1403715595.7121432 -0.99190899776642938  -2.1153350191252454  0.80774618104230966 0.72926626119812177 -0.33990282817004586 0.51540334192735038 0.29495115326141019
1403715595.7621431 -0.9732471053845696 -2.1945098559600185 0.80712737132748658 0.733408230180701 -0.31067355654840373 0.52486574932983487 0.3001837009985861
1403715595.8121431  -0.952036793792151 -2.2688215443117534 0.80372881604790791 0.73685663759371089 -0.28102543971214389 0.53335777337099688 0.30593542366554954
1403715595.862143 -0.93117321036602729  -2.3399617084346818  0.80388352929143414 0.73722321727223838 -0.25588355721575112 0.54423345532347878 0.30795369646758686
1403715595.9121432 -0.91008327564575786  -2.4009307597430527  0.80576554515450027 0.73530693708064998 -0.23148019639573653 0.55592785257004518 0.31094187510614046
1403715595.9621429 -0.88739526815945335  -2.4558773610615794  0.80855891741680208 0.72996366175002458 -0.21071804337706401 0.57114322557974884 0.31071912492506421
1403715596.0121431 -0.86617043010664718  -2.4984046953125967  0.81400775840368578 0.72177976274108824 -0.19439321190712688 0.58908529583170866 0.30695890196688796
1403715596.0621431 -0.84592756389800339  -2.5349015355299427  0.82123752311453158 0.7117293557339085 -0.18200328585878989 0.60892040522936364 0.29921909734926155
1403715596.1121433 -0.82765018519670785  -2.5567657286032421  0.83044418734283953 0.70284779653535245 -0.17404845945870681 0.62615923800986628 0.28920013367969671
1403715596.162143 -0.81246978268981251  -2.5714043739221069  0.84283632564062527 0.69972748550564656 -0.16798426880961434 0.63491876947029824 0.28114211288024182
1403715596.2121432 -0.80160780795045194  -2.5787864599093244  0.85449851554425527 0.70357376078031009 -0.16565866053857004 0.6351567560766288 0.27224449772260173
1403715596.2621431 -0.79334445988283198  -2.5716364387022175  0.87079322771857115 0.71586384894471433 -0.16671554173513883 0.62495084201743711 0.26302342667472556
1403715596.3121431 -0.78709484890414383  -2.5643314062599623  0.88486952991222911 0.73546579430255687 -0.17130753995613612 0.6059733940189399 0.25008006299234026
1403715596.362143 -0.78717909026449229  -2.5432359733157774  0.89914433090900525 0.75644273949274066 -0.17633636106910119 0.58410363191484016 0.23563280080990087
1403715596.4121432 -0.78387506715725785  -2.5241366432620693  0.91312154841040127 0.77626485235806197 -0.1822773672280556 0.56293206130965068 0.21747490599973254
1403715596.4621429 -0.78180718856709142  -2.4986604528857752  0.92841929152495439 0.79355934303987674 -0.18684952386334028 0.54377427241652332 0.19914910284518739
1403715596.5121431  -0.780013229643295 -2.4678110438332257 0.94395717856115369 0.80868808432558348 -0.19006449851830007 0.52613125989899112 0.18189273220748944
1403715596.5621431 -0.77479242205268251  -2.4366402040775275  0.96028498298427178 0.82110431735264855 -0.19095412635771608 0.5116999042590572 0.16579333410325625
1403715596.6121433 -0.7689282045330732 -2.4015653373361672 0.97511207452976412 0.83228071311864915 -0.19026571907033293 0.49832920210338377 0.15091645718200122
1403715596.662143 -0.75805427518553115  -2.3687889736755992  0.99118674241293281 0.84211902878456379 -0.18786611874245493 0.48653302760283951 0.13721324950311259
1403715596.7121432 -0.74363466917035503   -2.334533034718814   1.0059291047300114 0.84984932457717233 -0.18342658596643355 0.47785522728600066 0.12555952704541096
1403715596.7621431 -0.72292808546606635  -2.3036735443085647   1.0216776316138252 0.85650372533892616 -0.17687432644670761 0.47093410697070159 0.11548986109729564
1403715596.8121431 -0.69755111535323777   -2.274107067080323   1.0371942495747519 0.86274824853802135 -0.17099225881438956 0.46425646570130102 0.10436973279963069
1403715596.862143 -0.66751020787202131  -2.2461219879747176   1.0518349593596417 0.86844514911272319 -0.16651440839155143 0.45750721460113669 0.093611555742338884
1403715596.9121432 -0.63026594229317601  -2.2213937388652654   1.0661463220744709 0.87370373206788943 -0.1613506282732603 0.45108131380282279 0.084459526782862782
1403715596.9621429 -0.58778678024875752  -2.1983857539771781   1.0801207491266254 0.87849502562175952 -0.15672497262997934 0.44462553210413164 0.077407422855139227
1403715597.0121431  -0.540787623651931 -2.1772992062193461   1.092333356801702 0.88163231866151415 -0.15202478081589751 0.44084731262472043 0.072571121397996777
1403715597.0621431 -0.48554258287996971  -2.1598796567656295   1.1060177768582067 0.88315097000958354 -0.14800177696482314 0.43971519512948792 0.069212609823809418
1403715597.1121433 -0.42360710737856405  -2.1459815240091138    1.119375771913202 0.88178939867534667 -0.14483231175837777 0.44387122346803498 0.066703784236612149
1403715597.162143 -0.35449897878802644  -2.1346179413322162     1.13343048105021 0.87737864084118189 -0.14186134808295772 0.45381535987753985 0.064293838390513822
1403715597.2121432 -0.2806253790672954 -2.1251872601040853  1.1474771684050915 0.8701437989153582 -0.13947124652726439 0.46878766894897483 0.060296451327307383
1403715597.2621431 -0.20096647601283116  -2.1177523366033193   1.1625547512538759 0.86159589096026556 -0.13620060016849703 0.48572246934071583 0.05635246198423554
1403715597.3121431 -0.11884279473460312  -2.1117595169729126   1.1779747990639058 0.8518685487055988 -0.13271771510618527 0.50409616703286975 0.050921883370307959
1403715597.362143 -0.031784363244837688   -2.1086722597877792    1.1905432269860809 0.84313837441108463 -0.12777284138573916 0.52032392202084676 0.045329888291195476
1403715597.4121432 0.055249610670148434  -2.1066910550973974   1.2041952509553551 0.83371484121212092 -0.12233385799296881 0.53710161584768878 0.038416727932060059
1403715597.4621429 0.14330428184543331 -2.1073985985613741  1.2173321539334909 0.82370244568408868 -0.11287538205420629 0.5545692888653716 0.03501903693027756
1403715597.5121431  0.2325858658481591 -2.1088121335056522   1.230245069599099 0.81572737819931751 -0.10136693124073984 0.56863530075201651 0.031104411995192378
1403715597.5621431 0.31904146661806504 -2.1109128087181777  1.2423384263344834 0.81024420595056179 -0.088740117803452229 0.57871102806684827 0.026889853283066589
1403715597.6121433 0.40447107207528349 -2.1137370860531122  1.2528423892025666 0.80738582128360414 -0.075797915253079232 0.58473429433885027 0.021647555463237662
1403715597.662143 0.48816914904814268 -2.1168528169217482  1.2611361978227769 0.80613296422578429 -0.062531706755236047 0.58821279584029662 0.015656833925453747
1403715597.7121432 0.57104675339066036 -2.1210269140473419  1.2682684470649273 0.80763070831944295 -0.04935600340553481 0.58754061147310033 0.0096256832008543847
1403715597.7621431 0.65163035662721647  -2.125930799075856  1.2758221634641829 0.80896831330950669 -0.037420851792199068 0.5866475917654691 0.0038145757422963248
1403715597.8121431 0.73330197894140325 -2.1332747748086516  1.2807994919323962 0.81036153237751452 -0.027775908840602801 0.58526420436152193 -0.0029149312032737472
1403715597.862143 0.81103856766438998 -2.1400200683560398  1.2869382258872111 0.81017536117756384 -0.018912098868025595 0.58583861003741777 -0.0071651689886959918
1403715597.9121432 0.89076652945179835 -2.1466812432049527   1.290579265233649 0.80778419926475364 -0.011463987309641438 0.58927391581192001 -0.010465015855284695
1403715597.9621429 0.96833187385010455 -2.1547887136448747  1.2967843257074532 0.80378935482596259 -0.0055685972784837862 0.59474460653041294 -0.013058207985682623
1403715598.0121431  1.0418428098699684 -2.1635058079082254  1.3029240757116869 0.8008908579205557 -0.0010330611647634226 0.59861956815383777 -0.01507909503978731
1403715598.0621431  1.1172981772514092 -2.1737328346246865   1.305888910824599 0.79881052120977991 0.0034169649733020472 0.60137585337666899 -0.015399952286094159
1403715598.1121433  1.1882845957577199 -2.1826432176460218  1.3114575198531666 0.79737239481983024 0.0080660789529519543 0.60328912815181046 -0.013207202710719387
1403715598.162143  1.2572907311464296 -2.1905722705980462  1.3165417299035946 0.79469381828336116 0.011212957690899415 0.60679923279030912 -0.011432228440980794
1403715598.2121432  1.3241427113014577 -2.1995975135967076  1.3175381490466767 0.79042874879093383 0.012564548684284908 0.61231773596539385 -0.01146801741249618
1403715598.2621431  1.3852732953886873 -2.2086589398871705  1.3156555058212362 0.78443017846211993 0.012807345655706156 0.61997606245372938 -0.011616755119711364
1403715598.3121431   1.446035911546125 -2.2169589105399914   1.311831307006271 0.77776272607340435 0.012133080942818885 0.62833977672649199 -0.01127187921350703
1403715598.362143  1.5007948999459664 -2.2258729650781031  1.3046830394641435 0.76979797234042457 0.010844984016700017 0.63807621032033668 -0.012337662885895153
1403715598.4121432 1.5499981240252023 -2.234489746031775 1.2963970184336073 0.75909183071460185 0.0082722610179354703 0.65077516218737885 -0.014242560162984301
1403715598.4621429  1.5932798728196265 -2.2431812551107551  1.2876017905947876 0.74955573094650407 0.005485132669476621 0.66171490382178877 -0.016416625261338254
1403715598.5121431 1.6284357857621701 -2.253608702831849 1.2789478105584611 0.74120283055558123 0.0019623570955633047 0.67100367473874301 -0.019198479578529524
1403715598.5621431  1.6654642124995669 -2.2616478729264617  1.2713418366139226 0.73595452881587686 -0.00069509722548486222 0.67669811198845664 -0.02121588052629695
1403715598.6121433  1.6913304601051828 -2.2722659210344358   1.263665299457837 0.73398695804286218 -0.0021792729312672867 0.67882602974269746 -0.021298298904918495
1403715598.662143  1.7124124396756621 -2.2831437886674157  1.2545353814724309 0.7388040645376408 -0.0028208991320326092 0.67364242418850295 -0.019143695677311109
1403715598.7121432  1.7271110782951453 -2.2935588607664275  1.2446164640029331 0.7473580799581786 -0.0027698256538616784 0.66422800917030789 -0.01579177699695045
1403715598.7621431  1.7338751573703763 -2.3036096657823086   1.232985340768979 0.75864285732952719 -0.0023277736683797261 0.65137593834656138 -0.012844587800944942
1403715598.8121431  1.7388530917784366 -2.3135511267058186  1.2205374840041545 0.77045034625303777 -0.0018049322554744044 0.63741760571602424 -0.010089702739844553
1403715598.862143  1.7346562338752471 -2.3236498027435895  1.2077022487530331 0.78008882065471952 -0.0012491737384315556 0.62562148607843227 -0.0075912852346656607
1403715598.9121432    1.72431756326536 -2.3343208522767589  1.1927664462691063 0.7881913814372592 -0.00031164190876877972 0.61541394083715684 -0.0044643622866225377
1403715598.9621429  1.7222457287728918 -2.3430880867358979  1.1773446210007232 0.7938767068240784 0.00049268454597278029 0.60807471895596699 -0.0021605070507642763
1403715599.0121431 1.7179122600382097 -2.352469346160488  1.161371654840117 0.79806960146300221 0.0014502803075910932 0.60256352715954886 6.037183120690352e-05
1403715599.0621431  1.7077394528719947 -2.3613353349059656  1.1423460240433945 0.80002022807430417 0.0018389676405015083 0.59996963380508728 0.00083149368295191528
1403715599.1121433  1.7097966990015423 -2.3662109508157387  1.1235365160019057 0.80059405256592819 0.003047197636052571 0.59919467642057767 0.0023700911100485696
1403715599.162143  1.6969952083170867 -2.3747478001606703  1.1051772983524477 0.80104410885138133 0.0022742545008554889 0.59859841840470718 0.0017598080420958759
1403715599.2121432  1.6840987064498638 -2.3820577596512655  1.0852892379241081 0.80372321131550784 0.00016766471358930772 0.59500204477722529 -0.0012402387481778695
1403715599.2621431  1.6702080302655538 -2.3889361315707571  1.0641777171338727 0.80672660503987326 -0.0026065674212855856 0.59089912488469043 -0.0048594997299801785
1403715599.3121431  1.6541029112169991 -2.3960343166997085  1.0425119655846649 0.80944028396036294 -0.0063908574821313182 0.587082886876926 -0.0099633116515001653
1403715599.362143  1.6386013178466543 -2.4039860078191535  1.0183781611414704 0.81141175777733565 -0.01130500104949062 0.58414766350661829 -0.015958180088094596
1403715599.4121432  1.6222066262438108 -2.4119263886298157 0.99394627269436464 0.81196465552925179 -0.016795541279019031 0.58300270787444863 -0.023219616178326078
1403715599.4621429  1.6047649684125447  -2.420315868407819 0.96967775301488646 0.81177157207569228 -0.022128906048416105 0.58273882641665964 -0.030865619601650105
1403715599.5121431  1.5861279393151966 -2.4328415969841943 0.94556936768599842 0.81070519262549068 -0.026872526607818893 0.58367941428417425 -0.036787216593016078
1403715599.5621431  1.5686133078855924 -2.4443859417851064 0.92200018274516771 0.81014227519037763 -0.030148197455245059 0.58397601270516286 -0.041624472663775246
1403715599.6121433  1.5515325089586438 -2.4595848076319058 0.89917770803534147 0.80765087004064084 -0.033269363385104229 0.58695451321115866 -0.045580928068631094
1403715599.662143  1.5347515396254316 -2.4782942283952893 0.87760650692224451 0.80496685969947057 -0.0365096210992127 0.59011844285420834 -0.049554270815837347
1403715599.7121432  1.5161328431890664 -2.4976995444300303 0.85565716629492794 0.80197595681788014 -0.036079735673721323 0.59427228069814408 -0.048716257590115108
1403715599.7621431    1.49502981406919 -2.5200818210282363 0.83490835574556832 0.79882438005970913 -0.034864044855216346 0.59879901992611595 -0.045867656731926325
1403715599.8121431   1.472764922485915 -2.5445025807301405 0.81455050472296131 0.79679100501048727 -0.031889900129689494 0.60205652264168474 -0.040436025382060911
1403715599.862143  1.4496419218438468 -2.5699137033736901 0.79328531778102707 0.79631786376416047 -0.026225242426362632 0.60348414722549781 -0.031574998927571082
1403715599.9121432  1.4240346496024239 -2.5980583739634442 0.77301108834767851 0.79896663171461169 -0.020756635048657695 0.60059257203383742 -0.022584196373676448
1403715599.9621429  1.3979051335047694 -2.6258297448934367 0.75133730414797251 0.80328497765723228 -0.015698762728281537 0.59520808938751713 -0.014632971218533221
1403715600.0121431  1.3704742504986664  -2.654947865999592 0.72998621281718223 0.80723440752846221 -0.011628879777052773 0.59006816670112805 -0.0075458003732812393
1403715600.0621431  1.3423782762293268 -2.6835148564798001 0.70838984418825612 0.81037022958487437 -0.0049966225661295808 0.58589662679266152 0.00051718320790231196
1403715600.1121433  1.3159823846809386 -2.7101018474734797 0.68963469436579383 0.81241693812269022 0.0054973532722207129 0.58296814484828541 0.0098305569782116478
1403715600.162143  1.2876966389051598 -2.7362938827990835 0.66909962506790865 0.81362363547885086 0.0193791605798707 0.58073411668861574 0.019720893470907167
1403715600.2121432  1.2592349232791418 -2.7597789566336348 0.64810716580978933 0.8142229381572097 0.03533255240808382 0.57878681993876036 0.02825658833171148
1403715600.2621431  1.2308839204218498 -2.7804072294830218 0.62734870233665785 0.81437014388025097 0.051241003461926067 0.57715297148487943 0.032712013494255246
1403715600.3121431  1.2024397870648582 -2.7976840225077275 0.60627918660867675 0.81445247100810292 0.066466391033706926 0.57548881559984322 0.032588563196918191
1403715600.362143  1.1740264385795758 -2.8101258203356063 0.58455676947503254 0.81395508667903793 0.083082731068913993 0.57418289932586863 0.029805616738962017
1403715600.4121432  1.1448357882560705 -2.8186396630653419 0.56290282213905551 0.81458080990213133 0.096865854033906393 0.57154333630609822 0.020330400526407902
1403715600.4621429   1.115763966858518 -2.8224793136088615 0.54063879869601483 0.81642737932899789 0.11055786295850999 0.56670497750860538 0.008292266698741663
1403715600.5121431  1.0882856545409254 -2.8195784831266999 0.51979154651378356 0.82069109770592152 0.12062528133698049 0.55839696004881467 -0.010416268855328347
1403715600.5621431  1.0597550949579302 -2.8154524230039772 0.49843469084426228 0.82448033013721456 0.12937384059372328 0.54998298335151141 -0.031832571536570764
1403715600.6121433  1.0335313023745714 -2.8069227266584704 0.47990051910368303 0.82709902270203983 0.13998515424565361 0.5418854890949738 -0.051686361300174462
1403715600.662143  1.0082089754727876  -2.797057647205774 0.46265035343914152 0.82780241660569875 0.15219490724257595 0.53547634647820053 -0.069605686790283977
1403715600.7121432 0.98644030700744811 -2.7824719725211606  0.4507300415431198 0.82606980002531349 0.16661212480631929 0.53153349680353756 -0.085564169659185826
1403715600.7621431 0.96545092520714615 -2.7660089684458309 0.44244114755312952 0.82229463006942016 0.18221688780740172 0.52985133088099967 -0.099428941060506495
1403715600.8121431 0.94581544249832672 -2.7493672345761397 0.43569396762455553 0.81834807240986673 0.19805725694476339 0.52760393810987616 -0.11275566436113722
1403715600.862143 0.92627205974776694 -2.7322061839283638 0.43203600393155794 0.81232823156197986 0.21513103165868952 0.52781924309029393 -0.12348412873095715
1403715600.9121432 0.90873284784553965 -2.7123365790073728 0.43203437124885286 0.80716502418363179 0.23038750221866561 0.52654653744119051 -0.1347403668719015
1403715600.9621429 0.89167164280147748 -2.6914136566342117 0.43463942490931151 0.80135595480151445 0.24489802116576861 0.52638847557090562 -0.14411372495144992
1403715601.0121431 0.87887966711791066 -2.6662437989798873 0.44327907622834362 0.7960279325613665 0.25702436057959155 0.52643744588072849 -0.15212371355348869
1403715601.0621431 0.86571400712467883 -2.6416606972161607 0.45343293275343627 0.79012880247847728 0.26718480190173671 0.52800387836754836 -0.15975187496703919
1403715601.1121433 0.85515507053576834 -2.6153139361096494 0.46656060087695372 0.78570122780076113 0.27604707028885866 0.52845656684059172 -0.16494014847928812
1403715601.162143 0.84316101703978497 -2.5889389395821252 0.48214274026974657 0.78184954953892627 0.28339009243799712 0.52937934656677543 -0.16780597373840811
1403715601.2121432 0.83424572673136455 -2.5608205776745021 0.50232248679242708 0.77825750364315049 0.28922442087032807 0.53108761531912729 -0.1691462008145547
1403715601.2621431 0.82660286622259316 -2.5330912132598691 0.52344844985551908 0.77557960914102186 0.29408648114248159 0.53253758010628693 -0.16850263282344505
1403715601.3121431 0.81577945410742481 -2.5028622493116095 0.54656367029010711 0.7726758109967713 0.29919883335583097 0.53429810839842684 -0.1672652999903278
1403715601.362143 0.80427720292277871 -2.4698187318519347 0.56925625086551712 0.77015303261470469 0.30391675686136571 0.53548588311162315 -0.16659465850203131
1403715601.4121432 0.79287551155621727 -2.4359173380793084 0.59121823952235719 0.76877978564285965 0.30597716623586735 0.53578749522110003 -0.16818850999365886
1403715601.4621429 0.78060833495305215  -2.400779153547739 0.61193785104333864 0.7681576177628745 0.3064531440468285 0.53570060493606464 -0.17042654326076662
1403715601.5121431 0.76794871209086002 -2.3643601403688579 0.63186248189899907 0.76829801819412857 0.30606667464070814 0.53497325410647079 -0.17275694864197794
1403715601.5621431 0.75502411646860401 -2.3258899229469012 0.65053135540602114 0.76791620668668648 0.3049811595381211 0.53524964072082448 -0.17549647843458782
1403715601.6121433 0.74146551313939779 -2.2888682493359349 0.66967156993505372 0.76837704382064598 0.30331774125911837 0.53470341087341222 -0.17800935022422512
1403715601.662143 0.72811595003939533 -2.2482276349502004 0.68707276311506227 0.76921170763747926 0.30150271076907803 0.53373616416897962 -0.18037508500487218
1403715601.7121432 0.71532016515881491 -2.2069183111944959 0.70365190130652389 0.76854685867657402 0.2994296513595236 0.53481379435482979 -0.18344431109433237
1403715601.7621431 0.70123688658753391   -2.16452279686141 0.72154901429227025 0.76625423752965305 0.29768114062069001 0.53812474852045356 -0.18617770279067739
1403715601.8121431 0.68779951652101168 -2.1206310367326018 0.73849279917586075 0.76490319074764446 0.29669065681453277 0.54013312564744176 -0.18749391862500162
1403715601.862143 0.67351635779684649 -2.0790102278664744 0.75487007779051052 0.76330059665838224 0.29369325679314978 0.54367192488458804 -0.1885134163593607
1403715601.9121432 0.65920776949441162 -2.0348496271747973 0.77066589841442623 0.76156693451015978 0.28918803553316003 0.54856314343715251 -0.18832037071867666
1403715601.9621429 0.64370367933631856 -1.9891945421106234 0.78677004426878072 0.75826235355732052 0.28233248564851637 0.55673856619208784 -0.18806578540399502
1403715602.0121431 0.62806859532771075 -1.9454223148217398 0.80259617883974876 0.75233817595524399 0.27387887553377865 0.56879694096792344 -0.18827551747962926
1403715602.0621431 0.61070151697397435 -1.9041697091216345  0.8177256681677072 0.74742529424356641 0.26432746499228765 0.57992973506124335 -0.18753112586305618
1403715602.1121433 0.59182566636790135 -1.8626420768013454 0.83151036655837463 0.7436320065511044 0.25405950046176523 0.58974465889500816 -0.18618927563827914
1403715602.162143  0.5711209649593717 -1.8223934660347838 0.84349611797056356 0.7430855696733234 0.24322624044816804 0.59569170306806063 -0.18389188942581472
1403715602.2121432  0.5490398670238491 -1.7844017223972755 0.85442106418421071 0.74577022461359088 0.23228867205370698 0.59777243210711417 -0.18037977804639038
1403715602.2621431 0.52328422698055621 -1.7483134083840801 0.86393168936601727 0.74965536451729586 0.22025789252056002 0.59857431342628098 -0.17666942729034429
1403715602.3121431 0.49448773058639883 -1.7154574371621458 0.87033701618278814 0.75521245163314832 0.21031735500659679 0.59731599784896539 -0.16921690753282803
1403715602.362143 0.46395859294000225 -1.6831413432729569 0.87767196568336403 0.76441567366880248 0.20144872216915696 0.59136546128687129 -0.15929212592859268
1403715602.4121432 0.43269755670318905 -1.6519976239628351 0.88270298758569443 0.77379626981395899 0.19320103734567892 0.58470092398244877 -0.14845040075603363
1403715602.4621429 0.39854840672498087 -1.6252830180667059 0.88841535898555368 0.78345176972613684 0.18328623718248968 0.5774527812280793 -0.1384115790836325
1403715602.5121431 0.36497140581134752 -1.5970851574309419 0.89556956737330196 0.79119748223145403 0.17398769793471366 0.57216112057846324 -0.12793153315889061
1403715602.5621431  0.3306946533431801 -1.5675856032825652 0.90170607457504692 0.79774675232237102 0.16427777407102517 0.56809054389650404 -0.11783915325880941
1403715602.6121433  0.2933393825976347  -1.550382511153134 0.90212320823562619 0.80185346771708677 0.15458733407003236 0.56727552986089302 -0.10645302098224629
1403715602.662143 0.25778807871656872 -1.5239882987466191 0.90388201230317211 0.80365667355528103 0.14629092327465004 0.56922347406843676 -0.093378548858776361
1403715602.7121432 0.22350199044265473 -1.4975258197493588 0.90399930614216983 0.8054597268679109 0.13616149421577647 0.57087270700647841 -0.082456220395390217
1403715602.7621431 0.18900796441880557 -1.4709916115515602 0.89983490924388343 0.80824996129208948 0.12621304396430252 0.57073893291497768 -0.071129024031498581
1403715602.8121431 0.15121670510243845 -1.4456751760631519 0.88989466058168154 0.81128115782197685 0.11524458458291234 0.5699944135838606 -0.060398155357062104
1403715602.862143 0.11674044071433842 -1.4176455166291273  0.8783371474336531 0.813634156579358 0.10316982454428167 0.56970903678432028 -0.05279261271410083
1403715602.9121432 0.081216218814647356   -1.388244083832832  0.86211436285918908 0.816159615569514 0.091990637271087569 0.56870429239338671 -0.044683692564736838
1403715602.9621429 0.045800297504792566  -1.3590224900001195  0.84385868947373011 0.81910663292713237 0.081267314632682136 0.56669816069410406 -0.036237303060356961
1403715603.0121431 0.01000646960002287 -1.3272889769753451 0.82341668734016493 0.82047637187465483 0.07013392103966673 0.56665535489499896 -0.028310158668360667
1403715603.0621431 -0.024145541601610792   -1.2932307071369384     0.800420468322528 0.82068661862628001 0.059080860086254232 0.56793883612039786 -0.020697932395274676
1403715603.1121433 -0.057503810107123049   -1.2612113976334118   0.77729047943733354 0.82031003464852292 0.047211123946586317 0.56980483398012671 -0.013601764720781472
1403715603.162143 -0.088793781441134242   -1.2255630560728459   0.75381032125750436 0.82142273562415236 0.036453450491112198 0.56912984251236554 -0.0052017024978350968
1403715603.2121432 -0.12352017968440641  -1.1903075828432177  0.73316041628114526 0.8225779808642032 0.025150844648202688 0.5680931173299274 0.0017636477023162658
1403715603.2621431 -0.15718025763169774  -1.1548283349073514  0.70966488496789637 0.82540711651024312 0.014600422394487942 0.56427933141530651 0.0088744474556608551
1403715603.3121431 -0.18870269847413101  -1.1192793063123474  0.68642164644964299 0.82771314744092517 0.0058310359196340001 0.56089744773075323 0.015842907014444119
1403715603.362143 -0.21924703077837043   -1.082660054945451  0.66340603000549281 0.82999605494227779 -0.0024427643834247542 0.55737636833819371 0.020788595444349845
1403715603.4121432 -0.24926150534850947  -1.0450135224627775  0.64166987404836218 0.83070553303463635 -0.010708156081175618 0.55612093188769718 0.023305833933619419
1403715603.4621429 -0.27674700202604707  -1.0060351172057478  0.62135966917680097 0.8301962423225191 -0.018746902214392628 0.5566645175399576 0.023395892864762558
1403715603.5121431 -0.30378379303082487 -0.96589065108219663  0.60479146210373769 0.82959349239779701 -0.027097327949853374 0.5572984731225441 0.021419244722570282
1403715603.5621431 -0.32649357720761552 -0.92785596829152661  0.58923025700820553 0.82911939651984146 -0.035410380829441562 0.55765363321770667 0.01815369392656737
1403715603.6121433 -0.35258017233939198 -0.88793821008007789  0.57307799670563242 0.8286702856299023 -0.042915367586895584 0.55790324311223916 0.014415278831280886
1403715603.662143 -0.37617719356572055 -0.85136224050030196  0.55937057198456286 0.82818304731764847 -0.05217758723301142 0.5579704766625736 0.0076997856551732158
1403715603.7121432 -0.39780240578287235 -0.81358355543646954  0.54363407948548559 0.82645939084345565 -0.059304646630223015 0.55985591108185229 0.0030319962793038842
1403715603.7621431 -0.41724269846526202 -0.77864233123192206  0.53001365620018881 0.82426068538935615 -0.066054700073595665 0.56233934094313442 -0.0023589716609810213
1403715603.8121431 -0.43680588108506435 -0.74638776171876342   0.5197274832518991 0.8221908144217499 -0.071380502759800235 0.56467388892187786 -0.0071054680423372459
1403715603.862143 -0.45487246834809808 -0.71747317977125646  0.51207090374890407 0.82271640894564246 -0.076224098628331904 0.56318671024909617 -0.012178942428854155
1403715603.9121432 -0.47360451138154686 -0.68932062351487722  0.50520233189273134 0.82800027961161138 -0.079463468839658449 0.55482510929875295 -0.01643752337454718
1403715603.9621429 -0.49088949211293742 -0.66490095855459119  0.50117414652862258 0.83343502641118117 -0.081430298008615579 0.54625079501362395 -0.019111050839913431
1403715604.0121431 -0.49960298782058771 -0.65021575881739346  0.50309414082122761 0.83918071554885476 -0.08014010902739499 0.53758048155736837 -0.018987243731969056
1403715604.0621431 -0.51162325683858279 -0.63375628689797836  0.50262782857380239 0.8424828288993359 -0.074700092906833854 0.53338371307696575 -0.012016395204554376
1403715604.1121433 -0.52189505159314664 -0.61919131726329912   0.5028173828587803 0.84365528006962343 -0.067957322252399879 0.53256015789547007 -0.0026923939683569011
1403715604.162143 -0.52912156299025515  -0.6106189277610089   0.5038794942392909 0.84306645613661058 -0.061862374047292591 0.53420881005420218 0.0057397277777802387
1403715604.2121432 -0.53463872828046377 -0.59890960191290443  0.50259678325220236 0.84105076973847226 -0.056730946571385131 0.53781084041719474 0.013217501775629836
1403715604.2621431 -0.53750999649467257 -0.59233606330055433  0.50629982695230702 0.83861205870577205 -0.053107168912931928 0.54182671053195841 0.018255392557749314
1403715604.3121431 -0.53972158800631675 -0.58181752602135861    0.503016899102391 0.83686898637741691 -0.050697775004053335 0.54461875001692051 0.021689914229435149
1403715604.362143 -0.54013832511626481 -0.57205904839217092  0.49838851094503422 0.83625771506644675 -0.049362461402490135 0.54558779852784478 0.023881697880867522
1403715604.4121432 -0.54122428762773456 -0.56110770683488453  0.49421202440673218 0.83666433175880761 -0.049001916613031792 0.54495199279314455 0.02487837779313868
1403715604.4621429 -0.53756518450333624 -0.55234200800166422  0.49074698241390902 0.83660052690991304 -0.048500152528043433 0.54503959370333233 0.026060216317570932
1403715604.5121431 -0.53356897265807057 -0.54227198931161136  0.48583085107183355 0.83450055947293222 -0.048614377899765276 0.54823573600666176 0.026134962521797107
1403715604.5621431 -0.52703595690409399  -0.5418413616035318  0.48933669446612171 0.83103923010874392 -0.047314060903238073 0.5535817814484556 0.0261225747097245
1403715604.6121433 -0.52029871478387646 -0.53251412427979539  0.48490681229072941 0.8270703485466695 -0.047072040393761616 0.5595005405147303 0.02641981702781945
1403715604.662143 -0.51282849649780604 -0.52320549842497066   0.4806095786917845 0.82377004587218883 -0.045975628361480649 0.56434848172184682 0.028283286561950161
1403715604.7121432 -0.50528428207622644 -0.51349941129663312  0.47605663513172347 0.82170642081396439 -0.045610667513614755 0.56732561110045687 0.029323642194646685
1403715604.7621431 -0.49771948562204421 -0.50401645062688949  0.47171368997385704 0.82053870947300944 -0.044328617356592298 0.56902763241162535 0.030963744793567654
1403715604.8121431 -0.48954182191362883  -0.4936932457887872  0.46690596657731048 0.82051308792371758 -0.044519334807677988 0.5690493942027024 0.030969151291328649
1403715604.862143 -0.48078514944742129 -0.48370621510427975  0.46173779525573505 0.82051002566760856 -0.044491441287510286 0.56907681047168845 0.030584198771105554
1403715604.9121432 -0.47218252464086508 -0.47286941660181186  0.45797475855685144 0.82059147697013402 -0.04359733959755404 0.56897777056519261 0.031515020334004995
1403715604.9621429 -0.46368563419302139 -0.46195695818951726  0.45412545005416849 0.82200963961741369 -0.043016499712865357 0.56694347851661364 0.032012892652568611
1403715605.0121431 -0.45565295170813547 -0.45050619097847305  0.45081324515827398 0.82360836419625749 -0.042918098770106494 0.56465371786106222 0.031519488092359139
1403715605.0621431 -0.44587295816650896  -0.4396793490168604  0.44835232743845327 0.82405032569169612 -0.042905050012401635 0.56402855777782979 0.031176969415006278
1403715605.1121433 -0.43624115060934066 -0.42734229914353106  0.44618036848223924 0.82363500023016833 -0.042809524705628342 0.5646554191603872 0.030935232391831272
1403715605.162143  -0.4235184712974352 -0.42138620714565789  0.44745712563105139 0.82264963331614727 -0.040908889889321953 0.5662701226767104 0.030202511427616451
1403715605.2121432 -0.41210720886474744 -0.40958938477176993  0.44733055029490049 0.82165489368372169 -0.040329923665817231 0.56779156682670084 0.029486769629473303
1403715605.2621431 -0.40011448974654956 -0.39759796087531823  0.44785134903987545 0.82079838856959197 -0.040566854377260736 0.569114141998596 0.027448661619418592
1403715605.3121431 -0.38797446809132502 -0.38528891247013225  0.44930112366493385 0.81977800462047057 -0.041399815850548083 0.57066784781525837 0.024254604880757848
1403715605.362143 -0.37583111572579742 -0.37290364240071006  0.45058844600853154 0.81872705172385551 -0.043107773477627585 0.57222309572333496 0.019709473919108378
1403715605.4121432 -0.36322883258804251 -0.36075556980135953  0.45009515255475302 0.81768615503619058 -0.044288198288917335 0.57373735301333928 0.015917195472172966
1403715605.4621429 -0.35156249155301256 -0.34876329595638189  0.44753591677198795 0.81805519215988465 -0.044687291447757176 0.5732527886704295 0.013037977024579905
1403715605.5121431 -0.33886019411478491 -0.33772342790078136  0.44209445235424033 0.81873711470888999 -0.045741547936906754 0.57226045571444739 0.0097580026639991109
1403715605.5621431 -0.32643276451148862 -0.32739079090569528  0.43424967866016739 0.82033823370065373 -0.04651612007773314 0.56994029741308305 0.0070349332969253759
1403715605.6121433 -0.31462304106993361 -0.31726555444004206  0.42466051683645684 0.82127216931279101 -0.047151443710546616 0.56856679586878256 0.0045347440699349487
1403715605.662143 -0.30366496287285949 -0.30777274409684924   0.4130611011646097 0.82134899423347629 -0.046056766344898761 0.56854450813896762 0.0046632832347807181
1403715605.7121432 -0.29172466967061877 -0.29975551645385029  0.40180456106651002 0.82116037226692673 -0.043007423825169859 0.56901778304375505 0.0080478005899026848
1403715605.7621431 -0.28113577156350916 -0.29439390963873724   0.3916832056032043 0.82001538424385212 -0.038871857058687183 0.57089095849178906 0.012135149135592743
1403715605.8121431 -0.26837686649059317 -0.28800657734605878   0.3821414070160008 0.8197902557097233 -0.036163944446256514 0.57131265071697723 0.015425981207554449
1403715605.862143 -0.25535325423413929 -0.28201836614217823    0.373316984368811 0.81931786961200959 -0.034259547578789545 0.57204611559255436 0.017542906532410162
1403715605.9121432 -0.24209601296506217 -0.27601385256754962  0.36576411729236036 0.81878548244624938 -0.03260409193987842 0.57286029806146077 0.018931081030229578
1403715605.9621429 -0.22901315591775981 -0.27006066473516149   0.3580768288421291 0.81768381205519081 -0.030824908685635064 0.57448955601107288 0.020118611821249584
1403715606.0121431  -0.2159719226891606 -0.26400832760374671  0.34904704388595109 0.81714964512487664 -0.029743192149646318 0.57528663236613542 0.020666170759686922
1403715606.0621431 -0.20302634424756583 -0.25739492411183551  0.33822082227225397 0.8166908130895858 -0.028368290146062659 0.57600614054451527 0.020694974855558098
1403715606.1121433 -0.18994276042084215 -0.25072044983973268  0.32593866551756645 0.81632197534304729 -0.026773854778751143 0.57659580305046765 0.02094930015293844
1403715606.162143 -0.17657520364685259 -0.24210200836027157  0.31201009818862752 0.81629729500117698 -0.026636667346427893 0.57666607641855439 0.020135799821889178
1403715606.2121432 -0.16398178007471845 -0.23442208870506737  0.29744523690496277 0.81663960763502841 -0.026393579531284704 0.57622811169537591 0.01908647409067624
1403715606.2621431 -0.15270566087217302 -0.22705649741215153  0.28425624343531819 0.81648564066048024 -0.027711247209174818 0.57651254644697558 0.014716289022069251
1403715606.3121431 -0.1378929895136306 -0.2133419762960605 0.27413842104266545 0.81656336630573445 -0.030076239619498079 0.5763530248800891 0.011699543981241917
1403715606.362143 -0.12438109631515089 -0.20341925899304714  0.26400622867772161 0.81675892854664278 -0.031030310089144381 0.57608258109312305 0.0084161901236266285
1403715606.4121432 -0.11191541381960073 -0.19492445360401797  0.25801229992723823 0.81701247157343337 -0.032066486257593521 0.57570353906701066 0.0052722725916243395
1403715606.4621429 -0.099539294331239619  -0.18706852488129994   0.25500764651014929 0.81637098466008429 -0.032174485315417695 0.57661941732493027 0.0036421784237507205
1403715606.5121431 -0.089631061644303081  -0.18049331158603915   0.25469223113263906 0.81534530352995738 -0.031603731082900967 0.57811040094154964 0.0012666951023143889
1403715606.5621431 -0.077339664268554625  -0.17276327747011841   0.25396169012042852 0.81506436105592217 -0.032157676534789785 0.57847482975803577 -0.001685975325113352
1403715606.6121433 -0.066039906707405782  -0.16606009940504857   0.25318768200094488 0.81438724758295955 -0.032572244527368323 0.5793861602698962 -0.0049129571957069055
1403715606.662143 -0.051242473242716718  -0.15759585690772129   0.24856564702033979 0.81383595116992735 -0.033764133524916744 0.58006352729063526 -0.0075718014896014761
1403715606.7121432 -0.039196121953989423  -0.15001773026084048   0.24367272899744025 0.81303782518311929 -0.03577630587441194 0.58099440566456562 -0.011621159406965759
1403715606.7621431 -0.028964198063266493  -0.14550302527132927   0.23944109359439705 0.81231306385232405 -0.037074594938360246 0.58183063306873695 -0.01568678194657781
1403715606.8121431 -0.018834698503043971  -0.14244797751943727   0.23422973024379615 0.81049752078046078 -0.037670599533945949 0.58423449707112418 -0.018567368460025151
1403715606.862143 -0.0091081503935743196   -0.14087998743893948    0.22853243435919968 0.80799894246242798 -0.035733586235471675 0.58784677115130535 -0.017233497652397567
1403715606.9121432 -0.00064047008103704131    -0.14147952770769948     0.22311206767095795 0.80540571085622081 -0.032441497226165079 0.59166462066781511 -0.014218538178060841
1403715606.9621429 0.006273093256897142 -0.14303113792846764  0.21656366024212564 0.80335302748388981 -0.027040481127297261 0.59482478776022907 -0.0087291167291729237
1403715607.0121431 0.012622387573451153 -0.14410643886072061  0.20986854286506973 0.80423578434012499 -0.022779503316640564 0.59386345257942164 -0.0034780894066238415
1403715607.0621431 0.018176230627026266 -0.14515634396309152  0.20302253980888316 0.80586776703643281 -0.018451847987005599 0.59180398686625657 0.0021708262901204709
1403715607.1121433 0.021465195493070507 -0.14667191553073192  0.19604140730064962 0.80771610019915296 -0.015405914518220249 0.58934564118127575 0.0053920772954681806
1403715607.162143 0.024955533870990979   -0.147193825516031  0.18942712295255859 0.80910993219195182 -0.013307647323654657 0.58745925023674739 0.0074601248195321976
1403715607.2121432 0.028107799871077241 -0.14706841696451739  0.18295121501442677 0.81077555478275332 -0.011813942719151479 0.58517172509418902 0.0088024243500414885
1403715607.2621431 0.024230786647646212 -0.15092403721425177  0.17636885605292454 0.81178377597851448 -0.010979244173855153 0.58378224237341381 0.009211446406771016
1403715607.3121431 0.022720765515911082 -0.14878063089618784  0.16903549581231322 0.81244348099297303 -0.010944103470918147 0.58285783395756363 0.0096209243597415398
1403715607.362143 0.022930651019973648 -0.14723550829736287  0.16431109273261318 0.81199893019289915 -0.011208149670792559 0.58347761121380537 0.0092731849316120378
1403715607.4121432 0.023654693295228877 -0.14526697210180034  0.15987415750844905 0.81152218108741148 -0.011460653068768725 0.58413228927652616 0.0094800663991763418
1403715607.4621429  0.02176245089406317 -0.14356166182852245  0.15668935908239701 0.81110124569147979 -0.010769000922784357 0.58471704801715763 0.01023580065045796
1403715607.5121431 0.019273601347896078 -0.14191820992905682  0.15274551124771663 0.81184370360453884 -0.010513662782534901 0.58368887843105288 0.010322645419670297
1403715607.5621431 0.014315529055707796 -0.13951803041968891  0.15095331177124205 0.81211586844135497 -0.010463618447868464 0.58329612456071489 0.011133731951700721
1403715607.6121433 0.011268818909493527 -0.13558496999292774  0.14933572347863508 0.81247467648152938 -0.011184536762095163 0.58277995934133064 0.011283847028762657
1403715607.662143 0.0079525378869392312  -0.13091274841211067   0.14608870334071375 0.8130960201888815 -0.011670285545796279 0.58188684918138267 0.012097980742444878
1403715607.7121432 0.0041613460487208258  -0.12536455277470784    0.1452702624161559 0.81273035411310734 -0.011894340319336186 0.5823718842923683 0.013072282023713969
1403715607.7621431 -9.9863332696967688e-05    -0.11920559882354852     0.14289034158373715 0.81315268430095378 -0.012635625943931974 0.58176257093798744 0.013242508326658351
1403715607.8121431 -0.0050589943634106902   -0.11259869356256347    0.13814481150791427 0.81353000405979869 -0.014277733298519949 0.58121496903006953 0.012419283461436689
1403715607.862143 -0.0093832748143131139   -0.10543223514370841    0.12951734215471269 0.81411164039385364 -0.017665129561568578 0.58035504834055873 0.0099094923396419055
1403715607.9121432 -0.013834646407727387 -0.098129295821927309   0.12068334181569047 0.81510705441345832 -0.012094628212961226 0.57903407371974391 0.013181475081490094
1403715607.9621429 -0.014798399105821971 -0.096151210751335259   0.12146381804661049 0.81256562344582706 -0.0090428306514165318 0.5825821330002614 0.015918326443758259
1403715608.0121431 -0.015258831916132991 -0.097328596985812865   0.12303065301123067 0.81489621907345255 -0.0077264505908009309 0.57933127724293976 0.016115995443152936
1403715608.0621431  -0.01608452423099075 -0.098303250136813333   0.12156564536909006 0.81455041058774103 -0.0073646884367642284 0.57982332946400095 0.016071608035679873
1403715608.1121433 -0.015778715007577784 -0.098438931841081198   0.11946926268047582 0.81609500315602024 -0.0081632491615743312 0.57766034139010225 0.015193326560431177
1403715608.162143 -0.016205105871925977 -0.098050591940670798   0.11984097846897498 0.8168013146691141 -0.0087548035942234988 0.57666088679576932 0.014872370649979105
1403715608.2121432 -0.018026434623879761 -0.098252881534426531   0.11995105650262884 0.81589708840388619 -0.007897579322417074 0.57793397193336493 0.015552924491290544
1403715608.2621431 -0.019011859644991122 -0.099281648264029798   0.12060016282207789 0.81491662185133851 -0.00841866362276158 0.57932984572995072 0.014729405273837565
1403715608.3121431 -0.019287005424056921 -0.099052089431227786   0.12051051312776485 0.81598700586981321 -0.0083385416556545841 0.57781706594642246 0.014936976793923966
1403715608.362143 -0.019868855760074557 -0.099607447127178395   0.12043642766671539 0.81620443592455094 -0.008729619585937879 0.57751733325408761 0.014416737150191971
1403715608.4121432 -0.020889027530049138  -0.10036927953247482   0.12064326567203597 0.81580003704302551 -0.0083970515898447728 0.5780807793535665 0.014913136060835226
1403715608.4621429 -0.022853472006084383  -0.10051470603211177   0.12079445375227932 0.8160258788456306 -0.0083220535079611864 0.57778757689678095 0.013929266433428579
1403715608.5121431 -0.021253493220323078  -0.09976181255905929    0.1209203606916758 0.81576327248088165 -0.0076324557834755039 0.57815949110652776 0.014269959125273308
1403715608.5621431 -0.021506616458042412  -0.10005628120579189   0.12098532946809992 0.81593641599043665 -0.0078988492141728855 0.57791960012255239 0.01393947760722457
1403715608.6121433 -0.021691722718357391   -0.1002020920269954   0.12126080098855832 0.81620758377425773 -0.0079451174803026551 0.57753563260895779 0.01395164379502142
1403715608.662143 -0.022301795047979536  -0.10010625781511917   0.12117216573492365 0.81617494871232865 -0.0079087285888152052 0.57758212895514915 0.013956697968138856
1403715608.7121432 -0.02305589817020115 -0.10001715598417302  0.12120382280047617 0.81613177750143362 -0.0079905008739721232 0.5776452825848043 0.013820316771165473
1403715608.7621431 -0.02385001038318647 -0.10010159052957529  0.12149678233560256 0.81587016864106421 -0.0079946645051603617 0.57801141522078547 0.01395554139100807
1403715608.8121431 -0.024372470470344888  -0.10022768732886443   0.12149068823237842 0.81599196472958591 -0.0080740686022752022 0.57784285149954107 0.013768147436581555
1403715608.862143 -0.024905156715366684  -0.10051049537863371    0.1216705911912449 0.81620532312875627 -0.0081158076010400138 0.5775391721637092 0.013838669723749641
1403715608.9121432 -0.025749456910001904  -0.10070124310264615   0.12196415128467056 0.81615605108631806 -0.0081576593030455811 0.57761047663182563 0.013743731481593337
1403715608.9621429 -0.026768919558310206  -0.10070811618721165   0.12218211054998773 0.81596910565150171 -0.0082024078133019884 0.57787270986653405 0.013793850798866952
1403715609.0121431 -0.02762493707840892 -0.10078977266227625  0.12249303785690695 0.81595203552655038 -0.0082228580081364615 0.57789745404469606 0.013754742270056013
1403715609.0621431 -0.026282514795262082 -0.098029443315661852    0.1222684070569276 0.81612767759079941 -0.0081587303682036857 0.57765110714808698 0.013720327970444956
1403715609.1121433 -0.024423322819784349 -0.097906998778757692   0.12250206268450312 0.816227137962792 -0.0081887118849454568 0.57750899201590677 0.013768383765212647
1403715609.162143 -0.024949109258767074 -0.097675154746023521   0.12291622580829255 0.81624852046004004 -0.0082545501712268862 0.57748022781686204 0.013667542897372688
1403715609.2121432 -0.025589500899434247 -0.097492956259678548   0.12343585046916707 0.81618135880659259 -0.0082745913934106803 0.57757359906115902 0.013720726709472263
1403715609.2621431 -0.025580822650762277 -0.097779632868209579   0.12384131238978167 0.81617128058699873 -0.0083638783767615195 0.57758608110462994 0.013740640366200145
1403715609.3121431   -0.0255794132662517 -0.098049007644365568   0.12418521462715267 0.81626242034290453 -0.0084722103422003869 0.57745700534582234 0.013685385083949626
1403715609.362143 -0.025963099033051818 -0.098219443250649935    0.1247001520934209 0.81634171149274526 -0.008538110694731536 0.57734399336648023 0.013682984561335824
