# time_in_imu_clock tx ty tz qx qy qz qw; Hamilton IMU-to-estimator-world; NO GT alignment
1403715278.862143 0.0011944891979325106  0.018520733704125228  0.095044265299163433 0.80851362024226159 -0.0084271301521014214 0.58841377097806102 0.0019858206186869781
1403715278.9121432  0.041477585048386778 0.0094451542457857588  0.099594616852909018 0.81186491334815547 -0.0060491909543938941 0.58381330034360102 -0.00089448583095328978
1403715278.9621429 0.053720043272043369 0.012207506028784964  0.11307651677821277 0.81105101264429691 -0.0066264613647630021 0.58493719241458042 0.00090875111554169965
1403715279.0121431 0.061450005818691041 0.013873829945593722  0.12755860534532074 0.8108476157049328 -0.0060217485605095575 0.58522378163277378 0.0017343763534120647
1403715279.0621431 0.068666197656684372  0.01549123587534266  0.13687834021285947 0.81111814572000462 -0.0058175807358948209 0.58484977463384535 0.0020616859274176814
1403715279.1121433 0.075639532201667567 0.016914965268544951  0.14083689815865513 0.81112615270893695 -0.0055774639113238371 0.58483942169000969 0.002471259842931024
1403715279.162143 0.082066574159974703 0.018152560064703005  0.14017284964595372 0.81157084608719132 -0.0049315811859010619 0.58422536966210681 0.0030263396210132095
1403715279.2121432  0.08787152565384293 0.019164783255871686  0.13532016021690882 0.81212256915663572 -0.0045576478454044589 0.58345777621264228 0.0036309626190770975
1403715279.2621431 0.091136558368774559 0.017325348150919989  0.12995791654229202 0.81233422812293643 -0.0040161436003895989 0.58317265762526793 0.0025736761211167134
1403715279.3121431 0.096659222145265761 0.018823340701505605  0.13017793802044419 0.81389300491304106 -0.0040029150225632691 0.58099425490241208 0.0027980341909534306
1403715279.362143  0.10197611092544683 0.018894453856820672  0.12664564704018602 0.81475115426956446 -0.0046397280884184697 0.57978826850142529 0.0021431863654921626
1403715279.4121432  0.10415434835548218 0.016795201972516275  0.12060185173906936 0.81430989737222914 -0.0048495410983367647 0.58040955581154241 0.00078772800727130749
1403715279.4621429  0.10864820106904823 0.016739204015004706  0.11998593271412783 0.8151765680422588 -0.0049420909989911525 0.57919136047477437 0.00032650081513910435
1403715279.5121431   0.1111465050246624 0.023693052078905572  0.10943824916375997 0.8143684739089686 -0.0057302497951676416 0.58031865679820727 0.001187228868993392
1403715279.5621431  0.11455359885943384 0.024501260548449057  0.10949920528843893 0.81409967249769921 -0.0051726723214444298 0.58069906761469614 0.0018866827016556045
1403715279.6121433  0.1173771678649816 0.02466436614120918 0.11174714204757355 0.81448941340291459 -0.0051156598461199526 0.58015228952952991 0.0020362790966783886
1403715279.662143  0.11993101775690522 0.024568522602513462   0.1156337249459139 0.81476806501736343 -0.0049317352169885092 0.57976262416309343 0.0019944520888645224
1403715279.7121432  0.12249039780584001 0.024276721161539658  0.12036324469326094 0.81467229953040232 -0.005015075691171606 0.57989664300871213 0.0019434044572781278
1403715279.7621431  0.12482330352013575 0.023887638000437701  0.12601583951211526 0.81483297376069042 -0.0050948328462895598 0.57967061613200732 0.0018012061840537617
1403715279.8121431  0.12670519563198201 0.023182779586025472  0.13230502151319892 0.81504297455082597 -0.0055159354877107438 0.57937236564414651 0.0014785191721947628
1403715279.862143  0.12743669781634548 0.021015908897533242  0.13910103005885979 0.81521351612416393 -0.0051779173713820507 0.57913574032242743 0.0013807901240890914
1403715279.9121432  0.12820512044035484 0.020874295603528416  0.14696325059879306 0.81568272959435106 -0.00529904102436996 0.57847243079741306 0.0018032229654073426
1403715279.9621429 0.12767224141896838 0.02036336485643149 0.15068158156615719 0.81696044930846556 -0.0049496796125484037 0.57666779019106607 0.0023204942568556017
1403715280.0121431  0.12664126034988635 0.020877280768519055  0.15541103053203437 0.82014111618554364 -0.0051142905724163787 0.57213266706693922 0.0025699900277293868
1403715280.0621431   0.1271523900031617 0.020107071873908106  0.16165709474279352 0.82443155562690162 -0.0051443426959229856 0.56593201883176658 0.0026638103977132625
1403715280.1121433  0.12704425448488671 0.020519570991660116  0.16688762451155564 0.82818150923814204 -0.0034050527904434667 0.56042071692462725 0.0056932778971618709
1403715280.162143  0.12877034876045454 0.018593676054179911  0.17407123159691748 0.8303481638825716 -0.0014193731121546981 0.55718628365170364 0.0079597378860099162
1403715280.2121432  0.13189062482594258 0.017567043062494948  0.18201431593092782 0.83110889353549411 0.0016066812682812965 0.55597655063383811 0.012062371525050779
1403715280.2621431  0.13581845017254579 0.017066535944069473  0.19020471426693814 0.83063855277512755 0.004297773735572284 0.55656973385844211 0.015851029534462775
1403715280.3121431  0.14071120448274702 0.017391831740370498  0.19849331061217518 0.82963697044059426 0.0064774313284302523 0.55795326750042196 0.018673281638230017
1403715280.362143  0.14643160371014285 0.018457943060271074  0.20696056330518722 0.82810930080958844 0.0078921964630040333 0.56011271518256767 0.021129255511161731
1403715280.4121432  0.15297562515714272 0.020136854651945136   0.2153182449646851 0.82642238174403893 0.0081504449642012932 0.56248658681942432 0.023842333099549352
1403715280.4621429 0.16158239622677231 0.02236559390917623 0.22399578138115542 0.82574924312664644 0.004973128668916027 0.56351385644439 0.023782116436189726
1403715280.5121431  0.17224122611981252 0.026417452456391655  0.23337950818349429 0.82477241539843249 -0.001525622209817105 0.56500061918022904 0.022856850191275344
1403715280.5621431  0.18215060161199503 0.028687036117834085  0.24215197669743388 0.82372233976986486 -0.0090777132662197817 0.566464730841296 0.022733473091762251
1403715280.6121433  0.19480522542311532 0.030897446050140609  0.25219980609359877 0.82265803726569497 -0.017811985269841606 0.56775317927051816 0.023933539878595742
1403715280.662143  0.20981625461374587 0.032228643439066874  0.26357748975807466 0.82184881253646436 -0.026665636474123094 0.56840978394840547 0.027636763116551832
1403715280.7121432    0.222177741805416 0.030342374344341019  0.27258971741647808 0.82082986575777284 -0.036490596184643925 0.56912794695204816 0.031625114518572417
1403715280.7621431  0.23155287856411988 0.032550587502158689  0.27830769319982207 0.81989418205769315 -0.047047540134775787 0.56936593742967445 0.037181830106129958
1403715280.8121431  0.24195488419645295 0.034973530937569497  0.28392896376610943 0.81930149022001497 -0.058056938814337135 0.56877477983193836 0.043240141141087408
1403715280.862143 0.25278470111079648 0.03737065053335635 0.28983135240707891 0.81790821720313944 -0.068801594900345139 0.56903044467722319 0.04996840803140102
1403715280.9121432  0.26289218368179984 0.041049719041904825  0.29475210722105655 0.81672275414536133 -0.078565237701202731 0.56885096596847518 0.056568761723252398
1403715280.9621429  0.27483077653409022 0.045633852598568378  0.30090884109045268 0.81568009908369743 -0.086806843495350686 0.56854164503530913 0.062377445777523417
1403715281.0121431  0.28488338569833738 0.049089740265576748  0.30582586100982573 0.81462979765968102 -0.094224269079475981 0.56835034864720824 0.066917569247415487
1403715281.0621431  0.29187020054406093 0.052180576498264047  0.30940075572494513 0.81380570471745473 -0.10034806203380209 0.56787370648505897 0.071902676572629762
1403715281.1121433  0.30243930899976329 0.056620410494877933  0.31432850080834629 0.81301292908847533 -0.1056543023822472 0.56754941437285078 0.075728513574035303
1403715281.162143  0.31242948175662977 0.060404175146181828  0.31899642699962522 0.81203524666397175 -0.1097833288269402 0.56769831204047461 0.079151787051554456
1403715281.2121432  0.31995357429662247 0.064438452384718722  0.32207403060079604 0.81123368862512313 -0.11356544496785374 0.56763894237234036 0.082394315649449407
1403715281.2621431 0.33100212101557547 0.06888350486652435 0.32621797791648788 0.81074437271675126 -0.11837324226011088 0.56693470317124417 0.08524306402918666
1403715281.3121431  0.33644856131077056 0.067853103534574785  0.32728579277922021 0.81000238120493417 -0.12336280585568354 0.5664161791615252 0.088602892491207411
1403715281.362143  0.34553792895942143 0.069665602019806747  0.32943562007018184 0.80959637972454734 -0.12912917968590568 0.56510003961971877 0.092419165286990096
1403715281.4121432  0.35656316229786345 0.069756876085516645  0.33182097619813233 0.80911735087426517 -0.13535833859696952 0.56362181268302569 0.096631697461960764
1403715281.4621429  0.36740509114474307 0.071598245948411521   0.3339533895394125 0.80800148242099212 -0.14234398099626172 0.56251620619476794 0.10221209932224533
1403715281.5121431  0.37830554330819255 0.073096627341224199  0.33583529784236693 0.80666071193158317 -0.15038144087459379 0.56119603411844821 0.10836479758776911
1403715281.5621431  0.38921545403366165 0.074158483801554348  0.33706706576671697 0.80519734366134632 -0.15920573687632322 0.55942858718474964 0.11554404764787229
1403715281.6121433   0.3969941620997362 0.075302564980122097  0.33506294898203071 0.8030453305554518 -0.16873576254900094 0.55805085688543232 0.1233923848522558
1403715281.662143  0.40822291866101051 0.075715272114233581  0.33449388645049533 0.80066623660547498 -0.17985417614670862 0.55626820562380219 0.13096463757323865
1403715281.7121432  0.41413578805526502 0.078053042396178413  0.33191655581873597 0.79822931638566741 -0.1906031656699097 0.55400331421526394 0.13993112426327009
1403715281.7621431   0.4242949624969044 0.079339891497204912  0.33061450320668057 0.79547669161026902 -0.20276796672231789 0.55149183583261208 0.14818481631413269
1403715281.8121431  0.43073609412959168 0.080804613298704059  0.32712648316786458 0.79230859280811605 -0.2148011022823002 0.54907959713727317 0.15690499108792502
1403715281.862143 0.43973834548757917 0.08318874151172044 0.32414415273963038 0.78859002761007591 -0.22727563641505619 0.54682180130426838 0.16570296033694248
1403715281.9121432  0.45466298990011722 0.084300680928877575  0.32148398312848209 0.7854964207801276 -0.23969777274406659 0.54329792620708806 0.17426334686967351
1403715281.9621429 0.46654737629276177 0.08528106981643982 0.31824043407356006 0.78168409256876037 -0.25207799790986485 0.54056543806922164 0.18225166545120644
1403715282.0121431 0.47886484615342889 0.08465112735326942 0.31438773174387463 0.77774681040219129 -0.2643043977726251 0.53783094557967825 0.18971283088957658
1403715282.0621431  0.49040665997839727 0.085284066166360098  0.30988882521099881 0.77361540939915141 -0.27605329251658084 0.53516851393560294 0.19725222361965106
1403715282.1121433  0.50219031785591772 0.085776893720939079  0.30507527976673987 0.76960927103978138 -0.28636342018142835 0.53224948498035929 0.20593214234245605
1403715282.162143  0.51413487584106909 0.086126856057947662  0.29988114739948857 0.76549149339968492 -0.29734431782128945 0.52940915892742824 0.21292034340538135
1403715282.2121432  0.53057436436142769 0.085108229976820451  0.29460508028255938 0.7614703897905728 -0.30761435487904859 0.52624431897842339 0.22046126845202357
1403715282.2621431  0.54824057015355743 0.085273315306208824  0.28897507462839428 0.75776365559332381 -0.31865684821991896 0.52197691429018356 0.22757890124633337
1403715282.3121431   0.5620384910837134 0.084742020639871823  0.28348983815154988 0.75352888160907527 -0.32894555174381873 0.51859158731214283 0.23463123009949718
1403715282.362143  0.57662520883399226 0.084317566770058375  0.27789745738679733 0.74907263025552429 -0.33913114304761988 0.51514168844700126 0.2418869637687367
1403715282.4121432  0.59221047658804116 0.083414732847574363  0.27205056208950734 0.74539004643787321 -0.34852309448063312 0.51034996456998805 0.24993648182768527
1403715282.4621429 0.60899464953632831 0.08268467660587267 0.26516629714887641 0.74076369176427925 -0.35920320348472373 0.5066298924632916 0.25606320241827341
1403715282.5121431  0.62673692216231491 0.082938438222889002  0.25959190799815524 0.73614996294900781 -0.36876611315595459 0.50279002726792754 0.26324318475117453
1403715282.5621431  0.64284724272438643 0.084745653175027982  0.25600779968967757 0.73156680625443971 -0.37775587168448937 0.49881592119211499 0.27072714337471299
1403715282.6121433  0.66022025549608054 0.083869738859810194  0.25031100705859904 0.72549990759667315 -0.38671064600044502 0.49681659414241114 0.27798926621701059
1403715282.662143  0.67738778398369115 0.083487439553553311  0.24417076415972472 0.71944105079745158 -0.39560940618975698 0.49500592624430012 0.28437106945796903
1403715282.7121432  0.69488373644916723 0.082817385428334764  0.23775726252712465 0.7130506713702579 -0.40494395363713209 0.49329103199194446 0.29024660588450496
1403715282.7621431  0.71246777004834205 0.082626949732717572  0.23088375110082737 0.70666958455683648 -0.41431445636881642 0.49180907232383303 0.29510246675697399
1403715282.8121431  0.73073823547916117 0.083444591713021876  0.22327918612477515 0.70095760596090639 -0.42382260000367405 0.48905651675036282 0.29976084099775696
1403715282.862143  0.75210308639684498 0.078180602791102491  0.21480873939402675 0.69519352651648081 -0.43264384248342896 0.48639656518832464 0.30486660627847201
1403715282.9121432  0.77020148444105296 0.077812867761642257  0.20797167026703317 0.68898140738358116 -0.44059418959174351 0.48383724836009651 0.31158128550518738
1403715282.9621429  0.78824302635306698 0.077221779144280966  0.19960273344850965 0.68291979152062443 -0.44932047563811006 0.48078834258256936 0.31713441654679408
1403715283.0121431 0.80608972281466151 0.07700862367306878 0.19245446162088992 0.67633240310626597 -0.45789751042442234 0.47820312533629911 0.3228407058817323
1403715283.0621431  0.82436809876413242 0.076787281388452283  0.18509556309153094 0.66937313345475902 -0.46680047095041366 0.47585056394160641 0.32802922023180275
1403715283.1121433   0.8438612892025098 0.076175016938212201  0.17694413797713812 0.66233654370150596 -0.47619776270198455 0.47329645725662295 0.33247023509405665
1403715283.162143  0.86177952046788731 0.075486616673712897  0.16941296080469623 0.65496318091479344 -0.48524445647850262 0.4715093809275438 0.3365114452736826
1403715283.2121432  0.87852337049700135 0.075161487897038221  0.16276980836163615 0.64768477090967813 -0.49380114418806231 0.46951327901883516 0.34091369634442648
1403715283.2621431  0.89452831039832714 0.075840176692101469  0.15610755794005765 0.64092379547810796 -0.5016548510584512 0.46684932127476214 0.34584795795949635
1403715283.3121431  0.91004244204814599 0.076695626063544409  0.14933131306783901 0.63413804394079076 -0.50978957714560214 0.46421646191120081 0.34998086340727624
1403715283.362143  0.92451884240364524 0.078198034390874804  0.14295062306465753 0.62766405082274024 -0.51658410470894478 0.46134725642961721 0.35543974320791949
1403715283.4121432  0.93824131085518925 0.078834898043223217  0.13506216850463851 0.62187706067902537 -0.52489055104953763 0.45691566102640013 0.35914747601638014
1403715283.4621429   0.9524983853406771 0.078986314080699643  0.12747499578409979 0.61756153920572421 -0.53222175700495045 0.45185525248547681 0.36219411572485027
1403715283.5121431   0.9658729873563342 0.079723668710671922  0.12225162884290298 0.61361558491784096 -0.53899936283337202 0.44569455900678928 0.36648596273649942
1403715283.5621431 0.98011572692295457 0.07696670974086052  0.1141789705033241 0.61026044189007067 -0.54540582104950719 0.43934953661388687 0.37025216826726548
1403715283.6121433  0.99186280554010986 0.078378833999000988   0.1086725611463128 0.60719969849153543 -0.55128966100193744 0.43318246223807594 0.37381972959371129
1403715283.662143   1.0045620185532318 0.079192491195636761   0.1033087198313772 0.60467149690337463 -0.55606760191060423 0.42802790835194104 0.3767669208010232
1403715283.7121432   1.0198569441837582 0.080383952877726886 0.099533063464461322 0.60198452218906806 -0.56015379398210585 0.42389721463662011 0.37967553720982261
1403715283.7621431   1.0321741888989846 0.080709204360884648 0.095156285335991464 0.59960252557711102 -0.56311337405985551 0.4215661682868912 0.38165705159525581
1403715283.8121431   1.0440655624691049 0.080608520092399147 0.091083624333099952 0.59682130668349709 -0.56520732458735479 0.42114151889575796 0.38338600546131246
1403715283.862143   1.0557683137638816 0.080361255358794639 0.087046561190059185 0.59483481644413205 -0.56619283926803698 0.42039708161147754 0.38582833447017256
1403715283.9121432   1.0672887577402161 0.079761143588171893  0.08319382453680299 0.59258248142734848 -0.56714647178802768 0.42118106789919224 0.38703667821938287
1403715283.9621429   1.0785986739923701 0.079077095057467364 0.079173014160180161 0.59113492669572265 -0.56783472090303222 0.42132389814395049 0.38808427052665273
1403715284.0121431   1.0936667857497675 0.074716153254295259  0.07117630973568792 0.59141559862424464 -0.56942795961960435 0.42008267951243411 0.3866651405040728
1403715284.0621431   1.1064247370721998 0.069891482931147206 0.062617131793687011 0.59232587969974682 -0.57055982066239186 0.41886401228119208 0.38492139781950513
1403715284.1121433   1.1177625971081715 0.066152877350515629 0.056806416152396295 0.59297807332856312 -0.57182012246563851 0.4183671614105271 0.38258027961230001
1403715284.162143   1.1287895605481748 0.063103011794233776 0.051209165575743343 0.59364942013802013 -0.57277270160239879 0.4186323271443656 0.37981412946147058
1403715284.2121432    1.140266156413815 0.060606071404010496  0.04638709873329247 0.5932270781341622 -0.57449532752620613 0.42029975580168383 0.37601179195871887
1403715284.2621431   1.1509135221647655 0.057568185039434838 0.041801917636024762 0.59276454188209449 -0.57583223289191809 0.42229242010960416 0.37244670674875346
1403715284.3121431   1.1584272272710399 0.052702686184116249 0.035427090836586357 0.59226559443919435 -0.57679393206645746 0.42516552607445174 0.36846234680457834
1403715284.362143   1.1671002880546149 0.047729800335647471 0.031282143281304214 0.59176759523199884 -0.57699941285240497 0.4275831928787297 0.3661357725884597
1403715284.4121432   1.1746212627157679 0.041893040951948984 0.027991716465337733 0.593055319147611 -0.57479789974917561 0.42759627578987169 0.36749719428220656
1403715284.4621429   1.1811807653779152 0.035342581614033343 0.025040137549913615 0.59493937230231875 -0.57203810591138293 0.42707854283628077 0.36935547500839838
1403715284.5121431   1.1868979966341959 0.027963999779887731 0.022375899772442996 0.59751652535464861 -0.56833900336645826 0.42578128965782369 0.37239102104890898
1403715284.5621431   1.1921637490701762 0.019663436932031278 0.019839367685681404 0.59943162530744032 -0.56473681876461557 0.42553054680769015 0.37507040118683105
1403715284.6121433   1.1966794104827916 0.011083032809174782 0.017374089386194471 0.60113473186327204 -0.56109595696209136 0.42559405215416629 0.37772749966009062
1403715284.662143    1.2000541168399879 0.0020932057582386445    0.0107003758034823 0.60303369302233634 -0.55796238582220681 0.42518719755057577 0.37979492904266271
1403715284.7121432     1.2044435005499228 -0.0063494846803989532  0.0073602893269143861 0.60432232282704146 -0.55553899533788864 0.42545121455791873 0.38100159950201018
1403715284.7621431    1.2076305895811383 -0.014743167769770135 0.0037031358897013943 0.60513169960111002 -0.55349158782752728 0.42554965315332788 0.38258356086365908
1403715284.8121431     1.2120170434576938  -0.023270127180018071 0.00070364210593589437 0.60447278861096543 -0.55286545570665013 0.4251792128901356 0.38493515381332194
1403715284.862143    1.2169235099656479 -0.031757018528303559 -0.001149946783528895 0.60189715282927958 -0.5534479421560774 0.42527915261046667 0.38801138526354273
1403715284.9121432     1.2228849720184447   -0.03742739811260045 -0.0025299017313491919 0.59700323999878946 -0.5563744214639782 0.42603893899281986 0.39054507682653455
1403715284.9621429     1.2268504825662752  -0.045403894867282434 -0.0037284131490857631 0.5905817917197318 -0.55979975568847862 0.42672275901471574 0.39464549631168994
1403715285.0121431     1.2309567502274286  -0.052421573169113438 -0.0044836345630643107 0.58176844258234939 -0.56480346991457264 0.42851570746025058 0.39864371065853688
1403715285.0621431     1.2342921842563657  -0.059220581257893361 -0.0052962344633242708 0.57304718629429841 -0.57033406117084207 0.42860101577788889 0.40328296545071629
1403715285.1121433     1.2372817096894313  -0.065482057008853387 -0.0051421873268554224 -0.56522086787757331 0.57626404554271393 -0.42552667099935992 -0.40911144276183531
1403715285.162143     1.2399831419625509   -0.07022566095579548 -0.0043599448305182672 -0.55830734013102123 0.58337379220302765 -0.42084001589212922 -0.4133541018913387
1403715285.2121432     1.2466955563171271  -0.073133712580306473 -0.0030675643610986398 -0.55158532595715604 0.59186834576247405 -0.41523958561750984 -0.41595862295344843
1403715285.2621431      1.248459416154432  -0.072150058332616632 -0.0030567165460202751 -0.54550289160503607 0.60013785062202596 -0.41041969963128855 -0.41691345103736099
1403715285.3121431      1.250919597183505  -0.074848055194756347 0.00068227923179763332 -0.54075909644860165 0.60847899409219985 -0.40600050125038534 -0.41532698725350442
1403715285.362143     1.254135255751641 -0.075792991806458335 0.0078836515636114164 -0.53689818049514848 0.61617799006368357 -0.40142987854376938 -0.4134236095754722
1403715285.4121432    1.2560777559402962 -0.076196494282402952  0.017623148743881992 -0.53461886917488699 0.62260503140857248 -0.39681474665359484 -0.41119787988891537
1403715285.4621429    1.2570381592863087 -0.077644151765595137  0.031870651477978233 -0.53300433211692289 0.62715532391174578 -0.39320212627101442 -0.40984712946377905
1403715285.5121431    1.2578080002576797 -0.077502421355240048  0.048449181749164676 -0.53126934109367496 0.63098237301012583 -0.39071001540667305 -0.40860716590059976
1403715285.5621431   1.2573350893083448 -0.07880356859930078 0.067402800249369732 -0.52903289567618361 0.6340081562953902 -0.38993489307725282 -0.40756426757534053
1403715285.6121433    1.2562355337634472 -0.081126563783867983  0.087247449342508387 -0.52693159934076106 0.63628232329155821 -0.38971665945735928 -0.40695063585683405
1403715285.662143    1.2540252155643437 -0.083866727259862162    0.1066867362407975 -0.52588897636727316 0.63772902301116863 -0.38875904186608651 -0.40695071582682429
1403715285.7121432    1.2505089520973294 -0.087384177017958142   0.12548524232883457 -0.52460677130388422 0.63926105438896619 -0.38836618927280053 -0.40657685973668567
1403715285.7621431    1.2456832003386196 -0.091412354979334143   0.14430545543153159 -0.52385220427610868 0.63894350177983339 -0.38761552831818258 -0.40875943024596062
1403715285.8121431    1.2361531510494499 -0.094398947400948091   0.16187105518109526 -0.5231711838428923 0.63883865922590666 -0.38694342197160936 -0.41042888308179976
1403715285.862143    1.2228664555746662 -0.097007164089816217   0.17877937283747164 -0.52460260629333522 0.63747011059771752 -0.38445577132780601 -0.41305898302484068
1403715285.9121432   1.2138791293102564 -0.10234940246985547  0.19599166398814027 -0.52677974395247007 0.63545065565212222 -0.38088764291290078 -0.41668953558844368
1403715285.9621429   1.2037881822560257 -0.10718322516124675  0.21236457447492993 -0.52941269938052471 0.63422274033556369 -0.37671812074156114 -0.41900735898170205
1403715286.0121431   1.1935595908425283 -0.11326468271121738  0.22811826789294093 -0.53192447595639303 0.63249248148462678 -0.37313220505749106 -0.42164199303777855
1403715286.0621431    1.182978027008635 -0.11988342200204959  0.24268586799496628 -0.53385166510885829 0.6311160331490685 -0.37006254942221106 -0.42396776042267281
1403715286.1121433  1.1731738086210617 -0.1261147528849112 0.25660240728654815 -0.53443012870201112 0.63098494513414416 -0.36880377430910455 -0.42453057911647796
1403715286.162143   1.1627389476582886 -0.13311982589594237  0.26973813868361785 -0.53377313987143593 0.63196187607269427 -0.36931543686702217 -0.42345782603960652
1403715286.2121432   1.1527902715792824 -0.14092599652976762  0.28174194108114931 -0.53258390894860974 0.63375170898713407 -0.37027053971226637 -0.42144142974569215
1403715286.2621431   1.1420702808963514 -0.14884863542214335   0.2934567725506248 -0.53203996590928937 0.6347200137473954 -0.37098396775500431 -0.42004151520117922
1403715286.3121431   1.1314851856211052 -0.15806654031520506  0.30517837834422212 -0.53236742419272642 0.63440202414812896 -0.37044720033825945 -0.42058039561622934
1403715286.362143   1.1185978461858666 -0.16848505375609241  0.31808224641667082 -0.53325378899539466 0.63302247680584667 -0.37063689874275446 -0.42136828270647025
1403715286.4121432   1.1083692011153523 -0.17907295267383033  0.32870035085947075 -0.53376086812178725 0.6323946199692152 -0.36994276791158021 -0.42227802306748891
1403715286.4621429   1.0999096239542163 -0.18979168761424947  0.33914892948712883 -0.53406982181920348 0.63138277928245645 -0.36905279332645141 -0.42417596252676648
1403715286.5121431   1.0895263262128285 -0.20147186172922255  0.34871872986288288 -0.53439671257158283 0.63065877811390014 -0.36803356497778822 -0.42572403529787661
1403715286.5621431    1.081136387929478 -0.21391596477856475  0.35865928363486754 -0.53390698237005263 0.62987913597485345 -0.36771030380165054 -0.42776715712893909
1403715286.6121433   1.0707161582009146 -0.22681092397054956  0.36797165444473412 -0.53195116674332377 0.63007398001217374 -0.36819045364038777 -0.429500321024468
1403715286.662143  1.0623841604834665 -0.2392180978417181 0.37817477909110059 -0.52791572459158354 0.63076802229972184 -0.36838617467404922 -0.4332762583872582
1403715286.7121432   1.0536896534663047 -0.25127540434108642  0.38848397991831046 -0.52238645989692278 0.63132318819824595 -0.36912413499364366 -0.43850973937275028
1403715286.7621431   1.0437644680130367 -0.26414308301142309  0.39657833063034181 -0.51701275282059855 0.63310211484951662 -0.36806387571281723 -0.44317999615189774
1403715286.8121431   1.0348907476477609 -0.27611737500364375  0.40420906307598664 -0.51316606221518157 0.63658997616387358 -0.36421140855655737 -0.44582938969463642
1403715286.862143   1.0256554137974581 -0.28802027811926212   0.4100181266017236 -0.51038481440883965 0.64119052809138599 -0.35965427371787928 -0.44612873848611095
1403715286.9121432   1.0201143810187521 -0.30099149586755103  0.41690584548163101 -0.50894018298710797 0.64538991350237385 -0.35398087159005931 -0.44626146174500614
1403715286.9621429   1.0159111585657836 -0.31688013935975873  0.42498118321004213 -0.50760300180585638 0.64890352902275883 -0.34900589665391601 -0.44660753092652783
1403715287.0121431   1.0091824404918448 -0.33044108072487055  0.43106528238706238 -0.50622579832971626 0.65149941579881532 -0.34476997600011927 -0.44768026086496293
1403715287.0621431   1.0035394191591605 -0.34641230627367792  0.43869137994758295 -0.50420859874652357 0.65390250858773924 -0.34204116010700686 -0.44854547484662233
1403715287.1121433  0.99722064947914046 -0.36060369786128976  0.44552880701620345 -0.50272696392658356 0.65487139230846736 -0.3394838016828941 -0.45073252342387987
1403715287.162143   0.9944807578510455 -0.37580028323091985  0.45442915421235375 -0.49998120529174039 0.65524255907599838 -0.3386643440746912 -0.45385288936285806
1403715287.2121432  0.98975659208002853 -0.39159238275300579  0.46199676491165731 -0.49706902190078717 0.65433020012134413 -0.33947413685278055 -0.45774631302045032
1403715287.2621431  0.98563389303234938 -0.40681406639919948  0.46939817795918459 -0.49453304895169847 0.6537054603072181 -0.34002568165597324 -0.46096504257205451
1403715287.3121431   0.9844796570623312 -0.42506868176017021  0.47820295587564643 -0.4922024769134149 0.65290568998598075 -0.34188204904001285 -0.46321436317155812
1403715287.362143  0.98193496285754078 -0.44068437872797495  0.48536409522882035 -0.4902394691223495 0.65286936191994138 -0.34284724037341563 -0.46463171324094832
1403715287.4121432  0.98012873804663081 -0.45623800332413622  0.49228324535689788 -0.48827736871464605 0.65365464821476305 -0.34478175966919511 -0.46416198709906153
1403715287.4621429  0.97863811216017738 -0.47148701248583547  0.49918185728919229 -0.48534805806055242 0.65562204750680908 -0.34746718675194932 -0.46245383282065705
1403715287.5121431  0.97811854048190594 -0.48628700807227088  0.50624779597305058 -0.48192336885081688 0.6582708121506663 -0.3491938132155018 -0.46096972269119713
1403715287.5621431  0.97863136235048143 -0.50596997569100766  0.51616757703436633 -0.47772341180794781 0.66170967561868543 -0.3499021313961943 -0.45987949013582741
1403715287.6121433 0.97694993890816018 -0.5194594470390943 0.52352450633860192 -0.47190296052238379 0.6668075925385446 -0.34969829224856741 -0.4586789016093889
1403715287.662143  0.96998407516733831 -0.53751978357012442  0.52973904026876262 -0.46521802482055563 0.67231451286183352 -0.3485449748295335 -0.45834679632184239
1403715287.7121432  0.96603144355237858 -0.54980758970983246  0.53773029665602279 -0.45805163361963169 0.67773043814747658 -0.34593416469546051 -0.45956469386069038
1403715287.7621431  0.96090925977963326 -0.56255984203063625  0.54829346155560055 -0.4506614069844877 0.68277152528805662 -0.34213158861448539 -0.46224811149718215
1403715287.8121431  0.95487392009292682 -0.57300280679531002  0.55725684169822398 -0.44319571229207388 0.68696395863940629 -0.33680267002664532 -0.46714242110872367
1403715287.862143  0.94774214026719861 -0.58274769873921295  0.56653717691793914 -0.43499615646843615 0.69122691500729116 -0.33108283986999809 -0.47261807939477751
1403715287.9121432  0.94041319155561964 -0.59685178441063313  0.57862832910463924 -0.42669588650316281 0.69515088340374509 -0.32403681033473869 -0.47926612157794063
1403715287.9621429  0.93173981341132628 -0.60542332647725039   0.5882357989791146 -0.41753308351246921 0.69943440399990719 -0.31634588294751093 -0.48619226754034661
1403715288.0121431 0.92276088419953772 -0.6136100352320859 0.59731729928848099 -0.40761562217995223 0.70420286448994718 -0.30859863268920873 -0.4926608509932105
1403715288.0621431  0.91377015472988787 -0.62109246949428165  0.60618532295329475 -0.39720153191182173 0.70884331452074967 -0.3017229049037819 -0.49873378385924816
1403715288.1121433  0.90734511138566609 -0.62931611408172328  0.61516651572631742 0.38752072753744554 -0.71362773177032335 0.29552177267127444 0.50321966183210698
1403715288.162143  0.90040358204441151 -0.64132397410539521  0.62503961013826204 0.37994005115990837 -0.71769254474618327 0.28961474712554303 0.50664214884646308
1403715288.2121432  0.89213654092336825 -0.64730748633483914  0.62794415800945735 0.37378478773900625 -0.72133715443808888 0.28430195724807006 0.50904816981007139
1403715288.2621431  0.88439006144031129 -0.65092924453706713  0.62961089510095902 0.36837491119486476 -0.72484433129061632 0.27972849799782729 0.51054146511905807
1403715288.3121431  0.87818667794129879 -0.65564581689186185  0.62563747625018762 0.3647177948564399 -0.72688644430344096 0.27484354309925441 0.51291135103407959
1403715288.362143  0.87040364759280453 -0.66108870141887532  0.61952336484961856 0.36153188238625555 -0.72907862835780324 0.27167005992361126 0.51374549168947115
1403715288.4121432  0.86292253199856939 -0.66548778596847158  0.60982192116809553 0.35858860374330709 -0.73094163883344265 0.27010392929151622 0.51398677148949112
1403715288.4621429   0.8554949761514018 -0.66943418261949272  0.60068401292053031 0.35616131121056838 -0.73226737823594279 0.26946708776775269 0.51412167409883991
1403715288.5121431  0.84535052763766594 -0.67493597759789337  0.59995765516230981 0.35448006374758673 -0.73276576111768343 0.26922832231499366 0.51469829434590397
1403715288.5621431  0.83714583762492667 -0.67696842759718301  0.59732362174633302 0.35312666810602655 -0.73389049001790974 0.26939000994148304 0.51394097664745153
1403715288.6121433  0.82945719045068522 -0.67927276934471226  0.59772357384144836 0.3518911104936332 -0.73435797951623139 0.2705170309625779 0.51352851939847288
1403715288.662143 0.82110353089746491 -0.6816845295301861 0.60168215124813929 0.35147710308522734 -0.73513131682187349 0.27086226710308947 0.51252260954452478
1403715288.7121432  0.81190816756577444 -0.68437585031264447  0.60900754935186163 0.35191761029246249 -0.73478959362374008 0.27091603405533426 0.51268192006353264
1403715288.7621431  0.79968074311399517 -0.68916798055548223  0.62270022627456856 0.35424032783548359 -0.73430811019959263 0.26881650537033819 0.51287725224520442
1403715288.8121431  0.79127285577191953 -0.68993885585174253  0.63077382300801488 0.35594496771114853 -0.7339415296257199 0.26740128752679548 0.51296156043194907
1403715288.862143  0.78350479782324556 -0.69039311145851734  0.63658458956206587 0.35753490603835786 -0.73367074852785619 0.26455200981168914 0.51372001890457208
1403715288.9121432  0.77950255527800838 -0.68156112737864283  0.64262575985142845 0.35879604080983707 -0.73318426473880549 0.26072509077888545 0.51548876037887081
1403715288.9621429  0.77024422176677276 -0.68171251381905662  0.64078300516380793 0.35820410312822581 -0.73373994195995651 0.25697350240904548 0.51699142849212842
1403715289.0121431  0.76086494634994351 -0.68141368584246964  0.63512588584779628 0.35621855977875366 -0.73565454548488984 0.25345436186837517 0.51737956456209744
1403715289.0621431 0.75157199055614332  -0.681008958817795 0.62613126972916222 0.35309024306572567 -0.7379870159412687 0.24999328705595517 0.51788589571530841
1403715289.1121433  0.74358032678727781 -0.67722586649234962  0.61384294007685347 0.3492033132147449 -0.74042588375163243 0.24542146765826289 0.51922524969701067
1403715289.162143  0.73549590993698022 -0.67572392905617296  0.60055816081171287 0.34612453564742046 -0.74240199977693688 0.24068833281346591 0.52067859855916565
1403715289.2121432  0.72698920478312168 -0.67581579800334979  0.58705302951883986 0.34327528950354352 -0.74383766731097956 0.23637002464224893 0.52249096810972873
1403715289.2621431  0.71906170972352124 -0.67617158693774848   0.5735247594028251 0.33989604019936959 -0.74593943208420266 0.23274541530349405 0.5233303136393781
1403715289.3121431  0.71377551434910003 -0.67458839273270266  0.55830953711020748 0.33609502285478876 -0.74801400515360639 0.22777920755819814 0.5250064916841114
1403715289.362143  0.70749761135596589 -0.67011913869399653  0.54024641955646902 0.33110893338007158 -0.75015506287649314 0.22291852796446548 0.52720165569431976
1403715289.4121432 0.70114786911393157 -0.6707710212267356  0.5248890877274961 0.32537931968186556 -0.75338207936969204 0.21818520916177062 0.5281467175993807
1403715289.4621429  0.6955857579627327 -0.6684220775753662  0.5065883882749499 0.31863433986184436 -0.75696518718496275 0.21353835383746395 0.5290342468037651
1403715289.5121431     0.68868973159614 -0.66535225126425723  0.48620362726786304 0.31181428876954592 -0.76081274826986522 0.20853932976948478 0.52957261950415369
1403715289.5621431  0.68189704334776746 -0.66696722861742641  0.46722397921292391 0.30416633038855084 -0.76446495447639817 0.20361560752268848 0.53067585323672672
1403715289.6121433  0.67621518733730324 -0.66917910282156545  0.44819482613320155 0.29710659552173813 -0.76823957751980831 0.19879267248048105 0.53105281827492179
1403715289.662143  0.67075863142655667 -0.67208273829840648  0.42846307506490755 0.29148347601999197 -0.7719597919379213 0.19401903422871428 0.53053942096268514
1403715289.7121432  0.66486634415017387 -0.67540135529384393   0.4085959663299315 0.28589070483702428 -0.77509875288651497 0.19127566756087441 0.53000193128016115
1403715289.7621431  0.65912410130690124 -0.68058434034092385  0.39000130694632529 0.28254645554821273 -0.776533443526637 0.18843844575457236 0.53071109250081294
1403715289.8121431  0.65401025868115337 -0.68622600368448405  0.37391726651813789 0.2799793674386381 -0.77760487419668589 0.18712786688596489 0.5309664536191766
1403715289.862143  0.64899229650440737 -0.69282078198378549  0.36054219245809865 0.2780630264434571 -0.77783381970992893 0.18708206348108156 0.53165383828599189
1403715289.9121432  0.64405385807014337 -0.70071288856224645  0.35012675031939655 0.2764121909040459 -0.7779512243859944 0.18874398543100721 0.53175549001357503
1403715289.9621429  0.63960375261124891 -0.71057975741146606  0.34516236185995819 0.27682398033011252 -0.7782922087959897 0.18927181274797014 0.53085393710582041
1403715290.0121431  0.63369539684181031 -0.72015223254449046   0.3398382789271292 0.27755216846380532 -0.7784181984398304 0.19034800143062269 0.52990333125023481
1403715290.0621431  0.62725962801850066 -0.73115875739890546  0.33851360417310694 0.27930187011130003 -0.77750951882265962 0.19175379912627849 0.52981118713474296
1403715290.1121433  0.62424672664468461 -0.74117895884126617  0.34015962523021476 0.28152000083740686 -0.77535779627909918 0.19307345806773754 0.53130915357020814
1403715290.162143   0.6144308072698208 -0.75524317043946199  0.34429525174120451 0.28487847214588852 -0.77393424182597226 0.19486784334280191 0.53093932710622116
1403715290.2121432  0.60805930133080877 -0.76796862104163277  0.35085876669454075 0.2889393216790368 -0.77358817250585754 0.1950338267851052 0.52918542511700317
1403715290.2621431  0.60161133976865022 -0.78133499580894394  0.35949258098415043 0.29219263157189923 -0.77403658475847581 0.1960968371279998 0.52634291291791724
1403715290.3121431   0.5933887633779279 -0.79561821547003186  0.36736759518926132 0.29472305424268747 -0.77442336200878303 0.19756337471664073 0.52380863933639676
1403715290.362143  0.58557660976972747 -0.81148339365950928  0.37501265204377127 0.29714949196336832 -0.77521585352293987 0.19888229185868606 0.52075751925214531
1403715290.4121432  0.57763592054847335 -0.82829351378062477  0.38184058007497246 0.29790880463686453 -0.77680018644475557 0.20143605485907212 0.51696743636523235
1403715290.4621429 0.56959729410349347 -0.8458564955934581 0.38806469041007435 0.298836792349161 -0.77819657770203421 0.20309945431682572 0.51367039008250603
1403715290.5121431  0.56139506578765008 -0.86428411402227234  0.39445720644257459 0.29897604733928484 -0.77769933736347563 0.20530611756350539 0.51346515156609085
1403715290.5621431 0.55282163133069995 -0.8825622311626502 0.39811202567216503 0.2993482111599135 -0.77628693752922295 0.20633042083661049 0.51497281145148577
1403715290.6121433  0.54281659224268164 -0.90274224302595929  0.40323805756248576 0.29819805971808072 -0.7746140687012294 0.20889114349940721 0.51712227946396716
1403715290.662143  0.53396178582276022 -0.92156832770257402  0.40661387691626683 0.29708311852453728 -0.77422731417237078 0.21060154484235646 0.51764918234957735
1403715290.7121432  0.52437394072263566 -0.93962835908206943  0.40466902848156044 0.29614540013738838 -0.77220705592746131 0.21079900921432315 0.52111221677059982
1403715290.7621431  0.51751194910801279 -0.95676949831344926  0.40629744793532169 0.29520333255782022 -0.77000010345793168 0.21059477229142462 0.52498064250508747
1403715290.8121431 0.50664386304527376 -0.9775074503534702 0.40912331756125303 0.29355731741443819 -0.7687224294628231 0.21171646917988504 0.52731969858067751
1403715290.862143  0.49577791703059076 -0.99843937758732926   0.4113758819402516 0.29164588457080304 -0.76888611385600714 0.21317930306568925 0.52755227861961529
1403715290.9121432 0.48749380599786418 -1.0191085783636844 0.41303270521632196 0.29037665843235339 -0.76952179460539094 0.21325791970141275 0.52729371658458524
1403715290.9621429 0.47796745869408497 -1.0397683245670626 0.41399651308675645 0.28713558699459296 -0.76989545476256127 0.21498798594124094 0.52782033810582596
1403715291.0121431 0.46831596862178881 -1.0604122020001379 0.41494842558334283 0.28247831919789074 -0.7703526681111641 0.21776415650730602 0.52852770793763193
1403715291.0621431 0.45830309893471843 -1.0810042112451577 0.41563698165659618 0.27721773887313816 -0.77116018773497674 0.22138339477973343 0.52863189709136993
1403715291.1121433 0.44796129927057249 -1.1010102036266236  0.4159425362076265 0.27168973078706288 -0.77269234470260906 0.2241557304181096 0.52809605105848068
1403715291.162143  0.4388894048180158 -1.1210855909290194 0.41769022240330667 0.26620742309896273 -0.77376423483176182 0.22685071640655352 0.5281678419291177
1403715291.2121432 0.42879140691649154 -1.1389161321546164 0.41772634154749172 0.26109807765089604 -0.77481216529369257 0.22826748350305129 0.52857152622430459
1403715291.2621431 0.41986834645643578 -1.1547309635792111 0.41741957123079781 0.25614697118073121 -0.77596713026554753 0.2281125952340618 0.52936602251936182
1403715291.3121431  0.4072904515583205 -1.1704052520062098 0.41615194079536022 0.25229843684574743 -0.77726692352476801 0.22677781154124299 0.52988060216627997
1403715291.362143 0.39491496364378126 -1.1843104665818784 0.41357955125873003 0.24854480691399086 -0.77823662450363795 0.22501411056497847 0.53098200090391234
1403715291.4121432 0.38175784816143921 -1.1967648944687614 0.40978496395946762 0.2448741854709493 -0.78000546837472251 0.22252391626832382 0.53114142117149654
1403715291.4621429 0.36825033550677566 -1.2078802823608077 0.40559125808540836 0.24150687417564762 -0.78185728895508855 0.2192239529116343 0.53133272805606924
1403715291.5121431 0.35345299519949264 -1.2187431962954269 0.40197378821334928 0.23915265264749949 -0.78454083830434507 0.21422030945190287 0.53048217762966454
1403715291.5621431 0.33881568985904803 -1.2275074124125946 0.39681240802525147 0.23556587360311784 -0.78723367821294521 0.21046339210824763 0.52960080783851449
1403715291.6121433 0.32348602852125613  -1.234828707360442 0.39195640870609283 0.23151096708398233 -0.78981980351359704 0.2075414423456782 0.52869074117735215
1403715291.662143 0.30733874030887592 -1.2413765874656659 0.38671126135210365 0.2273431420161294 -0.79197731706941621 0.20524108299724961 0.52816959669776486
1403715291.7121432 0.29013537018056923 -1.2468610521462193 0.38117266516735643 0.22347694286422123 -0.79416633628025735 0.20302259724918431 0.52738952524054761
1403715291.7621431  0.2683957727127676 -1.2545341263333625 0.37805669062981556 0.22230801585984947 -0.79523935075849228 0.1978804503686093 0.52822045440477317
1403715291.8121431 0.24892028393422611  -1.258681430738942 0.37343259066291939 0.22216622293558269 -0.79553002773128445 0.19240720247265999 0.52986188087183972
1403715291.862143 0.22470159055543112 -1.2658453571247013 0.37034481222728749 0.22516631012665703 -0.79504506560392973 0.18372273838392436 0.53239969181386759
1403715291.9121432 0.20161800266828281 -1.2735535552736656 0.36555409965551661 0.22818510059578945 -0.79444417512576304 0.17568118495212698 0.53472061277703886
1403715291.9621429 0.17940094457567007 -1.2778787422835405 0.35927305631015155 0.22904143102275151 -0.79464489821070983 0.17136450000773018 0.5354565498337297
1403715292.0121431 0.15705129480807825 -1.2824062105576028 0.35274404068012277 0.23025004483661965 -0.79488370084006243 0.16739022746795348 0.53584076994921492
1403715292.0621431 0.13295784631764102 -1.2896342711747195 0.34709505796697449 0.23112899600028572 -0.79495065933217113 0.16525535735344113 0.53602565545058833
1403715292.1121433 0.10845609130611653 -1.2955326902273805 0.34023139280909798 0.23263294242661364 -0.79473649802257751 0.16564231495191664 0.53557299811147652
1403715292.162143 0.085524295476403181  -1.3027794463549038  0.33337944641386597 0.23581183290132435 -0.79423142928891055 0.16699024408647961 0.53451237083284631
1403715292.2121432 0.062751648110916533  -1.3107360407242288  0.32676383043921553 0.24103447355387306 -0.79276142910725467 0.16910963332139928 0.53369807100675604
1403715292.2621431 0.039576120007733306  -1.3197566961384199   0.3206682739518682 0.24756335106248822 -0.79111990751336458 0.17224331766666504 0.53214088234783941
1403715292.3121431 0.016593222171467806  -1.3294782962782021  0.31439023256779536 0.25589183026035434 -0.7890819473493984 0.17607432440880899 0.52996875743506688
1403715292.362143 -0.0094175255059698957    -1.3391814768304631    0.30795889256260317 0.2659368763314186 -0.78613451703404857 0.17948586492309793 0.52825649378643569
1403715292.4121432 -0.033524292451531774   -1.3507584005963049   0.30263320599558019 0.27548920830965834 -0.78278467513714556 0.18515963067595154 0.52637416316086094
1403715292.4621429 -0.062351857018007655   -1.3649659992459218   0.29754754323712962 0.2872669216041106 -0.77970826873223342 0.19028276203946901 0.52280512802889756
1403715292.5121431 -0.088147395037406789   -1.3803687184816389   0.29342178636193972 0.29752765796851394 -0.77487211745985041 0.19801545542122612 0.52138313526751467
1403715292.5621431 -0.1122403241917279 -1.3959700276805282 0.28927084363306232 0.30834438560878652 -0.76805629310617429 0.20715566621798193 0.52163186294294439
1403715292.6121433 -0.13716350807572705  -1.4119817316606755  0.28545582305467437 0.32029670259169873 -0.75977967896841148 0.21600164157811291 0.52296094746271737
1403715292.662143 -0.16201743347499523   -1.429042154620954  0.28366455229900772 0.3322784606137843 -0.74900752871667176 0.22538541921879804 0.52704853603956126
1403715292.7121432 -0.18875788838194363   -1.446536484097912  0.27891599099776321 0.34498072494600224 -0.73991044298923692 0.23402154494608426 0.52797230256164951
1403715292.7621431 -0.21039151153677546  -1.4638786748629786  0.27825393895508077 0.35786210289193482 -0.73019581779817444 0.24241101237185897 0.52913673475262346
1403715292.8121431 -0.23059872343009147  -1.4813908955706743  0.27934320781324617 0.37049852283432561 -0.72160213081585811 0.25080070544395672 0.52831828998096364
1403715292.862143 -0.25159476556715704  -1.4995413002028501  0.28090277931366803 0.38330651352436462 -0.71484464173883266 0.25873166055919511 0.52452948696079771
1403715292.9121432 -0.26854222653176951  -1.5176500493191289   0.2867679701099749 0.3956189420082884 -0.7101572190705937 0.26637023965811152 0.51788924718577012
1403715292.9621429 -0.28658829059345536  -1.5368723410781999  0.29483285906538531 0.40574120707101763 -0.70656178870018505 0.27590127656342261 0.50992450149411583
1403715293.0121431  -0.300961507407012  -1.554671070111967 0.30662412618461454 0.41420243247211636 -0.70217872772621448 0.28656041139199295 0.50325392187823892
1403715293.0621431 -0.3142664132935698 -1.5727040261417078 0.32091656958167436 -0.42251024794774555 0.69753001791131852 -0.29689481228112996 -0.49678006696356369
1403715293.1121433 -0.32690217644789604  -1.5900109198161718  0.33728220922878382 -0.42987869598615902 0.69249211327228699 -0.30749890000645286 -0.49102281646349516
1403715293.162143 -0.33619166834562569  -1.6085924714273308  0.35309941136423623 -0.43754638460730128 0.68784363313787744 -0.31600349142102985 -0.48535151290429079
1403715293.2121432 -0.3471978784131079 -1.6258311363176723 0.36918386114350582 -0.44604939297408502 0.68269766172331237 -0.32357604484451941 -0.47985662953401981
1403715293.2621431 -0.35841570252041738  -1.6433075730636868  0.38538018003507313 -0.45333915057088547 0.6768333161615061 -0.33216009660346285 -0.47544710212374319
1403715293.3121431 -0.37142640316763381  -1.6591719269541028  0.39894973151949392 -0.4614404882532247 0.6697853691623572 -0.33981733161433314 -0.47221225756134794
1403715293.362143 -0.38289655871309591  -1.6755932197541399  0.41564942629583956 -0.4686041705773798 0.66260560874413832 -0.3470506827084735 -0.47002102315734595
1403715293.4121432 -0.39461254437932891  -1.6940566400980552  0.43198393835705634 -0.47450693544992789 0.65504751551705132 -0.35569938297403758 -0.46822416594698019
1403715293.4621429 -0.40567315212534444   -1.708981277503832  0.44841468792950423 -0.48063764862716446 0.64801221315286373 -0.36277401302124812 -0.46632889445469433
1403715293.5121431 -0.41669963154403633  -1.7227704394941392  0.46416531865434024 -0.48781693018890815 0.64278822381137979 -0.36780909579213228 -0.46214111589757484
1403715293.5621431 -0.43113362977996672  -1.7331941638747728  0.47647338501954462 -0.49496674227233972 0.63835440656605913 -0.37322205848461826 -0.45630786835480508
1403715293.6121433 -0.44215320166949196  -1.7447237042336488  0.49215979940363647 -0.50226539671716497 0.63468657634347303 -0.37646159837182153 -0.45075390849252012
1403715293.662143 -0.45346841216721556  -1.7565520636748135  0.50848097871048759 -0.50973911339374334 0.63177657841180579 -0.37835792823576725 -0.44482543698395893
1403715293.7121432 -0.46466622173547006  -1.7668857166594845  0.52503155123339296 -0.51693900399991022 0.62783333091589266 -0.38097738712867507 -0.43983588442877597
1403715293.7621431 -0.47607069656756601  -1.7753611195815191   0.5409498119160886 -0.52402275605197912 0.62411580116690035 -0.3835568469180094 -0.43446951913316201
1403715293.8121431 -0.48730557720571993  -1.7843775744281649  0.55748655447822582 -0.53102614366149825 0.61967392430038604 -0.3862150298819893 -0.42994582563784856
1403715293.862143 -0.49981033797491914  -1.7930473409020171  0.57242325105462522 -0.53740843650157444 0.61559864312186519 -0.38984958272208431 -0.4245559866670926
1403715293.9121432 -0.51082645990642672  -1.7991140618785513  0.58219094135646199 -0.54423520822305593 0.61077225719688466 -0.39332893675134545 -0.41959222524146639
1403715293.9621429 -0.52185200635590312  -1.8072615823832674  0.59660120092229052 -0.55078921406018455 0.60505482832621627 -0.39729276800108876 -0.41556991335770477
1403715294.0121431 -0.53306949195262332   -1.816052023623751  0.60825798356940342 -0.55731295078173793 0.59887440755107768 -0.40171375409086924 -0.41155531662890565
1403715294.0621431 -0.54415285229505883   -1.824457552570361   0.6170540838907389 -0.56396862910079582 0.59234381183262508 -0.406366357822804 -0.40735068086796389
1403715294.1121433 -0.55528962937190463  -1.8326702047167469  0.62307907066235735 -0.56963193333727502 0.58526617256521696 -0.41251808629322939 -0.40349943773724373
1403715294.162143 -0.56722984243802466  -1.8386009594626245  0.62401493135723884 -0.57473821952882354 0.57770012979831453 -0.41955478509086708 -0.39989038667015359
1403715294.2121432 -0.57803343356038817  -1.8458547473691056  0.62322958194791644 0.57980097059689528 -0.57007759057077856 0.42635942805585514 0.39630797788058486
1403715294.2621431 -0.58986776550462061  -1.8518517678539361  0.61974139750884805 0.58484596557294055 -0.56304368768699575 0.43306102359877857 0.39165693169974908
1403715294.3121431 -0.60133693746095362  -1.8576563241543622  0.61280838747125854 0.59023090341375739 -0.5558122330387909 0.43910680975673483 0.38715042539699629
1403715294.362143 -0.61345078994440516  -1.8678620358417195  0.60381936627159949 0.59655346430432243 -0.54867242786410619 0.44402253910844308 0.38200329303804409
1403715294.4121432 -0.62572437103619105  -1.8732110666873669  0.59147613467681948 0.60244337827761552 -0.54096411982965265 0.44930472129065374 0.37755140637045875
1403715294.4621429 -0.63822719026551833  -1.8772893902885601  0.57707848736612388 0.60891823385998967 -0.53295812689418876 0.45353206744338243 0.37347407306371355
1403715294.5121431 -0.65008166074182716  -1.8801085076747728  0.56162496069188061 0.61560353051774264 -0.52486334412750713 0.45732065843808678 0.36933531996159724
1403715294.5621431 -0.66269016030417294  -1.8824018839557217  0.54723798261725742 0.62336245432278203 -0.51807967222783402 0.45974066286774951 0.36283774151940135
1403715294.6121433 -0.67494795791888729  -1.8843502045437419  0.53256521498822229 0.63222251050955425 -0.51133232847491428 0.46065594022041101 0.35585116523775512
1403715294.662143 -0.68829990585733447  -1.8857199526210642  0.51894758766733839 0.64167537823339782 -0.50367100413682908 0.46046988851053922 0.35005101104826947
1403715294.7121432 -0.70289413568791592   -1.885747811261314  0.50549045706887674 0.65107678146902426 -0.49599950453139813 0.46024405437923227 0.34388795638275887
1403715294.7621431 -0.7165353342246088 -1.8854734974648404 0.49094181782514673 0.65944080886192258 -0.48810140775174399 0.46096501743515539 0.33823969024835926
1403715294.8121431 -0.73013711395090752  -1.8852685745980242  0.47775980418318198 0.66682225006325047 -0.4805067722153547 0.46279317441476009 0.33209005765134636
1403715294.862143 -0.74127761751411925  -1.8877157192465357  0.46308824841450347 0.67374620054463397 -0.47227633614636594 0.46491661952144675 0.32691536589855319
1403715294.9121432 -0.75179313267867154  -1.8905409446310071  0.44975238854591842 0.67994289971106503 -0.46357672872303485 0.46766424805759155 0.32259017469179962
1403715294.9621429 -0.76401610554930011  -1.8942589229625044  0.43586139113433098 0.68474410960064513 -0.45401580548916987 0.47238965891417439 0.31912875596566059
1403715295.0121431 -0.77465987802627612   -1.896165210881307  0.42414399771631006 0.68850566980312888 -0.44526485229979307 0.47801204595467539 0.3149660900440136
1403715295.0621431 -0.78188285156714232  -1.8982071484077732  0.41070950782599847 0.6923189865817182 -0.43713708426251041 0.48303049061361564 0.31030168468524866
1403715295.1121433 -0.78859642843729494   -1.898790370467671  0.39917494535771358 0.69468549049412498 -0.429253392360467 0.49032383987072597 0.30452606866801207
1403715295.162143 -0.79671421289713129  -1.9000709470459896   0.3887875480086172 0.69661185382399482 -0.42180822141015739 0.4976110678455451 0.29865192887425529
1403715295.2121432 -0.80445092004820484  -1.9001712617100037  0.37994518947522965 0.69886841214394113 -0.41409602197696893 0.5042966688157875 0.29290322106722605
1403715295.2621431 -0.81289457017719591  -1.8997518066123742  0.37361807207403858 0.70202056723275286 -0.40698528542484885 0.50952799685940786 0.28620153921021724
1403715295.3121431 -0.82140312596494858  -1.8989922383463835  0.37083258978697708 0.70622616476315425 -0.39875249756173392 0.51368350726130829 0.27994696687038273
1403715295.362143 -0.82687779794656668  -1.9004711663545579   0.3700243728501863 0.71248516801699902 -0.39058675533402198 0.51526059253253231 0.2726048306550225
1403715295.4121432 -0.83406095798744972  -1.9000014172441764  0.37225183163811165 0.71872709303332594 -0.38101343576781899 0.51733554653670355 0.26575187636936298
1403715295.4621429 -0.84119675530356752  -1.8995406117749565  0.37699485128737609 0.72498220099748978 -0.37086937123492875 0.51954319426641327 0.25871139713606744
1403715295.5121431 -0.84902542179011831  -1.8984785310615211  0.38178110963311068 0.7309237668950882 -0.36045465511798819 0.52169843272651639 0.25229671793815239
1403715295.5621431 -0.85772842791290738  -1.8958830876947006   0.3835784324961064 0.73636230251871959 -0.34944656639274357 0.52350909383862843 0.24818518355032781
1403715295.6121433 -0.86666774947710445  -1.8933152417326113  0.38271401008791417 0.74062791357956825 -0.34050667779012628 0.52536217630017545 0.24396737429470003
1403715295.662143 -0.87617433805850509  -1.8903022830206271  0.37820803808954356 0.74335630110496131 -0.33259862560610332 0.52785155389095295 0.24118934658767102
1403715295.7121432 -0.88335290467375738  -1.8878431169656087   0.3708393573783586 0.74522573975638262 -0.32612895939327419 0.53049021315647127 0.23845048206035224
1403715295.7621431  -0.891183085136666 -1.8841913981709628 0.36157803516062359 0.74726478386675499 -0.31966365205791231 0.53304028451043739 0.23511390310783822
1403715295.8121431 -0.89907480796574102  -1.8803156133850751  0.35100848525747574 0.74857704405021841 -0.3140878635021267 0.53674393281869981 0.22997211505750403
1403715295.862143 -0.90753715885198261  -1.8747376962053117  0.34035640055550792 0.74904251731203175 -0.30856105951586288 0.54136066857621101 0.2250644492762475
1403715295.9121432 -0.91650469090767295  -1.8681789354923897  0.32915076973742241 0.75052309149233287 -0.3033113562639253 0.5447199296709232 0.21908333692326798
1403715295.9621429 -0.92263987881897203  -1.8670974593628091  0.31904102144927793 0.75100703583563921 -0.29883228149449542 0.54891946316311224 0.21301437186932295
1403715296.0121431 -0.93227995280112841  -1.8605544246525954  0.30606542093859013 0.75143735029708991 -0.29480302856458201 0.55267346463283284 0.20732854221833374
1403715296.0621431 -0.94219356612281513  -1.8542155342033804  0.29173119542413789 0.7525406307277468 -0.29271516375491796 0.55488829683889718 0.20024837088736749
1403715296.1121433 -0.95408430318257065  -1.8467473129903851   0.2770630954165092 0.75477676077746181 -0.29218251705138731 0.55481811945757709 0.19266102989799413
1403715296.162143 -0.96605259435916313  -1.8386999543843419  0.26392864887948658 0.75893285125167131 -0.29066739549511156 0.55229777690898196 0.18574325858155269
1403715296.2121432 -0.98007457572315471  -1.8314464727945343  0.24887798635342381 0.76359407447377559 -0.28794091747131328 0.5491809401187504 0.18004003022828569
1403715296.2621431 -0.99409407440958897  -1.8254897586252989  0.23319164188656452 0.76853634036182361 -0.28487661072066289 0.54577610577128921 0.17414262136734243
1403715296.3121431 -1.0081535589103128 -1.8208618639546796 0.21876767737678934 0.77493889679627259 -0.2817014741896296 0.54014742170844632 0.16838868279454855
1403715296.362143 -1.0201614790163207 -1.8183693752972461 0.20515458364610736 0.78127709717030125 -0.27744294449034557 0.53453025826327127 0.16403936414981399
1403715296.4121432 -1.0368544829828599 -1.8135315072119029 0.19610011123636725 0.78580496016786727 -0.27260520276477918 0.53194562983900417 0.15884210681156052
1403715296.4621429 -1.0439930842625766 -1.8207669895289182 0.18804983978390966 0.7886744198721386 -0.26838329350538626 0.53138862251406815 0.15358775689861676
1403715296.5121431 -1.0555487885617212 -1.8247453947900403  0.1818429831105739 0.79086289576361668 -0.26487499113335039 0.53140268447775707 0.14828454439464697
1403715296.5621431 -1.0686554245870283 -1.8283517906548412  0.1790708626324814 0.79237478910646819 -0.26005406946533732 0.53231466408083195 0.14544817959503087
1403715296.6121433  -1.081901967829038  -1.833502873040898 0.17897939055560338 0.79357533858968365 -0.25424356455299935 0.53330383726791775 0.1455520835335869
1403715296.662143 -1.0952111796082615 -1.8398353347157057 0.18017713341652616 0.79301965311608491 -0.24817029410516822 0.53649835984505934 0.14731206596528343
1403715296.7121432 -1.1074696381602034 -1.8480023725710761 0.18111387222397801 0.79244505672676147 -0.24317174729203489 0.53930397468798941 0.14849092993848126
1403715296.7621431 -1.1182311408702645  -1.857013553779624  0.1839616474088184 0.79181483473690262 -0.23967564859642154 0.54172323630100949 0.14873058263859887
1403715296.8121431 -1.1293349082295019 -1.8673527848913556 0.18467967359517629 0.79167452298242358 -0.23488749877401699 0.54354839668614396 0.15044750925209985
1403715296.862143 -1.1396492877430937 -1.8786003151994031 0.18589405850996252 0.79131144591592095 -0.22930200954406843 0.5457225247368972 0.153080730257904
1403715296.9121432 -1.1478892519287589 -1.8905343334769589 0.18857853771221916 0.79146718395539206 -0.2226135333394374 0.54781425882521673 0.15466883759707753
1403715296.9621429  -1.156712405696861 -1.9016239954993326 0.18948038282336763 0.79157263605262251 -0.21532904404080594 0.55050385946678015 0.15489243156899171
1403715297.0121431 -1.1655334454923747 -1.9119254620934405 0.18995568566281712 0.79332724745747596 -0.20935388831032789 0.55158014098937314 0.15020711020798758
1403715297.0621431 -1.1755298013996678 -1.9191372033391789 0.18921546705961345 0.79675984592690408 -0.20499759154281699 0.5507736494691412 0.14070580098426741
1403715297.1121433 -1.1839696463480214 -1.9279966963210018 0.18762270212348384 0.79991989386907147 -0.19957648020141902 0.55055847238479505 0.13108302875745134
1403715297.162143  -1.191453789876902 -1.9374397664441334 0.18393001836739631 0.80571570817817462 -0.19428491107141896 0.54662486672854371 0.1194856727767613
1403715297.2121432 -1.1981091136430448 -1.9474634205978216 0.17993226496723477 0.81174363810779848 -0.18714946337810959 0.54250108236204486 0.10835091132432144
1403715297.2621431  -1.203538251563375 -1.9583210840607395 0.17591196630411843 0.81637107005812781 -0.1789417551056007 0.54046498845783908 0.097034635585147896
1403715297.3121431 -1.2074761764073965 -1.9708443950116092   0.171641305775519 0.81983904975741473 -0.16925208650381135 0.54008596564619793 0.086745682422698006
1403715297.362143 -1.2104792139115375 -1.9841551286119405 0.16678822381206473 0.8228206939009336 -0.1585817346836903 0.54015735347443405 0.077768712221518113
1403715297.4121432 -1.2124739257454318 -1.9997520819472876 0.16198933443696156 0.82458911915997268 -0.1461716680118218 0.54176730093721159 0.071936219450503824
1403715297.4621429 -1.2128981850270473 -2.0172893835753865 0.15754591010767552 0.82607053283648113 -0.13470081861015337 0.54318843806714145 0.066403953159327428
1403715297.5121431  -1.213172040488101 -2.0373505827922558 0.15351850361369987 0.82692728943499227 -0.12272537111028538 0.54523859712990697 0.062004947168353135
1403715297.5621431 -1.2109978053686459 -2.0577293617841659 0.14958789785157034 0.82807008619305955 -0.11325712854979952 0.54618340104524665 0.056182271291934462
1403715297.6121433 -1.2111363514807292 -2.0792488963536817 0.14478927688204279 0.83017942561687574 -0.10540698619217011 0.54527208096995261 0.048681066740731506
1403715297.662143 -1.2115721089638971 -2.1018488094400234 0.13736916236989424 0.83223893171954721 -0.098550387929231723 0.54408070092374816 0.040526194635419073
1403715297.7121432 -1.2064711440585061  -2.124159635068104 0.13173979935672683 0.83344338435284837 -0.093269723221821949 0.54373321540923536 0.032047999459080628
1403715297.7621431 -1.2005233301926568 -2.1478824153480378 0.12708100700347086 0.83395409380508145 -0.087848382619305665 0.54427531701845344 0.023824575156331892
1403715297.8121431 -1.1919043609052555 -2.1731620810329999 0.12444229941245921 0.83150838308351449 -0.081111667554092895 0.54927922347754576 0.01752258269599408
1403715297.862143  -1.182071942584709 -2.1998054985808122 0.12314480566164347 0.82774031013277405 -0.073727212771844602 0.55612493095983451 0.01163349659877096
1403715297.9121432 -1.1708584793289285 -2.2278570636374515 0.12252820928554986 0.82332172159872474 -0.065434554641445833 0.56374992322215822 0.0067591323110785294
1403715297.9621429 -1.1567789453862385 -2.2581700817655452 0.12081199636634725 0.81673756179676438 -0.057107992238160744 0.57417621922551032 0.00031882393494670158
1403715298.0121431  -1.145378264310668 -2.2880183321761853 0.12078264754606285 0.80986199460192565 -0.04686190091446963 0.58472756336060583 -0.0046031063904237801
1403715298.0621431 -1.1350020628088766 -2.3182249372284267 0.12045262047445869 0.80468829327958813 -0.03469032544604024 0.59262319797329022 -0.008430729692130828
1403715298.1121433 -1.1256373581782231  -2.348816480613666 0.12018908637658067 0.80074899338479533 -0.019924629340513235 0.59860124988138752 -0.0089778827861056749
1403715298.162143 -1.1173274261073112 -2.3814781588115608 0.11796411443914387 0.79960860324606686 -0.0027126727950388292 0.60047366311763473 -0.0070783418447099584
1403715298.2121432 -1.1105282247996919  -2.413020150772371 0.11618002327009996 0.79987312378096964 0.015282210439557239 0.59996326125397659 -0.0036776408806953723
1403715298.2621431 -1.1053119506439308 -2.4421644230620982 0.11464772540804166 0.8004613142231074 0.032450357983347347 0.59850384181481153 -0.0013453742526520886
1403715298.3121431 -1.1011304064942837  -2.470834327602645 0.11281228077447417 0.80121109242546618 0.04653116338261222 0.5965694805020465 -0.00070081536110714584
1403715298.362143 -1.0997293497744725 -2.4987283156079521 0.11267246230168299 0.80333815552141863 0.058031591073311954 0.59268782139108867 -0.0011352073070324163
1403715298.4121432 -1.0995941181782902 -2.5242983741651761 0.11259427785627986 0.80572762621270688 0.066743748197214972 0.58851010351112198 -0.0020303939400783885
1403715298.4621429 -1.1001632643514689 -2.5480594705454886 0.11300823554937652 0.80777020808084077 0.073587789166693326 0.58488143722346753 -0.0024150805379529764
1403715298.5121431 -1.1011079701485722 -2.5697301549496547 0.11393601589630589 0.80892614173036215 0.079845634273310206 0.58246169702464756 -0.0012423412939504344
1403715298.5621431 -1.1002204306553507 -2.5886530334560152 0.11645684877441309 0.80954611329855741 0.086202028381760457 0.58068911537327006 0.0021099841418238301
1403715298.6121433 -1.0999996794308131  -2.604414288173885 0.11902393594562011 0.80936127987979767 0.091348934930464032 0.58012729452193246 0.006481733492586207
1403715298.662143  -1.100782297399044 -2.6174368098012448  0.1218374619729483 0.80878640028959536 0.095914225478233917 0.58013231067019688 0.01056040595655494
1403715298.7121432 -1.1024800893128999 -2.6264535235809361 0.12643919281839747 0.80829911360369644 0.098793149324314988 0.58025233145140398 0.014131115995290742
1403715298.7621431 -1.1043464197116046 -2.6323978557964303 0.13068665600580118 0.80769387587211183 0.09971741054513121 0.58088389702270238 0.016153609274032765
1403715298.8121431 -1.1076288857727703 -2.6346263770736704 0.13552514612332972 0.80844904512546334 0.097973238422854339 0.5801592414302108 0.015054586403740911
1403715298.862143 -1.1169469794916529 -2.6314283329065011   0.139342036431606 0.81313384898938534 0.090807028935344189 0.57491775884927376 0.0060825721016154475
1403715298.9121432  -1.121590471627377 -2.6260193722229106 0.14196622782523599 0.81832370628904894 0.081936519405269276 0.56884218980040957 -0.0071611183609256975
1403715298.9621429 -1.1262961626555879 -2.6184469606877614 0.14473183714909651 0.82319874813713612 0.074446956913860635 0.56244126733336575 -0.021477720366819504
1403715299.0121431 -1.1307810032498191 -2.6093405257292424 0.14784457527028672 0.82692694608456641 0.071330471220885733 0.55681697189589785 -0.032536894801778897
1403715299.0621431 -1.1336567271276188 -2.5989222132213197 0.15133375694487003 0.82940084437298633 0.070621529177210013 0.55254523924137056 -0.042433448619532063
1403715299.1121433 -1.1350552006195294 -2.5877009050555482 0.15524563499163269 0.83061187136839199 0.072856132565669959 0.54976595008760609 -0.050331930359794837
1403715299.162143 -1.1337235789176987  -2.575050324956623 0.15873172250973616 0.83109009000386724 0.0765286604704387 0.54786306020896303 -0.057259878470308494
1403715299.2121432  -1.131928526032455 -2.5625916842116716 0.16268893601709289 0.83116077565683155 0.081657919878224711 0.54630969622586234 -0.063635406341924189
1403715299.2621431 -1.1285254388330452 -2.5495400332997198 0.16621684957542227 0.83130485833405732 0.08772863851336396 0.54437967244498908 -0.069904869097016042
1403715299.3121431 -1.1265235596064096  -2.533100913674101 0.17064582527042063 0.83036635218454524 0.09456125067543561 0.54377321835140535 -0.076554412245044279
1403715299.362143 -1.1198296070256959 -2.5195892392203252 0.17419167472510078 0.82970754163965899 0.10221621303700555 0.5423986216061274 -0.083312522578661466
1403715299.4121432  -1.111782851266361 -2.5062300158861559 0.17830528785507255 0.82834707220590986 0.11029982844040971 0.54172735400558758 -0.090590009029793972
1403715299.4621429 -1.1010180693638927 -2.4931745165722328 0.18306417231221142 0.82645820195689879 0.11936492355213939 0.54144881500383157 -0.097734518848298577
1403715299.5121431 -1.0885231036026344 -2.4800386620048993 0.18745518406245579 0.82348955199138885 0.12894124043418745 0.54230745534685143 -0.10555443217382064
1403715299.5621431 -1.0773021058728884 -2.4674410420070121 0.19309898680266471 0.82031710042496864 0.13927024088087042 0.54296086309093583 -0.11347755684232125
1403715299.6121433 -1.0627424344030951 -2.4539089337246507 0.19709039550388327 0.81624425881238738 0.14996058349124705 0.54464998129836295 -0.12088643938206668
1403715299.662143 -1.0474281347277115 -2.4404294918442617 0.20001871710116753 0.81298558269173782 0.16098606851292119 0.54447043663951111 -0.12918928634259369
1403715299.7121432 -1.0312264681453924 -2.4271240105889129 0.20250955159889489 0.80903172846229121 0.171663362661156 0.54484569630731794 -0.1383564941611915
1403715299.7621431 -1.0140208481386916 -2.4140502942471165 0.20436808635456494 0.80596407197090358 0.18392448031552114 0.54329528053189635 -0.14636918522870093
1403715299.8121431 -0.9959507038444354 -2.4012999208359718 0.20556445114335528 0.8018736317875006 0.19560787527156112 0.54259512929977127 -0.15597039281810426
1403715299.862143 -0.97732098403965184  -2.3883869086626195  0.20608826057532093 0.798322202115749 0.20776843594313016 0.54057346415758833 -0.16520977115010863
1403715299.9121432 -0.95875985096362715  -2.3769143829391242  0.21080744320332112 0.79381581446059923 0.22067229633453195 0.5394980642568209 -0.1734993631280623
1403715299.9621429 -0.93922857734141219  -2.3646563295645069  0.21176003650794273 0.78901983378086515 0.23344564878885229 0.53839582411262898 -0.18188119072639403
1403715300.0121431 -0.91711767002759315  -2.3532615508947234  0.21273847903982465 0.78511223880090708 0.2451279150881818 0.53642826376146535 -0.18909202935980154
1403715300.0621431 -0.89420622995468946  -2.3429150615186725   0.2157156327056744 0.77888259885360023 0.25578498265212724 0.53823371219382532 -0.19550041153605563
1403715300.1121433 -0.87267589170360271  -2.3338061302859763  0.21937776412430662 0.77315437649129282 0.26398855254285525 0.54030081837702526 -0.20153753967885343
1403715300.162143 -0.85173920806574432  -2.3258243403409686  0.22111228176805808 0.76740673961453576 0.27307551265595748 0.54307856730978765 -0.20391745906278483
1403715300.2121432 -0.82942993949734389  -2.3169159233634327  0.22175455659583798 0.7619412672869369 0.28227782332424523 0.54637831187876351 -0.20306520128524119
1403715300.2621431 -0.80781372038240618  -2.3088118827220763  0.22242227328361977 0.75636790051475522 0.288751376017297 0.5504936243191314 -0.2036836063678327
1403715300.3121431 -0.78863820324900347  -2.3002618051638661   0.2247602124294325 0.75283475305771963 0.2911812402122228 0.55263201949508833 -0.20748776100236549
1403715300.362143 -0.76919165316596638  -2.2923915383526281  0.22525758703090248 0.75012289500300433 0.29180783946850763 0.55422777991807526 -0.21212118042316092
1403715300.4121432 -0.75050541085900646  -2.2849582055177917  0.22610701263433794 0.74873328080105384 0.29114896461047995 0.55446959755199565 -0.21724230715416318
1403715300.4621429 -0.73283605904179527  -2.2790074264777247   0.2270329132437397 0.74803576820740525 0.28971910175867605 0.55446200321937467 -0.22153378646260971
1403715300.5121431 -0.71897750053546261  -2.2784245204731981  0.23292669799591775 0.74784370693454361 0.28874491995925433 0.55458601473868496 -0.22313787991371503
1403715300.5621431 -0.70654689227222411  -2.2781241216665555  0.23730257872739427 0.74873019205766889 0.28682251637704181 0.55378478856440971 -0.22462936485486504
1403715300.6121433 -0.69259980198810434  -2.2758489667112376  0.23797434075396867 0.7499795909564313 0.28578236619250919 0.55249868831428151 -0.22495388801537303
1403715300.662143 -0.68257702624792538  -2.2738087357171031  0.23829396102981595 0.75105159008494493 0.28441060097636972 0.55182557689729528 -0.22476799541995196
1403715300.7121432 -0.67512551289633771  -2.2757836441047541  0.24285462279311193 0.7523332774874637 0.28258862560700004 0.55082411308068291 -0.22523566482996635
1403715300.7621431 -0.66494310720276328  -2.2789759946944459  0.24546563688859568 0.7530048661066735 0.28087294814939606 0.55092590248238993 -0.22488821354508887
1403715300.8121431 -0.65515593893706281  -2.2818099004131072  0.24669977883175309 0.75290416572976848 0.28008836546874682 0.55212139990163456 -0.22326617416542616
1403715300.862143 -0.64591655116581626  -2.2857508674132725  0.24805098393033123 0.75239647578947055 0.28019455321160641 0.5540180335774868 -0.22012399696777193
1403715300.9121432 -0.63804819568697302  -2.2904793333490097   0.2494232295171076 0.7519187005173803 0.2809382020469397 0.55590854224439845 -0.21600390529477725
1403715300.9621429 -0.63099485923497445  -2.2965444772661505  0.25014470026538321 0.75144622461198074 0.28178743340731854 0.55765612363536565 -0.212000145429418
1403715301.0121431 -0.62509870645413923  -2.3032558840017479  0.25052544163368279 0.7510680637558419 0.28222157780873042 0.55917587887469611 -0.20873447513506818
1403715301.0621431 -0.62051405974319762  -2.3091636080532241  0.25012592878767875 0.75013011166622678 0.2825956916357491 0.56138166595102856 -0.20565776371091557
1403715301.1121433 -0.61692342279260637  -2.3155234217365401  0.25012239433664529 0.74838620400680067 0.2828606991269787 0.564640826810618 -0.20270335774305731
1403715301.162143 -0.61395220027498865  -2.3217837400390819  0.25008685719326151 0.7463717431877841 0.28371536824949561 0.56802487197315443 -0.19945564822727679
1403715301.2121432 -0.61351980179681154  -2.3296830714198515  0.24990720497563831 0.7443045192799288 0.28438047880563649 0.57160286901382829 -0.19598134092028113
1403715301.2621431 -0.61573693771459204  -2.3377035342530861  0.24953403259947787 0.74279473321146461 0.28551128910940687 0.57408976038796655 -0.19276990201294616
1403715301.3121431 -0.61813334543548626  -2.3458594679169975  0.24855910721645405 0.7413552382104015 0.28646409547955587 0.57613623982379014 -0.19078198536754767
1403715301.362143 -0.62446379000942809  -2.3540807554014522  0.24670930191056456 0.74072582001009357 0.28677086794889567 0.57709437326564195 -0.18986788356999088
1403715301.4121432 -0.63317350058856792  -2.3625386331022131  0.24433228382602692 0.74136744060703186 0.28663790212041057 0.57625965322788641 -0.19009956111855006
1403715301.4621429 -0.64417994119590605  -2.3708118345124083  0.24110545639769715 0.74349221853666925 0.28462802672884335 0.57339657769631036 -0.19344914593253112
1403715301.5121431 -0.65780469654293672   -2.382053574588157    0.235407952487827 0.74780879440541281 0.28275227034748951 0.5673794591340291 -0.19726558234025462
1403715301.5621431 -0.67224521382339153  -2.3910455274603666  0.22997779126739643 0.75327701982058703 0.28116737861380681 0.56009769422859867 -0.19952245370750241
1403715301.6121433 -0.6875575016710449 -2.4010494415441386 0.22445235160797891 0.75878310583878206 0.27959259292504035 0.55291807041047047 -0.20089247792952972
1403715301.662143 -0.70329575390033272  -2.4111346900070831  0.21822400239005293 0.76317975768312096 0.27759029605745766 0.54727285331115882 -0.20246656273599553
1403715301.7121432 -0.71941568156441149  -2.4214487536092735  0.21133063029947866 0.76595070130516041 0.27630619325678701 0.54409202415837499 -0.20233210319995806
1403715301.7621431 -0.7359583873753619 -2.4318257960993792 0.20370180400004578 0.76738141804792181 0.27592266686286615 0.54299702085746437 -0.20036635567370817
1403715301.8121431 -0.7521413465436918 -2.4427624169121138 0.19732969646088075 0.76655363019532508 0.27710641187860058 0.54486811303754756 -0.19679000971857918
1403715301.862143 -0.76738131353971462  -2.4519584930505718   0.1916946838079078 0.76552874606583876 0.27835079858160339 0.54709406895968704 -0.19280729131695623
1403715301.9121432 -0.78591573423546168  -2.4622795522156786  0.18610567121974311 0.76511032845184423 0.27902286756995165 0.54850823247860325 -0.18944958055522571
1403715301.9621429 -0.80325077411417511  -2.4720031136027156  0.18025007170844629 0.76581641664592359 0.27819765127960022 0.54824453765196435 -0.18857149772140833
1403715302.0121431 -0.82117562031931746  -2.4815178627220291  0.17566701299293797 0.76545713235624091 0.27831968308480698 0.54948067490841079 -0.1862378061370209
1403715302.0621431 -0.83969632012717477  -2.4907615944001975  0.17160996418537419 0.76544706543196794 0.27838015183614562 0.55024176285192972 -0.183927386484107
1403715302.1121433 -0.8602291229643545 -2.4995693864109212  0.1676710608201778 0.76636503144776846 0.27851033371711431 0.54968669982749652 -0.18155209891267665
1403715302.162143 -0.88138631387575805  -2.5053541352065167  0.16451978228238923 0.76826322403853797 0.27883273394250541 0.54788983495044274 -0.17843949627264705
1403715302.2121432 -0.9027720310367412 -2.5150257550400443 0.16254183768101232 0.76995544605557931 0.27882909926014982 0.54634300909473632 -0.17587569732182012
1403715302.2621431 -0.92446108416261707  -2.5203618986370078  0.15943492823439004 0.77219467557906107 0.27865353836186635 0.54415462283488969 -0.17309920569771461
1403715302.3121431 -0.94500471109533468  -2.5230841208334174  0.15784850420618368 0.77363765391215511 0.27884497761664967 0.54300506711428842 -0.169928679143557
1403715302.362143 -0.96650314089545553  -2.5251493745003311  0.15666512796314608 0.77454514430596522 0.27814682716366845 0.54287168958439469 -0.16734542305847727
1403715302.4121432 -0.98865959479273158  -2.5269082734933916  0.15682799557026614 0.77484460865305882 0.27722184452565257 0.54358451156461518 -0.16516585647809243
1403715302.4621429 -1.0105059952535365 -2.5280235957511756 0.15762991608061877 0.77558091212880664 0.27420801992302096 0.54380454714934812 -0.16601453265011745
1403715302.5121431 -1.0345136607148759 -2.5281056656144796  0.1574469859784984 0.77742639687268 0.2690826604127956 0.54248570129016738 -0.17003524107210752
1403715302.5621431 -1.0575769882546233  -2.526117686992488 0.15882885379865111 0.77988033937732826 0.26456543244335223 0.54019313811961622 -0.17315646605670498
1403715302.6121433 -1.0807363361782105 -2.5239159786392951  0.1597300177238084 0.78182589799793034 0.2602671818277687 0.53837486931813139 -0.1765269366692972
1403715302.662143 -1.1038897121181643 -2.5209351107154863 0.16094607344565637 0.78356779944832944 0.25784377558022425 0.53675075514362625 -0.17730402678728066
1403715302.7121432 -1.1270653883590185 -2.5197547368479531 0.15892810552301459 0.78540863555746454 0.25481197831228097 0.53463616184667095 -0.17991193775345732
1403715302.7621431 -1.1486527925309948 -2.5193486393167039 0.15564681705587263 0.78721063556335891 0.25306805022247114 0.53239886202024467 -0.18112821130922149
1403715302.8121431 -1.1702912987989014 -2.5178152352225491 0.15413861206191928 0.78986323332550001 0.25169004002316187 0.5288333904559438 -0.18194351192773406
1403715302.862143 -1.1900714063663789 -2.5144077768986257 0.15045531279213301 0.79228761665745184 0.25172079661359731 0.52550376855519032 -0.18100486810515243
1403715302.9121432  -1.209094509789302 -2.5186910876903101 0.14427439266040459 0.793849784465821 0.25325948691418432 0.52187261746378721 -0.18251335056107376
1403715302.9621429 -1.2260860650719503 -2.5134702837796463 0.14090996280112283 0.79476126896945087 0.25613654469479741 0.51853287523163372 -0.18404416079271121
1403715303.0121431 -1.2416208347504347 -2.5073777602034268 0.13766849590143912 0.79479261797644574 0.26118275002142199 0.51543280742825637 -0.18551896541329974
1403715303.0621431 -1.2549051824774975 -2.5007534570068324 0.13422342172352564 0.79410677990198075 0.26701558054042468 0.51234580625314308 -0.18867664581814084
1403715303.1121433 -1.2677590027134651 -2.4930107614636414 0.13042307214234397 0.79242152672522226 0.27495707485517212 0.50939437916211794 -0.19231249945751233
1403715303.162143 -1.2786674958216611 -2.4843321639716374 0.12711412864026039 0.789276677816386 0.28450771142140846 0.50733328327157534 -0.19675016564609282
1403715303.2121432 -1.2877313921656621 -2.4741096726437708 0.12443229507494338 0.78445264897615563 0.29479990288746694 0.50656890858971293 -0.20276833979213696
1403715303.2621431 -1.2955834713216638 -2.4628490777805525 0.12305331744472767 0.77719828699125271 0.30575083449724916 0.50820534265211781 -0.21025360782146305
1403715303.3121431 -1.3030445547345584 -2.4503538256136421 0.12151300313156184 0.76875243484081679 0.31793685601012711 0.51054538050833731 -0.2174379542727273
1403715303.362143 -1.3100133752862404 -2.4381185529683655 0.11845992830768245 0.75986454247644264 0.33097438813747077 0.51263985066498718 -0.22419236158770642
1403715303.4121432 -1.3161431640307053 -2.4246306835632296 0.11768062338391813 0.75126903206111417 0.34387445116700938 0.51392057181506645 -0.23071811624972136
1403715303.4621429 -1.3230293116646845 -2.4114585414514051 0.11607904833951707 0.74354752439438532 0.35648079132653016 0.51365503736243567 -0.23710130108117636
1403715303.5121431 -1.3356402057584971 -2.3984572141579639 0.11040475325352415 0.73674536643246702 0.36813006671781273 0.51184441342642562 -0.24433954952644726
1403715303.5621431 -1.3427241451027001 -2.3845165065797884 0.10991822754249378 0.72909926348270426 0.38044174977902451 0.51075982130906472 -0.25060475644006558
1403715303.6121433 -1.3502881720708175 -2.3700725358942796 0.10935937102469963 0.72318491203187218 0.39028490622472772 0.50677027847141265 -0.26050942370788793
1403715303.662143 -1.3581094198068395 -2.3548808261435199 0.10865234189942637 0.71647750425685053 0.39899820064297564 0.50355527078556284 -0.27183176974301787
1403715303.7121432 -1.3669222653119648 -2.3383475059049981 0.10571004207131197 0.71031459652498696 0.40792315429142623 0.49913707069692048 -0.28269074766001051
1403715303.7621431 -1.3751184094100217 -2.3228847295572481 0.10454088700176785 0.70399347377648647 0.41603194168637325 0.49484583395077947 -0.29400376357852859
1403715303.8121431 -1.3842017273801037 -2.3082191855432468 0.10411293372454984 0.69716445901181479 0.42462433026387841 0.49135811083514669 -0.30368256807928934
1403715303.862143 -1.3936213297202549 -2.2937523075825945 0.10305575504503206 0.69037728092958839 0.43173900394743853 0.48795976304605232 -0.31444540399691401
1403715303.9121432 -1.4042824716993156 -2.2777921147070495 0.10150127529459198 0.68449469016712761 0.43797942914099136 0.48499507082311277 -0.3231421050553816
1403715303.9621429  -1.4122017265963334  -2.2591208387420734 0.097636817767166512 0.67946105474991103 0.44355727079839485 0.48259272665109504 -0.32968755327351879
1403715304.0121431  -1.4209945208737724  -2.2463988926421714 0.095925989369994261 0.67553991054124574 0.44832917989686333 0.47992770802870449 -0.33513604817334441
1403715304.0621431  -1.4298052822070257  -2.2348588685581632 0.093770752106542635 0.67235868798542719 0.45209545784229893 0.47786350161707941 -0.33939647244946519
1403715304.1121433  -1.4377544178852009  -2.2234643504211857 0.092207250707086977 0.67025197723394592 0.45407719600819552 0.4757706230206411 -0.34382917466362845
1403715304.162143  -1.445810207631226 -2.2141117136835535 0.08987285055943306 0.66823362827172794 0.45542804542812682 0.47481873149344911 -0.34726975927550924
1403715304.2121432  -1.4534947183024098   -2.206147367867247 0.086908736308937654 0.66758573831243184 0.45687772160449169 0.47317034191038176 -0.34885793245925562
1403715304.2621431 -1.4607577094015189  -2.198884061133016 0.08297394865309414 0.6679014717579207 0.45803036533958824 0.47117155499985652 -0.34944695478642263
1403715304.3121431   -1.468012862275387  -2.1920948640533093 0.078587300022050777 0.66873141732960972 0.45910411034936843 0.46918436302460975 -0.34912424841285
1403715304.362143  -1.4744252475527251  -2.1852825669404252 0.074606774949717014 0.66992075914096971 0.45948804091534295 0.46774937148818108 -0.34826346664584096
1403715304.4121432  -1.4824206558125506  -2.1825150990763613 0.071485596839004975 0.67121918880021469 0.45976074983209947 0.46656573321707823 -0.34698886161924203
1403715304.4621429  -1.4879298003710231   -2.178781677433649 0.066501704417435553 0.67241563013800698 0.4595847945092304 0.46648717030335546 -0.34500544480396816
1403715304.5121431  -1.4927633080477174  -2.1761057859446189 0.060914094441347155 0.67199601915172724 0.45981855483533834 0.46914892044238454 -0.34188819418212968
1403715304.5621431  -1.4985389028081537  -2.1747442876916034 0.052684901757118228 0.67211168908694918 0.45984949344013326 0.47120287036623909 -0.33878042407163711
1403715304.6121433  -1.5030126858965855   -2.172120681843734 0.040791878630449301 0.67224343421829147 0.45955413311380672 0.4733234845130479 -0.33595184609827905
1403715304.662143  -1.5075650728032208  -2.1705028892347138 0.027908598973059032 0.67239991403713883 0.4579091842107576 0.47540767130390604 -0.33494041363156563
1403715304.7121432    -1.51251675376128  -2.1700551879273999 0.014335243636712361 0.67288927042465629 0.45666070046251744 0.47708408480411846 -0.33327437709351926
1403715304.7621431    -1.5172048804028746    -2.1695031260696309 0.00059853184395493005 0.67380300940400562 0.4563086538032009 0.47819408277734393 -0.33030642769881274
1403715304.8121431   -1.5222000162962073   -2.1696925636578888 -0.011504337983409321 0.67468745691247056 0.45554834269549144 0.47887367647093404 -0.32856132598890214
1403715304.862143   -1.5273419771703116   -2.1701834937843025 -0.020812456472309785 0.675918586519344 0.45514956710185794 0.47895882556300234 -0.32645272150801991
1403715304.9121432   -1.5335802330927206   -2.1690890597991319 -0.029294092687831921 0.67654163493928599 0.455275470797328 0.47933071608145023 -0.32443447181949286
1403715304.9621429   -1.5402048761795026    -2.170355156819201 -0.031314186970306107 0.67776415200555307 0.45497608313705845 0.47870105736205026 -0.32323028278598714
1403715305.0121431   -1.5472641197034458   -2.1732165668686725 -0.030331368548144284 0.6780920309391264 0.4548699060068398 0.4787050954838149 -0.32268560200915597
1403715305.0621431   -1.5536230200134189   -2.1736621875043474 -0.028207956746101038 0.67928972001188848 0.45442998460797884 0.47739999888588325 -0.32271985752215648
1403715305.1121433   -1.5600617230734481   -2.1744646382974486 -0.023630330272331738 0.67984624894546608 0.45415994566756585 0.47674818954912468 -0.32289159993354555
1403715305.162143   -1.5668398591113253    -2.175611413708272 -0.016196628834473391 0.68055520167213579 0.45442846699943745 0.47564840763925226 -0.32264218287103053
1403715305.2121432  -1.5734487405420587  -2.1756857018200622 -0.01203762052959804 0.6818042723022133 0.45461434695250819 0.47349632495102567 -0.32290859399103439
1403715305.2621431     -1.579703552164617    -2.1754486939440199 -0.0083294112771845306 0.68258808979402075 0.45464604121390795 0.47203959800793305 -0.32334052451305972
1403715305.3121431    -1.5852103802879032    -2.1767490366520588 -0.0041858604853132458 0.68244108654287194 0.45572422219202496 0.47136020006493567 -0.32312406054084253
1403715305.362143    -1.5911951499225643    -2.1767013440142611 -0.0015298413318679026 0.68310284642459451 0.45627946927424773 0.46936393056699938 -0.32384725999786479
1403715305.4121432  -1.5970264794778839  -2.1764763023023828 0.001394165914445913 0.68257466767479769 0.45781885239423509 0.46887408410266762 -0.32349778159664333
1403715305.4621429   -1.6028318663286278   -2.1760420419367565 0.0055875045006949196 0.68135968378029188 0.45903253568805602 0.46870252024131343 -0.32458598247314319
1403715305.5121431  -1.6081887848071388   -2.176926759828119 0.014398145428594937 0.68018341333821475 0.45959927866810202 0.46834231163204004 -0.32676368586869142
1403715305.5621431  -1.6132719755711171  -2.1771866723567932 0.025209981358973947 0.67873626353926642 0.46125389149596613 0.46786954299657202 -0.32811586805999166
1403715305.6121433  -1.6215482016354021  -2.1826769882269739 0.042061392495221298 0.67768297393313814 0.46324041779858893 0.46663212406293225 -0.32925455646268992
1403715305.662143  -1.6271361910718734  -2.1828997116629911 0.059393104409748022 0.67598881180086112 0.46475140025825956 0.46629319669168856 -0.3310829457962059
1403715305.7121432  -1.6324882482177505  -2.1838236956088557 0.079000650307441952 0.6759730320409959 0.46492420658854822 0.46389827245539994 -0.33422198445674867
1403715305.7621431 -1.6371746188460581 -2.1863039953214112 0.10169568473999996 0.6748489024993799 0.46608545895346459 0.4631603970885107 -0.33589544551293643
1403715305.8121431 -1.6416333557258971 -2.1870332617700443 0.12235831122730544 0.67441803662761768 0.46697362938715908 0.46191307282858218 -0.33724213034315642
1403715305.862143 -1.6454284047460472 -2.1877433409437193 0.14234470360098067 0.67384426121339991 0.4684558594907845 0.46135176425965518 -0.33710171900039504
1403715305.9121432 -1.6484304348028638 -2.1894773553959692 0.16181926969204916 0.67384326498879488 0.46975662412174318 0.46032704599699897 -0.33669419217839341
1403715305.9621429 -1.6511068684186374   -2.19004840313645  0.1803675994053586 0.67359301691489393 0.47057165401944717 0.46006688488558695 -0.33641228786797495
1403715306.0121431 -1.6534288573202396 -2.1904515750001035 0.19775025063775678 0.67367058627318288 0.47112533149332975 0.45958005024127341 -0.33614734958924619
1403715306.0621431 -1.6552673352543175 -2.1909538079443989 0.21389580799464661 0.67398973240859739 0.47212858164426585 0.45902948282484007 -0.33484978258903042
1403715306.1121433 -1.6566800478478103 -2.1915214205368532 0.23002291115329429 0.67516592301263778 0.47259606878745902 0.45747936188017757 -0.33394096128333478
1403715306.162143 -1.6558172977809531 -2.1907621431351174  0.2449337120767362 0.6769567971796645 0.47089543663394628 0.45486676112598029 -0.33627847408410805
1403715306.2121432 -1.6562215068027013 -2.1879456002443085 0.26480611191685421 0.67865725645850539 0.46659266137258992 0.45393349034876751 -0.34008822818386952
1403715306.2621431 -1.6552354006144832 -2.1878842155723035 0.27915937143202479 0.68007714014527154 0.4611612339122691 0.45398395439851197 -0.34456344689626017
1403715306.3121431 -1.6530920256804582 -2.1883436082500975 0.29300313622625251 0.68185331367771818 0.45381128170068524 0.45483191632124215 -0.34965598396630276
1403715306.362143 -1.6503480236367256 -2.1891135412932625  0.3077533035103962 0.68371508771006972 0.44604216307430222 0.45673704706551027 -0.35351285328186766
1403715306.4121432   -1.64545018041542 -2.1916055502530409 0.32197697995104951 0.68494638942345898 0.43725636058609124 0.46068085170922668 -0.35697124759738702
1403715306.4621429 -1.6385250521001102 -2.1947797048083597 0.33610753420328798 0.68683406895193788 0.42905926456876031 0.46505770544118336 -0.35761493232864439
1403715306.5121431 -1.6299882052841874 -2.1999905169115812 0.34952973805374887 0.68891604521516969 0.42147140204388495 0.47049884893696547 -0.35551001821783113
1403715306.5621431 -1.6189488361245095 -2.2057907579564455 0.36256589582589988 0.69119269432250807 0.41394846679392688 0.47677891465255362 -0.35154116785503564
1403715306.6121433 -1.6067574279170951 -2.2142565329184398 0.37634492142570747 0.69323998156876465 0.40532675698988702 0.48422504139400196 -0.34735379270935995
1403715306.662143 -1.5904644176409597 -2.2216545889951522 0.38822996838272739 0.69524752313224258 0.39677371246996351 0.49263050528550395 -0.34134540854306755
1403715306.7121432 -1.5758613541909765 -2.2341759742981546 0.40216465857445455 0.69705794834148471 0.38946402402158659 0.5016497888341459 -0.3328295059178647
1403715306.7621431 -1.5612198269605548 -2.2486896581160649 0.41512145080053886 0.69920848180714645 0.38251021204088892 0.51093413124498388 -0.32208655697236632
1403715306.8121431 -1.5481456554287842 -2.2642350044894433 0.42647623977256605 0.70046182934375112 0.37346444029130205 0.52191681519867728 -0.31221847396203201
1403715306.862143 -1.5337822782550912 -2.2843846388254501 0.43963501189033172 0.70125298790015922 0.36492011668263497 0.53269567858756095 -0.30218019361892212
1403715306.9121432 -1.5206140109383761  -2.305913038037342 0.45060037807980208 0.70262723480332956 0.35749514857167924 0.54287243633854043 -0.28948524232540279
1403715306.9621429 -1.5092772336542253 -2.3292818714960086 0.45820920801637799 0.70499674719611582 0.35158679348833471 0.55150690547719239 -0.27423793738003899
1403715307.0121431 -1.4984080264783495 -2.3547854102274055 0.46823506762876355 0.70762746010539013 0.34655336973961159 0.55944820433519715 -0.25725832599361709
1403715307.0621431 -1.4899045110048534 -2.3821097615285134 0.47502829659716789 0.71143035103245567 0.34099608830568934 0.56533732907902723 -0.24079499110207248
1403715307.1121433 -1.4837413947874996 -2.4102474976109245 0.47798557264025421 0.71742244718645376 0.3349551236461763 0.5677141849994225 -0.22541229240353405
1403715307.162143 -1.4805388855906967 -2.4367554723505536 0.47375771717064813 0.72508592492127377 0.32857297076633996 0.56772236574977342 -0.20971771453628704
1403715307.2121432 -1.4792951198869841 -2.4653947695805143 0.46942409896130716 0.73228077635763611 0.32201668526410865 0.56731627466977486 -0.1955054052536207
1403715307.2621431 -1.4807337074639504  -2.493645583096944 0.46237278316629615 0.73920860710352931 0.31563713303039392 0.56654869874831826 -0.18156653706837289
1403715307.3121431 -1.4849150510294475 -2.5217211878628349 0.45122561619207907 0.74606423853278359 0.30765779334666954 0.56548198947885953 -0.17019093322085921
1403715307.362143  -1.493490337530855 -2.5474965492923585 0.43853487035975336 0.75398735201258027 0.29784340454949915 0.56269114351512228 -0.16177470871883845
1403715307.4121432 -1.5037500761934572 -2.5677953499636925 0.42321324277168693 0.76347330401831737 0.28485720828595384 0.55774094606656721 -0.15776540184608659
1403715307.4621429 -1.5133823890718265 -2.5902802740760609 0.41043768882537013 0.77183372359149893 0.2716656832291855 0.55339646991057068 -0.1556367783431041
1403715307.5121431 -1.5259561881281496   -2.61047699180819 0.39784815500890841 0.77920373471333448 0.25901048321998016 0.54979716374799381 -0.15322593816193705
1403715307.5621431  -1.536202188952196 -2.6264275896155094 0.38623518790481104 0.78581397037192924 0.24605466953193042 0.54692065357612518 -0.15110030529982865
1403715307.6121433 -1.5475243705980848 -2.6448478249409773 0.37393191471071885 0.79121363679072132 0.23397762710690992 0.54515300462434779 -0.14847104943007022
1403715307.662143 -1.5595560401920499 -2.6631784350223069 0.36236031290334025 0.79592460483256311 0.22223033237865822 0.54424860009138953 -0.14460692961114341
1403715307.7121432 -1.5705696711263242  -2.680662710450247 0.34980947062912582 0.80043898164081895 0.21126690588175789 0.54359370616780178 -0.1384543743032729
1403715307.7621431 -1.5805901251395391 -2.6976313561431411 0.33709691457927632 0.8040040065323163 0.20095865905784832 0.54410219431796603 -0.13094264762875799
1403715307.8121431 -1.5896078557910249 -2.7141762901315443 0.32428081509443113 0.80729077374013358 0.19079258411445332 0.54486725969592087 -0.1224723062265249
1403715307.862143 -1.5979796904151269 -2.7315591955031389 0.31102387325433217 0.81004247935912299 0.18064977364791571 0.54606808992158029 -0.1140459647864782
1403715307.9121432 -1.6054372540898529 -2.7448699039108426 0.29830630708995115 0.81282550614909499 0.17086340281830598 0.54691305470276852 -0.10491189030087837
1403715307.9621429 -1.6127233926638052 -2.7594089951878971 0.28528176864167293 0.81489109389965275 0.16115481257442307 0.54846803105781117 -0.095731135868628067
1403715308.0121431 -1.6190037697052366 -2.7688902317343613 0.27351011465536373 0.81663670035964575 0.1510590576153093 0.55023241313499771 -0.086775297600885051
1403715308.0621431 -1.6269648151057485 -2.7735713000578843 0.26143479166266848 0.81843472320307542 0.1403274687049457 0.55175561231127912 -0.077708105532006411
1403715308.1121433 -1.6328949399393877 -2.7837259376069006 0.24972356202005055 0.81984018929951641 0.13029249647672342 0.55321836321843831 -0.069536838935259901
1403715308.162143 -1.6357608247853572 -2.7935186080892174 0.23711041463379545 0.82120847617591619 0.12124603063592766 0.55411240826754982 -0.06225333497731507
1403715308.2121432  -1.638822916117658 -2.8018467002939431 0.22546618218961575 0.82190116459221441 0.11325841503036961 0.55546549529412159 -0.055759219905110506
1403715308.2621431 -1.6415672308818443 -2.8092023736285769 0.21302003429812405 0.82298199520785598 0.10506011948982789 0.55603701983806786 -0.049858193169024657
1403715308.3121431  -1.643444286650815 -2.8153383548085498 0.20116704157652901 0.8237835363546786 0.097583927933514877 0.55674978134002306 -0.043448167025584267
1403715308.362143 -1.6440098823445612 -2.8187783540236171 0.18856009805734891 0.82418807227943625 0.089838483407249328 0.55781233850485967 -0.038580609418878954
1403715308.4121432 -1.6460157224087097  -2.821548392708237 0.17665207778553677 0.82506002905295561 0.0825115196570083 0.55788088895731791 -0.03516690659156807
1403715308.4621429 -1.6473560970812702 -2.8233878039654221 0.16451775165298713 0.82548054869812282 0.075868104163509267 0.55830479458974969 -0.033491055966906526
1403715308.5121431 -1.6488559691675688 -2.8279396752536061 0.14742578471217094 0.82543355833423682 0.069514738057817022 0.55917762005502591 -0.033875229859446791
1403715308.5621431 -1.6484950725503762 -2.8273640164673286 0.13854697337269437 0.82584000949228842 0.064283139732774483 0.55911815232620143 -0.035254055188137082
1403715308.6121433 -1.6451996378942813 -2.8252592170964941 0.13008493550700942 0.82633308982216813 0.059639564540008953 0.55880181229480763 -0.036841302670582783
1403715308.662143 -1.6445631227832926 -2.8251091947310472 0.12460199963630136 0.82629144713339908 0.056486715423907742 0.55912236193621023 -0.037866604781593753
1403715308.7121432 -1.6409796400938208 -2.8240362731536659 0.12311795284324048 0.82696618834222979 0.054090729151635125 0.55826432186196695 -0.039269113748166065
1403715308.7621431 -1.6364057568987491 -2.8229298017345159 0.12440917164269723 0.82717164748700522 0.052887678715281834 0.55801634447886228 -0.040096363029462165
1403715308.8121431 -1.6307918027477091 -2.8217732138308853 0.12766918267257385 0.82788110244591073 0.052497975534291426 0.5569712535514556 -0.040495252747264066
1403715308.862143 -1.6235286125164212 -2.8209586409254692 0.13199053500627364 0.82871472024936665 0.051565624977397424 0.55570164743639128 -0.042054462298133859
1403715308.9121432 -1.6162040732301801 -2.8203967882917853 0.13652644737142478 0.82940488153273051 0.050987137939555643 0.55455126559549273 -0.04428033514831884
1403715308.9621429 -1.6073739263995455 -2.8201351941765327 0.14122420556443122 0.82911813732744299 0.050807166616515548 0.55480205708835395 -0.04665215563726844
1403715309.0121431 -1.5964941467784672 -2.8209212551249698 0.14564326138922443 0.82812507251252598 0.051112895711253464 0.55597776826229239 -0.049850349710056995
1403715309.0621431 -1.5843632105039713 -2.8216892577541364 0.15032268471910332 0.82645713454692282 0.050959593065385445 0.55807420187224877 -0.054082435556774056
1403715309.1121433 -1.5595062620950468 -2.8289568819989079 0.15848872699178157 0.82531693412001572 0.051182524141053169 0.55916752747281229 -0.059699109685404969
1403715309.162143 -1.5461811112255099 -2.8307316439156387 0.16230562663950429 0.82359982378172281 0.051952658817200646 0.56118441405333264 -0.063689127267976278
1403715309.2121432 -1.5328901427206265 -2.8335247509092847 0.16704212758301107 0.82056869042766811 0.051969221061098504 0.5649543371972261 -0.069230204637626497
1403715309.2621431 -1.5165309531192819 -2.8381434401015433 0.17263714383271631 0.81573875596097678 0.05201747307490337 0.57118646705151443 -0.074903166657686371
1403715309.3121431 -1.5022827463564743 -2.8432939622165043 0.17733540287923594 0.81118096659809702 0.053373944398421302 0.57698593394076314 -0.07889165686456695
1403715309.362143 -1.4866351310588652 -2.8503184754262341 0.18174487772964446 0.80921211166156903 0.057464060855616929 0.57931606102225175 -0.079161489954833353
1403715309.4121432 -1.4728031207372296 -2.8579476000536981 0.18531462278325359 0.80866277983966384 0.063022751211805103 0.57981129347732685 -0.076886314047635088
1403715309.4621429 -1.4594624659201454 -2.8666935217598977 0.18909813010013468 0.80890136015193337 0.068763645387985392 0.57925044986417407 -0.073614312123795003
1403715309.5121431 -1.4468553898303442 -2.8763263785629913 0.19331286357437247 0.80890925459024676 0.074131832429575786 0.5789314369554206 -0.070772032354713868
1403715309.5621431 -1.4348689131648991  -2.886332753008205 0.19746166837150211 0.80925990651400592 0.078773027814565091 0.57807727383791785 -0.068701377497029065
1403715309.6121433 -1.4231847146658794 -2.8964826554881324 0.20197272863539598 0.80924717126576318 0.082395011229633705 0.57772918671493623 -0.067520846710683605
1403715309.662143 -1.4124211235777615 -2.9067883087910262 0.20664534618071143 0.80927121179151584 0.085439074834369369 0.57728768443241518 -0.067224992819626267
1403715309.7121432 -1.4021666008814435 -2.9162472126551946 0.20623115610990619 0.80971425835758348 0.087332944852822988 0.57624159338685332 -0.068420776133735761
1403715309.7621431 -1.3931016264275542 -2.9260841535969906 0.21022180457218043 0.81033363351857568 0.088367416574608892 0.57500453766766091 -0.070145447023394605
1403715309.8121431 -1.3848705328871933 -2.9364106024904273  0.2141043831824129 0.81114017337420241 0.088667270922486385 0.57338541469476989 -0.073613181027137653
1403715309.862143 -1.3748711222091601 -2.9481789479377545 0.21584895207773402 0.81235875115207479 0.086837623484391696 0.57126041946357464 -0.078702094816627197
1403715309.9121432 -1.3670480941454328 -2.9588177782637337 0.21893514824715521 0.8138088592777164 0.084618574095095503 0.56867822498669351 -0.084616274470096495
1403715309.9621429 -1.3576440752552328 -2.9705254019988514 0.22053083540589791 0.8137630107749243 0.082609212230688817 0.56824545898562406 -0.089791863169070174
1403715310.0121431 -1.3495045883715364 -2.9828847807425873 0.22203247987055824 0.81221446355000471 0.080931894751850489 0.57001490216229711 -0.094025022866046706
1403715310.0621431  -1.339953276604982 -2.9963070092391546 0.22334236565906679 0.80913073328519547 0.078840467466413447 0.57423923832860657 -0.096648509077073438
1403715310.1121433 -1.3307935138294882 -3.0109839295562328 0.22450399683013775 0.8058392705088917 0.076429733292777774 0.5791258443650068 -0.096926891846433508
1403715310.162143 -1.3210075857258805 -3.0273931869485704 0.22616000231242789 0.80254171790034701 0.073890107226121091 0.58433696705430804 -0.094959738928899723
1403715310.2121432 -1.3115919042181914 -3.0458481585419297 0.22788964466400988 0.80020318207311858 0.071809822850084609 0.58856147432030204 -0.090075566543916505
1403715310.2621431 -1.3044085626718782 -3.0659628071762115 0.22962142119153406 0.79848623793896689 0.070480950311862745 0.59223380386003488 -0.081922433012491941
1403715310.3121431 -1.2954827842589918 -3.0880550735880821 0.23210301854510818 0.79728761806969806 0.069539796188869824 0.59526397663657804 -0.071815520171933919
1403715310.362143 -1.2911972160191647 -3.1100866764124451 0.23448204928118316 0.79686315606920988 0.066487155533952652 0.59722510047506217 -0.062535973734915679
1403715310.4121432 -1.2911696062546127 -3.1323777309747207 0.23799602517243856 0.79731721396356792 0.062135984414512929 0.59795092399554151 -0.053656986973660378
1403715310.4621429 -1.2887261973970086 -3.1554977151098598 0.23972292921961222 0.79862249842198152 0.056150619215915798 0.59747144590407864 -0.04557504037509294
1403715310.5121431 -1.2892225419370471 -3.1777068297643387 0.24198494537712584 0.80137584439987286 0.050627917869216263 0.59478223995360646 -0.038310011490330517
1403715310.5621431 -1.2923402166127376 -3.2008575112341755 0.24440632694128805 0.80485759487835162 0.045262826525083358 0.5908677175352578 -0.032107146809867378
1403715310.6121433 -1.2951161911353493 -3.2221952471112005 0.24717174164254074 0.80883155337950785 0.040694993539876365 0.58602708461532138 -0.026602478376064186
1403715310.662143 -1.2981355485995372 -3.2430398658148007 0.24981819687187476 0.81279077750336848 0.036619164915503204 0.58098842433889142 -0.021969058936904023
1403715310.7121432   -1.30130157752206 -3.2630848195038511 0.25235599059726521 0.81604615089847143 0.032918668396713625 0.57675769952211076 -0.018319304482949064
1403715310.7621431 -1.3051614855325651 -3.2823510266354448 0.25511362733115461 0.81854276517418079 0.029800999625857277 0.57346092109096691 -0.015563225366408692
1403715310.8121431 -1.3079962885288499 -3.3006816094680014 0.25672805068442162 0.82015853836584784 0.026861890944952897 0.57133295553178209 -0.014037972922627113
1403715310.862143  -1.311320191836566 -3.3196991049073152 0.25812444221233011 0.82085053507630645 0.024040425100889641 0.5704924042035312 -0.01284031821977062
1403715310.9121432 -1.3183909699384433 -3.3369860373239124 0.25978297192017352 0.82103902891611924 0.021696771254386318 0.57033436413327987 -0.011953083380376518
1403715310.9621429 -1.3211998543732115 -3.3537911580891935 0.26304330343346721 0.8218166821780345 0.01880028343667544 0.56931724133168049 -0.011906677079407929
1403715311.0121431 -1.3245690384350048  -3.370081219227842 0.26511037888804168 0.8230291178607686 0.015437652549203054 0.56763604840575055 -0.013193429705716473
1403715311.0621431 -1.3294579675195666 -3.3866717593788649 0.26284685802398744 0.82427880395847342 0.011285779731583243 0.56584765531566816 -0.015922169902365502
1403715311.1121433 -1.3318500034118859 -3.4025110241417296 0.26424960967239375 0.82541648893372976 0.0080399851866081364 0.56419364942667483 -0.017564292787459801
1403715311.162143  -1.333611082605388 -3.4184078288891349 0.26382754239705619 0.82614310816389702 0.0048121614820886473 0.5631020408255919 -0.019506397750981421
1403715311.2121432 -1.3345556963730549 -3.4345371897259311 0.26496654270211673 0.82637906168234265 0.0012395067416550189 0.56267454181521614 -0.022214185312205981
1403715311.2621431 -1.3350577180930348 -3.4508861412106642 0.26414255815454907 0.82679295221977123 -0.00094839605268549139 0.5620241301815706 -0.0232678275370003
1403715311.3121431 -1.3346677565812493 -3.4677748320419823 0.26519970325804038 0.82724108984619937 -0.0033816486493147553 0.5612713667864121 -0.025203105923632185
1403715311.362143 -1.3325693469315387 -3.4857188282717866 0.26581536320625276 0.82805781929099398 -0.005067108957107558 0.56000453145859386 -0.026258276099186358
1403715311.4121432  -1.329370673590091 -3.5039949407371629 0.26732827731242614 0.82869202691047694 -0.0050396874447180082 0.55913911368024505 -0.024649090010279959
1403715311.4621429 -1.3248739212803131 -3.5261659017877345 0.26769207506758125 0.82920508341643928 -0.0034173025880717685 0.55853441900459744 -0.021131835380635393
1403715311.5121431 -1.3206534213428707 -3.5470369369766304 0.27009022542860184 0.82955276771960151 -0.0011082275445320842 0.55819494450447105 -0.016105319931906958
1403715311.5621431 -1.3152326234037213 -3.5675627327584309 0.27319486958070227 0.8293821423029496 0.00064777816062080214 0.55854868753641385 -0.012173991283631988
1403715311.6121433 -1.3087519734316408 -3.5883914486613797  0.2763642249880518 0.82884112136450405 0.0018036540277531284 0.55940351332142924 -0.0093194233202066479
1403715311.662143 -1.2987104204583169 -3.6096202280342884 0.27684839943222544 0.82851481708586605 0.0024800406384462379 0.55992114714569174 -0.0067347046452095631
1403715311.7121432 -1.2906526552977655 -3.6300915360750001 0.27967519084593984 0.82803441680323953 0.0014051433238717842 0.56063343495782003 -0.0068688986711282268
1403715311.7621431 -1.2808001110112639  -3.650843847593912 0.28204486265336259 0.8276121588223132 0.0001876664754971069 0.5612506994447698 -0.0074653682776454231
1403715311.8121431 -1.2709322036207051 -3.6712536965864939 0.28463686404431132 0.82721215984153607 -0.0017454669672742347 0.56182739612587529 -0.0081836982951521437
1403715311.862143 -1.2593784799560772 -3.6919777601658992 0.28719538268439804 0.82665070520305639 -0.0049430550893181909 0.56260306706451646 -0.010097857360493383
1403715311.9121432 -1.2479117610322739 -3.7124044170350716 0.29010447601415418 0.82577587586119516 -0.0068110507944899113 0.56386814833267107 -0.010026152234808449
1403715311.9621429 -1.2357886350483835   -3.73301772726558 0.29277493830732254 0.82565975498905531 -0.0076637015750213571 0.5640594362476743 -0.0080118068834869622
1403715312.0121431 -1.2163751171923376  -3.756152650124335 0.29554857753999564 0.82584831961450134 -0.0069413924858170977 0.56382887613984967 -0.0048340967239493141
1403715312.0621431  -1.200302789385701 -3.7791101776231688 0.29705422713610252 0.82607204528706801 -0.0061411461160906407 0.5635302900586997 -0.0009351502441263431
1403715312.1121433 -1.1850071453223974 -3.8007208037429079 0.29909025088186125 0.8254483799376372 -0.0062102443172246747 0.5644404118694567 0.0018510463226539893
1403715312.162143 -1.1696364256706724 -3.8212760375804935 0.30126423322441742 0.8249707903780934 -0.0060419252689912391 0.56512125559324988 0.0049655451560320458
1403715312.2121432 -1.1538340732052088 -3.8412968335377569 0.30343737570648927 0.82482920787349923 -0.0063843175434716822 0.56530047899962443 0.007168456673186276
1403715312.2621431 -1.1367175530674696 -3.8604941796045611 0.30463033929711197 0.824841320296272 -0.0076087181150777308 0.56525059827787738 0.0084062409583584054
1403715312.3121431 -1.1201861755349038 -3.8796266090474103 0.30663154092225092 0.82463720925021577 -0.0099575124613523192 0.56552342090179997 0.0075882459846564852
1403715312.362143 -1.1037101216831597 -3.8998853543034233 0.30921416158506054 0.82481523412162394 -0.012435249465845519 0.5652304705797857 0.0063015283675501299
1403715312.4121432 -1.0863979360159204 -3.9190539708911971 0.31044120077724124 0.8245564985972228 -0.014726955076362123 0.56556487031309144 0.0051063571166640861
1403715312.4621429 -1.0694215356835435 -3.9377808343052827 0.31336120196617628 0.82401634376636435 -0.017076347774311457 0.56629609872552256 0.0037672431375019486
1403715312.5121431 -1.0512480593063098 -3.9569345249990455 0.31377114226311492 0.82272449181492169 -0.018491116546418447 0.56813288200726531 0.0027418167087732747
1403715312.5621431 -1.0325715318734043 -3.9757888825013414 0.31392933397234957 0.82186654927544089 -0.01829157547011552 0.5693741263751092 0.0037279570117759965
1403715312.6121433 -1.0155097905363082 -3.9954106095890456 0.31762058737892351 0.82000241325215539 -0.016863864029329666 0.57208413333653962 0.0056032789705703799
1403715312.662143 -0.99758914838471902  -4.0141424398379044  0.31776270508637405 0.81749741721618607 -0.014577707945293422 0.5756911675316303 0.008071115288187625
1403715312.7121432 -0.97925874492032305  -4.0326119341488766  0.31663139428132747 0.81490850540862347 -0.012694433676258415 0.57936920103183864 0.0097112338068611869
1403715312.7621431 -0.96115288123546294  -4.0516500628057592  0.31438572235275475 0.8129031209399662 -0.0098577417945327518 0.58219682986191301 0.011755517492393499
1403715312.8121431 -0.94379756732844788  -4.0699948425867012  0.31139645903554125 0.81119667336861967 -0.006044561841936494 0.58456720854568645 0.01430381350996498
1403715312.862143 -0.92720411923137225  -4.0858681270190402  0.30847053857873896 0.80830965272285404 -0.0022766752882174431 0.58854057313786545 0.015821372735772669
1403715312.9121432 -0.91148376944468468  -4.1019898926624894  0.30719938904056709 0.8055216816052907 0.0011564980929028128 0.59234680901366787 0.016085422819163746
1403715312.9621429 -0.89767848577223697  -4.1163483219535433  0.30943392380870011 0.80309025875209461 0.0047726363342729438 0.59561847199609486 0.016183141133653219
1403715313.0121431 -0.88508934500109315   -4.128396581821189  0.31621528830591727 0.80136236033391994 0.0080545461799111009 0.59791236132297498 0.015946783470931633
1403715313.0621431 -0.87441951648486582  -4.1409923132288622   0.3225121589340279 0.80073264344210859 0.011408029538493694 0.59870336786273248 0.015854586026875728
1403715313.1121433 -0.86547952867971301  -4.1522900804169787  0.33110797571899336 0.801272060795854 0.014578680252768372 0.5979156036906903 0.015731418666171983
1403715313.162143 -0.85798762241645199  -4.1623002365892559  0.34178806725644623 0.80148583673225593 0.01691915281375668 0.59759359260806799 0.014700131272983627
1403715313.2121432 -0.85442401721919448  -4.1677338620550817  0.35521886479361742 0.80228574167814948 0.017694905515273064 0.59655943784885501 0.011887646201210909
1403715313.2621431 -0.85021466028360737  -4.1739836056465913  0.36608968941134906 0.80400149844757529 0.017690875735700006 0.59430900871207715 0.008088607632082882
1403715313.3121431 -0.84858463113865301  -4.1784551500913683  0.37619136414344262 0.8060909026421107 0.017300339888909919 0.59152169288017953 0.0044990854095238522
1403715313.362143 -0.84704900241732306  -4.1842744271163674  0.38522243910995191 0.80842903391502352 0.017167320209127042 0.58834078754045449 0.0017023384906847917
1403715313.4121432 -0.84632177201822756  -4.1895851201962024  0.39394397693644234 0.81086748821371268 0.017437293850922277 0.58496996251464184 -1.722671742321993e-05
1403715313.4621429 -0.84690478856802953  -4.1934237489826387  0.40302732476050396 0.81279590055837592 0.015984630404749765 0.58232850479499154 -0.00091001623710024876
1403715313.5121431 -0.84921994426567948  -4.1967638057227195  0.41179698122486069 0.81369525248132091 0.014344141431157217 0.58111404600740801 0.0008644240062444606
1403715313.5621431 -0.85106298296941774  -4.2001577665046632  0.42102781271715295 0.81468633332081974 0.011905599346906971 0.57976934968430627 0.0034548764240941604
1403715313.6121433 -0.85063936410415264  -4.2027531523823027  0.43144872079070856 0.81574742467439931 0.010131625442390052 0.57826757574555454 0.0077524282866581716
1403715313.662143 -0.85357922189709279  -4.2056565668318404   0.4409437372367403 0.81607901651969084 0.008538338291395187 0.57775202028952466 0.012030736754191482
1403715313.7121432 -0.85783602825641314  -4.2058141134229192  0.45020852299516406 0.81612156748657838 0.0070240858553267784 0.57763230129869925 0.015400447964789708
1403715313.7621431 -0.86070081204074667  -4.2075896956141943  0.46084892108977021 0.81657051435738182 0.0044627631389229016 0.57698631374116205 0.016717433495369503
1403715313.8121431 -0.86302984095207869  -4.2061812536397714  0.47147649500445576 0.81656364089906519 0.0021095752597355337 0.57697429830559033 0.017889358531196567
1403715313.862143 -0.86596680602004661  -4.2047868030310909  0.48199946488149442 0.81667838209237076 -3.2320651730664582e-05 0.57677738075328955 0.019085917052587453
1403715313.9121432 -0.86898817177422694   -4.202727950372247  0.49291184616796702 0.81654509511660622 -0.0028949452891463409 0.57698484413616624 0.018281591012532412
1403715313.9621429 -0.87159251549544681  -4.2001987408387338  0.50373890869133231 0.81629950054896894 -0.0061880237337413393 0.57737594558624261 0.015932709253819934
1403715314.0121431 -0.87488317282072725  -4.1974870155626691  0.51338310962284983 0.81691087529739481 -0.0095834063234300475 0.57649037336873699 0.014954248802887985
1403715314.0621431 -0.87858227154066726  -4.1952315462945924   0.5206135225779035 0.81765699065162134 -0.012621374857484841 0.57530914629502006 0.017237538238869293
1403715314.1121433 -0.88240950224833492  -4.1923848857533708  0.52743461673720726 0.81822166532491414 -0.016326856114783739 0.57419730171687633 0.023328070288599612
1403715314.162143 -0.88735654226282046    -4.19015119538604  0.53285796833657151 0.81842590673115201 -0.022288768532505457 0.57336284931845627 0.030615176138924276
1403715314.2121432 -0.89379759426963312  -4.1876173894417077  0.53605913396135829 0.81910128317329167 -0.029240656772890176 0.57153937062572657 0.039507210988697611
1403715314.2621431 -0.89809728698417124  -4.1842205679364524  0.54238476021413851 0.81891030776724938 -0.036997913995813203 0.57066552635390233 0.048558410432500351
1403715314.3121431 -0.89936731394349623  -4.1800646388037794  0.54348836478811768 0.81958097026234078 -0.045895006784575726 0.56830078494478808 0.056700082603306078
1403715314.362143 -0.90218130450719491  -4.1750295328462643  0.54733092839566133 0.8195788443811366 -0.054954679676107593 0.56663896653970702 0.064736254320047357
1403715314.4121432 -0.90556126541222381  -4.1697661982358234  0.54669681494056444 0.81918620340873705 -0.064547326111466491 0.5655435839229267 0.070200153277973742
1403715314.4621429 -0.90995439204750428  -4.1626192420431121  0.54832113686250683 0.81945818122891878 -0.072525912407618118 0.56348565404624851 0.075579090564166854
1403715314.5121431 -0.91178295906675644  -4.1545610258173777  0.55053414556910252 0.81913744980259473 -0.079932243469819989 0.56244175060388868 0.079271381736514143
1403715314.5621431 -0.91279407547614033   -4.144531366891786  0.55296195799336056 0.81921700328950953 -0.087698185660740599 0.56095189982592175 0.08078054118944103
1403715314.6121433 -0.9124384449433216 -4.1342134734110747 0.55493305339246446 0.81865484816065237 -0.094456419601014807 0.56057134212792215 0.081498434120639882
1403715314.662143 -0.91195630516418702  -4.1235891983677453  0.55577112720626509 0.81772471486306741 -0.099592316994031316 0.56085732658521636 0.082744911103701968
1403715314.7121432 -0.91037356538516978   -4.112229935966857  0.55529298623807877 0.8171229928105217 -0.10356908674210633 0.56082751663026387 0.083999735012162069
1403715314.7621431 -0.91636139358891733  -4.1019488792109007  0.54879512435525735 0.8161390825845326 -0.10666306690888938 0.56138520367579992 0.085945570738392749
1403715314.8121431 -0.91617662444080661  -4.0888172226857469  0.54849513552596607 0.81460939765384444 -0.10859743778845253 0.56298935546513695 0.087527774978995457
1403715314.862143 -0.91484501671949214  -4.0758160950536455  0.54866897065174358 0.81396508879584173 -0.10939744077946302 0.5634050014653762 0.089821147266560181
1403715314.9121432 -0.91106586791613986  -4.0632013846210109  0.54668061593965955 0.81326658628363835 -0.11036084103113103 0.56407623691945874 0.090752098291122532
1403715314.9621429 -0.90933748586982721  -4.0489784296369598  0.54622601779921687 0.81247847360538095 -0.11147354391233694 0.56502331337708156 0.090559562034492141
1403715315.0121431 -0.90484652252969922  -4.0341789373580665  0.54572320573760635 0.81185438444584079 -0.1121950909456043 0.56596938526035223 0.089349734033133094
1403715315.0621431 -0.90142955191460117  -4.0187238421898943  0.54461856434902944 0.81017412336917971 -0.11360537008754894 0.56838347559254865 0.087475335858669415
1403715315.1121433 -0.89804464834382625  -4.0022422884753048  0.54328074129878956 0.80963143552521843 -0.11405248467414751 0.5691962433250497 0.086629128667430805
1403715315.162143 -0.89259624566231643  -3.9869837363521068  0.54113273562136244 0.80995282195467422 -0.11454196909640528 0.56884477195271721 0.085277130259167735
1403715315.2121432 -0.8887461996732805 -3.9706826808125593 0.53878709028976068 0.81037165494902974 -0.11472794761341795 0.56837388055603055 0.084180822003961542
1403715315.2621431 -0.88530196985241227  -3.9543897291950185   0.5371831173522158 0.81046194643730596 -0.11501891892700732 0.56821644603817689 0.083977092815003609
1403715315.3121431 -0.88132453262317445  -3.9383064018660812  0.53636772358591622 0.81053557753404692 -0.11671187673782783 0.56762622456263645 0.084916927456489003
1403715315.362143 -0.87927945647055528  -3.9235835058873625  0.54129422690999018 0.80986219491638312 -0.11948846173205446 0.56766357184621208 0.087199781862835571
1403715315.4121432 -0.87557048806041149  -3.9077223599276776  0.54213036432218542 0.80925785387825933 -0.12392964719798047 0.5672462757320641 0.089301910113059491
1403715315.4621429 -0.87457054956162195  -3.8912361657872725  0.54415598334479265 0.80834840743815484 -0.12961415781010255 0.56685058758492168 0.091942556207698992
1403715315.5121431 -0.87194460657487161  -3.8752881729235948  0.54625416467509647 0.80711014781224844 -0.13595996886481951 0.56665310614651332 0.094828020433183266
1403715315.5621431 -0.86876212847860723  -3.8596749714508691  0.54741468805150095 0.80565637761637299 -0.14241468566693424 0.56666072101025622 0.097629328465320422
1403715315.6121433 -0.8691082904550208 -3.8426616913875056 0.54949875543655746 0.80416465390711622 -0.14927433374141186 0.56643219709435466 0.10095022925861973
1403715315.662143 -0.86789713704014004  -3.8269954079594473  0.55132533340057754 0.80231256205033796 -0.15642226650805971 0.56644710084784478 0.10471059763832902
1403715315.7121432 -0.86630616487447221  -3.8116130253952902  0.55277602902364598 0.799613281796697 -0.16623122525512959 0.56725625855398387 0.10585894603589457
1403715315.7621431 -0.86582083363776541  -3.7964865905868921  0.55441866763875991 0.79683008613946693 -0.17712865081296389 0.56777644809611438 0.10638214075449531
1403715315.8121431 -0.86548992098596178  -3.7824280386176055  0.55570484358190642 0.79435119760409267 -0.18827230559034808 0.56746864965287125 0.10741994914253646
1403715315.862143 -0.86670645252003209  -3.7676673133042242  0.55657225649769304 0.79215673104611017 -0.19863009777349433 0.56634217948555632 0.11086177633604211
1403715315.9121432 -0.86761807876422758   -3.755341799606672  0.55621944724601158 0.79041258486139254 -0.20785162153806441 0.56439212298800912 0.11622039677189744
1403715315.9621429 -0.87252438461486326  -3.7414887546438917   0.5525885594456228 0.78812688835526623 -0.21646257925919507 0.56279025382550896 0.12356006568030656
1403715316.0121431 -0.87659663408915334   -3.729998816954923  0.55092891496858887 0.78646269885711384 -0.22502248399014016 0.56010086929059366 0.1308752124170699
1403715316.0621431 -0.88099340481246002  -3.7203550918394228  0.54799496755952315 0.78449515936649805 -0.23258744318513333 0.55758494595657448 0.13989086548355883
1403715316.1121433 -0.88363004606342865  -3.7121859736709624  0.54443970723688706 0.78299029283654586 -0.23951136650255578 0.55422800821377816 0.1496389706968308
1403715316.162143 -0.88849538168952391  -3.7026896873870143  0.54028398507324082 0.78159044127882404 -0.24655134840584905 0.55022800882370315 0.15993108830597541
1403715316.2121432 -0.89361880884911937  -3.6948926773817021  0.53582877607850354 0.78053176248036205 -0.25384724224856664 0.54536774125101883 0.17001697610785579
1403715316.2621431 -0.89820988619962372  -3.6881485088726653  0.52973333139234757 0.78077796196627158 -0.26120423318168418 0.53801974652765172 0.18081171151804684
1403715316.3121431 -0.90183841172297341  -3.6810839380826277  0.52395198521073749 0.78115906799774282 -0.26967815373440501 0.52987483440296179 0.19051735813236059
1403715316.362143 -0.90290367361598611  -3.6747684163158394  0.51724438276361062 0.78263272185077637 -0.27706567585368908 0.52045757281850835 0.19961099380557953
1403715316.4121432 -0.90527656048458505  -3.6676549102945639  0.50912365007437088 0.78361044296454141 -0.28388735192252779 0.51213726620529043 0.2075525611961985
1403715316.4621429 -0.90665517447249533  -3.6599593041452296  0.50120452316573672 0.78325723642633438 -0.29007223796591558 0.50640819016877292 0.21428239143059472
1403715316.5121431 -0.90536945172770344   -3.651521251971459  0.49338428111204946 0.78174793446841706 -0.29622694727337018 0.50338416369166938 0.21845856908782973
1403715316.5621431 -0.90069367819369528  -3.6429526121596258  0.48832597776015052 0.77920748342119661 -0.30141581755189362 0.50264663217164096 0.22210485333831972
1403715316.6121433 -0.89523330658083822  -3.6322910746693982    0.481905041790125 0.77581607065437852 -0.30652284603072294 0.50371185074080804 0.22456077306354316
1403715316.662143 -0.88916549346808316  -3.6239919382733112  0.47399203981475252 0.77174705620711104 -0.31025856140968339 0.50656741082942569 0.22701445899595016
1403715316.7121432 -0.88030533511391218  -3.6160217469564824  0.46503887678494599 0.76758410846182146 -0.31459498826935522 0.50935564745123219 0.22891363917908272
1403715316.7621431 -0.87082617833331954  -3.6080961876112099  0.45536646897000838 0.76338409681157871 -0.31918426118267135 0.5115411154721865 0.23171494412297594
1403715316.8121431 -0.85902002327012139  -3.6018776228847473  0.44621018186573225 0.75956324294363331 -0.32404262330839206 0.51271755783249862 0.23490586229092983
1403715316.862143 -0.8477314214972419 -3.5938181893842933 0.43624664451669609 0.7553891041520141 -0.32969911032472898 0.51331870377161071 0.23914369391170104
1403715316.9121432 -0.83522149764378717  -3.5867263119119768   0.4256044220773047 0.75070835086833843 -0.33651466644419264 0.5137196513536888 0.24348915995899711
1403715316.9621429 -0.82167338766848053  -3.5805790459417994    0.414372917816766 0.74530033391249095 -0.34328657975438165 0.5139654625741964 0.25004247581433131
1403715317.0121431 -0.80939713111517264  -3.5716600021879708  0.40499880637650271 0.73866387303354553 -0.35141359581005871 0.51487011718476683 0.25650132511367524
1403715317.0621431 -0.79672222134911586   -3.563160225579856  0.39427392955844265 0.73293481086808343 -0.36112460178899997 0.51373849830077156 0.26166455695063295
1403715317.1121433 -0.78427345164058548  -3.5540579216942718  0.38356938200243157 0.72809497412182367 -0.37150483896881192 0.51035059948153283 0.2672155101975523
1403715317.162143 -0.77205333334261783  -3.5460873753075859  0.37188109830387128 0.7234607859299218 -0.38263398938400289 0.50573612078188912 0.27281256849021646
1403715317.2121432 -0.75961787351524512  -3.5362102616686184  0.36200505616964923 0.71881071139273112 -0.39378396022879092 0.50047365134410515 0.27887538106456267
1403715317.2621431 -0.74700847964638062   -3.526784560935913  0.35204638002086069 0.71394507149244335 -0.40410180868280599 0.49496474846872407 0.28634605093178356
1403715317.3121431 -0.73429976658585105  -3.5169580876894724  0.34274825986310919 0.70842052365471264 -0.41476754483893269 0.48977372682863202 0.29364935198542408
1403715317.362143 -0.7214911227867199 -3.5065649637934979 0.33377197889360211 0.70210619496650906 -0.42634670385437073 0.48508122833765094 0.29995263128800803
1403715317.4121432 -0.70894711234011243  -3.4969130656916603  0.32551963565913333 0.69466568994561984 -0.43842324291150786 0.48162009188011951 0.30539601566608315
1403715317.4621429 -0.69544999073063374  -3.4865653616903591   0.3182546251771764 0.68768104899409577 -0.45015623608607719 0.47732616651593995 0.31082771550554056
1403715317.5121431 -0.68106083826366381   -3.477217844008873  0.31075986884839057 0.68067367699223291 -0.4610962398351699 0.47316928035104217 0.31651924932271963
1403715317.5621431 -0.66676938027609056  -3.4700034573030587  0.30376828054325938 0.6733404240431915 -0.47126769372802663 0.46921805795608429 0.32303846254822771
1403715317.6121433 -0.65319353452236228  -3.4602115100468684  0.29673914583169392 0.66588860559611129 -0.48120248583585495 0.46541383293103289 0.32928178917016532
1403715317.662143 -0.63971862738179741  -3.4504420920018273   0.2899134896257457 0.65790569920894804 -0.4913759835126309 0.46234238738100586 0.33458818061343965
1403715317.7121432 -0.62663296248056288  -3.4410618287753025  0.28316190779433315 0.65017145180889124 -0.50115329994004321 0.45877265432301007 0.34007367563124247
1403715317.7621431 -0.61523547827525604  -3.4347252307892391  0.27525982330382182 0.6418119198663621 -0.51174294692877831 0.45587519347456629 0.34405584395651673
1403715317.8121431 -0.60323886013669459  -3.4282270492246161  0.26845154378713582 0.6323048117555905 -0.52348591260471522 0.45475974542264319 0.34546591478504557
1403715317.862143 -0.5910845603984054 -3.4191666116756596 0.26497318783616058 0.62311505114173826 -0.53538740574750254 0.45262856957383935 0.34672083412037413
1403715317.9121432 -0.58029698835589971  -3.4111922837343283  0.25920917077304984 0.61498141703554177 -0.54511537264978671 0.44969130581624733 0.34989257876542601
1403715317.9621429 -0.57085432739967135  -3.4032232986354813    0.254067517141634 0.60769662767628319 -0.55379566601608199 0.4457169270245212 0.35405026475981477
1403715318.0121431 -0.56302225676933271  -3.3961087286114928  0.24883209991921679 0.60083159501648864 -0.5618248534917557 0.44152056077788093 0.35834874471566813
1403715318.0621431 -0.5558274336676261 -3.3893437782452609 0.24337491796609925 0.5940259607037589 -0.56858091332937832 0.43903717539604492 0.36207079643043388
1403715318.1121433 -0.54998422653749346  -3.3827437457391833  0.23775531832795918 0.58814731222078143 -0.57465411012015166 0.43704250385122795 0.36448490047865706
1403715318.162143 -0.54588429068278921  -3.3779365161017014  0.23250066824042956 0.58346335621769629 -0.57918136730740322 0.43484408982108025 0.36746438366566231
1403715318.2121432 -0.54268086347631106  -3.3727507857811601  0.22708889949254782 -0.58051960079946996 0.5826530882992057 -0.43172055769121959 -0.3703103183139847
1403715318.2621431 -0.54074093939232581  -3.3679873554492339   0.2216275742802811 -0.57771168896744629 0.5855652443511622 -0.42961607153504633 -0.37254876206630771
1403715318.3121431 -0.54050201544589804  -3.3637339056962077  0.21595388442222796 -0.57576247329878616 0.58809010025902109 -0.4265209841838194 -0.37513658628433616
1403715318.362143 -0.5423562559434365 -3.3601848082601551 0.20990856918890749 -0.57353046265804564 0.59046761015942728 -0.42346636887120653 -0.37826848162501975
1403715318.4121432 -0.54596175475576836  -3.3555160820695327  0.20443580851448881 -0.57219831885624572 0.59241977648894828 -0.41891791243634846 -0.38227696106729014
1403715318.4621429 -0.55511154350265779  -3.3468000343446627  0.19838422096318786 -0.57134357791525336 0.59376940945666379 -0.41252150249996383 -0.38836891526440931
1403715318.5121431 -0.56067276341292827  -3.3424374491767148  0.19261637036800705 -0.57132870909706024 0.59515535352079485 -0.40496750434374706 -0.39417626991312105
1403715318.5621431 -0.56731811798498988  -3.3388781863471193  0.18609030077030297 -0.57069752663973283 0.59818803159517386 -0.39709729385880399 -0.39848356447110528
1403715318.6121433 -0.57451132810357897  -3.3359963918106907  0.17914486143295508 -0.57015485220234829 0.60292373848951364 -0.38826853877748663 -0.40081660628215282
1403715318.662143 -0.58171386860910612  -3.3337535896592052  0.17196689911335034 -0.56907695627041666 0.60899658430072956 -0.37926231162158003 -0.40178934422841323
1403715318.7121432 -0.58948613679258544  -3.3327408259901641  0.16432224744482596 -0.56769901944178869 0.61635809297633781 -0.37008018448141505 -0.40107503238372427
1403715318.7621431 -0.59699519257517153  -3.3320332205809198  0.15956086931773114 -0.56387942157155824 0.62381305901633943 -0.36362810280584312 -0.40083895541554476
1403715318.8121431 -0.60473688260737268  -3.3345910898664344  0.15263503734361009 -0.56022427777719619 0.63033712552378762 -0.35609860096882129 -0.4025141651712098
1403715318.862143 -0.6125375376271649 -3.3394202685096928 0.14637404806982224 -0.55474982115141303 0.63586738802737186 -0.35119073679431767 -0.40569738373027159
1403715318.9121432 -0.62036856742324376  -3.3465517686466009  0.14047007418396987 -0.54924160805530697 0.6400060576995229 -0.34723560595303288 -0.41006503880136586
1403715318.9621429 -0.62786888749709135  -3.3561637443046282  0.13566288936302415 -0.54381371321227945 0.64313524220773421 -0.34412944694196257 -0.4149923243869586
1403715319.0121431 -0.63579700148220519  -3.3678270594801551  0.13051805283761192 -0.53736097367831148 0.64640825615576736 -0.34165916104086819 -0.42031960222907411
1403715319.0621431  -0.642109397281585 -3.3850224411296512 0.12591747341994461 -0.5308805588397536 0.64932074275213569 -0.33851954461888062 -0.42655940171192019
1403715319.1121433 -0.6490903741114159 -3.4006680964285958 0.12129817306747206 -0.52437610041423166 0.65120331422719657 -0.33534228179911751 -0.43417681063322594
1403715319.162143 -0.6563495087076513 -3.4173173533022667 0.11747118464719888 -0.51773186280370675 0.65310171047139276 -0.3316897998078096 -0.44203365338014711
1403715319.2121432 -0.66267587100251357  -3.4352947592661236  0.11396353433992892 -0.51059437283356968 0.65578089973752485 -0.32802428835957703 -0.44904884390935595
1403715319.2621431 -0.66874929381238857  -3.4547338719901894  0.11039357110677867 -0.50359458929222489 0.65945249269784578 -0.32341766350479506 -0.45488010996667283
1403715319.3121431 -0.67397212221099878  -3.4753480622023742  0.10695954564190834 -0.49683867421928352 0.66293304999020541 -0.31831724377234871 -0.46080932645497069
1403715319.362143 -0.67616101774820214  -3.4954472875038038  0.10480832664308899 -0.49004544471023603 0.66659438876664179 -0.31282387748848717 -0.4665282463652573
1403715319.4121432 -0.67914244874052976  -3.5177861882671446  0.10163560681597986 -0.48249093731889769 0.67047060311455109 -0.30838483244633952 -0.4717737390756131
1403715319.4621429 -0.68104414508527833  -3.5407490672694837 0.098250911874483024 -0.47391946778548133 0.67506463054561383 -0.3056169712593465 -0.47569564799197395
1403715319.5121431 -0.6819140744818899 -3.5636105863182008 0.09511034744399402 -0.46497969099889097 0.67999043907237078 -0.30271365237355191 -0.47934469267470237
1403715319.5621431 -0.68268508618619772  -3.5878510365190066 0.091807074669402772 -0.45686679609827685 0.68472964765875211 -0.29867266765626266 -0.48292098508462916
1403715319.6121433 -0.68180410342099684  -3.6123811791646165 0.089781219258681683 -0.44882777092655285 0.68918802154111969 -0.29585001658260263 -0.48584593308724205
1403715319.662143 -0.68157761705032716   -3.633432922532851 0.094515073707142475 -0.44337503861368988 0.69230133757181112 -0.29207214811106025 -0.4887036867350002
1403715319.7121432 -0.67903707251196765   -3.660364336056189 0.097860162184685753 -0.43873432433028958 0.69502860728999061 -0.29042430992986484 -0.49000117132996962
1403715319.7621431 -0.67546680574967666  -3.6862255116050644  0.10405484399165553 -0.4361716161773011 0.69716469153168026 -0.2880461668471464 -0.49065784400892271
1403715319.8121431 -0.67190248345263481  -3.7132165944924789  0.11303253013288674 -0.4338428903195895 0.69871525964537484 -0.28748176138604459 -0.49084780668575717
1403715319.862143 -0.66728629675691842  -3.7405312525956216   0.1254220099433534 -0.43201174385045416 0.69992344140418539 -0.28666686735858821 -0.49121801321513564
1403715319.9121432 -0.66284612912317209   -3.768777881089314  0.14030811974443402 -0.42982741256535817 0.70178581730220524 -0.28591150603895854 -0.49091717504623933
1403715319.9621429 -0.65969993942759475  -3.7986245351825279  0.15560205914229858 -0.42785961166629688 0.7029589536843367 -0.284676984243594 -0.49167456389542974
1403715320.0121431 -0.6541470502404243 -3.8277667731589391 0.17144254702763609 -0.42507711013215776 0.70431591338067256 -0.28309750032366787 -0.49305613261669623
1403715320.0621431 -0.64817341508919835  -3.8575087511765656  0.18681589889545594 -0.42159555972116891 0.7062268169081225 -0.28074181847249408 -0.49465634380241463
1403715320.1121433 -0.64063977166044173  -3.8909711964310016  0.19884153803342539 -0.41747513528117208 0.70773950601214253 -0.27716484579451095 -0.49799493100568876
1403715320.162143 -0.63347756996408855  -3.9211601559265561  0.21258932411162146 0.41203929332995054 -0.71027517333641299 0.2727181322182935 0.50135578111102796
1403715320.2121432 -0.62548179288345906  -3.9517474140373294  0.22641564330775868 0.40441938445836079 -0.7128480314863328 0.26849524733782859 0.50616494113814237
1403715320.2621431 -0.61558032626096948  -3.9829134083482325  0.23741796640020249 0.3947810705568276 -0.71492781889300761 0.26419726810899152 0.51305547811775454
1403715320.3121431 -0.60617898533215209  -4.0128605411550877  0.24950583827471948 0.38210436270403125 -0.7176326499716662 0.26176426360873922 0.52007605789400158
1403715320.362143 -0.5959320310009748 -4.0432912846483644 0.26159321017255416 0.36745419162385728 -0.7221229808877736 0.25944491102756495 0.52555128738660006
1403715320.4121432 -0.58480776717684191  -4.0731122298433409  0.27357899011427422 0.3523208236936578 -0.72824173240096346 0.25585750255362127 0.52921730392012856
1403715320.4621429 -0.57296806659602117  -4.1020947279689093  0.28598794880581119 0.33693995321899417 -0.73473838946209791 0.25081480671568085 0.53265645561431096
1403715320.5121431 -0.56078127491840479  -4.1284931117836416  0.29701372730655679 0.32170326514553338 -0.74206183738679099 0.24493167717273695 0.53465850054608932
1403715320.5621431 -0.5467461571756872 -4.1514564905857307 0.30450141357537935 0.30630439113179198 -0.74897885590400004 0.23926338606815381 0.5366202805236856
1403715320.6121433 -0.53338306234303878  -4.1768830078558494  0.31564986508663856 0.29058875864567918 -0.75582074667037846 0.23418960165866892 0.53800409173755259
1403715320.662143 -0.51961487266547979  -4.2008517862222883  0.32659239003040774 0.27428692346995182 -0.76218238202279565 0.22984507145721286 0.53945893567006087
1403715320.7121432 -0.50611523426230476  -4.2230760519000459  0.33481525688917058 0.25865561201076864 -0.7679663378556093 0.22633881474223994 0.54045880438480864
1403715320.7621431 -0.49239120702540268  -4.2442043087214865  0.34392969761887837 0.24343791645215901 -0.77281683358228581 0.22527775579980155 0.54105642525256659
1403715320.8121431 -0.47870589396333607   -4.263234761265247  0.35233497735157271 0.23003927086940854 -0.77666261041481965 0.22502209976165222 0.541518400481799
1403715320.862143 -0.46477653293245791  -4.2757979094370526  0.35780903519937479 0.2188127423040841 -0.78098146309544458 0.22433750134521799 0.54024218976015725
1403715320.9121432 -0.45277152674975163  -4.2898186676749424  0.36328156643695331 0.2104053908017077 -0.78541969509345033 0.2226588597505384 0.53783687699476557
1403715320.9621429 -0.44124532627451168  -4.3018829548290771  0.36941038513183483 0.20475161017573168 -0.78887341225904406 0.21942180627703151 0.53629244679684096
1403715321.0121431 -0.43098683177505925  -4.3115160115714355  0.37513614893200475 0.20152885885330835 -0.79173733672013324 0.21466741796167133 0.53521585211787481
1403715321.0621431 -0.42179969277458268  -4.3170379316080369  0.38319665093601862 0.19968411418902468 -0.7936382854648325 0.20976915651325098 0.53503404317922154
1403715321.1121433 -0.41477829788648712  -4.3225769271371473  0.38872626449921971 0.19867471067972542 -0.79494351153237097 0.20512031007317863 0.53527453816186099
1403715321.162143 -0.40833675706165801  -4.3275440843182373  0.39446713302675357 0.19824982405565025 -0.79593875965593164 0.20105718694500621 0.53549463649698847
1403715321.2121432 -0.40393187777500089  -4.3296290057337918   0.3988659289835913 0.19858888463800725 -0.79697870671236504 0.19715504578435264 0.53527309279197666
1403715321.2621431 -0.40046589805585758  -4.3301108374992543   0.4029448302900081 0.19874988374126326 -0.79773490398758329 0.1945743713100643 0.53503113993677875
1403715321.3121431 -0.39806542481412494  -4.3292114060733597  0.40681049387367468 0.19856184838936175 -0.79842468815080736 0.1938511682371816 0.53433410361735878
1403715321.362143 -0.39709754063109848  -4.3265767575659995  0.41028871650704213 0.19835686227501509 -0.79890887607529459 0.19377940226853635 0.5337121941392845
1403715321.4121432 -0.39737690015655419  -4.3222727870860824  0.41373247665042356 0.1978233032943833 -0.79866390812511612 0.19470008246464798 0.53394173878830065
1403715321.4621429 -0.39433304338303199   -4.317530817768195   0.4185658370182706 0.1980285773464274 -0.79786468603248839 0.19534118973675393 0.53482562104732645
1403715321.5121431 -0.39636696071229494  -4.3083792180658733  0.42266346981317593 0.19943484129625971 -0.79738772175512107 0.1952950407718119 0.5350312255572095
1403715321.5621431 -0.4000676517096533 -4.2997952081768238 0.42594121301169025 0.20134853494352578 -0.79734404756636812 0.19561973871275237 0.53426038138021392
1403715321.6121433 -0.40512038138608997  -4.2898013448963983  0.42933104091053059 0.2048824289774363 -0.79669061403594943 0.19444217433973737 0.53432152926993592
1403715321.662143 -0.40887113091287286  -4.2786523044100777  0.43451052256336919 0.20737317784585124 -0.79540608296384108 0.1932212247143944 0.53571549036228339
1403715321.7121432 -0.41677413234854677  -4.2662515418358087  0.43918486075040891 0.20680826535363878 -0.79292303172265644 0.19331847879079136 0.53956591154666589
1403715321.7621431 -0.42464904717528446  -4.2517652550215868   0.4443715227054777 0.20536011039575627 -0.79122112328197702 0.19306580271700891 0.54269876999297351
1403715321.8121431 -0.43416143076834895  -4.2364077343750308  0.44927436379339725 0.2005661239593203 -0.78970560739299389 0.19522031289244535 0.54591877876308037
1403715321.862143 -0.44427896708892572  -4.2195174354197862   0.4547790143786814 0.19453210702608167 -0.78720416999983289 0.19871434614492967 0.5504357026093607
1403715321.9121432 -0.45540063399723535  -4.1995100843584652  0.45977785753179562 0.18931020104588014 -0.78523779768066226 0.19993912049744236 0.55460580322270425
1403715321.9621429 -0.46590469124436845   -4.177757291449451  0.46437445063667482 0.18487195341311904 -0.78542979715020766 0.19877411555705923 0.55624746792620094
1403715322.0121431 -0.47684991116733416  -4.1533540497563228  0.46845630552213485 0.18130635132516817 -0.78792989505355404 0.19486442347361155 0.55526781278437798
1403715322.0621431 -0.48529515344359236  -4.1239466399064693  0.47064457045678371 0.17785124472420918 -0.79169302821941134 0.19189420635647936 0.552057693892264
1403715322.1121433 -0.49661750319170117  -4.0928051911705854  0.47526289474108685 0.1762128299156894 -0.79522169755665428 0.18597241410189186 0.54953230250944474
1403715322.162143 -0.5089405450411455 -4.0616484986391175 0.47985900811399501 0.1784199456725743 -0.79765372665952294 0.1762325423583096 0.5485042810646944
1403715322.2121432 -0.52195048201681982  -4.0290604785798312  0.48482319973173321 0.1812994997292989 -0.79894965372829352 0.16574454477063449 0.54894324668778016
1403715322.2621431 -0.5364418009934927 -3.9943796553692712 0.48883884882519979 0.1822062014180135 -0.8003905682870569 0.15553100221061053 0.54953247921601833
1403715322.3121431 -0.5506431144200723 -3.9598948732357662 0.49281793906914545 0.18177314003782644 -0.80268577271106456 0.14581557618787103 0.54899170630258987
1403715322.362143 -0.56445154408759968   -3.924688287018935  0.49589576880109704 0.17967990935340611 -0.80511339400162008 0.13650237990057776 0.54852042191282369
1403715322.4121432 -0.57965315934642248  -3.8898020636013553  0.49556096938981797 0.17590923595049895 -0.80767895004885581 0.12683822495895977 0.5482907249302601
1403715322.4621429 -0.59505286734123208  -3.8551424204331091  0.49201016430706362 0.17092977036450252 -0.81059228131907513 0.11824492760161467 0.54748635066599138
1403715322.5121431 -0.60894922810576546  -3.8183838581360674  0.48746991102214721 0.16561803101598169 -0.81316571281838057 0.11092108300304471 0.5468351713673838
1403715322.5621431 -0.62447234839628452  -3.7852277555966425  0.47797905322757606 0.16060680994436355 -0.8158709128225381 0.10577156876124726 0.54531869714085401
1403715322.6121433 -0.64059788292429609  -3.7532169170383676  0.46699038723990027 0.15695717455746092 -0.81780198588665443 0.10066973351865495 0.54445381988564112
1403715322.662143 -0.65801776029032899  -3.7230811822265935  0.45550141379285397 0.15368565238375237 -0.81960982868481769 0.096995418612832993 0.54333446213427861
1403715322.7121432 -0.67552615125707882  -3.6932671872443628  0.44519877971424449 0.15107954226491954 -0.82043562683238958 0.094387550154588523 0.54327833060870501
1403715322.7621431 -0.69476174783098199  -3.6654523962935608  0.43377623580091362 0.1489472379189182 -0.82032334492418824 0.092614727376494524 0.5443407410452521
1403715322.8121431 -0.71477552795180987  -3.6387740271295734  0.42304367236175411 0.14777861287886776 -0.82055280800227404 0.090790198586049642 0.54462070351381875
1403715322.862143 -0.73661758350090178  -3.6146703048702609  0.41387088230560121 0.14744142070325955 -0.82085131210204432 0.088894640388976792 0.54457496618139845
1403715322.9121432 -0.75857286474595575  -3.5910447022860006  0.40854569061272594 0.14782707037918219 -0.82006310143604344 0.086856821444389207 0.5459849443847179
1403715322.9621429 -0.78146915379110582  -3.5686692750038853  0.40651621410555305 0.14796161020454018 -0.81930719129523522 0.085438985381506474 0.54730546130526725
1403715323.0121431 -0.80520292204916388  -3.5480469242994714  0.40659095329422751 0.14851577916357994 -0.81873568355235227 0.084397570935042743 0.54817150038811913
1403715323.0621431 -0.83559685359624492  -3.5360448002836726  0.41088714987230357 0.14932192771534131 -0.81851397708215368 0.084184141661513806 0.54831638815308459
1403715323.1121433 -0.86162552425403749  -3.5200051304484079   0.4161814779577635 0.14996978170263386 -0.81821772429188711 0.083433444762179551 0.54869634637546671
1403715323.162143 -0.8883308951610337 -3.5050788282848799 0.41921491486789797 0.15105479066059749 -0.81805800450115373 0.082651859721690424 0.54875515630800165
1403715323.2121432 -0.91553254223563874  -3.4916680355378444  0.41980184868335391 0.15278203186248979 -0.81736808711490927 0.081380981083666398 0.54949449207789458
1403715323.2621431 -0.94430672562172735   -3.480328017569799  0.41957287304400043 0.15359746999448123 -0.81652238443091751 0.080302766254059507 0.55068183070307419
1403715323.3121431 -0.97376043841768456  -3.4712645145255259  0.41415757226023342 0.15439726112134541 -0.81619117925657647 0.079787866622578044 0.55102390238700516
1403715323.362143 -1.0030968048066649 -3.4630350350422514 0.40754649740905785 0.15412927486183439 -0.8158433764858799 0.080714418587191833 0.55147886116043976
1403715323.4121432  -1.034640085279291 -3.4594225915762884 0.40375630605040919 0.15439993787877709 -0.81561922498628125 0.080723615003934199 0.55173330241748553
1403715323.4621429 -1.0647806286914498 -3.4551680759845063 0.40162445249490669 0.15436196844548095 -0.81607433080861369 0.080880938375411562 0.55104749622915694
1403715323.5121431 -1.0959454998885001 -3.4530801999980456 0.40240382124633156 0.15429987272086287 -0.81613664630148286 0.080838884509221123 0.55097876419459113
1403715323.5621431 -1.1272122920691354 -3.4526342391394542 0.40626183549792588 0.15407050277893139 -0.81651886981522503 0.080757051781967751 0.55048843220961474
1403715323.6121433 -1.1594777416844155 -3.4537607074568428 0.41428934412014118 0.15277462469994976 -0.81290942581280601 0.082592544437912502 0.55589266146959992
1403715323.662143 -1.1922627237458254 -3.4565600256187308  0.4235061502218686 0.15056903946433234 -0.80713844297553028 0.085402448227746522 0.56441378443703183
1403715323.7121432 -1.2244465564254803 -3.4595037444558328 0.43198253876723008 0.1486185251095577 -0.80074158475103974 0.08717121974562532 0.57369558730455061
1403715323.7621431 -1.2550437197887778 -3.4640416437038479 0.44271502037328214 0.14693549731063016 -0.79354612727648643 0.089008070663765426 0.58375685595227267
1403715323.8121431 -1.2842821104525517 -3.4691132785587033 0.45255214754579315 0.14530532179693295 -0.78729876069485538 0.091108811405350695 0.59223830452794823
1403715323.862143 -1.3113567913250646 -3.4750169503560326  0.4619624347331277 0.14371322623248128 -0.78179565775415993 0.092829939620185334 0.5996037528507514
1403715323.9121432 -1.3377774628913719 -3.4805436801048324 0.46533071483936578 0.14272005220713305 -0.77602516910891417 0.094388190021052504 0.60704760372809652
1403715323.9621429 -1.3620451756250576 -3.4909992728969628  0.4721055692091124 0.14094520086206316 -0.76893948748080898 0.09660695698260871 0.61606299256590957
1403715324.0121431 -1.3803098133684855 -3.4999781444652061 0.47978304402352229 0.13918951996822232 -0.76354325806021128 0.099200143251281042 0.62272570380604886
1403715324.0621431 -1.3950682448238467 -3.5071325301793528 0.48775404502078146 0.1381517601989033 -0.76142349896939632 0.10146075842855791 0.62518322184000463
1403715324.1121433 -1.4051126921432875 -3.5143498850089085 0.49432007689991231 0.13735761595127113 -0.76328978811399162 0.10386289231910244 0.62268297254717953
1403715324.162143 -1.4122509564414241 -3.5210639594264035 0.49997637843726639 0.1368231580320052 -0.76708627559894882 0.10590979958252289 0.61777114173961911
1403715324.2121432 -1.4174709262456371 -3.5293187845399943 0.50499098560990685 0.13583470272479659 -0.77090218271433575 0.10838197928622557 0.61279042485007817
1403715324.2621431 -1.4196843706935145  -3.537067208491357 0.50942322241776894 0.13447656161223989 -0.77433589458223251 0.11172384179237414 0.60814287787791754
1403715324.3121431 -1.4228390443152057  -3.543200291901702 0.51544170718342486 0.13237410007348632 -0.77760920978224812 0.11642554829498528 0.60352804922039416
1403715324.362143 -1.4231873897458343  -3.550130549681584 0.52085508549158666 0.12872392899627169 -0.78192257074217719 0.12274640580796738 0.59746176725287914
1403715324.4121432 -1.4181501310162072 -3.5547224112126248 0.52568093192460497 0.12631966295761707 -0.78846547516154397 0.12772444623009083 0.58826184906363876
1403715324.4621429 -1.4115719213231694   -3.55781452986544 0.53026110732318998 0.12491646247741088 -0.79597179527644857 0.13065474550269957 0.57771456274196686
1403715324.5121431  -1.409167982488287 -3.5573682120749646 0.53576789252102719 0.12356999648584412 -0.80236008406279802 0.1319174889962782 0.56881150442668182
1403715324.5621431 -1.4032021941656498 -3.5583042581528175 0.54097751114561066 0.12362846198588764 -0.8074696330006913 0.13192384104397775 0.56152016467170274
1403715324.6121433 -1.4002384374738486 -3.5594748794193127 0.54891381414750728 0.1240990517241886 -0.8104919267861217 0.131291477698007 0.55719369151090614
1403715324.662143 -1.3967937031290012 -3.5580342941499339 0.55462015309509416 0.12505116269846575 -0.81193471131265527 0.12944354741666625 0.55530946264725789
1403715324.7121432  -1.392342110530931 -3.5558274553153506  0.5624111483202896 0.12631771536979799 -0.81213615412749174 0.12785704527247571 0.55509573761375064
1403715324.7621431 -1.3904721535231832 -3.5522164870464596 0.56830512201593997 0.12816837134727418 -0.81172225684446886 0.1247900453293441 0.55597418187916747
1403715324.8121431 -1.3894073152356763 -3.5480071470927657 0.57500257822896517 0.13187904848388282 -0.81046288177899861 0.11918837458474217 0.55816840218102093
1403715324.862143 -1.3887977059247292 -3.5435140025666683 0.57987123049715927 0.13635514369911031 -0.80825152619881502 0.11304725899884478 0.56156661440734656
1403715324.9121432 -1.3866317903394145 -3.5408558536092132 0.58624225378102457 0.14019594471252003 -0.8049564905342701 0.10836119338318227 0.5662578893061786
1403715324.9621429 -1.3831269588493349 -3.5357007008017303 0.59265894788037987 0.14206301858089232 -0.80142918887275527 0.10648379687570969 0.57113094381006468
1403715325.0121431 -1.3819722198511222 -3.5324033945678699 0.59688249690764283 0.14339230860644123 -0.79813613687001395 0.10590570333273815 0.57550094253295858
1403715325.0621431 -1.3800002074906708 -3.5294122013767137 0.60060468550377577 0.14385269931207095 -0.79556210105585523 0.10628211603552412 0.57887084576374681
1403715325.1121433 -1.3721109421334687 -3.5258354409960364 0.60547545891483068 0.14349754080955085 -0.79297454479843466 0.10825339670034728 0.58213488916759148
1403715325.162143 -1.3670994122150839 -3.5218347147554745  0.6086324264419215 0.14373755249702305 -0.79163333456218199 0.1092341700041638 0.58371574907280632
1403715325.2121432 -1.3607548427495706 -3.5191540168571329 0.61181938380993706 0.14430764854689054 -0.7903898736556505 0.11061764761691643 0.58499819335547676
1403715325.2621431 -1.3535300987131618 -3.5160457345627081  0.6138827008804455 0.14436035516983811 -0.79043852688988725 0.11213245422325624 0.58463093980155778
1403715325.3121431 -1.3468749573299512 -3.5095755216225553 0.61661469139896041 0.14419797890582386 -0.79144938751000604 0.11344522196928733 0.58304801817847829
1403715325.362143 -1.3373018350317567 -3.5056775590031615 0.61840781128142597 0.14456451685290753 -0.79337403584480026 0.1143080114791824 0.58016585406769183
1403715325.4121432 -1.3265461836748986 -3.5009155933268055 0.61933290365483151 0.14430915151691445 -0.79612186026134102 0.11645085688460237 0.57602434873304798
1403715325.4621429 -1.3153790964837244 -3.4961785315852407 0.62035019984305817 0.14377019828209386 -0.7995538737663902 0.11813722333091158 0.57104056729338348
1403715325.5121431 -1.3050992499665723 -3.4906449576470759 0.62023874053531103 0.1431556116020882 -0.80266923445165728 0.11983156471649201 0.56645296982999394
1403715325.5621431 -1.2985058690737465 -3.4856595631141332 0.62031804738616492 0.14134232963542365 -0.80498811037530948 0.12248574666826889 0.5630397231730071
1403715325.6121433 -1.2887549326274359 -3.4804382710173067 0.62200885155328389 0.1375141785780947 -0.80645948587161587 0.12769362680214011 0.56072032780326142
1403715325.662143 -1.2797339125944607 -3.4742669296841555 0.62309504310690056 0.1335464463419434 -0.8076698945819254 0.13293163492642973 0.55871626832520871
1403715325.7121432 -1.2743789869142912 -3.4674837143875306 0.61985190655191758 0.13084584724656548 -0.80897805048660643 0.13672112598191366 0.55654398909650971
1403715325.7621431 -1.2676000347774858 -3.4591291481674733 0.61969703869103898 0.12883221296868005 -0.81050986894111099 0.13894628530490896 0.5542291430903129
1403715325.8121431 -1.2613800786651779 -3.4475900605827445 0.61894662567768688 0.12816688179846794 -0.81190711744588795 0.13864550432026357 0.5524106327565993
1403715325.862143 -1.2560298549877997 -3.4359531344052265 0.61885024199347594 0.1283763435765759 -0.81287108754145831 0.13754107307208954 0.55121916028677198
1403715325.9121432 -1.2511304723461618  -3.424116264790853 0.61591265897769376 0.1286674222362926 -0.81373157735662638 0.13572196335683823 0.55033186635913578
1403715325.9621429 -1.2472784642961416 -3.4102242383475319 0.61487887966197829 0.12965057841578584 -0.81458728395586355 0.13362249513152946 0.54934808011741154
1403715326.0121431 -1.2444138473349748 -3.3953038218270004 0.61308257887575812 0.13066516363974534 -0.81462695480806679 0.13053819788416662 0.54979024946272803
1403715326.0621431 -1.2433088937713075 -3.3793591392806945 0.61121992923894775 0.13233185385801835 -0.81396574993202808 0.12647575568159947 0.55131834870323293
1403715326.1121433 -1.2422236904854993 -3.3634709145894979 0.60841708967973696 0.13486203924004567 -0.81297767362851903 0.12106617229170694 0.55337375658790722
1403715326.162143  -1.242438496621324 -3.3481956114872391 0.60476612455555356 0.1375543937363449 -0.81152444015677649 0.11548082432850386 0.55603151979403687
1403715326.2121432 -1.2434582685032451 -3.3312334308924516 0.60057159505137203 0.13950680263874971 -0.81029590059695 0.1108335379130463 0.55827800634358515
1403715326.2621431 -1.2449477403554621 -3.3144777009393418 0.59570752561063212 0.14122264291424813 -0.80847737269084829 0.10662167241147757 0.56129521817613737
1403715326.3121431 -1.2481880712885101 -3.2989224797180898 0.59397174608982284 0.141470890459445 -0.80611106410962441 0.10408691619311837 0.56509897659619557
1403715326.362143 -1.2499499555189126  -3.283535894120901 0.58966349883311375 0.14133262748572611 -0.80228640304777799 0.10242276538782463 0.57085128801023999
1403715326.4121432 -1.2527281037828255 -3.2692278717473569 0.58682866148993085 0.14031385569864827 -0.79814587635215495 0.1022712410959023 0.57690187658364678
1403715326.4621429 -1.2543536651260949 -3.2550440433926524 0.58284344786982645 0.13893386240731334 -0.79490155151417641 0.10258456797754363 0.58164019091686048
1403715326.5121431 -1.2563220261896313 -3.2427069130622166 0.58137616425021599 0.13817658272079955 -0.79160048708267927 0.10276456449631896 0.58627241545372832
1403715326.5621431  -1.254948851219533 -3.2287897787540203 0.57681053719657638 0.13717179514627981 -0.78926429532100673 0.10255223874369916 0.58968534751716295
1403715326.6121433 -1.2524294077998102 -3.2145625882530395 0.57241698762205195 0.13698174119545781 -0.78728173307767124 0.10159842191275298 0.59253796165825312
1403715326.662143  -1.247837841335212 -3.2005585447721612 0.56796598518962715 0.13601691549755787 -0.78664564474189069 0.10125784645762771 0.59366225822255958
1403715326.7121432 -1.2449555536094696 -3.1852167491575996 0.56384687489637264 0.13514639504126513 -0.78708959762614572 0.10061971345089828 0.59338106683742575
1403715326.7621431 -1.2404774906441556 -3.1705036994709568  0.5583536810835843 0.13328635064008573 -0.78959794420108242 0.10131528930782388 0.59034316071158532
1403715326.8121431 -1.2324306617984144 -3.1560835098748421 0.55297930620862423 0.1311243357494023 -0.79318361615507071 0.10276052342215884 0.58575287832280221
1403715326.862143 -1.2230412471473453 -3.1417365245087798 0.54741850798736658 0.12848957369069081 -0.79692105522511159 0.10433185739740064 0.58096654354935762
1403715326.9121432 -1.2166682978819789 -3.1250908973648723 0.53893595720108456 0.12702490862531751 -0.80086637086718548 0.1048889669988415 0.57573955327445547
1403715326.9621429 -1.2057115966180327 -3.1096495873769028  0.5326601749792309 0.12457141535410812 -0.80368181572818398 0.10625625608530612 0.57209012365820255
1403715327.0121431 -1.1949839815608372 -3.0929301738412218 0.52606627454224641 0.12186462345856082 -0.8060029878050341 0.10873811468010616 0.56893252641633829
1403715327.0621431 -1.1842520933515934 -3.0768429061870579 0.52088990169533844 0.11911118676188505 -0.80770876495209576 0.11112310116643591 0.56663103744402299
1403715327.1121433 -1.1735256677621562 -3.0599514159461396 0.51617385110572289 0.11687046303880506 -0.80946934977751017 0.1130200605960915 0.56420486752838805
1403715327.162143 -1.1641410410937425 -3.0421987515011129 0.51107236687926005 0.11536404691245018 -0.81129462343368908 0.11408296024326424 0.56167361416547279
1403715327.2121432 -1.1556431472730244 -3.0233781630837862 0.50610547549229046 0.11384898081354915 -0.81305862711637944 0.11533219477073189 0.5591713183709538
1403715327.2621431 -1.1504184525000767 -3.0054395943563681 0.50299702627579967 0.11249407385929699 -0.81476865654795194 0.11635529305013965 0.55673922569978918
1403715327.3121431 -1.1438432367693552 -2.9850151626958192  0.4995232468769516 0.11070558490894904 -0.81604808889593605 0.1174931509420632 0.55498211643346096
1403715327.362143 -1.1381748134580838  -2.963752980157095  0.4958484787874628 0.10910431989061896 -0.81728869317329256 0.11834262162812831 0.55329057763392175
1403715327.4121432  -1.133611312675606 -2.9413384048711024 0.49162572251331044 0.10727043157554515 -0.81826050727545452 0.11919542657710368 0.55202830274000858
1403715327.4621429 -1.1303877351704512 -2.9180733813535622  0.4874466864999687 0.10767157576130995 -0.81879516478085568 0.11915766907424558 0.55116491162388093
1403715327.5121431 -1.1276336255699915 -2.8941259542816105 0.48542561115495991 0.10857116380943896 -0.81888234083051548 0.12021386503763019 0.5506293135292688
1403715327.5621431 -1.1267967004282844  -2.868306381120266  0.4819667190398233 0.11278677658753813 -0.81843189071827527 0.11914599151599718 0.55068377131342072
1403715327.6121433 -1.1275502574257195 -2.8417915611368665  0.4783131426487689 0.11867289101025141 -0.81761774700291034 0.11760687981954242 0.55098692048384035
1403715327.662143 -1.1295046909567461 -2.8149674520073069 0.47439138001932002 0.12537170813746043 -0.81670894127767946 0.11722743763313165 0.55093209009982125
1403715327.7121432 -1.1317016581340662 -2.7879607742119759 0.47167296947603238 0.13335029100198567 -0.81543474829138518 0.11754264199979021 0.55087893268880805
1403715327.7621431 -1.1351524241434294 -2.7611723229244629 0.46794152700680836 0.14152574663335057 -0.81397045019854808 0.12013929757169885 0.5504444735142906
1403715327.8121431 -1.1394615768732554 -2.7344927833611923 0.46377562047542198 0.15057653361708054 -0.81267691236063377 0.12318616895848788 0.54927962953051712
1403715327.862143 -1.1434418265284849 -2.7079710993255368  0.4595163784250953 0.15981557158921564 -0.81097777548954719 0.1277690586172866 0.54813237306301343
1403715327.9121432 -1.1494012297665166 -2.6826363495577064 0.45479434390346535 0.16981443561212228 -0.80834012136243116 0.13264311824950403 0.54786413355370733
1403715327.9621429 -1.1565787460794867 -2.6575487315011337 0.44987835982726782 0.17975294015357632 -0.80518347819142211 0.13713909082265766 0.54823472775996551
1403715328.0121431 -1.1640388879590413 -2.6322073549582292 0.44521473591879573 0.18872755210383346 -0.80164526435386585 0.1404492388170667 0.54956418417835606
1403715328.0621431 -1.1721110870889064 -2.6068871363603421 0.44042692113547754 0.19562644661263212 -0.79855702485225333 0.14365791586678034 0.55081700650365339
1403715328.1121433 -1.1780713410393759 -2.5820233825091279 0.43622684785432292 0.20142929058725911 -0.79481352061224064 0.14607946346111647 0.55349661128176864
1403715328.162143 -1.1868399737423099 -2.5572992750922223 0.43297964155976038 0.20568893194350055 -0.79136178267201185 0.14734319111535443 0.55653263716880219
1403715328.2121432 -1.1957062934869285   -2.53276163407289    0.43039299260364 0.2090191400022087 -0.78763605923462121 0.14758423693961029 0.56049917958284878
1403715328.2621431  -1.203401580874965 -2.5089978905488062 0.42808039313607249 0.21084286034034178 -0.7843242465094219 0.14783454299002607 0.56438082221126262
1403715328.3121431 -1.2109800563335398 -2.4862824436582822 0.42719110807565147 0.21189597030802454 -0.78156393904541721 0.14679356121463055 0.56807530956463759
1403715328.362143 -1.2166808190246163 -2.4633370244730233 0.42511672339172973 0.2120004581340604 -0.77972811678096732 0.14499043827935132 0.57101457289610091
1403715328.4121432  -1.220842474164455 -2.4407632282102876 0.42341778708360461 0.21132154899820205 -0.77841453975747243 0.14300388739805092 0.57355374239229595
1403715328.4621429 -1.2213947183403258 -2.4166457607707894 0.42162906655400773 0.21043828974022036 -0.77802211526294873 0.14088091515311565 0.57493467639254359
1403715328.5121431 -1.2221319308150163 -2.3949001379747679 0.41985281658096407 0.20895040919380817 -0.77849316960368165 0.13904163785534943 0.57528734934870196
1403715328.5621431 -1.2208675056273817 -2.3729819113473263 0.41796451267002477 0.20773233389138443 -0.78073640262664723 0.13705523329611932 0.5731612426671806
1403715328.6121433  -1.219134794106993 -2.3527641701506208 0.41533500545636337 0.20833180179902616 -0.78364894315655098 0.13527664809317461 0.569378979880244
1403715328.662143 -1.2151535187913056 -2.3333978823146144 0.41261168599374959 0.2101595396950923 -0.78667034956005877 0.13442423296341321 0.56472369756403884
1403715328.7121432 -1.2108668689130802 -2.3157025328518657 0.41035512632588306 0.21257669049028749 -0.78818901372672978 0.13565733813800007 0.56139675445267201
1403715328.7621431 -1.2068486493061537 -2.3002563530324469 0.40768041917087866 0.21623189637156837 -0.78990985114914303 0.13940653024456268 0.55664352450582411
1403715328.8121431 -1.2013246240472302 -2.2855842421010606 0.40490718115188168 0.22163682190298414 -0.78991205640540862 0.14478222489361051 0.55313124091573385
1403715328.862143 -1.1951220052138092 -2.2728797541129206 0.40259355205685377 0.22828577964049884 -0.78839621065237298 0.15201700328620871 0.55064312268000726
1403715328.9121432 -1.1887572909191033 -2.2613518306797458 0.40073512930076155 0.23677182603373365 -0.78605388328399639 0.16034119128769447 0.54804114566996132
1403715328.9621429 -1.1816832411153222 -2.2512320658656146 0.39825340994445657 0.24727880819096729 -0.78257892814925112 0.1694104928487162 0.54564044676799706
1403715329.0121431 -1.1749382155505559 -2.2413325723668076 0.39510068136987858 0.25894655478740103 -0.77824249548057545 0.17965029949536182 0.54314921511784298
1403715329.0621431 -1.1662706480866163 -2.2315276818725081  0.3932361386671237 0.27154526067546841 -0.77389566891158823 0.1900964063157958 0.53964064093653785
1403715329.1121433 -1.1581845544379787 -2.2235147628055802 0.39115561661567005 0.28402406036244648 -0.76913634019708754 0.20200644174381119 0.53567996118714734
1403715329.162143 -1.1484466225527497 -2.2151314919199612 0.38837412033021312 0.29748873917655222 -0.76425309351370418 0.21324180908340487 0.53098548942199486
1403715329.2121432 -1.1405091968414189 -2.2084259210537751 0.38472692855963442 0.31097405818390678 -0.75947137598917813 0.22314938827069553 0.526025393592506
1403715329.2621431  -1.131720466741952 -2.2013619864831027 0.38061841209151953 0.3238125696805208 -0.75514984402443552 0.23175941351880791 0.52075109892556815
1403715329.3121431 -1.1261955564290766 -2.1944576811813015 0.37545254972272457 0.33436827673580638 -0.7511946892033996 0.23953718935697135 0.5162618805802901
1403715329.362143 -1.1176004517267888 -2.1881751140271999 0.37089560102452679 0.34284329445621142 -0.74788612457314152 0.24599920723254556 0.51245410541661007
1403715329.4121432  -1.112425106864962 -2.1810640738192872  0.3643521461679633 0.3497480451403574 -0.74465282202279781 0.25208067712156318 0.50953293494720842
1403715329.4621429 -1.1061606218112339 -2.1743824679349499 0.35666698099001004 0.35559925869931908 -0.74258048772579133 0.25631095532975989 0.50638728325202487
1403715329.5121431 -1.0998113536241256 -2.1686841711023797 0.34917563902525411 0.36031959269984615 -0.74052765455092473 0.25903345611569384 0.5046684580738946
1403715329.5621431 -1.0936605022501174 -2.1625343238186914 0.34098946692933879 0.36391842569578237 -0.73962804519641379 0.26175691500153203 0.50199307928189174
1403715329.6121433 -1.0889365759251348 -2.1568148046355131 0.33349278309364705 0.36723852286912928 -0.73873095872825001 0.26258528092911482 0.50046119547545198
1403715329.662143 -1.0864675643602624 -2.1566106888900851 0.33072295756231374 0.3689221683851226 -0.7376492608152404 0.26329584528982514 0.50044510143058163
1403715329.7121432 -1.0806756533788069  -2.151436374329224 0.32414640409068773 0.3697656717356127 -0.73618364869165831 0.26414502644910809 0.50153204125673567
1403715329.7621431 -1.0757036762601646 -2.1467989106234864 0.31545513257824748 0.36949834158491413 -0.73500111677490365 0.26546126136810483 0.50276699634969813
1403715329.8121431 -1.0711269874001379 -2.1424799060905491 0.30619372309377657 0.3690594224522441 -0.73417409453497773 0.26639656265739264 0.50380195813165285
1403715329.862143 -1.0663101811590527 -2.1387850306908862 0.29636697414811825 0.36830116537825047 -0.73403198556280436 0.26703899910137269 0.50422362966315515
1403715329.9121432 -1.0629012267639162 -2.1361601162505788 0.29097086134232419 0.36742224245664051 -0.73382578847385294 0.26710926199647755 0.50512696431150761
1403715329.9621429 -1.0617346004701764 -2.1379199099452304 0.28460518478595043 0.36681348905035871 -0.73400031839867552 0.26731069682284908 0.50520925190006982
1403715330.0121431  -1.066782574867968 -2.1467560220371036 0.28707815817009569 0.36712733307950712 -0.73383346295324603 0.26837499949547189 0.5046591221822716
1403715330.0621431 -1.0634292143098671 -2.1451207780633283 0.27656555756954643 0.36774529461537064 -0.73289223020580718 0.27083586363650552 0.50426214626965671
1403715330.1121433 -1.0607170523605933 -2.1435911785006012 0.26577255692843188 0.36933130993403096 -0.73249317412381343 0.27202186252925087 0.50304297994361369
1403715330.162143 -1.0584557934062535 -2.1425795707916522  0.2535803641449384 0.37212670771212608 -0.73162879236503864 0.27134072378083568 0.50260843129408561
1403715330.2121432 -1.0570266031490383 -2.1422400347083586 0.24167253160707849 0.37494533426491744 -0.73132006726804855 0.26996465634531802 0.50170313916536413
1403715330.2621431 -1.0568780340394532 -2.1412620437436773 0.23335821145485794 -0.37748803987136859 0.73182156541743881 -0.2683008509743029 -0.49995462745183811
1403715330.3121431 -1.0559120997679372 -2.1414140972885125 0.22378589945480459 -0.37938400656275645 0.73202675601873413 -0.26652531571872073 -0.49916816817392873
1403715330.362143 -1.0551272683337161 -2.1420268120344228 0.21399098600861308 -0.3804021363875898 0.73248434853981492 -0.2653059389961207 -0.49837099886464836
1403715330.4121432  -1.054528712402369 -2.1435550107937424 0.20494377990603826 -0.38035187895664918 0.73255288407438734 -0.26573619181506192 -0.49807930750842516
1403715330.4621429 -1.0534253171338508   -2.14375458361754 0.19796669270884318 -0.37934649054164959 0.73199808701582691 -0.26733241237475741 -0.49880699876084028
1403715330.5121431 -1.0534930957394255 -2.1455452397424017 0.19308927994160152 -0.37816273800377748 0.73210825209207187 -0.26909918233899277 -0.49859410432601731
1403715330.5621431 -1.0533704260767418 -2.1456036286714828 0.19144393935717444 -0.3783092036812935 0.73168908741307737 -0.26927444340016787 -0.49900350690368261
1403715330.6121433 -1.0524864121908908 -2.1438212166260149 0.19077656956992356 0.37701334170316142 -0.73058515142947755 0.27184820383647168 0.50020478882100583
1403715330.662143 -1.0526665387045748 -2.1450163666799176 0.19644620742878352 0.37409841351138645 -0.7291233400965913 0.27557464315166641 0.50248198772342678
1403715330.7121432 -1.0526089334200357 -2.1457021893294042 0.20499571748515172 0.37103732738645356 -0.72824632740318695 0.279967677451533 0.50359377268993544
1403715330.7621431 -1.0524062941364192 -2.1464004675823429 0.21402718129155296 0.36844356701415809 -0.72805471311065462 0.28581377933840091 0.50248995630116422
1403715330.8121431 -1.0520000452768528 -2.1469172279223132 0.22341228150451761 -0.36773216888161847 0.72752719405129318 -0.29252459639444839 -0.49990658566349966
1403715330.862143 -1.0525330204445646 -2.1477143567669632 0.23541275651835919 -0.370900237890259 0.7261121256463503 -0.29737264298830635 -0.49675316377899142
1403715330.9121432 -1.0521596195779646  -2.147726209704186 0.24403111797174579 -0.37535408231682482 0.7241377112137638 -0.30362444793951587 -0.49248967775945351
1403715330.9621429 -1.0520622546757035 -2.1466239201551662 0.25264437958611535 -0.3812413219987717 0.72086575575652512 -0.31042702449991277 -0.48851067443642748
1403715331.0121431 -1.0527562144164635  -2.144733337068319 0.26124292875500049 -0.38852196956254714 0.71708252513206672 -0.31749855133267185 -0.48377474222939026
1403715331.0621431 -1.0544395555609121 -2.1425742742480312 0.27031399802404504 -0.39651103554502148 0.7131563073637579 -0.32521993757505863 -0.47793207902585799
1403715331.1121433 -1.0556901326682795 -2.1378873097850404  0.2824516334320879 -0.4058604273099522 0.70834621471056558 -0.33205895763312676 -0.47250375903753167
1403715331.162143 -1.0598231300644445 -2.1340323807766581 0.29552538362284808 -0.41764053745914076 0.70323684737507353 -0.33562488300073684 -0.46732243245488386
1403715331.2121432 -1.0669006659185118 -2.1331257020758096 0.31347032402904157 -0.42817199656217531 0.6979885491597525 -0.33843519273263722 -0.46361875169350869
1403715331.2621431 -1.0743343933856015 -2.1278192811254626 0.32865751497347723 -0.43821211504844115 0.6924719004003238 -0.34015358793028905 -0.46124651326474747
1403715331.3121431 -1.0829171113036202 -2.1216417111076518   0.344708327439607 -0.4479477582147729 0.68725878252850714 -0.33964230152982278 -0.46006660252545889
1403715331.362143  -1.092565326491699  -2.115178559138958 0.36299193887593562 -0.45678237168169877 0.68201878998601539 -0.33834703298404245 -0.46013206832142128
1403715331.4121432 -1.1029804063430972 -2.1076820624618775 0.38334098392850635 -0.46315595306035073 0.67804003586818318 -0.33790225661556872 -0.45996775743386353
1403715331.4621429 -1.1135449197555916 -2.1000531922150456 0.40125790311202797 -0.46685743286660158 0.6750892148927683 -0.33898366386265305 -0.4597703393509896
1403715331.5121431 -1.1248375383789022 -2.0937037921094421 0.42030070288068583 -0.47040725196064792 0.67269213893852087 -0.33948526751289632 -0.45929517377700196
1403715331.5621431 -1.1370135891258779  -2.087568223486207 0.44044401739609318 -0.4725733369110881 0.67065920820293923 -0.34088717176454925 -0.45900610433815875
1403715331.6121433 -1.1493016076245921 -2.0810684666680079 0.46017441724649755 -0.47389136033227175 0.6699889853342671 -0.34233943040089576 -0.45754284228471837
1403715331.662143 -1.1624294457098721 -2.0740963184710481 0.47963010465782985 -0.47508914334238045 0.66843518298465532 -0.34285972516282376 -0.45818328307321143
1403715331.7121432 -1.1736880921101271 -2.0690089158612515  0.4933649373017609 -0.47686729860361088 0.66615434517437144 -0.34139070921043246 -0.46074760074535059
1403715331.7621431 -1.1865650526737057  -2.061062499191479 0.50907275681232467 -0.47869483604152818 0.66471430355149419 -0.33912495640266332 -0.46260178614670139
1403715331.8121431 -1.1949334126937765 -2.0536054083401019 0.51735964361463593 -0.47898158477764308 0.66384066040647194 -0.33772195262747112 -0.4645816416395348
1403715331.862143 -1.2075168728087533 -2.0477139202006733 0.53323045374428879 -0.47801982933256865 0.66394435965395826 -0.33754950913336035 -0.46554834220775076
1403715331.9121432 -1.2196752028440325 -2.0417144425862035 0.54672972503902617 -0.47708591675521117 0.66465005154543044 -0.33663368898783352 -0.46616209246670742
1403715331.9621429 -1.2316295266640322 -2.0364298743344746 0.55850837689851007 -0.47584553516125427 0.66730944835064099 -0.33626993201078315 -0.46388755063541642
1403715332.0121431 -1.2431103198128719 -2.0311497774563132 0.56740645161376413 -0.473104840391666 0.67005971186743774 -0.33723317131466779 -0.46202335514035925
1403715332.0621431 -1.2531856802780204 -2.0239075619712321 0.56825382716032957 -0.47125359145789009 0.67300323924234406 -0.33591424296228878 -0.46059560775416059
1403715332.1121433 -1.2645491550334691 -2.0200085424651721 0.56883043341910755 -0.46974455347693733 0.67572157032735114 -0.33400801919294043 -0.4595422254678016
1403715332.162143 -1.2768197165294852 -2.0163229463675312 0.56941718098530414 -0.46644908826952414 0.67981719549644848 -0.33431704340583857 -0.45662451012648464
1403715332.2121432 -1.2892636041882621 -2.0130103611520545 0.57042104993614162 -0.46216407515201308 0.68356957629914439 -0.33729765361059527 -0.45317468471427164
1403715332.2621431 -1.3014590774790804 -2.0096364152355952 0.57150764306700141 -0.45805796285453698 0.68558530925780381 -0.34200453691983362 -0.45076444305388963
1403715332.3121431 -1.3129190203190153 -2.0100153835191339 0.56664565707948333 -0.45538669045342367 0.68616414200461462 -0.34645902239523352 -0.44918579472851528
1403715332.362143  -1.324768744624873 -2.0056963833706063  0.5666684544232452 -0.4552043991220916 0.68658299755693819 -0.34921964482803552 -0.44658524623167495
1403715332.4121432 -1.3360414259487807 -2.0012958953701636 0.56525956751850548 -0.45709481356555354 0.68606862571436511 -0.35021204413676971 -0.44466357660980022
1403715332.4621429 -1.3518645053407901 -1.9994318175854771 0.56794933966847405 -0.46008854683061434 0.68556945725950391 -0.34945893855085619 -0.44293509526240049
1403715332.5121431  -1.368365671070797 -1.9984428459977506 0.56976682373717158 -0.46284786744559253 0.68566905086509089 -0.34904810688468874 -0.44022178883722651
1403715332.5621431 -1.3865246303530583 -1.9981432772020296 0.57187599897041341 -0.46588267431482494 0.68517782050279685 -0.34761572973315374 -0.43891684008065895
1403715332.6121433 -1.4063822005124504 -1.9980971842967108 0.57488684493540432 -0.46712850762713182 0.68397173484790474 -0.34812619400740386 -0.43906921588414249
1403715332.662143 -1.4258553535051772 -2.0008748797817977 0.57786706171211744 -0.46772853979577805 0.68233381093308831 -0.34926455205004586 -0.44007369405511931
1403715332.7121432 -1.4474928410066692 -2.0028280271650192 0.58165672698371007 -0.46876018447101109 0.68012033212870393 -0.3503867133135094 -0.44150806834439826
1403715332.7621431 -1.4709481058538325 -2.0057283746394354 0.58504562911443603 -0.4708338950710439 0.67845967610963021 -0.3504657237768537 -0.44179371611987783
1403715332.8121431 -1.4950218258410184 -2.0091232133508159 0.58873926672929489 -0.47378414442660299 0.67588328447369528 -0.35032303599189701 -0.44270096082166116
1403715332.862143 -1.5201061322721032 -2.0143599263660934  0.5922960036684134 -0.47749734164030921 0.67305456466440039 -0.35013811844110387 -0.44316716905178799
1403715332.9121432   -1.54568170441277  -2.020522221954312 0.59686147846019388 -0.4790792991388198 0.66696919553816048 -0.35434800312894049 -0.44729476860161099
1403715332.9621429 -1.5719505110682992 -2.0278109892577558 0.60266613529559077 -0.47963988586079465 0.65855465466728114 -0.36101640737822016 -0.45378243720005829
1403715333.0121431 -1.5985728219698692 -2.0361188774504817 0.60816428897520647 -0.48013518977070463 0.64969039915046523 -0.36851004828335893 -0.45997057417812637
1403715333.0621431 -1.6247221621656227 -2.0416847826977249  0.6132258154561846 -0.48085600042810522 0.64184532880321432 -0.37550545741597391 -0.46455110827184543
1403715333.1121433 -1.6513185561409711 -2.0448953732980821 0.61700645605943238 -0.48191607192559621 0.63561139026931324 -0.38054390686864253 -0.46791173860554536
1403715333.162143 -1.6772504354716904 -2.0473396115130105 0.61973389055888117 -0.48354009169406431 0.63086680278000806 -0.38353846192860935 -0.47020666211365314
1403715333.2121432  -1.702577954828653 -2.0479083528867026 0.62064885106162071 -0.48524945932029756 0.62789239326040425 -0.38500188491785325 -0.47122993678753139
1403715333.2621431 -1.7282223864395572 -2.0457483023624916 0.61931186223426404 -0.48758355384959762 0.62696152302468111 -0.38494685416285068 -0.47010365466787635
1403715333.3121431  -1.752830608292393 -2.0423138261642668 0.61828680714200268 -0.4900929430069173 0.62741653597595981 -0.38392993981537588 -0.46771273118454626
1403715333.362143  -1.777438084060553 -2.0386414433150275  0.6156905288192388 -0.49272800488247215 0.6283089125693555 -0.38170931380887507 -0.46555882908823676
1403715333.4121432 -1.8008578192352576 -2.0329446956660515 0.61262989702652582 -0.49510413021255129 0.62970173575883415 -0.37947093551536387 -0.46297886920234183
1403715333.4621429 -1.8235735473709054 -2.0260117763272385 0.60922072425281459 -0.49669940929266471 0.63096561907121707 -0.37783884445926363 -0.46087947662711382
1403715333.5121431 -1.8467592317243238 -2.0167587696469758 0.60777660078944817 -0.49691279764168594 0.63150880828766565 -0.37762865954349195 -0.46007705016267758
1403715333.5621431 -1.8704557801809127 -2.0099895646444916 0.60464357032282834 -0.4963252498126236 0.63158985655372468 -0.37853852583114123 -0.45985224144117059
1403715333.6121433  -1.896711885070949 -2.0036759419691887 0.60246704327427125 -0.49591261978343804 0.63103006868720768 -0.3789588038781293 -0.46071895002854274
1403715333.662143 -1.9192244389825692 -1.9935934996039477 0.60017716315307956 -0.49678683390698497 0.63241073856350249 -0.3778637048577152 -0.45877938048417211
1403715333.7121432 -1.9412549869904876  -1.982922684010157 0.59554409611413872 -0.49869903471902799 0.63479638343343447 -0.37572315901615028 -0.45515374559489941
1403715333.7621431 -1.9622014354409159 -1.9702759252541127 0.59001051998924203 -0.50124641868261754 0.63856874602241742 -0.37227573265092079 -0.44988083226608783
1403715333.8121431 -1.9831801588083291 -1.9574661369537405 0.58485881771406478 -0.50408941270029051 0.64159630903294973 -0.36958823795595441 -0.44458134756575746
1403715333.862143 -2.0059505612952302 -1.9471589007918699 0.58167538193062596 -0.50777755152902537 0.64283113038443618 -0.36849776068671858 -0.43947638883190293
1403715333.9121432 -2.0277594147486271 -1.9348334482034399  0.5781518477322658 -0.51140255311869409 0.64284475364686211 -0.36866426627448906 -0.43509161120927076
1403715333.9621429 -2.0491011868853568  -1.923631751796159 0.57577205771001494 -0.51561688451903742 0.64081991560837759 -0.36946616244327424 -0.4324162565954171
1403715334.0121431 -2.0702122469352515 -1.9128502130306542 0.57454278059484265 -0.51928387635572648 0.6381718725733313 -0.37236186702363522 -0.42945029607614776
1403715334.0621431 -2.0913338462016138 -1.9031533397098026 0.57397553304761606 -0.52317655147496556 0.63554932285313426 -0.37552234174994353 -0.4258477721608086
1403715334.1121433 -2.1121819654061813 -1.8946123422433434 0.57286395653689648 -0.52680342501722355 0.63284152726690979 -0.37853390685152283 -0.42273139713100361
1403715334.162143 -2.1338657479916763 -1.8851063118030571 0.57312686537773649 -0.53071351481795093 0.63027038843757077 -0.38056113024458638 -0.41985191293513641
1403715334.2121432 -2.1561207233151167 -1.8772721846675193 0.57353549826732808 -0.53371099195788385 0.6284755882611549 -0.38251287975728077 -0.4169591213091749
1403715334.2621431  -2.177261514775227 -1.8690024509393903 0.57384156472660186 -0.53627783247030103 0.62711442301241649 -0.38379178813337983 -0.41453280957258698
1403715334.3121431 -2.1998184029697105 -1.8622530321749948 0.57522420792539453 -0.53822440180054587 0.62533736732458978 -0.38526405715435152 -0.413327081860074
1403715334.362143 -2.2233209269736998  -1.855979732169903 0.57617783904736619 -0.54018878374379153 0.62393392440144935 -0.38605138366714742 -0.41214908111882387
1403715334.4121432 -2.2469345768525297  -1.853625787322309 0.57635584085184166 -0.54161065754929272 0.62253186610877487 -0.38678078399443294 -0.41171907466232471
1403715334.4621429 -2.2707280160054233 -1.8474795930904806 0.57637638236039412 -0.54243246864602757 0.62154657997606977 -0.38770528222605738 -0.411255978695314
1403715334.5121431  -2.295385370843102  -1.843910968460263 0.57682034569465745 -0.54303660098658224 0.62059862462692672 -0.3883384701111946 -0.41129287585831481
1403715334.5621431 -2.3204682299982111 -1.8403753682067285 0.57813268609514223 -0.54346317534196598 0.61909118658095674 -0.38915157332919809 -0.41223164934344925
1403715334.6121433 -2.3456617264756585 -1.8372271065120533 0.57898833131845828 -0.54482288786551336 0.61765929598725633 -0.3887963085952274 -0.41291941751525074
1403715334.662143 -2.3711008865578416 -1.8342385216456536 0.57942221412669614 -0.54636211495084119 0.61633595947188768 -0.38757894792754616 -0.41400601871432752
1403715334.7121432 -2.3959258423506835 -1.8321964756606128 0.57921588426530879 -0.54678559684387429 0.6154047597766541 -0.38747458991381079 -0.4149288311258344
1403715334.7621431 -2.4211775003513663  -1.829873107662084 0.57902848607589819 -0.54711811549706413 0.61464166473875126 -0.38721603087139483 -0.41586192071205641
1403715334.8121431 -2.4460799142433149 -1.8289284994540291 0.57918784375837584 -0.54750752229891564 0.61434609355272596 -0.38637805348194254 -0.41656498910747747
1403715334.862143 -2.4704092547805838 -1.8289461775067664 0.57923014324532029 -0.54758118878032824 0.61391882970794898 -0.38574275845214584 -0.41768533194939284
1403715334.9121432 -2.4952557076843211 -1.8285966912114133 0.57882866775390029 -0.54764422564532578 0.61369645491977343 -0.38531121060782936 -0.41832730524813116
1403715334.9621429 -2.5198895449766234 -1.8288578910467821 0.57812782273398022 -0.54798977132226967 0.61392638862591242 -0.38412017270638099 -0.41863264659475818
1403715335.0121431 -2.5431827252923425 -1.8344356723699526 0.57651952611821977 -0.54800584721612888 0.61374759991140981 -0.38395197228642419 -0.41902787257804447
1403715335.0621431 -2.5671589410658759 -1.8368531170936562 0.57584706301553978 -0.54893018279207595 0.61341587240540019 -0.38371250043124611 -0.41852280572721573
1403715335.1121433 -2.5913139976369011 -1.8387140302659684 0.57416160435237729 -0.54972799143282725 0.61289707141543548 -0.38365941025254102 -0.4182843198235916
1403715335.162143 -2.6155787966940176 -1.8408008146932091 0.57319424261319252 -0.55069259029418827 0.61204105646132589 -0.38340669920915438 -0.41850056057587598
1403715335.2121432 -2.6386363196071634 -1.8467755968939201 0.57306709281364232 -0.55125647864910909 0.61189110729471141 -0.38331346576383085 -0.41806262033953318
1403715335.2621431 -2.6608872653697415 -1.8504381919576187 0.57161420762939963 -0.55263090118392266 0.61094618319995908 -0.38311066459284515 -0.4178158290027752
1403715335.3121431 -2.6825541785287972 -1.8541966897516602 0.57046977793644338 -0.55425526274834125 0.60953711643266395 -0.3838061147345414 -0.4170832934787681
1403715335.362143 -2.7037908668771253 -1.8589287478394689 0.56896208675637627 -0.55644526744693057 0.60742111126574405 -0.38532250657099532 -0.41585433008981404
1403715335.4121432 -2.7242593879784605 -1.8640529541436976 0.56780424968430898 -0.55908429130269777 0.60474009727985034 -0.38719223578853496 -0.41448322343080762
1403715335.4621429 -2.7445108029633167 -1.8704467275828476 0.56698910623643717 -0.56183257221489724 0.60226991006090869 -0.38915783109003194 -0.41251824048752028
1403715335.5121431 -2.7644927345006587  -1.877481725370677 0.56518472272782461 -0.5635851189554445 0.60082481187267112 -0.3920235023727352 -0.40951060147151408
1403715335.5621431  -2.784189282738788 -1.8850134935067624  0.5635398432890153 -0.56442287388022294 0.59962658907907984 -0.39552244927651803 -0.40673918575480578
1403715335.6121433 -2.8035920541188539 -1.8912235078206687  0.5634703681369162 -0.56577042580717285 0.59825171750166295 -0.39842017829440951 -0.40405453755171716
1403715335.662143 -2.8221831836571014 -1.9000617253705221 0.56223413083165363 -0.5677829915352165 0.59617748815438087 -0.40162924928631416 -0.40110949036262528
1403715335.7121432  -2.840877120567026 -1.9090175298443353 0.56067411539085921 -0.57172346909539051 0.5929702358844896 -0.40334501972945708 -0.39853653446085552
1403715335.7621431 -2.8597089347379478 -1.9180923495506059 0.55946860183676039 -0.57550874615789649 0.58903232178208453 -0.40608293893106073 -0.39614044693881623
1403715335.8121431 -2.8804624446034941 -1.9248009099256214 0.55900745503546823 -0.57904568302662629 0.58541366498485758 -0.40832634242408367 -0.39403874923641075
1403715335.862143 -2.8990604601092338 -1.9333717432575463  0.5572075993910266 0.58210216770543477 -0.58202039571912334 0.41052249018715509 0.39227619143930476
1403715335.9121432 -2.9177952763308221 -1.9422149079153721 0.55548342425412578 0.58513855745584731 -0.57879281127251259 0.41223962186886853 0.39073039856039354
1403715335.9621429 -2.9365726701954125 -1.9531013226579068 0.55350904535284462 0.58670839016576526 -0.57529891814450795 0.41578653182981784 0.38977683312350292
1403715336.0121431 -2.9553966882238858 -1.9638032052600949 0.55190021567800984 0.58888059490911482 -0.57126075035891133 0.41790039961898184 0.39017951770583265
1403715336.0621431 -2.9741820208945522  -1.974815489966151 0.55063096842909354 0.58956686950891801 -0.56772008280274067 0.42116248221457503 0.39080299069321545
1403715336.1121433 -2.9929351411579077 -1.9862378250885981 0.54905843967640222 0.58949338293766496 -0.56463177347535809 0.42471061425889867 0.39154745049688205
1403715336.162143 -3.0113439932386328 -1.9974614809745859 0.54727011575564233 0.58961725290139066 -0.56125614835815618 0.42724977604633008 0.39344715004628761
1403715336.2121432 -3.0314329844574259 -2.0072184181060537 0.54614883745619236 0.5891181885863026 -0.5587183379317644 0.4305553834124351 0.39420253747297418
1403715336.2621431 -3.0493949303162142 -2.0172000655970685 0.54354189501673511 0.58939520017150715 -0.55789885965682462 0.43223833297880676 0.39310581770320574
1403715336.3121431 -3.0678867997837633 -2.0266570459635953 0.54127869683588836 0.59119250821918412 -0.55789819946114461 0.43135362741526195 0.39137586202935171
1403715336.362143 -3.0861398061838505 -2.0358681571027297 0.53833469326219685 0.59372039468367921 -0.55854027153339225 0.42970631677969373 0.38843447237814788
1403715336.4121432 -3.1055153282212755 -2.0427270867613303 0.53714902709304246 0.59589584545938279 -0.55904976364883785 0.42767193868936326 0.38661119485357326
1403715336.4621429 -3.1237564428998912  -2.051495362959546 0.53548607215758803 0.59846516628609248 -0.55858997547183797 0.42518561833617069 0.38604905647419924
1403715336.5121431 -3.1418152110737645 -2.0566127910163883 0.53586481965171107 0.59944100939382972 -0.55904543492521841 0.424352501664508 0.38479037446024261
1403715336.5621431 -3.1588421517093002 -2.0627086162237132 0.53525321567661033 0.5995546586339443 -0.5592681241944194 0.42395759760531249 0.38472500828919592
1403715336.6121433 -3.1760332243043612 -2.0707751065154629 0.53464942590283948 0.59925103596796314 -0.559466526492018 0.42431026052382287 0.38452074643702194
1403715336.662143 -3.1932222698577237 -2.0794032042543744 0.53410298137282752 0.5992267688906564 -0.55970649034468223 0.42392940725177874 0.38462940836350179
1403715336.7121432 -3.2104422428333836  -2.088669790692788 0.53365081770368805 0.59910989566208495 -0.55984200799116579 0.42362128354828665 0.38495359088218317
1403715336.7621431 -3.2274014994735487 -2.0982968575573735 0.53376594903997676 0.59887128863437478 -0.5600961139994477 0.42338505628248602 0.38521502676920222
1403715336.8121431 -3.2431495781646871 -2.1091023144158529 0.53483317553747389 0.59896046407104409 -0.55980088946371065 0.42275513356298028 0.38619609485543044
1403715336.862143 -3.2590558248606913 -2.1192967418040172   0.536536240880921 0.59874193959926592 -0.55947673068547843 0.42264167885776405 0.38712774232633906
1403715336.9121432 -3.2749644583288888  -2.130203382192883 0.53868670343698111 0.59856067575581318 -0.55936018993333725 0.42276640649827296 0.38744013846402447
1403715336.9621429 -3.2905376739189145 -2.1412183102512521 0.54206911539804037 0.59850859967940229 -0.55865395828429287 0.42257619099922239 0.38874486981011253
1403715337.0121431 -3.3014925504119286 -2.1500234818110662 0.54574349747844064 0.59868625869234016 -0.55812348775433362 0.42248839541029237 0.38932825714754277
1403715337.0621431 -3.3103077553131128 -2.1585792285349159 0.54880344871810505 0.59993359919550127 -0.55696558708562782 0.42213268208843907 0.3894521922797643
1403715337.1121433 -3.3225089511300885 -2.1690287300487689  0.5532406446570638 0.6022223972576346 -0.55597981122506757 0.42238815905318572 0.38704376605632945
1403715337.162143 -3.3333168065695631 -2.1778652517326975 0.55774617111268188 0.60610548521786178 -0.55344936523583821 0.42218034397446424 0.38482944023355492
1403715337.2121432 -3.3435948447886155 -2.1883118658529312  0.5629620002865946 0.60985210437515025 -0.55107042790494909 0.42342223511366156 0.38094015945973492
1403715337.2621431  -3.353308386613528 -2.1997051396817828 0.56775223118271378 0.61355409690383955 -0.54860242224212963 0.42609719772684829 0.37553685647604435
1403715337.3121431 -3.3621743701529248 -2.2114085721102619 0.57287121375560435 0.61775490936985045 -0.54572047742189977 0.42916127574982338 0.36930831546100584
1403715337.362143 -3.3709943662704824 -2.2235726682376131 0.57766690787360742 0.62139917203673134 -0.54336439012787219 0.43230637682831013 0.36294545745416024
1403715337.4121432 -3.3812162120976046 -2.2372027546202564 0.58169086746462073 0.62439938555897845 -0.54124818431020671 0.43571762966579169 0.3568276299460269
1403715337.4621429  -3.391824695429499 -2.2523558420499792  0.5849627941200084 0.6260136691410787 -0.53879802085003115 0.4402921058509433 0.35206027935845752
1403715337.5121431 -3.4016373462524072 -2.2669700530988486 0.58916318178018567 0.62620948599270365 -0.53784499081702453 0.44560812149990026 0.34643592128865491
1403715337.5621431 -3.4098398493277333 -2.2793975036492955 0.58999098910276282 0.62595534661357 -0.53621651742184506 0.45000191360712799 0.34372958592445413
1403715337.6121433 -3.4214677396744495 -2.2944321586220209  0.5932001227212591 0.62759519741141623 -0.5330419909398787 0.45181711076972497 0.34329550316989849
1403715337.662143 -3.4323099140132522 -2.3125646016085919 0.59630219942496809 0.6289691364276091 -0.52939443883024684 0.45318425367644022 0.34462064038133788
1403715337.7121432  -3.444499015191286  -2.329222830246791 0.59934292874667794 0.63053782470318021 -0.52655577929242514 0.45346414710512883 0.34573303313763137
1403715337.7621431 -3.4572251120449726 -2.3474785351160592 0.60264660334416154 0.63172525787573552 -0.5245370741395291 0.45364593296231465 0.34639489592332151
1403715337.8121431 -3.4699676781595801 -2.3657631723404902 0.60594942029133525 0.6321479942130046 -0.52311610256314589 0.45387439597149953 0.34747156622251252
1403715337.862143 -3.4827345662661227 -2.3840602424350714 0.60937224115310196 0.63206683887744186 -0.52224847186528756 0.45373310829019187 0.34910501466918364
1403715337.9121432 -3.4957229968641479 -2.4031115494655411 0.61282664684823673 0.63238725991802947 -0.52140455712217537 0.45259115457908761 0.35126185119133463
1403715337.9621429 -3.5089413067525506 -2.4225313327717997 0.61593636725064449 0.63233437427240491 -0.52102571310052104 0.45154628526167734 0.35325825916459452
1403715338.0121431 -3.5218168423066158 -2.4414953086998255 0.61984690927035768 0.63108008551693784 -0.52170740518621417 0.45142479660639606 0.35464765901761675
1403715338.0621431 -3.5352863717281715 -2.4603246886684498 0.62319655205489366 0.62932173525634139 -0.5231195059698277 0.45170610564699265 0.35533326628541084
1403715338.1121433  -3.548361461882954 -2.4791084469116766 0.62707869358442248 0.62735184663704635 -0.52466566995119956 0.45222237495527229 0.35587992200398155
1403715338.162143 -3.5606645819744842 -2.4980174399069641 0.62985145159445599 0.62653569472515125 -0.52512081032201863 0.45272363715504155 0.35600908157395245
1403715338.2121432 -3.5721429181687938 -2.5152941915833904 0.63146390100421579 0.62587630340343114 -0.525523866353514 0.45356273772301281 0.35550578290671425
1403715338.2621431 -3.5842837108514636 -2.5335414008412394 0.63326092749359097 0.62569587601529841 -0.52520627150391541 0.45530989862899396 0.35405640697614693
1403715338.3121431  -3.596133331668709 -2.5518078197708896 0.63541801531882514 0.62630662173751939 -0.52476381233761926 0.45686778147507251 0.35161738733838094
1403715338.362143 -3.6086212530031792  -2.571013841278686 0.63751127048255496 0.62745225906978697 -0.52387503289570769 0.45923458106738246 0.34779622201600757
1403715338.4121432 -3.6205637756428279  -2.588925721724439 0.64022413334785411 0.62943468604594466 -0.52111259375590202 0.46213603944869469 0.34450532894849983
1403715338.4621429 -3.6330383122920709 -2.6071549554425673 0.64298689581677304 0.63228320133454141 -0.51759069104892885 0.46489983653806449 0.34086063403760331
1403715338.5121431 -3.6470384324474043 -2.6272443334644051 0.64537088755133054 0.63618343688527013 -0.51333754876424342 0.46756105283510802 0.33636566045494143
1403715338.5621431 -3.6622214529750812 -2.6495449143287768 0.64894473112317974 0.64095298530757672 -0.50683588654387912 0.47031267266493554 0.33332063342576124
1403715338.6121433  -3.676567310316059 -2.6690323274558576 0.65354284138820051 0.64617367236674428 -0.49962691872360288 0.47290851519502397 0.33043919786077414
1403715338.662143 -3.6908017162572064  -2.688431413403825  0.6576716861999905 0.65170477040271146 -0.49165258687367347 0.47589113450672338 0.32724036143586882
1403715338.7121432 -3.7057970339701383 -2.7082406399766472 0.66180005400473607 0.65747647399567044 -0.48348256070136153 0.47866302149948342 0.32380705904729729
1403715338.7621431 -3.7230501574071444  -2.726416264298348 0.66593984364081149 0.6629587978639625 -0.47630546572988602 0.48139567125927907 0.31918167764368022
1403715338.8121431 -3.7385636986590303 -2.7427318912895338 0.66898983858231587 0.66852646052958487 -0.4695840320438312 0.48240620353078228 0.31598649214208668
1403715338.862143 -3.7554730252821584 -2.7604759777046661 0.67320504246240931 0.67256856573728352 -0.46422172605856421 0.48408894991537982 0.31274206945520727
1403715338.9121432 -3.7713063090534473 -2.7792030143820363 0.67677238932569184 0.676346485244255 -0.4601125685065936 0.48484017472578755 0.30948644747690646
1403715338.9621429 -3.7877143085958633 -2.7973438573661089 0.67989757498601433 0.68042579190474239 -0.45598008845955368 0.48423771811055488 0.30759833061690173
1403715339.0121431 -3.8043773039555813 -2.8163182595331042 0.68186048888328588 0.68393268718550437 -0.45306298992712501 0.48360554415407941 0.30511585376860656
1403715339.0621431 -3.8210592228089291 -2.8359041781251841 0.68358452515765833 0.6869831751952955 -0.45105914399085628 0.4825026872077488 0.30297016760421686
1403715339.1121433 -3.8375440101220089 -2.8542917651684081 0.68432930335426334 0.68987640236163639 -0.44831790942312133 0.48113747982238858 0.30263563416294553
1403715339.162143 -3.8529458129933061 -2.8739806546487965 0.68483204011702725 0.69236271049891474 -0.44514662682983225 0.48005417682002421 0.30335844318275856
1403715339.2121432 -3.8688991152512986 -2.8932286659290076 0.68472786233661243 0.69460683500840337 -0.44221598806392376 0.47865478632369585 0.30472275955312789
1403715339.2621431 -3.8861456622608808 -2.9128910742698788 0.68508616177212722 0.69551785935697119 -0.44043360114375774 0.47883639354761193 0.30494074590542092
1403715339.3121431 -3.8998421827819878 -2.9327439171975072 0.68442167051127945 0.69463667592055389 -0.43984150325415633 0.48110602459479873 0.30423072425341297
1403715339.362143 -3.9120774832102465 -2.9531915126392043 0.68294895262441324 0.69322892339964937 -0.43937525648102954 0.48367529078846594 0.30404153800934108
1403715339.4121432 -3.9236414784624274 -2.9693985334064958 0.68106755939016583 0.69153696981048585 -0.44002278361282454 0.48591854262609913 0.30338051885228323
1403715339.4621429 -3.9373039352757071 -2.9891531717176845 0.67970149347217523 0.69026176962365637 -0.4407496721365306 0.48730977382497115 0.30299769015986688
1403715339.5121431 -3.9504079327048833 -3.0079209398040749 0.67744682193813854 0.68850280847740264 -0.44136740814008918 0.48878753224321853 0.30371934754640445
1403715339.5621431 -3.9639282458658021 -3.0284675142337809 0.67348590531570074 0.68742922716826682 -0.4429555937220464 0.48933812360532319 0.30295148194324834
1403715339.6121433 -3.9764863642693626 -3.0475862998187218 0.66942345659257207 0.68792127092600375 -0.44498268805495506 0.48709994457466604 0.30247045530811073
1403715339.662143 -3.9894780729668802 -3.0661515724845643 0.66525673499568894 0.68857343739595855 -0.44581126932488396 0.48418239178707745 0.30444432157456108
1403715339.7121432 -4.0022076080567057 -3.0850150187535785 0.66050866838795097 0.69009588759736618 -0.44528655305149661 0.48011922632699022 0.30817702721632662
1403715339.7621431 -4.0137104325073745 -3.1032684435416678 0.65558088023604888 0.69075819991642007 -0.4436029224301446 0.47686888253115856 0.31411084879886941
1403715339.8121431 -4.0223694945707118 -3.1203900941016314 0.64910174777644003 0.69162669679082911 -0.44156686580983695 0.47314881817105015 0.3206265914867677
1403715339.862143 -4.0311765402055553 -3.1396936054920417 0.64351933623197333 0.69233978229359416 -0.43911273819351909 0.47033898896937176 0.32653769225790436
1403715339.9121432 -4.0378577910086069   -3.15938401726756 0.63636621530419735 0.69364001481188498 -0.43579463543637686 0.46838056019449886 0.33100787967740436
1403715339.9621429  -4.042960019794867 -3.1785164440705875 0.62954163277566455 0.69622256837734531 -0.43162492778792388 0.4666471607111915 0.33348835720952225
1403715340.0121431 -4.0468305966991194 -3.1949201166939556 0.62400446137419208 0.69954420548730167 -0.42597012285118357 0.46547484354540081 0.33544079810552596
1403715340.0621431 -4.0473698616221849 -3.2105526611103512 0.61924503006865361 0.70311664588138723 -0.4204875324457602 0.46597480714856421 0.33419260381558763
1403715340.1121433  -4.046050290577436 -3.2249413983709059 0.61550654852217979 0.70665718068433558 -0.41526939080128966 0.46806150145335668 0.3303110547771928
1403715340.162143 -4.0425834286631073  -3.239795654379785 0.61302426267168098 0.70985284045673924 -0.40920599734787116 0.47199311577412678 0.32539498350752888
1403715340.2121432 -4.0374462302423559  -3.253491563789416 0.61363134686872189 0.71309633328775379 -0.40382612940095197 0.47746923689013165 0.31692460379112497
1403715340.2621431 -4.0303924062619023 -3.2647326942865771  0.6154508116905576 0.71609972313692427 -0.39813481795940298 0.48402147273448126 0.30726709420892651
1403715340.3121431 -4.0202078639299064 -3.2740648785565072 0.61905315700285135 0.71986614789346337 -0.39108183032017452 0.49062120988963948 0.29688138964386923
1403715340.362143 -4.0078196021255241 -3.2846071222101045 0.62493153586871264 0.72381203218725099 -0.38377057838023071 0.4978613155750613 0.28451783016980564
1403715340.4121432 -3.9959931876399195 -3.2941142676343307 0.63242516788217962 0.72878817385646055 -0.3747655875011463 0.50383727234227937 0.27306877351791475
1403715340.4621429 -3.9828775748198595 -3.3029696053087969 0.64045880882381789 0.73419166976429595 -0.36608754825723128 0.50793534638034721 0.26257224331067702
1403715340.5121431 -3.9710992408040875  -3.311685078500938 0.64974876927505754 0.73901440124229001 -0.35848576950299493 0.5110910020298024 0.25324228609084593
1403715340.5621431 -3.9572240384715296 -3.3192338981447382 0.65778907611225268 0.74336365506185353 -0.3533425031554151 0.513260551502284 0.24315254074041392
1403715340.6121433  -3.942961539146804 -3.3279721012613774 0.66495940094135131 0.74661856824088968 -0.34802514097147152 0.51566363378044056 0.23564853406304681
1403715340.662143 -3.9297424420893599 -3.3364964581751524 0.67141543644812485 0.74930292393448938 -0.34381364361558753 0.51749204606334998 0.22921450414004466
1403715340.7121432 -3.9160765913834088 -3.3463389373305668 0.67739501055938478 0.7514861105676145 -0.34055158189879092 0.51858622402425769 0.22441384525570726
1403715340.7621431 -3.9032074061162492 -3.3576425875950018 0.68263159069467849 0.75351096286177555 -0.33838119404639805 0.51881455496352546 0.22034258308564164
1403715340.8121431 -3.8884953135809122 -3.3683732327913805 0.68632217581420163 0.75484641410985454 -0.33682289433402762 0.51902921737551566 0.21763708431354728
1403715340.862143 -3.8747712776423815 -3.3800456744218019 0.68954835911399759 0.7546962909900653 -0.33810488859659643 0.52022950518463373 0.21326006332239777
1403715340.9121432 -3.8620678552967238 -3.3922079986504059 0.69348231591805376 0.75398477042549861 -0.34037576888491378 0.52154012196267918 0.20891913053994332
1403715340.9621429 -3.8495643541775153 -3.4062157115742231 0.69807835980079669 0.75364447492629394 -0.34196105079554373 0.52200216588081016 0.20638891435254333
1403715341.0121431 -3.8370994298939789 -3.4200483642679198 0.70267655093890347 0.75304838910972483 -0.3446179818302173 0.52196746775384129 0.20422177372934383
1403715341.0621431 -3.8235674264162567 -3.4366815014273766 0.70568230669799914 0.75199373393126567 -0.34586403059738785 0.5223153459561114 0.20511015539409488
1403715341.1121433  -3.809420158978964 -3.4544113313558285 0.70851274922558649 0.75100453094919761 -0.34535936428851455 0.52238146765667282 0.20937217160088237
1403715341.162143 -3.7959320295685854 -3.4680013754491119 0.71173880569765546 0.7500426705949601 -0.34361368372133483 0.52209927663133604 0.21628216289669042
1403715341.2121432 -3.7841416295031283 -3.4856444426156266 0.71765947724342927 0.74632163757689585 -0.34435246515658141 0.52528603425801734 0.22022709923760758
1403715341.2621431 -3.7721970282501607 -3.5048398718342213 0.72299210636414712 0.74312677576838704 -0.34568385608423025 0.52750128543812602 0.22362392680557125
1403715341.3121431 -3.7588493652993979 -3.5246639641236857  0.7279020960911412 0.74030202610519757 -0.34624758611898615 0.52897031899788227 0.22859553991841872
1403715341.362143   -3.74918790447478  -3.544358002027626 0.73277463521670094 0.73763537699243054 -0.34609059546467041 0.53035691521120165 0.23417278413129711
1403715341.4121432 -3.7388781600560659 -3.5633880217271767  0.7381126047375971 0.73508019653086565 -0.34699815824011065 0.53138500183170978 0.23849394682974451
1403715341.4621429 -3.7283091763838305 -3.5818753054897581 0.74249365960503311 0.73442264887466002 -0.34724417679226433 0.52990903557343727 0.24339529272650337
1403715341.5121431 -3.7174220149654458 -3.6004903867295237  0.7471318860856454 0.73403046789120563 -0.34863832203024836 0.52817728440337164 0.24633178613331783
1403715341.5621431 -3.7084122887930886 -3.6186355022467804 0.75162255055301319 0.73443190568420813 -0.34812878562739258 0.52557052014261885 0.25137969863868576
1403715341.6121433 -3.6992575201518618 -3.6352868715041429 0.75616433261190263 0.73368409342070062 -0.34666030090455441 0.52493191218096868 0.25686723109855863
1403715341.662143  -3.690096764811333 -3.6514224842433789 0.76080671573498371 0.73262568313968579 -0.34482518290185948 0.52464087734320342 0.26288239093054894
1403715341.7121432 -3.6804147476716547 -3.6691831529621286 0.76585337835168588 0.73209079453400239 -0.34205203412246915 0.52399557747839054 0.26920644363451368
1403715341.7621431 -3.6709904040862771 -3.6855381251946353 0.76888650483399457 0.73305926059629578 -0.34062357609395466 0.52161707897497067 0.27297494900557667
1403715341.8121431 -3.6611805485370681 -3.6986626527480526 0.77110694726955586 0.7341509092351326 -0.33968415231829352 0.51920724741044644 0.27579150343964187
1403715341.862143 -3.6501760815384277 -3.7113931618397475   0.773355218915593 0.73549205800094708 -0.33786508528829412 0.5167799235059739 0.27899305980942457
1403715341.9121432 -3.6375649155550893 -3.7216532693636553 0.77613699807493275 0.73606367184834465 -0.34005675229073823 0.51661199215285436 0.27510675340759472
1403715341.9621429 -3.6246262299956089 -3.7291977180799529 0.77795657886304692 0.73608876323434536 -0.34331357138781488 0.51743539972394548 0.2693876972944319
1403715342.0121431 -3.6121790478023641 -3.7355075300442824 0.77995341813512675 0.73636580568663734 -0.34720778960250875 0.51792213872930404 0.26261913347826193
1403715342.0621431 -3.5993649565709585 -3.7392748523525272 0.78274630499738995 0.73754598007815364 -0.35042505321194484 0.51717185038106828 0.25644002520157311
1403715342.1121433 -3.5872365246109505 -3.7423151671218382 0.78514903516606682 0.73936151360561908 -0.35268323836480631 0.51558513571772424 0.25125893695997581
1403715342.162143  -3.573847715507239 -3.7470023380566713 0.78711730549152159 0.74073881129989416 -0.35618392354932304 0.51470877773620671 0.24395470923991192
1403715342.2121432 -3.5601356770495065 -3.7511866406027741 0.78897604149815936 0.74206826493747413 -0.35772659860923928 0.51393922189090424 0.23923387515634703
1403715342.2621431 -3.5473155165741228 -3.7555176682349432 0.79081829900955125 0.742747614455599 -0.35865694837471934 0.51409614640818113 0.23536424293275496
1403715342.3121431 -3.5327000503481378  -3.764199483649604 0.79205631775187779 0.74328943582015872 -0.35837015551221779 0.51502711643345656 0.23203171243288692
1403715342.362143 -3.5190465689366621 -3.7712911825541813 0.79271528835311111 0.74523184685385269 -0.35582113674938298 0.51513507446086715 0.22947040797752069
1403715342.4121432  -3.504043183774431 -3.7787826063539383 0.79315888336509754 0.74801918013269486 -0.35078036147990066 0.51533295161509063 0.22771120555062691
1403715342.4621429  -3.488594991641857 -3.7870543255119591 0.79313011902986452 0.75190959235680244 -0.3458761879693743 0.51494278786675995 0.22323877965445504
1403715342.5121431 -3.4728772740386455 -3.7964793211042402 0.79315938416445786 0.75636104647955882 -0.33846981876052251 0.51461527192196366 0.22028906250935221
1403715342.5621431 -3.4564124977161823 -3.8074404761492469 0.79349521081992791 0.76106736373710204 -0.32896636143718033 0.51435229115172321 0.21908747450279531
1403715342.6121433 -3.4399123277824737 -3.8182143200768555 0.79381017410504784 0.76543470979994344 -0.3173180122966216 0.5147066174182543 0.22021826012267143
1403715342.662143 -3.4221079604798779 -3.8312988092380458 0.79412019098985487 0.76891041995728548 -0.30383769390513865 0.51664428912577121 0.22257156232826514
1403715342.7121432 -3.4058002003139407 -3.8411072263387771 0.79439599448126108 0.77182943706733842 -0.29170055902945796 0.51910273193361711 0.22298533054277947
1403715342.7621431 -3.3859308805883006 -3.8527356839875284 0.79512133888441949 0.7745629216244968 -0.28248663785694228 0.52148735813253033 0.21978288191931256
1403715342.8121431 -3.3650967925698692 -3.8635820116304989 0.79481759057995949 0.77615983303078673 -0.27761491735384397 0.52472853229463412 0.21252256032750702
1403715342.862143 -3.3469980940958148 -3.8708436258038876 0.79390604081484184 0.77639623189480411 -0.27337381249761 0.52896458996051254 0.20657229317596798
1403715342.9121432 -3.3251354029054467 -3.8800621545219416 0.79356033749576915 0.77681070766033322 -0.27097710035063155 0.53204699362611452 0.20015626925787147
1403715342.9621429 -3.3032218826386726 -3.8877273969178479 0.79388839496282115 0.7760048951392059 -0.26870761591659825 0.53601912545535391 0.19569393709179031
1403715343.0121431 -3.2802241764350906 -3.8969131878406071 0.79321521085603341 0.77510450284259658 -0.26665369014044465 0.53957903400776352 0.19225838152565347
1403715343.0621431  -3.256856576227904 -3.9061365008631892 0.79135283055349048 0.77430373170069255 -0.26569119289847204 0.54246707437122066 0.18865681623969358
1403715343.1121433 -3.2332006017226682 -3.9152678216043095 0.78920684249507667 0.77441688194469593 -0.26333301596489239 0.54376002000170154 0.18777448258386412
1403715343.162143 -3.2095678148344455 -3.9243460313205536 0.78606224246733769 0.77488861316202184 -0.26210815176783309 0.54437903943526589 0.18573749054034941
1403715343.2121432 -3.1861835769324438 -3.9320164561312363 0.78407030525663302 0.77444321130214244 -0.26082322265305574 0.54606651032561671 0.18444599560224406
1403715343.2621431 -3.1627796048026022 -3.9400701641846672 0.78158606003203246 0.77578759584457979 -0.26001758862301866 0.54500156809088518 0.18307853647774727
1403715343.3121431 -3.1400638198254831 -3.9544568878496897 0.78127765034519947 0.77738116642305433 -0.25950556707105427 0.54359529630642245 0.18121682202101144
1403715343.362143 -3.1177401086479022 -3.9627181954239523 0.77770973493039519 0.77902295147685152 -0.25984747933701668 0.54150754638994425 0.17992249930799728
1403715343.4121432 -3.0953266323468478 -3.9703079527521696 0.77356597932035653 0.78117776668457817 -0.2593187459753431 0.53842952596405635 0.18057887582325854
1403715343.4621429 -3.0728713936762464 -3.9788309507557122 0.76923269965736718 0.78234959894579437 -0.25878809870212977 0.53655961870059776 0.18182849220999645
1403715343.5121431 -3.0497316798887737 -3.9898532847182882 0.76838339324550808 0.78281719821098383 -0.25946480460447102 0.53561304200981141 0.18164228193255214
1403715343.5621431 -3.0268862403701324 -3.9983915974914526 0.76511747972087529 0.78314527974999881 -0.25969207637583702 0.5345907828271963 0.18291033647420871
1403715343.6121433 -3.0027275642337092 -4.0069442560055846  0.7617329550291847 0.78297572759019418 -0.26039772123617932 0.53417190680661009 0.18385431938956842
1403715343.662143 -2.9777617885508736 -4.0159920903003252 0.75851790864914082 0.78263517454393394 -0.26032197733425094 0.53396190921529296 0.18600895459770572
1403715343.7121432 -2.9523461170218455 -4.0255197683515878 0.75621109981273016 0.78202155727862999 -0.25987406304998695 0.53417639570062458 0.18858243179492562
1403715343.7621431 -2.9262934851770379 -4.0350795684503078 0.75476590296135238 0.78087838669265253 -0.25843807041441941 0.53504867566763015 0.19277350342582589
1403715343.8121431 -2.8965237370803201 -4.0469032197007886 0.75470535739798461 0.77872303908408802 -0.25742271148671014 0.53752467104983459 0.19593673474680293
1403715343.862143 -2.8686022133006701 -4.0558649381608278 0.75356398608107189 0.77775828760633015 -0.2576495601350377 0.5382598276738636 0.19744646903501079
1403715343.9121432 -2.8404251376861871 -4.0641749379508569 0.75275685343861787 0.77662559210413273 -0.2576866625689907 0.53971707958984938 0.19787811304427955
1403715343.9621429 -2.8110562695982866 -4.0716387730675532 0.75232506322943971 0.77572509697751901 -0.25717768348708425 0.5418318070416025 0.19628679505628416
1403715344.0121431 -2.7819306735392382  -4.077681146191634 0.75240923132032367 0.77588401182057121 -0.25536332533847167 0.543084877548908 0.19455690183332267
1403715344.0621431 -2.7524496318763423 -4.0828843613117209 0.75225968008084998 0.7756218004383989 -0.25193245307552259 0.54604378531201037 0.19177342436890815
1403715344.1121433 -2.7212320269558679   -4.09106907054188 0.75044948631044983 0.776143248293646 -0.24691881005828586 0.54900738146607508 0.18767965916249729
1403715344.162143 -2.6912033133913944 -4.0941871815066495 0.74979762192598698 0.77707023791092966 -0.2410371450288292 0.55184364108016903 0.18311618134065627
1403715344.2121432 -2.6614378775908945 -4.0965198468942994 0.74900996247408991 0.77882069069488447 -0.23281844659114817 0.55371662896414053 0.18064273437095787
1403715344.2621431 -2.6313271038958725 -4.0973360391280353 0.74767242680292934 0.77970404261914283 -0.22409080857801997 0.556152451674226 0.1803867121795916
1403715344.3121431 -2.6018716548131318 -4.0981925929447547 0.74752175767547779 0.78033700328879418 -0.21454911552489969 0.55863211927599565 0.18158467346931431
1403715344.362143 -2.5723241923571312 -4.0977399030142454 0.74709429524841831 0.78027497139603008 -0.20601956559904924 0.56161270207264957 0.18253240937970688
1403715344.4121432 -2.5417249596251152 -4.1000965242574683 0.74579609851518402 0.77972659539873534 -0.19748439756668718 0.56508999334186882 0.18357464032514526
1403715344.4621429  -2.512675910911728 -4.0969212116833429 0.74447273765375366 0.77940824018416621 -0.19126475636832252 0.56763611398799818 0.18365682726485233
1403715344.5121431 -2.4845754733736261 -4.0922260558363153 0.74245860907899031 0.77925018545000702 -0.18482682622370206 0.56959734028511888 0.18484334644320197
1403715344.5621431 -2.4566285530014862  -4.085341468138898  0.7399011448711531 0.77954986876762833 -0.18087701004528109 0.57073167878179931 0.18398603255780582
1403715344.6121433 -2.4298242879360679 -4.0758319685850957 0.73691271822390259 0.78132806853517212 -0.17834681109514769 0.56991902360218316 0.18141436224186713
1403715344.662143 -2.4030160586820934 -4.0650334423612158 0.73243646207891355 0.78492900939428012 -0.17558135442201661 0.56618282228375827 0.18026272476982791
1403715344.7121432 -2.3744547724910925 -4.0546938588888102 0.72655296427186711 0.78846787584747957 -0.1738377403824525 0.56248591170523166 0.1780686606576834
1403715344.7621431 -2.3470397935167946 -4.0389021155403118 0.72155267506296672 0.79179441052268562 -0.17298577386104388 0.55866156120893407 0.17616694790545992
1403715344.8121431 -2.3205082789271421 -4.0195905770506064 0.71679999685707696 0.79376817107652753 -0.17213401071777867 0.55660192182592805 0.17463182287234977
1403715344.862143 -2.2928822968223082 -4.0004811223905907 0.71250148059790863 0.79513166928633916 -0.17147605208840408 0.55521290000632151 0.17349417201930759
1403715344.9121432 -2.2646828445232061 -3.9799544942091019 0.70885689041341104 0.7961904424913977 -0.17106186081741895 0.55430823895515169 0.17193311282435669
1403715344.9621429 -2.2363071242690435 -3.9562602344323254 0.70431054162421969 0.79568615828532796 -0.17186049330741721 0.55556246086662808 0.1694044285993839
1403715345.0121431 -2.2094375193379032 -3.9306505419325606 0.69998533408365382 0.79336887486530072 -0.17524394794063117 0.55946396764725792 0.16387634365440409
1403715345.0621431 -2.1794111974026196 -3.9047398917179921 0.69636342300509624 0.79082559828567434 -0.17798219042866512 0.56347355058638204 0.15942010781546942
1403715345.1121433 -2.1501127738012187 -3.8785487435035169 0.69309722388592965 0.78828653782524538 -0.18022356785724142 0.56736337612169252 0.15563611183812515
1403715345.162143 -2.1213416239378513   -3.85067272460461 0.68925283685864336 0.78699219031175538 -0.18250423099606602 0.56920959106746982 0.15276105358907499
1403715345.2121432  -2.093659766237745 -3.8211958346194499  0.6858283335749118 0.78673793901518774 -0.18472715673286549 0.56955796893762523 0.15007669005936014
1403715345.2621431 -2.0659329767527921 -3.7919112549387339 0.68195475825345386 0.78746329261914794 -0.18536689618641775 0.56850370668829542 0.14947980484765394
1403715345.3121431 -2.0398999336708203 -3.7619857356635866   0.677908022863142 0.78751975358676463 -0.18693552699851845 0.56834476897199593 0.14782411859570288
1403715345.362143 -2.0142436118360094 -3.7314137533155098 0.67370634930475015 0.78794988480548589 -0.18758355992448456 0.56772113335892238 0.14710575046115443
1403715345.4121432 -1.9890079136990098 -3.6995722561653825 0.66939065300292877 0.78841002729554277 -0.18827194354849269 0.56704696184755254 0.14635930852451851
1403715345.4621429 -1.9647448992935019 -3.6669978797122131 0.66475507596947025 0.78862469382463041 -0.18905492552350542 0.56682872868530543 0.14503282305157844
1403715345.5121431 -1.9426123006138618 -3.6347458666380441 0.66089279275505697 0.78888966797141347 -0.18855632361774904 0.56644788703961546 0.1457271280855657
1403715345.5621431 -1.9188352536677831 -3.6017611028184282 0.65663657894388694 0.78851916007336265 -0.18861353737163666 0.56712812483542252 0.14501088834296028
1403715345.6121433  -1.897258016024056 -3.5669647808758711 0.65205875034187744 0.78825574832906242 -0.18911173394247172 0.56759724415975621 0.14395483921602562
1403715345.662143 -1.8744312636872749 -3.5322543054617399 0.64739509228960268 0.78808069502376166 -0.18912244099532624 0.56802820581469293 0.1431973388082865
1403715345.7121432 -1.8524150533692152  -3.498096430676727 0.64244320158297719 0.78800140412111741 -0.18947166889808989 0.56828146476177033 0.14216346435120666
1403715345.7621431 -1.8320773410064413 -3.4634546736663667 0.63840217665250643 0.78777110881613099 -0.18991433287029313 0.56868778724514102 0.14122119856190304
1403715345.8121431 -1.8116167166561736 -3.4289451144634895 0.63354471638952414 0.7879077563642356 -0.19027000329322605 0.56859550961149319 0.14034899272000007
1403715345.862143 -1.7913810743229897 -3.3940346870871325 0.62823570790347871 0.7888602529847647 -0.19094192897601089 0.5673586618034917 0.13908569263689344
1403715345.9121432 -1.7710751776347213 -3.3577115404854587 0.62113815027646935 0.79240903880683988 -0.19187457455800419 0.56228998998555868 0.13821009376107657
1403715345.9621429 -1.7516364270744222 -3.3228273543781874 0.61514887818527519 0.79735195373057988 -0.19300696351442154 0.55523484267717338 0.13672031083282668
1403715346.0121431 -1.7349534550025696 -3.2893370678591745 0.61053742996106497 0.80112746263627532 -0.19465301857191325 0.54962184052514118 0.13498453018239509
1403715346.0621431 -1.7152945850752204 -3.2543046461809513 0.60592678075040107 0.80478826158426253 -0.19680067152352648 0.54407597592897528 0.13253936064808416
1403715346.1121433  -1.694433693653864 -3.2206850724988674 0.60162739228973183 0.80696514370286132 -0.19822142658385433 0.54051065001510179 0.13177162104161297
1403715346.162143 -1.6741962018483083 -3.1873243193114167 0.59970509536912076 0.80777783341719056 -0.19899057429938671 0.53911156652201908 0.13136377743504685
1403715346.2121432 -1.6536510837657576 -3.1544469682207543 0.59938782371732557 0.80620969481524563 -0.19949617179398282 0.54119391475388212 0.13166758165479542
1403715346.2621431 -1.6312972824198662 -3.1224084203492191 0.59840397579197036 0.80382876803194381 -0.19952500855131214 0.54446719463894744 0.13268216386855
1403715346.3121431 -1.6084894696669039 -3.0920140217837249 0.59781976468352327 0.8013809901429807 -0.20046476884506884 0.54756203721109997 0.13333491851191528
1403715346.362143 -1.5861876732503168   -3.06016485535037 0.59711317084187499 0.79920316675006853 -0.20064939848863442 0.55042074286445475 0.13435446761218356
1403715346.4121432 -1.5624726944795242 -3.0302870361695287 0.59719043609391076 0.79648346496160938 -0.20152615002940133 0.55380748390569012 0.13527221321145361
1403715346.4621429 -1.5389783010443392 -3.0007330577919493 0.59792718839854364 0.79377653048168695 -0.20249895661739328 0.55701119766281981 0.13657056016416474
1403715346.5121431 -1.5149676737707967 -2.9716855255008365 0.59858003496148338 0.79116096640302824 -0.20412725614276825 0.56007060199451808 0.13681121781984612
1403715346.5621431 -1.4917177698140414 -2.9429416358055174 0.59926196513045771 0.78934033193265074 -0.20631365587655939 0.56183985663611058 0.13679360832442516
1403715346.6121433 -1.4670943058835157 -2.9148715749707317  0.5995249569692509 0.78714273487943376 -0.2095024596109325 0.56385748869261043 0.13630761823448431
1403715346.662143 -1.4443535634046241 -2.8872583973223702  0.5998111751441173 0.78586745374306832 -0.21217685444110135 0.5645293543324067 0.13674770814862783
1403715346.7121432 -1.4220247889127771 -2.8601420290521022 0.60016565007806566 0.78395930318337548 -0.21467983807793681 0.56598790343703376 0.13776092057625919
1403715346.7621431 -1.4016361909307973 -2.8339461344947052 0.59976029456433322 0.78275972414490569 -0.21727940502163726 0.56651640546755488 0.13833306454407615
1403715346.8121431 -1.3825972586008974 -2.8064378707625615 0.60109112937770925 0.78225384436498557 -0.22003479257719258 0.56593341040854794 0.13922279991101635
1403715346.862143 -1.3635124869844919 -2.7802084300177858 0.60146265497431106 0.78282746925123692 -0.22174863021670155 0.56399412905736113 0.14113582384196127
1403715346.9121432 -1.3459870944829706 -2.7547914268696618  0.6015633718801433 0.78337081253140728 -0.22546338438902538 0.56202738580642564 0.14007730000726287
1403715346.9621429 -1.3292219360462021 -2.7287567705762092 0.60228234686401427 0.78442458499858891 -0.22944988217126966 0.55925576132535759 0.13879414773605131
1403715347.0121431  -1.313024411140149 -2.7038694901741418 0.60278331342979063 0.78554403102285664 -0.23271433619490517 0.55663057294609986 0.13757550041857847
1403715347.0621431 -1.2968680986381997 -2.6812895490993309 0.60340033653414216 0.78696242219324297 -0.23525889602920852 0.5537114165899053 0.13691992197216038
1403715347.1121433 -1.2810791849068557 -2.6594731897511799 0.60515724894379075 0.78825506492113595 -0.23399786063259834 0.55188802108251744 0.13899124444066888
1403715347.162143 -1.2651189693096756  -2.638268830236731 0.60649155865928539 0.79000747350847955 -0.2306030026483025 0.55032473723487574 0.14090113753160829
1403715347.2121432 -1.2499839143061806 -2.6194449218910369 0.61000775420419329 0.79157277663788417 -0.22471057039646619 0.55004964224236841 0.14269929890131908
1403715347.2621431 -1.2335420555276888 -2.6009054232499098 0.61347437926781867 0.79276826823432767 -0.21764265928304299 0.55118168253097644 0.14264956566100129
1403715347.3121431 -1.2194313239698602 -2.5848055266422651 0.61815901404681772 0.79397712649574015 -0.20887564048718493 0.55303474775719685 0.14185858164302056
1403715347.362143 -1.2028437940019374 -2.5666225186580607 0.62335376778733498 0.79509899695563335 -0.19890440748462432 0.55544878518620833 0.14046803465024282
1403715347.4121432 -1.1868662078745464 -2.5480582091824249 0.62798280544792751 0.79633619723354765 -0.18683028337017943 0.55803095782980716 0.13980184653636998
1403715347.4621429 -1.1730229116286572   -2.53048436732468 0.63382802284027384 0.79809763310135506 -0.17534282853931057 0.5599678457483297 0.13686150753891274
1403715347.5121431 -1.1569972541888804 -2.5103958167108105 0.63877121532749837 0.7995689569363178 -0.16433967798937907 0.56165062773291929 0.13502046403909987
1403715347.5621431  -1.142552510406631 -2.4890964697949247 0.64471691948738385 0.80028151853070184 -0.15472091079733966 0.56374249753760231 0.13343660416205999
1403715347.6121433 -1.1289242499906695 -2.4670310833666043  0.6502156969410291 0.80077386615845525 -0.14635881397965492 0.56573762847980558 0.13145816281294539
1403715347.662143  -1.112850079505211 -2.4446216073655225 0.65531255075546291 0.80058699856223314 -0.14057645977857938 0.56821957762865405 0.12816094681590937
1403715347.7121432 -1.0972354108282734 -2.4215167713291077 0.66002823401634148 0.80014907661260071 -0.13834312972132973 0.57076201028792051 0.12187436673477202
1403715347.7621431 -1.0821082222815694 -2.3975930878760141 0.66460831945376708 0.80020098126167283 -0.1378166144026631 0.5723623672629411 0.11439532736788691
1403715347.8121431 -1.0674173063114996 -2.3727244615753698  0.6694275378474317 0.80044933242065364 -0.13602559514428117 0.57375757722647913 0.10761108803545738
1403715347.862143 -1.0554173475916313  -2.347116902565451 0.67149669802135636 0.80079150941906896 -0.13432278311495408 0.57524499984171762 0.098911771471775461
1403715347.9121432 -1.0406968639513501 -2.3220683124999004 0.67403952189432437 0.80132633541179332 -0.13142149031859357 0.57667758599746866 0.089707624347532267
1403715347.9621429 -1.0280323525473472  -2.297368425991948 0.67704176488575141 0.80176740888840503 -0.12917353934022999 0.57828964350133938 0.077873660487902438
1403715348.0121431 -1.0155452153484141 -2.2726441243887447 0.68088111872839607 0.80204943813133156 -0.12588618949784353 0.58016769038721405 0.065382085602206444
1403715348.0621431 -1.0046078070870774 -2.2493812049805531 0.68401238052277968 0.80340542815317306 -0.12024747339089815 0.58066613450250393 0.053917561137739906
1403715348.1121433 -0.99427146876473871  -2.2267543802098753  0.68792338095268157 0.8043585683708373 -0.1116248355927978 0.58190577917190156 0.043964232435472733
1403715348.162143 -0.98150810793631593  -2.2065642896491151  0.69065013670047837 0.80664821148073629 -0.10165470716974327 0.58120629129662693 0.034412648581353025
1403715348.2121432 -0.97151194288146092   -2.187751760349304  0.69248358452908942 0.80851072917328615 -0.090176709736001115 0.58098872402473301 0.025113032253848932
1403715348.2621431 -0.9629785573669003  -2.169976656601349 0.69528704217678206 0.81153405170262527 -0.07719564992037492 0.57892975190756535 0.017136420767966763
1403715348.3121431 -0.95537583706166096   -2.153967222426159  0.69757462522683122 0.81393039324352512 -0.064268102124454635 0.57730568068010679 0.010250710133446151
1403715348.362143 -0.94825122825689923  -2.1397991942804273  0.69878474608894525 0.81642996545284363 -0.053082116638981262 0.57499100498969524 0.0031216317423183554
1403715348.4121432 -0.93945278027920953  -2.1272032712226183  0.69768489396806832 0.81855345433882831 -0.042845476759097396 0.57282792148965556 -0.0016370317952128914
1403715348.4621429 -0.92342674748200559  -2.1105285861833813  0.69220649487392572 0.82072641356614362 -0.03552095334134648 0.57018689079495932 -0.0057728254914344987
1403715348.5121431 -0.91855510600216494  -2.1012479526603478  0.68687248260958922 0.82210201312973596 -0.029145657588418049 0.56852252189663854 -0.0089973745092810885
1403715348.5621431 -0.90790045598446567  -2.0926350984154807  0.67801944909188128 0.82286400142915428 -0.024595342774981523 0.56758022909712913 -0.011941013517815112
1403715348.6121433 -0.89254875498807273  -2.0831984556548329  0.66689510419685905 0.82209003865747232 -0.021728826163899564 0.56874724935282839 -0.014912840349391108
1403715348.662143 -0.88343579230934444  -2.0780825762606261  0.65433849556125057 0.82048314386381915 -0.021012391032415461 0.57093486199447085 -0.01998182718869846
1403715348.7121432 -0.8736650049744128 -2.0748480729173768 0.63963864059051223 0.81917514531139857 -0.020490537178899065 0.57266771957976625 -0.024164067155171127
1403715348.7621431  -0.863437662645269 -2.0715986497030947 0.62376492694755503 0.81860220139492335 -0.020042797463265174 0.57331686646245705 -0.028222203508960684
1403715348.8121431 -0.85039008582274078  -2.0699027441356073  0.60476612331680635 0.81792325356422535 -0.017827511646727284 0.57419678397662299 -0.031333438660655966
1403715348.862143 -0.83876669319033514  -2.0708496830426424  0.58922813317305234 0.81688018244949456 -0.014476506136056003 0.57557613105479599 -0.034775216050597309
1403715348.9121432 -0.83012407067743765  -2.0755854821691981  0.57703912644846467 0.81636019582725483 -0.011115741444442235 0.57617611289553383 -0.038125554286064504
1403715348.9621429 -0.83143585797451314  -2.0755763934400444   0.5638055666368933 0.81597328548545978 -0.0065063865636781765 0.5765544033566542 -0.041596685901653156
1403715349.0121431 -0.82199446569435719  -2.0819774148857846  0.55200197732480094 0.81517577251711082 -0.0023231198182389399 0.5776757808378109 -0.042115973796973148
1403715349.0621431 -0.81112386785303148  -2.0886342952397974  0.53790829030527421 0.81449185044980721 0.0022844269571462659 0.57865642438639386 -0.041887342487679315
1403715349.1121433 -0.80109544422239776  -2.0977243712010587   0.5263791035457952 0.81356221285351649 0.0084827439576615361 0.57999768318353084 -0.040586406265828705
1403715349.162143 -0.7922997646539589 -2.1071980922979008 0.51382899623153633 0.8123395200322242 0.013572072383693345 0.58159466716092167 -0.040840496752662624
1403715349.2121432 -0.78132041837516908  -2.1179705896842567  0.49580778870679271 0.81078460449042333 0.018667380139076616 0.58362783231153115 -0.040723548364483046
1403715349.2621431 -0.77264474747313294  -2.1302626003598095  0.48492479758245643 0.80914806474396916 0.022719907158844962 0.58567813480429098 -0.041765267291733986
1403715349.3121431 -0.76245022621445313  -2.1435046014154358  0.47292067553284645 0.80701960032391307 0.025130351952416224 0.58837074210974549 -0.043677224419676176
1403715349.362143 -0.75675630860207888  -2.1583628073411867  0.46300761342705915 0.8057663229353409 0.028352635797317342 0.58993378553357478 -0.043759451009250792
1403715349.4121432 -0.74959759740806009  -2.1739990879888889  0.45062861508871832 0.80415234607112229 0.031750554835753148 0.59206114619939099 -0.042361606874565631
1403715349.4621429 -0.74151166233088239  -2.1905296145070561  0.43649529714589308 0.80362392174207675 0.034293859442739376 0.59278124369175367 -0.040285490386290618
1403715349.5121431 -0.73706211592587723  -2.2071232732083401  0.42549239636287955 0.80305263896983503 0.036844203036045901 0.59357734403184614 -0.037615161814380876
1403715349.5621431 -0.73231410774992001  -2.2247169771779642   0.4103341021210104 0.80419195922421483 0.039765146247103415 0.59195701434003256 -0.035789929263688763
1403715349.6121433 -0.72958990145658342  -2.2411337038545551  0.39763093052406062 0.80512606545854815 0.043481847146345738 0.59043788198818792 -0.035559178861193384
1403715349.662143 -0.72910776607217176  -2.2585218413682422  0.38495290869759419 0.80605514642903475 0.047039520689724508 0.58878572449535393 -0.037333028795283968
1403715349.7121432 -0.72864128451912979  -2.2742977996992475  0.37216357299886504 0.80739202177346658 0.051403917804856133 0.58634473342993187 -0.040934264251942631
1403715349.7621431 -0.72992067256553328  -2.2921678962342802  0.36016632746739202 0.80822523641425437 0.056395792049307461 0.58437532938936521 -0.045792535017456747
1403715349.8121431 -0.72695905485280377  -2.3109863883920316  0.34615250206747494 0.80941427918437636 0.061096712898271885 0.58166644127118605 -0.052724448070857091
1403715349.862143 -0.72814673734290447  -2.3270109747236787  0.33612066094322335 0.80951753642576785 0.067163429558326534 0.58015212389755999 -0.059949521151295447
1403715349.9121432 -0.72805588340030047  -2.3428086737052958  0.32562556243111285 0.80916919196305037 0.074875724866767149 0.57904784874803394 -0.065897143062612656
1403715349.9621429 -0.72875563779392449   -2.360543851319429  0.31489739598783889 0.80895247818299909 0.083062210311008258 0.57744347698757348 -0.072495435334481995
1403715350.0121431 -0.73142279983349501  -2.3769508936476629  0.30606355156476556 0.80863177973405276 0.092047949318967551 0.57588925458797402 -0.077416963776803668
1403715350.0621431 -0.73371015604582523  -2.3939916218641528  0.29645899803250053 0.80802736011347576 0.10027518226470356 0.57486167864845028 -0.081059999699690688
1403715350.1121433 -0.73707421995401512  -2.4118760415600673  0.28672762347526604 0.80981358816114823 0.10821377848250731 0.57065717697114704 -0.082717089814778016
1403715350.162143 -0.73616342992073536  -2.4303929297545226  0.27633199001264347 0.8118760213156978 0.11362642329056938 0.5663603165889658 -0.084748768345218176
1403715350.2121432 -0.73818620889043429  -2.4490973246372429  0.26628582841375009 0.81382734879702368 0.11940435562694847 0.56234073665953921 -0.084856008040253755
1403715350.2621431 -0.73829684956586517  -2.4683141685062209  0.25537192406830544 0.81711045653209624 0.12541410688118967 0.5565788966412426 -0.082593797798138593
1403715350.3121431 -0.73977006537234935  -2.4872422614078604  0.24572538211818074 0.81966116122896404 0.13056018373777592 0.55206836069449117 -0.079562204062241487
1403715350.362143 -0.73985292531271174  -2.5060948302607375  0.23528775001333205 0.82211181072702755 0.13429864643841682 0.54791459711296597 -0.076717915107707937
1403715350.4121432 -0.73891345663018171  -2.5254337653509871  0.22647784025299045 0.82389866278088109 0.1377795678885094 0.54496521504511652 -0.072254401465666751
1403715350.4621429 -0.7392453133842507 -2.5421136144721252 0.21858173152216842 0.82509658260363028 0.14067579075257514 0.54292872525598124 -0.068222800908960518
1403715350.5121431 -0.73623048350647624  -2.5560368436897254  0.20869302848576632 0.82550787647638557 0.14290468100136081 0.54220560375490756 -0.064250146148660925
1403715350.5621431 -0.7363468365127257 -2.5661039270358588 0.20283881670748069 0.82596132952299062 0.14355923519668615 0.54166445760703064 -0.061467418098027533
1403715350.6121433 -0.73085929913169034  -2.5751343956849126  0.19384529133193149 0.82606357125773222 0.14244804151812124 0.54188549871020253 -0.060725925239294057
1403715350.662143 -0.72412759528566528  -2.5824099313524109  0.18481065204684721 0.82613466797229085 0.14052126331272949 0.54219421402461387 -0.061487553289576988
1403715350.7121432 -0.7160194915739333 -2.5875628315982699 0.17587490964295463 0.82606263793493551 0.13768055121300724 0.54276394396166139 -0.063811324706833414
1403715350.7621431 -0.70706855034272109  -2.5899594151029164  0.16853389100036895 0.82607710171309678 0.13489038761888469 0.5431559229270212 -0.066203087107875758
1403715350.8121431 -0.69635797166994817  -2.5916341110162597  0.16096682211756907 0.8253610362000855 0.13310885160078198 0.5444322769902048 -0.068225283579499738
1403715350.862143 -0.68429282897940114  -2.5928536553806141  0.15443067227901686 0.82385673675770854 0.13347835763745095 0.54668222119574816 -0.067691612256111242
1403715350.9121432 -0.67131558925455359  -2.5919983414661867   0.1483848005649242 0.82242143101363141 0.13531424574644146 0.54864288761866575 -0.065605080390275433
1403715350.9621429 -0.65931612321074951  -2.5925189803263891  0.14311426973340174 0.82069911356215697 0.13683603728130106 0.55103586465951726 -0.063940126355666302
1403715351.0121431 -0.64513278041074917  -2.5885978619002747  0.13880137794473854 0.81977828978601575 0.13810444761677571 0.55221383894632803 -0.062853744678734016
1403715351.0621431 -0.63187853941009997  -2.5839142204184311  0.13490802935739959 0.81936679735156936 0.13924951396695132 0.55255897798691467 -0.062659397570170236
1403715351.1121433 -0.61711718623512068  -2.5763298396664749  0.13178380053256966 0.81882698641061935 0.13988737666228099 0.55323094647108373 -0.062365118800155842
1403715351.162143 -0.60427598543018479  -2.5671325896393857  0.13006876131558279 0.81895529314434479 0.13931245738868578 0.55296819991070034 -0.064268475434740485
1403715351.2121432 -0.5886907324503301 -2.5562131460659421 0.12742582122314663 0.81934007015335364 0.13884991421492782 0.55227302777739096 -0.066310282409275847
1403715351.2621431 -0.57251868198578237  -2.5436105957226558  0.12541088815183507 0.81951774011637313 0.13863185498274955 0.55190227849377926 -0.067644345011017501
1403715351.3121431 -0.55554716514988534  -2.5291879936442525  0.12452068557055974 0.81727762210583366 0.1373919743808536 0.55515726329995441 -0.070577239858685387
1403715351.362143 -0.53904399031863115  -2.5135972479197335  0.12398067623462274 0.81518246493287705 0.1370397770628676 0.55817253795248412 -0.071701229028525409
1403715351.4121432 -0.5218883442599086 -2.4966803924962573 0.12376562222707588 0.81285843350621323 0.13616698009584335 0.56156592379991432 -0.073235468429937042
1403715351.4621429 -0.50465944063283774  -2.4784519959303224  0.12341870783503479 0.81103456181833378 0.13621084231614364 0.56422807369018224 -0.072912460056813455
1403715351.5121431 -0.48778901446777434  -2.4593086348866677  0.12355563710331713 0.80970460608157802 0.13606616147402481 0.56621356760689945 -0.072571664235213246
1403715351.5621431 -0.46834423704394257  -2.4372781262038701   0.1245958461811798 0.80649631526933552 0.13587769614138262 0.57083724634992405 -0.072427780084238905
1403715351.6121433 -0.45154201243739206  -2.4162396086945472  0.12716736875103815 0.80175364679419114 0.13565545813342275 0.57757748429717126 -0.072062029972640315
1403715351.662143 -0.43594079069840874  -2.3934654676496239  0.12885113973961201 0.79933162282069903 0.13635487164611737 0.58074828046894311 -0.072164676051128557
1403715351.7121432 -0.42170301585028325  -2.3694081379594509   0.1309954405634069 0.79877716245895625 0.13835310496927708 0.58100452227433552 -0.072437615754176024
1403715351.7621431 -0.40980645252417991  -2.3455178823230609  0.13440503666745379 0.79944425795245644 0.14135859821871014 0.57911100034649154 -0.074411520708647108
1403715351.8121431 -0.39724560462614272   -2.318332657770692  0.13668779033844239 0.79986873820221682 0.143882997510032 0.57722088498971158 -0.07952191274118077
1403715351.862143 -0.38586543312997307  -2.2900954152841231  0.13947607407118767 0.80059997117296877 0.14689433397053819 0.57446759365036071 -0.086305994292155755
1403715351.9121432 -0.37507594003844957  -2.2608196762707244  0.14224102804108577 0.8008407732599423 0.15088519976851011 0.57194982715691622 -0.093600788406979163
1403715351.9621429 -0.36463171343765888  -2.2326557443551454   0.1453776805067328 0.80126457548111218 0.15457467560305219 0.56877639647822587 -0.10283559962643421
1403715352.0121431 -0.35462198653593469  -2.2024548001405844  0.14952461916910498 0.80115926557227513 0.1595462960270842 0.56586572734615703 -0.11173535352222067
1403715352.0621431 -0.34506910722484896  -2.1724013664474295  0.15447655365621096 0.801020456825706 0.1650986502067521 0.56271284657856746 -0.12026186320730041
1403715352.1121433 -0.33527722633014112  -2.1424586376220418  0.16088445473622984 0.80047551555225616 0.17130777590555249 0.56033477905794871 -0.12616469511603728
1403715352.162143 -0.32588677340211097  -2.1136116476116853  0.16756536480016168 0.79972675062527354 0.17574001138052334 0.55846737167687532 -0.13291639291915042
1403715352.2121432 -0.31912303054407309  -2.0894684643411319   0.1738818729398694 0.79882135484020433 0.17894337067055668 0.55718570480487417 -0.13931189290730284
1403715352.2621431 -0.30941675672680596  -2.0615733555156979  0.18030596078769762 0.79871201972011652 0.18232532928060624 0.55527687632215628 -0.14312293484707325
1403715352.3121431 -0.2994532384375661 -2.0345864860091538 0.18622491827735188 0.79925160311762367 0.18535866165878387 0.55274912997044157 -0.1459706846558351
1403715352.362143 -0.28958242828233843  -2.0095466738377037  0.19117154561526145 0.79920354296529761 0.18756664595540642 0.55144087108478512 -0.14834222572824152
1403715352.4121432 -0.27845775825026275  -1.9836886047628666  0.19561054873582007 0.79938665324994584 0.18677795419693538 0.54997941433775099 -0.15368024673510536
1403715352.4621429 -0.26704596682509463  -1.9586045914382502  0.19929395284038512 0.79981839024945234 0.18329154626636138 0.54813673940211238 -0.16199032873502617
1403715352.5121431 -0.2548728406301688 -1.9345309848423289  0.2029997081060893 0.79928106698661949 0.18033165284558419 0.54779890144973475 -0.16895749320220976
1403715352.5621431 -0.24510059728264688  -1.9136725827882157  0.20511301314559544 0.79817516908503672 0.18068878342332148 0.5485088570886768 -0.17148176782488228
1403715352.6121433 -0.23128619703728803  -1.8926838627400384  0.20814439788589781 0.79649713359362451 0.1839452421163523 0.5507225445945354 -0.16870430627348126
1403715352.662143 -0.21706064796162156   -1.872806389425594  0.21015811091305231 0.79521194444198651 0.18717475272121153 0.55243987386617233 -0.16557101534772284
1403715352.7121432 -0.20252329650957437  -1.8543154797277352  0.21286177271484341 0.79310147622251082 0.18939670143410256 0.55542996144164758 -0.16314562768424265
1403715352.7621431 -0.18765631612642322  -1.8363743747694212  0.21452633892437092 0.79050755160026287 0.19246411239558309 0.55917162949513011 -0.15931875304087445
1403715352.8121431 -0.17657051971051391  -1.8218198051947163  0.21664101841513775 0.78766972847246364 0.19407020475365144 0.56320705030275553 -0.15719724222854764
1403715352.862143 -0.16281156579963738  -1.8058177039596359  0.21805566848374697 0.78563168119433791 0.19606015417446024 0.56597161171838295 -0.15498197371869202
1403715352.9121432 -0.1502092487653181  -1.790717436076801  0.2197709700850255 0.78463204789239116 0.19807395778102593 0.56740801678382191 -0.15220840699055724
1403715352.9621429 -0.13998526237658859   -1.776071035311515  0.22318614526528915 0.78387591606172147 0.19774406023062896 0.56831787051448879 -0.15313599484046597
1403715353.0121431 -0.12894487996623019  -1.7618140650495531  0.22482780064003816 0.78361178826974365 0.19628869247315564 0.56846921123403171 -0.15577570532926935
1403715353.0621431 -0.11971791884601315  -1.7483100240601737  0.22743498819008284 0.7835493116805875 0.19639542523381726 0.56837024000147873 -0.15631565306381548
1403715353.1121433 -0.11017565818082307  -1.7354053134505101  0.23026567475119139 0.78388940220349002 0.19769732661476316 0.56761535166238242 -0.15571122220193595
1403715353.162143 -0.10346199653172801  -1.7251037296117326  0.23546428439102457 0.78454800865860097 0.19922023020067497 0.56626499523475171 -0.15536948593723482
1403715353.2121432 -0.095391466073694461   -1.7139688912810416   0.24370576995272569 0.78481450311442524 0.20035047995414149 0.56562621684181957 -0.15489629984158476
1403715353.2621431 -0.088414928221606418   -1.7033174863047533   0.25392722872146151 0.78481308264110172 0.20169348503687773 0.56502479187943944 -0.15535490970885366
1403715353.3121431 -0.082250813572451772   -1.6933551910769313   0.26681648565396399 0.78521718287741438 0.20290818704085986 0.5638518292108633 -0.15599153195418081
1403715353.362143 -0.076819790848275393   -1.6842069087123888   0.28097125881729079 0.7857254104623369 0.20465672388917405 0.56237788115266107 -0.15646828276358815
1403715353.4121432 -0.072829293855201579   -1.6784063190759804   0.29518075789274778 0.78582200972260463 0.20752469157706102 0.56135647775918229 -0.15587230767258581
1403715353.4621429  -0.068123006011407 -1.6702043769804749 0.30510217485989788 0.78540365042950733 0.20993762643488773 0.56108888621725805 -0.15571307158478015
1403715353.5121431 -0.063504812589824877   -1.6618900215516701    0.3112599555884798 0.78551764404052016 0.21196251518570686 0.56016069645452826 -0.15573669190257458
1403715353.5621431 -0.058559598984131857    -1.654226474813536   0.31377071920530225 0.78549281455090303 0.2139244728431039 0.55960283123878884 -0.15518385701235934
1403715353.6121433 -0.054932686144768615   -1.6465852754282497   0.31237958813260741 0.78540633497399825 0.21543411290698941 0.55893243592673947 -0.15594731176808244
1403715353.662143 -0.050859045494351683   -1.6395603777976906   0.30852354218507078 0.784784234559467 0.21763006593913178 0.55911758911234177 -0.15536531508494189
1403715353.7121432 -0.04805037395883284  -1.6324826219794217   0.3028971963440244 0.78422727402085568 0.21957091692809513 0.5592376964401552 -0.15501417355029895
1403715353.7621431 -0.044455206039479271   -1.6239620845008043   0.29702184265245291 0.78358194284149585 0.22157253188160708 0.55932114191732285 -0.15512837320304482
1403715353.8121431 -0.040318251346397292   -1.6143449139227348   0.28895846092234051 0.78265036666869825 0.22369184341776341 0.55989584752904731 -0.15471587721189095
1403715353.862143 -0.038799952525162232   -1.6064086510085465   0.28134266128318391 0.78223676051945357 0.22482556749801313 0.55987946519824106 -0.15522274041054354
1403715353.9121432 -0.037870388804891075   -1.5983195771091625   0.27355250059021463 0.7813689982502896 0.2259198473834185 0.56042337505301665 -0.15603958416305047
1403715353.9621429 -0.037400375128802864   -1.5895244883743169   0.26484647300368869 0.78149682035325585 0.22692022142408999 0.55968025589028925 -0.15661399698996645
1403715354.0121431 -0.037226368598176691    -1.581315317019887   0.25505948878546214 0.78179110558145126 0.22739621197901039 0.55883818360430215 -0.1574595648322879
1403715354.0621431 -0.038109636620510999   -1.5727808858255412   0.24487328776372341 0.78355552633300807 0.22658310976514506 0.55587089261842204 -0.16033833684355533
1403715354.1121433 -0.039367919516819741   -1.5642910464442421   0.23467900823497573 0.78544039873232641 0.22327877670980681 0.55262627948687271 -0.16683573697104942
1403715354.162143 -0.04050744584877463  -1.5562702858809747  0.22450216764424669 0.78723256057052926 0.21981446311479705 0.54951640182053818 -0.17314220026709387
1403715354.2121432 -0.041968314079660861   -1.5488834213369507   0.21424004893221404 0.78886681440021389 0.21736457412476645 0.54657223768807672 -0.1780465670611652
1403715354.2621431 -0.042798139160684062   -1.5429924917538937   0.20434974061200006 0.79021516296800587 0.21676133670952641 0.54423183877534564 -0.17996173145019861
1403715354.3121431 -0.043087580443845717   -1.5374397393641608   0.19530735780629496 0.7904981758972347 0.21791300715575429 0.54355581481151316 -0.17937009617010563
1403715354.362143 -0.034855048864600661   -1.5354520383077244   0.18915908588872105 0.79116501912908643 0.22015153948424859 0.54273845595898662 -0.17614250081239036
1403715354.4121432 -0.028238386258320779   -1.5316193989843059   0.17991079338595681 0.79156154284587488 0.2229637333765489 0.54255143102297199 -0.17133429948838277
1403715354.4621429 -0.025338549550202094    -1.527660064739254   0.17147871684322991 0.79157671426245091 0.22622827939019532 0.54240294561419733 -0.16741002249165396
1403715354.5121431 -0.021867536796591275   -1.5237976274724501   0.16323506729568704 0.79124337987230153 0.22880690865246725 0.54275044554434171 -0.16432670574978656
1403715354.5621431 -0.017441995144373772   -1.5188605284400165   0.15568920816287787 0.79102026123557756 0.22994536304934546 0.5429637565615415 -0.16310253029147798
1403715354.6121433 -0.010484224906287924   -1.5133072512349954   0.15183736897222275 0.79056858279199405 0.22958280438884171 0.5437693310124494 -0.16311948529064901
1403715354.662143 -0.0053778019240530404    -1.5081996477262332    0.14897683516299368 0.79048524252038765 0.22942555084614211 0.54400747458976184 -0.16295050035792463
1403715354.7121432 0.00063923620360987544    -1.5027840991323249    0.14939710514466539 0.79043065305454996 0.22883124530434243 0.54423259009348812 -0.1632989031327374
1403715354.7621431 0.0074607273136210192   -1.4970811618358846   0.15324870868280674 0.79041927233519371 0.22829099121789503 0.54446385214692017 -0.16333925111616868
1403715354.8121431 0.014575038800257971  -1.4911150994662998     0.16034439568872 0.79095368980809277 0.22755645187254031 0.54375678317659926 -0.16413068737923583
1403715354.862143 0.022027309249593639  -1.4851065238239682  0.17038507952253873 0.79068445334895865 0.22767331030959934 0.5442552899357409 -0.1636127696174412
1403715354.9121432 0.029860696651713703  -1.4787482493156019  0.18306279912940507 0.79061904435563213 0.22573214727599614 0.54409120493891194 -0.16712655413332159
1403715354.9621429 0.035995972087133232   -1.480435303956724   0.1942847389070444 0.79008834642071835 0.22433473827262757 0.54436881565044681 -0.17057820083954614
1403715355.0121431 0.041963870041904411  -1.4777231408535387  0.21017480415967246 0.78906133212798846 0.22327485396114763 0.5453380315006221 -0.17360007237342678
1403715355.0621431 0.050441626848978849  -1.4733322613194209  0.22497685221831795 0.78848644134536494 0.223976054069668 0.5456978905358203 -0.1741771261752231
1403715355.1121433 0.059226766255456233  -1.4692632319111945  0.23894221962467241 0.788137021040479 0.22639546690885265 0.54539334163151232 -0.17358350017376312
1403715355.162143 0.067459351230003572  -1.4663196951209672  0.25218167773782263 0.78717534857986826 0.23015252138823555 0.54492685152408105 -0.17446923503830944
1403715355.2121432 0.073770693102312351  -1.4661536921775795   0.2649309936389847 0.78650127453518959 0.23500879330693081 0.54289232890730321 -0.17735425406949515
1403715355.2621431 0.083060536237951427  -1.4631923429120868  0.27693151720518405 0.78466529615430902 0.24154636600948362 0.54179666764149204 -0.18003359967311078
1403715355.3121431 0.09217004001726864 -1.4603550844732889 0.28791191678270023 0.78274385106926814 0.25016724423698378 0.53982770715219575 -0.18252249207954635
1403715355.362143 0.10139959525631817 -1.4577610624828863 0.29897143814453403 0.78033356198162718 0.25921768183188415 0.53779105031655328 -0.18618945101747511
1403715355.4121432 0.10943645823107651 -1.4554737443536194 0.31004016069078705 0.77683307342903518 0.26813570324013791 0.5364677616407858 -0.19192696890963737
1403715355.4621429 0.11825233308845649 -1.4527486257230751 0.32092122045184301 0.77326139870749855 0.27686118935280746 0.53447684065119949 -0.19937200883420025
1403715355.5121431 0.12743284634503191  -1.450144160192846 0.33171623297280062 0.76874123480267254 0.28576043925465205 0.5333981509580018 -0.20703694797218095
1403715355.5621431  0.1364868308153889 -1.4465952521297654 0.34312598259251426 0.76447897110920204 0.29507824249992204 0.53164642856972177 -0.21413268905992131
1403715355.6121433 0.14528304948556675 -1.4436068498004617 0.35362160603521742 0.76049001397627369 0.30453083027152611 0.52901679442358118 -0.22148847210250164
1403715355.662143 0.15467695820436675 -1.4416869374933905 0.36335422527667433 0.75636296904213873 0.31440270270550874 0.52702685048272446 -0.22651423457145442
1403715355.7121432 0.16420568675894351 -1.4402419422957971 0.37236153386651621 0.75272312889776427 0.32283136180464472 0.52519821251863008 -0.23098623470881186
1403715355.7621431 0.17375719921894131 -1.4392043263801504  0.3806173824645312 0.74967115178557375 0.33019138354613786 0.52354825934634119 -0.23423072929868707
1403715355.8121431 0.18563230729150421 -1.4351536935395182 0.38685536381087354 0.74767548930245342 0.33639004806751549 0.52172594372829872 -0.23584982064501911
1403715355.862143 0.19513653382531043 -1.4342078929420792 0.39430653419065503 0.746458241744127 0.34118987162276154 0.51970465495784046 -0.23726912241052786
1403715355.9121432 0.20519854569065643 -1.4324317890464329 0.40250098630512771 0.74521719670633668 0.34512769055703735 0.51845429472170468 -0.23820862962649994
1403715355.9621429 0.21448273983028887 -1.4306781375263646 0.40970771482194307 0.74429846499669872 0.34884523357076058 0.51760204872582827 -0.23751824597985097
1403715356.0121431 0.22573622882016653 -1.4263086052284915 0.41611309343262298 0.74330842045305923 0.35157506277766065 0.51785038806856487 -0.23604775553624535
1403715356.0621431 0.23559036900273791  -1.423762967602995 0.42336336521691875 0.74267659957346388 0.3544768089708647 0.5182278573068908 -0.23284661959955241
1403715356.1121433 0.24518970051463687 -1.4208565839712985  0.4304755707558402 0.74232153840419857 0.35696061649594818 0.51911166027638833 -0.22816865704374983
1403715356.162143 0.25492189175260999 -1.4150778077830175 0.43558030796543518 0.74223873926041251 0.3584042670834845 0.52032584595769116 -0.22335856667223883
1403715356.2121432 0.26288875721328586 -1.4100190280096037  0.4424646893962787 0.74212784925670527 0.35820762971233255 0.52228112082458589 -0.21944470876214803
1403715356.2621431 0.26966370731516082  -1.404109479044098 0.44872157924377165 0.74254281342783424 0.35705105896705069 0.52378564271822037 -0.21631761832880186
1403715356.3121431  0.2764076016872854 -1.3975476089749264 0.45399702812535797 0.74401551424419321 0.35551808964821302 0.52412617667000683 -0.21293086536741127
1403715356.362143 0.28242482977561428 -1.3895437740851202 0.45825347750898443 0.74692899012909775 0.35309195161534906 0.52261858371282677 -0.21045895886654334
1403715356.4121432 0.28676214636579145  -1.378880172270492 0.46069242245709485 0.75003049656178111 0.35064758731046658 0.52049376212870968 -0.20877444126554195
1403715356.4621429 0.29134299927724433 -1.3680445911921366 0.46309448037497003 0.75343509247635398 0.34664135654762052 0.51824818844030496 -0.2087921131995065
1403715356.5121431 0.29322910095568583 -1.3533335770515091 0.46466672475129533 0.75709604609157466 0.34076536377192679 0.51526932768997158 -0.21256072964641326
1403715356.5621431 0.29707394661679332 -1.3397510839705171 0.46580769032497449 0.75940352326981364 0.33610654206201757 0.51351247004405054 -0.21597135073376086
1403715356.6121433 0.29949354575056075 -1.3249113778483461 0.46731329901387875 0.76068848018266544 0.33327040442319239 0.51184301106090613 -0.21977398772624032
1403715356.662143 0.30385287903103098 -1.3087215528996954 0.46782624704886705 0.76063992310890483 0.33198741460764475 0.51084588929534502 -0.22416007964189236
1403715356.7121432 0.30876828720340971 -1.2914098917721455 0.46822117738201402 0.75994434842664438 0.33314169368393826 0.50943786168649174 -0.22797864878995813
1403715356.7621431 0.31433055517991665 -1.2754099877349545 0.47011327059413976 0.75846477260728962 0.33541002474637005 0.50810000325098748 -0.23252030171526639
1403715356.8121431 0.32124605625016273 -1.2567793882582896  0.4701585416097423 0.75591666945234892 0.33912386523576377 0.50693714976583371 -0.23790695462494746
1403715356.862143 0.32794821353073594 -1.2390718044705094 0.47014945367712174 0.75358975800227745 0.34540295079878269 0.50408487872950414 -0.24227610953171566
1403715356.9121432 0.33544533920509861 -1.2199499287279596 0.47061839579724107 0.75084021800447787 0.35160159219623371 0.50067667048867581 -0.24887378130376747
1403715356.9621429 0.34424038092983511 -1.2001538681000155 0.47270692350680615 0.74683232187721948 0.35846543511518841 0.4976144518601614 -0.25714562435917721
1403715357.0121431 0.35375343564171957 -1.1806323396103253 0.47518004325441138 0.74105454749727762 0.36720512997484733 0.496093676243135 -0.26436643989987113
1403715357.0621431 0.36440561127539578 -1.1599421346820817 0.48065205093107255 0.735547311369256 0.37658725564174245 0.49301252631566711 -0.27219632716391173
1403715357.1121433 0.37661515231497006 -1.1398666612100146 0.48614411111359596 0.72901634566388784 0.38600560469120271 0.49119748968432003 -0.279749650633691
1403715357.162143 0.38761414884381507 -1.1199670204443513 0.49246443043308846 0.72267506084187549 0.39605315933588359 0.48892047460286087 -0.28607590064766053
1403715357.2121432 0.39876310156233097 -1.1007259371400819 0.49839676141306144 0.71671321908715313 0.40569616061423397 0.48668321217055638 -0.29132840204818555
1403715357.2621431 0.41215445270995499 -1.0809848351619933 0.50612851441486084 0.71047192754716493 0.41413442414017682 0.48654255114120948 -0.29495536075566386
1403715357.3121431 0.42481467405364781 -1.0632268398238049 0.51380845856148383 0.70509619880994523 0.42175206380300956 0.48681303757068428 -0.29661020473488775
1403715357.362143 0.43737388168717289 -1.0442693720623328 0.52110381451160726 0.70062062017586479 0.42815602305661732 0.48735221552070185 -0.29715481576409225
1403715357.4121432 0.45096840130600807 -1.0252563205223393 0.52962718859523028 0.69770319348294096 0.43242015437109926 0.48714935360212797 -0.29817540338265597
1403715357.4621429 0.46534782982404355 -1.0076801205310466 0.53635873590065741 0.69489179813054325 0.43641331107872866 0.4878309301031134 -0.29780831828364446
1403715357.5121431  0.47711484829643847 -0.99016261456840426  0.54355685932721032 0.69365011036744828 0.44020055570866423 0.48661695003436728 -0.29711435354129273
1403715357.5621431  0.49176561505329047 -0.97081438294565436  0.54847310985095565 0.69303572917524814 0.44316898255016068 0.48545927376931697 -0.29602706718027472
1403715357.6121433  0.50520275677016924 -0.95264978469612682  0.55326699062321438 0.69235640477241212 0.44614102072867162 0.48446494096748688 -0.2947787634263504
1403715357.662143  0.51914748795171617 -0.93362318042686077  0.55776081142384648 0.69105112724986106 0.44828669543618443 0.48500798103554665 -0.29369139679845019
1403715357.7121432  0.53189337836830342 -0.91300369692686478  0.56551143309133733 0.68835803037588417 0.44950238200988474 0.48781913060149806 -0.29350183373136141
1403715357.7621431  0.54495506108081482 -0.89336129179168378  0.57004523723409029 0.686574364964464 0.45128558462152973 0.48955305099901752 -0.29205268830127329
1403715357.8121431  0.55632842573425156 -0.87667063608778573  0.57591726848591474 0.68408320662644484 0.45351510372491705 0.49239257212814835 -0.28966147831233074
1403715357.862143  0.56680685100535677 -0.85625611003589386  0.57863499901283844 0.68211685388637022 0.456317844699002 0.49462873546354158 -0.28606474146101235
1403715357.9121432  0.57487187831519737 -0.83642952006952309  0.58421926841507787 0.68125696379565215 0.45798255261753468 0.49574168542880981 -0.28351562938585895
1403715357.9621429  0.58286753700121041 -0.81667900516787562  0.58730862356883273 0.68180427054694259 0.45905687097385517 0.49521921613690245 -0.28136747119096223
1403715358.0121431  0.58728821934355824 -0.79340341869963127  0.59017883023062989 0.68235161816174128 0.46014768981939197 0.49442179733766661 -0.27965596554216626
1403715358.0621431  0.59238517904963206 -0.76972830452951313  0.59013336775298508 0.68319398537923626 0.46091159982057639 0.49349280978518861 -0.27797719723529951
1403715358.1121433  0.59519115322425009 -0.74454083838368179  0.58957581760466415 0.68470519059404589 0.46008707681550531 0.49164301708022867 -0.27890110698450904
1403715358.162143  0.59759070352905619 -0.71829691757992209  0.58874238259708433 0.68644480260319773 0.45786560806276094 0.48981097171659893 -0.28149214894631852
1403715358.2121432  0.59841508792963716 -0.69000133004007891  0.58691506342556687 0.68971070338698381 0.45510374951361188 0.48600624744893028 -0.28456572220260962
1403715358.2621431  0.59855662545354849 -0.66128242981945284  0.58577772133106276 0.69170794574811034 0.45277179020229752 0.48361221453798586 -0.28750139084115917
1403715358.3121431  0.59576837083505263 -0.62927388473741241   0.5844261609411876 0.69329977223070893 0.45217093567505229 0.48122883486671231 -0.28860990843770673
1403715358.362143  0.59549134856962149 -0.59785621005987244  0.58229658177337051 0.69358871800746602 0.4533784151671042 0.47989441301030933 -0.28824304896183583
1403715358.4121432  0.59382962054496913 -0.56427763336973402  0.58068492819880191 0.69139064148529328 0.4568904317921636 0.48061355860257005 -0.28677643119806578
1403715358.4621429   0.5923427826079315 -0.52985297911904938  0.57825524148889462 0.68791568831037386 0.46075446210830034 0.48158657716722841 -0.28731811658179279
1403715358.5121431  0.59244029124857556 -0.49642564136510497  0.57621244260602378 0.68292075938543462 0.46459148186058508 0.48388650083941531 -0.2891847950504895
1403715358.5621431  0.58955487331649836 -0.46165610782828398  0.57310700251508528 0.67789379994414412 0.46844431165859007 0.48558582087264712 -0.29193549534004259
1403715358.6121433  0.58615726715921679 -0.42368202390119214  0.56931653480902211 0.67315611097310812 0.47193374233685426 0.48654517197561686 -0.2956572149140112
1403715358.662143  0.58127375357054223 -0.38536601371412876  0.56534480593722347 0.669045312356493 0.47354560305718596 0.48667792480269934 -0.30212171280586048
1403715358.7121432  0.57416495755295904 -0.34742437915783453  0.56152367687557281 0.66605392005576791 0.47262623486888911 0.48484756706492999 -0.31292084367012157
1403715358.7621431  0.56698383197379332 -0.30923739374431009  0.55783316879793476 0.66351291448175997 0.47205505129169473 0.48245053410120048 -0.32273227761006906
1403715358.8121431  0.55949660411896573 -0.27179038872931999  0.55540611551434393 0.66083296123724722 0.47221691942490152 0.48044996424185821 -0.33087582294761925
1403715358.862143  0.55170800717156909 -0.23467963872897404  0.55125979229336264 0.65851013043882878 0.4725487676162185 0.47829314645886523 -0.33807948234743335
1403715358.9121432   0.5454989223166673 -0.19884376592015438  0.54995295360379981 0.65561360394319312 0.47302171329790849 0.47781818724260533 -0.34367286918451956
1403715358.9621429  0.53797584861386327 -0.16385034331711398  0.54583214664908519 0.65339254315806705 0.47449957606027565 0.47670386845011281 -0.34739280169391767
1403715359.0121431  0.52959338472485229 -0.12929758074558403  0.54279047738021646 0.65276217395649416 0.47597566026215854 0.47381499894077822 -0.35049687854293965
1403715359.0621431   0.52212689195533413 -0.096151400954391772   0.53696667933867037 0.65258861419633341 0.478279702521474 0.47091547618018564 -0.35158959181305205
1403715359.1121433 0.51481185537051444 -0.0646305662354109 0.53289618808898864 0.6517143681585581 0.47992335524540286 0.46969843690402335 -0.35259797758297412
1403715359.162143   0.50909258711980609 -0.034605503948254582   0.52831123145145942 0.6502902695091094 0.48081506847647448 0.46995601588091757 -0.35366761011586556
1403715359.2121432    0.50183399329614209 -0.0057617926781082067    0.52407888902026789 0.64871992953336433 0.48096126873312406 0.47086432051093818 -0.35514152485259026
1403715359.2621431  0.49458710347207607 0.020525582064126049  0.52061961666643675 0.64727078279680339 0.48131131713693232 0.47245347041356545 -0.35520088404690553
1403715359.3121431  0.48763957700876248 0.046569062686706977   0.5150142110440441 0.64622775238121499 0.4824861482336229 0.47385125812869494 -0.35364076968706315
1403715359.362143  0.48095733188080791 0.071267250820103864  0.51019086009906167 0.64575906770945601 0.48381060583718294 0.47481935540276471 -0.35138170681664044
1403715359.4121432  0.47408325186314593 0.092588829895934865  0.50622035907480145 0.64482341765137541 0.48535828656399022 0.4772366384219886 -0.34767123070473843
1403715359.4621429 0.46537287518660359 0.11603890898155633 0.50270156272695588 0.64364079898620741 0.48701899687051781 0.47988879862903655 -0.343868811493586
1403715359.5121431 0.45524442612251137 0.14089583119493682 0.50023973160621693 0.64262919306412658 0.4881687088591643 0.48224032742571887 -0.34082737348526088
1403715359.5621431  0.4442377028155387 0.16204743356060508  0.4992192555930135 0.64190959288848237 0.48807756913704081 0.48445187690023495 -0.33917361340596619
1403715359.6121433  0.4290663959588954 0.18355856534154241 0.49813678238679776 0.64161964493403156 0.48732183009985086 0.48545552868448638 -0.33937382753024065
1403715359.662143 0.41575306562185205 0.20314666388582484 0.49778518737920463 0.64267733346499512 0.48612154213068903 0.4848775634082842 -0.33991975498645216
1403715359.7121432 0.40140328683753473  0.2204938122495147 0.49733870681137471 0.64441457483567544 0.4846605115841281 0.4833575103565283 -0.34088056769535213
1403715359.7621431 0.38690488671392559 0.23885993320491669 0.49747801373056549 0.64652366581571796 0.48348805133155948 0.48125291042388085 -0.3415290470345993
1403715359.8121431 0.37110376998868233 0.25840602651920802 0.49708983272912055 0.64790932131947343 0.48190682381298244 0.48000670376122739 -0.34288903285772193
1403715359.862143 0.35419330248311715 0.27497914240804455 0.49870171855044537 0.64937344172454969 0.48159689716791232 0.47833042987375796 -0.34289730485648034
1403715359.9121432 0.33694882084883787 0.28862589381281128 0.49861636258625619 0.65187201117740956 0.48129470568580635 0.47486610508794164 -0.34339550020485188
1403715359.9621429 0.32047996936552631 0.30325338993534645 0.49924093287568783 0.65485786539486734 0.47977216035473597 0.47089157588656905 -0.34531286399161409
1403715360.0121431 0.30552125264542485 0.31425023390538043  0.5018561724499141 0.65663922004733688 0.47981198809512854 0.46871408044621049 -0.34483692024968654
1403715360.0621431 0.28839578359733486 0.32740251131508424 0.50302561208664831 0.65764353950836718 0.48055674277471211 0.46725635926420611 -0.34386288930884229
1403715360.1121433 0.27239516661665225 0.33873612311480272 0.50552278477591572 0.65811171652631928 0.48134550248119107 0.46648118487608553 -0.34291512064724478
1403715360.162143 0.25691131118223937 0.35043793099415832 0.50827650137411229 0.65814670099735417 0.4822544176368932 0.46619826522333602 -0.34195434510874739
1403715360.2121432 0.24100133115913283 0.36608661487735511  0.5097297790216071 0.65816006962601836 0.48306732129476165 0.46581158399268546 -0.3413075652035909
1403715360.2621431 0.22461244563921479 0.37793391538535498 0.51245461178638718 0.65866440454870923 0.48288877925954676 0.46563028637841247 -0.34083436659597105
1403715360.3121431 0.20689588025773392 0.38972535533708974 0.51410113749650721 0.66024776363494353 0.48089215634075 0.46538749114996264 -0.34092536964289255
1403715360.362143  0.1911853163278304 0.40100549417821396 0.51595736558818583 0.66385450022506598 0.47608559343156048 0.46392020167728326 -0.3426627448870912
1403715360.4121432 0.17554340131486021 0.41110909733355672 0.51730529507413114 0.66865604014356128 0.46916153225714363 0.4619998190563252 -0.34546016242337413
1403715360.4621429 0.16130022011195816 0.42222191309458268 0.51906219395834519 0.67430174882241856 0.46118667502729349 0.46040844132111441 -0.34734430968789376
1403715360.5121431 0.14592327924480189  0.4306252063164856 0.51967952260557715 0.68017672441763966 0.45244834748838886 0.45971521311378927 -0.34829877870480636
1403715360.5621431 0.13506157372624414 0.43775892997236276 0.51957521436195242 0.68594564606801434 0.4434015596379634 0.46073750962211557 -0.34726729586611987
1403715360.6121433 0.12491312146113216 0.44554971046498659 0.52190428575042525 0.69130818455978882 0.43526582680885223 0.46326327996132899 -0.34354590291913922
1403715360.662143 0.11627579215151464 0.45328045362989822 0.52526492608386743 0.6957905602553115 0.42745192932187354 0.46802893867752066 -0.33780061713827814
1403715360.7121432 0.10826597983522976   0.460450980297052 0.52955746211456967 0.70032480513285444 0.41987078466952343 0.47298072149502057 -0.33097270067284701
1403715360.7621431 0.10427407569274524 0.46453799808230573 0.53403574016500932 0.70440776142512618 0.41360441281601351 0.47939610873792782 -0.32081219781999576
1403715360.8121431 0.10190434388693564 0.46891582698265949   0.537312143022596 0.7089195867975151 0.40679762673398173 0.48577266560368815 -0.30979610664230117
1403715360.862143 0.099599684429088287  0.47168461142517859  0.54169062440710936 0.71327948554282095 0.39969534121193467 0.49231763396231421 -0.2984951540762309
1403715360.9121432 0.098915478695989545  0.47451368534617772   0.5480098873162611 0.71741872476928192 0.39170373062743163 0.49914352666379691 -0.28763570806246819
1403715360.9621429 0.098140576957708114  0.47732126630286548  0.55220828201274064 0.72247419797040968 0.38298917378099484 0.50459878505981004 -0.27700251289424771
1403715361.0121431 0.097993403204252885  0.47785645828555307  0.55686733898190988 0.72756726466222854 0.37344975346292508 0.50962516995491647 -0.26732628598554586
1403715361.0621431 0.09732719884969461 0.47914675687460989  0.5610805396396249 0.7328652029588566 0.36350301399403023 0.51409799235237064 -0.25783213020993306
1403715361.1121433 0.095920437956045559  0.48050430253801402  0.56488143164765037 0.73847004305125519 0.35301422876464522 0.5176476205033087 -0.24916639178035771
1403715361.162143 0.093570107834075059  0.48082140649142163  0.57112276291804021 0.74395847969215367 0.34252215909027506 0.52078235533290229 -0.24081131493389271
1403715361.2121432 0.092397754773816981  0.48273683586194499  0.57643360176715253 0.74928338009433293 0.33223359847329942 0.52404275610261453 -0.23146153489569182
1403715361.2621431 0.091781322941050347  0.48558626679807815   0.5797600093644425 0.75427592129452403 0.32172202723144649 0.52737168560428505 -0.22235529445524946
1403715361.3121431 0.090335429282541665  0.48806423080464389  0.58322410810565573 0.7590350209873723 0.31154236892034681 0.53062079835178 -0.21271755366851516
1403715361.362143 0.089529322029583844  0.48957724661062735   0.5869325416291431 0.76312095585443984 0.3011419842685904 0.53449679533161798 -0.20315779046547239
1403715361.4121432 0.08733007000341457 0.49273718144618195 0.59059736505711147 0.76728058562410384 0.29079109889841204 0.53758439002447211 -0.19422683472631277
1403715361.4621429 0.08499495119110527 0.49520822063944231   0.593388446461104 0.77106821719200347 0.28041750553103939 0.54050991241246571 -0.18619576153060982
1403715361.5121431  0.0822298770981989  0.4989376246632784 0.59399782540218071 0.77401648454528715 0.27136685896155743 0.54334553969917077 -0.17898082019733375
1403715361.5621431 0.079301622889772785  0.50296580025255155  0.59627153730442539 0.77676337026647857 0.26385808406793732 0.54518890838494516 -0.1725880420489517
1403715361.6121433 0.07606636652471005  0.5078194605804579 0.59810532724191123 0.77898898928782967 0.25833839947282849 0.54673094967638736 -0.1658996521759416
1403715361.662143 0.072458180939596814  0.51346734372165292  0.59900829823523649 0.78098901626866524 0.25316812240426823 0.54773916608262074 -0.16107099119678681
1403715361.7121432 0.070322502371966508  0.52182020028785225  0.60411198168900282 0.78370674831297638 0.24754603957096516 0.54730769609737473 -0.15804738762160903
1403715361.7621431 0.069500947043430766  0.53289327184661195  0.60132097690440456 0.78769428158113863 0.24081515030412873 0.54583792844996715 -0.15364484375930917
1403715361.8121431 0.070672529239552181  0.54670149977234439  0.60031697798734029 0.791944392228351 0.23366042692501685 0.54387355240435575 -0.14976128839707939
1403715361.862143 0.068133433471704058   0.5565584550379612  0.59752874936864064 0.79588045123594897 0.22615302150884062 0.54249698867849772 -0.14534832464684991
1403715361.9121432 0.067427530664981264  0.56792899921579942   0.5956008369942386 0.79924633645531218 0.21843951012415111 0.54227935252511494 -0.13936490915730915
1403715361.9621429 0.066867264061573381  0.57959222683954292   0.5926589461006524 0.80148056582482718 0.20923171811592009 0.543854614308107 -0.13443641335276443
1403715362.0121431 0.06672754683305375 0.59271887791454847 0.58997570373646602 0.80360178941887428 0.19954374918967643 0.54565088733266232 -0.12911841601874244
1403715362.0621431 0.06685805266782141 0.60542050991517293 0.58672563598275373 0.80552354569483131 0.19009544310973375 0.54781468523463117 -0.12204347783238211
1403715362.1121433 0.066587071092660197  0.61841311419960221  0.58107332635019515 0.80734507276493384 0.17975959373907088 0.5501925611904559 -0.1147543792263906
1403715362.162143 0.067883101547129995  0.63209823714461788  0.57684634161758264 0.80955101385170236 0.16958849636115594 0.55190310889273986 -0.10615957925769939
1403715362.2121432 0.070296964769545472  0.64602664688177591  0.57164353765214226 0.81140513481669696 0.15848929106143003 0.55414950702781862 -0.09706274090900617
1403715362.2621431 0.073459456244938826  0.66087502227013384   0.5664933498752488 0.81282418170984916 0.14692033905784713 0.55681846375705102 -0.087661063295393804
1403715362.3121431 0.07705886946209041 0.67678297697012735 0.56052933881358136 0.81476666612908777 0.13528354295262129 0.55840201683977553 -0.0777227789026428
1403715362.362143 0.080916348034157995  0.69489330605320965  0.55238494054907983 0.81661590590154098 0.12287404506949916 0.55989530479039951 -0.067510583988956263
1403715362.4121432 0.086029548380696222  0.71270825173858943  0.54494901124667949 0.81817243825637787 0.10996892680292371 0.56138588314617288 -0.057849689883512016
1403715362.4621429 0.090267852263906226  0.73219114722758327  0.53807449827265497 0.81944583968731155 0.096464786385482462 0.56287415869888824 -0.048741586717905065
1403715362.5121431 0.095003212014218769  0.75269644529754276  0.53350601907983253 0.82043466088866901 0.083157701232681527 0.56425824653380852 -0.039804461518562498
1403715362.5621431 0.099491673987117654  0.77332221649121402  0.52657134929886429 0.8218374144436158 0.070410119446236083 0.56457090874566429 -0.029755139023265247
1403715362.6121433 0.10379519817391282 0.79444000230769773 0.52078768075853066 0.8226865515073909 0.057133788085743091 0.56521754486821663 -0.021253122147016607
1403715362.662143 0.10917833572870105 0.81717930541792305 0.51512981266590585 0.82321633786928983 0.044087337325103733 0.56586685246701451 -0.012879170459772347
1403715362.7121432 0.11497040308934026 0.84079392990704171 0.50980577196200727 0.82350622035114784 0.030488058113152357 0.56645984828604368 -0.0055878113075159266
1403715362.7621431 0.12265226861235762 0.86548867840281551 0.50741282775194696 0.82379537872710429 0.015293553995178713 0.56668002052597366 -0.0010176103111648478
1403715362.8121431 0.12902225967647607 0.88980498400386854 0.50525450460324506 0.82370961687404443 -0.0011136855924140533 0.56700905708448546 0.0013985556045965171
1403715362.862143 0.13639226603621829 0.91526489369037478 0.50180085333139768 0.82281348106040653 -0.019591624940758692 0.56797367899726481 0.00020876721226635749
1403715362.9121432 0.14373437352275734 0.94012577018449472  0.5008015859076631 0.81969994464752782 -0.039094816133369542 0.57144863356958231 -0.0031710073786136621
1403715362.9621429 0.15226687252415072 0.96540585648970856 0.50075874851814672 0.81564448853992044 -0.056210155673245429 0.5758034103333497 -0.0038625590125395031
1403715363.0121431 0.16199069490189408 0.98705471157611246 0.50315462887840157 0.8119074274071445 -0.07193686542539364 0.57931754238291822 -0.0047541351786788595
1403715363.0621431  0.1658956114919225  1.0084916348808548 0.50469439751859424 0.80929275346373941 -0.085120849238883828 0.58119155840708492 -0.0040065761286192502
1403715363.1121433 0.17243536351873431  1.0263819475198679 0.50621793991395869 0.80739084238061343 -0.096868280059172793 0.58200974191552646 -0.0011064690341491441
1403715363.162143 0.17864753972391512  1.0419726453226654 0.50720887476450327 0.80731367682231447 -0.10696862325524957 0.58033820433726357 0.0031479264782509346
1403715363.2121432 0.18438630555805877  1.0562980001280153 0.50952195975062953 0.80707396527442965 -0.11626494242356977 0.57882541588345093 0.0086726966280950661
1403715363.2621431 0.18942190002990333  1.0667744979671885 0.51247646660551338 0.80659641409859284 -0.12467122372053666 0.57761305606521673 0.014915367991307649
1403715363.3121431 0.19279189163352226  1.0750561554360474  0.5150250950983668 0.80608400505066879 -0.13301178210788911 0.57628201407262358 0.020868226526402987
1403715363.362143 0.19520424756541524  1.0806976473189833 0.51811201567184262 0.80507785415268773 -0.1411212348349902 0.5754912607709034 0.02728103018339623
1403715363.4121432 0.19806619408989343  1.0836857601352383 0.52238312540670895 0.80355836096096978 -0.14877356173764225 0.57533780083689501 0.03386447675339678
1403715363.4621429 0.20025604808310979  1.0847660002391737 0.52680892900878873 0.80203158560251508 -0.15643503996659539 0.57495272425058264 0.041264740922470802
1403715363.5121431 0.20202570779990844  1.0821426864825181 0.53186451501625087 0.80041710487590967 -0.16391069209060546 0.57450633940775597 0.049073508339490944
1403715363.5621431  0.2015473724784565  1.0774709403276042 0.53410493383659197 0.79911969545014161 -0.16985238867990771 0.57355632517450472 0.059925122075141189
1403715363.6121433 0.20066994975206984  1.0714924479489851 0.53876665031305659 0.7982439198379162 -0.17392860341948302 0.57200598733348373 0.073243674190970179
1403715363.662143 0.20086537060276247  1.0656445865267579 0.54480800913942473 0.79715421932071306 -0.17923515194326284 0.57030271807104049 0.084703722986912117
1403715363.7121432 0.20016605127982598   1.057545626604103   0.550730604699602 0.79533000921715746 -0.1851771722518458 0.56911314443729166 0.096279905193891818
1403715363.7621431 0.19857789313638824  1.0479880046471997 0.55658131702548364 0.79293265264689217 -0.19287622253776343 0.56814148434207934 0.1061688509663031
1403715363.8121431 0.19686430345886968   1.037739589236206 0.56252695230339766 0.79012667364129086 -0.2016755568439704 0.56710900644465123 0.1158196191566184
1403715363.862143 0.19338025799675351  1.0277033830515416  0.5679225391258127 0.7871544614773921 -0.21208252036642514 0.5656295284345455 0.12438687589201515
1403715363.9121432 0.18684197911141376  1.0175132357557475 0.57279833919529266 0.78349874811720843 -0.22237667947718884 0.56453172621019176 0.13409792774539023
1403715363.9621429 0.18213306066720455  1.0067862602638631 0.57836729996009906 0.77893480663698433 -0.23300706183537304 0.56379563276628153 0.1452678925913046
1403715364.0121431 0.17664668493618713 0.99473863701538034 0.58069302387913979 0.77440670523141508 -0.24552575962394177 0.56217817616969656 0.15481296616312321
1403715364.0621431 0.17096105893678967  0.9832171111828536 0.58592297253589987 0.76971449486687127 -0.25722985820339489 0.56051308453827253 0.16491658043353302
1403715364.1121433 0.16426037214608588 0.97238357749990822 0.59133891285293139 0.76508492827546937 -0.2683679153321526 0.55912254652748394 0.17322151284010878
1403715364.162143 0.15639955620560816 0.95972998708958113  0.5936328744936431 0.76076522314936912 -0.27783810392901215 0.55798253636885131 0.18082519835190472
1403715364.2121432 0.14930017534327258 0.95108637013138742 0.60007165180389155 0.75807437583190995 -0.28618436620227122 0.5553969487381093 0.18696518012951713
1403715364.2621431  0.1400051758957141  0.9422521135656079 0.60424075427068036 0.75582281088926062 -0.29398640501055345 0.55315431606424392 0.19058902074339557
1403715364.3121431 0.13150990499036472 0.93340035796716891 0.61045681936939999 0.75449572682616195 -0.30091463995778317 0.55079727213451513 0.19185656795980821
1403715364.362143 0.12225131584486792 0.92521181280729392 0.61575432785982021 0.75386192030763077 -0.30695247098696082 0.54827848477887775 0.19199762705218071
1403715364.4121432 0.11373071028346177 0.91636138531347533 0.62276612633445005 0.75306624333318406 -0.31226275918063978 0.54674476092211521 0.19092765327515676
1403715364.4621429 0.10436628107165137 0.90703236926622033  0.6309694259735158 0.75231368179030755 -0.31533401453151227 0.54601824426600321 0.1909257981500225
1403715364.5121431 0.096106481410845587  0.89684188032386392  0.63820489521228474 0.75192960449695745 -0.3181944719733249 0.54547344028850786 0.18924289636994446
1403715364.5621431 0.085101460902838946  0.88741348432223033  0.64494261341023951 0.75139882211421827 -0.31944796838100864 0.5457903407363931 0.18832341750686127
1403715364.6121433 0.077445443297913821  0.87597403767096993  0.65479041716130237 0.7513596649335581 -0.31992117171161383 0.5456299010475445 0.18814119401249199
1403715364.662143 0.065247130961219341  0.86483912853023914  0.66213743664459079 0.75034830206078595 -0.32054081902883935 0.54633811627691831 0.18906525760648116
1403715364.7121432 0.058344960955043934  0.84655949101445371  0.67212755533976654 0.74933759487486884 -0.32007733426064011 0.54655677998237551 0.19318218151539385
1403715364.7621431 0.047919694900468914  0.83206808721533598  0.68195257196201353 0.74919591654418327 -0.31936388830049839 0.54465009744115345 0.20017106893967002
1403715364.8121431 0.037635417263380717  0.81916445355743051  0.69378548063311474 0.74996681562958212 -0.31933933288507615 0.5405848722961264 0.20818300067853721
1403715364.862143 0.022627100517317991  0.80452484389802692  0.70226440667203083 0.75081529812788927 -0.32013906081878746 0.53617219353006751 0.21519002932373385
1403715364.9121432 0.0083983166671726256   0.79096145207799573   0.71080110057419621 0.75103874999450915 -0.32252575687400287 0.53217695885979432 0.22069349020367082
1403715364.9621429 -0.0063663598778841866     0.7782001041741804    0.71867493981920094 0.75120387529311072 -0.32526873070618828 0.52760864999581314 0.22698480790351055
1403715365.0121431 -0.018907747032985891   0.76500055723521554   0.72738128893538345 0.74999303522499006 -0.33033172541953543 0.52454615306998864 0.23074386577942971
1403715365.0621431 -0.034301481725943765   0.75060513114522964   0.73653637331597821 0.74907327593229023 -0.33481104240872095 0.52082218863771046 0.23565873840763457
1403715365.1121433 -0.04738041370772552  0.73745155474892388  0.74518201668056749 0.74646872190771341 -0.33984210198535991 0.51906289540321493 0.24055249644779894
1403715365.162143 -0.060759906012267939    0.7251575405924674   0.75390104717880413 0.74218257926039743 -0.34501690698997589 0.51933877378177395 0.24579583190179949
1403715365.2121432 -0.071707795195746771   0.71376686019283975   0.76396072241782575 0.73817286631874479 -0.3502791187359372 0.51909590497466207 0.25088802252574882
1403715365.2621431 -0.083837866315377818   0.70252159680057735   0.77221786987286833 0.7348395203613618 -0.35455889628796577 0.51848832405357592 0.25586857211908115
1403715365.3121431 -0.093558107018410122   0.69372735289879683   0.77971449506126489 0.73195374992312734 -0.35851788278201546 0.51754693091475745 0.26048763886159421
1403715365.362143 -0.10302284263640371  0.68393499225830734  0.78679456872931886 0.72923316515851977 -0.36278786483917319 0.51676821034603082 0.26373200930884605
1403715365.4121432 -0.11383787823427416  0.67487113591068204  0.79342457473982198 0.72555890322756778 -0.36840685356089276 0.51672961586508404 0.26614126377639136
1403715365.4621429 -0.12270934528929968  0.66691120580080643  0.80006448722806567 0.72236569037344678 -0.3742910552544047 0.5150687091340832 0.26981149011631606
1403715365.5121431 -0.1292971957189174 0.65858258644161227 0.80667615750478483 0.71812974481232761 -0.3811120094895436 0.51404486299012953 0.27349805241003511
1403715365.5621431 -0.13971897641936648  0.65144346648104912  0.81191629258190179 0.71418003332038638 -0.38815467375733465 0.51174581835528588 0.27820684147358404
1403715365.6121433 -0.14840559966627556  0.64479213452131157   0.8176007296844261 0.70859008869689366 -0.39767852599211528 0.5104768217904182 0.28136327155480056
1403715365.662143 -0.15777784589395855  0.63934707228912069  0.82498120530769636 0.70209980104391112 -0.4083318902034801 0.50960379579722948 0.28394525550889055
1403715365.7121432 -0.16736076535534136  0.63323740941871187  0.83016232719219762 0.69523082299109729 -0.41957272941672513 0.50826134166592341 0.28685054655844167
1403715365.7621431 -0.17867787825313378  0.62730693796308312  0.83436372434987627 0.68837067566021037 -0.43088305959617035 0.50625297094333777 0.2901612159734524
1403715365.8121431 -0.18739147374356011  0.63021535002087592  0.84273203411783337 0.68205715328556404 -0.44153967822625445 0.50322643211589102 0.29428542305686645
1403715365.862143 -0.19958106365937411  0.62542730491562804  0.84693824461333744 0.67616344108705173 -0.45053348810292021 0.5005046075577726 0.29886069472008725
1403715365.9121432 -0.20739195561482707   0.6242937979783425  0.85077164867526678 0.67107412418420842 -0.45891076250295482 0.49710139709075829 0.30323362762030637
1403715365.9621429 -0.22049465133551238  0.62100705612606333  0.85443984644241588 0.66654047091230861 -0.4664839451665862 0.49439244297874735 0.30609253807193892
1403715366.0121431 -0.23406088512166703  0.61727440055473892   0.8574047311504952 0.66109722481285416 -0.47378469606746187 0.49417016342065789 0.30704131758088493
1403715366.0621431 -0.24834508423992599  0.61524050691336574  0.86001292470006707 0.65685515633928515 -0.48035616192737873 0.49330088046967352 0.30733288567404571
1403715366.1121433 -0.26380361359621918  0.61350575478659841  0.86267640416964797 0.6524448516625222 -0.48643784426902537 0.49367067859526609 0.30656679581660889
1403715366.162143 -0.28054751107003562  0.61020656051642153   0.8648251477772404 0.64930683269528855 -0.49019811463831064 0.4932671562568543 0.307886274423746
1403715366.2121432 -0.29893123846317654  0.60727681950697709  0.86639305595553839 0.64698851943067315 -0.49285245718152215 0.4930132371212404 0.30893406933887552
1403715366.2621431 -0.31822331066808607  0.60788061422234474  0.86976218401843741 0.64529844777209688 -0.49441508170418264 0.49271185920300986 0.31044913284962233
1403715366.3121431 -0.33933164578569569  0.60562362216729237  0.87133431539196604 0.64510082848324202 -0.49469794901576825 0.49124221767375365 0.31272982573588942
1403715366.362143 -0.36158618571718126  0.60283614316496636  0.87320185391941696 0.64507641231758694 -0.4944942077267177 0.49013941179725462 0.31482575783953543
1403715366.4121432 -0.38425041660194104   0.6044360858478468  0.87618491360187678 0.64730321089217957 -0.49370070688068446 0.48683013238935491 0.31663004815075635
1403715366.4621429 -0.40853875429219338  0.60598384292748531  0.87776428077812463 0.65001505003854665 -0.49161839133943208 0.48271771631907179 0.32058602335709369
1403715366.5121431 -0.43277146747315315  0.60347710821267331   0.8780982475471355 0.65310961065855322 -0.48919299912984859 0.47879023645203983 0.32387953863431501
1403715366.5621431 -0.4586460490201949 0.60145587833905723  0.8782559387069464 0.65580278326620733 -0.48743350961437393 0.47602427978636608 0.32516483238379529
1403715366.6121433 -0.48446782449477882  0.60004897562495585  0.87854848304005395 0.65880803563522194 -0.48614162974703551 0.47282162399097399 0.32569617728167211
1403715366.662143 -0.50970187221249852  0.59601324705385339  0.87758588792931769 0.66130252038927329 -0.48492306888264819 0.47041968394385186 0.32593544567965549
1403715366.7121432 -0.53469415887144256  0.59459702250419344  0.87728622135314915 0.66393969327364399 -0.48397101645900792 0.46817932972255188 0.32521416657931168
1403715366.7621431 -0.55984402616002704  0.59239617660974253  0.87688556456109334 0.66626319664819889 -0.48351717833505181 0.46640085865587255 0.32368924926864356
1403715366.8121431 -0.58488344843999684  0.59002432816782191  0.87611194807028858 0.66918832022760499 -0.48307640456245227 0.46381965885166415 0.32201786206466326
1403715366.862143 -0.61089617243329342   0.5857479617031891  0.87600432341344348 0.67147782239294729 -0.48275721750601031 0.46214597034971222 0.32013138719876139
1403715366.9121432 -0.63484975284032208  0.58150395082502682  0.87608850632124902 0.67308616266723209 -0.48214820743079767 0.46146402928128327 0.31865196276918167
1403715366.9621429 -0.65862388998838084  0.57706591165840737  0.87631109786752248 0.6741478721028521 -0.48258301089682165 0.46142117434203989 0.31579864471173358
1403715367.0121431 -0.68201399889430947  0.57191816009817553  0.88025125936186144 0.67495245539165272 -0.48257424448490682 0.46171439531755737 0.31365761377199652
1403715367.0621431 -0.70786478685885668   0.5681125667114999  0.88523393937879302 0.67533334655390875 -0.48248995689541496 0.46267046764825365 0.31155152205294229
1403715367.1121433 -0.73321287822522763  0.55925014048351063  0.89012570741449337 0.67611979141120648 -0.48185296556001078 0.4633760092686357 0.30977801935799637
1403715367.162143 -0.75594504907777371   0.5501917999306809  0.89225576238389337 0.67702811213986591 -0.48163777191594354 0.46372940042994815 0.30759231982131063
1403715367.2121432 -0.77787282626760845  0.54066477399078383  0.89571157663216072 0.67766686510883822 -0.48038121332551131 0.46441762296949096 0.30711200121915949
1403715367.2621431 -0.79887132652683179  0.52876776878694376   0.8983505773064312 0.67753872034524665 -0.48083640979968845 0.46584698572172567 0.30450651115838923
1403715367.3121431 -0.82105071273492813   0.5181724411476436   0.9022265762235987 0.67858820170475187 -0.48073514291241337 0.46556665871087188 0.30275313569455742
1403715367.362143 -0.8427193574691666 0.50505522689462068 0.90537087283740381 0.6795418628009845 -0.48109242508465505 0.46535478814098719 0.30036287450580601
1403715367.4121432 -0.86444034840148365  0.49073607702479866  0.90837989943227804 0.68028081922974937 -0.48098657088765895 0.46544689936151806 0.29871241937452303
1403715367.4621429 -0.8872265094575511 0.47669022838230218 0.91060300829946539 0.68095632830636821 -0.48036213498448094 0.46577502607527355 0.2976647834347208
1403715367.5121431 -0.90927672969879103  0.46004161171893732  0.91386414169031405 0.68211048193833368 -0.48014384356582318 0.46516049877841131 0.29633239831633734
1403715367.5621431 -0.9325479300805255 0.44278160772595021 0.91678778311507758 0.68302989308223472 -0.47930705649526195 0.46520605841336665 0.29549658875428353
1403715367.6121433 -0.95452730053991275  0.42349644949353554  0.91916025162730108 0.68328881019990595 -0.47834284375178665 0.4660808560414485 0.29508161806307354
1403715367.662143 -0.97775306133682871  0.40336885577289783  0.92213249945071329 0.68344038468624546 -0.47779842066847183 0.46703485031662428 0.29410263238597395
1403715367.7121432 -0.99646517448023686   0.3819063280126726   0.9258796747205742 0.6836382897003157 -0.4763361782268587 0.46768707136796134 0.29497684221497289
1403715367.7621431 -1.0176972388594414  0.3584236653204258 0.93012626683249222 0.68387589024663764 -0.47532963920963711 0.46838528891330039 0.29494189590122516
1403715367.8121431 -1.0387350262077437 0.33362694731051035 0.93458474370822175 0.68429363018548373 -0.47373235172983807 0.46872410303111151 0.29600270581494575
1403715367.862143 -1.0605728020700615 0.30519000338543906 0.93752942573762832 0.68445928572108461 -0.47155856301004845 0.46935502115832134 0.29808366603279779
1403715367.9121432 -1.0821107222854414 0.27804051387941492  0.9420250751874838 0.68410429591681154 -0.46879319857524038 0.47038350633017162 0.30161831219322927
1403715367.9621429 -1.1025032668390218 0.25131433770191236 0.94635021128899688 0.68204478405786995 -0.46673917675804799 0.47347743275463861 0.30461216996494073
1403715368.0121431 -1.1232408391081374 0.22322880850146753  0.9501705358246888 0.67995348290009161 -0.46549524771151818 0.47634516516791175 0.30671276313707929
1403715368.0621431 -1.1432926246615951 0.19579223988613892 0.95234225168901754 0.67745484438621562 -0.46498331495602896 0.47962422419757428 0.30790591776227
1403715368.1121433 -1.1642677863955846 0.16670455874700688 0.95492171774225798 0.67568906908093851 -0.46466233732512263 0.4817758876263864 0.30890967660126201
1403715368.162143 -1.1854002286757959 0.13741691018193203 0.95681123395338341 0.67394020086017825 -0.46489929525996926 0.48368437629806277 0.30939081281848152
1403715368.2121432 -1.2070255866784085 0.10984307517709757 0.95739116519612855 0.67261470642761223 -0.46561886950507719 0.48509738152737963 0.30898067171490007
1403715368.2621431  -1.2303369212155115 0.085678047721723535  0.95806337686065191 0.67080946723029833 -0.46744650945596156 0.48704236531191447 0.30708004471638467
1403715368.3121431  -1.2514302297806432 0.061775641296109046   0.9573635010266508 0.66923545654694661 -0.46946134632657982 0.48859743592433369 0.30496310205302152
1403715368.362143  -1.2745768276565328 0.033787928198016189  0.95729090751277335 0.66675602326546946 -0.47207624080733407 0.49135756698073318 0.30190755153723309
1403715368.4121432   -1.2988844264425685 0.0059050484394510142   0.95690109382633526 0.6647763075123776 -0.47406511093947723 0.49350017154696396 0.29965365381264292
1403715368.4621429    -1.323825281249134 -0.022993500841625408   0.95664972250645219 0.66221177746649895 -0.47528858740263119 0.49630117618851588 0.29876656938715118
1403715368.5121431   -1.3499646824654632 -0.050478480502460572   0.95706051736097175 0.66055113096681561 -0.47583765924412658 0.49779218687843668 0.29908805410165579
1403715368.5621431  -1.3777554494306359 -0.07852863250464398  0.95647231868767779 0.66028806904477455 -0.47474579713066656 0.49745591362655966 0.30194984348705284
1403715368.6121433   -1.406807945856114 -0.10635980697191384  0.95570038278299851 0.66148694203186076 -0.4724964828152558 0.49508429925344827 0.30671425770784194
1403715368.662143  -1.4355200748944112 -0.13202819638944549  0.95556322974385077 0.66333527556278915 -0.47029935795960331 0.491764756427225 0.31140367761620241
1403715368.7121432  -1.4668352754038709 -0.15809636144085951  0.95387857233027684 0.66461285034992634 -0.46919105931439631 0.48939147063954963 0.31407880774487168
1403715368.7621431  -1.4961974755905765 -0.18012983843878416  0.95164416932347318 0.66572048493073299 -0.46810811911823053 0.48682364440935955 0.31732280725338957
1403715368.8121431  -1.5284216435375138 -0.20465275639969607  0.95067608498840805 0.66654463732157587 -0.46713396752649639 0.48492708080860247 0.31992159842569273
1403715368.862143  -1.5595446286683965 -0.22923206980065278  0.94975257239119737 0.66722778471523025 -0.46742572526122517 0.48323523399780516 0.32063060254927422
1403715368.9121432  -1.5889600030499198 -0.25136872366945423  0.94835621924027069 0.66834970477577538 -0.46710722759766082 0.48185109951378852 0.32084112571413642
1403715368.9621429   -1.619994900323859 -0.27456115379169582  0.94694974068396764 0.67054343363197644 -0.46618089687296499 0.4806840895498376 0.319358233113538
1403715369.0121431  -1.6506306040874981 -0.29717578518156984  0.94532483995104599 0.67367621643235409 -0.46478528867376723 0.47976402711292054 0.31616683749916591
1403715369.0621431  -1.6809914540981084 -0.31953280287851632  0.94410908164128171 0.67775051387957563 -0.46241837443914924 0.47912015645463346 0.31187716106812585
1403715369.1121433  -1.7119876086457373 -0.34237579758146713  0.94357832170895906 0.68232479376460609 -0.45853543809502628 0.47938292522157144 0.30719723115793146
1403715369.162143  -1.7415337753772318 -0.36470958475569698   0.9431548043117669 0.68753221003912202 -0.45310952911519831 0.48003957857907664 0.30257762273728434
1403715369.2121432  -1.7704994233268625 -0.38741916066273518  0.94318684531545927 0.69297993561797866 -0.44677655761938173 0.48144476157600774 0.2972885096059022
1403715369.2621431  -1.7978955030154773 -0.40975744589128243  0.93998345182698251 0.69881403851408153 -0.43845586276401 0.48332779379833501 0.29293282459557451
1403715369.3121431  -1.8255887417237529 -0.43220346792613901  0.94038260062043311 0.70501456871501167 -0.43023667508795349 0.48524404000664045 0.28703498557995144
1403715369.362143  -1.8540322316151314 -0.45393763347078081  0.93998879736142993 0.71080017767323056 -0.42099436937662615 0.4883824282181542 0.28108620062290562
1403715369.4121432  -1.8806277341642359 -0.48206049258675304  0.93884684679530606 0.71719195082231346 -0.41133034457975282 0.49087237303979814 0.27474964365739141
1403715369.4621429  -1.9095885191157531 -0.50876469642523625  0.93573796969537981 0.72319214823814071 -0.40167083552220295 0.49398848336300333 0.26763601200570586
1403715369.5121431  -1.9349032586553374 -0.53172099305469622  0.93570219288054945 0.72906558344192673 -0.39152523714844556 0.49736606070817091 0.26038119243135172
1403715369.5621431  -1.9594462437981273 -0.55552061242809814  0.93710284372617603 0.73469536171694005 -0.38129921265707134 0.5007944916161855 0.25305831949493079
1403715369.6121433  -1.9834611869506966 -0.57931535193899564  0.93848844790634423 0.74024132997354042 -0.37062422985861326 0.50422421409449203 0.24584221680074736
1403715369.662143  -2.0069249098288111 -0.60347488109217284  0.94018935419834626 0.7454702128269115 -0.36046559474654066 0.50705174337331105 0.2392430695629616
1403715369.7121432 -2.0321634569910723 -0.6302011917363789  0.9402904772334898 0.74978068366863682 -0.35124566461875684 0.50975719224545712 0.23367287912367465
1403715369.7621431  -2.0548965373190864 -0.65530496613261313  0.94197925764565593 0.75387977414627516 -0.34258188162168851 0.51147742521908957 0.22955126662459321
1403715369.8121431  -2.0771874284052911 -0.68082939348898186  0.94339962387245335 0.7572798493939189 -0.33576636039559254 0.51268681575247521 0.225699822512576
1403715369.862143  -2.0981701533710302 -0.70783450653847635  0.93706924588098006 0.76048451781988902 -0.32905552745944389 0.51305829046474516 0.2239574704939121
1403715369.9121432 -2.1189621587820535 -0.7337046499525901 0.93705463844155934 0.76382800602608458 -0.32405044057688132 0.51191750863721786 0.22248270387337724
1403715369.9621429  -2.1372599951685656 -0.75879597525582709  0.93627624182148672 0.76719071393036364 -0.32019551354742043 0.50988186474698094 0.22116447627334715
1403715370.0121431  -2.1557506434992173 -0.78723518308352736  0.93241060750208249 0.77012935301043861 -0.31634602376560195 0.507652821469459 0.22161810786466421
1403715370.0621431 -2.1689081752956647 -0.8182350097705835 0.92435756103003186 0.77251773598690687 -0.31260961193284609 0.50551079954986622 0.22349588285092417
1403715370.1121433  -2.1821912917664812 -0.84447306024396407  0.92225419752491034 0.77345785454177396 -0.30978276196998611 0.50491529895691811 0.22551746831039299
1403715370.162143  -2.1954037224765699 -0.87099418291145569  0.92081875315429673 0.7725727805753827 -0.30670336300283618 0.50690969632715932 0.22826937071424924
1403715370.2121432  -2.2067442781990572 -0.89700482099203127    0.919371665485884 0.76938571552425994 -0.30757338620319868 0.51182038447052858 0.22690113901688702
1403715370.2621431  -2.2168925362233276 -0.92249260879175932  0.91826535883328608 0.76574618482927403 -0.30950647186143393 0.51695776436640217 0.22492930924312701
1403715370.3121431   -2.225075733358977 -0.94796802786425238  0.91691664512271842 0.76264025085523179 -0.31177294174820336 0.52105378809046998 0.22289107314047452
1403715370.362143  -2.2332237852390211 -0.97246655157616679  0.91582509212869623 0.75948111147556507 -0.31511292490153053 0.52495154003150124 0.21981393606957178
1403715370.4121432   -2.241026000830979 -0.99670881697068103  0.91482963090817182 0.75646948839394412 -0.31895693201445507 0.52845112681274387 0.21624013322987054
1403715370.4621429 -2.2469056289215357  -1.020117605946556 0.91391710783506841 0.75428270925155305 -0.32244228548199633 0.53048222625809216 0.21372219042846791
1403715370.5121431 -2.2536733250206118 -1.0438573448464485 0.91341973171618907 0.75224892876351912 -0.32546445815400704 0.53210318052312067 0.21227491827777492
1403715370.5621431 -2.2552735006492886 -1.0657848772279057 0.91278688387678986 0.75093698738527048 -0.32800007406901199 0.53277280168959651 0.21133559607239533
1403715370.6121433 -2.2620458754655242  -1.089902252142539 0.91309820857569401 0.74961615037818374 -0.32946928568285533 0.53357046715386625 0.2117266479804239
1403715370.662143 -2.2588750490229796 -1.1159502830687742 0.91281011693791403 0.74914545996192583 -0.3312898452693766 0.53309632992767264 0.2117461245394425
1403715370.7121432 -2.2651570079432131 -1.1376150440506378 0.91239274987891816 0.74870876173273959 -0.33212604582230787 0.53285476062538761 0.21258712065863036
1403715370.7621431 -2.2729702136427585 -1.1624354668191437   0.911761910402069 0.74893835315471657 -0.3314755386120869 0.53190711593017082 0.2151514129597478
1403715370.8121431 -2.2810628064437561 -1.1872278678752963 0.91116575662220167 0.74979560736191198 -0.33057750241358347 0.53015534640264994 0.21785401249337855
1403715370.862143  -2.289350207772066 -1.2119168254879014 0.91043042460462886 0.75096383773251318 -0.3300372604034133 0.52786466632648488 0.22019903543724703
1403715370.9121432 -2.2972258162110593 -1.2357017474474103 0.91046775907619881 0.75169178860090224 -0.33022718335235635 0.52614438960326326 0.22154354789556607
1403715370.9621429 -2.3052230118206327   -1.26003347262834 0.90863437868039232 0.75339499981188762 -0.33122200357422749 0.52299407436498668 0.22173217354689728
1403715371.0121431 -2.3128236827756941 -1.2844913757426779 0.90616785970401936 0.75610340810703103 -0.33282065901403085 0.51837876752751966 0.22095587468779515
1403715371.0621431 -2.3200870985020186 -1.3082131374524326 0.90521358612300862 0.75993632781923204 -0.33506858100992154 0.51191984805292667 0.21946273681444645
1403715371.1121433 -2.3263554753506801 -1.3337753480245653 0.90224643787305647 0.76373964096277125 -0.33670173398443787 0.50556210628294318 0.21849636117035015
1403715371.162143 -2.3287553761228006 -1.3601264295874098 0.90048873075507496 0.76688230635399735 -0.33824798517909577 0.50023352601369209 0.21736202100496979
1403715371.2121432 -2.3317590677651405 -1.3871997697547551 0.89849267108200603 0.76956585930860733 -0.33905157454710111 0.49573718758385577 0.21692639034978084
1403715371.2621431 -2.3323686518467395 -1.4178460864467475 0.89764305475648132 0.77110613904529468 -0.33933372685453567 0.49317233292021889 0.21686169368447444
1403715371.3121431 -2.3310315123862604 -1.4444407073687966 0.89603136533275485 0.77168989923702813 -0.33907494741627675 0.49220751225465459 0.21738133390491188
1403715371.362143 -2.3291800825603053 -1.4746643335281369 0.89233397270403114 0.77179974671502638 -0.33891460040136512 0.49207689125794679 0.21753707200226602
1403715371.4121432 -2.3258698638199498 -1.5058519659724741 0.88857965117249493 0.7711058279255758 -0.33821393132515309 0.49338876622274613 0.21811617125282889
1403715371.4621429  -2.321134508155783  -1.538018174546629 0.88519143948953094 0.76803717658596049 -0.33803387432342874 0.49835038648755081 0.21794239486494421
1403715371.5121431 -2.3152123111468756  -1.569556373147925 0.88372907566638081 0.76323191303112381 -0.33898681949240889 0.5055463716474986 0.21676680847242627
1403715371.5621431  -2.308210104149294 -1.6034049547684139 0.88081800076802985 0.75842676503476469 -0.33992835716891745 0.51307093672032245 0.21446623968418324
1403715371.6121433 -2.3006915116919235 -1.6380048411032455 0.87755569950591772 0.75419316686848481 -0.34060165761101291 0.51961437108542474 0.21256547989505409
1403715371.662143 -2.2947170708061595 -1.6720428000921761 0.87760535923464389 0.75028456600970894 -0.34166124557374222 0.52563808381429977 0.20986964555326457
1403715371.7121432 -2.2871337581283662 -1.7080253364396518 0.87440691447375973 0.74721792015807642 -0.34339455592563667 0.53023729431695643 0.20638306730617884
1403715371.7621431 -2.2797865700114612 -1.7440419172684134 0.87141878061085054 0.74542923503575409 -0.34427786844415248 0.53311846828001286 0.20394289306650087
1403715371.8121431 -2.2737131338755998 -1.7818109260094819 0.86921407477494417 0.74461897644692132 -0.34402649698732141 0.53464820521524514 0.20332153340433182
1403715371.862143 -2.2729028120494639  -1.824360910956673 0.86697906837142213 0.74697458025047658 -0.34178690535422751 0.53232204952802775 0.20455787292178365
1403715371.9121432  -2.270469072218448 -1.8622262740979059  0.8635750207206091 0.74957677542874002 -0.33849584635778984 0.52955815589369737 0.20766169425978043
1403715371.9621429 -2.2668832459206598 -1.9014257092490665 0.85967719240513707 0.75208725942742749 -0.33517157634512701 0.52669375214991931 0.21123082176496749
1403715372.0121431 -2.2631665868867428 -1.9410959940120929 0.85587232577070704 0.75409441032344049 -0.33312306233461803 0.52437394254867375 0.21307889157706128
1403715372.0621431 -2.2593914788597504 -1.9808557070697133 0.85266420733684445 0.75430705989659153 -0.33106985576649312 0.52456954076682838 0.21503582699771756
1403715372.1121433 -2.2556677587182086 -2.0192657867659234 0.84965543914566144 0.75391375898547786 -0.33010656324707327 0.52543726998523321 0.21577621792972945
1403715372.162143 -2.2514439426325064 -2.0589227290202796 0.84728963829968806 0.75357500258663335 -0.32898712299321059 0.52665517863834355 0.21570004912985111
1403715372.2121432  -2.247043532001364 -2.0989948137396164 0.84612726306707853 0.75317757698235155 -0.32764747553114743 0.52894196269031912 0.21352065336724041
1403715372.2621431 -2.2424663833705232 -2.1346973326201506 0.84450914048916725 0.75405621013763735 -0.32444163105062757 0.53008352249981439 0.21248133840001249
1403715372.3121431 -2.2370960320886186 -2.1743868305823839 0.84505019934234216 0.75535346706028228 -0.32044719378603143 0.53153701575831735 0.21029297818379739
1403715372.362143 -2.2316507149561251 -2.2143786984181575 0.84662949944142818 0.75728324529535873 -0.31544084241124554 0.53293745453727559 0.20735677197801555
1403715372.4121432 -2.2316750841850039 -2.2529673082662423 0.84730606782090934 0.75912216669424326 -0.30880791982304678 0.535130961432006 0.20495379675638423
1403715372.4621429 -2.2275461330769204 -2.2909186488997197 0.85025829943273523 0.76091481269833605 -0.30322182249431573 0.53694996745624468 0.20186606111038077
1403715372.5121431 -2.2226490969937038 -2.3286683707801998 0.85439805230419841 0.76285344990220316 -0.29770964230652702 0.53814474396511314 0.19955905740594551
1403715372.5621431 -2.2173098575355388 -2.3676017152781448 0.86046167139020902 0.76399064906913572 -0.29245785151585768 0.54010769107940559 0.19766227575974785
1403715372.6121433 -2.2119445330332637 -2.4063824993673459 0.86695420196767492 0.76503464240196117 -0.28824217134166563 0.54166061576544189 0.19555619119257731
1403715372.662143   -2.20648427398906 -2.4450826088917959 0.87344910486460459 0.76611488446799136 -0.28439472038537522 0.54270266722985094 0.19406556055912164
1403715372.7121432 -2.2016745959638309 -2.4828036617364435 0.87932778921921373 0.7668128702870799 -0.28191967923028377 0.54375196852858843 0.19197164672437717
1403715372.7621431  -2.196462801138567 -2.5207298207944651 0.88468683020767847 0.7678485895509336 -0.27945744569901693 0.54387529036451265 0.19108047545194212
1403715372.8121431 -2.1913509609966737  -2.558326578639575 0.88966606571240958 0.76812108426591241 -0.27785639518634725 0.54475714775814721 0.18980377637606591
1403715372.862143 -2.1864070431849121  -2.594910580116494 0.89187555599814861 0.7686377738779302 -0.27690358977658008 0.545063177157594 0.18821930677720808
1403715372.9121432 -2.1811099231284454 -2.6320730596985902 0.89569903285753927 0.76860934917629586 -0.27702353127677548 0.54578710589330803 0.1860485595707298
1403715372.9621429 -2.1769256222375595 -2.6690002457297606 0.89949602932088346 0.76814857377114654 -0.27775049853588879 0.5468567178121585 0.18371216443156946
1403715373.0121431 -2.1727963555837739 -2.7056934830746839 0.90630525695022746 0.76803026923427686 -0.27858537832528152 0.54733334237785258 0.18151006816364892
1403715373.0621431 -2.1691561450845365 -2.7426482875021576 0.91055358899039185 0.76762612381027029 -0.27946534020673058 0.54804069631670604 0.17972382381825769
1403715373.1121433 -2.1641821308746789 -2.7797452917097849 0.91346220932424982 0.76715449444579997 -0.28049030521717144 0.54857950565979552 0.17849284663773421
1403715373.162143 -2.1601783660172247 -2.8157917288078882 0.91609177263230512 0.76684675291255511 -0.28122537768383538 0.54890381354667639 0.17765964079658153
1403715373.2121432 -2.1563250884491287 -2.8525095003932077 0.91876027139434424 0.76646896509314988 -0.28194815938896461 0.54911860760933595 0.17748046580791688
1403715373.2621431 -2.1532764143837717 -2.8886602938757333 0.92136885294558657 0.76661367153873017 -0.28214022197893401 0.54854169736983138 0.17833221806003047
1403715373.3121431 -2.1504782547729224 -2.9254449190068939 0.92514391314163813 0.76678825947319451 -0.2808792398606535 0.54786602749628888 0.18161892430252385
1403715373.362143 -2.1477722963467003 -2.9615477591469661 0.92838592933323627 0.76666684103603933 -0.28081977848999651 0.54748339525045542 0.18336885992360619
1403715373.4121432 -2.1452259398451745 -2.9973349494989909 0.93161551448145363 0.76652192093768734 -0.28088982320639483 0.54720452413191922 0.18469504787794913
1403715373.4621429 -2.1429648438817952 -3.0337219235007513 0.93307565317181462 0.76644711060859916 -0.28037529462823557 0.54704198156840922 0.18626215719670008
1403715373.5121431 -2.1407140801948832 -3.0686895952680104 0.93470227415862217 0.76684282981490259 -0.27921627630633822 0.54684248540342817 0.1869589301555194
1403715373.5621431 -2.1349209967881304 -3.1026839814354084  0.9364933510511223 0.76774924919437815 -0.27581377801569368 0.54666359420711597 0.18880350893650261
1403715373.6121433 -2.1319207298988183 -3.1373460572501908  0.9390240697957265 0.77013346153059437 -0.27000507720003714 0.54544135652858627 0.19101161301178024
1403715373.662143 -2.1268119941447927 -3.1698284630904148 0.94093477558639982 0.77247125076643053 -0.26302882711332498 0.54524160389826359 0.19187390709834448
1403715373.7121432  -2.123253845881226 -3.2002824167536432 0.94253202561445493 0.7750788306407258 -0.2542272252091865 0.5455750242345736 0.19227380785350656
1403715373.7621431 -2.1179381918771134 -3.2304229155047648 0.94351956260642078 0.77777995826623325 -0.24563507703586754 0.54640369154117308 0.19017032186736882
1403715373.8121431 -2.1125182812792676 -3.2588866121182849 0.94460852710395016 0.78023780660698161 -0.23712754261051944 0.54832068327104766 0.18532113202167258
1403715373.862143 -2.1061756873878066 -3.2859416701141084 0.94559774540017039 0.7829830852432289 -0.22865948284658699 0.55038420918248887 0.17812790744263632
1403715373.9121432 -2.0991745540957729 -3.3128322226105418 0.94672243535352474 0.78569335535219675 -0.21990735865988079 0.55271935637313563 0.16978815639822484
1403715373.9621429 -2.0899945875722308 -3.3378920615904337 0.94773741244860787 0.78819663254583461 -0.21085568987824027 0.55542864627669974 0.16057697650849773
1403715374.0121431 -2.0826213557157129  -3.361056966776478 0.94859617238337723 0.79103223430298164 -0.20057999572025367 0.55770006876966993 0.15167828751934626
1403715374.0621431 -2.0751546844639699 -3.3827538774028647 0.94872361668381722 0.79369898583262433 -0.1900820565867383 0.56008677177350585 0.14217432868261556
1403715374.1121433  -2.066673932282947 -3.4034667966396097 0.94870060504619158 0.7961457305856916 -0.17916782419420316 0.56256789196098489 0.13254521258145935
1403715374.162143 -2.0579547495395132 -3.4241537899886931 0.94921976402021357 0.79895175188389722 -0.16725407262192596 0.56409880803242385 0.12447774150196442
1403715374.2121432 -2.0478192836851168  -3.444390404404329 0.94815294805797368 0.80157663407545632 -0.15590594591937032 0.56559298899928212 0.11520766695887273
1403715374.2621431  -2.035647374830011 -3.4673313338434428 0.95009470286977282 0.80401714545387304 -0.14419614519403873 0.56700008114246692 0.10618290593038593
1403715374.3121431  -2.026904754544216 -3.4856385424298248 0.95070220077278844 0.80681233954605347 -0.13324334011524289 0.56745052909247229 0.096436290388167645
1403715374.362143 -2.0188871288417225 -3.5018687904782717 0.95110253232776765 0.80944628924306539 -0.12226902158505583 0.56742468880908203 0.088748035027157113
1403715374.4121432 -2.0105779148848484 -3.5187446643987892 0.95152564140152096 0.81230207136630095 -0.11260062733969779 0.56637011203279053 0.081922767120549772
1403715374.4621429 -2.0019594564596437 -3.5351921511340687 0.95212560766353271 0.81497183487794289 -0.10440852982382057 0.56490635789987487 0.076161499853967668
1403715374.5121431 -1.9935429550400527 -3.5515097424814521 0.95332983470983335 0.81861617495590533 -0.09810686739395981 0.56133976317152301 0.071695682947057665
1403715374.5621431  -1.983164203631713 -3.5693244418541008 0.95612303481164373 0.82141350085289222 -0.09307626959965995 0.55854569097903695 0.068142349113875608
1403715374.6121433  -1.972773387683822  -3.586777196028804 0.95649332158769562 0.82422480486907612 -0.088863140090785928 0.55537289701869019 0.065709654000049508
1403715374.662143 -1.9617101979559453 -3.6023275949645934 0.95725125785186105 0.82607478692629455 -0.086515943838853318 0.5532616619733155 0.063379580756536991
1403715374.7121432 -1.9493850177933136 -3.6171853981496591 0.95772453724863671 0.82742110850029704 -0.084462275684250313 0.55168338113936211 0.062336828352257352
1403715374.7621431 -1.9349062809075017 -3.6318418658257343 0.95930336287520546 0.82833393813085621 -0.083175723763336595 0.55050661174142146 0.062347063652203584
1403715374.8121431 -1.9190586679371129   -3.64665712859256 0.96010734900975192 0.82878702993539 -0.082345415490608864 0.54988804045489292 0.062884294726363449
1403715374.862143 -1.9029525733238706 -3.6598373787519058 0.95932356962731324 0.82883434685181101 -0.082567994416766308 0.5497202807623609 0.063433151390072676
1403715374.9121432 -1.8847969024554259 -3.6734171633356709 0.95982640754719051 0.8283713564002555 -0.082047503349608877 0.55027529492769367 0.065316176265430681
1403715374.9621429 -1.8650586279819688 -3.6862886041223843 0.96109571846396102 0.82602797823908247 -0.081914509478959022 0.55358887195752315 0.067135334570348565
1403715375.0121431 -1.8439080361511904 -3.6985956321917395 0.96165182733978471 0.82379713379880548 -0.082419498510183681 0.55662403431253948 0.068811285672014708
1403715375.0621431 -1.8214642792129727 -3.7100538715539315  0.9622196175563057 0.82164105482835237 -0.082382037119646048 0.55944542526435204 0.071693745413097643
1403715375.1121433 -1.7986900866675668 -3.7200155867007072 0.96286436151257315 0.82016423563098351 -0.083422435065887854 0.56121197637612741 0.073569297206943232
1403715375.162143 -1.7754173352350087 -3.7290910184494992  0.9628307083281602 0.81861103293046589 -0.085039232424584596 0.56304071955914825 0.075029686334609921
1403715375.2121432  -1.751842716859088 -3.7372768414773589 0.95961206133676968 0.81719544947219547 -0.086874428650455027 0.56465535973393532 0.076215193579322146
1403715375.2621431 -1.7271090178087085 -3.7439329465425661 0.95828120387934257 0.81662038318319263 -0.089635479379488292 0.56501056151350093 0.076548651094211662
1403715375.3121431 -1.7022196325556023 -3.7495588202184322 0.95686303181241472 0.81613501250814013 -0.092086503038711964 0.56515678978813022 0.077727217065933177
1403715375.362143 -1.6768987152543136 -3.7546014852604053 0.95543741490953116 0.81521710032350214 -0.096034000050127161 0.56597059235851543 0.07665401985456767
1403715375.4121432 -1.6527927902051944 -3.7592245742908537 0.95770310638888312 0.81582142070537889 -0.097860051560945155 0.56447790051782665 0.078889287319211798
1403715375.4621429 -1.627186147677391 -3.764302458520413  0.959034382701766 0.8152019816150412 -0.10098820992323455 0.56489535014447356 0.078360411003028554
1403715375.5121431 -1.6031243762448433 -3.7681999573042142 0.96010431625661896 0.81521859778881667 -0.10359885010205515 0.56436349464263647 0.078611462214606659
1403715375.5621431  -1.576770781963154 -3.7707114955153007 0.95824614175909484 0.81504697600959997 -0.10714238966744651 0.56405652785448634 0.077840661730850774
1403715375.6121433  -1.550303619477859 -3.7725795420477368 0.95633687383359656 0.81472921610303017 -0.10990272778213768 0.56398100149100294 0.077866069705568142
1403715375.662143 -1.5223694942594217 -3.7742543767749583 0.95320840089412195 0.81405325387637739 -0.11217457338253019 0.56445128130094335 0.0782873934771941
1403715375.7121432 -1.4945182000935155  -3.775979868222473 0.95013728482170612 0.81310026875816344 -0.11338573131607066 0.56537761519769902 0.079748235796692629
1403715375.7621431 -1.4680114908663104 -3.7769722560635479 0.94623160733696088 0.81218685690063641 -0.11465195623693174 0.56634684693992032 0.080365959025700012
1403715375.8121431 -1.4409688665964895 -3.7778053826810822 0.94235844828324478 0.81140313606537828 -0.11554461567832662 0.56713854711900002 0.081414132328280306
1403715375.862143 -1.4129925411870552  -3.778420947436592  0.9403405126462826 0.81047896653160323 -0.11525630476801592 0.56819307163819388 0.083644858559513396
1403715375.9121432 -1.3862752190826237 -3.7787744675772106 0.93781208276443706 0.81019575506794916 -0.11427466893273258 0.56839604829101786 0.08631379262519473
1403715375.9621429 -1.3581193208480205 -3.7788170615509133 0.93437870653043953 0.80913840252520841 -0.11370157712451653 0.5697787952700536 0.087858530484853897
1403715376.0121431 -1.3298210888197586 -3.7779942414461818 0.93000834533482968 0.80857156938682506 -0.11259395365075399 0.57054087714407675 0.089541757232513508
1403715376.0621431 -1.3063665536179216 -3.7767081088838013 0.92644884471556221 0.80791099920447773 -0.11326324693972942 0.57149043803852839 0.088599850381495565
1403715376.1121433  -1.279082192010969 -3.7748191959101547  0.9217650172840357 0.80742649161351721 -0.11415366532553693 0.57232913561496856 0.086433569055403184
1403715376.162143 -1.2535511307313041 -3.7719040133894186  0.9169995731882804 0.80674213632495984 -0.11541130683314817 0.57349515860495581 0.083370611066378914
1403715376.2121432 -1.2273456481205642 -3.7688848235684351 0.91249554324858406 0.80597518826548475 -0.11702610947982593 0.57468288137709367 0.080302375136441465
1403715376.2621431  -1.201595176091971 -3.7653019540978971 0.90744308433257659 0.80535124624596688 -0.11823782996767378 0.57569364828068181 0.077498445557845977
1403715376.3121431  -1.174071902467692 -3.7611380570097053 0.90342913272051784 0.80192892307379027 -0.11739684173889567 0.58061764091125545 0.077531535197572443
1403715376.362143 -1.1503956822571715 -3.7574655355716242 0.89881906719688065 0.79705018075000689 -0.1165738154395109 0.58745359698383359 0.077587539663349317
1403715376.4121432 -1.1274740068862339 -3.7537744304015739 0.89404563524833702 0.79360235601778528 -0.11357679955623169 0.59235374829913057 0.080079010992608349
1403715376.4621429 -1.1056379183783487 -3.7492498904541285 0.88888579860643124 0.79394090447628451 -0.11074241004240536 0.5920036964185792 0.083220083177787979
1403715376.5121431 -1.0854239055712331  -3.742874522174215 0.88413425811817514 0.79638366840632857 -0.10832500710590183 0.58884383988169986 0.085449855263543331
1403715376.5621431 -1.0642175051138698 -3.7370036992804949 0.87775723918141402 0.79958556197219721 -0.10651749493290755 0.58465479261764719 0.08657785991833962
1403715376.6121433 -1.0421575627684745 -3.7277969297762183 0.86933374779395267 0.80224860218308103 -0.1049139089322482 0.58116522865165055 0.087391241060665495
1403715376.662143 -1.0265272450345113 -3.7196736439007623   0.862726313029893 0.80501861716927192 -0.10386913312870921 0.57756476732124162 0.087035445326164973
1403715376.7121432 -1.0097382326636108   -3.71145009798754 0.85566648050374616 0.80606949819477025 -0.10300744524012705 0.57637525715278071 0.086214808746523083
1403715376.7621431 -0.9933683731742009  -3.701661587800086 0.84990509876875386 0.8064533633515375 -0.1011607233658407 0.57610206489794735 0.086636548912188652
1403715376.8121431 -0.97728654526303571  -3.6912947986261329  0.84465489173480046 0.8055976404638201 -0.099531352568622181 0.57759211896141271 0.086563824133707015
1403715376.862143 -0.96077484771309085  -3.6804503081564839  0.83981548990259369 0.803737444707883 -0.098311819484546564 0.58055531480699141 0.085419158117109248
1403715376.9121432 -0.94474143620835815  -3.6677252664093083  0.83491068830774862 0.80010392317758461 -0.096629922644825811 0.58595043987682804 0.084607636615406101
1403715376.9621429 -0.93002790080525677   -3.654056809409477  0.83149616451323505 0.79562333019939802 -0.094062735626971886 0.59233232789630397 0.085311965970405912
1403715377.0121431 -0.91789162786286438  -3.6415894601981522  0.82713174659610633 0.7927096603820819 -0.093057677620744045 0.59678502599479377 0.082457842084010677
1403715377.0621431 -0.90616759459748908  -3.6257401591157872  0.82250278177354474 0.7928959583783558 -0.091101193406666406 0.59696604155446953 0.081535985785033391
1403715377.1121433 -0.89768284453863889  -3.6083666896618203  0.81774489307691411 0.7961091942197962 -0.089656254735254959 0.59298528782041238 0.080872463138554049
1403715377.162143 -0.88880220560809986  -3.5892336775439264  0.81178643734625211 0.79933227198440027 -0.087378723543201586 0.58893694745459124 0.081155095706220037
1403715377.2121432 -0.88124602741247171  -3.5702899966884263  0.80603708853838774 0.80226881274497097 -0.085468543851556666 0.58522899837960018 0.081036408880696256
1403715377.2621431 -0.87408123617995148  -3.5498436727479086  0.80130597972560413 0.80427168145705175 -0.084057640800599076 0.58282430653306339 0.079982517736928577
1403715377.3121431  -0.869784031223925 -3.5288776879234036 0.79566268401732798 0.80531629997342802 -0.08381999644856665 0.58170054510420555 0.077873878919316949
1403715377.362143 -0.86532303908164998  -3.5069268682103814  0.79197294081673286 0.80538405509165145 -0.083183885122118356 0.58188618788682756 0.0764554079621175
1403715377.4121432 -0.86120071929759978  -3.4839237619204386  0.78827053845637218 0.80429805478063265 -0.083006687399806725 0.58373649052329069 0.073934014868350245
1403715377.4621429 -0.85937367747320303  -3.4608803700314112   0.7846838913311438 0.80334306286908996 -0.082268921605863174 0.58525144047659849 0.073160777046066702
1403715377.5121431 -0.8552491054418937 -3.4363594336097836 0.78035298560070621 0.80286232886479358 -0.081612858422319676 0.58614867926331415 0.071980191912853306
1403715377.5621431 -0.85370443512859584  -3.4107333645233906  0.77620511840541639 0.80273736412706265 -0.081691148903739436 0.58650036350824053 0.070403153550281511
1403715377.6121433 -0.85219172621104844  -3.3850142045998552  0.77459244002161098 0.80316330205757347 -0.081816354736932953 0.58595170421620224 0.069967096921794286
1403715377.662143 -0.8516844240266821 -3.3579400529184085 0.77031075750124478 0.80455029072978967 -0.081639639535195999 0.58415405791341835 0.069266410087869365
1403715377.7121432 -0.85164103462328822   -3.330685454421316  0.76562280977178609 0.80588351464047225 -0.081940706954972603 0.58234853245443718 0.068612448743668134
1403715377.7621431 -0.85242538708805771  -3.3015940123099639  0.76086823319844077 0.80635749073464724 -0.081882587298277784 0.58171090277107484 0.068522001070638924
1403715377.8121431 -0.85162263377381076  -3.2746810469815695  0.75601665251310157 0.80702623309037802 -0.082138432695901709 0.58079805479409008 0.068084921426237177
1403715377.862143 -0.85368917422814361  -3.2452225808734818  0.75203451393965093 0.80756317454727855 -0.082407170559421011 0.58005911771406615 0.067691929447251026
1403715377.9121432 -0.85363135646649846  -3.2146061532572729  0.74814259902792013 0.80780787848669133 -0.082564102098119721 0.57970553858419338 0.06760982942126631
1403715377.9621429 -0.85581637461583182  -3.1842952101981696  0.74377944576331789 0.80774677323355315 -0.082637358202332881 0.57985354545703194 0.066978229157182434
1403715378.0121431 -0.85912489137123671  -3.1532244340125057   0.7391998110192507 0.80768159655298399 -0.083957264396558595 0.57998272954282182 0.064974223940938644
1403715378.0621431 -0.86271100113447474  -3.1222268333989156  0.73486188835005561 0.80712083552335678 -0.085576204877789885 0.58085742460884993 0.061946124169049502
1403715378.1121433 -0.86414988365733991  -3.0917080879146219  0.72970933142589933 0.80685678522446846 -0.08692811522873431 0.58133352105151259 0.058965822489526906
1403715378.162143 -0.86874293096445343   -3.059688642668128  0.72469192419410389 0.80628623071524474 -0.088353524064210862 0.58222111574858626 0.055809867594443244
1403715378.2121432 -0.87330808616192057   -3.027819427918403  0.72185138784984082 0.80552480914966418 -0.090343662065796609 0.5832667200110585 0.052609294772689622
1403715378.2621431 -0.8792412244589376 -2.9976574199865094 0.71864647092882172 0.80650115733948469 -0.091958739902768052 0.58195647459796873 0.049255812236433716
1403715378.3121431 -0.8857050699915644 -2.9670590733954589 0.71389190411823233 0.80763981825003384 -0.094138647169473913 0.58032780086217961 0.045557465168951518
1403715378.362143 -0.89206519921539773   -2.935059353043262  0.70763833938844145 0.80952459108668962 -0.096148817314826288 0.57759607907061516 0.042521886095750666
1403715378.4121432 -0.89831359566298219  -2.9087394574518131  0.70121509511065694 0.81214503941400829 -0.097098892790335331 0.57387501860590784 0.040739452551292618
1403715378.4621429 -0.90585248433530752  -2.8814260344806955  0.69654176379093535 0.81413319105132487 -0.096891802616190112 0.57103453078862076 0.041457091810595044
1403715378.5121431 -0.91265778584819179  -2.8524418239050546   0.6911034405170583 0.81614089580218296 -0.095566428487310312 0.56819988910605745 0.043931560013893825
1403715378.5621431 -0.92014013604534661  -2.8270007060529303  0.68774344833847745 0.81752697681705666 -0.093275234630532416 0.56630428743932082 0.047421796769272002
1403715378.6121433 -0.92756392646340724  -2.8022395474098238  0.68516455951075528 0.81851155781896856 -0.092239414528476893 0.56490182956090473 0.049159364143079975
1403715378.662143 -0.93471546043613052  -2.7778573027851827  0.68251070687857596 0.81984255995441513 -0.091300121139588811 0.56294728179147724 0.051115777318503884
1403715378.7121432 -0.93994599648629407  -2.7558245394781036  0.68016097918442231 0.82123645370490916 -0.090387094408293955 0.56094989944547347 0.052307462017613139
1403715378.7621431 -0.94580405170494197  -2.7333412161575472  0.67797292877650972 0.82278413142673235 -0.090309653770914863 0.55863795135026584 0.052859046712112404
1403715378.8121431 -0.95136251288168938  -2.7133894821574294  0.67745700645391327 0.82481834853298741 -0.090334073636856332 0.55565742657659245 0.052528766916472236
1403715378.862143 -0.9549301754755144  -2.692240219180984  0.6773442488587198 0.82639410998234286 -0.090746438995110645 0.55330789084355514 0.051848208517314053
1403715378.9121432 -0.95775352134605052  -2.6711968793081438   0.6772681843640701 0.82750430387367946 -0.091073938260622225 0.55165491325158522 0.051176376636331407
1403715378.9621429 -0.95787170005965638  -2.6498155163194856  0.67851819980066463 0.82810051496673709 -0.091706767576137896 0.5506854827088794 0.050841961274616085
1403715379.0121431 -0.95840612343005127  -2.6299171613095815  0.67991875151400538 0.82811280225361728 -0.092019882240709089 0.55064787943582838 0.050482084831083927
1403715379.0621431 -0.95767153824362161  -2.6105656178100749  0.68219995794256449 0.82790550923975803 -0.09147070222857917 0.55093212869617469 0.051762611744089436
1403715379.1121433 -0.9579006689404167 -2.5902682773722918 0.68470188360818507 0.8270774508018448 -0.090261619298806994 0.55222906622785073 0.053280285939505095
1403715379.162143 -0.95535080045097676  -2.5718482516511747    0.688226712445695 0.82542810349077644 -0.087771988597260112 0.55469079150011258 0.057294413429942459
1403715379.2121432 -0.95209114372792114  -2.5536400751948669  0.69159047951574371 0.82454656932386972 -0.085477821455604869 0.55597087584707516 0.060933424860881436
1403715379.2621431 -0.94850165253959251  -2.5354771312094209  0.69488061199311546 0.82382725829991166 -0.083250853626609639 0.5569805610359011 0.064425138576681071
1403715379.3121431 -0.94466129535964405  -2.5174864932033132  0.69876174356262644 0.82337914070321749 -0.081534210529176518 0.55754344600011208 0.067411193362343649
1403715379.362143 -0.93978222571149517  -2.5023620557282782  0.70447996839906757 0.82286958018536371 -0.07945201627917059 0.55829243837984643 0.069875491859615432
1403715379.4121432 -0.93448953233084919  -2.4835476929857259  0.70852084208027555 0.8228179633284356 -0.078185593038481702 0.55826301850528826 0.072111125595364992
1403715379.4621429 -0.92754464211217347  -2.4641176909536484  0.71156126702748101 0.82344440565351995 -0.077219608078352722 0.55725434229953519 0.073783744242612984
1403715379.5121431 -0.92085093551662456  -2.4439917653707033  0.71481726980761029 0.82400073878947744 -0.076373820395504013 0.55634353864350161 0.075310617061722956
1403715379.5621431 -0.91046701956457876   -2.422492743498919  0.71925604967148948 0.82486222145053834 -0.076831632564584695 0.55500988182811251 0.075254547598723437
1403715379.6121433 -0.90005239709802365  -2.4013038096200776  0.72423331000317703 0.8256758568287319 -0.076344513206593037 0.55376307921106638 0.076008860378682278
1403715379.662143 -0.89023439508399616   -2.379045717913078  0.72779129084746796 0.82712084516977114 -0.076435784572576063 0.5515494609247491 0.076301182664733805
1403715379.7121432 -0.87858291304439584  -2.3575217712613528  0.73248284549299825 0.82697433460267378 -0.07540245656042649 0.55179996015601307 0.07710203256037014
1403715379.7621431 -0.86588752883438769  -2.3338162402103233  0.73695120888334442 0.82678030566889527 -0.075131424452348716 0.5520687072778383 0.077522497782165661
1403715379.8121431 -0.85236594446878933  -2.3091122842285867  0.74208756536069298 0.82527281243737483 -0.074454706867259093 0.55432193886231729 0.078156700115457819
1403715379.862143 -0.83764588415867802  -2.2836991018251864  0.74708353195593968 0.82327774788894059 -0.073266266330643384 0.5572349121223269 0.079593069804499705
1403715379.9121432 -0.8216559906594767 -2.2571724413365426 0.75183646399492776 0.82082732057709729 -0.072297177768762544 0.56082360608480197 0.080576117671021033
1403715379.9621429 -0.80475675602857899  -2.2292698179073884  0.75592883823094004 0.81895777097691624 -0.071800906899582864 0.56349108087722588 0.081428501746833262
1403715380.0121431 -0.78762816360280952  -2.2003311180521128  0.76040406369915658 0.81774821037592038 -0.07099017190425011 0.56510977508386417 0.083061435243132489
1403715380.0621431 -0.77019502201031287  -2.1702310337869788  0.76426274352984092 0.81592224833355154 -0.071864384697860675 0.56772663690619285 0.082418812376205561
1403715380.1121433 -0.75264421843081697  -2.1390455734234628   0.7672987256960847 0.81440496160957765 -0.07474632106796926 0.5700102623945027 0.079030669726737321
1403715380.162143 -0.73610532416632579  -2.1050198214862688   0.7703834344514402 0.81277826459469116 -0.078746661840215074 0.57244155130637842 0.074169577249786955
1403715380.2121432 -0.72049535886055927  -2.0722548992361531  0.77340593473036512 0.81173085903501951 -0.081075424539833324 0.57398002295867134 0.071180905236714651
1403715380.2621431 -0.70416882407709169  -2.0389554519737736   0.7758224832282119 0.81140351234955743 -0.083815610981230693 0.57448642150997309 0.067562082585650593
1403715380.3121431 -0.68920567498462204  -2.0068903184874762  0.77903437762488015 0.81161993786271303 -0.085894305128129636 0.57418077287023794 0.064897495147485704
1403715380.362143 -0.67366597367112913  -1.9741920641258432  0.78113077703546152 0.81222446956834782 -0.087848738437162122 0.57316339841293784 0.06370030540858572
1403715380.4121432 -0.65801727872772142   -1.941761368958911  0.78313010775006897 0.81331931718961392 -0.088700522220385658 0.57146592805305374 0.063801243863369175
1403715380.4621429 -0.64233496733975126  -1.9090854081984652  0.78586955117738733 0.81357413582207116 -0.088197626288282149 0.5710074467335059 0.065336054467386731
1403715380.5121431 -0.62739162791145342   -1.876950882144131   0.7885514142023099 0.81353158734573972 -0.087296504600821889 0.5710394655682246 0.06678027731865413
1403715380.5621431 -0.61714574572240144  -1.8430384555614832   0.7928955722521851 0.81356641112532557 -0.086195514687617075 0.57100051721487433 0.068106073714028173
1403715380.6121433 -0.60309793156959091  -1.8107974003826226  0.79579291710738453 0.81387862800989075 -0.085115574279427397 0.57066351843583885 0.068557031807468458
1403715380.662143 -0.58977206107303226  -1.7777620503529958  0.79853581386808759 0.81390604587028015 -0.084668773064038971 0.57067908356557639 0.06865515963414201
1403715380.7121432 -0.57652683834783014  -1.7444657568636563  0.80138428507479731 0.81358380516955864 -0.084391989609478218 0.57120410847074854 0.068448889850111869
1403715380.7621431 -0.56088624292493994  -1.7089107854682639  0.80473484089498915 0.81326771690146493 -0.083806261789576064 0.57169637258176842 0.068814160661768972
1403715380.8121431 -0.54618839831547095  -1.6737595123956495  0.80810875735619947 0.81285122435428858 -0.083354191318362456 0.57237700683677695 0.068626000174629415
1403715380.862143 -0.5333145651127561 -1.6397787471765515 0.81106862195684826 0.81233434166449858 -0.082775991502494595 0.57317827039205849 0.068758438999537236
1403715380.9121432 -0.52226107348049677  -1.6053073435043064  0.81421297797795888 0.81217859004262127 -0.082200421670264229 0.57340925016779642 0.069360366028561493
1403715380.9621429 -0.50876716819561729  -1.5708103998446761  0.81622228534626173 0.81184847273113803 -0.08181498026034402 0.57386244136042275 0.069930427747682072
1403715381.0121431 -0.49710718242118557  -1.5358801416165231  0.81793508779131086 0.81190173805454202 -0.081063148253246772 0.57377573844931251 0.070892423475518052
1403715381.0621431 -0.48515348740336645  -1.5002517560190187   0.8200825312868375 0.81130998737875937 -0.081511151853497887 0.57447136209539984 0.071517065342821248
1403715381.1121433 -0.47553140294978463  -1.4639786937055257  0.82260416849325457 0.81126229841229325 -0.083133239534523506 0.57444280103964085 0.070411760331855269
1403715381.162143 -0.46384374319288862  -1.4269633299076119  0.82945294599912678 0.81053841650516434 -0.085764845297888359 0.57525373905895705 0.068956525282380804
1403715381.2121432 -0.45090805005237827  -1.3911893829092519  0.83204782115192988 0.80982136067893251 -0.08826129432693032 0.57600703088926075 0.067935322756247335
1403715381.2621431 -0.44111413360223067  -1.3548942744986729  0.83300264874956131 0.80897842089765581 -0.090625401990223314 0.5769297642514889 0.067029830350128911
1403715381.3121431 -0.43194028345676966  -1.3190802926450695  0.83372249108630125 0.80826056201306706 -0.092320648956765144 0.57771181807221372 0.066639454756325017
1403715381.362143 -0.42346432729137179  -1.2856821586972667  0.83625526621393664 0.80798097947564251 -0.094661726431184298 0.57788202571383662 0.065255334736109033
1403715381.4121432 -0.41500483072910871  -1.2507790434459691  0.83699245770113451 0.80698000161925121 -0.097409472547627302 0.57889965185026682 0.064574489794549356
1403715381.4621429 -0.40699681313426334  -1.2167325387901342  0.83736106419237721 0.80624545143488346 -0.099416982480163313 0.57953821557544216 0.064961467984740021
1403715381.5121431 -0.40031090377411571  -1.1817923757655022  0.83912019382324543 0.80424497322888377 -0.10118869545046491 0.58189783964985875 0.06592249358096651
1403715381.5621431 -0.39422683880872844  -1.1486461188948571  0.83887585558932964 0.80393061087571005 -0.10046867826739855 0.58207816148305214 0.069185486257738474
1403715381.6121433 -0.38952906265842741   -1.116348469749779   0.8381870118252247 0.80413410889699288 -0.1002565979097559 0.58153875114491826 0.071621438136982879
1403715381.662143 -0.38522773459467669  -1.0831217589719959  0.83630372264309782 0.80558682191025643 -0.099478522892334081 0.57929110422167751 0.074536651503281121
1403715381.7121432 -0.38114984033045113  -1.0505252155449385  0.83444353520961057 0.80833645935712994 -0.098684562012810895 0.57524044862385793 0.077148894751263408
1403715381.7621431 -0.38176812245301078  -1.0140069720934768  0.83132871968389577 0.81105890138793724 -0.097527901931803856 0.57132079037550176 0.079147465587249832
1403715381.8121431 -0.37882920022823596 -0.98112948240493336  0.82927380369251569 0.81385729356754166 -0.09689656585133205 0.56722568921291083 0.080637328391217858
1403715381.862143 -0.37663664449280543 -0.94600085327048877  0.82644424017002616 0.81715250286348151 -0.096508018094014547 0.56235708664236161 0.081868776774964278
1403715381.9121432 -0.37262962766631164 -0.91284258825568387  0.82426207979076316 0.81984576198832659 -0.097586413951751022 0.55791630547611892 0.084019131426692512
1403715381.9621429   -0.366417261108551 -0.87693438243877064  0.82115032556032419 0.82169853691659978 -0.10029128237798692 0.55410364916385968 0.087876726676592784
1403715382.0121431  -0.3615343903699112 -0.84252015771132294  0.81878584832152168 0.82234655334767259 -0.10534354572993657 0.55173244543487809 0.090775504541134006
1403715382.0621431 -0.35527350094747612 -0.80883263980821229   0.8168426135978728 0.82263280828701035 -0.11157791734033576 0.54943870959452235 0.094566037724578056
1403715382.1121433 -0.34745986107184784 -0.77328476785410571  0.81415778282085738 0.82190348822473691 -0.11969175658031771 0.54824968652175898 0.097830571293030605
1403715382.162143 -0.33968712282581098 -0.73896154069974718  0.81230138983458355 0.82062006282616173 -0.12867298079605294 0.54753227440485519 0.10116513720294862
1403715382.2121432 -0.33077188463932405 -0.70485906830955014  0.81118253008087604 0.81881835635883382 -0.13863142883010549 0.54715124770694534 0.104610412307161
1403715382.2621431 -0.32133015322189801 -0.67087086133229279  0.81010981519878811 0.81682254014257205 -0.14821148893862529 0.54664679656925952 0.10959731868161156
1403715382.3121431  -0.3108589761545496 -0.63722698199272432  0.80898242837757062 0.81447659895505498 -0.15854233761213829 0.54625814854995647 0.11443003138101046
1403715382.362143 -0.30107628317634649 -0.60597293406206898  0.80965261596119542 0.81193083897963603 -0.16863458400015199 0.54573610872523337 0.12042752769346576
1403715382.4121432 -0.28870299211817846 -0.57372917132577306  0.80941262626047372 0.80884232526519806 -0.17874250103930481 0.54564391406485768 0.1268776190893568
1403715382.4621429  -0.2735936122354316 -0.54227667587769557  0.80943094619876932 0.80681280612433171 -0.18842814023006277 0.54407400654884852 0.13240622055290688
1403715382.5121431 -0.25957029707408658 -0.51002067657463068  0.80835223015677504 0.80439954007342462 -0.19729056238939593 0.54331840062137549 0.13719668169445481
1403715382.5621431  -0.2424909302018998 -0.47680431831749043  0.80713743564198215 0.80248634145418518 -0.20543068983282442 0.5420729842118408 0.14131802164606033
1403715382.6121433 -0.22659797998450795 -0.44555975388030217  0.80629732500407025 0.8003759377592331 -0.21360586354093772 0.54118917794762966 0.14451701280239448
1403715382.662143 -0.21020346150470812 -0.41446849555218884  0.80479523371951689 0.79865231454323327 -0.221201670244733 0.53942105873953017 0.14916173418139508
1403715382.7121432 -0.19305594255114561  -0.3839729186142935  0.80204709593813772 0.79626607246259395 -0.22959748245549844 0.53837029007676951 0.15297963478106277
1403715382.7621431 -0.17521867060420757  -0.3539895188920133  0.80001338276957934 0.79492454456535699 -0.23687407013028977 0.53562655780515356 0.15839770806824455
1403715382.8121431 -0.15654262888081108  -0.3247971175583339  0.79838582593973884 0.79253004795593796 -0.24383014046311116 0.53434105957505684 0.16408113158100671
1403715382.862143 -0.13717867544258588 -0.29632214959665326  0.79733601977044077 0.79039297222206895 -0.25142343692013841 0.53243159255082084 0.16906153933708823
1403715382.9121432 -0.11718727498300623 -0.26789953458947297  0.79520983070713791 0.78808904823181058 -0.25854490570865152 0.53068561722275032 0.17447910895603549
1403715382.9621429 -0.096427492870759024  -0.24304986560225597   0.79425862848841766 0.78593569424281007 -0.26642616110348533 0.52866324563174527 0.17843026064219331
1403715383.0121431 -0.074809020031751772  -0.21672840220351403   0.79291352959758432 0.78348726548986336 -0.27421266299315905 0.52706161432183418 0.1821021004213812
1403715383.0621431 -0.051128681134748263   -0.1939871768780837   0.79016393061756696 0.78148661105571871 -0.28188295789819601 0.52537128192927118 0.18386323969517668
1403715383.1121433 -0.027933770513713506  -0.16858308152433965   0.78809732535041543 0.77960817024224094 -0.28863846954318134 0.52425059730283174 0.18455418179748559
1403715383.162143 -0.003659504154282716  -0.14328525920581162   0.78476020502925758 0.77815598171378075 -0.29377634073395675 0.52322647230164521 0.18547988686324998
1403715383.2121432 0.020892583950991018   -0.119132843851755  0.78177452707978068 0.77729684584174963 -0.29896228710851258 0.52180157174324682 0.18480877700366932
1403715383.2621431   0.04653905403645512 -0.096602721773994107   0.77959763631477552 0.77682425536310939 -0.3012318212391637 0.52075991556651213 0.18604455512496559
1403715383.3121431  0.071840686689383135 -0.076129515198446171    0.7745405222482874 0.77590795911788746 -0.30413783001999289 0.52061857908917375 0.18553521076985469
1403715383.362143  0.098504335027623249 -0.055814815010895372   0.77182630906513372 0.77486024415375498 -0.30645170876877154 0.52116467541631195 0.18457067297079904
1403715383.4121432   0.12613620195688618 -0.039587019820579487   0.76740724316370756 0.77403746087500735 -0.3071589297162583 0.52197754426094489 0.18455038429937651
1403715383.4621429   0.15301670425205413 -0.022462665100244257   0.76404598259525847 0.77267952603893242 -0.30816681615970859 0.5233732902056375 0.18460759073658062
1403715383.5121431    0.18016580134323298 -0.0070169662967627883     0.7612877544367157 0.77006748249152823 -0.30974850406394711 0.52590636320086837 0.18567292151561379
1403715383.5621431    0.20753549810332109 0.00096667210831106413    0.75557141697229535 0.76736824454286157 -0.31125364626503177 0.52808436705642603 0.1881330545771886
1403715383.6121433  0.23356600207744216 0.012580500146598875  0.75230743525127985 0.76389583222396629 -0.31337779944731869 0.53026428200740838 0.19255467678448587
1403715383.662143  0.26129033217892017 0.023892615070926146  0.74972224877171489 0.76096143458451848 -0.31745151983376435 0.53047846737078874 0.19686244762839861
1403715383.7121432   0.2871901663676788 0.033660210787471521  0.74607909887271107 0.75775699288792464 -0.32266446649918018 0.53003769174461102 0.20187131326241983
1403715383.7621431  0.31238964061118246 0.042253123471465967  0.74276524973455293 0.75380733081982509 -0.32917687961571057 0.52944392885424751 0.2076203653983236
1403715383.8121431  0.33738729820461805 0.049745544039348236  0.73944122128087419 0.74953111868977729 -0.33709297511001313 0.52818966265889045 0.21351137793433528
1403715383.862143    0.361770327794814 0.056666258484968181  0.73599753720067884 0.74542898335726382 -0.34590575939047141 0.52561808513737918 0.22002378273262313
1403715383.9121432   0.3858904270859343 0.062531368842401902   0.7318322287726039 0.74041435868229977 -0.35586964813852462 0.52310420107293276 0.22694793634375723
1403715383.9621429  0.40911149685428261 0.068254212498539593  0.72822477539743058 0.73556950268453347 -0.36590142035309303 0.51925421111516434 0.23543305108498594
1403715384.0121431  0.43485910712415526 0.075776292908361367  0.72372568003585258 0.72973793423245137 -0.37686772898210513 0.51595003465534728 0.24341081309829077
1403715384.0621431  0.45684222891342391 0.080999355043787483  0.72020458834359469 0.72432035867194788 -0.38785684276925886 0.51169446230427751 0.25118890257640697
1403715384.1121433  0.47781155448878199 0.085838693964715149  0.71753624616300138 0.71817872793268744 -0.39900573238498505 0.50782103912981169 0.2590975346969302
1403715384.162143  0.49826215787564565 0.091167318815151027  0.71104990675896396 0.7117064161688299 -0.4099570944422522 0.50408969105981405 0.26702573147134701
1403715384.2121432  0.51723977247443675 0.095426038929965845  0.70829467836495785 0.70558815836746069 -0.42097586441235518 0.49993766911650755 0.2738375418970872
1403715384.2621431  0.53770465094453368 0.097659077067275613   0.7056833127292248 0.69883195353782035 -0.43186091947204558 0.49652207014670863 0.28034956893938734
1403715384.3121431 0.55626328731261565 0.10064589433827617 0.70389644768234316 0.69179857076657025 -0.44299497420479245 0.49317148338528299 0.28627273410191506
1403715384.362143 0.57420696604240451 0.10363377237997883 0.70161535103930217 0.68455949917208125 -0.45367658070794864 0.48975156617891136 0.29274435201335142
1403715384.4121432 0.59131645653350462 0.10571468507134146 0.70054251047153415 0.67770511815369328 -0.46368861887975105 0.48599889915681632 0.29918841482925168
1403715384.4621429 0.60734901706656974 0.10772018733458877 0.69894592780148002 0.67094238958390673 -0.47405685419949284 0.48194497096566602 0.30468911008899119
1403715384.5121431 0.62298919710986878 0.10907023785987964 0.69815497102798818 0.66449523663794685 -0.48464691674366095 0.47741273740818507 0.30925802291414434
1403715384.5621431 0.63714470408502566 0.10964130309875239 0.69642094786093256 0.65912578796475063 -0.49463235200195915 0.47133096499845262 0.31422786863434665
1403715384.6121433 0.65042605451872915 0.10818290707065469 0.69750747480451758 0.65333187223486633 -0.50469927939677894 0.46601292343916995 0.31822642455669026
1403715384.662143 0.66425300548169008 0.10732313488257554 0.69742433380413049 0.64772382157464614 -0.51448519745043464 0.4598815168215063 0.32290528495996185
1403715384.7121432 0.67552314196168395 0.10480933317896536  0.6964774442126217 0.64265434245157338 -0.52316991735811147 0.45317702527909209 0.32851060478900196
1403715384.7621431 0.68707538998503404 0.10257400587073884 0.69944874074342389 0.63618712836161495 -0.53205202292263643 0.44835775861977195 0.33340951230639276
1403715384.8121431  0.69630137480132015 0.099306582477729027  0.70040024167475179 0.63050659428309452 -0.54010547390781849 0.44310372134363091 0.33824045256558249
1403715384.862143  0.70566203026562835 0.094717121858419559  0.70205301727568126 0.62456197908014588 -0.5479803091070431 0.4383307166058682 0.34279162474924474
1403715384.9121432  0.71431641570568505 0.088290430136348269  0.70350719536833106 0.6182758126144049 -0.55488930827805472 0.43500120025305983 0.34728494190375803
1403715384.9621429  0.72250953109165328 0.080795693777493613  0.70512265006769148 0.61246346522616835 -0.5598392398845804 0.43328627312472706 0.35175493567296801
1403715385.0121431 0.73016748177014612  0.0731435016792433 0.70734478669405165 0.60829338467197902 -0.56289351036310342 0.4310931679032069 0.35677546824661011
1403715385.0621431  0.73638294145060257 0.063834554045816949  0.70978846734169343 0.60537196692544293 -0.56512220538135349 0.42817670615389281 0.3616992990772015
1403715385.1121433  0.74195095730085092 0.053899232606269006  0.71178337067139086 0.60280876728598476 -0.5669090557559493 0.42465868930461764 0.36728832023783936
1403715385.162143  0.74686384087413271 0.042975059909206983  0.71520286751560203 0.60004688424628461 -0.56903189094293605 0.42091469916365615 0.37279653944772784
1403715385.2121432  0.75260460015328445 0.033078189147516125  0.71624316028800472 0.59704839079485206 -0.57138479143203202 0.41694079506275245 0.37843495158599011
1403715385.2621431  0.75475883060548421 0.022283834815700419  0.71735528314872443 0.59476179206373658 -0.57328362504170749 0.41358851988564183 0.38281696955461053
1403715385.3121431   0.75934301382099967 0.0097478277853803603   0.72089702473465234 0.59283652722560165 -0.57560993527550286 0.41049165457417103 0.38563539246829953
1403715385.362143    0.76006515069334013 -0.0035342809478573177    0.71753173440620199 0.59049694521828555 -0.57737245676187288 0.40951607761170672 0.3876222207744997
1403715385.4121432   0.76348351913073875 -0.014712868150843141   0.71976591956780911 0.58933735395603093 -0.57912499393692962 0.40746999080644636 0.38892663989735882
1403715385.4621429   0.76631049757935366 -0.029163610601821183   0.72180516255853799 0.58717983287893771 -0.58071458639977569 0.40817109336657076 0.38908453007378535
1403715385.5121431   0.77028263114478257 -0.043278764422775069    0.7253230732417808 0.5845470338990979 -0.58180983691194132 0.41047722961090805 0.3889865329329808
1403715385.5621431   0.77499386862855257 -0.058685737693189452   0.72917771531927977 -0.58118490622886598 0.58383007368374595 -0.41384548637091367 -0.38742542926942453
1403715385.6121433   0.77845752095240373 -0.074262337278483359   0.73294006363582764 -0.57783496010065116 0.58581078017826804 -0.41835095110162673 -0.38459715342780715
1403715385.662143   0.78128373064398338 -0.089299276581686335    0.7364486908052712 -0.575854747720011 0.5883045263891673 -0.42115602915156242 -0.38067925195317454
1403715385.7121432  0.78301188029548019 -0.10492049727679445  0.74045438355887705 -0.57420393954022853 0.58951068030046494 -0.4241431877648259 -0.37798088562896426
1403715385.7621431  0.78346765314021816 -0.12024748371825479  0.74446536979390043 -0.57322888146336692 0.58945589676508847 -0.42647920697519986 -0.37691627882452505
1403715385.8121431  0.77892641789380201 -0.13584521937554611  0.74952278914464465 -0.57169656382517686 0.58877675494694193 -0.42996170764813718 -0.37634811239188148
1403715385.862143  0.77665101593378572 -0.15385609841045417  0.75643823122927145 -0.5707513962868187 0.58760401952594599 -0.43221495647486746 -0.37703393915273309
1403715385.9121432  0.77209347741666767 -0.17031525510276049  0.76296547922718116 -0.57005456141559863 0.58518475390460389 -0.43414371716115602 -0.37962591278306068
1403715385.9621429   0.7649755097420613 -0.19181825921461923   0.7723873146818474 -0.57020986990221734 0.58124583831359744 -0.43464269778931008 -0.38483724477712661
1403715386.0121431 0.75663689663729028 -0.2095030925794579 0.77835966152799729 -0.57138468286437483 0.57698297102723295 -0.43369559700142929 -0.39053594517552292
1403715386.0621431 0.74749554342553026 -0.2241983904536072 0.78466775099780361 -0.57292703327446082 0.57368076049951666 -0.43209316440205586 -0.39489301950406641
1403715386.1121433  0.73736172532950872 -0.23845063783327369  0.79073547153868617 0.57424955777627873 -0.57126266031292983 0.43056049660999973 0.39813826377891992
1403715386.162143  0.72701128407049653 -0.25202266952743918  0.79686446620385154 0.57559979402079031 -0.57008640209518846 0.4285043576031673 0.4000879738063664
1403715386.2121432  0.71635091160497522 -0.26502792930842844  0.80217634766618495 0.57708163685899294 -0.5696596579349964 0.42606297461149517 0.40116704773290229
1403715386.2621431   0.7051929519557838 -0.27722669153651203  0.80604753561102593 0.57797612463498271 -0.57022591869060746 0.42426718592558849 0.40097799933682382
1403715386.3121431 0.69423505495592464 -0.2885182183426131 0.80950586123911161 0.5777714981813511 -0.57137191693704759 0.42374895829354808 0.40018876642166473
1403715386.362143  0.68308024389260102 -0.29962147706531378  0.81354985974605898 0.57701882771964441 -0.57159161229767352 0.42417893149366803 0.40050534988297409
1403715386.4121432  0.67287686205911634 -0.31224072310867484  0.81811276344197759 0.57570513689769387 -0.57136989579273945 0.42538312303834169 0.40143397485209065
1403715386.4621429  0.66188070825760859 -0.32136055230305782  0.82058306890974608 0.57430662088855478 -0.57102913739206684 0.42678427838621674 0.4024336084066516
1403715386.5121431  0.65004659597506909 -0.33003596597049711  0.82314319733873287 0.5725040287919072 -0.5707732721639609 0.42875028295310219 0.4032743528516472
1403715386.5621431  0.64002997673563133 -0.33489722852374082  0.82275397175194309 -0.57042607094655395 0.57143012721408704 -0.43141602715337263 -0.40244492643313312
1403715386.6121433  0.62928540110776054 -0.34018469395248702  0.82196086449557038 -0.56896992943504021 0.57227269603044018 -0.43290040382705769 -0.40171435267252692
1403715386.662143  0.61820660811101646 -0.34315200862387318  0.82102133921050124 -0.56624553335959504 0.57351804716672927 -0.43649923776815575 -0.39988931087513213
1403715386.7121432   0.6052487654369012 -0.34662968239914227  0.82031174544397056 -0.56463907744472175 0.57484010995266488 -0.43886775013189366 -0.39766400152157527
1403715386.7621431  0.59095141771611126 -0.34855669898102526  0.81901409124899194 -0.5637792397063166 0.57679727463703012 -0.44023193429555063 -0.39452974143131481
1403715386.8121431 0.57430596521093968 -0.3493078254083905  0.8156423162806048 -0.56395173085022698 0.58081685076088874 -0.44046551698945868 -0.38807262140795962
1403715386.862143  0.55798746937749466 -0.34914419874811403  0.81267332507477441 -0.56382723304063487 0.58465439875714464 -0.4411600554573552 -0.3816489103410709
1403715386.9121432   0.5383726399633133 -0.34816835894290665  0.80942235494270642 -0.5637129156204207 0.58827497262898654 -0.44149131336130387 -0.37582672279602541
1403715386.9621429  0.51812814114913563 -0.34671891740811767  0.80596535579253703 -0.56392729898095773 0.59092368323425215 -0.44144154015970388 -0.37138197139647944
1403715387.0121431  0.49465671290258223 -0.34620107536130856  0.80259915258859427 -0.56437574224333453 0.5928415512224986 -0.44091894489865502 -0.36825181702313958
1403715387.0621431  0.46873801973870488 -0.34611512875272216   0.7994024967412261 -0.56550613822955442 0.59335788973394765 -0.43939648957879496 -0.36750503025265435
1403715387.1121433  0.44163220681768495 -0.34476689223608364  0.79512517330010424 -0.56765547803102467 0.59187795734843329 -0.43713487600639972 -0.36927068939368135
1403715387.162143  0.41454123447386065 -0.34443274055346018  0.79187232905255833 -0.570231383076369 0.59004649200075909 -0.43373453483581703 -0.37223065473328104
1403715387.2121432  0.38253214540850722 -0.34382746084752769  0.78820198017481535 -0.57352680326895145 0.58674157287420869 -0.43061803249793074 -0.37599128005953597
1403715387.2621431  0.35216472854345005 -0.34167593856388712  0.78413524996541573 -0.57594014989626696 0.58446035836810495 -0.42826849107738196 -0.37853022704137423
1403715387.3121431  0.31928277022763635 -0.34085645938314779  0.77953845111678322 -0.57782139115072206 0.58194201297820614 -0.42668568162792825 -0.38132041979577724
1403715387.362143  0.28529546778688364 -0.34032704185698853  0.77464084790838128 -0.57936680539567453 0.57984826244848919 -0.42576829067639682 -0.38318593397406708
1403715387.4121432  0.24945212699710384 -0.33950549159502619  0.76904789156040865 0.58115717202089068 -0.57784896416127374 0.42467171974824053 0.38470878138209419
1403715387.4621429  0.21477129827513147 -0.33934645453664697  0.76378325095491351 0.58269744062827411 -0.57667192828025204 0.42370824976579802 0.38520708573337414
1403715387.5121431  0.17859982558267187 -0.33887182213074918  0.75915771180353597 0.58525665818269157 -0.5762962316440029 0.42154693004186344 0.384259655985416
1403715387.5621431   0.1430812726575621 -0.34066289257758786  0.75308486378148476 0.58736102646777799 -0.57645132577214653 0.41987800926837265 0.38263997561033958
1403715387.6121433  0.10701870725141065 -0.34053190416595541   0.7505375489869367 0.58907872463154198 -0.57777868674304977 0.41865975081496487 0.37931788565727353
1403715387.662143 0.071516956913416377  -0.3405798024186602  0.75105586389268197 0.59094545501022921 -0.57879383695096476 0.41710823038677264 0.37656591408935092
1403715387.7121432 0.035008361088583892  -0.3424134044195708  0.75498122044096017 0.59322423529751755 -0.57875226003981883 0.41568025791359559 0.37462081006714559
1403715387.7621431 0.0017290983929027918  -0.34461565216086654   0.76185173064664435 0.59516066340766915 -0.57875270425062508 0.41488330591421763 0.37242574364351011
1403715387.8121431 -0.037223652397334335  -0.34704855945499324   0.77151833524235447 0.59674814260348452 -0.57827046190818621 0.4147662661706874 0.37076120567099607
1403715387.862143 -0.072272648420047048  -0.34987605935434363   0.78362882942890721 0.5982319648122767 -0.57805031880269786 0.41473323415108104 0.36874474870773039
1403715387.9121432  -0.1091447151440337 -0.35591464119602861   0.7943887169811632 0.59928084705270046 -0.57767708557079422 0.41513511897156169 0.36717091954388009
1403715387.9621429 -0.14656546178317256 -0.36247215265542099  0.80258991556618531 0.60026150709819692 -0.57700973784218357 0.41547086021037577 0.36623742278410931
1403715388.0121431 -0.18480301412602851 -0.37021307078581117  0.80696763302195296 0.60062896109384278 -0.57635598569695523 0.41650401453944752 0.36549012944147474
1403715388.0621431  -0.2226927797763445 -0.37903593086520071  0.80841189229299493 0.60154792323995721 -0.57498404052898688 0.41681525899784155 0.36578475781423342
1403715388.1121433 -0.26238934222480276 -0.38807880810999851  0.80715957312572528 0.60166833711453827 -0.57369941907717326 0.41792147786053646 0.36634113474629854
1403715388.162143 -0.30169932470470301 -0.39801236208921442  0.80207665088274105 0.60173571866357167 -0.57224255553567849 0.41920335998902708 0.36704376509122327
1403715388.2121432 -0.34046805738577346  -0.4089761263760775  0.79409372662419797 0.60146834530028026 -0.57012932391955018 0.42075262496445937 0.36899269937804541
1403715388.2621431 -0.38069500277716162 -0.41994869679969749  0.78473187322221094 0.60104612950793934 -0.5676331462921087 0.42279178271210155 0.37119168889560294
1403715388.3121431 -0.42035943355332783 -0.43296889555823814  0.77323387454751802 0.60092624284214147 -0.56536172273356589 0.42418607594298813 0.37325587216740747
1403715388.362143 -0.45700895668669961 -0.44551545479215932  0.76098170411043276 0.60072221371637868 -0.56337400329725396 0.4249416374136688 0.37572218346633357
1403715388.4121432 -0.49929460145968074 -0.45932191081401302   0.7480324211661542 0.60072844168348827 -0.56213330137147077 0.42587722298233477 0.37651040063535296
1403715388.4621429 -0.53763798346134972 -0.47261009591546765   0.7363513513753106 0.60092331174076508 -0.56064503201453042 0.42582519966428645 0.37847221934351838
1403715388.5121431 -0.57683800944648145 -0.48669406515635855  0.72330811600144751 0.60110086744817082 -0.56035636762214491 0.42567315658568911 0.37878866427171209
1403715388.5621431 -0.61603979592873681 -0.50094731347804999  0.71104133883442466 0.60060162977573273 -0.56019154457795028 0.4267623963341583 0.37859869620645958
1403715388.6121433 -0.65509713219827748 -0.51519416812556429  0.69882987880093572 0.60021367353203436 -0.56011199477389284 0.42731702766708884 0.37870603016238824
1403715388.662143 -0.69396743810088257 -0.52938049328604275  0.68692879769458037 0.60002184301184991 -0.55958552619851221 0.42788830573695841 0.37914301337536532
1403715388.7121432 -0.73117508263487296  -0.5442478681050652  0.67353956933725745 0.59967321882281299 -0.55899344488923619 0.42874845385914651 0.3795959990713052
1403715388.7621431 -0.76896021047588436 -0.55730079801946975  0.66101621276471612 0.59995077401597818 -0.55829511624501371 0.42877681136363127 0.38015270349088981
1403715388.8121431 -0.80683847095691763 -0.57104652263613742  0.64966417400424326 0.59995000628273498 -0.5580160203947796 0.42912065769775531 0.38017571211370849
1403715388.862143 -0.84032226412944155  -0.5850588189967697  0.64065323107717409 0.6001971037430458 -0.55760397713949172 0.42898835228659815 0.38053939998259123
1403715388.9121432 -0.87807602274149932 -0.59948961569708892  0.63240392549130708 0.6009354714210825 -0.55604305256507536 0.42857535456666901 0.38212020142893299
1403715388.9621429 -0.91663062862884415 -0.61461517329582016   0.6269196998453086 0.60130791654751514 -0.55495693327333939 0.42918163402622617 0.38243263030724167
1403715389.0121431 -0.95395640546068627 -0.62991694994500769  0.62267208409888553 0.60188295745096021 -0.55395520759661088 0.42917546236223014 0.38298688752077048
1403715389.0621431 -0.99102436905374081 -0.64507869644747939  0.62238973992437707 0.60218413893455736 -0.55275453954406373 0.42984436777424373 0.38349772009991995
1403715389.1121433  -1.0277655043971283 -0.66016737880377541  0.62570130583066541 0.60305781060001606 -0.55167388431968112 0.42959998698071133 0.38395449420487715
1403715389.162143 -1.0639234334763839 -0.6754352305892346 0.63153071314503118 0.60412823476825306 -0.55043245542361696 0.42914001835949095 0.38456733170478535
1403715389.2121432   -1.099763548316087 -0.69073875335144752  0.63789952977830355 0.60496795151839189 -0.54909112810324501 0.4289687982305741 0.38535500621967195
1403715389.2621431  -1.1350133077222637 -0.70602179244678531  0.64429035747199326 0.60643276586249861 -0.54735028132593244 0.42786698285046809 0.38675161926903384
1403715389.3121431 -1.1695885572479663 -0.7190694361607467 0.65160432045783301 0.60759374090942242 -0.54600478707055466 0.42726607036028086 0.38749493367348131
1403715389.362143 -1.2052057411349237 -0.7318680922982298 0.65781287184003967 0.60896135095422366 -0.54448436218142771 0.426863250277286 0.38793120259474118
1403715389.4121432   -1.239803699887049 -0.74483932882231929   0.6618110845987939 0.60995319241680312 -0.54328564351138797 0.42627286605163173 0.38870201476593225
1403715389.4621429  -1.2716284117042662 -0.75739352558230522  0.66661053208843835 0.61070647976607439 -0.54273919101833734 0.42609046010094054 0.38848254261351156
1403715389.5121431  -1.3039130640450625 -0.77122039874782322  0.67039307094324807 0.61102439065147462 -0.54259556119788743 0.42648074098514083 0.38775434048648516
1403715389.5621431  -1.3351644800572966 -0.78341293461124784  0.67479219281739355 0.61055093336223398 -0.54303269086896511 0.42773723307615769 0.38650215246291797
1403715389.6121433 -1.3655817001178183 -0.7967538714485638 0.67799405274148661 0.60978995744967834 -0.54342957803215231 0.43026752375766597 0.38433105457764272
1403715389.662143  -1.3950286872529478 -0.81009769335085968  0.68060117852603497 0.610155721172428 -0.54295121193880491 0.43281463754661703 0.38155663655626282
1403715389.7121432  -1.4245111449928396 -0.82670468990422075  0.68361904261708917 0.61155042366496004 -0.54144220634567941 0.43558746394103476 0.37829879428852042
1403715389.7621431  -1.4527354601518656 -0.84033165507999708  0.68538768941793771 0.61369427320950398 -0.53923647342933612 0.43845081958526222 0.37465216342410662
1403715389.8121431  -1.4806311558053269 -0.85384274867716092  0.68682371125094366 0.61671504625634643 -0.53569227205004144 0.44175668785895289 0.37087379270957455
1403715389.862143  -1.5082796018128639 -0.86720055384849348  0.68738417480367819 0.62109136292741107 -0.53206851035357328 0.4440651308292814 0.36599833164739093
1403715389.9121432  -1.5370122402370807 -0.88182977498868265  0.68752848464926142 0.62675081468252902 -0.52786865445085429 0.44545469976120639 0.36070515716258372
1403715389.9621429  -1.5667111699539527 -0.89550047268539179  0.68799394179478668 0.63283227612543902 -0.52354968910393807 0.4464014087306315 0.35516871429839336
1403715390.0121431  -1.5923497064360346 -0.90927782712064786  0.68736985785187132 0.63995105446509259 -0.51885257064072621 0.44618112656231262 0.34953835287148682
1403715390.0621431  -1.6173587426385327 -0.92254152531439837   0.6853903538320707 0.64714331131816627 -0.51367255433114045 0.44618149754635444 0.34390131257436801
1403715390.1121433  -1.6428003025537978 -0.93750737929034644  0.68343342681250063 0.65426614468463484 -0.50779899195221556 0.44660641972227094 0.33855383848757786
1403715390.162143  -1.6689730115593682 -0.95396843202145498   0.6809790626379344 0.66164484020362446 -0.50098762879336678 0.44688665867275762 0.33396079938851869
1403715390.2121432   -1.696850404692644 -0.97527243918352879  0.67655397619692215 0.66884677991717778 -0.49359652990092373 0.4477863776146177 0.32938398668873964
1403715390.2621431  -1.7215024414492044 -0.99403753144728479  0.67310250787043657 0.67624027405463538 -0.4862219012991692 0.4482356292088901 0.32461080566001327
1403715390.3121431 -1.7444379281120408 -1.0155003699091498 0.67017541729377417 0.68224657032259017 -0.47757247822041338 0.4509182728102058 0.32114927459880199
1403715390.362143 -1.7662110706616909 -1.0365027773487054 0.66666893811963235 0.68796815109557508 -0.46918111323406436 0.45381457250577789 0.31720851161968883
1403715390.4121432 -1.7860174925395662 -1.0584627935896305 0.66427314395999437 0.69374778766699252 -0.46005332405311194 0.4562121363115641 0.31454003372682915
1403715390.4621429 -1.8056940428566639  -1.080460369468613 0.66078786723165861 0.69977616753178007 -0.44988181324978982 0.45847605268025465 0.31260098941037878
1403715390.5121431 -1.8235144251790654 -1.1039207682905572 0.65758638419985971 0.70548742455360847 -0.44008779382869928 0.46099638300228396 0.30998800360419815
1403715390.5621431 -1.8386397701329791 -1.1236267478095772 0.65051347102146506 0.71057040421738871 -0.43006116040937276 0.46388251843007111 0.308139754093261
1403715390.6121433 -1.8520172460680726 -1.1470017763098888 0.64721684648078692 0.71524623944531951 -0.41978941598617786 0.46730371513519348 0.30631177092328421
1403715390.662143 -1.8654977604961902  -1.171777971847094 0.64380155554029972 0.71959043620276042 -0.41086679704665485 0.47106786927514699 0.30244527066349863
1403715390.7121432 -1.8767898310893769 -1.1945434577954885 0.64049884699973159 0.72305865511935019 -0.40400023440093374 0.47564371288994695 0.29619765402388498
1403715390.7621431 -1.8860381820790639 -1.2187953988854723 0.63650176626881783 0.72564370785894494 -0.39966072097957461 0.48108010373352023 0.28683523343995654
1403715390.8121431 -1.8948424259128707 -1.2442363057901087 0.63203698056978841 0.72887276532134138 -0.39504155922676448 0.48476527868820551 0.27872797318327075
1403715390.862143 -1.9009860162647787 -1.2708924294652346 0.62632178135497885 0.73126072848286161 -0.39198684810272333 0.48769896495977605 0.27157646707763616
1403715390.9121432 -1.9073731800840008 -1.2980234074469787 0.62265089126834816 0.73384642963705116 -0.38874436283712482 0.48917632244088216 0.26655911846066066
1403715390.9621429 -1.9120737068511058  -1.324072856238115  0.6187476692571412 0.73571762357821302 -0.38692588411459222 0.49046964908528456 0.26162465840345794
1403715391.0121431 -1.9153102448198474 -1.3502504711316152  0.6145562130778528 0.73753465864763212 -0.38543164104583161 0.49133634865518117 0.25704799136432127
1403715391.0621431 -1.9181381517545175 -1.3775572992653395 0.61031182471937906 0.73925627716502462 -0.38352889537266777 0.49287806119583438 0.2519463432522191
1403715391.1121433 -1.9200533703763856 -1.4055589720953965 0.60594578335730942 0.74110189859405595 -0.38131903616196489 0.49463500989987769 0.24637365025940522
1403715391.162143 -1.9210083242856326 -1.4334324590063241 0.60207211196609023 0.74208593632248132 -0.37882922952047271 0.49814884988055824 0.24009290146938622
1403715391.2121432 -1.9204678518904694 -1.4626370655020076 0.59933085256694552 0.74330718660432538 -0.37564499441670574 0.50130102599965354 0.23469671033853601
1403715391.2621431 -1.9201898257100161 -1.4979163401337487 0.59811807538178785 0.74339652364170028 -0.37268041733729224 0.50548790399981425 0.23011495840255833
1403715391.3121431 -1.9212557814063767 -1.5294262504827405 0.59775017517671869 0.7431923323360764 -0.37027170767209849 0.50903803352195143 0.22681335957689006
1403715391.362143 -1.9198730273423961 -1.5651401812098549 0.59626599557495086 0.74343690495540959 -0.36764364466397298 0.511282867514538 0.22523220967397858
1403715391.4121432 -1.9189501041323254 -1.6011085756767922 0.59386524231185134 0.74393963694999721 -0.36524132866882064 0.51263471234735092 0.22440641725113336
1403715391.4621429 -1.9181743305283803 -1.6384250226421753 0.59141222141071048 0.74458808767513041 -0.36419355719667756 0.51300041268152241 0.22311927119213701
1403715391.5121431 -1.9169901067775794 -1.6761452920943991 0.58878860929372456 0.74518563494934542 -0.36326091698776941 0.51296434721865536 0.22272730891582379
1403715391.5621431 -1.9155041538595965  -1.714745546545859 0.58633072848492784 0.74511555408762553 -0.36277734709684678 0.51394611168565174 0.22148318620894095
1403715391.6121433 -1.9130792693904917 -1.7543775807907867 0.58272546463791575 0.74505553848194228 -0.36286656140362289 0.51554155251997202 0.21780039214333552
1403715391.662143 -1.9112295233256251 -1.7952555582064313 0.58128516403928077 0.74503140165752813 -0.36179453123577104 0.51763634385632196 0.21467543695347938
1403715391.7121432 -1.9094283381695267 -1.8373559459454822 0.58226323018252635 0.74559465393896018 -0.35882191428465215 0.51969254716927615 0.21273246640663462
1403715391.7621431 -1.9091302444569913 -1.8789886407906762 0.58535568787601122 0.74652251875397191 -0.35458146170656918 0.52212967077384398 0.21061035801891592
1403715391.8121431 -1.9080999571441224 -1.9230538001457731 0.59103211960833035 0.74855321162910815 -0.34821005620923579 0.523645568623885 0.21026926683440159
1403715391.862143 -1.9105008357593094 -1.9697279682755158 0.60174592495928803 0.75188273494354196 -0.34026643036381965 0.52406696534116926 0.21034477673424901
1403715391.9121432  -1.909000341391714 -2.0155806703275316 0.61388389491596296 0.75498603014583232 -0.33322451457216012 0.52422963676792067 0.21009713255291845
1403715391.9621429  -1.907992473958452 -2.0620004594966157   0.627125400432752 0.75841874246437524 -0.32721504474507024 0.52332125084758896 0.20944257920144191
1403715392.0121431 -1.9100190587844996  -2.105302735240528 0.64099009029798526 0.76242714950788115 -0.32359373869708086 0.52053627049246987 0.20744619801558878
1403715392.0621431 -1.9089495293827188 -2.1520559811316193 0.65402300222981169 0.76539805115661341 -0.32005528333617489 0.51904607413805037 0.20572217142577642
1403715392.1121433 -1.9063376440007189 -2.1996318814490783 0.66609288611111606 0.76761660819212429 -0.31814505644220598 0.51773603764878651 0.20371023835030652
1403715392.162143 -1.9025351463401037 -2.2482765651316585 0.67793072247216035 0.76932528517901466 -0.31607572827218838 0.51705443606818091 0.20221139859970563
1403715392.2121432 -1.9014939797640502 -2.2961029435836808 0.69197138722616158 0.77025097739879056 -0.31321701323042506 0.51829661579371833 0.19994287308128392
1403715392.2621431 -1.8955168618865073 -2.3454654196547549 0.70435000614415155 0.77085518985729717 -0.30889200653790888 0.52062549365055377 0.198285400189152
1403715392.3121431 -1.8887994945938344 -2.3938602893795227 0.71661670532697397 0.77128944346748407 -0.30386442272266861 0.52395488442963289 0.19557680353602322
1403715392.362143 -1.8818036506499516 -2.4412416651984166 0.72912089042622552 0.77098255356459855 -0.29614431473994612 0.52946607797920764 0.19377853135869924
1403715392.4121432 -1.8736646519718931 -2.4895958575172767 0.74166712802451762 0.76863883249536835 -0.28760434160220966 0.53837083369235461 0.19140254256700895
1403715392.4621429 -1.8656147663206124  -2.538407931368817 0.75476144965025938 0.76541436003118879 -0.27793947448882911 0.54859625136651957 0.18955911733684014
1403715392.5121431 -1.8593114329264846 -2.5870671801468901 0.76783959050081141 0.7639775843952672 -0.2673900988920207 0.55646891426240275 0.18757167434266384
1403715392.5621431  -1.849662534958094 -2.6373148958133119 0.77779622695406259 0.76489284510193556 -0.2578520218965159 0.56082674653498332 0.18418640201364142
1403715392.6121433 -1.8423103240448695 -2.6856596919015856 0.78727221034601214 0.76798681237913047 -0.24843228269789852 0.56233456237950952 0.17960372178409734
1403715392.662143 -1.8355763446494573 -2.7337015227395023 0.79525034099958802 0.77041973739552694 -0.23876479351761942 0.56488713917019728 0.17420482659216482
1403715392.7121432 -1.8297343168750633 -2.7786592125173621 0.80306018341197427 0.77231263032559527 -0.22919345939952668 0.56794785064234032 0.16863806853372101
1403715392.7621431 -1.8250145344403448 -2.8226318470567233 0.81000739274254463 0.77509100313043966 -0.21974399299214903 0.5696309451418996 0.16268712532607302
1403715392.8121431 -1.8213059138729681 -2.8657407213489821 0.81650949545918783 0.78010056970028507 -0.21021169311228263 0.5682296109272954 0.15610654854160486
1403715392.862143 -1.8172225725716264 -2.9073275362588582  0.8218476896600283 0.78615150048021853 -0.20127037100043635 0.56513688215783275 0.14858115787330387
1403715392.9121432 -1.8137342152271065 -2.9483407751106001 0.82742179468807153 0.79159515081914311 -0.19162478695056301 0.56275134637588731 0.14130810443104661
1403715392.9621429 -1.8103251302894363 -2.9848132329394259 0.83160896793101857 0.79703360771459908 -0.18104530348894934 0.5602140814402391 0.13461132647037588
1403715393.0121431 -1.8073063784877199 -3.0163251348850526  0.8346297261368355 0.80126788722067066 -0.1701985001970113 0.55916105029742724 0.12783255950613159
1403715393.0621431 -1.8010820822624098 -3.0533087349945647 0.83819315704454689 0.80477067134818836 -0.16025434072098177 0.5588559350481539 0.11976124865466103
1403715393.1121433 -1.7942152911173095 -3.0884455584991688 0.84235285202706622 0.80778774331389158 -0.14821633866081879 0.55915702535397427 0.11337680407881869
1403715393.162143 -1.7877784583044456 -3.1268423280630508 0.84506264146836119 0.81004867699676752 -0.134687804902591 0.5602969484738819 0.10838664879570885
1403715393.2121432 -1.7810409318859284  -3.161591160426565 0.84782423081458458 0.81178748772606846 -0.12038952980926837 0.56194788847227717 0.10354712224514362
1403715393.2621431 -1.7753626782561598  -3.195336566488272 0.84915979428477806 0.8124322993529316 -0.10619383993169866 0.56501406148986655 0.097137725150400964
1403715393.3121431 -1.7682596791857268 -3.2260205943340474 0.85188082998139525 0.81262288264127358 -0.092054785798363473 0.56827495232169623 0.090738886830169674
1403715393.362143 -1.7614756698156659 -3.2553312652440538 0.85410838471319583 0.8129487363054464 -0.078156908193786651 0.57096583353028119 0.083689107905612126
1403715393.4121432 -1.7549675461871193 -3.2824971280587887 0.85578682387249527 0.81338118878609689 -0.063677224275845545 0.57305534549514392 0.077225797741952484
1403715393.4621429 -1.7448090990385259 -3.3093159417648219 0.85832633998993013 0.81380115241407414 -0.049067616642682242 0.57469059174924819 0.071068819333309705
1403715393.5121431 -1.7364760800330883 -3.3337632100843253 0.85952310316122815 0.81340463459738876 -0.034837116015385146 0.57710410560682257 0.064110272616552916
1403715393.5621431 -1.7301393589195315 -3.3539504271724514 0.86135722569529727 0.81286513213401113 -0.020076192333046902 0.57926440861808803 0.05744535116525791
1403715393.6121433 -1.7270271437812943 -3.3629990401269363 0.86012140216678845 0.81226579137038857 -0.0065036068521247868 0.58117679643685671 0.049147925192647428
1403715393.662143 -1.7205216565574259  -3.379810364954162 0.86016613506992801 0.8121515688103893 0.0050337248775394342 0.58221461539275821 0.037558388087664443
1403715393.7121432 -1.7160805533480534 -3.3950251950591737 0.85992456433200015 0.81306735541052155 0.015618994471045458 0.58145348565373711 0.024276873739703945
1403715393.7621431 -1.7106192383765775 -3.4095816779150709 0.85825577553574861 0.81431550940157416 0.025334012839872414 0.57977478269900651 0.010470925833175564
1403715393.8121431 -1.7068557691346984 -3.4197305572326444 0.85665655616809633 0.81577739553604078 0.035773343213745368 0.57725307896638922 -0.0025281755416453324
1403715393.862143 -1.7021079979636389 -3.4293591804238148 0.85587638205744332 0.81692303458749771 0.045516977951154294 0.5747402088507696 -0.015448385311160164
1403715393.9121432 -1.6983274756830555 -3.4375027420144439 0.85447922810660848 0.81714486355010185 0.057326488672112319 0.573010137411055 -0.025442643226982531
1403715393.9621429 -1.6942392513376694 -3.4449142561927086 0.85326614618803065 0.81736184569014958 0.067922452124069083 0.57092351677583775 -0.036776238249112032
1403715394.0121431 -1.6905010468975243 -3.4515319197377257 0.85172596321762462 0.81651035539844952 0.078721501738388003 0.56993699712721613 -0.047807781759479896
1403715394.0621431 -1.6864496264563236 -3.4561772258592991 0.85098056904639441 0.81526998060482603 0.090453328230207269 0.56901708490721092 -0.058074187212436061
1403715394.1121433 -1.6828597959159115  -3.461107450625553 0.84939430418013728 0.81401733822124356 0.102605600565811 0.56765639505583232 -0.067927026726831374
1403715394.162143 -1.6787577517926791 -3.4650958397417844 0.84792519195188421 0.81189861755844683 0.11608814352932384 0.56704158804224558 -0.076210335054547607
1403715394.2121432 -1.6740125450307222 -3.4642716871538699 0.84559526753449166 0.80988005268677499 0.12947081441039265 0.56576033236061607 -0.085128460594454822
1403715394.2621431 -1.6696827769507723 -3.4693832433387795 0.84500756142125777 0.80764313333761584 0.14316262366130955 0.5641953387940436 -0.094343267073400905
1403715394.3121431 -1.6660447034380117 -3.4703780454613691 0.84321889445600062 0.8044209920415295 0.15616149235215088 0.56360699110988277 -0.10424785581169208
1403715394.362143 -1.6616519740589275 -3.4717204240143023 0.84358305519390864 0.80023340909104079 0.17037898245130992 0.56390416824138767 -0.11229239668551029
1403715394.4121432 -1.6577105785867901 -3.4726570246149482 0.84218475217258293 0.7955815686428116 0.18489785405368261 0.56413349464446783 -0.1208972763233591
1403715394.4621429 -1.6529847788223766 -3.4735876549401894 0.84271734453607139 0.79001466036246837 0.19946015282118157 0.56522258105244461 -0.12890274518929989
1403715394.5121431 -1.6506233882651404  -3.472934947377591 0.84159467532437815 0.7845812466488874 0.2140062627381431 0.56565129215441179 -0.13664626815165876
1403715394.5621431 -1.6497832431973509 -3.4714688957218822 0.84037952329595589 0.77974110318259382 0.22800739580883128 0.56472094771319303 -0.14528141890131585
1403715394.6121433 -1.6500526003773026 -3.4692947541772678 0.83880916040124898 0.77532200600918011 0.24120782113066569 0.56266897026220808 -0.15523596209436852
1403715394.662143 -1.6481720269719748 -3.4660848344347586 0.83781545520892464 0.77158198353716512 0.25386281690922641 0.55913332070495014 -0.16608685242734336
1403715394.7121432 -1.6508557050663639 -3.4630567845931539 0.83542086846589692 0.76806523794441206 0.26694692025580502 0.55462957559927206 -0.17663851759428373
1403715394.7621431 -1.6549868489875497 -3.4591128206359802 0.83256443014668147 0.76512294806403114 0.28036501774852246 0.54867683520376442 -0.18691190887543202
1403715394.8121431 -1.6611878360424974 -3.4563586264072463 0.83199636216970241 0.76193113468988771 0.29409208911813395 0.54236554980718865 -0.19700355197472411
1403715394.862143  -1.669901153554449    -3.4553374469753 0.83497285944998501 0.75806234222077551 0.30810262988108017 0.53608077002237586 -0.20744074522458381
1403715394.9121432 -1.6761682611073117 -3.4516295759169218 0.83349223232882585 0.75353275170866985 0.3231928266735678 0.52963973140043896 -0.21729368101990493
1403715394.9621429 -1.6835515632784639  -3.447680499842539 0.83399077847067227 0.74808187095577594 0.33825141679541304 0.52357166214257089 -0.22766687941917954
1403715395.0121431 -1.6930757958378144 -3.4425496755374674 0.83130351206506037 0.74196105275249158 0.35388009934609027 0.51774315676503346 -0.23707529417506557
1403715395.0621431 -1.6996312800888316  -3.436894280533989  0.8305936243161075 0.73514876367320015 0.36943508861646318 0.5118409496696501 -0.24716968424542285
1403715395.1121433 -1.7074180138860755 -3.4304493293081597 0.82881017895047293 0.72786662497487631 0.38437622337644772 0.50624277455172961 -0.25726124536103118
1403715395.162143 -1.7152982500687408 -3.4233138061520689 0.82701577037860496 0.72068541960007926 0.39883393292138408 0.50059286818557414 -0.26636591420085837
1403715395.2121432 -1.7232971964024706 -3.4155831373650929 0.82508602987964241 0.7144858134688068 0.41170657119238629 0.49374123178632812 -0.27609295105624354
1403715395.2621431 -1.7286082836487326 -3.4077724692323068 0.82398859618370102 0.70765348211573054 0.42425444135230445 0.48821835862686802 -0.28438978979916357
1403715395.3121431  -1.736066145173538 -3.3985945638001906 0.82266183689011962 0.70054276657518966 0.43625850628800639 0.48341388994640333 -0.29194067701747844
1403715395.362143 -1.7414279782680375 -3.3882653366061257 0.81814410123804093 0.69389456069778266 0.44750281082139293 0.47852445844059693 -0.29877402098428407
1403715395.4121432 -1.7495815123983312 -3.3785939162502725 0.81467788449954814 0.68765258358534698 0.45785810259530718 0.47340116153559197 -0.30559977492297807
1403715395.4621429 -1.7581232022626054 -3.3686153662727345 0.81060908291400979 0.68214523657668924 0.46744365795931703 0.46767663991069813 -0.31217441171752813
1403715395.5121431 -1.7664890195002374 -3.3582807713759202 0.80580949877737162 0.67655275485424282 0.47636774487102923 0.46239892007108774 -0.31864930607600084
1403715395.5621431 -1.7745398640635806 -3.3466826770794951 0.80065780777709661 0.67119352805411636 0.48444461744055323 0.4572667527668603 -0.3251457786058361
1403715395.6121433 -1.7869227143176172 -3.3407461145824273 0.79352490537990572 0.66597247426280715 0.4914378490023012 0.4524057864495753 -0.33211219260847313
1403715395.662143 -1.7961035274670278 -3.3303694297842252 0.78715424063742279 0.66042539958084523 0.49863765588553371 0.4484587967535737 -0.33776247176943441
1403715395.7121432 -1.8044000716124811 -3.3180051482572543 0.78002658843285566 0.65515492900714989 0.50659235366082944 0.44448770921704384 -0.34141892531756662
1403715395.7621431 -1.8124494620539084 -3.3047129347744368  0.7726771156688319 0.6492025732561495 0.51371457548773625 0.44161716596244205 -0.34584336416411071
1403715395.8121431 -1.8287994892747199  -3.299203665882315 0.76532463756985947 0.64302597462903932 0.52093374167076922 0.43952061924455188 -0.34923811074988942
1403715395.862143 -1.8373222074700524 -3.2836500616064273  0.7560797163081503 0.63941349665578473 0.52536523248613631 0.43585292045774121 -0.35379935629911607
1403715395.9121432 -1.8460589609822857 -3.2707950713218144 0.74784531486726769 0.63692602633968043 0.52840659977602455 0.43212531720241409 -0.35830072916057293
1403715395.9621429 -1.8558449247326338 -3.2562012132168863 0.73844991607475841 0.63581033500015527 0.52964364974765665 0.42798080821610268 -0.3633940698300725
1403715396.0121431 -1.8642128998472389 -3.2402614995036081 0.73001375210104413 0.63565546563006825 0.52948972512516101 0.42380804371492403 -0.36874042643034383
1403715396.0621431 -1.8719034792326783 -3.2238969583588597 0.72204568563618232 0.63645385046149128 0.52736222502220254 0.41979372896525846 -0.37495173685931449
1403715396.1121433 -1.8789188412538358 -3.2080725415201532 0.71454674519330486 0.63748051395051486 0.52500159292601778 0.41680692422684706 -0.37982089157270826
1403715396.162143 -1.8842236662390339 -3.1919316111602223 0.70751800590975467 0.63796069727628057 0.52246745152158014 0.41552411903831626 -0.38389271590997714
1403715396.2121432 -1.8901771118866348 -3.1800981164060236 0.70171157300088749 0.63781433586818481 0.52098327204512074 0.41562786291755321 -0.38603469115712102
1403715396.2621431 -1.8933799610602691  -3.165603416800419 0.69599324665239692 0.63680571183205981 0.52075430100343167 0.41819660300090244 -0.38523375319797287
1403715396.3121431 -1.9002882541663841 -3.1529484105022023 0.69362639235106671 0.63510657452463248 0.52213843439493368 0.4222858781733364 -0.38168800271762415
1403715396.362143 -1.9007370218841884  -3.137086429988365 0.68829718332002532 0.63252090240158509 0.52410510062985638 0.42751059011102532 -0.37744648211604176
1403715396.4121432 -1.9075291353809973 -3.1160308643473043 0.68096847647656011 0.6310096615968066 0.5249243050441168 0.43172372232129813 -0.37402661473547216
1403715396.4621429 -1.9082222080083124 -3.1007218776051277 0.67600127393554355 0.62955283797390038 0.52688474467328561 0.43506023368283714 -0.3698354811229041
1403715396.5121431 -1.9087514000237102 -3.0862840870790746 0.67157453307598969 0.62697097493099097 0.52936693251946965 0.43763450174089258 -0.3676330918660764
1403715396.5621431 -1.9101833785334146 -3.0706650718852679 0.66653706283236647 0.62433096469185523 0.53143968336879366 0.43903637146270036 -0.36746397646664569
1403715396.6121433 -1.9120613043149595  -3.054903084941186 0.66050421608962717 0.62135011883829738 0.53454866010040603 0.43943077697149369 -0.36753551128390832
1403715396.662143 -1.9147128873532473 -3.0392742042426968 0.65424604527679664 0.61752030713589201 0.53757457649241636 0.43929232280672381 -0.36973571656910026
1403715396.7121432  -1.918024745058859 -3.0241310185715715 0.64714125032280334 0.6142562562023578 0.54057941274121113 0.43793746396437894 -0.37238948413331835
1403715396.7621431 -1.9218924437696152  -3.009514351780509 0.63961915156114646 0.61259214052771416 0.54337299216451729 0.43456708831947605 -0.37500414197630644
1403715396.8121431 -1.9262474774629643 -2.9948569787685613 0.63178569892707781 0.61146404648418162 0.54586894836244571 0.43044098866157132 -0.37796741440356646
1403715396.862143 -1.9311463044490229 -2.9801691950349629 0.62347829129609789 0.61072312057274358 0.54899795183718081 0.42616239625568764 -0.37947876211203319
1403715396.9121432 -1.9385839194622472 -2.9690982902005207 0.61807226249417924 0.61010646469929164 0.55198414682512076 0.42215124428986867 -0.38062045442985731
1403715396.9621429 -1.9442691833423071 -2.9544099445805556 0.60874060790576279 0.61051128127844345 0.55630209688920962 0.4173245460278262 -0.37900418956931159
1403715397.0121431 -1.9459888930238953 -2.9457486791769858 0.60311358601461995 0.61177987781913001 0.55977232872626714 0.41164989974303501 -0.37805380718825116
1403715397.0621431 -1.9509911236654145 -2.9303335520087352 0.59327372747108631 0.61261266126202085 0.56335466749174423 0.40714927666106637 -0.37625352143348922
1403715397.1121433 -1.9552933297488768 -2.9155018691626449 0.58485714638095654 0.61372742605033526 0.56534018325828073 0.40319145190284772 -0.37572034389901937
1403715397.162143  -1.958911288056564  -2.898691191048075 0.57623670145708039 0.61531042576710682 0.56605194854629648 0.39900868824166236 -0.37652402074357844
1403715397.2121432 -1.9632968081656108 -2.8798717457740763 0.56648276715689261 0.61721982082988047 0.56550633468928724 0.39436391017133837 -0.37910339559992201
1403715397.2621431 -1.9673378588618091 -2.8597044476592228 0.55677833262932142 0.61965430451844927 0.56402462092916927 0.38914847630404065 -0.38271168425814667
1403715397.3121431 -1.9705544727229887 -2.8379068431971031   0.547787237652546 0.62157364281412042 0.561444845979299 0.38549578599654311 -0.38706445259281186
1403715397.362143 -1.9724144391486655 -2.8147512803508761 0.53887747037199696 0.62295900112613489 0.55935702994266556 0.38271834219639583 -0.39060013634929891
1403715397.4121432  -1.972691433271897 -2.7901117548695775 0.52776201939119405 0.62406154354368937 0.55770607531193517 0.38091998030143659 -0.39295176807997584
1403715397.4621429 -1.9713602187042918 -2.7643726627107328 0.51917470595122506 0.62484259737698189 0.55703238469632121 0.37899045923395691 -0.3945286842706765
1403715397.5121431 -1.9676935707989995 -2.7415902822444638  0.5109240886588764 0.62493333434628029 0.5569861611450877 0.37803098716268768 -0.39536984794051067
1403715397.5621431 -1.9614594576830284 -2.7154732080859927 0.50332234180583812 0.62462491850232293 0.55626558585429386 0.37789188377620625 -0.39700130145405826
1403715397.6121433 -1.9531331922005257 -2.6916776541990228 0.49760835095885902 0.62402907109043504 0.55514872213452271 0.37842417392417921 -0.39898967322001966
1403715397.662143 -1.9442209293340535 -2.6617675170505808 0.49232509067347197 0.62223645628220392 0.55418121415786725 0.38100797739435693 -0.40067180523433171
1403715397.7121432 -1.9331342522656469 -2.6304581079148468 0.48835613122016036 0.61956026992816315 0.55251012640956687 0.38531601025783607 -0.40300025357362929
1403715397.7621431 -1.9209876028905712 -2.5998166858299023 0.48596862943768226 0.61693389029250612 0.55177140903339139 0.38962905293908218 -0.40389365962794455
1403715397.8121431 -1.9076825035202474  -2.568678371797311 0.48370398727986202 0.61467730398277698 0.55062048592401502 0.39343605620122679 -0.40521224331218281
1403715397.862143 -1.8929953674650273 -2.5372143486932641 0.48213014839182489 0.61277201174981633 0.5500844111134815 0.39680588643024628 -0.40553999896474313
1403715397.9121432 -1.8772218902292801 -2.5056452912545755 0.48103263580658856 0.61036360470271889 0.55020418856242193 0.40115866611158701 -0.40472626001563361
1403715397.9621429 -1.8609051177544746 -2.4742745275746425 0.48099975597134964 0.6068657373136771 0.54910549926206276 0.40722240111028957 -0.40542205612035742
1403715398.0121431  -1.845600382585818 -2.4405996533130385 0.48073997261770796 0.60308443990975802 0.5478143652280687 0.41391443334459205 -0.4060337688635352
1403715398.0621431 -1.8286507724861158 -2.4100691364703377 0.47887753197355376 0.59937593168258374 0.54659089646021009 0.4197339306950732 -0.4071981235832528
1403715398.1121433 -1.8140305047347289 -2.3854309232924988 0.47698374743398836 0.59635544285884656 0.54538783283156034 0.42461186902855153 -0.408187528290617
1403715398.162143 -1.7972235206366283 -2.3586459839184379 0.47560460415686462 0.59400878249841316 0.54412826118515534 0.42899877363077926 -0.40870289198592658
1403715398.2121432 -1.7827305500456687 -2.3352583468644168  0.4712949603471448 0.5930844756571173 0.54353497342786961 0.43164946710359731 -0.40804322680871413
1403715398.2621431 -1.7667307362628111 -2.3102195472303504 0.46704160760352453 0.5937253561410899 0.54343595712592341 0.43231747315589009 -0.40653310367284207
1403715398.3121431 -1.7505064074513579 -2.2888859607671117  0.4622859160627899 0.59515642665475055 0.54382122851269599 0.43259295002059123 -0.40362190082176275
1403715398.362143 -1.7358074912382984 -2.2690670957623178 0.45609311807300262 0.59606144305615771 0.5444302084999636 0.43282527658982334 -0.40120915258682716
1403715398.4121432 -1.7208883748444095 -2.2495757691958276 0.45067816210638506 0.59802500790164115 0.54360911314361249 0.43172845203407134 -0.40058178407875955
1403715398.4621429 -1.7061608372093853 -2.2305763614535747 0.44517738161741088 0.59913431052064248 0.54420605426366575 0.43212784071603366 -0.39767245031284804
1403715398.5121431 -1.6918515963803022 -2.2126437864974977 0.43982388033847136 0.60009938973223853 0.54436275320460203 0.43293290034003817 -0.39511899368375492
1403715398.5621431 -1.6782243755426862 -2.1971841862956736 0.43442415672479862 0.60032955414896816 0.5444826315138811 0.43447109266917833 -0.3929096079632956
1403715398.6121433 -1.6648519932954131 -2.1836627422526487  0.4291070331500193 0.59967487724888535 0.54299603316265521 0.43718555255749308 -0.39295564915287146
1403715398.662143 -1.6525843741562012 -2.1692001166694119 0.42556937694583086 0.59774350217731487 0.54228041165052465 0.44174297001734081 -0.39178796457420012
1403715398.7121432  -1.641501302072206 -2.1568812614593802 0.42056369671808402 0.59445846715743822 0.542140808455843 0.44767802123472245 -0.39023949561139665
1403715398.7621431 -1.6309849645217762 -2.1449060370049984 0.41754729947589436 0.59131529372840219 0.54209040507197004 0.45387702866860258 -0.38791733523878674
1403715398.8121431 -1.6218248156196926 -2.1357077070930983 0.41300170030169564 0.58880181126394904 0.54251493695060327 0.4582912954000678 -0.38595214573610509
1403715398.862143 -1.6147449805863148 -2.1270961225784379 0.40991191743988942 0.58704055482266593 0.54307859670019298 0.46160595534525722 -0.38388665878021616
1403715398.9121432 -1.6096826082829259 -2.1204933701405562 0.40712643156998962 0.58584917498921696 0.54337581135203694 0.46381909312108921 -0.38261641451759454
1403715398.9621429 -1.6072995174776132 -2.1147094788744276 0.40429969350178491 0.58529322636821357 0.54360215566571035 0.46435557661638127 -0.38249501171694766
1403715399.0121431  -1.606515795156122  -2.110492431192585 0.40198590928312183 0.58450273503666561 0.54368471777623728 0.46521099700941321 -0.38254700188700796
1403715399.0621431 -1.6078173172431474 -2.1080509347555156 0.39983657250388815 0.58492323447134986 0.54371048342202755 0.46404062238534172 -0.38328843025688136
1403715399.1121433 -1.6112355208985321 -2.1072236062885619  0.3973380911431707 0.5863365026770585 0.54411148145446575 0.46106643509274681 -0.3841483356839232
1403715399.162143 -1.6155314148951458 -2.1059886719705507 0.39493783654692244 0.58797640423738184 0.54342316019977188 0.45778491638038177 -0.38653329397760655
1403715399.2121432 -1.6225670851473433  -2.108006850138775 0.39300521629473972 0.58865218272689324 0.54348473780784667 0.45543516403891798 -0.38819036425141229
1403715399.2621431 -1.6283354518097277 -2.1150806445758445 0.39463578388935272 0.58854586631979633 0.5433544451540907 0.45353485504146579 -0.39075036203654029
1403715399.3121431  -1.636100057337273 -2.1169772135954794  0.3929560152116745 0.58908195392384155 0.54456119634576383 0.45207935037085883 -0.38994847860198345
1403715399.362143 -1.6460053028054376  -2.123389107263308 0.39167243352396597 0.58999627360128082 0.54639996151396975 0.45008587567283354 -0.38829651519676783
1403715399.4121432 -1.6560494261439833 -2.1313683110560091 0.39065927435341169 0.59106206321751453 0.5493141150194093 0.44754978425384467 -0.38548518918349506
1403715399.4621429 -1.6684876204498209 -2.1403265763174604 0.38970897716513997 0.59170023498319524 0.55146881215877164 0.44606088281526268 -0.38314836546577319
1403715399.5121431 -1.6820863761909137 -2.1496281738195258 0.38894929435500336 0.59137514904587185 0.55345012240044322 0.44650888253258691 -0.38026071704214709
1403715399.5621431 -1.6966341656443547  -2.160486593414737 0.38745166846158063 0.59394712174750341 0.55613662988847778 0.44328009994338174 -0.37608724846547026
1403715399.6121433  -1.712893000810962 -2.1718788791824135 0.38532346647720311 0.59958206977921158 0.55743411143750043 0.43598570096557759 -0.37374459401938515
1403715399.662143 -1.7303002932644909 -2.1835393515652468 0.38353886322966052 0.60494165696093638 0.55846284486514142 0.42919685001053492 -0.37142281367671004
1403715399.7121432 -1.7487033470753524 -2.1947923195848293 0.38210668808563258 0.60990189691334795 0.55906141665732245 0.42315797311149977 -0.36933364095188337
1403715399.7621431 -1.7681767765216281 -2.2055718528700754 0.38250379312762312 0.61352593002578126 0.55949527611974148 0.41914171905804132 -0.36724812937680751
1403715399.8121431 -1.7880157140475195 -2.2142292580181313 0.38406796488525968 0.61626182035925747 0.5594527560755661 0.41651987982558453 -0.36571187046229164
1403715399.862143  -1.809305453116443  -2.221467381113531 0.38529980065987751 0.61797618127404053 0.55977379759002788 0.41480822132324463 -0.36427033152898824
1403715399.9121432 -1.8302630806505984 -2.2288225875293084 0.38760388395040196 0.61938677934143427 0.56007244756741592 0.41384010948683125 -0.36251239266101931
1403715399.9621429 -1.8506931820189889 -2.2348172158332238 0.38995886193226925 0.62101501413833649 0.55965025778651534 0.41410871191178061 -0.36006376642619126
1403715400.0121431 -1.8732463558720254 -2.2389534538350833 0.39396536090311118 0.62248105127345887 0.55818444911159637 0.41645635226242983 -0.35708761982984571
1403715400.0621431 -1.8945109640394098  -2.242036476330544 0.39788410084196052 0.62392684152699074 0.55550155240472088 0.41999958738952309 -0.35458943623679617
1403715400.1121433 -1.9166488088528766 -2.2432547694574754  0.4018115457171092 0.62553123258212917 0.5523207023770752 0.4242880976167554 -0.35161360754488902
1403715400.162143 -1.9402892869841011 -2.2434767836098346 0.40542187132083018 0.62841991108041717 0.54795450873408236 0.42820958544931548 -0.34852664553086427
1403715400.2121432 -1.9633399220741818 -2.2420565392874239 0.40933865734589431 0.63155003449517788 0.54305459829629588 0.43322596701644334 -0.34431311142774662
1403715400.2621431 -1.9873395211536693 -2.2391024130260098 0.41356004290447906 0.63429186110967994 0.53944943570476522 0.4393901793197752 -0.33705253531929547
1403715400.3121431 -2.0124166233168803 -2.2353138893727893 0.41769546008170927 0.63810008262828533 0.53471943655734355 0.44487617356888748 -0.33013421347730326
1403715400.362143  -2.040793231075817 -2.2283107617311071 0.42176120941278472 0.64211282380077861 0.52940464005541676 0.45076643087146601 -0.32284899472940115
1403715400.4121432  -2.068535601098989 -2.2219961765248346 0.42486962551426782 0.64759979164500503 0.52304372990529735 0.45525539479540739 -0.3158833518528289
1403715400.4621429 -2.0976953818015551  -2.215365559265174 0.42786810820793281 0.65406409757413653 0.51457860881209116 0.45872299720602722 -0.31141969021219973
1403715400.5121431 -2.1284102156176283 -2.2064994987983657 0.43089433729255444 0.66202424479139121 0.5044724453239412 0.46119666665351688 -0.30745582753455181
1403715400.5621431 -2.1598800988536886 -2.1953633404248967 0.43253589408161253 0.67063727047174493 0.49388766480913499 0.46328890081750851 -0.30279369277264007
1403715400.6121433 -2.1914884731943007 -2.1838376861181805  0.4358885777990868 0.67987185966907315 0.48196565140572772 0.46499978972055989 -0.29876171249844524
1403715400.662143 -2.2242884293086602 -2.1707932673819452 0.43658102830285261 0.68947200008753828 0.4700095926273577 0.46652958546596046 -0.29337602120574574
1403715400.7121432 -2.2572463496930535 -2.1564896070915354 0.43698183099927945 0.69867544142683546 0.4576411539432082 0.46889275736728503 -0.28732696332410229
1403715400.7621431 -2.2905846790994739 -2.1418627669971588 0.43867171563308022 0.70803758505053238 0.44483378487353015 0.47062907440258323 -0.28162733588532907
1403715400.8121431 -2.3239308866580868 -2.1249734356718273 0.43835457762827906 0.71685815139686238 0.43059840480103373 0.47293534467600257 -0.27754560763029351
1403715400.862143 -2.3576536228893361 -2.1071877310316811 0.43768034574631859 0.7253032487075296 0.41579754866475094 0.4754025727706922 -0.27393427996819664
1403715400.9121432 -2.3902098520095163 -2.0875007988590752 0.43613622536741964 0.73366942249187483 0.40309191522436105 0.47593348703605465 -0.26969130927580343
1403715400.9621429 -2.4196785001352761 -2.0684819978873841 0.43605231199095323 0.74090096944596162 0.39234229929727682 0.47551425643767381 -0.26649477589755205
1403715401.0121431 -2.4506148583232723  -2.047164831333411 0.43517680910265905 0.74744450880767066 0.38259022579226026 0.47508412185135279 -0.26314730199304048
1403715401.0621431 -2.4804603782282393  -2.024907447339924 0.43503112957394724 0.75277500749241943 0.37585898116837368 0.47471168004459141 -0.25828014867407356
1403715401.1121433 -2.5083320085536567 -2.0015962131324416 0.43542195462593242 0.75639595166386142 0.37021250257955118 0.47535158787709331 -0.25465414809704828
1403715401.162143 -2.5352099315184748  -1.977532631083142  0.4365502269513748 0.75916237099448203 0.36660023808029946 0.47639509188729101 -0.24964870584724397
1403715401.2121432 -2.5572082032973484 -1.9546582467188975 0.43639006586545953 0.7606513162384424 0.36496525032382199 0.47805741318458317 -0.24427658680286959
1403715401.2621431 -2.5796898726662318 -1.9274301095816857 0.43882673386726612 0.7615368016846672 0.3645277279555314 0.47975140083699003 -0.23878825060377634
1403715401.3121431 -2.6007252063157011  -1.897751374087401 0.44119848109444937 0.762130556484652 0.36394736399619537 0.48150406769790849 -0.23420752315624607
1403715401.362143   -2.61931364874527 -1.8661197354392247 0.44357581681652042 0.76182315654762622 0.36222095603231047 0.48401874506421322 -0.23269574896270498
1403715401.4121432 -2.6382415559893366 -1.8327895868727759 0.44822975224677197 0.76119594369610644 0.36060158170189011 0.48636010304578692 -0.23238133474954611
1403715401.4621429 -2.6531445711655937 -1.7987953794577043 0.44763673254063729 0.76002453050418572 0.35938869823468567 0.48916981540541743 -0.23219683096308633
1403715401.5121431 -2.6684988045386961 -1.7627172167673657 0.45279948451234497 0.75869399514661051 0.35746628615581588 0.49179172401136351 -0.23397046006787761
1403715401.5621431 -2.6808196306782817 -1.7304480073505006 0.45532092136067698 0.75776663071917416 0.35497030377002275 0.493726927887081 -0.23668446820421879
1403715401.6121433 -2.6931626453038984 -1.6931886264755625 0.46088721854006715 0.75576851807549683 0.35182009762842581 0.49692391108947881 -0.24104603829606552
1403715401.662143 -2.7031056050229227 -1.6565148884052354 0.46486313376180677 0.75428191571201353 0.34897058740021014 0.49968572269982897 -0.24411574977726633
1403715401.7121432 -2.7130841770174232 -1.6185833267865271 0.47129690771890309 0.75340008480164555 0.34232780881660269 0.50285581354780973 -0.2496718132126001
1403715401.7621431 -2.7220529376164366  -1.580473551066834 0.47738160066231777 0.75390529333474032 0.33387604356191997 0.50492119029361604 -0.25535893916167535
1403715401.8121431 -2.7282565971945254 -1.5470076679117564 0.48067405028127824 0.75399468820417348 0.32772428288229449 0.50806666874171713 -0.25682107523112524
1403715401.862143 -2.7343336646755447 -1.5108767291920282 0.48645667481981197 0.75478234265362032 0.32226482334276896 0.51042920498126088 -0.25673142689660094
1403715401.9121432 -2.7392269804563538 -1.4754178763984531 0.49167951067154675 0.75476605965119481 0.32076103442152643 0.51308959068112148 -0.2533369809761708
1403715401.9621429 -2.7433124609236117 -1.4431029301977936 0.49687409748320371 0.75395809792026025 0.32192167988701431 0.51598426765226402 -0.24834221174529084
1403715402.0121431  -2.746970975289849 -1.4099408726471145 0.50087016688473762 0.75288325401453104 0.32373688361654884 0.51872469043953218 -0.24348702540206865
1403715402.0621431 -2.7478341731490032 -1.3820808354571219 0.50218099285108275 0.75177576451764383 0.32617730901158909 0.52058713667028067 -0.239646815341471
1403715402.1121433 -2.7501053970595066 -1.3493047578464723 0.50562538802687873 0.74904004124047285 0.32706584897246305 0.52442847207859555 -0.23862465238885647
1403715402.162143  -2.752750950119101 -1.3215974076115256 0.50919747989191999 0.74356648611378184 0.32661346361920673 0.53202291748377661 -0.23954987243394457
1403715402.2121432 -2.7550664083271803 -1.2916265372734805 0.51305739712898368 0.73987017629660601 0.32479225386942151 0.53788182028379861 -0.24038565152986521
1403715402.2621431 -2.7597567213628107 -1.2655037864435745  0.5170319136646756 0.73810842726289339 0.32247642769988272 0.54186295909763393 -0.23997799219798546
1403715402.3121431 -2.7625269885694479 -1.2381082868764341   0.518189228480467 0.73884033746911892 0.32197195804313011 0.54310519461778883 -0.23555415840431546
1403715402.362143 -2.7644627031928448 -1.2152620831422685 0.51659514154596309 0.74133727399456273 0.32161235806980359 0.54287914459068276 -0.22861927235379753
1403715402.4121432 -2.7680479659206259 -1.1948539772175706 0.51841165192932404 0.74326323020624652 0.31980098522699651 0.5443199588285641 -0.22136594790547393
1403715402.4621429 -2.7723907314220066 -1.1708554920678307 0.51828547309587292 0.74505016412859548 0.31677574619136428 0.54722552056227836 -0.21236197682777577
1403715402.5121431 -2.7778578574864978 -1.1468948066972384 0.51899461050924822 0.74495564335252196 0.3133754759554771 0.55268604550494072 -0.20340854360379998
1403715402.5621431 -2.7852991537385372 -1.1223625089448157    0.52348446522753 0.7455478719780344 0.30989125265161449 0.5562110212913568 -0.19686310449920186
1403715402.6121433 -2.7924272643476482 -1.0982159005955459 0.52523560135860847 0.74486301475891092 0.30617747833750164 0.56077298867369163 -0.19227089269343617
1403715402.662143 -2.7962764485864677 -1.0730678587622375 0.52681076268620763 0.74476654863300928 0.30323116270726802 0.56373183686104478 -0.18862679054086245
1403715402.7121432  -2.806340718282645 -1.0477530632863785 0.52710512939713816 0.74522582037830087 0.29954491046969828 0.56581402337489117 -0.18645593100115393
1403715402.7621431 -2.8186009589278269 -1.0226110418763699 0.52688950839241033 0.74969539639589733 0.29384663385804433 0.56235811565384752 -0.18805402987266356
1403715402.8121431  -2.8321742405649908 -0.99692015680437518  0.52635153443869975 0.7540852575331829 0.28791080051433798 0.55862724510303285 -0.19078363752403493
1403715402.862143  -2.8464515434752959 -0.97095841804637906  0.52651337180878577 0.75839548948343671 0.28248678564976298 0.5544346446616859 -0.19400959322495717
1403715402.9121432  -2.8620617748963713 -0.94595597281006027  0.52597581578218566 0.76277540679064282 0.27725791026001456 0.5499331916663962 -0.19716798598461671
1403715402.9621429  -2.8850861984005434 -0.92706623415726319  0.52640567192034393 0.76757657594761408 0.27367951052523343 0.54411001581428131 -0.19967477623823149
1403715403.0121431  -2.9027222114444591 -0.90392104106050764  0.52634174322964566 0.77320436797223857 0.2697298307870355 0.53711970679303955 -0.20224550503486502
1403715403.0621431  -2.9199283093008863 -0.87899092442456483  0.52568414120861207 0.77894360409610652 0.26762404296354003 0.52990416334977675 -0.20205398023842672
1403715403.1121433  -2.9346575866303426 -0.85539841717904463  0.52668229259123245 0.78401416171193739 0.26535324876335853 0.52342524284022141 -0.20232514120473097
1403715403.162143  -2.9502240926240488 -0.83411560794328632  0.52776403699508345 0.78805746280072475 0.26464474167709284 0.51763064287507909 -0.20245274407496075
1403715403.2121432  -2.9616177597007578 -0.81101995738856292  0.53023470752693702 0.79097810989856554 0.26331690043438077 0.51379286998621954 -0.20257029979305205
1403715403.2621431 -2.9744569688216012   -0.78948881352889 0.53221243656219142 0.79247918378264515 0.26473444766697574 0.51172135223228599 -0.20008416518858874
1403715403.3121431  -2.9821738138083922 -0.76618740239232808  0.53543044904470372 0.79255284981430618 0.26656335076217985 0.51161456269237582 -0.19762211293969648
1403715403.362143 -2.9880806159634563 -0.7420871605042122 0.53860716164494538 0.79191159642865794 0.2675452002947693 0.51318380698897781 -0.19477671700012283
1403715403.4121432  -2.9922746087710435 -0.71939849392285637  0.54230766774790695 0.79128816518859901 0.26745615697914271 0.51529211250860563 -0.19184442267844887
1403715403.4621429   -2.994036446749663 -0.69604349921980113  0.54567376282821756 0.7909614819906915 0.26581387926740618 0.51776705396689282 -0.18878610495040904
1403715403.5121431  -2.9977226128198384 -0.67112946903406268  0.54759443627114979 0.79096012869013488 0.26196052797446906 0.52105641827086391 -0.18509177611272049
1403715403.5621431  -2.9997204769414827 -0.65028850550745076  0.55000921272639913 0.7918479431623342 0.25672365755736648 0.52338963041882536 -0.182024979961527
1403715403.6121433  -2.999186899446634 -0.6286832322880227 0.55218378496683618 0.79421552167122689 0.25056581126891192 0.5243783396229188 -0.17738612204443729
1403715403.662143  -2.9961112001419377 -0.60561572272243991  0.55209136088236077 0.79694690807712565 0.24332120438279481 0.52542124488496922 -0.17205502790544908
1403715403.7121432  -2.9921084326718699 -0.58272042118444622  0.55281941866211814 0.80108455504029508 0.235207445832643 0.52455963923222293 -0.16666786729701957
1403715403.7621431  -2.9888737703667561 -0.56195744405330161  0.55441729595196898 0.80551477974133101 0.22577229458757853 0.52326344364794863 -0.16238281669137564
1403715403.8121431   -2.981755030471902 -0.53875351289264128  0.55566722974749594 0.80947856078098046 0.21516154923295749 0.52297285991469189 -0.15795364877163853
1403715403.862143 -2.9737102515503002 -0.5205059569571896 0.55737502444996279 0.81252644029609966 0.20493282786011838 0.52370450236376509 -0.15341745040550395
1403715403.9121432  -2.9627498994093906 -0.49775285437886285  0.55947619625877532 0.81552814246954553 0.19464269825509042 0.52463742586715356 -0.14759281905173191
1403715403.9621429  -2.9498453051120834 -0.47494959230979056  0.56193850020326397 0.81799537836205449 0.18421294382247438 0.52613910906587968 -0.14186891913995719
1403715404.0121431  -2.9347604157017591 -0.45195437266586591   0.5649321863942427 0.81965159947248656 0.17458107620655275 0.5286539366535592 -0.13497302905933081
1403715404.0621431  -2.9174905182910322 -0.43042968060201514  0.56792214719882383 0.819633134014353 0.16509041818327558 0.53344330010161778 -0.12800361333406227
1403715404.1121433  -2.9003223476408757 -0.40943792986445066  0.57339146471045299 0.81928141673343735 0.15693776860705058 0.53829613780066365 -0.11994067287113572
1403715404.162143  -2.8800251324283632 -0.38795559281025205   0.5772354597943069 0.8179560003538221 0.15032184479173863 0.54448019555617744 -0.10905338651639196
1403715404.2121432  -2.8618302271476899 -0.36691998198133768  0.58212259518506293 0.81705785387097785 0.14380857302117167 0.54949986902229442 -0.098921442053011926
1403715404.2621431   -2.839230753419534 -0.34268942924905693  0.58517994515272453 0.81581453095546042 0.13904443187973622 0.5542617349531328 -0.088922585499448009
1403715404.3121431  -2.818104701157591 -0.3195077176312896 0.58793576927909674 0.81519049045850367 0.13507444311050612 0.55760371245342455 -0.079356530560312374
1403715404.362143  -2.8012670679670371 -0.30041147037465576  0.59122902578609182 0.81517377276147507 0.13153214201483493 0.5592694558893313 -0.073543806864098088
1403715404.4121432  -2.7796098619646967 -0.27430873548349416  0.59278437135179407 0.81487081347133394 0.12842206762435626 0.56120222159603361 -0.067419554843741569
1403715404.4621429  -2.7570282135945754 -0.24638140051662413  0.59323965472506657 0.8141716963738348 0.12519145597468734 0.56337477789456503 -0.063721329293572035
1403715404.5121431  -2.7363223411118751 -0.21921552584762752  0.59441437286030319 0.81333033667574339 0.12343484190051743 0.565387949991493 -0.059950556730804475
1403715404.5621431  -2.7147362637759538 -0.18998116693764081  0.59455750580428912 0.81258986902332442 0.12155195209900035 0.56710456800878373 -0.057578091711601879
1403715404.6121433  -2.6941809968042225 -0.15975912074862919   0.5939460785243198 0.81189333834999888 0.11924658142228473 0.56868260403324411 -0.056652941953277074
1403715404.662143  -2.6715280592277346 -0.12809339739010506  0.59284116363869477 0.81159094452846348 0.1155525392493366 0.56955425190443665 -0.059797186974010368
1403715404.7121432   -2.6519207196419172 -0.096434715665689077    0.5911608234549478 0.81102456335667561 0.11239755044532192 0.57069810443624502 -0.062526969212349209
1403715404.7621431 -2.6307207439467404 -0.0635088366851317 0.58842770325972893 0.81033502186793327 0.10825517011298484 0.57199445071232602 -0.06678561845494517
1403715404.8121431   -2.6120131024584143 -0.031198641961082501   0.58592958925688687 0.81068409684509646 0.10462918473322065 0.57189863081521763 -0.069108500896714484
1403715404.862143   -2.5921127319784292 0.0016030606117736395   0.58365883903228277 0.81124209243451784 0.10008709608970752 0.57186742988125439 -0.069544829425368479
1403715404.9121432 -2.5741373333197197  0.0335099878233832 0.58074214079984809 0.81114635540871816 0.094763034313130198 0.57293905811975221 -0.069299300976079864
1403715404.9621429  -2.5572955127328627 0.064593459479368551  0.57788243045083987 0.8108239177405292 0.087935571800668619 0.5745515756419487 -0.068719695570798364
1403715405.0121431  -2.5390162339434994 0.094561988231336463  0.57518802695666815 0.81025057607141771 0.079594921806046368 0.57670894836132891 -0.067568049243672296
1403715405.0621431 -2.5213674319639563  0.1253524395363648 0.57196291356523066 0.81012952152545736 0.069463768905827963 0.57842774267184305 -0.065469761492520442
1403715405.1121433 -2.5050447653606285 0.15524669025166477  0.5684774663918527 0.81046553491662476 0.057187768329616036 0.57949482379423012 -0.06372538788804448
1403715405.162143 -2.4888307965720902 0.18289641217905678 0.56391994834175829 0.81172444222793994 0.044159832141545126 0.57929021830795713 -0.059801188012362186
1403715405.2121432 -2.4740953823074836 0.20958174438637597 0.55959530721745021 0.81324854983559025 0.03010242762420573 0.57858484753214534 -0.054407850974313512
1403715405.2621431 -2.4603908701988089  0.2351687864631877 0.55519211734061769 0.81467831141405 0.015517404663960505 0.57773434299110593 -0.047764924292645852
1403715405.3121431  -2.447580288418445 0.25808521268424395 0.55178847969304756 0.81591914507123198 0.0018369816017318639 0.57685334415185141 -0.038894646747984804
1403715405.362143 -2.4331530837272073 0.27966895080232024 0.54619332182307367 0.81707228238347984 -0.011572864046890204 0.57567903819495569 -0.029199300699403886
1403715405.4121432 -2.4203133878726346  0.3003156241960086 0.54178347819642159 0.81828312095812916 -0.024267054991644138 0.57400799713869555 -0.018402804619937364
1403715405.4621429 -2.4069566090614609 0.31846070481339783 0.53703060642524991 0.81943080237838772 -0.037584870494827886 0.57187689267475328 -0.0087952969289086403
1403715405.5121431 -2.3943029445940405 0.33627077104079883 0.53285642214965212 0.81983876349217821 -0.051143300193725184 0.57030496400114561 0.0010063580689153217
1403715405.5621431 -2.3801653167878061 0.35204537199667435   0.529572472720374 0.81995634269405393 -0.064540618471894448 0.56866703557094345 0.011131365505279588
1403715405.6121433 -2.3664383297605931 0.36793134412039319 0.52621014487176532 0.82019847894415099 -0.07585236161215074 0.56654457925163049 0.023411836667668617
1403715405.662143 -2.3533622556052531 0.38142464797984249 0.52196102532591282 0.82097192281928488 -0.086248246792602984 0.56322562730799297 0.03665016522645359
1403715405.7121432 -2.3402792541790691 0.39563008368983332 0.51731245091820655 0.8214928378801758 -0.096779419352441762 0.55983537696952823 0.048658113349837058
1403715405.7621431 -2.3264942101854311 0.40952000338762434 0.51288631166578935 0.82153087657342472 -0.1070978675872124 0.55674705956085291 0.060413386472839489
1403715405.8121431 -2.3063254496724808 0.42511530502149325 0.50689412095334163 0.82178140121469212 -0.11875671418435019 0.55278251799582612 0.070736548204928099
1403715405.862143 -2.2907579798724975 0.43930392662106571 0.50211638485724608 0.82154640681701463 -0.12997834354029206 0.54921497137165287 0.08080870545806651
1403715405.9121432  -2.272840766920194 0.46111871657890946 0.50011799683919367 0.81960676635406915 -0.14287845945824185 0.54754074518218554 0.089608184530223581
1403715405.9621429 -2.2545535599290889 0.47420081291780669 0.49461283625879909 0.81591123173130853 -0.15591183360097641 0.54802947700487692 0.098204146611237594
1403715406.0121431 -2.2364304912776811 0.48635884504008692 0.48958801571742494 0.81099491863813034 -0.16830160386552873 0.54986615817192985 0.10774516312422232
1403715406.0621431 -2.2160629076294285 0.49823365090112609 0.48769762550476853 0.80598219657650827 -0.18145937150234195 0.55132808605821138 0.11620041660455252
1403715406.1121433 -2.1964046467386265 0.51002672466737675 0.48176108619462754 0.80126032736799013 -0.1939979189079693 0.55188599088789569 0.12557288046072698
1403715406.162143 -2.1772629253319464 0.52150996371518243 0.47536466704357899 0.79679592774026708 -0.20685125071143631 0.55174286362026959 0.13382309987347563
1403715406.2121432 -2.1573474021023595 0.53302125097176145 0.46747933427298249 0.79230046370923468 -0.22002139678556701 0.55114785234514951 0.14172722045531369
1403715406.2621431 -2.1377725469196771 0.54456673537440159 0.45973632919525848 0.78804883802208792 -0.23315404999613334 0.54949895106974811 0.15056268008933785
1403715406.3121431  -2.118326806578982 0.55444549161371293 0.45160435816228217 0.78437691605336124 -0.24563582743683804 0.54722948758378609 0.15797399077324503
1403715406.362143   -2.10008386664208 0.56455962760411482 0.44324830947487709 0.78110911298660146 -0.25891520796192585 0.54417166699847508 0.16342786032809209
1403715406.4121432 -2.0811747424612586 0.57369617836343723 0.43403251042536978 0.77800138916032735 -0.27195729962656767 0.54057826950221066 0.16890293125467556
1403715406.4621429 -2.0632751373630351 0.58219088886419945 0.42276301115766945 0.77428982537222557 -0.28577912948041961 0.53754378645859446 0.17277798794470051
1403715406.5121431  -2.042278930377071 0.59195440807704125 0.41120633434231724 0.77099008572962691 -0.29837458478045953 0.53364088800871323 0.17825346422715829
1403715406.5621431 -2.0237263870309974 0.59880554160836941  0.4009556426164782 0.76726155336072466 -0.3108720188972397 0.53016928814547348 0.18327253615466824
1403715406.6121433 -2.0058323092774382 0.60503505753121578 0.39103419006808587 0.76300360645551424 -0.32249577790683304 0.52732289658740772 0.18908340091824991
1403715406.662143 -1.9907022003676953  0.6144221246607815 0.38190791860320217 0.75848851528392014 -0.3332617204824922 0.52466151993601684 0.19586241942208402
1403715406.7121432 -1.9729517104010115 0.61951905163842613 0.37243778342864525 0.75387049879784518 -0.34358115789076993 0.52208548856835824 0.20262774146464904
1403715406.7621431 -1.9564093551292223 0.62159369371544526  0.3622601493015804 0.74907075814584589 -0.3526271163705228 0.51957393976350275 0.21116353191223461
1403715406.8121431 -1.9407106184199461 0.62368628567839268 0.35174208016714026 0.74382527832675926 -0.36177647873843782 0.51723014577753068 0.21980607601404087
1403715406.862143 -1.9236856717481741 0.62486251065286924  0.3422502686001877 0.73860576689935531 -0.37097109186143667 0.51429225353071339 0.22879127619830561
1403715406.9121432 -1.9084011367187979 0.62413823071560215  0.3330795480070422 0.73387105874570946 -0.37972872430734689 0.51084231431761018 0.23723299722845118
1403715406.9621429  -1.894486393423406 0.62570194476982888 0.32520506813604716 0.72881519586178378 -0.38812379047566686 0.50754493716585947 0.24614319065343718
1403715407.0121431 -1.8801270767198934 0.62369925324923581    0.31687775181416 0.72403371341375378 -0.39711794729959099 0.50389447673362642 0.25330391645253841
1403715407.0621431 -1.8649002827661025 0.62103962872672347 0.30977406738692792 0.71927386765785783 -0.40688123508436602 0.49991296427561516 0.25919064795994223
1403715407.1121433 -1.8519856395080734 0.61845606473741754 0.30362460531572766 0.71491105150728596 -0.41647367554220749 0.49536072495638717 0.2647066644113697
1403715407.162143  -1.838469669903865  0.6146920789777105 0.29590700093987599 0.71123813851186901 -0.4257895925133473 0.49021257533360624 0.26932353075489424
1403715407.2121432 -1.8216587573070719 0.61233312660152062 0.28832548995298318 0.70937382408030458 -0.43467387360740328 0.4831901167937751 0.27271727548074104
1403715407.2621431 -1.8067903443147786 0.60541973481459987 0.28219619440703725 0.70861379282131942 -0.44233219299814253 0.47631927332851515 0.27446069575921739
1403715407.3121431 -1.7925715376235494 0.59977173106837123 0.27648194478644467 0.70900970912785843 -0.44810436650858781 0.46915373132020183 0.27640999523660265
1403715407.362143 -1.7780653492636955 0.59187944036213669 0.27152153320948619 0.70876477159935447 -0.45262738797184293 0.46413261294249974 0.27814000755135804
1403715407.4121432 -1.7629270742454808  0.5819932449423777 0.26711619405955089 0.70808846652444335 -0.45551603441795041 0.46100184668871502 0.28034472228455026
1403715407.4621429  -1.746949161435275 0.56978067006448141 0.26387441371371356 0.7062244273332029 -0.45704885805488282 0.46075536014400631 0.28294504358123035
1403715407.5121431  -1.728146186439252 0.55363091263981401 0.26008256370805444 0.70509562274263404 -0.45765993621377837 0.46005219629335725 0.28590124564197972
1403715407.5621431 -1.7105947822607941 0.53677908618750558 0.25752683842765939 0.70317511934122268 -0.45839306029431642 0.46123480505314529 0.28754653261873248
1403715407.6121433  -1.692591258476513 0.51982987669638359 0.25637399904267782 0.7016070982864141 -0.45767310788864135 0.46247369824028939 0.29051830301311471
1403715407.662143 -1.6735310395282503 0.50104317623947259 0.25549342617557502 0.70075089168876292 -0.4552885676726211 0.46330921236038236 0.29496623821383178
1403715407.7121432 -1.6534167506148119 0.48050639889796837 0.25267930384155368 0.70005818790352348 -0.45084085425646819 0.46452064910396662 0.30146579281663577
1403715407.7621431 -1.6339433598385531 0.45943620629052528 0.25347841604255716 0.70017801833113003 -0.44652809309923375 0.46524680483409531 0.30644545242297028
1403715407.8121431 -1.6161607308504276 0.43563075480699875 0.25400882286932241 0.70098351979861617 -0.44288939418750967 0.46571244356225738 0.309165019687278
1403715407.862143 -1.5945980193799714 0.41496497787081194 0.25470152983409783 0.70115387760460968 -0.44039688403730726 0.46634124051697545 0.31138348036358515
1403715407.9121432 -1.5715949134119152 0.39179961602872865 0.25372384092909672 0.70037750040947522 -0.43991521292530289 0.46847626851517404 0.31060577617803509
1403715407.9621429 -1.5486347339600905 0.37044919077076055 0.25484355630114347 0.70046660123083215 -0.43949870133267849 0.46917782765616778 0.3099348288315702
1403715408.0121431 -1.5247223266417487 0.34763834398562921 0.25824843621407462 0.69882818823507231 -0.4403296856249948 0.47211740617037989 0.30798390554772881
1403715408.0621431  -1.500500364856119 0.32452353953731133 0.26392659055540846 0.69859089104671712 -0.44074366674028109 0.47307553871174496 0.30645606838089895
1403715408.1121433  -1.475939825475304 0.30221414029869687 0.27286848749004866 0.69776419424593417 -0.44106732084035882 0.4748478934719832 0.3051298506869663
1403715408.162143 -1.4518663282473323  0.2784072127824912 0.28465949046016686 0.69720160032965905 -0.44100068012583576 0.47672993036296107 0.30357355306817974
1403715408.2121432 -1.4266496778628501 0.25597916976171853 0.29996049263877822 0.69620806716402672 -0.44080252527875036 0.4789784456929273 0.30260057747002772
1403715408.2621431  -1.401720193579979 0.23307972593967757  0.3158180243785671 0.69594488293655377 -0.44041568883157195 0.47997014520849013 0.30219761854452049
1403715408.3121431 -1.3776394506301712 0.20863369905125614 0.33211330632275921 0.69577626899833911 -0.44031621074833399 0.48118042405257883 0.3008029547055015
1403715408.362143 -1.3532833484483449 0.18510384049995118 0.34597921875931331 0.69522366111762768 -0.43997844328554303 0.48255726516758274 0.30036896693935522
1403715408.4121432 -1.3280191440459417 0.16182930846420643 0.35707541877905458 0.69420012100705741 -0.43845998559486116 0.48554851985586228 0.30013608228888827
1403715408.4621429 -1.3045336807520145 0.13956915617168647 0.36615377279276062 0.69379892153890688 -0.43496146684059867 0.48914387906901519 0.30031624066080925
1403715408.5121431 -1.2795728819840158 0.11813344991122325 0.37151158080336472 0.6930853257605708 -0.43057912060596609 0.49448349861270557 0.29953367375521373
1403715408.5621431  -1.2536256091649693 0.097281266255539955   0.3747787605070349 0.69363409759678907 -0.4248984343289281 0.49907726626943333 0.29875565509115104
1403715408.6121433   -1.228252233125424 0.075770849841410512  0.37291546853485202 0.69389648061959042 -0.41808682186268531 0.50542365518555565 0.29708250091073751
1403715408.662143  -1.2031243509875689 0.053816652352683181  0.36957008221356097 0.69589867864553945 -0.40910632255466634 0.51061076526924887 0.2960298841271633
1403715408.7121432  -1.1799301315440784 0.037028117714791635  0.36800729849377595 0.69832859074016629 -0.40016372739916034 0.51608520628354948 0.29302257674815801
1403715408.7621431  -1.1580097501730433 0.019311608229115085  0.36685076900551411 0.70169389675255611 -0.39096654270225928 0.5213880405363388 0.28796761785543301
1403715408.8121431    -1.135143014197336 0.0026657466648136014   0.36546772808657035 0.70578321679544387 -0.38103875076010313 0.52607592838338202 0.28270769159083398
1403715408.862143   -1.1129423423333069 -0.012246569577568948   0.36379937911046195 0.71069667301889616 -0.37150127307461267 0.53013851959617231 0.27540913765558572
1403715408.9121432   -1.0917644510922839 -0.025256455379300612   0.36435188659817652 0.71595917719652091 -0.36133694201294603 0.53408207836468391 0.26757130730792783
1403715408.9621429   -1.0717036182195625 -0.036527525289269308    0.3639184998763465 0.72178595447670968 -0.3503729767394651 0.5374062709308991 0.25972738218181146
1403715409.0121431   -1.0514349104648715 -0.046511020882399036   0.36299372387598616 0.7270037322788564 -0.33905038484696876 0.54167381665126191 0.25119690711111581
1403715409.0621431   -1.0329265110205883 -0.056414764367450652    0.3632374072005371 0.73276420601209158 -0.32755415525263742 0.54490857897669698 0.24256861775958746
1403715409.1121433   -1.0155946357945422 -0.065109272615815408   0.36602845032941833 0.73776357192410735 -0.31696216624248846 0.54893626556037223 0.23218284489876573
1403715409.162143  -0.99661294399031208 -0.072608470839224712   0.37018782203163753 0.74178705879810403 -0.30826179619967237 0.55276390346244597 0.2217626917052769
1403715409.2121432  -0.98203432325079154 -0.079269440197214755   0.37401584320192277 0.74616647908760092 -0.3003859077174833 0.55487695755436983 0.212403987500147
1403715409.2621431   -0.9686455013585733 -0.086343031895632152   0.37773232139842572 0.75071961624696726 -0.29413655987268339 0.55515886069631326 0.2042116091671603
1403715409.3121431  -0.95441759496179823 -0.093021581801518927   0.38321687844682173 0.7539505538020338 -0.28903432324428963 0.5560273663032187 0.19710730663836026
1403715409.362143  -0.94360999969545212 -0.098426208492960923   0.38970778614432011 0.75645391104960147 -0.28423944150113695 0.55688707122315062 0.19199533915536843
1403715409.4121432 -0.93460857834371991 -0.10358827990354391  0.39736845179506375 0.75838105137066947 -0.27980727031243829 0.55753712451135862 0.188993193511899
1403715409.4621429 -0.93020165813603739 -0.10594079519843644  0.40778012164777089 0.75990754777152836 -0.27480915213614926 0.55823939372740339 0.18812024886474746
1403715409.5121431 -0.92085364121521962 -0.11064389191749312  0.41663608826389004 0.76072211099459264 -0.27038032622212405 0.55858526065298419 0.19020740158360347
1403715409.5621431 -0.91282727861914581 -0.11599406431250367  0.42647947554113547 0.76247672932971833 -0.26773871022574836 0.55621238086824154 0.1938375805827926
1403715409.6121433 -0.90694418907571805 -0.11956138127991693  0.43551225337368304 0.7642774557860893 -0.26957093461689219 0.55268950286449303 0.19428277126476531
1403715409.662143 -0.90223752528753087 -0.12452826825252993  0.44372713133447633 0.76604358310858034 -0.27188913441772905 0.54921143051952692 0.19395961422533434
1403715409.7121432 -0.89601331144464758 -0.12989316641179788  0.45203812892464162 0.76843230707957855 -0.27525890842251616 0.54455577323099802 0.19288165441843133
1403715409.7621431 -0.89303130274885922 -0.13370804350064897  0.46198534714969863 0.77100729023430659 -0.27850941695534059 0.53950779311715491 0.19212392937529976
1403715409.8121431 -0.88726432499479024 -0.13733328539962292  0.47197739061103744 0.77348176966672977 -0.28208356346693969 0.53421527885674325 0.19175205618461907
1403715409.862143 -0.8879275628483756 -0.1418741037196983   0.482818126800172 0.77566663495870425 -0.28449283388996666 0.5298995014370842 0.19134162446740588
1403715409.9121432  -0.8830468908095489 -0.14555817224536047  0.49404379876066129 0.77792558329963046 -0.28873189507121938 0.52449487502221026 0.19071131506008809
1403715409.9621429 -0.87776236791692641 -0.14977371330103331  0.50489934900282774 0.77982809294137512 -0.29183086890560994 0.51978942255519134 0.19110689577552026
1403715410.0121431 -0.87147116996377072  -0.1543507196014845  0.51660122105790818 0.7807058108163365 -0.29533700896077314 0.51644532760065109 0.19120332553375444
1403715410.0621431 -0.86471198264681026 -0.15999592008777722  0.52883635920509264 0.78057867377363277 -0.29759376800337711 0.51503226410697134 0.19203294046646191
1403715410.1121433 -0.85599562861369038 -0.16527831030497306  0.54014425430290802 0.77857832368490598 -0.29911099015445486 0.51622578808125841 0.19457478042312459
1403715410.162143 -0.84611181442662065 -0.17308586402218651  0.55272195019888604 0.7756634665167178 -0.29883968167826597 0.51936920712308932 0.1982338469031841
1403715410.2121432 -0.83631923941898423 -0.18216205122635673  0.56152628952159112 0.77272973245724119 -0.29851931401604703 0.52304157755600245 0.20050558067963484
1403715410.2621431 -0.82630606506750104 -0.19097178456760586  0.56739712568942158 0.76983272747911891 -0.29828035605882391 0.52652916178624287 0.20286311315800737
1403715410.3121431  -0.8144902393101775 -0.19932345411929842    0.570051863602418 0.76747996150054376 -0.29804229058722598 0.52922465264544249 0.20510136213334695
1403715410.362143 -0.80236100305730607 -0.20742894240614923   0.5704601885549867 0.76581571103718449 -0.29758235349787932 0.53128965853906385 0.2066454411418745
1403715410.4121432 -0.79380151139781141 -0.21417983595094664  0.56680005382656629 0.76507740506001676 -0.29669940750677282 0.53219867411414079 0.20830409771032299
1403715410.4621429 -0.78544192732969575 -0.22059327525156056  0.55909172193783474 0.76534752737612544 -0.29503071054097041 0.53200546128250459 0.21016715095973179
1403715410.5121431 -0.77286946047291882 -0.22790062532219266  0.55599412763211487 0.76619069613216773 -0.29300166948289202 0.53066568258972591 0.21329737964242021
1403715410.5621431 -0.75980788077649208 -0.23470929437531698  0.55352495500887033 0.76659885639182235 -0.29064774860356418 0.53022792734993096 0.21612131932927353
1403715410.6121433 -0.74563698507079301 -0.24066409949103801  0.55059379038113143 0.76741016191434885 -0.28917285541182303 0.52948180111164078 0.21704774906720073
1403715410.662143 -0.73084809657768413  -0.2464741674614139  0.54764734911496038 0.76756356506647405 -0.28779049817909619 0.52977854476566255 0.21761777557508799
1403715410.7121432 -0.71458328052524256 -0.25253140188460277  0.54440482654552225 0.76714219505842707 -0.28774925185054973 0.53085062983967435 0.21654290433816659
1403715410.7621431 -0.69887039433888265 -0.25739398518659107  0.54237079239524644 0.76503594555281196 -0.28657368593909521 0.53478795459967887 0.21586423546870226
1403715410.8121431 -0.68458608201478921 -0.26302991512559809   0.5420950546727894 0.76098134436633347 -0.28544510915218463 0.5415078884180009 0.21493647891547699
1403715410.862143 -0.67117638594888507 -0.26785999444853426  0.54061388069634975 0.75779912552324546 -0.2830119489308614 0.54707392743847438 0.21530174183132614
1403715410.9121432 -0.65648623328432321 -0.27012244237695604  0.53894490415527696 0.75556379004673413 -0.28218225109842565 0.55136816411325662 0.21328310748302762
1403715410.9621429 -0.64259181151873657 -0.27191696999382736  0.53624444365351787 0.75613402860593248 -0.28068294877764904 0.55175920542571877 0.21222674731905505
1403715411.0121431 -0.62961809701817273 -0.27364659996066165  0.53277060112570818 0.75819889533323748 -0.28052851278065988 0.55041858382214714 0.20851276031876687
1403715411.0621431 -0.61828658677537573 -0.27259083841344661  0.52855687348665936 0.7605197088358755 -0.28029488438704814 0.54864586358686795 0.20501772271602905
1403715411.1121433 -0.60829417121294571 -0.27123526590615948  0.52496597136962919 0.76323067827583102 -0.28000559795137275 0.54628481482859315 0.20161522249621666
1403715411.162143 -0.59720895865059576 -0.26973431764578371  0.52172640114406588 0.76503380426934486 -0.28061829608800753 0.54503377780171414 0.19726842443997203
1403715411.2121432 -0.58665820087544751 -0.26786465622515937  0.51906296552453735 0.76571823892356905 -0.2819909612395467 0.54510436252354288 0.19240039063574277
1403715411.2621431 -0.57683113653778184 -0.26512811315652457  0.51697589024011836 0.76603433873943183 -0.28281821919692957 0.54562852151845609 0.18840053945756857
1403715411.3121431 -0.56800816455502212 -0.26292617501772869  0.51460039158878501 0.76516019673354541 -0.28301188238777975 0.54771931988564637 0.18557395934239379
1403715411.362143 -0.55920342663735256 -0.26079166378797503  0.51329419995824377 0.76326472763914266 -0.28252645742253474 0.55118977818685777 0.18383575501120714
1403715411.4121432  -0.5518155028684858 -0.25825872386127463  0.51142684784170078 0.76065667899444012 -0.28209235369028413 0.55560244103592515 0.18201991156339592
1403715411.4621429  -0.5419077192544921 -0.25581534676470297  0.50850362745048361 0.75786130156010156 -0.2812277277058306 0.56017041326910166 0.18101469792524497
1403715411.5121431  -0.5356807186455731 -0.25371821157451213  0.50669875611920112 0.75680960914174089 -0.27958191664496884 0.56231320521839678 0.1813202322766671
1403715411.5621431 -0.53101806063414247 -0.25129065441487758  0.50405070344164038 0.75814222777297413 -0.27797661161880033 0.56126336660385356 0.18147396278494327
1403715411.6121433 -0.52746909227974026 -0.24875589284931546  0.50099875992313414 0.76019151779907679 -0.27644212238866228 0.55903049036826014 0.18213599335169975
1403715411.662143 -0.52535761528701519 -0.24675199425105651  0.49825735607266969 0.76280500346715419 -0.27492283284283453 0.55611176380868221 0.18244360449394309
1403715411.7121432 -0.52298470064528157 -0.24426587219911461  0.49491191751914648 0.76463509567449051 -0.27359995269148474 0.55413540051583898 0.18278455691121948
1403715411.7621431 -0.52201632124969599 -0.24179820267355592  0.49261886869228433 0.76622584289866935 -0.27220818125045726 0.55249952449872453 0.18315277547235062
1403715411.8121431 -0.52162834106422173  -0.2390330822983027  0.49001141781695523 0.76674669098402648 -0.27091542342662406 0.55218511192265318 0.18383674111990159
1403715411.862143 -0.52195231968703715 -0.23599773831661289  0.48650244872514659 0.76757067611100283 -0.27017355763073331 0.55146510774904334 0.18365113902991964
1403715411.9121432 -0.52327796963299267 -0.23253189518115142  0.48297850607307435 0.76780458620402559 -0.26973381132689522 0.55142707488995368 0.18343382869427749
1403715411.9621429   -0.524924728223926 -0.22873284737323413  0.48005062623206668 0.76776851961564552 -0.26993020008586843 0.55174295395833972 0.18234280936228014
1403715412.0121431 -0.52674868616267079 -0.22558270906679631  0.47692283603020569 0.76801608156721168 -0.27001374708198422 0.55155908252247055 0.18173181704881222
1403715412.0621431  -0.5286520074462735 -0.22200589609782032  0.47324465290680806 0.76829665518474743 -0.27046778566442453 0.55118582105678748 0.18100170500762527
1403715412.1121433 -0.52890484414877359 -0.21988853434886196  0.47154652788306806 0.76855105643884247 -0.2706343494449186 0.55090990554132258 0.18051204537015217
1403715412.162143 -0.53199981388010331 -0.21607583973965885  0.46873576714142851 0.76963331673629198 -0.27083852914302003 0.54924404550399208 0.18067104743026399
1403715412.2121432 -0.53678073641496904 -0.21117370153300502  0.46523922233548604 0.7703663398612689 -0.27098603388519976 0.54818311606136882 0.18054789700566795
1403715412.2621431 -0.54044657613821723 -0.20708107848611415  0.46270041622076674 0.77092236878871068 -0.27092269527582097 0.54730976813480181 0.18091879999026472
1403715412.3121431  -0.5437285270481137 -0.20276963227908831  0.45951885742755622 0.77142291228253923 -0.27104459831167815 0.54649321099793746 0.18107094318181077
1403715412.362143 -0.54760612498304362 -0.19872046796056525  0.45621672305091221 0.77187507842295733 -0.27146797116081334 0.54566970944506343 0.18099329307332232
1403715412.4121432 -0.55173018986227607 -0.19480567416960842  0.45284321173100905 0.77225393952362864 -0.27183905842810163 0.54501839347098768 0.18078254888529113
1403715412.4621429 -0.55624051173006817 -0.19050132544491949  0.44965221500541697 0.77303561233692253 -0.27283726257510699 0.54370042976081556 0.17990445488454693
1403715412.5121431 -0.56092197626828366 -0.18575539841114849  0.44677654862931782 0.77385990536338745 -0.27339602006191582 0.54239097657295576 0.17946445781131423
1403715412.5621431  -0.5653932795485993 -0.18191656088247138  0.44321342086588167 0.77465262180625649 -0.27395094598388414 0.54115262690272314 0.17893582402501265
1403715412.6121433 -0.56955468823899125 -0.17798171514916253  0.44083556219080777 0.77533601684429088 -0.27376980887359675 0.54002913416529852 0.17964600464809138
1403715412.662143 -0.57298633457224524 -0.17413075100048725  0.43914094261671327 0.77585534119453392 -0.2736544113842343 0.53934764758478893 0.17962702389845511
1403715412.7121432 -0.57382053972622826 -0.17172821492112256    0.439883212939987 0.77722671608506744 -0.27345001549528103 0.53740379313044273 0.17983571380086041
1403715412.7621431 -0.57696142726471034 -0.16923792319359773  0.43795423999257382 0.77788198502580064 -0.27338477004171369 0.53640333313779376 0.18008844793663045
1403715412.8121431 -0.58007410240879764 -0.16577693959519582  0.43660251959094437 0.77849831649485191 -0.27346139097659705 0.53540696255099374 0.18027374548653757
1403715412.862143 -0.58227403604547501  -0.1632085743791592  0.43651728725179528 0.7790343768470962 -0.27348512167480221 0.53462782515278195 0.1802343376978475
1403715412.9121432 -0.58405281289377897 -0.16048398429382343  0.43625122365811675 0.77915432658415573 -0.27333561590688304 0.53438066670474826 0.18067506605556982
1403715412.9621429  -0.5851842252803422 -0.15875522795156538  0.43605246815512533 0.77857090535039664 -0.27338464040985239 0.53504747531059649 0.18114188608269519
1403715413.0121431 -0.58614868669472497 -0.15730684140818649  0.43531313833125562 0.77734826701320769 -0.2729040341963816 0.53668044976792628 0.18228317181736631
1403715413.0621431 -0.58712285241121254 -0.15525859464454583   0.4319926459049922 0.77656204848748234 -0.27236306264914611 0.53761454156075428 0.18368546936467964
1403715413.1121433 -0.58789955181020859 -0.15237780207753901  0.42622962925475727 0.77589561252045325 -0.27180990685148892 0.53854388962367961 0.18459645705672068
1403715413.162143 -0.58803082742213464  -0.1507049936346522  0.41830847438033142 0.7750021997076687 -0.27165494846752186 0.5396981001160448 0.185205669871402
1403715413.2121432 -0.58858485264536631 -0.14769069245484345  0.40805280314533177 0.77445719943189639 -0.27102907092345785 0.54047426828103828 0.18613665487632339
1403715413.2621431  -0.5886089461212376 -0.14476428505413458  0.39579619831329255 0.77370624223418349 -0.27128286461321083 0.54149167683538635 0.18593284275003971
1403715413.3121431 -0.59213558493510843 -0.14004154024704382  0.38099213622327605 0.77252658558141407 -0.27262454866944308 0.54314979329697344 0.18402943263010887
1403715413.362143 -0.59283247972898512 -0.13698044862177491   0.3647725037763298 0.77110176335842429 -0.2746727752278359 0.54514196205345244 0.1810446859277553
1403715413.4121432 -0.59425255339430616 -0.13345645292667171  0.34904330546524354 0.76983640932681985 -0.27670085459091126 0.54682192706529376 0.1782535273817798
1403715413.4621429 -0.59493399510140488 -0.13157786593628487   0.3359582186696437 0.76891344447781884 -0.27845925222688367 0.54800257567919852 0.17585714884378598
1403715413.5121431 -0.59631726349719427 -0.12948612161234135   0.3227743014882391 0.76825691244186012 -0.27924207285043184 0.54890234306815211 0.17467512418712314
1403715413.5621431 -0.59799589129981956 -0.12782323417573643  0.31143850483747915 0.76830087904151056 -0.27900721454627425 0.54878343840808352 0.17522976694663667
1403715413.6121433 -0.60071391684679143 -0.12618071472932807  0.30142189040513967 0.76828909585815985 -0.27816431409848474 0.54869897179583482 0.1768782572781756
1403715413.662143 -0.60433053578674101 -0.12518543393789522  0.29260625531963536 0.76821796277254484 -0.27663621599307131 0.5487924618157195 0.17927743731121829
1403715413.7121432 -0.60668322099381733 -0.12525091021025575  0.28467190297893719 0.76840802836734323 -0.27446990778370089 0.54866145213494955 0.18217020229166855
1403715413.7621431 -0.61112320497554207 -0.12390261991939526  0.27634374423626967 0.7690613124803235 -0.27331566896231979 0.54758020120063999 0.18438862762868166
1403715413.8121431 -0.61518669471430798 -0.12308485454978724   0.2662149431593408 0.76987272325519274 -0.27277663399533814 0.54632646888577419 0.18551627240920981
1403715413.862143 -0.61944589517671778 -0.12234768844117912  0.25388200720791654 0.77068013266412161 -0.27233326477513836 0.54504618004566219 0.18657810062104827
1403715413.9121432 -0.61729296874685702 -0.11982542695839214  0.24048142067825559 0.77044817781491903 -0.27229548280341431 0.54486616379894759 0.18811070914103983
1403715413.9621429 -0.62125861337846988 -0.11784586688574394  0.22753476284073715 0.77028482568730916 -0.27098810617695651 0.54512665264311533 0.18990436067823893
1403715414.0121431 -0.62573154221411798 -0.11544529394433733  0.21649003364565497 0.77039715242574014 -0.27056124714636048 0.54487925680305849 0.19076539146989879
1403715414.0621431 -0.62811609566578852 -0.11395208873507497  0.20974215226223947 0.77080941515516022 -0.2709433189092153 0.5442110809340498 0.19046485984352124
1403715414.1121433 -0.63046954842889225 -0.10933732750245564  0.20419234083531096 0.77215101534194952 -0.27159199022626229 0.54202609714121974 0.19033735936276791
1403715414.162143 -0.63487704319831195 -0.10563127481404951  0.20113109790194408 0.77453973388708386 -0.27269784964378307 0.5385721206159797 0.18884955473865631
1403715414.2121432  -0.6394069477813179 -0.10157292270983789  0.20010272697187304 0.77792158060897143 -0.27430011237024776 0.53348994036415509 0.18704530549243814
1403715414.2621431  -0.64151473201820153 -0.096818173307252453   0.20177061448421316 0.78079534278833951 -0.27585232676450872 0.52897207907378374 0.18561429378958147
1403715414.3121431  -0.64481135726997862 -0.093627395141446787   0.20529377728314727 0.78383961613188202 -0.27681980820391605 0.52456825652723449 0.18383251674322659
1403715414.362143  -0.64516279766136009 -0.090068090794419645   0.20921721703633331 0.78613180157929452 -0.2772359896420486 0.52090091888166712 0.18384566707192695
1403715414.4121432  -0.64376668214727051 -0.087270472151691925   0.21284828197027861 0.78680647092621148 -0.27696758473480421 0.51979930653494588 0.18448093462631568
1403715414.4621429 -0.63936267166671223 -0.08471157554451765  0.21840264193431269 0.78646994187307251 -0.2768559288754826 0.51996934334124656 0.18560093523991866
1403715414.5121431  -0.63416183475357024 -0.081993967066783691    0.2192583299992725 0.78547024638656127 -0.27636031575393266 0.52118882356447638 0.18714614104837593
1403715414.5621431  -0.62935332102239838 -0.080387371678046576   0.21822380695017812 0.78346061519890287 -0.27530304496656072 0.52420916184216015 0.18868612165455217
1403715414.6121433 -0.62390915994393259 -0.07892132791716179  0.21562983552621132 0.7811538549979391 -0.27388705605348601 0.52771868009671308 0.19051910671950051
1403715414.662143  -0.61714081562453271 -0.077175640789851285   0.21181895944405624 0.7789192978849705 -0.27415257001221782 0.53092148767616509 0.19038768253699723
1403715414.7121432   -0.6097648275113744 -0.074513005635869184    0.2076982901775789 0.77625191194913379 -0.27495431390159097 0.53459399956574905 0.18984822909502144
1403715414.7621431  -0.60135250990448519 -0.071675663846430371   0.20217120200909894 0.77373942866714696 -0.27684884712426572 0.53790739025884859 0.18798311593522643
1403715414.8121431 -0.59323597748171986 -0.06892810647496754  0.19567701703715121 0.77185696584740981 -0.27989106891191218 0.54012232150439254 0.18483963760212063
1403715414.862143  -0.58539834940303037 -0.066340295990735459   0.18845862185697243 0.76967700278568729 -0.2838528212058522 0.54264476528084904 0.18044818089859496
1403715414.9121432 -0.57745459901655527 -0.06404885706764786  0.17948422499581523 0.76705907432787335 -0.28835550144029387 0.54550569926148285 0.17576977372012376
1403715414.9621429  -0.57018348456254309 -0.062433159053029937   0.16998979649231899 0.7651256716795084 -0.29225984003043859 0.54739548487528145 0.17182862270448204
1403715415.0121431  -0.56407049918312291 -0.061310210791796112    0.1604287724829703 0.76307603648931344 -0.29592315547523695 0.54933517745235128 0.16844972960124499
1403715415.0621431  -0.55992828094485225 -0.060355597325579151   0.14901253857524752 0.76124352639748072 -0.29916247987850991 0.55070807980465197 0.16652541844637894
1403715415.1121433  -0.55535960870032897 -0.058722008949628611   0.13843015397264632 0.75993823090928203 -0.30165208048193387 0.55136611775767919 0.16581710325601753
1403715415.162143  -0.55104459095252256 -0.059341890044865016   0.12820140336309602 0.75883182130957583 -0.30402788871829395 0.55163863683369896 0.16563853477300183
1403715415.2121432  -0.54965026677275719 -0.060992264287992481   0.11846045526503292 0.75778230163947968 -0.30490298875550081 0.5521782594664113 0.16703089696993223
1403715415.2621431  -0.54828940013393279 -0.063074373645012741   0.10928112048090391 0.7573560767510028 -0.30544250585893917 0.55189066393092678 0.16891815677665331
1403715415.3121431 -0.54992372939679213 -0.06614571975586063  0.10083660020198512 0.75840430507433143 -0.30172024561880306 0.5502113547677675 0.17622505075348313
1403715415.362143  -0.55102583766603053 -0.070346108413775629  0.093155865371484597 0.75996463304267237 -0.29850937406109951 0.54739513147143892 0.18358779960371324
1403715415.4121432  -0.55257048535140307 -0.074628932363254741  0.087280616752135817 0.76076911474234588 -0.29479423420905826 0.54539324296037628 0.19202323834475482
1403715415.4621429  -0.55095747834263809 -0.077512694765860105  0.082843204082587177 0.76281898123775893 -0.29211564735492507 0.54112415288319082 0.19990072936397718
1403715415.5121431  -0.55294281061811068 -0.081307092307150983  0.079729716697668762 0.76323571481426566 -0.28921887559219595 0.53972989638011448 0.2061924455130543
1403715415.5621431  -0.55431079733266264 -0.084247788534280707  0.076752569875101984 0.76368847043888677 -0.28795243473643534 0.53850609564188945 0.20946240809415159
1403715415.6121433  -0.55550080934422796 -0.086296130888522407  0.072990820482308441 0.76320918497536927 -0.28676143094732148 0.53859684281406728 0.21258660023857617
1403715415.662143  -0.55640526523717493 -0.086589044283956043  0.065851803482849663 0.76276469612173536 -0.28665247036802616 0.53824082247460625 0.21521430390214244
1403715415.7121432  -0.55863847805095812 -0.086983356074892465  0.056492844099126624 0.76291667200119617 -0.2870147024526194 0.53758938476435647 0.21582021579855398
1403715415.7621431  -0.55848704818981532 -0.087293645576077938   0.05283421128567492 0.76350097928772842 -0.28834126261738829 0.53661875740540499 0.21439654871188848
1403715415.8121431  -0.55967356754010811 -0.087202796759859438  0.056535465102347734 0.76362870596590349 -0.2871441589039645 0.53666511866122246 0.21542976081430951
1403715415.862143  -0.55771860230649295 -0.085852138186930813  0.058728875180709683 0.76238506738263967 -0.28676128556053698 0.53818209209607693 0.21655717462768595
1403715415.9121432  -0.55749776339828283 -0.083889569384488299  0.059499106279772153 0.76088244719504639 -0.28711979398279619 0.54019264908279685 0.21636087291990766
1403715415.9621429  -0.55665272008161037 -0.081526010770129789  0.057629159340278222 0.76110573234255663 -0.28665179537380781 0.54009606741446348 0.21643717418157271
1403715416.0121431  -0.55661555761583426 -0.081098963669282903  0.057206549584326687 0.7632713651166233 -0.28588752990219035 0.53746045348092497 0.21638254177153263
1403715416.0621431  -0.55705799849263193 -0.081838315928964012  0.058735851686278102 0.76323407204757521 -0.28561769407908116 0.53706420138888278 0.21784932334333076
1403715416.1121433  -0.55709077059377698 -0.082012065385872551  0.060008451963177681 0.76271643178042992 -0.28602286654639481 0.5374397020240762 0.21820433357975347
1403715416.162143  -0.55694933745333774 -0.081093817786615813   0.05894766099844656 0.76239884573507422 -0.28631505847295191 0.53784428848711807 0.21793395480108729
1403715416.2121432   -0.5576909599733525 -0.081080323377066651  0.059244253489158565 0.76299681976099387 -0.28721508276448277 0.53698127741613022 0.21678204946845067
1403715416.2621431    -0.559138696866604 -0.079523735557222794  0.056552296232135625 0.76363532838241754 -0.28765325910225559 0.53629233225370565 0.21565533181446925
1403715416.3121431 -0.55918945973229373 -0.07984156745101581 0.055278148404023945 0.76369577384829446 -0.28795590546461136 0.53622715696061007 0.21519897223790793
1403715416.362143  -0.55969806462574301 -0.079933299038490488  0.055262671989143648 0.76405883163771215 -0.28805611323553387 0.53570705198060464 0.21507145761886087
1403715416.4121432  -0.56001248602353049 -0.080088426118765557  0.055428140141532807 0.76411517986490529 -0.28830303033554877 0.53557240497352188 0.21487567016821907
1403715416.4621429  -0.56051824281567741 -0.079750306797060799  0.055253683999686477 0.76443570328703137 -0.288463736801229 0.53512145451985504 0.21464332508440126
1403715416.5121431  -0.56141112634051871 -0.078945182387970603  0.054901082068533828 0.76423993791671552 -0.28866836147584235 0.53531084990225752 0.21459307619965304
1403715416.5621431  -0.56261020953180096 -0.078402564768304289  0.054842975334997546 0.76397155848453391 -0.28829871351800351 0.53578968108942804 0.21485047649159505
1403715416.6121433  -0.56352685571971928 -0.078009071238364383  0.054677668643911347 0.76424016401683015 -0.288432734639536 0.53541659185484247 0.21464529451733291
1403715416.662143  -0.56472783175017816 -0.078301662641566558  0.052806084836473421 0.76423625247579885 -0.28878141087663489 0.53544251292484857 0.21412510942570595
1403715416.7121432  -0.56585019644360346 -0.077252908552866387  0.052292381913672914 0.76424599710296381 -0.28877005736578426 0.53542699158227525 0.21414445256931708
1403715416.7621431  -0.56646843604257158 -0.075578552516497463  0.052707445313799818 0.76429773781570842 -0.28877978854231107 0.53537111593118658 0.21408636090569819
1403715416.8121431  -0.56688886983510856 -0.074386353271266845  0.052445102379516398 0.76396166034100199 -0.2888310840015369 0.53573025023330456 0.21431818734880542
1403715416.862143 -0.56824009327977831 -0.07327753890095226 0.052227792559905097 0.76422917577476823 -0.28885388964950232 0.53545135023607582 0.21403048581764003
1403715416.9121432  -0.56941771942852992 -0.073159522319639902  0.052525798718672995 0.76448212764179047 -0.28892051541388719 0.53518792471062626 0.21369580607299715
1403715416.9621429  -0.57050534755552174 -0.071642262849506033  0.052460462511537832 0.76432873802369794 -0.28875766334969022 0.53542213690821727 0.21387783287794604
1403715417.0121431  -0.56947426640212229 -0.070765447649962121  0.052240036411518587 0.76402238626056429 -0.28910477344063773 0.53563927941149381 0.2139597757011498
1403715417.0621431 -0.56895228636336848 -0.07026642348325525 0.052137915998004027 0.76402816126715212 -0.28920832571956279 0.53550463278653693 0.21413617487332309
1403715417.1121433  -0.56957279776862335 -0.069223529503306125  0.052045869674856533 0.76414512267158008 -0.28947324398962049 0.53528773410916441 0.21390304865438001
1403715417.162143  -0.57055642664783202 -0.068169953174261597   0.05203962257023876 0.76417611326724633 -0.28947944049011154 0.53527827508822134 0.21380759964013288
1403715417.2121432 -0.57159933209693448 -0.06657721677524546 0.052083997645765018 0.76403555795482092 -0.28943073445529061 0.53548547992141293 0.21385700111679959
1403715417.2621431  -0.57292297810651049 -0.075177489986898785  0.053775190429221291 0.76449186267453861 -0.28873281211524487 0.53558437436338147 0.21292001561671545
1403715417.3121431  -0.57378251793391188 -0.074437656018639067  0.054102778105766462 0.76439400729282558 -0.28875679033267915 0.53569704122352924 0.21295538893378904
1403715417.362143  -0.57304827677688086 -0.074881864194944858  0.053910177970716483 0.76454771696025592 -0.28884501733221152 0.53549741787166971 0.21278594856331418
1403715417.4121432  -0.57285464456502466 -0.074584849093592517  0.054101947642065995 0.76451416668589001 -0.28906165388286387 0.53541508858223674 0.21281948244829102
1403715417.4621429  -0.57335473317167085 -0.074061689921685825  0.054264406794978355 0.76445291946778693 -0.28909333087965267 0.53549807756054124 0.21278766150096581
1403715417.5121431 -0.57390711173583653 -0.07396638818254854  0.05423351412843197 0.76442332530349733 -0.28900530889873405 0.53561780129728198 0.2127122048537792
1403715417.5621431   -0.5748010147181033 -0.073509627042299505  0.054547604601094458 0.76440173433740666 -0.28906373434356619 0.53561153708898945 0.21272617931624491
1403715417.6121433  -0.57397046744066715 -0.074065670609843315  0.054569852602596017 0.76442918780238533 -0.28929715560408287 0.53545438351264329 0.21270584329601244
1403715417.662143  -0.57400009359326687 -0.074181649718372919  0.054697766353487588 0.76445911019959867 -0.28937653260030438 0.53537154781330754 0.21269884109944312
1403715417.7121432  -0.57470132121195328 -0.074019759887468881  0.054901840980817927 0.76440375563467888 -0.28936660480645487 0.53548662885291509 0.21262158101689396
1403715417.7621431  -0.57526541430008182 -0.074114990328102121  0.055161777264387223 0.76440920840454007 -0.2892452312386547 0.53555863547895621 0.21258576216661426
1403715417.8121431  -0.57602637140114621 -0.073852672577726333  0.055529312003958546 0.76444504860470186 -0.2893178932933454 0.53548134157966709 0.21255271605908843
1403715417.862143  -0.57373936416836346 -0.075095486825153282  0.054867942268645054 0.76450313503362421 -0.28928148284820915 0.53540757182304044 0.21257919051369364
1403715417.9121432  -0.57428184518730541 -0.074873516505308879  0.055204476040935833 0.76452065815141557 -0.28928938480671423 0.53537264973708409 0.21259337010211019
1403715417.9621429   -0.5716887532581244 -0.076011677769722868  0.054306572605120916 0.76451647969705538 -0.28924456283298489 0.53540258174362287 0.2125940041615493
1403715418.0121431  -0.57179664495661198 -0.075956773454454563  0.054546134510580546 0.76447493807944022 -0.28927955243546943 0.535440767188338 0.2125996105921521
1403715418.0621431  -0.57243730392050607 -0.076206844114169656  0.054773080200828272 0.76457571984840489 -0.28919135619913766 0.53538969233705047 0.21248577707045621
1403715418.1121433   -0.5718153933879444 -0.076162131130699445  0.054462626770890851 0.76461715267898744 -0.28921633405257774 0.53530666084089829 0.2125118839162492
1403715418.162143  -0.57208152884883645 -0.076021234652781947  0.054691530701621201 0.76459862468191508 -0.28923081502111941 0.53532474498267524 0.21251328472821815
1403715418.2121432   -0.5719132384761636 -0.076129017202629212  0.054862344307041802 0.76458060426485897 -0.28928313958740426 0.53531362753702616 0.21253490279384157
1403715418.2621431 -0.57197184708527704 -0.07620540239974008   0.0550573101215397 0.76453167735807459 -0.28930079114311574 0.53536300155399197 0.21256251580915381
1403715418.3121431  -0.57227285500121283 -0.076329399963892972  0.055264249996777322 0.76457531809494927 -0.28932516592291158 0.5353104758372822 0.21250464884926493
1403715418.362143  -0.57240111688575623 -0.076656118892915917  0.055449450443333152 0.7646137681765266 -0.28928458000294915 0.53529485340429972 0.21246090747777452
1403715418.4121432  -0.57268729282391695 -0.076703058651936468  0.055714966284447109 0.76457870171102904 -0.28929098161827588 0.53534636284626935 0.21244860232885132
1403715418.4621429  -0.57230936285706635 -0.075771175897818746  0.054546854288013466 0.7645347160362661 -0.28933125109095281 0.53534557961461082 0.21255400608924468
1403715418.5121431  -0.57253226904650445 -0.075783296450242316  0.054693439346838138 0.76455524611464132 -0.28933426024032405 0.53533129395176415 0.2125120401428936
1403715418.5621431  -0.57118588688906946 -0.076427748218838631  0.054137094849045296 0.76457668883756691 -0.28935566540105845 0.53529009838621455 0.21250952062477127
1403715418.6121433  -0.57134383462357785 -0.076429257898665698  0.054203916518395734 0.76456677316490596 -0.28945016481898461 0.53527646198658663 0.21245084302395278
1403715418.662143  -0.57207834337793606 -0.076566961774172063  0.054281900655484973 0.76459483667059169 -0.28929614536366766 0.53534241893737355 0.21239343328049634
1403715418.7121432 -0.57167967484293425 -0.07649116739721977  0.05416897366173689 0.76460797882595832 -0.28927458743438861 0.53531631775939892 0.21244126652057355
1403715418.7621431  -0.57171703285953612 -0.076546326625414232  0.054298178509555296 0.76460790929662237 -0.28932899874903212 0.53531276075823742 0.21237637272852333
1403715418.8121431  -0.57188450518857881 -0.076608473687820616  0.054430418583973912 0.76461421018196407 -0.28939814781611684 0.53528942851418571 0.21231827370570075
