# time_in_imu_clock tx ty tz qx qy qz qw; Hamilton IMU-to-estimator-world; NO GT alignment
1403715278.862143 0.0011944891979323927  0.018520733704123628  0.095044265299162795 0.8085136202422617 -0.0084271301521015845 0.5884137709780608 0.0019858206186868081
1403715278.9121432  0.041477585048402411 0.0094451542457692321   0.09959461685290219 0.81186491334815447 -0.0060491909543924994 0.58381330034360235 -0.00089448583094662779
1403715278.9621429 0.053720043272060689 0.012207506028716706  0.11307651677823401 0.81105101264429913 -0.0066264613647590946 0.58493719241457731 0.0009087511155645001
1403715279.0121431 0.061450005818706618 0.013873829945514386  0.12755860534534644 0.81084761570493602 -0.0060217485605053873 0.58522378163276934 0.0017343763534421362
1403715279.0621431 0.068666197656701705 0.015491235875270213  0.13687834021288664 0.81111814572000773 -0.0058175807358903106 0.5848497746338408 0.002061685927449171
1403715279.1121433 0.075639532201687176 0.016914965268485096  0.14083689815868033 0.81112615270893951 -0.0055774639113187518 0.58483942169000624 0.0024712598429597883
1403715279.162143 0.082066574159996242 0.018152560064645145  0.14017284964597762 0.81157084608719388 -0.0049315811858952324 0.58422536966210337 0.0030263396210455868
1403715279.2121432 0.087871525653858626  0.01916478325580516   0.1353201602169265 0.8121225691566365 -0.0045576478453986649 0.58345777621264105 0.003630962619108234
1403715279.2621431 0.091136558368754159 0.017325348150817099  0.12995791654230954 0.81233422812293465 -0.0040161436003803104 0.58317265762527026 0.0025736761211589071
1403715279.3121431 0.096659222145256532 0.018823340701450208  0.13017793802047167 0.81389300491304151 -0.0040029150225522492 0.58099425490241141 0.0027980341909998605
1403715279.362143  0.10197611092544139 0.018894453856827084  0.12664564704021605 0.81475115426956501 -0.0046397280884038728 0.57978826850142429 0.0021431863655413399
1403715279.4121432  0.10415434835540409 0.016795201972742094  0.12060185173919842 0.81430989737223669 -0.0048495410983192475 0.58040955581153186 0.00078772800729688826
1403715279.4621429  0.10864820106897127 0.016739204015250378  0.11998593271426079 0.81517656804226679 -0.0049420909989731521 0.57919136047476327 0.00032650081516554143
1403715279.5121431  0.11114650502443812 0.023693052079067502  0.10943824916391701 0.81436847390898326 -0.0057302497951647697 0.58031865679818639 0.0011872288690440139
1403715279.5621431  0.11455359885918466 0.024501260548609183  0.10949920528859786 0.81409967249771531 -0.0051726723214457985 0.58069906761467327 0.0018866827017132775
1403715279.6121433  0.11737716786473557 0.024664366141405897  0.11174714204773732 0.81448941340293157 -0.0051156598461227732 0.58015228952950582 0.0020362790967381385
1403715279.662143  0.11993101775666674 0.024568522602743021  0.11563372494608463 0.8147680650173813 -0.004931735216991421 0.57976262416306801 0.0019944520889256722
1403715279.7121432  0.12249039780561065 0.024276721161804519   0.1203632446934388 0.81467229953042108 -0.0050150756911745741 0.5798966430086856 0.0019434044573406902
1403715279.7621431  0.12482330351991723 0.023887638000740417  0.12601583951230044 0.81483297376070996 -0.005094832846292612 0.57967061613197968 0.0018012061841177329
1403715279.8121431  0.12670519563177593 0.023182779586368628   0.1323050215133918 0.8150429745508464 -0.0055159354877138897 0.57937236564411765 0.0014785191722601545
1403715279.862143  0.12743669781612033 0.021015908897925938  0.13910103005903862 0.81521351612418558 -0.0051779173713933542 0.57913574032239667 0.0013807901241644285
1403715279.9121432   0.1282051204401071 0.020874295603905132  0.14696325059895976 0.81568272959437416 -0.0052990410243885355 0.57847243079738031 0.0018032229654966652
1403715279.9621429   0.1276722414187268 0.020363364856837863  0.15068158156632538 0.81696044930848999 -0.0049496796125757725 0.57666779019103054 0.0023204942569575063
1403715280.0121431  0.12664126034964127 0.020877280768952726  0.15541103053219166 0.82014111618556984 -0.0051142905724522163 0.57213266706690058 0.0025699900278418138
1403715280.0621431  0.12715239000293993 0.020107071874409552  0.16165709474295861 0.8244315556269286 -0.0051443426959603758 0.56593201883172639 0.0026638103978276037
1403715280.1121433  0.12704425448466522 0.020519570992175402  0.16688762451172942 0.82818150923816991 -0.0034050527904860364 0.56042071692458462 0.0056932778972834715
1403715280.162143  0.12877034876025978 0.018593676054791116  0.17407123159708848 0.83034816388260047 -0.0014193731122003552 0.55718628365165856 0.0079597378861348805
1403715280.2121432   0.1318906248257761 0.017567043063182526  0.18201431593110753 0.83110889353552375 0.0016066812682346361 0.55597655063379103 0.012062371525178091
1403715280.2621431  0.13581845017241351 0.017066535944842025  0.19020471426712679 0.8306385527751583 0.0042977737355251507 0.55656973385839303 0.015851029534592258
1403715280.3121431  0.14071120448265212 0.017391831741231965   0.1984933106123728 0.82963697044062579 0.0064774313283827156 0.55795326750037133 0.018673281638361749
1403715280.362143  0.14643160371008831 0.018457943061225474  0.20696056330539381 0.82810930080962086 0.0078921964629561931 0.56011271518251526 0.021129255511295797
1403715280.4121432   0.1529756251571317 0.020136854652996541  0.21531824496490079 0.82642238174407245 0.0081504449641532015 0.56248658681937003 0.023842333099685833
1403715280.4621429  0.16158239622680989 0.022365593910317269   0.2239957813813841 0.8257492431266803 0.0049731286688675293 0.56351385644433494 0.023782116436328434
1403715280.5121431  0.17224122611989093 0.026417452457605989  0.23337950818374537 0.82477241539846669 -0.0015256222098625608 0.5650006191801733 0.022856850191414795
1403715280.5621431   0.1821506016121254 0.028687036119170482  0.24215197669770175 0.82372233976989939 -0.0090777132662675508 0.56646473084123916 0.022733473091906105
1403715280.6121433  0.19480522542329465 0.030897446051587504  0.25219980609388792 0.82265803726572817 -0.017811985269889488 0.56775317927046243 0.023933539878743266
1403715280.662143  0.20981625461396894 0.032228643440668739  0.26357748975839129 0.821848812536497 -0.026665636474171469 0.56840978394834862 0.027636763116703038
1403715280.7121432  0.22217774180567632 0.030342374346114549  0.27258971741680982 0.82082986575780392 -0.036490596184689028 0.56912794695199176 0.031625114518727029
1403715280.7621431  0.23155287856443696 0.032550587504073678  0.27830769320016563 0.81989418205772291 -0.047047540134821132 0.5693659374296175 0.037181830106288213
1403715280.8121431  0.24195488419683525 0.034973530939630307  0.28392896376646642 0.8193014902200435 -0.058056938814383459 0.56877477983188029 0.043240141141249605
1403715280.862143 0.25278470111124718 0.03737065053556024 0.28983135240745056 0.81790821720316675 -0.068801594900391255 0.56903044467716402 0.049968408031566117
1403715280.9121432  0.26289218368232314 0.041049719044249915  0.29475210722144241 0.8167227541453872 -0.078565237701249652 0.56885096596841467 0.056568761723420478
1403715280.9621429  0.27483077653469101 0.045633852601047485  0.30090884109085303 0.81568009908372197 -0.086806843495398328 0.56854164503524796 0.062377445777694648
1403715281.0121431  0.28488338569901339 0.049089740268221958   0.3058258610102369 0.81462979765970445 -0.094224269079525122 0.56835034864714584 0.066917569247589792
1403715281.0621431  0.29187020054484103 0.052180576501089697  0.30940075572537729 0.81380570471747893 -0.10034806203384922 0.56787370648499347 0.071902676572807037
1403715281.1121433  0.30243930900063121 0.056620410497864419   0.3143285008087916 0.81301292908849887 -0.10565430238229598 0.56754941437278383 0.07572851357421502
1403715281.162143  0.31242948175759033 0.060404175149353159  0.31899642700008374 0.81203524666399518 -0.10978332882698755 0.56769831204040666 0.079151787051735326
1403715281.2121432  0.31995357429767379 0.064438452388065795  0.32207403060126477 0.81123368862514611 -0.1135654449679013 0.56763894237227164 0.082394315649631192
1403715281.2621431  0.33100212101672044 0.068883504870047754  0.32621797791697099 0.81074437271677435 -0.11837324226016149 0.56693470317117278 0.085243064029372109
1403715281.3121431  0.33644856131195228 0.067853103538256063  0.32728579277973185 0.81000238120495294 -0.12336280585573593 0.56641617916145792 0.088602892491393526
1403715281.362143  0.34553792896039237 0.069665602023481724  0.32943562007047766 0.80959637972455556 -0.12912917968594412 0.56510003961967392 0.092419165287138894
1403715281.4121432   0.3565631622989916 0.069756876089477865  0.33182097619848983 0.80911735087427372 -0.13535833859701724 0.56362181268297395 0.096631697462124314
1403715281.4621429  0.36740509114598008 0.071598245952576689   0.3339533895397791 0.80800148242099956 -0.14234398099630963 0.56251620619471498 0.10221209932241125
1403715281.5121431  0.37830554330954247 0.073096627345598894  0.33583529784274291 0.80666071193158895 -0.15038144087464198 0.56119603411839447 0.10836479758793748
1403715281.5621431  0.38921545403512803 0.074158483806144176  0.33706706576710249 0.8051973436613501 -0.15920573687637163 0.55942858718469524 0.11554404764804306
1403715281.6121433  0.39699416210108235 0.075302564985072429  0.33506294898226885 0.80304533055544147 -0.1687357625490562 0.55805085688538947 0.12339238485244049
1403715281.662143  0.40822291866248672 0.075715272119392371  0.33449388645075856 0.80066623660546266 -0.17985417614676208 0.55626820562375912 0.13096463757342394
1403715281.7121432 0.41413578805686224 0.07805304240159483 0.33191655581901053 0.7982293163856532 -0.1906031656699626 0.55400331421521887 0.13993112426345716
1403715281.7621431  0.42429496249863169 0.079339891502853671  0.33061450320696828 0.79547669161025247 -0.20276796672237027 0.55149183583256634 0.14818481631432018
1403715281.8121431 0.43073609413147873 0.08080461330464625 0.32712648316819393 0.79230859280809329 -0.21480110228236052 0.54907959713722587 0.15690499108812175
1403715281.862143  0.43973834548959329 0.083188741517906201  0.32414415273997726 0.78859002761005081 -0.22727563641511414 0.54682180130422009 0.16570296033714144
1403715281.9121432   0.4546629899022942 0.084300680935257666  0.32148398312885623 0.78549642078011028 -0.239697772744111 0.54329792620703077 0.17426334686986858
1403715281.9621429  0.46654737629509851 0.085281069823099992  0.31824043407394736 0.78168409256874127 -0.25207799790991026 0.54056543806916069 0.18225166545140645
1403715282.0121431  0.47886484615591868 0.084651127360206427  0.31438773174427342 0.77774681040216909 -0.26430439777267029 0.53783094557961597 0.18971283088978147
1403715282.0621431  0.49040665998104027 0.085284066173579101  0.30988882521140504 0.77361540939912621 -0.27605329251662586 0.53516851393553988 0.19725222361985806
1403715282.1121433  0.50219031785871859 0.085776893728446504  0.30507527976715365 0.7696092710397533 -0.28636342018147315 0.53224948498029467 0.20593214234266499
1403715282.162143  0.51413487584403295 0.086126856065749879  0.29988114739990995 0.76549149339965394 -0.29734431782133419 0.52940915892736296 0.21292034340559232
1403715282.2121432  0.53057436436457261 0.085108229984951239  0.29460508028299531 0.76147038979053649 -0.307614354879097 0.52624431897835711 0.22046126845223996
1403715282.2621431  0.54824057015692285 0.085273315314684503  0.28897507462883482 0.75776365559327874 -0.31865684821997575 0.52197691429011517 0.22757890124656138
1403715282.3121431   0.5620384910872559 0.084742020648665178  0.28348983815199735 0.75352888160902609 -0.3289455517438763 0.518591587312073 0.23463123009972869
1403715282.362143  0.57662520883772306 0.084317566779169573  0.27789745738725186 0.7490726302554721 -0.33913114304767689 0.5151416884469302 0.24188696376896962
1403715282.4121432 0.59221047659197723 0.08341473285700779 0.27205056208997247 0.7453900464378177 -0.34852309448068991 0.51034996456991555 0.24993648182791983
1403715282.4621429  0.60899464954046223 0.082684676615631433  0.26516629714934964 0.74076369176422119 -0.35920320348477425 0.5066298924632221 0.25606320241850833
1403715282.5121431  0.62673692216668631 0.082938438233024991   0.2595919079986182 0.73614996294894952 -0.36876611315600383 0.5027900272678556 0.26324318475140557
1403715282.5621431  0.64284724272897309 0.084745653185619246  0.25600779969013376 0.73156680625437476 -0.37775587168454799 0.49881592119203483 0.27072714337495479
1403715282.6121433  0.66022025550086905 0.083869738870720467  0.25031100705906567 0.72549990759660266 -0.38671064600050409 0.49681659414233054 0.2779892662172565
1403715282.662143  0.67738778398869692 0.083487439564828084  0.24417076416019867 0.71944105079737797 -0.39560940618981549 0.49500592624421802 0.28437106945821683
1403715282.7121432   0.6948837364544006 0.082817385439966792   0.2377572625276119 0.71305067137018119 -0.40494395363719082 0.49329103199185992 0.29024660588475543
1403715282.7621431  0.71246777005380513 0.082626949744721886  0.23088375110132023 0.70666958455675688 -0.4143144563688746 0.49180907232374749 0.29510246675722601
1403715282.8121431  0.73073823548487238 0.083444591725435821  0.22327918612526848 0.70095760596082379 -0.4238226000037309 0.48905651675027878 0.29976084099800704
1403715282.862143  0.75210308640286183 0.078180602803920876   0.2148087393945555 0.69519352651639177 -0.43264384248349225 0.48639656518823515 0.3048666062787283
1403715282.9121432  0.77020148444732484 0.077812867774854161  0.20797167026756858 0.6889814073834889 -0.44059418959180591 0.48383724836000519 0.31158128550544467
1403715282.9621429  0.78824302635962495 0.077221779157926912  0.19960273344905829 0.68291979152052718 -0.44932047563817307 0.48078834258247605 0.31713441654705571
1403715283.0121431  0.80608972282148639 0.077008623687122066  0.19245446162144697 0.6763324031061656 -0.45789751042448412 0.47820312533620418 0.32284070588199543
1403715283.0621431   0.8243680987712434 0.076787281402923568  0.18509556309209793 0.66937313345465577 -0.46680047095047394 0.47585056394150976 0.3280292202320676
1403715283.1121433  0.84386128920992398 0.076175016953092117  0.17694413797770508 0.66233654370140149 -0.47619776270204206 0.47329645725652519 0.33247023509432144
1403715283.162143  0.86177952047558581 0.075486616689017197  0.16941296080524676 0.65496318091468497 -0.48524445647856018 0.47150938092744504 0.33651144527394872
1403715283.2121432  0.87852337050499585 0.075161487912784278   0.1627698083621876 0.64768477090956567 -0.49380114418811993 0.4695132790187348 0.34091369634469482
1403715283.2621431  0.89452831040662384 0.075840176708290727  0.15610755794061587 0.64092379547799239 -0.50165485105850793 0.46684932127466017 0.34584795795976625
1403715283.3121431  0.91004244205675233 0.076695626080183849    0.149331313068404 0.63413804394067197 -0.50978957714565809 0.46421646191109733 0.34998086340754753
1403715283.362143  0.92451884241257165 0.078198034407983105   0.1429506230652253 0.627664050822617 -0.51658410470900107 0.46134725642951191 0.35543974320819205
1403715283.4121432  0.93824131086444806 0.078834898060751057  0.13506216850523867 0.62187706067889903 -0.52489055104959281 0.45691566102629327 0.35914747601665448
1403715283.4621429  0.95249838535031728 0.078986314098757324  0.12747499578473195 0.61756153920559043 -0.5322217570050104 0.45185525248536285 0.3621941157251326
1403715283.5121431  0.96587298736633032 0.079723668729208635   0.1222516288435785 0.61361558491770285 -0.53899936283343242 0.44569455900667165 0.3664859627367848
1403715283.5621431  0.98011572693338866 0.076966709759884289  0.11417897050402222 0.6102604418899259 -0.54540582104957414 0.43934953661376119 0.37025216826755475
1403715283.6121433  0.99186280555091277 0.078378834018514879  0.10867256114702378 0.60719969849138689 -0.55128966100200505 0.43318246223794804 0.37381972959400134
1403715283.662143   1.0045620185644348 0.079192491215639357  0.10330871983211057 0.60467149690322286 -0.55606760191067306 0.42802790835180921 0.37676692080131458
1403715283.7121432   1.0198569441954224 0.080383952898228098 0.099533063465265761 0.60198452218891196 -0.5601537939821799 0.42389721463648039 0.37967553721011643
1403715283.7621431   1.0321741889110287 0.080709204381877078 0.095156285336791407 0.59960252557695382 -0.56311337405992989 0.42156616828675075 0.38165705159554814
1403715283.8121431   1.0440655624815651 0.080608520113929744 0.091083624333921878 0.59682130668333688 -0.56520732458743128 0.42114151889561269 0.38338600546160873
1403715283.862143   1.0557683137767537 0.080361255380849539 0.087046561190894309 0.5948348164439704 -0.56619283926811403 0.42039708161132938 0.38582833447047038
1403715283.9121432   1.0672887577535095 0.079761143610756355 0.083193824537652061 0.59258248142718573 -0.56714647178810484 0.42118106789904158 0.38703667821968285
1403715283.9621429   1.0785986740060931 0.079077095080588827 0.079173014161042637 0.59113492669555912 -0.56783472090310994 0.42132389814379728 0.38808427052695432
1403715284.0121431   1.0936667857640094 0.074716153277979827 0.071176309736547233 0.59141559862407467 -0.56942795961969073 0.42008267951227307 0.38666514050438028
1403715284.0621431   1.1064247370869518 0.069891482955388384 0.062617131794540384 0.59232587969956896 -0.57055982066248923 0.41886401228102155 0.38492139781981993
1403715284.1121433   1.1177625971225438 0.066152877375107805 0.056806416152546155 0.59297807332841612 -0.57182012246570146 0.41836716141042651 0.38258027961254337
1403715284.162143   1.1287895605626936 0.063103011819378441 0.051209165575580043 0.59364942013787803 -0.57277270160245841 0.41863232714428017 0.37981412946169707
1403715284.2121432   1.1402661564287608 0.060606071429758032 0.046387098733085309 0.59322707813401998 -0.5744953275262652 0.42029975580160089 0.37601179195894524
1403715284.2621431   1.1509135221800124 0.057568185065780778 0.041801917635634282 0.59276454188195471 -0.57583223289197505 0.42229242010953144 0.37244670674897035
1403715284.3121431   1.1584272272860781 0.052702686210983715 0.035427090835485633 0.5922655944390427 -0.57679393206653595 0.42516552607440322 0.3684623468047552
1403715284.362143   1.1671002880701078 0.047729800363168158  0.03128214328015301 0.59176759523184086 -0.57699941285249023 0.42758319287867891 0.36613577258864027
1403715284.4121432   1.1746212627316499 0.041893040980124828  0.02799171646407626 0.59305531914745024 -0.57479789974926332 0.42759627578982456 0.36749719428238387
1403715284.4621429   1.1811807653942568 0.035342581642900724 0.025040137548613634 0.59493937230215621 -0.57203810591147131 0.42707854283623387 0.36935547500857752
1403715284.5121431   1.1868979966510025 0.027963999809458011 0.022375899771104105 0.59751652535448452 -0.56833900336654786 0.42578128965777645 0.37239102104908989
1403715284.5621431   1.1921637490874541  0.01966343696231572 0.019839367684303149 0.59943162530727478 -0.56473681876470605 0.42553054680764263 0.37507040118701351
1403715284.6121433   1.1966794105005407 0.011083032840180812 0.017374089384775492 0.60113473186310329 -0.56109595696218439 0.4255940521541175 0.3777274996602758
1403715284.662143   1.2000541168581895 0.002093205789921716 0.010700375801926822 0.60303369302216114 -0.55796238582231339 0.42518719755051992 0.37979492904284695
1403715284.7121432     1.2044435005686289 -0.0063494846479088991   0.007360289325314729 0.60432232282685727 -0.55553899533800366 0.42545121455785789 0.38100159950220258
1403715284.7621431    1.2076305896003388 -0.014743167736515805 0.0037031358880753509 0.60513169960092461 -0.55349158782764563 0.42554965315326221 0.38258356086385398
1403715284.8121431        1.2120170434774  -0.023270127145999974 0.00070364210426247006 0.60447278861077802 -0.55286545570676926 0.42517921289006966 0.38493515381351795
1403715284.862143     1.2169235099858662  -0.031757018493496256 -0.0011499467852576451 0.60189715282908984 -0.55344794215619519 0.42527915261040189 0.38801138526374024
1403715284.9121432     1.2228849720392274  -0.037427398076966406 -0.0025299017331088013 0.59700323999859317 -0.55637442146409821 0.42603893899275008 0.39054507682673972
1403715284.9621429     1.2268504825875461  -0.045403894830908967 -0.0037284131508944322 0.59058179171953951 -0.55979975568859153 0.42672275901464973 0.39464549631188839
1403715285.0121431     1.2309567502492342  -0.052421573131932762 -0.0044836345649241303 0.58176844258215399 -0.56480346991468344 0.42851570746018353 0.39864371065873672
1403715285.0621431     1.2342921842787027  -0.059220581219891488 -0.0052962344652277785 0.57304718629409857 -0.57033406117095198 0.42860101577782039 0.40328296545091796
1403715285.1121433     1.2372817097122981  -0.065482056970012359 -0.0051421873288141039 -0.56522086787736847 0.57626404554282218 -0.42552667099929142 -0.40911144276203687
1403715285.162143     1.2399831419859537  -0.070225660916103591 -0.0043599448325336012 -0.55830734013081107 0.58337379220313546 -0.42084001589206127 -0.4133541018915397
1403715285.2121432    1.2466955563410735 -0.073133712539768136 -0.003067564363172418 -0.55158532595695309 0.59186834576256842 -0.41523958561745372 -0.41595862295363967
1403715285.2621431     1.2484594161784481  -0.072150058292618072 -0.0030567165472499798 -0.54550289160510534 0.60013785062193981 -0.41041969963130975 -0.41691345103737382
1403715285.3121431     1.2509195972082194   -0.07484805515346743 0.00068227923026181866 -0.54075909644857034 0.60847899409218276 -0.40600050125037324 -0.4153269872535818
1403715285.362143    1.2541352557764991 -0.075792991764530637 0.0078836515618964948 -0.53689818049517912 0.6161779900636184 -0.40142987854380996 -0.41342360957549062
1403715285.4121432    1.2560777559657308 -0.076196494239972032    0.0176231487424711 -0.53461886917497214 0.62260503140847823 -0.39681474665363298 -0.41119787988891104
1403715285.4621429     1.257038159312408 -0.077644151722237764  0.031870651476584105 -0.53300433211698295 0.62715532391167117 -0.3932021262710334 -0.4098471294637967
1403715285.5121431    1.2578080002841869 -0.077502421311287054  0.048449181747883513 -0.53126934109380075 0.63098237301000792 -0.39071001540671302 -0.40860716590058022
1403715285.5621431    1.2573350893353408 -0.078803568554562317  0.067402800248097305 -0.52903289567632794 0.63400815629526119 -0.38993489307729801 -0.40756426757531045
1403715285.6121433     1.256235533790913 -0.081126563738275675   0.08724744934116839 -0.52693159934091094 0.63628232329142576 -0.38971665945741168 -0.40695063585679658
1403715285.662143    1.2540252155923268 -0.083866727213392417   0.10668673623941054 -0.52588897636742304 0.63772902301103662 -0.38875904186614069 -0.40695071582678549
1403715285.7121432    1.2505089521258337 -0.087384176970603092    0.1254852423274003 -0.52460677130403432 0.63926105438883452 -0.38836618927285654 -0.40657685973664576
1403715285.7621431     1.245683200367643 -0.091412354931083323   0.14430545543004386 -0.523852204276259 0.63894350177970116 -0.38761552831824153 -0.40875943024591882
1403715285.8121431    1.2361531510792563 -0.094398947351789025   0.16187105517964459 -0.52317118384299788 0.6388386592258104 -0.38694342197163439 -0.41042888308179132
1403715285.862143    1.2228664556053725 -0.097007164039743091   0.17877937283608086 -0.52460260629337485 0.63747011059767522 -0.38445577132777414 -0.41305898302488486
1403715285.9121432   1.2138791293459135 -0.10234940206128354  0.19599166388361267 -0.52677974395992855 0.63545065563820835 -0.3808876429220156 -0.41668953559190108
1403715285.9621429   1.2037881810923736 -0.10718322336619671  0.21236457344496207 -0.5294126994025149 0.63422274024983083 -0.37671812088711071 -0.41900735895282598
1403715286.0121431   1.1935595896524616 -0.11326468066950142  0.22811826687873737 -0.53192447597785897 0.63249248139779002 -0.37313220520515866 -0.42164199301028121
1403715286.0621431   1.1829780257917195 -0.11988341969956505  0.24268586699482106 -0.53385166512970572 0.63111603306116748 -0.37006254957195389 -0.42396776039656731
1403715286.1121433  1.1731738113117616 -0.1261147566377491 0.25660240973765319 -0.53443012784300092 0.63098494607563049 -0.36880377334177261 -0.42453057963887331
1403715286.162143   1.1627389483974016 -0.13311983016608284  0.26973813846064149 -0.53377313897850187 0.63196187701040085 -0.36931543603765377 -0.42345782648906782
1403715286.2121432   1.1527902713206908 -0.14092600189580243  0.28174193921560964 -0.53258390811992884 0.63375170985263907 -0.37027053891675971 -0.42144143019030783
1403715286.2621431   1.1420702795140174 -0.14884864271433526  0.29345676971301543 -0.53203996518959107 0.63472001455721061 -0.37098396701571412 -0.42004151554201979
1403715286.3121431   1.1314851834494992 -0.15806654854253993  0.30517837478209264 -0.53236742350296129 0.63440202494717823 -0.37044719960954003 -0.42058039592590157
1403715286.362143   1.1185978380177291 -0.16848504310349821  0.31808222827256999 -0.53325378643433807 0.6330224782661612 -0.37063689842595782 -0.42136828403238313
1403715286.4121432  1.1083691898654837 -0.1790729393000132 0.32870033062148024 -0.53376086630381492 0.63239462080418374 -0.36994276815696336 -0.42227802390000962
1403715286.4621429   1.0999096145925646 -0.18979168347311737  0.33914891280150555 -0.53406982093576882 0.63138277944141163 -0.36905279416219555 -0.42417596267533803
1403715286.5121431   1.0895263161716175 -0.20147185779264315   0.3487187131687402 -0.53439671176790871 0.63065877821622185 -0.36803356587122571 -0.42572403538275727
1403715286.5621431   1.0811363817041129 -0.21391595962197363  0.35865926722802288 -0.5339069810805972 0.62987913647983473 -0.36771030422372902 -0.42776715763194517
1403715286.6121433   1.0707161519564976 -0.22681091833710981  0.36797163817794198 -0.53195116544601151 0.63007398051791896 -0.36819045405911799 -0.42950032153035195
1403715286.662143   1.0623841612990068 -0.23921809305010674  0.37817476818835477 -0.52791572281639232 0.63076802332484694 -0.36838617415980829 -0.43327625949503706
1403715286.7121432   1.0536896551873678 -0.25127540180629787  0.38848397126763412 -0.52238645813239848 0.63132318932293363 -0.36912413424032886 -0.43850974048968955
1403715286.7621431    1.043764468216186 -0.26414308340070136  0.39657832111062907 -0.51701275119463685 0.63310211592656307 -0.3680638750330758 -0.44317999707466227
1403715286.8121431  1.0348907477494422  -0.276117377245225 0.40420905529825907 -0.51316606062741332 0.63658997727792599 -0.3642114077874179 -0.44582939055981802
1403715286.862143   1.0256554138344123 -0.28802028095082349   0.4100181188339389 -0.51038481280278958 0.6411905292043163 -0.35965427294436109 -0.44612873934752684
1403715286.9121432   1.0201143806131676 -0.30099149909462314   0.4169058367795403 -0.50894018144032582 0.64538991453351002 -0.35398087093028757 -0.44626146254113397
1403715286.9621429    1.015911156424764 -0.31688014220670629  0.42498117493544885 -0.50760300010110393 0.64890353007347978 -0.34900589602201743 -0.4466075318312534
1403715287.0121431    1.009182437347707 -0.33044108469486971  0.43106527394587185 -0.50622579695850167 0.65149941653143717 -0.34476997567306611 -0.4476802616012015
1403715287.0621431    1.003539409952841 -0.34641230182615979  0.43869137179799128 -0.50420859792363493 0.6539025086629805 -0.3420411606172013 -0.44854547527288796
1403715287.1121433  0.99722064291218016 -0.36060366736652399  0.44552881054428256 -0.50272696314369791 0.65487139164774799 -0.33948380310782639 -0.450732524183804
1403715287.162143  0.99448077973281379 -0.37580025612501416  0.45442916585443877 -0.49998120096547383 0.65524256118037105 -0.33866434142795571 -0.45385289306567078
1403715287.2121432  0.98975661518284541 -0.39159235291412114  0.46199677479209217 -0.49706901728588732 0.65433020231156769 -0.33947413429268558 -0.45774631679957495
1403715287.2621431  0.98563391754888408 -0.40681403462352866  0.46939818821895318 -0.49453304436464185 0.65370546238584071 -0.3400256791972483 -0.46096504635905244
1403715287.3121431  0.98447967433004657 -0.42506868084440869  0.47820296223262698 -0.49220247560774127 0.65290569084556493 -0.34188204773313002 -0.46321436431191154
1403715287.362143  0.98193498150981295 -0.44068437846705349  0.48536410187294671 -0.49023946782225775 0.65286936276813656 -0.34284723906983466 -0.46463171438276629
1403715287.4121432  0.98012875818315137 -0.45623800369131035  0.49228325239199172 -0.48827736742054961 0.6536546490531091 -0.34478175837109826 -0.46416198824402682
1403715287.4621429  0.97863813394225496 -0.47148701348119282  0.49918186482296528 -0.485348056759141 0.65562204834296178 -0.3474671854492693 -0.46245383397985584
1403715287.5121431  0.97811855581346596 -0.48628701288407189  0.50624780221390098 -0.4819233680705704 0.65827081269533272 -0.34919381256469945 -0.46096972322211521
1403715287.5621431  0.97863140870822363 -0.50596997355075324  0.51616759465314999 -0.4777234067932371 0.66170967896893407 -0.34990212657304226 -0.45987949419424679
1403715287.6121433 0.97694998769500574 -0.5194594465665392 0.52352452513252623 -0.47190295545593941 0.66680759586040816 -0.34969828739621994 -0.45867890569216629
1403715287.662143  0.96998416970775014 -0.53751973186730517  0.52973907108705398 -0.46521800669500429 0.67231452328970576 -0.34854496033307997 -0.45834681044693049
1403715287.7121432  0.96603153427410826 -0.54980754223909734  0.53773032914682528 -0.45805161620230095 0.67773044793783055 -0.34593415094931157 -0.4595647071299388
1403715287.7621431  0.96090932502371273 -0.56255980245049486  0.54829345336444657 -0.45066138909771841 0.68277153491036691 -0.34213157720780712 -0.46224812316542185
1403715287.8121431  0.95487398698141224 -0.57300276761711844  0.55725683235686019 -0.44319569420473137 0.68696396810938976 -0.33680265844166318 -0.46714243269522832
1403715287.862143  0.94774220829793576 -0.58274766043917026  0.56653716615640637 -0.4349961382467597 0.69122692427525112 -0.33108282815063644 -0.47261809082086409
1403715287.9121432  0.94041324535906889 -0.59685175492058262  0.57862830751288796 -0.42669587110739399 0.69515089089323889 -0.32403680128227497 -0.47926613054230122
1403715287.9621429  0.93173986969169176 -0.60542329699295738  0.58823577724428844 -0.41753306785138 0.6994344113974893 -0.31634587358117405 -0.48619227644197155
1403715288.0121431  0.92276093916894775 -0.61361000659539688  0.59731727722259265 -0.40761560670721475 0.70420287155420591 -0.30859862345153782 -0.49266085948381966
1403715288.0621431  0.91377020523944186 -0.62109244520289908   0.6061853029402583 -0.39720151691400235 0.7088433211925288 -0.30172289598301905 -0.49873379171816834
1403715288.1121433  0.90734513861879296 -0.62931605429023085  0.61516649243483146 0.38752071433381546 -0.71362773669772395 0.29552176795544377 0.50321966778175753
1403715288.162143  0.90040364426914687 -0.64132394226666012  0.62503962366969035 0.37994003395555859 -0.71769255249877817 0.28961473518873115 0.50664215758975151
1403715288.2121432  0.89213660347553758 -0.64730745546652413  0.62794417236474487 0.37378477062814497 -0.72133716196779685 0.28430194532137781 0.50904817836545679
1403715288.2621431  0.88439019409227448 -0.65092916926462929  0.62961097697421387 0.36837488836677929 -0.72484434069016845 0.27972847914113563 0.51054147857699606
1403715288.3121431  0.87818682640757151 -0.65564576513402351  0.62563757874124337 0.36471776735752404 -0.72688645653554018 0.27484351833984572 0.5129113665201076
1403715288.362143   0.870403790434361  -0.661088635870825 0.61952346578304862 0.36153185666506915 -0.72907863913411342 0.27167003727964517 0.51374550647098938
1403715288.4121432  0.86292267799686795 -0.66548772078759111  0.60982202751503933 0.35858857785133946 -0.73094164956394247 0.27010390650206934 0.51398678626947014
1403715288.4621429  0.85549512543923645 -0.66943411785957174  0.60068412484628753 0.35616128517403844 -0.73226738894131704 0.26946706483379729 0.51412168890847365
1403715288.5121431  0.84535064786029623 -0.67493592533308167  0.59995773937942232 0.35448004262880956 -0.73276576994134324 0.26922830411324583 0.51469830584960485
1403715288.5621431  0.83714592978929714 -0.67696839495692362  0.59732367578350098 0.35312664656362419 -0.73389049951781171 0.26938999291228516 0.51394098680971634
1403715288.6121433 0.82945728265565921 -0.6792727379496819 0.59772362917133381 0.35189108885963355 -0.73435798903749072 0.27051701384252286 0.51352852962588025
1403715288.662143  0.82110362308702289 -0.68168449940715914  0.60168220788560134 0.3514770813477251 -0.73513132639107481 0.2708622499080533 0.51252261981353653
1403715288.7121432  0.81190824791161553 -0.68437581368875777  0.60900761618767341 0.35191758983280852 -0.73478960238335878 0.27091601848580826 0.5126819297804146
1403715288.7621431 0.79968082242988581 -0.6891679632071287 0.62270026948514046 0.35424030766570935 -0.73430811981956978 0.26881648983836737 0.51287726054381777
1403715288.8121431  0.79127290758194557 -0.68993884492771174  0.63077384835379358 0.35594494943907357 -0.73394153831309727 0.26740127515101986 0.51296156713249796
1403715288.862143  0.78350487512724065 -0.69039312022545574  0.63658463931593223 0.35753488607681999 -0.73367075914399849 0.26455199291712778 0.51372002633601921
1403715288.9121432  0.77950273266640269 -0.68156103794901624  0.64262576023694939 0.35879599902056897 -0.7331842830444375 0.26072506025203751 0.51548877886915967
1403715288.9621429  0.77024440098353575 -0.68171242491821038     0.64078300273708 0.35820406108903963 -0.73373996032268574 0.25697347186287278 0.51699144674136011
1403715289.0121431  0.76086513032748515 -0.68141359765012732  0.63512588021995697 0.35621851744691069 -0.73565456381069683 0.25345433114181271 0.51737958270294615
1403715289.0621431  0.75157217939731247 -0.68100887140379096  0.62613126074590675 0.35309020041617917 -0.73798703416142863 0.24999325614660381 0.5178859137502192
1403715289.1121433 0.74358051318049589 -0.6772257615653321  0.6138429398920785 0.34920327254566352 -0.74042590033698996 0.24542143953312637 0.5192252666916789
1403715289.162143  0.73549610589360737 -0.67572381784383895  0.60055816399850992 0.34612449433431658 -0.74240201635301284 0.24068830419704956 0.52067861561575901
1403715289.2121432 0.72698940596672523 -0.6758156863786885 0.58705303098351946 0.34327524792919095 -0.7438376837917251 0.2363699957831058 0.52249098501697511
1403715289.2621431  0.71906191623095139 -0.67617147497412011  0.57352475905747857 0.33989599833057044 -0.74593944844056692 0.23274538625884372 0.52333033043601562
1403715289.3121431 0.71377572325444327 -0.6745882785247026 0.55830953554208063 0.33609498078217798 -0.74801402137649364 0.22777917880132376 0.52500650798041393
1403715289.362143  0.70749782504812553 -0.67011899107347173  0.54024642121223498 0.33110889006040073 -0.7501550786910236 0.22291849995735996 0.52720167224108294
1403715289.4121432  0.70114806651256723 -0.67077087913592137  0.52488907925192085 0.32537927778549103 -0.75338209437629444 0.21818518310841864 0.5281467327674445
1403715289.4621429  0.69558595312112026 -0.66842193314531362  0.50658838230819081 0.31863429865183618 -0.75696520160831915 0.21353832894151817 0.52903426103570383
1403715289.5121431  0.6886899504617735 -0.6653520711000388 0.48620362592300148 0.31181424898102705 -0.76081276071062542 0.20853930590709005 0.52957263445542946
1403715289.5621431  0.68189726887924418 -0.66696704228488168  0.46722397470062887 0.30416628878327767 -0.76446496698469502 0.20361558263170967 0.53067586861515237
1403715289.6121433  0.67621541796731088 -0.66917891255005924  0.44819482128066968 0.29710655356237348 -0.76823958971039574 0.19879264749547013 0.53105283346728605
1403715289.662143  0.67075886756650038 -0.67208254399909384  0.42846306991582772 0.29148343368873086 -0.77195980390124053 0.19401900912741518 0.53053943599227538
1403715289.7121432  0.66486658243882313 -0.67540116361944813    0.408595965653408 0.28589066265509799 -0.77509876480062401 0.19127564275763256 0.53000194556136349
1403715289.7621431  0.65912434802947806 -0.68058414288936897  0.39000130664003602 0.28254641197084118 -0.77653345564385357 0.18843842036990358 0.5307111069845013
1403715289.8121431 0.65401051077231986 -0.6862258024243717 0.37391726666936431 0.27997932364027661 -0.77760488620881119 0.18712784136328026 0.53096646811718184
1403715289.862143  0.64899255399308498 -0.69282057680163045  0.36054219308577146 0.27806298247166106 -0.77783383164275877 0.18708203779014795 0.53165385286593669
1403715289.9121432   0.6440541089962073 -0.70071268110271701  0.35012675194342691 0.27641214800382602 -0.77795123592555293 0.18874396081823563 0.53175550416752648
1403715289.9621429  0.63960399067682927 -0.71057955480314594  0.34516236287178903 0.27682394043105946 -0.77829221961293138 0.18927179057775984 0.53085394995769464
1403715290.0121431  0.63369563118596151 -0.72015202795691757   0.3398382783451403 0.27755212841530508 -0.77841820945478923 0.19034797946198595 0.5299033439374331
1403715290.0621431  0.62725985871374557 -0.73115855448719325  0.33851360580860923 0.27930182976398804 -0.77750953021747482 0.19175377724223777 0.52981119960305123
1403715290.1121433  0.62424693316750712 -0.74117878401890558  0.34015959222871334 0.28151996088811571 -0.77535780813454802 0.19307343725124551 0.53130916500125669
1403715290.162143  0.61443101669861111 -0.75524299532826722  0.34429524610786039 0.28487843275733543 -0.77393425388718118 0.1948678218969824 0.53093933853025299
1403715290.2121432  0.60805951121934387 -0.76796844447560986  0.35085876121647752 0.28893928217355486 -0.77358818478757541 0.19503380530863557 0.52918543664856132
1403715290.2621431  0.60161155000445699 -0.78133481777610803  0.35949257566887655 0.29219259191863234 -0.77403659721954166 0.19609681567798273 0.52634292459728194
1403715290.3121431  0.59338897594086626 -0.79561803834504141  0.36736759249734335 0.29472301490255504 -0.77442337447325393 0.19756335349455612 0.52380865104749053
1403715290.362143  0.58557682273677603 -0.81148321526244671  0.37501264970777581 0.29714945242766272 -0.77521586613513871 0.19888227066272807 0.52075753113164325
1403715290.4121432  0.57763613369977851 -0.82829333417610995  0.38184057824757234 0.29790876490860996 -0.7768001991114093 0.20143603374357369 0.51696744845372922
1403715290.4621429 0.56959750733995085 -0.8458563148099103  0.3880646891066698 0.29883675243422597 -0.77819659043617195 0.20309943325715504 0.51367040233860517
1403715290.5121431  0.56139526698495379 -0.86428393033461837  0.39445720346662044 0.29897600805075314 -0.77769934981941857 0.20530609755823581 0.51346516357577554
1403715290.5621431  0.55282182232933796 -0.88256205018993106   0.3981120147611103 0.29934817412097808 -0.77628694918347252 0.2063304027318725 0.51497282266771793
1403715290.6121433  0.54281678261110944 -0.90274205974994315  0.40323804723859175 0.29819802308157362 -0.77461408010880894 0.20889112553182981 0.51712229076058069
1403715290.662143  0.53396197542207124 -0.92156813796516546  0.40661386573099068 0.29708308190171007 -0.77422732534982797 0.21060152716716254 0.51764919384105357
1403715290.7121432  0.52437414040056196 -0.93962815939655697  0.40466902448934905 0.29614536171334294 -0.77220706755737567 0.21079898965413307 0.52111222928550505
1403715290.7621431  0.51751212202826546 -0.95676932061677655  0.40629742087152954 0.29520329715389981 -0.77000011433100368 0.21059475582476653 0.52498065307096276
1403715290.8121431  0.50664403414658765 -0.97750727192391973  0.40912329041103179 0.29355728192398428 -0.76872244027388914 0.21171645253507124 0.52731970926063876
1403715290.862143  0.49577808628106573 -0.99843919845941731  0.41137585478201433 0.29164584894568463 -0.76888612459387107 0.21317928633458016 0.5275522894250847
1403715290.9121432 0.48749397735466499  -1.019108399827787 0.41303267753050305 0.29037662273652476 -0.7695218051223458 0.21325790296618652 0.52729372766214566
1403715290.9621429 0.47796762702233414 -1.0397681509091274 0.41399648571056458 0.2871355522472922 -0.76989546487687988 0.21498796963665934 0.52782034889644258
1403715291.0121431 0.46831611687623098 -1.0604120344377745 0.41494839528859462 0.28247828674012476 -0.77035267766116988 0.2177641422474704 0.52852771724087788
1403715291.0621431 0.45830324454560689   -1.08100404358993 0.41563695120077693 0.27721770626507153 -0.7711601970780062 0.22138338045344966 0.52863190656140535
1403715291.1121433 0.44796144207973321 -1.1010100356495043 0.41594250522360565 0.2716896980163952 -0.77269235382310875 0.22415571608364565 0.52809606065761538
1403715291.162143 0.43888954460920854 -1.1210854227236005 0.41769019275307556 0.26620739014195222 -0.77376424382405751 0.22685070206079938 0.52816785152801327
1403715291.2121432 0.42879155644626199 -1.1389159566141387 0.41772630870555549 0.26109804461628444 -0.77481217358443644 0.22826746928566852 0.52857153652919142
1403715291.2621431 0.41986851785223905 -1.1547307818949342 0.41741956368755179 0.25614693685924189 -0.77596713870830358 0.22811257829105569 0.52936603405194305
1403715291.3121431  0.4072906237675864 -1.1704050686000875 0.41615193622136337 0.2522984024619534 -0.77726693189655816 0.22677779440641824 0.52988061359085192
1403715291.362143 0.39491513367153414 -1.1843102872081777  0.4135795500385987 0.2485447725482938 -0.7782366330290974 0.22501409317067966 0.53098201186577654
1403715291.4121432 0.38175801757871264 -1.1967647150020375  0.4097849639547767 0.24487415091525666 -0.78000547678364807 0.22252389879827481 0.53114143207309794
1403715291.4621429 0.36825050449523178 -1.2078801027635571  0.4055912593933706 0.24150683941288706 -0.78185729726626774 0.21922393535394635 0.53133273887105237
1403715291.5121431 0.35345316440007502 -1.2187430157025552 0.40197378501338216 0.23915261796984877 -0.78454084652255918 0.21422029172289006 0.5304821882683658
1403715291.5621431 0.33881585857887658 -1.2275072317339268 0.39681240554108566 0.23556583871076475 -0.78723368632951107 0.21046337434798232 0.52960081835152428
1403715291.6121433 0.32348619716879567 -1.2348285262979497 0.39195640696220813 0.23151093195760417 -0.78981981150383251 0.20754142453547947 0.52869075161379164
1403715291.662143 0.30733890864895702 -1.2413764061654673 0.38671126019310947 0.22734310669640156 -0.79197732491635431 0.20524106514202531 0.52816960707270066
1403715291.7121432 0.29013553786661811 -1.2468608706733477 0.38117266430833086 0.22347690734921458 -0.79416634399993657 0.20302257935455442 0.52738953555377699
1403715291.7621431  0.2683959276553306 -1.2545339564580655 0.37805669393856356 0.22230798187831025 -0.7952393585353259 0.19788043258837562 0.52822046365902342
1403715291.8121431 0.24892044053814363 -1.2586812596822254 0.37343259253430899 0.2221661891594959 -0.79553003531554389 0.19240718468936738 0.52986189010449525
1403715291.862143 0.22470174077583366  -1.265845180524668 0.37034480496751554 0.22516627767726682 -0.79504507284357273 0.18372272211180413 0.53239970034171802
1403715291.9121432  0.2016181445203836 -1.2735533893380613 0.36555409052569227 0.22818506851879752 -0.79444418265501626 0.1756811684950457 0.53472062068606474
1403715291.9621429 0.17940108438025701 -1.2778785766507579 0.35927304646458369 0.22904139883123026 -0.79464490580402503 0.17136448345025071 0.53545655763373967
1403715292.0121431 0.15705143244442438 -1.2824060452766672 0.35274403009184013 0.23025001253092597 -0.79488370850897716 0.16739021082318009 0.53584077765423499
1403715292.0621431 0.13295799087459489  -1.289634109204352 0.34709505818709013 0.23112896229141894 -0.79495066771770628 0.16525533916397697 0.53602566315715128
1403715292.1121433 0.10845624015954368 -1.2955325203180164 0.34023138326376778 0.23263290811643086 -0.79473650617471803 0.16564229660986735 0.53557300659042129
1403715292.162143 0.085524443944622802  -1.3027792693112692  0.33337943457997177 0.23581179709787242 -0.79423143785436423 0.16699022504687885 0.53451237984919853
1403715292.2121432 0.062751794847967668  -1.3107358639179918  0.32676381779737207 0.24103443770736266 -0.79276143789785847 0.16910961422002155 0.53369808019101128
1403715292.2621431 0.039576266163694016  -1.3197565193451128  0.32066826121788877 0.24756331517815855 -0.79111991658493064 0.17224329849228937 0.53214089176189838
1403715292.3121431 0.016593366535722704  -1.3294781197827457  0.31439021904680375 0.25589179436047854 -0.78908195677432846 0.17607430522032555 0.52996876711118657
1403715292.362143 -0.0094173739559031931    -1.3391812980479119    0.30795887862422577 0.26593683982750943 -0.78613452696656327 0.17948584516216062 0.52825650409629654
1403715292.4121432 -0.033524116977015898   -1.3507582085515282   0.30263318940426698 0.2754891701271715 -0.78278468521397726 0.18515960969423986 0.52637417553958099
1403715292.4621429 -0.062351691324539063   -1.3649658170654568   0.29754753192204186 0.28726688274251855 -0.77970828027241157 0.190282740032619 0.52280514018103685
1403715292.5121431 -0.088147227269262232   -1.3803685188229085   0.29342177040162543 0.29752762055952731 -0.77487212855666043 0.19801543572912964 0.52138314760189486
1403715292.5621431 -0.11224015756202811  -1.3959698328120933  0.28927082899373524 0.30834434901521995 -0.76805630451608653 0.20715564636247538 0.52163187565908775
1403715292.6121433 -0.13716334978176284  -1.4119815364064154  0.28545580657352021 0.32029666703108761 -0.75977969068099238 0.21600162243517892 0.52296096013263038
1403715292.662143 -0.16201728418191211  -1.4290419598807402  0.28366453468235703 0.33227842547277886 -0.74900754115439994 0.22538539980974279 0.52704854881858199
1403715292.7121432 -0.18875774433687401  -1.4465362866652614  0.27891597131736878 0.34498069012699345 -0.7399104560597547 0.23402152567008688 0.52797231553936064
1403715292.7621431 -0.21039137056205795  -1.4638784769405759  0.27825391930735871 0.35786206829184747 -0.7301958315425412 0.24241099277076561 0.52913674816598188
1403715292.8121431 -0.23059858415201986  -1.4813906969233743  0.27934318747033055 0.37049848851233619 -0.72160214509882359 0.25080068575378334 0.52831830388912593
1403715292.862143 -0.25159462317729375  -1.4995410985800222  0.28090276121921876 0.38330647938822465 -0.7148446565789236 0.25873164058555786 0.52452950153396627
1403715292.9121432 -0.26854208583409422  -1.5176498477521945    0.286767950955785 0.39561890794931842 -0.71015723451821666 0.26637021981020398 0.51788926222957277
1403715292.9621429 -0.28658815179075636  -1.5368721376711425  0.29483282933012767 0.40574117300985119 -0.70656180421999526 0.2759012576798156 0.50992451730885757
1403715293.0121431 -0.30096136862096773  -1.5546708655889561  0.30662409554643622 0.41420239867842851 -0.70217874347891074 0.28656039293143093 0.50325393822442988
1403715293.0621431 -0.31426627689086684  -1.5727038211541857  0.32091654190666546 -0.42251021402500699 0.6975300343873071 -0.29689479358467991 -0.4967800838545115
1403715293.1121433 -0.32690204031621306  -1.5900107132706351  0.33728218176181479 -0.42987866234101729 0.6924921299934822 -0.30749888163515293 -0.49102283384188777
1403715293.162143 -0.33619153536802054  -1.6085922672905155  0.35309938142821135 -0.43754635083934196 0.6878436504358848 -0.31600347292927089 -0.48535153087102917
1403715293.2121432 -0.34719774609215737  -1.6258309314754169  0.36918382893520491 -0.44604935929758416 0.68269767940394033 -0.32357602660511586 -0.47985664798263938
1403715293.2621431 -0.35841556031170491  -1.6433073688623354  0.38538015372677253 -0.45333911731554433 0.67683333333847784 -0.33216007783773321 -0.47544712249031351
1403715293.3121431 -0.37142626791795103  -1.6591717238284711  0.39894970563143728 -0.46144045641926679 0.66978538649248243 -0.33981731399099235 -0.47221227677035471
1403715293.362143 -0.38289642645233191  -1.6755930205581604  0.41564940602944056 -0.46860413914155274 0.66260562660040445 -0.34705066452202588 -0.47002104275416234
1403715293.4121432 -0.39461241102737249   -1.694056440182425  0.43198391801881764 -0.47450690447185639 0.65504753333905974 -0.35569936510784894 -0.46822418598020249
1403715293.4621429 -0.40567301796057148  -1.7089810774503771  0.44841466799312318 -0.48063761791034565 0.6480122312587151 -0.36277399512232744 -0.46632891487828182
1403715293.5121431 -0.41669950042893705  -1.7227702439637751  0.46416530095171654 -0.48781690004182282 0.64278824235587284 -0.3678090778870996 -0.46214113617646646
1403715293.5621431 -0.43113350567733444  -1.7331939922574495  0.47647335645884931 -0.49496671261504266 0.6383544257374274 -0.3732220392595022 -0.45630788942935874
1403715293.6121433 -0.44215307815626914  -1.7447235382658548  0.49215977170404313 -0.50226536711805092 0.63468659628465751 -0.37646157866832236 -0.45075392985188734
1403715293.662143 -0.45346830103339836  -1.7565518954382604  0.50848095106017244 -0.50973908440705828 0.63177659898356775 -0.37835791057851825 -0.44482545600186596
1403715293.7121432 -0.4646661104341972 -1.7668855499632912 0.52503152179355972 -0.51693897502663422 0.62783335176801325 -0.38097736951212552 -0.4398359039753082
1403715293.7621431 -0.47607058290836668  -1.7753609491376661   0.5409497777100718 -0.52402272629143187 0.62411582266659849 -0.38355682920041989 -0.43446953978502356
1403715293.8121431 -0.48730546377742989  -1.7843774053726744  0.55748651884307232 -0.53102611401261268 0.61967394618989868 -0.38621501227164373 -0.42994584652734613
1403715293.862143 -0.49981022340006759  -1.7930471781952508  0.57242322851446392 -0.53740840799925704 0.61559866496977178 -0.38984956520273367 -0.4245560071538011
1403715293.9121432  -0.510826344719853 -1.7991139023294866 0.58219091712479898 -0.54423517854860648 0.61077228037292863 -0.3933289182243192 -0.4195922473624909
1403715293.9621429 -0.52185188808802796  -1.8072614275475194  0.59660117879629182 -0.5507891845114915 0.60505485206221243 -0.39729274889757615 -0.41556993622559824
1403715294.0121431 -0.53306937539246568  -1.8160518699800281  0.60825796090845152 -0.55731292124153731 0.5988744316518021 -0.40171373539074268 -0.41155533981394449
1403715294.0621431 -0.54415273499894234  -1.8244574094097341  0.61705407871779738 -0.56396860079247579 0.59234383611599539 -0.40636633857751031 -0.40735070394768225
1403715294.1121433 -0.55528951162404971  -1.8326700650784979   0.6230790659037081 -0.56963190531103003 0.58526619717908446 -0.41251806713455985 -0.4034994611877758
1403715294.162143 -0.56722972245850334  -1.8386008318127292  0.62401494229934196 -0.57473819179636243 0.57770015545826203 -0.41955476437982087 -0.39989041118829122
1403715294.2121432 -0.57803331145433801  -1.8458546242994462  0.62322959218974816 0.5798009431097495 -0.57007761645307642 0.42635940741890793 0.39630800306532005
1403715294.2621431 -0.58986765038363931  -1.8518516391170226  0.61974140790309795 0.58484593781026895 -0.56304371451314783 0.43306100368825517 0.39165695660690758
1403715294.3121431 -0.60133682044512582  -1.8576561949132733  0.61280839768991036 0.59023087567474852 -0.55581226003710593 0.43910679029954686 0.38715045099482204
1403715294.362143 -0.61345065446389635   -1.867861859635922  0.60381934656310066 0.59655343286684093 -0.54867245700420864 0.44402251954539912 0.38200332301736345
1403715294.4121432 -0.62572423172489733   -1.873210891027189  0.59147611538729228 0.60244334721087101 -0.54096414935920722 0.44930470185791149 0.37755143675770148
1403715294.4621429 -0.63822704499680227  -1.8772892051378203  0.57707845195392993 0.6089182021409687 -0.53295815767912436 0.45353204786053647 0.37347410462857
1403715294.5121431 -0.65008148948443423  -1.8801083235182829  0.56162490311553726 0.61560349587443719 -0.52486337922797566 0.45732063444667365 0.36933535753005553
1403715294.5621431 -0.66268998985669114   -1.882401704143436  0.54723792871257526 0.6233624203623146 -0.5180797084146298 0.45974063890336569 0.36283777855919908
1403715294.6121433 -0.67494779498558544    -1.88435002653665  0.53256517188348584 0.63222247675538856 -0.51133236642875723 0.46065591655409821 0.35585120130660403
1403715294.662143 -0.68829973969681058  -1.8857197792659648  0.51894754612041849 0.64167534520489056 -0.5036710428091099 0.46046986506283555 0.35005104679286753
1403715294.7121432 -0.70289396374969504  -1.8857476399584845  0.50549041474288192 0.65107674871207077 -0.49599954426313853 0.46024403097957017 0.34388799241170731
1403715294.7621431 -0.71653517726094851  -1.8854733237477244    0.490941777685725 0.659440777267564 -0.48810144749204321 0.46096499595287838 0.33823972377455336
1403715294.8121431 -0.73013694640123372  -1.8852684032067679   0.4777597634287773 0.66682221893780735 -0.48050681218714031 0.46279315305865876 0.3320900920753827
1403715294.862143 -0.74127745328311023  -1.8877155335912561  0.46308820147025315 0.67374616895118455 -0.47227637735043215 0.46491659898513732 0.32691540069022029
1403715294.9121432 -0.7517929655269403 -1.8905407588408674  0.4497523457934326 0.67994286901214673 -0.4635767699881792 0.46766422791534312 0.32259020929842808
1403715294.9621429 -0.76401592106933647  -1.8942587273074833  0.43586135890186462 0.68474407822191552 -0.45401584930374289 0.47238963726232619 0.31912879301026453
1403715295.0121431 -0.77465968765691706  -1.8961650152490912  0.42414396465438148 0.688505638935766 -0.44526489651351386 0.47801202445290036 0.31496612764693011
1403715295.0621431 -0.78188268136134309  -1.8982069614213797  0.41070948845645072 0.69231895882457051 -0.43713712567849344 0.48303047152294271 0.31030171798739903
1403715295.1121433 -0.78859625399164412  -1.8987901766471138  0.39917491109897157 0.694685461931006 -0.42925343581771092 0.49032382018840126 0.30452610426078031
1403715295.162143 -0.79671403544786701  -1.9000707531505563  0.38878751408065482 0.69661182572556979 -0.42180826522092485 0.49761104838787651 0.29865196495740803
1403715295.2121432 -0.80445074437695574  -1.9001710623106074  0.37994516021976643 0.69886838440686205 -0.41409606629944939 0.50429664973309407 0.29290325744150003
1403715295.2621431 -0.81289439183037726  -1.8997516063631708  0.37361804401505999 0.70202053996253611 -0.40698533008409638 0.50952797812539308 0.28620157594691426
1403715295.3121431 -0.82140294378843604  -1.8989920365902266  0.37083256157952293 0.70622613798268874 -0.39875254262169146 0.51368348886754178 0.27994700399836892
1403715295.362143 -0.82687762285476618  -1.9004709887967799  0.37002434387135918 0.71248514352225256 -0.39058679943967539 0.51526057468498865 0.27260486521491373
1403715295.4121432 -0.83406073471379383  -1.9000012547489185  0.37225177581916752 0.71872706745591475 -0.38101348413490882 0.51733552532337546 0.26575191749446692
1403715295.4621429 -0.84119653727086541  -1.8995404427925862  0.37699479829143973 0.72498217597295855 -0.370869420058763 0.51954317416067008 0.25871143764790633
1403715295.5121431 -0.84902520735284825  -1.8984783553579612  0.38178105679525048 0.73092374240422786 -0.36045470439384697 0.52169841358270941 0.25229675807553847
1403715295.5621431 -0.85772821649715825  -1.8958829120946856   0.3835783767132333 0.73636227844134661 -0.34944661730019055 0.52350907470872365 0.24818522366115825
1403715295.6121433 -0.86666753353323511  -1.8933150674402377  0.38271395149944915 0.74062789008188057 -0.3405067291477884 0.52536215739954328 0.24396741464882982
1403715295.662143 -0.87617411956771363  -1.8903021068700869  0.37820797916472793 0.74335627809845772 -0.33259867739858417 0.52785153506923321 0.24118938726522593
1403715295.7121432 -0.88335268619952201  -1.8878429365530076  0.37083930252184061 0.74522571688462202 -0.32612901209837381 0.53049019439776735 0.23845052318952703
1403715295.7621431 -0.89118285795169305   -1.884191223872272  0.36157797676190501 0.74726476165965072 -0.31966370455145987 0.53304026591066012 0.23511394448665759
1403715295.8121431 -0.89907457755682951  -1.8803154387124956  0.35100843558800821 0.74857702236301948 -0.31408791630595762 0.53674391443439795 0.2299721564414639
1403715295.862143 -0.90753692338654901  -1.8747375229993599  0.34035634934907449 0.74904249598087158 -0.30856111250011908 0.54136065049987159 0.22506449110819501
1403715295.9121432 -0.91650444275255838  -1.8681787701414212  0.32915071184920441 0.75052307072557978 -0.30331140915202826 0.54471991178336454 0.21908337931842528
1403715295.9621429 -0.92263960270755141  -1.8670971545025019  0.31904096975232615 0.75100700604978998 -0.29883235253589641 0.5489194423475755 0.21301443086049182
1403715296.0121431 -0.93227967929057531  -1.8605541077105072  0.30606537012703039 0.75143732047116452 -0.29480310057703785 0.55267344451491796 0.20732860155149224
1403715296.0621431 -0.9421932941236778 -1.8542151984912385  0.2917311441747007 0.75254059950712149 -0.2927152403145159 0.55488827654939576 0.20024843252599736
1403715296.1121433 -0.95408402514434409  -1.8467469701693666  0.27706304321696873 0.75477672955056585 -0.29218259406421171 0.55481809991553954 0.19266109171540211
1403715296.162143 -0.96605231585589191   -1.838699596593472  0.26392860127477574 0.75893281956820413 -0.29066747450863623 0.5522977579505256 0.18574332076241579
1403715296.2121432 -0.98007429169701354  -1.8314461040572683  0.24887793789035639 0.76359404290580568 -0.28794099739310364 0.54918092170880373 0.18004009245193214
1403715296.2621431 -0.99409378197861398  -1.8254893934607945  0.23319159265923908 0.76853630938364936 -0.2848766911760528 0.54577608769734931 0.17414268311163372
1403715296.3121431 -1.0081532623238008 -1.8208615133642587 0.21876762691396229 0.77493886665728129 -0.28170155512061862 0.54014740388126314 0.16838874329029591
1403715296.362143 -1.0201612389678212 -1.8183690664617436 0.20515453709022022 0.78127707026268445 -0.27744301859894777 0.53453024344981726 0.16403941523286275
1403715296.4121432 -1.0368542916344898 -1.8135311641634673 0.19610008016091593 0.7858049336199423 -0.27260527555669095 0.53194561755778513 0.15884215434916957
1403715296.4621429 -1.0439928683493775  -1.820766737439762 0.18804979600372246 0.78867439513445636 -0.26838336565804521 0.53138860914683705 0.15358780409378051
1403715296.5121431 -1.0555485915584737 -1.8247451794092084  0.1818429274395035 0.79086287310492343 -0.26487505781145693 0.53140267292367516 0.14828458754427787
1403715296.5621431 -1.0686552256698891 -1.8283515762896878 0.17907080802674166 0.79237476710782417 -0.2600541356951952 0.53231465261090238 0.14544822300179877
1403715296.6121433 -1.0819017736857162  -1.833502655558978  0.1789793360571974 0.79357531701994632 -0.25424363104984438 0.53330382575568613 0.1455521271628524
1403715296.662143 -1.0952109873018425 -1.8398351178919621 0.18017707714628023 0.79301963229973271 -0.24817035992977235 0.53649834817433695 0.14731210963709712
1403715296.7121432 -1.1074694509118999 -1.8480021526871997 0.18111381568920984 0.79244503625465801 -0.24317181328291848 0.53930396287634408 0.14849097402172987
1403715296.7621431 -1.1182309539366111 -1.8570133242452553 0.18396158525451381 0.79181481443725954 -0.23967571430574156 0.54172322463694356 0.14873062730544948
1403715296.8121431 -1.1293347266871216 -1.8673525518324021 0.18467961114334094 0.79167450303874221 -0.23488756461096094 0.54354838484713852 0.15044755418271008
1403715296.862143 -1.1396490969665565 -1.8786000893098367 0.18589400821444835 0.79131142690433198 -0.22930207535178329 0.54572251198661337 0.15308077541290399
1403715296.9121432 -1.1478890241801614 -1.8905340986559878  0.1885784918485108 0.79146716524209371 -0.22261360081252946 0.54781424490267794 0.15466888555437738
1403715296.9621429 -1.1567121809603658 -1.9016237577581305 0.18948033588736232 0.79157261792850042 -0.21532911155575457 0.55050384554735543 0.1548924798045507
1403715297.0121431 -1.1655332287895623 -1.9119252201046106 0.18995564024798842 0.79332722986500681 -0.20935395576507781 0.55158012759219521 0.15020715830347817
1403715297.0621431 -1.1755295885798105  -1.919136975890493 0.18921542108439401 0.79675982939246348 -0.20499765768448058 0.55077363692219838 0.14070584736201777
1403715297.1121433 -1.1839694380898678 -1.9279964653357606 0.18762267688645787 0.79991987825439714 -0.19957654680315962 0.55055846008231912 0.13108307431313271
1403715297.162143 -1.1914535812994316 -1.9374395355591283  0.1839299910042137 0.80571569301403778 -0.1942849781722823 0.54662485532178173 0.11948571810867574
1403715297.2121432 -1.1981089074609197 -1.9474631879168272 0.17993223876266218 0.8117436234922456 -0.18714953115930918 0.5425010718394363 0.10835095643137176
1403715297.2621431 -1.2035380447136261 -1.9583208527294258 0.17591193967409613 0.81637105633765394 -0.17894182241529044 0.54046497888577605 0.097034680206797438
1403715297.3121431 -1.2074759719380468 -1.9708441622421038  0.1716412802499708 0.81983903680561143 -0.16925215427823584 0.54008595688677208 0.086745727131217046
1403715297.362143 -1.2104790092066358 -1.9841548931097566 0.16678819554630067 0.8228206817328847 -0.15858180306733205 0.54015734546517147 0.077768757149412379
1403715297.4121432  -1.212473723637977 -1.9997518454549403 0.16198930691041105 0.82458910800945273 -0.14617173674054701 0.54176729336552565 0.071936264636273117
1403715297.4621429 -1.2128979860369868 -2.0172891461118132  0.1575458832692393 0.82607052262356517 -0.13470088763313201 0.54318843092948799 0.066403998581690687
1403715297.5121431  -1.213171809707337 -2.0373503268507096 0.15351848175669788 0.82692728023111051 -0.12272544479714888 0.54523858890784838 0.062004996368831278
1403715297.5621431 -1.2109975758500151 -2.0577291056883227 0.14958787696230785 0.82807007782363684 -0.11325720252890484 0.54618339331167798 0.056182320698094923
1403715297.6121433 -1.2111361208176932 -2.0792486426043011 0.14478926042740017 0.83017941809420281 -0.10540705990458363 0.54527207380439746 0.048681115682511496
1403715297.662143 -1.2115718968866422 -2.1018485605844313 0.13736914461621672 0.8322389246799885 -0.098550460241463189 0.54408069505924805 0.040526242085071003
1403715297.7121432 -1.2064709327638472 -2.1241593847789515 0.13173978402318851 0.83344337787236211 -0.093269796341939271 0.54373320998393149 0.032048047235521758
1403715297.7621431 -1.2005230076024114 -2.1478821375721382 0.12708101460640653 0.83395409025961942 -0.087848463271031504 0.54427530703674254 0.023824629907482384
1403715297.8121431  -1.191904029708392 -2.1731618055070991 0.12444230827598336 0.83150838025752571 -0.081111748199444195 0.5492792140810403 0.017522638044849041
1403715297.862143 -1.1820716056973268 -2.1998052247944897 0.12314482328656445 0.827740308226393 -0.073727293189539383 0.55612492196856278 0.011633552410144778
1403715297.9121432 -1.1708581361128652 -2.2278567937287961 0.12252822927626274 0.82332172056634922 -0.065434634803791913 0.56374991474908875 0.0067591887202632199
1403715297.9621429  -1.156778610593663 -2.2581698191607038 0.12081202069768551 0.81673756137637932 -0.057108074783826485 0.57417621158127996 0.00031888182665351059
1403715298.0121431 -1.1453779279498526 -2.2880180763636546 0.12078267783150538 0.80986199535876569 -0.046861983069395895 0.58472755619059136 -0.0046030476536038836
1403715298.0621431 -1.1350017459956501 -2.3182246984080526 0.12045264907987378 0.80468829497286198 -0.03469040755284062 0.59262319169385624 -0.008430671626460386
1403715298.1121433  -1.125636989542206  -2.348816203480351 0.12018910136363249 0.80074899689687695 -0.019924714213860415 0.5986012433199811 -0.0089778186612431282
1403715298.162143 -1.1173271183793609 -2.3814779411771267 0.11796408918107211 0.79960860707328041 -0.0027127449913690108 0.60047365833263611 -0.0070782877562847995
1403715298.2121432 -1.1105279176319971 -2.4130199354800368 0.11617999602702041 0.79987312915109854 0.015282137874996972 0.59996325627295799 -0.0036775870280260983
1403715298.2621431 -1.1053116699137651 -2.4421642139193604 0.11464770042391716 0.80046132035683282 0.032450287850937065 0.59850383752879999 -0.001345323116277196
1403715298.3121431 -1.1011301293418538  -2.470834122301651 0.11281225460670462 0.80121109972628834 0.046531092704307067 0.59656947626917423 -0.000700764623883736
1403715298.362143 -1.0997290842525462 -2.4987281208094823 0.11267244119402746 0.80333816367744781 0.058031520713378505 0.5926878173199156 -0.0011351579596537485
1403715298.4121432 -1.0995938545373809 -2.5242981792989867 0.11259425250370295 0.80572763495358712 0.066743677957301475 0.58851009967851653 -0.0020303450971619892
1403715298.4621429  -1.100162998901731 -2.5480592761204242 0.11300820759698159 0.80777021741194888 0.073587718594077853 0.58488143341643073 -0.0024150319072571741
1403715298.5121431  -1.101107702402792 -2.5697299609372073 0.11393598523826406 0.80892615161170967 0.079845563449945089 0.58246169311355889 -0.0012422927660872009
1403715298.5621431 -1.1002201535650584  -2.588652834654563 0.11645681392495444 0.8095461237603373 0.086201957753589367 0.58068911109366728 0.0021100334849532519
1403715298.6121433 -1.0999994207403603 -2.6044140821989745 0.11902389858574021 0.80936129028737724 0.091348864424703149 0.58012729055781298 0.0064817823721564577
1403715298.662143 -1.1007820350555391  -2.617436606558079 0.12183742402834993 0.80878641122376893 0.095914154799623119 0.58013230622242395 0.010560454815127155
1403715298.7121432 -1.1024798468854027 -2.6264533190843795 0.12643916226984359 0.80829912409694815 0.098793079682603882 0.58025232752534706 0.014131163871056346
1403715298.7621431 -1.1043461798479088 -2.6323976468252912 0.13068662505589318 0.80769388619836968 0.099717341296528733 0.58088389322423839 0.016153657021814472
1403715298.8121431 -1.1076286439984993 -2.6346261664168513  0.1355251138389513 0.80844905530597622 0.097973168955308429 0.58015923773445988 0.015054634206779313
1403715298.862143 -1.1169467578490515 -2.6314281363776919  0.1393420077200874 0.81313385832698604 0.090806959912643773 0.57491775606151918 0.0060826177654008037
1403715298.9121432 -1.1215902523249264  -2.626019176232993 0.14196620129335191 0.81832371477314814 0.081936450217270917 0.56884218812751453 -0.0071610733810948783
1403715298.9621429 -1.1262959502717873 -2.6184467718319859 0.14473181761378115 0.82319875594153236 0.074446887935090814 0.56244126671346872 -0.021477676569924907
1403715299.0121431 -1.1307807918214832  -2.609340338000695 0.14784455704448768 0.82692695349162126 0.071330402731223749 0.55681697217484083 -0.032536851926852822
1403715299.0621431 -1.1336565148256583 -2.5989220247805576 0.15133373862037111 0.82940085170971012 0.070621460325432095 0.55254524030432572 -0.042433405964475347
1403715299.1121433 -1.1350549874588018 -2.5877007161595671 0.15524561658493802 0.83061187888517785 0.072856063457624146 0.54976595178473586 -0.050331887809984044
1403715299.162143 -1.1337233591119054 -2.5750501315549061   0.158731700011217 0.83109009779567344 0.076528591241019947 0.54786306252054395 -0.057259835786120185
1403715299.2121432 -1.1319283050632969 -2.5625914906658482 0.16268891318106743 0.83116078387658232 0.081657850498262158 0.54630969906031501 -0.063635363676943849
1403715299.2621431 -1.1285252132080665  -2.549539840276688 0.16621682672359867 0.83130486708070817 0.087728569318534205 0.54437967570325063 -0.069904826546334925
1403715299.3121431 -1.1265233427431036 -2.5331007217461541 0.17064581096921902 0.83036636141681386 0.09456118185737529 0.54377322217615975 -0.076554369942508554
1403715299.362143 -1.1198293841386338 -2.5195890457804579 0.17419165961045799 0.82970755151362097 0.10221614457097827 0.542398625893037 -0.083312480335554551
1403715299.4121432 -1.1117826276074236 -2.5062298229923501 0.17830527365051607 0.82834708276106772 0.11029975994538611 0.54172735887987145 -0.090589966763754554
1403715299.4621429 -1.1010178480980393 -2.4931743293628825 0.18306416034743384 0.82645821325243252 0.11936485508717334 0.54144882045714759 -0.097734476737631054
1403715299.5121431 -1.0885228817933825 -2.4800384777960582 0.18745517364214231 0.82348956407759699 0.12894117220678111 0.54230746142940645 -0.10555438997608511
1403715299.5621431 -1.0773018813930519 -2.4674408616693868 0.19309899248036311 0.82031711351299341 0.13927017404064787 0.54296086908984365 -0.11347751555969188
1403715299.6121433 -1.0627422066808727 -2.4539087508687416 0.19709040134622607 0.81624427292699553 0.14996051637254887 0.54464998793969799 -0.12088639741693728
1403715299.662143  -1.047427906572117 -2.4404293102278829 0.20001872497266257 0.81298559772842738 0.16098600149413531 0.54447044397802946 -0.12918924430249443
1403715299.7121432 -1.0312262396929477 -2.4271238303629832 0.20250956158847386 0.80903174439836478 0.17166329579487735 0.54484570441793789 -0.13835645199953861
1403715299.7621431 -1.0140206178345519 -2.4140501145611584 0.20436809915223195 0.80596408898993854 0.18392441349699187 0.54329528927249737 -0.14636914303472368
1403715299.8121431 -0.99595046047094016  -2.4012997390577326  0.20556444269596336 0.8018736496218688 0.19560780909275532 0.54259513910070445 -0.15597035002949702
1403715299.862143 -0.97732074002684532   -2.388386735326911  0.20608825343318687 0.79832222106196704 0.20776836967513146 0.54057347462065253 -0.16520972870197598
1403715299.9121432 -0.95875959494584451  -2.3769142064048503  0.21080742836852553 0.79381583440170211 0.22067223096902977 0.5394980753486629 -0.1734993205386379
1403715299.9621429 -0.93922832228875008  -2.3646561548943574  0.21176001920557228 0.78901985457223256 0.23344558420893538 0.53839583590766071 -0.18188114850487738
1403715300.0121431 -0.91711741732072583  -2.3532613712257753  0.21273845290555179 0.78511226100249953 0.24512784895557507 0.53642827690605166 -0.18909198561959317
1403715300.0621431 -0.89420596331363555   -2.342914879500416  0.21571561022186661 0.77888262214456405 0.2557849172469096 0.53823372557517746 -0.19550036747705757
1403715300.1121433 -0.87267562796650111  -2.3338059482484481   0.2193777445547038 0.77315440090035581 0.26398848619297383 0.54030083266318041 -0.20153749464907977
1403715300.162143 -0.85173893452110006  -2.3258241926950638  0.22111224728454229 0.76740676256924389 0.2730754526162335 0.5430785803368855 -0.20391741838475799
1403715300.2121432 -0.82942966461913914  -2.3169157782654382  0.22175452167252122 0.76194129103704844 0.28227776347184935 0.54637832494892369 -0.20306516020266746
1403715300.2621431 -0.8078134445380688 -2.3088117418283836 0.22242223715415921 0.75636792480323745 0.28875131649284541 0.55049363749488034 -0.20368356494854456
1403715300.3121431 -0.78863792055283566  -2.3002616611020867  0.22476006437451088 0.7528347737528891 0.29118118735479115 0.5526320342510368 -0.2074877207900529
1403715300.362143 -0.76919136758119966  -2.2923913929643462  0.22525743004464735 0.7501229158223427 0.29180778666144486 0.55422779502815478 -0.2121211399652683
1403715300.4121432 -0.7505051190858758 -2.2849580578670023 0.22610684754632948 0.74873330161882345 0.2911489120883638 0.55446961290978192 -0.21724226659748985
1403715300.4621429 -0.73283577567951119  -2.2790072731421622  0.22703273000309132 0.74803578909271751 0.28971904787165353 0.55446201981723053 -0.22153374487191577
1403715300.5121431 -0.71897718642618491  -2.2784242791127212  0.23292651430351305 0.74784373242628244 0.28874485645158238 0.55458603458068589 -0.22313782734344315
1403715300.5621431 -0.70654657998046178  -2.2781238400242732  0.23730242692379469 0.74873022005162893 0.28682244583179045 0.55378481137924895 -0.22462930537701176
1403715300.6121433 -0.69259948850035891  -2.2758486817039318  0.23797418348376412 0.74997961881479436 0.28578229569242025 0.55249871099605563 -0.22495382899360269
1403715300.662143 -0.68257672549125148  -2.2738084900914015  0.23829380936958344 0.75105161861186831 0.28441052907633413 0.55182559840658718 -0.22476793827017308
1403715300.7121432 -0.67512525241732679  -2.2757834479915995  0.24285454051825742 0.75233330673470489 0.28258854950512152 0.55082413481314363 -0.22523560947054533
1403715300.7621431 -0.66494285774424877  -2.2789758261702109  0.24546556712401338 0.75300489427702488 0.28087287474895567 0.55092592293071063 -0.22488816080009413
1403715300.8121431 -0.65515569002259577  -2.2818097339944163  0.24669970863739424 0.75290419392966879 0.28008829198304153 0.55212142011787846 -0.22326612126374121
1403715300.862143 -0.64591630512674747  -2.2857507026137358  0.24805091302441185 0.75239650406913583 0.28019447962779376 0.55401805352999578 -0.22012394375325861
1403715300.9121432 -0.63804795323684027  -2.2904791672623368  0.24942315974427859 0.75191872902292145 0.28093812796681916 0.55590856201721561 -0.21600385152817334
1403715300.9621429 -0.63099462050465294  -2.2965443123734772  0.25014462997381298 0.75144625326915415 0.28178735922579201 0.5576561430577005 -0.21200009136392911
1403715301.0121431 -0.62509847166086996  -2.3032557201437291  0.25052537084870202 0.75106809252278928 0.28222150351496289 0.55917589801825396 -0.20873442079209667
1403715301.0621431 -0.62051381932358285  -2.3091634271143326  0.25012585534245169 0.75013013984452159 0.28259561918056175 0.56138168474787753 -0.20565770918307036
1403715301.1121433 -0.61692318791813383  -2.3155232607160472  0.25012231645840377 0.7483862308497029 0.28286062997364286 0.5646408443759301 -0.20270330620867086
1403715301.162143 -0.61395193648464819  -2.3217834910155726  0.25008680920261156 0.74637177664419851 0.28371528568789167 0.56802489196816919 -0.19945558352818929
1403715301.2121432 -0.61351954351956139  -2.3296828190759786  0.24990715845280934 0.74430455280829999 0.28438039626746747 0.57160288876402832 -0.195981275749018
1403715301.2621431 -0.61573669644716311  -2.3377033073873461  0.24953398529144524 0.74279476669886424 0.28551120634254579 0.57408977980950948 -0.19276983772331466
1403715301.3121431 -0.61813311130687776  -2.3458592501817925  0.24855905157145658 0.74135527094081133 0.28646401500254859 0.57613625852874639 -0.1907819225330154
1403715301.362143 -0.62446355885427962  -2.3540805327308911  0.24670924611171147 0.74072585275099412 0.28677078771563785 0.57709439182573929 -0.18986782060829949
1403715301.4121432 -0.63317327262094592  -2.3625384067313799  0.24433222853416908 0.74136747340232356 0.28663782175894748 0.57625967177133652 -0.19009949818011768
1403715301.4621429 -0.64417971710489019  -2.3708116039762239  0.24110540173294454 0.74349225117856432 0.28462794595447111 0.57339659664652509 -0.19344908315459003
1403715301.5121431 -0.65780446587380981  -2.3820533338102874  0.23540789157717923 0.747808826933411 0.28275218931153612 0.56737947832382274 -0.19726551999017944
1403715301.5621431 -0.6722449862815264 -2.3910452815663792 0.22997773019339726 0.75327705223006658 0.28116729679756974 0.5600977136973585 -0.19952239199177854
1403715301.6121433 -0.68755727191641136  -2.4010491996006205  0.22445229597306107 0.75878313766438388 0.27959251139407471 0.55291808982833868 -0.20089241774922292
1403715301.662143 -0.70329552352541846  -2.4111344395663541   0.2182239481070066 0.76317978924600638 0.27759021437944714 0.54727287279980719 -0.20246650306813693
1403715301.7121432 -0.7194154485974309 -2.4214484847996824 0.21133057566236182 0.76595073314598894 0.27630611065209049 0.54409204364006936 -0.20233204308020497
1403715301.7621431 -0.7359581635156871 -2.4318255099220414 0.20370174867084578 0.76738145073595265 0.27592258195775604 0.5429970406795529 -0.20036629368583475
1403715301.8121431 -0.75214112459793703  -2.4427621415667118   0.1973296464543009 0.76655366243536982 0.27710632845091082 0.54486813208393192 -0.19678994887631843
1403715301.862143 -0.76738109361070339    -2.45195821985789  0.19169463814648341 0.7655287781929504 0.27835071607081474 0.54709408729718934 -0.1928072308439929
1403715301.9121432 -0.78591551551500949  -2.4622792748017908  0.18610561824432043 0.76511036050189452 0.27902278534961039 0.54850825052821328 -0.18944951995422196
1403715301.9621429 -0.80325055791899658  -2.4720028304766304  0.18025001818364383 0.76581644870557364 0.27819756880933738 0.54824455561807262 -0.18857143695613049
1403715302.0121431 -0.82117540605779737  -2.4815175748424325  0.17566695826792608 0.76545716464174807 0.27831960011298651 0.54948069271988176 -0.18623774488444117
1403715302.0621431 -0.83969610805742934  -2.4907613011201457  0.17160990973822732 0.76544709778433773 0.27838006871374055 0.55024178045275474 -0.18392732499726655
1403715302.1121433 -0.86022891141250613  -2.4995690828664561  0.16767101236928222 0.76636506408631555 0.27851024998309321 0.54968671716358464 -0.18155203710301265
1403715302.162143 -0.88138610477078383  -2.5053538235718773  0.16451972657566163 0.76826325667594142 0.27883265002376501 0.54788985204322638 -0.17843943440409313
1403715302.2121432 -0.90277182367274467  -2.5150254357421513  0.16254178184317619 0.76995547878507609 0.27882901482959765 0.54634302601008455 -0.17587563534538989
1403715302.2621431 -0.92446087821913703  -2.5203615736596907  0.15943487305239915 0.77219470829248182 0.27865345369096012 0.54415463942274611 -0.17309914392015388
1403715302.3121431 -0.94500450567008476  -2.5230837934885408  0.15784844971903872 0.77363768654530463 0.27884489307186944 0.5430050832597717 -0.169928617715249
1403715302.362143 -0.96650293592210756  -2.5251490474448195  0.15666507288811138 0.77454517684567636 0.27814674227889968 0.54287170556492925 -0.16734536169777811
1403715302.4121432 -0.98865939069700615  -2.5269079518284112  0.15682794340324432 0.77484464077017656 0.27722176033814649 0.54358452718923822 -0.16516579568787157
1403715302.4621429 -1.0105057906412309 -2.5280232694408182 0.15762986443831353 0.7755809439520357 0.27420793557707268 0.54380456288137324 -0.16601447176203582
1403715302.5121431 -1.0345134593394865 -2.5281053336641435 0.15744693270603638 0.77742642814897045 0.26908257574262751 0.54248571758587849 -0.17003518007336363
1403715302.5621431 -1.0575767866842554 -2.5261173498048635  0.1588288008120444 0.7798803702073771 0.26456534735118475 0.54019315480491914 -0.17315640516036465
1403715302.6121433 -1.0807361366930228 -2.5239156358594808 0.15972996483300714 0.78182592825970998 0.26026709685650257 0.53837488633910768 -0.17652687601066239
1403715302.662143 -1.1038895124140016  -2.520934762231021  0.1609460209131417 0.78356782950092996 0.2578436902573048 0.53675077229072077 -0.17730396614574545
1403715302.7121432 -1.1270651908303613 -2.5197543854660536 0.15892804888046452 0.78540866518500307 0.25481189277306132 0.53463617943700759 -0.17991187729197122
1403715302.7621431 -1.1486525943913528 -2.5193482840130179 0.15564675798650435 0.78721066494934522 0.25306796456180841 0.53239887977842981 -0.18112815107880437
1403715302.8121431 -1.1702911001813514 -2.5178148742532129 0.15413855319609568 0.78986326263930084 0.25168995378645315 0.52883340838463366 -0.18194345185266603
1403715302.862143 -1.1900712099273107 -2.5144074174319604 0.15045525385816849 0.79228764605145352 0.25172070934091362 0.52550378670790343 -0.18100480810964242
1403715302.9121432 -1.2090943174710231 -2.5186907061951258 0.14427433652391536 0.79384981490765461 0.25325939689654969 0.52187263637798353 -0.18251328898075225
1403715302.9621429 -1.2260858711763882 -2.5134698997432681 0.14090990721753377 0.79476129961568642 0.25613645510118888 0.51853289415000614 -0.18404409983968567
1403715303.0121431 -1.2416206396759164 -2.5073773721564532 0.13766844087126492 0.79479264923329307 0.26118266039171772 0.51543282648628241 -0.18551890473962604
1403715303.0621431 -1.2549049862937647 -2.5007530635793187  0.1342233678821893 0.79410681193825428 0.26701549093165561 0.51234582558218578 -0.18867658531014816
1403715303.1121433 -1.2677588044133183 -2.4930103596472946 0.13042301772588694 0.79242155996874919 0.27495698488828374 0.50939439895780991 -0.19231243867272341
1403715303.162143 -1.2786672961768937 -2.4843317583858902 0.12711407428387911 0.78927671223993912 0.28450762165731514 0.50733330359094375 -0.19675010496086121
1403715303.2121432 -1.2877311913093628 -2.4741092633589892 0.12443224003238308 0.78445268470279184 0.29479981344940792 0.50656892964277078 -0.20276827901166841
1403715303.2621431 -1.2955832689593727 -2.4628486657662014 0.12305326251747227 0.77719832408323986 0.30575074574150568 0.50820536459703824 -0.21025354673704794
1403715303.3121431 -1.3030443529712878 -2.4503534131803217 0.12151295101114166 0.76875247351703491 0.31793676789997205 0.5105454033838589 -0.2174378926552884
1403715303.362143 -1.3100131697896837 -2.4381181340332554 0.11845988494424885 0.75986458311332261 0.33097430081175044 0.51263987396811783 -0.22419229948894676
1403715303.4121432 -1.3161430069779632 -2.4246301943592528 0.11768053989339788 0.75126907766315831 0.34387435620274026 0.5139206005604382 -0.23071804526932216
1403715303.4621429 -1.3230291562344432 -2.4114580454350172 0.11607895701866641 0.74354757216961798 0.35648069558754264 0.51365506793756799 -0.23710122896379349
1403715303.5121431 -1.3356400217887954 -2.3984567563523047  0.1104046862914739 0.73674541370529678 0.36812997623698823 0.51184444263500706 -0.24433948212195375
1403715303.5621431 -1.3427239597712595 -2.3845160348909111 0.10991816020749542 0.72909931350323032 0.38044165808241409 0.51075985195167017 -0.25060468766351901
1403715303.6121433 -1.3502879859558794 -2.3700720608939463 0.10935930360604001 0.72318496340917204 0.39028481518718866 0.50677031040809462 -0.2605093553446014
1403715303.662143 -1.3581092315726044 -2.3548803556211015 0.10865227986098147 0.7164775570238785 0.39899811000835 0.50355530418880701 -0.27183170181966948
1403715303.7121432  -1.366922070403358 -2.3383470281655994 0.10570998740892094 0.71031465132350879 0.40792306339032336 0.49913710545884943 -0.2826906797607196
1403715303.7621431 -1.3751182130354989 -2.3228842514647727 0.10454083338896121 0.70399352938628001 0.41603185216933164 0.49484586986343437 -0.29400369664666676
1403715303.8121431 -1.3842015284449887 -2.3082187042872464 0.10411288191448213 0.69716451619450148 0.42462424096530044 0.49135814818601425 -0.3036825012330151
1403715303.862143 -1.3936211251177828  -2.293751823331776 0.10305569849809737 0.69037733906714249 0.43173891549914162 0.48795980181888488 -0.31444533762654464
1403715303.9121432 -1.4042822631717042 -2.2777916268881815 0.10150122041381661 0.68449474919142117 0.43797934144590062 0.48499511072244939 -0.32314203900345062
1403715303.9621429  -1.4122014884451408  -2.2591203668526716 0.097636762702690852 0.67946111343968718 0.4435571857863802 0.48259276567283305 -0.32968748957279742
1403715304.0121431  -1.4209942791829377   -2.246398417323813 0.095925934188334089 0.675539970114167 0.44832909502554258 0.47992774788599424 -0.3351359845507581
1403715304.0621431  -1.4298050371418953  -2.2348583905482724 0.093770696936672226 0.67235874814965535 0.45209537325100313 0.4778635420763897 -0.33939640897609852
1403715304.1121433 -1.4377541749428171 -2.2234638633233161 0.09220719801288263 0.67025203795123944 0.45407711061619838 0.47577066423522568 -0.34382911204525296
1403715304.162143  -1.4458099626343499   -2.214111224736568 0.089872798119943684 0.66823368927906945 0.45542796014662812 0.47481877322229288 -0.34726969666937885
1403715304.2121432  -1.4534944716627087  -2.2061468768839734 0.086908683820913837 0.667585799638721 0.45687763621034344 0.47317038394851274 -0.34885786992068246
1403715304.2621431  -1.4607574614666421   -2.198883570469595 0.082973896782011558 0.6679015333116235 0.4580302797560874 0.47117159716790463 -0.34944689245833671
1403715304.3121431  -1.4680126130501236  -2.1920943719849166 0.078587247922154629 0.66873147922866527 0.45910402433192693 0.46918440528521488 -0.34912418616880425
1403715304.362143  -1.4744249972923107  -2.1852820770423116 0.074606721976828091 0.66992082074741033 0.45948795527058367 0.46774941350316196 -0.34826340470658468
1403715304.4121432  -1.4824204104322802  -2.1825146164100913 0.071485547470119662 0.67121924982570536 0.45976066445509312 0.46656577501151464 -0.3469888004981333
1403715304.4621429  -1.4879295545780205  -2.1787811939280308 0.066501655585857869 0.67241569124976086 0.45958470883522545 0.4664872119243082 -0.345005383547899
1403715304.5121431 -1.4927630620420569 -2.1761053013976839 0.06091404617464314 0.67199608042803194 0.45981846904884943 0.46914896175914067 -0.34188813242236832
1403715304.5621431  -1.4985386583545153  -2.1747438068749423 0.052684851944547993 0.67211174968698173 0.45984940860125251 0.47120291093410704 -0.33878036257877497
1403715304.6121433  -1.5030124414249837  -2.1721202029602735 0.040791827712900734 0.67224349438119746 0.45955404885894169 0.47332352449227649 -0.33595178463839115
1403715304.662143  -1.5075648283923022  -2.1705024095680163 0.027908548929185328 0.67239997417309971 0.45790909969050814 0.47540771129928761 -0.33494035168939629
1403715304.7121432  -1.5125165102534321  -2.1700546988702021 0.014335188371926443 0.67288933054386035 0.45666061572599831 0.47708412495808228 -0.33327431433875698
1403715304.7621431    -1.5172046372970396    -2.1695026357442866 0.00059847668805183699 0.67380306957747871 0.4563085688108674 0.47819412263555239 -0.33030636465947727
1403715304.8121431   -1.5221997737585531   -2.1696920719721668 -0.011504393026154195 0.67468751709090369 0.45554825744741151 0.47887371619093988 -0.32856126271947783
1403715304.862143    -1.527341735253325   -2.1701830006775036 -0.020812511400824033 0.67591864674648772 0.45514948155156382 0.47895886509590851 -0.32645265808349405
1403715304.9121432  -1.5335799912155526  -2.1690885666657089 -0.02929414735253652 0.67654169520372642 0.45527538512097016 0.47933075541263614 -0.32443440826979525
1403715304.9621429 -1.5402046353610201 -2.1703546613723397 -0.0313142411991571 0.67776421234928474 0.45497599708909048 0.47870109666805127 -0.32323021916297806
1403715305.0121431   -1.5472638800472251    -2.173216081408321 -0.030331424836165227 0.67809209073180321 0.45486982062900344 0.47870513436008066 -0.32268553903949193
1403715305.0621431   -1.5536227809005696   -2.1736617010371027 -0.028208013155167477 0.67928977985100802 0.45442989892752372 0.47740003785027257 -0.322719794576112
1403715305.1121433  -1.5600614863796194  -2.1744641423912485 -0.02363038990358781 0.67984630873663843 0.45415986012293863 0.47674822870561157 -0.32289153655111802
1403715305.162143   -1.5668396228518611   -2.1756109189737125 -0.016196683475052001 0.68055526146344636 0.45442838132326951 0.47564844675205564 -0.32264211976226925
1403715305.2121432   -1.5734485050405054   -2.1756852028457545 -0.012037674561044983 0.68180433263021212 0.45461426033745433 0.47349636443648391 -0.32290853065525077
1403715305.2621431    -1.5797033174345088    -2.1754481970395414 -0.0083294668361940417 0.68258814938617862 0.45464595567524096 0.47203963703004997 -0.32334046201834604
1403715305.3121431   -1.5852101452500269   -2.1767485457848639 -0.004185911912767671 0.68244114615120766 0.45572413679625806 0.47136023890003664 -0.32312399843594414
1403715305.362143   -1.5911949153924425   -2.1767008517432158 -0.001529892300666002 0.6831029062071996 0.45627938364593312 0.46936396957388288 -0.32384719800673373
1403715305.4121432   -1.5970262454133015   -2.1764758086594109 0.0013941154213030832 0.68257472775485661 0.45781876669183735 0.46887412314213872 -0.32349771953267137
1403715305.4621429   -1.6028316326782666   -2.1760415469126322 0.0055874545004039478 0.68135974412228772 0.45903244999958742 0.46870255949921891 -0.32458592029825983
1403715305.5121431  -1.6081885520195369  -2.1769262478772817 0.014398073061765913 0.6801834735242055 0.45959919359393675 0.46834235135176372 -0.32676362331607628
1403715305.5621431  -1.6132717367405836  -2.1771861587154531 0.025209912938575781 0.67873632398332573 0.46125380673116112 0.46786958249004273 -0.32811580587074379
1403715305.6121433  -1.6215479710269241  -2.1826764902436318 0.042061332959847257 0.6776830337709675 0.46324033403292553 0.4666321634390671 -0.32925449535005152
1403715305.662143 -1.6271359607723388  -2.182899211528925    0.05939304458927 0.6759888719374888 0.46475131656822066 0.46629323637603626 -0.33108288459953494
1403715305.7121432  -1.6324880184476147   -2.183823194556374 0.079000590485914846 0.67597309225214408 0.46492412282472589 0.46389831258331898 -0.33422192350156049
1403715305.7621431 -1.6371743903643659 -2.1863034889192354 0.10169562450928855 0.67484896303352915 0.46608537509519038 0.46316043761211495 -0.33589538437719002
1403715305.8121431 -1.6416331274750895  -2.187032754160513 0.12235824985014065 0.67441809716973111 0.46697354574499178 0.46191311343645675 -0.33724206946902124
1403715305.862143 -1.6454281767174312 -2.1877428326748891 0.14234464112507303 0.67384432170600794 0.46845577629846452 0.46135180462819969 -0.33710165844070922
1403715305.9121432 -1.6484302049958277 -2.1894768681251291 0.16181920501684677 0.6738433237498711 0.46975654340360584 0.46032708516101112 -0.33669413365009748
1403715305.9621429 -1.6511066385901434  -2.190047914290111 0.18036753396016453 0.67359307587257899 0.47057157320291043 0.46006692409239924 -0.33641222924563025
1403715306.0121431 -1.6534286274137162 -2.1904510846435041 0.19775018439093928 0.67367064539566879 0.4711252505375344 0.45958008949383533 -0.33614729089934231
1403715306.0621431  -1.655267105279679 -2.1909533161741193 0.21389574091674307 0.67398979174714002 0.47212850051968763 0.45902952199490321 -0.33484972383863332
1403715306.1121433 -1.6566798249099144 -2.1915209044396797   0.230022818033878 0.67516598235700942 0.47259598764953598 0.4574794016799073 -0.33394090160393369
1403715306.162143 -1.6558170614728127 -2.1907616320644294 0.24493361933562888 0.67695685566618091 0.47089535638772245 0.45486680014642306 -0.33627841593476027
1403715306.2121432 -1.6562212822938429 -2.1879450811300312 0.26480603641683409 0.67865731652858174 0.46659257779199548 0.45393353166046624 -0.34008816784166696
1403715306.2621431 -1.6552351766379048 -2.1878836945534159 0.27915929456785177 0.68007719964748525 0.4611611500257885 0.45398399638240644 -0.34456338641124656
1403715306.3121431 -1.6530918020176433 -2.1883430924088296  0.2930030625738585 0.68185337213310282 0.45381119774565465 0.45483195889374062 -0.34965592355950942
1403715306.362143 -1.6503478017669257 -2.1891130329020179  0.3077532356936315 0.68371514456895344 0.4460420799672552 0.45673708966422327 -0.35351279313568723
1403715306.4121432 -1.6454499597830492 -2.1916050428120242  0.3219769122945304 0.68494644521478942 0.43725627733260064 0.46068089479225249 -0.35697118692447577
1403715306.4621429 -1.6385248336234317 -2.1947791977308908 0.33610746683321358 0.68683412396587307 0.42905918066940135 0.46505774894470781 -0.35761487075597792
1403715306.5121431 -1.6299879910360167 -2.1999900026916994 0.34952966916723666 0.68891610048108831 0.4214713158617453 0.47049889328271183 -0.35550995460527324
1403715306.5621431  -1.618948628228245 -2.2057902479594125  0.3625658277057115 0.69119274865161406 0.41394838017586599 0.47677895874555215 -0.35154110322793042
1403715306.6121433 -1.6067572230571168 -2.2142560262371216 0.37634485320142691 0.6932400348083535 0.40532667005283401 0.4842250850116892 -0.34735372709705653
1403715306.662143 -1.5904641903279295 -2.2216541181861507 0.38822986815261312 0.69524757129995007 0.39677363070100602 0.49263054494958208 -0.34134534823919943
1403715306.7121432 -1.5758611319075484 -2.2341754938641158 0.40216455865308215 0.69705799596463003 0.38946394202394352 0.50164982747403419 -0.33282944389013447
1403715306.7621431 -1.5612195998450686 -2.2486891758420384 0.41512135353864837 0.69920852839942438 0.38251013072065371 0.51093416770391642 -0.32208649456673305
1403715306.8121431 -1.5481454206339018 -2.2642345120676155 0.42647606832539225 0.70046187166313967 0.37346436339533245 0.52191684956350071 -0.3122184135530775
1403715306.862143 -1.5337820466639804 -2.2843841476697833 0.43963483353269461 0.70125302906053022 0.36492003989033922 0.53269571180271935 -0.30218013228347573
1403715306.9121432 -1.5206137813945411 -2.3059125446454201 0.45060019360590448 0.70262727510532164 0.35749507170630956 0.54287246809411027 -0.28948517987831529
1403715306.9621429 -1.5092770000221518 -2.3292813867404085 0.45820905353098723 0.70499678687572886 0.35158671646787437 0.55150693473081225 -0.2742378752872412
1403715307.0121431 -1.4984077961834261 -2.3547849209416629 0.46823490942372969 0.70762749960161353 0.3465532915477374 0.5594482320585199 -0.25725826239713662
1403715307.0621431  -1.489904285460838 -2.3821092678948417 0.47502813121561543 0.71143038992559926 0.34099600972323824 0.56533735504531657 -0.24079492651113873
1403715307.1121433 -1.4837411723487712  -2.410247002237178  0.4779854021057327 0.71742248508285633 0.33495504501297424 0.56771420909762405 -0.22541222794372637
1403715307.162143 -1.4805386741555699 -2.4367549802584798 0.47375755120925067 0.72508596192784325 0.32857289123298522 0.56772238835453159 -0.20971765000351694
1403715307.2121432  -1.479294912518762  -2.465394272023623 0.46942392862120152 0.73228081265865919 0.32201660479361133 0.56731629575374409 -0.19550534064679495
1403715307.2621431 -1.4807335042780341 -2.4936450807205541 0.46237260950526399 0.73920864267635378 0.31563705156701655 0.5665487184145096 -0.18156647249296901
1403715307.3121431 -1.4849148762377455 -2.5217206879641414 0.45122538137960461 0.74606427191150604 0.30765771157768207 0.56548200964461992 -0.17019086771099123
1403715307.362143 -1.4934901557993983 -2.5474960483143443 0.43853464368972245 0.75398738437733215 0.29784332146077125 0.5626911626005745 -0.16177464446648879
1403715307.4121432 -1.5037498958651954 -2.5677948419112622 0.42321300146043206 0.76347333455725641 0.28485712168439031 0.55774096662488093 -0.15776533774581644
1403715307.4621429 -1.5133822116038038 -2.5902797617472038 0.41043744104343521 0.7718337526297635 0.27166559553769459 0.55339649034384886 -0.1556367147485353
1403715307.5121431 -1.5259560056803463 -2.6104764778697001 0.39784790930757941 0.77920376229388877 0.25901039497137723 0.54979718360585994 -0.15322587582678227
1403715307.5621431 -1.5362020576289275 -2.6264270406103392 0.38623496409413099 0.78581399795844786 0.24605457597730598 0.54692067507209985 -0.15110023637263773
1403715307.6121433 -1.5475242499301136 -2.6448472793899689 0.37393168689213374 0.79121366263810355 0.2339775323406437 0.54515302658143838 -0.14847098040922921
1403715307.662143  -1.559555925888177 -2.6631778740597745 0.36236009092261745 0.79592462976339517 0.22223023624116126 0.54424862141692087 -0.144606859871796
1403715307.7121432 -1.5705695878141059 -2.6806620079900396 0.34980925169580984 0.80043901039599896 0.21126679184007338 0.54359372950208273 -0.13845429046401414
1403715307.7621431  -1.580590051343495 -2.6976306481769985 0.33709668854076158 0.80400403375906215 0.20095854317526485 0.54410221717078611 -0.13094256333930065
1403715307.8121431 -1.5896077898952286 -2.7141755746830971  0.3242805864439679 0.8072907994578129 0.19079246753733048 0.54486728141076735 -0.12247222170689118
1403715307.862143 -1.5979796338521799 -2.7315584756112981 0.31102364064655363 0.8100425035011114 0.18064965621004564 0.54606811066572403 -0.11404588000805239
1403715307.9121432 -1.6054372104223271 -2.7448692178352898 0.29830606012301775 0.81282552776177064 0.17086328496503464 0.54691307542957412 -0.10491180674224232
1403715307.9621429 -1.6127233733872959 -2.7594082750862441 0.28528152946773094 0.81489111490688937 0.16115469140829672 0.54846805079198846 -0.09573104795906294
1403715308.0121431 -1.6190037541353268 -2.7688895391216204 0.27350987528443732 0.81663671879546285 0.15105893788664426 0.55023243220264328 -0.08677521162119356
1403715308.0621431 -1.6269647838553032 -2.7735706359593828 0.26143453711349646 0.81843473931134081 0.14032734953516729 0.55175563034297748 -0.077708023045476207
1403715308.1121433 -1.6328948932373197 -2.7837252950276423 0.24972329977033469 0.81984020359573351 0.13029237968655716 0.55321837944094754 -0.069536760152110896
1403715308.162143 -1.6357607833714776 -2.7935179646098933 0.23711015443664327 0.82120848924068968 0.12124591340240053 0.55411242343675138 -0.062253255941294182
1403715308.2121432 -1.6388228848539068 -2.8018460444843316 0.22546592377905342 0.82190117677205643 0.11325829658120348 0.55546550953871576 -0.055759139063725593
1403715308.2621431 -1.6415672033060122  -2.809201713014633  0.2130197816830034 0.82298200636584684 0.10506000090560601 0.55603703300282392 -0.049858112049855921
1403715308.3121431 -1.6434442639278426 -2.8153376947258857 0.20116678801548837 0.82378354642144713 0.09758380901288706 0.55674979363251098 -0.043448085734547018
1403715308.362143 -1.6440098544494381 -2.8187776792614896 0.18855984910155937 0.82418808190162485 0.089838363878960867 0.55781234919044032 -0.038580527698754488
1403715308.4121432 -1.6460156958000551 -2.8215477191825835 0.17665182710425015 0.82506003761409197 0.082511399907981453 0.55788089914495387 -0.035166825086668463
1403715308.4621429 -1.6473560775156313  -2.823387129550039 0.16451750130770773 0.82548055626258021 0.075867984173721911 0.55830480462779608 -0.033490973998313731
1403715308.5121431   -1.64885594590509 -2.8279390090424918 0.14742555477993985 0.82543356502739529 0.069514619001200234 0.55917762987306963 -0.033875149015454936
1403715308.5621431 -1.6484950523908704  -2.827363347067319 0.13854674452001856 0.82584001549475727 0.064283019401706484 0.55911816243208479 -0.035253973716275179
1403715308.6121433 -1.6451996298115859 -2.8252585394584231 0.13008472036744725 0.82633309528729915 0.059639442517853122 0.55880182271597001 -0.036841219556100945
1403715308.662143 -1.6445630862097345  -2.825108495522672 0.12460168878848282 0.82629145140499183 0.0564865876347109 0.55912237420478306 -0.03786652104464678
1403715308.7121432 -1.6409796042841569 -2.8240355752609023 0.12311763774560201 0.82696619223370382 0.054090601073022077 0.55826433439774548 -0.039269030004449708
1403715308.7621431 -1.6364057220550314  -2.822929105637654 0.12440885224033509 0.82717165117800173 0.05288755041311758 0.55801635719312803 -0.040096279174878131
1403715308.8121431 -1.6307917691829776 -2.8217725204375217 0.12766885934705499 0.82788110606091747 0.052497846994422934 0.55697126638573624 -0.040495168958426433
1403715308.862143 -1.6235285826263341 -2.8209579517032677 0.13199021481741149 0.82871472370722099 0.051565496391361272 0.55570166054135783 -0.0420543786585258
1403715308.9121432 -1.6162040452235573 -2.8203961021600965 0.13652612348165102 0.82940488488997421 0.050987009069726356 0.55455127909954272 -0.044280251533087955
1403715308.9621429 -1.6073738996885505  -2.820134510673229 0.14122388322468835 0.82911814077637946 0.050807037685173105 0.55480207078824773 -0.046652071832337029
1403715309.0121431 -1.5964941231157721 -2.8209205765711762  0.1456429366567247 0.82812507597400564 0.051112766778296598 0.55597778250224794 -0.049850265588040447
1403715309.0621431 -1.5843631940811878 -2.8216885808617733 0.15032236726750736 0.82645713804633325 0.05095946402876142 0.5580742167067243 -0.054082350590020416
1403715309.1121433 -1.5595062620778766  -2.828956224779922 0.15848844099293957 0.82531693732474964 0.051182397647763819 0.55916754331279894 -0.059699025464832585
1403715309.162143 -1.5461811150184235 -2.8307309951684205 0.16230533415830206 0.8235998268690935 0.051952532937304029 0.56118443073590352 -0.06368904303110251
1403715309.2121432 -1.5328901577952143  -2.833524105351493 0.16704183865701186 0.82056869336897353 0.051969095273554401 0.56495435494200374 -0.069230119393572251
1403715309.2621431 -1.5165309739727029 -2.8381427885589225 0.17263685908513485 0.8157387591978752 0.052017346683824663 0.57118648539209727 -0.074903079320608384
1403715309.3121431 -1.5022827699859527 -2.8432933177899651   0.177335119826077 0.81118097006087786 0.053373818725468404 0.57698595274083986 -0.0788915687858944
1403715309.362143 -1.4866351335216328  -2.850317867161511 0.18174459975236967 0.80921211598560405 0.057463942407555535 0.5793160780311708 -0.079161407261777936
1403715309.4121432 -1.4728031208268988 -2.8579469933028561 0.18531434543165276 0.80866278524016688 0.063022630856242462 0.57981131009178877 -0.076886230608719144
1403715309.4621429 -1.4594624714963582 -2.8666929206652592 0.18909785364912027 0.8089013663802701 0.068763524890495212 0.57925046607089981 -0.073614228715729355
1403715309.5121431  -1.446855402031695 -2.8763257821772172 0.19331258799657469 0.8089092616047151 0.074131711828285957 0.57893145280381919 -0.070771948863812231
1403715309.5621431 -1.4348689357745152 -2.8863321624010903 0.19746138956227255 0.80925991394055974 0.078772908603251132 0.57807728954567783 -0.068701294533832877
1403715309.6121433 -1.4231847509127398 -2.8964820659379038 0.20197244614205931 0.80924717914254751 0.082394891171476151 0.57772920258502514 -0.067520763022505995
1403715309.662143 -1.4124211682731524 -2.9067877231135055 0.20664506390156478 0.8092712201144463 0.085438954582657461 0.57728770031868248 -0.067224909037240044
1403715309.7121432  -1.402166639442644 -2.9162466300826093 0.20623088911498669 0.80971426754542319 0.087332822051247525 0.57624160912828082 -0.068420691572021949
1403715309.7621431 -1.3931016698221079  -2.926083577278435 0.21022153886556624 0.81033364282437514 0.088367293677201017 0.57500455371466985 -0.070145362801391511
1403715309.8121431 -1.3848705819729312 -2.9364100245191342 0.21410411595945514 0.81114018289824252 0.088667146607067163 0.57338543134907738 -0.073613096097089006
1403715309.862143 -1.3748711804876095 -2.9481783559216956 0.21584869425670924 0.81235876071563295 0.086837497385444815 0.57126043691118444 -0.078702008592136594
1403715309.9121432 -1.3670481594736821 -2.9588171890463331 0.21893489275239725 0.81380886850053968 0.084618447620120885 0.56867824339702888 -0.084616188516748597
1403715309.9621429  -1.357644144060822 -2.9705248010925489 0.22053058156501074 0.81376301995519573 0.082609083867076716 0.56824547835836037 -0.089791775465910176
1403715310.0121431 -1.3495046815095777 -2.9828841665931543 0.22203222976845038 0.81221447238661204 0.080931764854252727 0.57001492282808586 -0.094024933058230967
1403715310.0621431 -1.3399533744640957 -2.9963063989769778 0.22334211860299544 0.80913074180809053 0.078840337866294033 0.57423925934137254 -0.096648418596942509
1403715310.1121433 -1.3307936194999941 -3.0109833208155918 0.22450375317095944 0.80583927868752081 0.076429603766706253 0.57912586540225353 -0.096926800290381712
1403715310.162143 -1.3210076979175067 -3.0273925791455669 0.22615976297520424 0.8025417257265498 0.073889978115377924 0.58433698766924658 -0.094959646395671407
1403715310.2121432 -1.3115920231336722 -3.0458475633335231 0.22788940560387774 0.80020318925875134 0.071809695423187173 0.58856149418535098 -0.090075474495887514
1403715310.2621431 -1.3044086921915823 -3.0659622133528566 0.22962118634400827 0.79848624492740983 0.070480822903880413 0.59223382243644884 -0.081922340218216261
1403715310.3121431 -1.2954829098019467 -3.0880544843746707 0.23210279177025764 0.79728762510318585 0.069539669262336692 0.59526399326647217 -0.071815427149464622
1403715310.362143 -1.2911973497195346 -3.1100860870002438 0.23448182509237034 0.79686316272205848 0.066487028247626576 0.59722511557659252 -0.06253588006835159
1403715310.4121432 -1.2911697507929676 -3.1323771375618126 0.23799580418106009 0.79731722011681805 0.06213585662952878 0.59795093754803763 -0.053656892488541975
1403715310.4621429 -1.2887263428602613 -3.1554971271216861 0.23972270765152875 0.79862250385647215 0.056150490585034581 0.59747145793786061 -0.045574945865974041
1403715310.5121431 -1.2892226974659007 -3.1777062412269697  0.2419847268577224 0.80137584897034175 0.050627788557217307 0.59478225086940084 -0.038309917300862521
1403715310.5621431 -1.2923403754846619 -3.2008569149585031 0.24440609806014574 0.80485759861289263 0.045262695928008773 0.5908677275590194 -0.032107052833562098
1403715310.6121433 -1.2951163589997077 -3.2221946494237956 0.24717151419854028 0.80883155640097892 0.040694862217062221 0.58602709379824169 -0.02660238510906868
1403715310.662143 -1.2981357266016749 -3.2430392631142788  0.2498179701647808 0.81279077985747195 0.036619032500701122 0.58098843290038427 -0.021968966142060769
1403715310.7121432 -1.3013017585680682 -3.2630842155925022  0.2523557621313835 0.81604615271080061 0.032918535729177058 0.57675770744971411 -0.018319212556702262
1403715310.7621431 -1.3051616747160693  -3.282350420512417 0.25511339932377869 0.81854276650251279 0.029800866436409241 0.57346092859955167 -0.015563133867961288
1403715310.8121431 -1.3079964857759703 -3.3006809967703523 0.25672782435667652 0.82015853925306803 0.026861757253266894 0.57133296279396206 -0.014037881343469947
1403715310.862143 -1.3113203985797839 -3.3196984831202232 0.25812421530007795 0.82085053571053024 0.02404028996544598 0.57049241106584547 -0.012840225792068762
1403715310.9121432 -1.3183911780958977 -3.3369854110470545 0.25978275163707115 0.82103902940495588 0.021696635673689898 0.57033437053099745 -0.011952990639251751
1403715310.9621429 -1.3212000686146128 -3.3537905288359973 0.26304308411752952 0.8218166821965176 0.018800147558209544 0.56931724773196157 -0.011906584321376623
1403715311.0121431 -1.3245692702958742 -3.3700805877508606 0.26511016895945994 0.82302911730931971 0.015437517327836537 0.56763605502565528 -0.01319333751202798
1403715311.0621431 -1.3294581845022684 -3.3866711399530525 0.26284661853353719 0.82427880235647877 0.01128564472037694 0.56584766289894062 -0.015922079035772294
1403715311.1121433 -1.3318502268693493 -3.4025104026860165 0.26424936959129952 0.82541648679326329 0.0080398498146546857 0.56419365731192739 -0.017564202054631644
1403715311.162143 -1.3336112907959077 -3.4184071983634454  0.2638273167018364 0.82614310598700402 0.0048120277895788693 0.56310204828277444 -0.019506307657835984
1403715311.2121432 -1.3345559094629746 -3.4345365562326133 0.26496631729915532 0.82637905891382235 0.0012393728324894971 0.56267454973593778 -0.022214095145814319
1403715311.2621431 -1.3350579364308934 -3.4508855035990491 0.26414233902952172 0.82679294925093716 -0.00094853009341039449 0.56202413806253904 -0.023267737205395073
1403715311.3121431 -1.3346679812345212 -3.4677741910106104 0.26519948587856595 0.82724108646924344 -0.0033817829560369396 0.56127137501469382 -0.025203015500906381
1403715311.362143 -1.3325695749840902 -3.4857181843645355 0.26581514335055156 0.82805781562259451 -0.0050672436056166696 0.56000453989892196 -0.026258185793680208
1403715311.4121432 -1.3293709058155208 -3.5039942949340204 0.26732805599088555 0.82869202323632463 -0.0050398224477343325 0.55913912188711723 -0.024648999766437363
1403715311.4621429 -1.3248741211247976 -3.5261652758375774 0.26769185858431133 0.82920508111186131 -0.0034174368129219683 0.55853442495646433 -0.021131746791332524
1403715311.5121431 -1.3206536315646338 -3.5470363251607857 0.27009000483024981 0.82955276549802459 -0.0011083618382120835 0.55819495008559128 -0.016105231682885343
1403715311.5621431 -1.3152328364123942 -3.5675621218668989  0.2731946490281042 0.82938214035821545 0.00064764371043346015 0.55854869250778405 -0.012173902837412202
1403715311.6121433 -1.3087521974164891 -3.5883908442532064 0.27636401113311748 0.8288411195301415 0.0018035203592168965 0.55940351793524079 -0.0093193353846956119
1403715311.662143 -1.2987106600730605 -3.6096196243296896 0.27684818611957884 0.82851481517377124 0.0024799071990219065 0.55992115163178569 -0.0067346160388699582
1403715311.7121432 -1.2906528991307886 -3.6300909342068834  0.2796749780341346 0.82803441470368955 0.0014050097739748925 0.56063343948230038 -0.0068688098022391588
1403715311.7621431 -1.2808003766420311 -3.6508432369828978 0.28204464338281188 0.82761215621447137 0.00018753171202951131 0.56125070453619597 -0.0074652779931098437
1403715311.8121431 -1.2709324745869548  -3.671253088230066 0.28463664403571504 0.82721215689736727 -0.0017456018084803669 0.56182740136014619 -0.0081836077885453114
1403715311.862143 -1.2593787528521159 -3.6919771540405728 0.28719516354301206 0.82665070177420197 -0.0049431899056850779 0.56260307254647257 -0.010097766636448555
1403715311.9121432 -1.2479120390277454  -3.712403813374118 0.29010425653129834 0.82577587210994197 -0.0068111856585738786 0.56386815381668742 -0.010026061158298183
1403715311.9621429 -1.2357889170164158 -3.7330171256484035 0.29277471924764226 0.82565975111268863 -0.0076638366365769399 0.56405944138321651 -0.0080117156087128241
1403715312.0121431 -1.2163754028494691 -3.7561520689939569  0.2955483625887349 0.82584831587911667 -0.0069415277267428814 0.56382888072587622 -0.0048340057769239381
1403715312.0621431 -1.2003030938859649 -3.7791095972148745 0.29705401237364426 0.82607204149334079 -0.006141281789086156 0.56353029429327506 -0.00093505868594173278
1403715312.1121433  -1.185007460859413  -3.800720221501888 0.29909003673318191 0.82544837610123323 -0.0062103803342180861 0.56444041568062853 0.0018511386281711492
1403715312.162143 -1.1696367485466697 -3.8212754593929534 0.30126401880726023 0.82497078650310096 -0.0060420610496589675 0.56512125898586407 0.0049656376186089151
1403715312.2121432  -1.153834402185383 -3.8412962593923492 0.30343716099384216 0.82482920392131343 -0.0063844535121347868 0.5653004820554004 0.0071685493522612651
1403715312.2621431 -1.1367178876842203 -3.8604936137602919 0.30463012268880418 0.8248413160814142 -0.0076088539922771238 0.56525060122360604 0.0084063334669045864
1403715312.3121431 -1.1201865161833808 -3.8796260479437614 0.30663132402356336 0.82463720462919521 -0.0099576484857540563 0.56552342400122169 0.0075883386795575014
1403715312.362143 -1.1037104872899992 -3.8998847656608802 0.30921393303749345 0.824815228511806 -0.012435387867740101 0.56523047466140408 0.006301623413067942
1403715312.4121432 -1.0863983086106894 -3.9190533855924037  0.3104409710527356 0.82455649258334762 -0.014727093614912116 0.56556487461353322 0.0051064523579520387
1403715312.4621429 -1.0694219205856652 -3.9377802510327862 0.31336097971234639 0.82401633741788449 -0.01707648671274915 0.56629610313681467 0.0037673388515898896
1403715312.5121431 -1.0512484511542626 -3.9569339455270667 0.31377091910271449 0.82272448519614372 -0.01849125543941928 0.56813288660740502 0.0027419128636881783
1403715312.5621431 -1.0325719235859698  -3.975788307778676 0.31392911137865048 0.82186654279895044 -0.018291713544134093 0.56937413065905795 0.0037280530525159164
1403715312.6121433 -1.015510155305686 -3.995410064907599 0.3176203704078383 0.82000240772788413 -0.016863999851097253 0.5720841363267325 0.0056033733403889358
1403715312.662143 -0.99758951133322871  -4.0141419028391159  0.31776249055047623 0.81749741220396632 -0.01457784408548028 0.57569116986553015 0.0080712105966334879
1403715312.7121432 -0.97925911398888388  -4.0326113997074273  0.31663117762494591 0.81490850060765518 -0.012694569515907183 0.57936920319778995 0.009711329885604629
1403715312.7621431 -0.96115326509186738  -4.0516495245190347  0.31438550129448622 0.81290311645878499 -0.0098578786831937 0.58219683183216553 0.011755615000992965
1403715312.8121431 -0.94379795517729193   -4.069994310355959  0.31139623677312323 0.81119666947403424 -0.0060446984664050841 0.58456721014244872 0.014303911386719628
1403715312.862143 -0.92720450947955335  -4.0858676020929128  0.30847031574876904 0.80830964941654915 -0.0022768113211149685 0.58854057450660291 0.015821471162357742
1403715312.9121432 -0.91148415752580947   -4.101989382713402  0.30719916431910566 0.80552167882047843 0.00115636298541382 0.59234681039213788 0.016085521227013875
1403715312.9621429 -0.89767887557121584    -4.11634781877755  0.30943369687460381 0.80309025649397447 0.0047725017986796217 0.59561847343482255 0.016183239916520396
1403715313.0121431 -0.8850897469263076 -4.1283960959715316  0.3162150579653783 0.80136235814729695 0.0080544112954939306 0.59791236343344656 0.015946882351001748
1403715313.0621431 -0.8744199222276472 -4.1409918277287776 0.32251192644037591 0.80073264176998515 0.011407894153504633 0.59870337004214835 0.015854685591884604
1403715313.1121433 -0.8654799377993444 -4.1522895984733399 0.33110774168357815 0.80127205962827874 0.014578544666792452 0.59791560594205428 0.015731518216649126
1403715313.162143 -0.85798803268642476  -4.1622997600805807  0.34178783132888446 0.8014858359394309 0.016919017160695972 0.59759359506571619 0.014700230719983954
1403715313.2121432 -0.85442443218907049  -4.1677333811995476  0.35521861774297808 0.80228574066375558 0.017694770514077304 0.59655944125193916 0.011887744833975634
1403715313.2621431 -0.85021507797854878  -4.1739831157921401  0.36608945026361261 0.80400149737903248 0.017690741083397341 0.59430901282872683 0.0080887058753703091
1403715313.3121431 -0.84858505697311948  -4.1784546607082582  0.37619112596195453 0.80609090139506079 0.017300204868800653 0.591521697784537 0.0044991832253165297
1403715313.362143 -0.84704943131657184   -4.184273939743858  0.38522220181638051 0.80842903260077781 0.017167184722277247 0.58834079301814801 0.0017024358015338115
1403715313.4121432 -0.84632220404327607  -4.1895846323328296   0.3939437394121475 0.8108674869334539 0.017437157883421685 0.58496996834516346 -1.7129864963485817e-05
1403715313.4621429 -0.8469052233678992 -4.1934232606630157 0.40302708854788444 0.81279589908336558 0.015984493803307777 0.58232851075440528 -0.0009099195964238281
1403715313.5121431 -0.84922038126641342   -4.196763312482032  0.41179674685844292 0.81369525073373472 0.01434400452549503 0.58111405168978447 0.00086452080347236798
1403715313.5621431 -0.85106341185234857  -4.2001572712808306  0.42102758040324373 0.81468633127732581 0.011905462999199132 0.57976935478225555 0.0034549726530626297
1403715313.6121433 -0.85063979668449774  -4.2027526587057222  0.43144848813054648 0.81574742231668029 0.010131488632685664 0.57826758018124758 0.007752524305134097
1403715313.662143 -0.85357963172055973  -4.2056560932464802  0.44094350038620733 0.81607901419968965 0.0085382033371988447 0.57775202360809763 0.012030830535915804
1403715313.7121432 -0.85783649606734602   -4.205813602261367  0.45020829305725796 0.81612156379037748 0.0070239472030300624 0.57763230560391476 0.015400545598898254
1403715313.7621431 -0.86070128311335925  -4.2075891825430087  0.46084869200176865 0.8165705102172347 0.004462624224303163 0.57698631784602117 0.016717531130159561
1403715313.8121431 -0.86303030696360672  -4.2061807687278296   0.4714762703160984 0.81656363648377384 0.0021094388683336983 0.57697430211725143 0.017889453215982596
1403715313.862143 -0.86596726994049211  -4.2047863100877505  0.48199923939184458 0.81667837740874971 -3.2457615161501312e-05 0.5767773842276458 0.019086012234875636
1403715313.9121432 -0.86898864265155662  -4.2027274538702644  0.49291162110862347 0.81654508996882835 -0.0028950835722639876 0.57698484768723712 0.018281686963832918
1403715313.9621429 -0.87159298165281529  -4.2001982434266321  0.50373868661817389 0.81629949490552867 -0.0061881614914476206 0.57737594944243731 0.015932805144683055
1403715314.0121431 -0.87488363984149131  -4.1974865190582493  0.51338288757276984 0.81691086904759913 -0.0095835437037037688 0.57649037746574328 0.014954344231046463
1403715314.0621431 -0.87858273587426183  -4.1952310460981801  0.52061330409741258 0.81765698401073472 -0.012621512862675186 0.57530914983872794 0.017237633925997878
1403715314.1121433 -0.8824099668188301 -4.1923843841457655 0.52743439902339084 0.81822165806125979 -0.016326994206361505 0.5741973042622186 0.023328165758792721
1403715314.162143 -0.88735700895007807  -4.1901506892320901  0.53285774687406684 0.81842589839818147 -0.02228890720419777 0.57336285071119109 0.030615271860767564
1403715314.2121432 -0.89379804118279516  -4.1876168862947267   0.5360589219262889 0.81910127407567224 -0.029240792809296246 0.57153937019752377 0.039507305118324364
1403715314.2621431 -0.89809773665104886  -4.1842200613595883  0.54238454916914847 0.81891029732245313 -0.036998050536438752 0.57066552446605834 0.048558504730204489
1403715314.3121431 -0.8993677761144121 -4.1800641343275533 0.54348815639573966 0.81958095827130761 -0.045895144601339095 0.56830078170621667 0.056700176835796909
1403715314.362143 -0.90218176558502783  -4.1750290283154339  0.54733072047230658 0.81957883091176942 -0.054954817794064637 0.56663896188955454 0.064736348300213034
1403715314.4121432 -0.90556179153204841  -4.1697656415332904  0.54669662077989856 0.81918618717230463 -0.064547474314756034 0.56554357789392384 0.070200255046739185
1403715314.4621429 -0.90995492339570516  -4.1626186796850959  0.54832093826236805 0.81945816333317345 -0.072526061182481463 0.563485647292989 0.075579192181303254
1403715314.5121431 -0.91178348870554859  -4.1545604561717466  0.55053395308437902 0.81913743057397881 -0.079932393951537992 0.56244174280404813 0.079271484036703824
1403715314.5621431 -0.91279461286581209  -4.1445307959488424  0.55296177071633079 0.81921698247547892 -0.087698336566735272 0.56095189188350592 0.080780643594329446
1403715314.6121433 -0.91243897920981321  -4.1342129036022097  0.55493286570879818 0.81865482611820772 -0.094456570446685886 0.56057133404520454 0.081498536303403757
1403715314.662143 -0.91195683821700502  -4.1235886313643686  0.55577093767718266 0.81772469180176843 -0.099592467953195041 0.56085731834240715 0.082745013181814264
1403715314.7121432 -0.91037408499194028  -4.1122293733994839  0.55529277078917394 0.81712296887615532 -0.10356923705147053 0.56082750853581631 0.083999836554023488
1403715314.7621431 -0.91636186055758428  -4.1019483036732085  0.54879491249655488 0.81613905946008036 -0.10666321700033209 0.56138519322446878 0.085945672323167632
1403715314.8121431 -0.91617708758151006   -4.088816643785032  0.54849492375092079 0.81460937410004519 -0.10859758779365267 0.56298934473622453 0.087527877086154657
1403715314.862143 -0.91484547514425341  -4.0758155145798218  0.54866875906832646 0.81396506504783506 -0.10939759088584163 0.56340499031134994 0.089821249614528892
1403715314.9121432 -0.91106631691428352  -4.0632008077226303  0.54668040276416729 0.8132665623852674 -0.11036099104753079 0.56407622557140835 0.090752200558281107
1403715314.9621429 -0.90933792945449587  -4.0489778515036408  0.54622580478769589 0.81247844945070913 -0.11147369399134931 0.56502330205468243 0.090559664648881294
1403715315.0121431 -0.90484699127515966  -4.0341783504263677  0.54572302128598971 0.81185436007193978 -0.11219524235775474 0.56596937376320466 0.08934983820103945
1403715315.0621431 -0.90143001625799457   -4.018723252654457  0.54461839065741036 0.81017409884043046 -0.11360552295780128 0.56838346376904658 0.087475441327734119
1403715315.1121433 -0.89804510651067115   -4.002241700450182  0.54328057004442543 0.80963141091808155 -0.11405263746231274 0.56919623162427058 0.086629234369332453
1403715315.162143 -0.89259672097026554  -3.9869831454224967  0.54113256983007718 0.8099527969933128 -0.11454212237575397 0.56884476061338196 0.085277237098017392
1403715315.2121432 -0.88874667221028225   -3.970682089772041  0.53878692795477401 0.81037162990728973 -0.11472810116232948 0.56837386943077961 0.084180928917255676
1403715315.2621431 -0.88530243766837957  -3.9543891380563618  0.53718295824364726 0.81046192143473506 -0.11501907255961369 0.5682164347896087 0.08397719980345919
1403715315.3121431 -0.88132500381444356  -3.9383058127070716  0.53636756151114684 0.81053555193254501 -0.11671202982426998 0.56762621366770138 0.084917034245034634
1403715315.362143 -0.87927994037157209  -3.9235829174975567  0.54129405978920209 0.80986216824075941 -0.11948861571166372 0.56766356099333204 0.087199889266305883
1403715315.4121432 -0.87557096656799238  -3.9077217673181521  0.54213020289467528 0.80925782667787804 -0.12392980090049263 0.56724626404991307 0.089302017506763462
1403715315.4621429 -0.87457102351974703  -3.8912355738366551  0.54415581648303579 0.80834837910354285 -0.12961431187014524 0.56685057540018891 0.091942663261286486
1403715315.5121431 -0.87194506944932026  -3.8752875913470661  0.54625399446799738 0.80711011841775249 -0.13596012211835951 0.56665309351318749 0.094828126382298511
1403715315.5621431 -0.8687625895404345  -3.859674390330027 0.54741451839597299 0.8056563469546778 -0.14241483886400264 0.56666070782796851 0.097629434531241718
1403715315.6121433 -0.86910875194968595   -3.842661113603393  0.54949858329964252 0.80416462187367921 -0.14927448808713131 0.56643218297884979 0.10095033540757743
1403715315.662143 -0.86789759663622013   -3.826994823574934  0.55132516175916579 0.80231252853637514 -0.15642242134228981 0.56644708582655334 0.10471070438875241
1403715315.7121432 -0.86630662387079826  -3.8116124388398163  0.55277585746296287 0.79961324644245679 -0.16623137961475021 0.56725624316758227 0.10585905314394461
1403715315.7621431 -0.86582129224215465   -3.796486011481977  0.55441849916919383 0.79683004840394978 -0.17712880525437652 0.56777643277348355 0.106382248033843
1403715315.8121431 -0.86549037848312604  -3.7824274573532466  0.55570467668846146 0.79435115765054343 -0.1882724601845682 0.5674686339277194 0.10742005670962765
1403715315.862143 -0.86670691024632207  -3.7676667286972174  0.55657208766520916 0.79215668895004265 -0.19863025231198864 0.56634216308930785 0.1108618840066557
1403715315.9121432 -0.86761853662833399  -3.7553412145169638  0.55621927622084011 0.79041254084631307 -0.2078517761581968 0.5643921055586425 0.11622050423157101
1403715315.9621429 -0.8725247955490445 -3.7414881697566704 0.55258838021262546 0.78812684437561642 -0.21646273038833394 0.56279023432811237 0.12356017025024149
1403715316.0121431 -0.87659702652817506  -3.7299982349699925  0.55092873610088233 0.78646265340090371 -0.22502263582170057 0.56010084782592273 0.13087531638222258
1403715316.0621431 -0.88099379212193374  -3.7203545116754997  0.54799478850596051 0.78449511249105164 -0.23258759457870529 0.55758492284389682 0.13989096876821572
1403715316.1121433 -0.8836304318256244 -3.7121853916103706 0.54443952689030128 0.78299024445933874 -0.23951151849259095 0.55422798304347709 0.14963907378234351
1403715316.162143 -0.88849578660840622  -3.7026890647848449  0.54028380695468858 0.78159039050914214 -0.24655150204037932 0.55022798135058837 0.15993119409376125
1403715316.2121432 -0.89361920134174821  -3.6948920616732766   0.5358286043526328 0.78053171067621097 -0.25384739510696214 0.54536771188483846 0.17001707990602954
1403715316.2621431 -0.89821027561438993  -3.6881478934143086  0.52973315796140263 0.78077790879221387 -0.26120438557333042 0.53801971548598448 0.18081181335216143
1403715316.3121431 -0.90183879967939506  -3.6810833201618287  0.52395181218347187 0.78115901312494451 -0.2696783065375884 0.52987480143849186 0.19051745851023777
1403715316.362143 -0.90290405531575113  -3.6747678176213743  0.51724420774470226 0.78263266656868646 -0.27706582554811438 0.52045753979432274 0.19961108888077872
1403715316.4121432 -0.90527694084411703   -3.667654310231498  0.50912347521282142 0.78361038637887304 -0.28388750202091095 0.51213723164675751 0.20755265480517521
1403715316.4621429 -0.90665558069288854  -3.6599587430208298  0.50120434200222463 0.78325718025181956 -0.29007237817511861 0.50640816039855274 0.21428247731803227
1403715316.5121431 -0.90536986328608082  -3.6515206899686641  0.49338410250133663 0.781747877107272 -0.29622708749017046 0.50338413310066155 0.21845865471035972
1403715316.5621431 -0.90069406718172229  -3.6429520392417514   0.4883258019478845 0.7792074269291418 -0.30141595535659071 0.5026465995496735 0.22210493834241996
1403715316.6121433 -0.89523369872448044  -3.6322904916363341  0.48190487382704211 0.77581601311987236 -0.30652298437221465 0.50371181673233378 0.22456085928440198
1403715316.662143 -0.88916585046699981  -3.6239913720073562  0.47399188050126839 0.77174699950670067 -0.31025869848720083 0.50656737486139447 0.22701454466942939
1403715316.7121432 -0.88030569790985946  -3.6160211809040468  0.46503871458501744 0.76758405062635249 -0.31459512429949754 0.50935561179059563 0.22891372551346298
1403715316.7621431 -0.87082654120846847   -3.608095623715831  0.45536630722981869 0.76338403807960942 -0.3191843966561887 0.5115410792586591 0.23171503094831958
1403715316.8121431 -0.85902036211677413  -3.6018770713089241  0.44621002300212914 0.75956318503448206 -0.32404275764003193 0.51271751951442179 0.23490594786913171
1403715316.862143 -0.84773175734265571  -3.5938176415670857  0.43624648568388191 0.75538904510386184 -0.32969924435354009 0.51331866462959963 0.23914377966542427
1403715316.9121432 -0.83522182283846724  -3.5867257747499317   0.4256042647494081 0.75070829111508253 -0.33651479945800722 0.51371961118247922 0.24348924510814055
1403715316.9621429 -0.82167370694874098  -3.5805785214582073  0.41437276158186936 0.74530027302831137 -0.34328671205320638 0.51396542126783606 0.2500425605623956
1403715317.0121431 -0.80939744240743117  -3.5716594947792539  0.40499864462236002 0.73866381103122691 -0.35141372624471651 0.51487007551172537 0.25650140861636173
1403715317.0621431 -0.79672252995808679  -3.5631597224156466  0.39427376624743099 0.73293474716041396 -0.36112473095819975 0.51373845594285972 0.2616646402950053
1403715317.1121433 -0.78427375629878238  -3.5540574235033864  0.38356921876624622 0.72809490857891923 -0.3715049674795507 0.51035055606605684 0.26721559303779396
1403715317.162143 -0.77205363456845388   -3.546086881609015  0.37188093440038145 0.72346071838290571 -0.38263411736902675 0.50573607619655114 0.27281265076134631
1403715317.2121432 -0.75961816992516873  -3.5362097696945227  0.36200489511197059 0.71881064208830991 -0.39378408716473812 0.50047360558957221 0.27887546257173429
1403715317.2621431 -0.7470087692248939 -3.5267840731230184 0.35204621661188878 0.71394500062160626 -0.4041019342518658 0.49496470158752576 0.286346131462758
1403715317.3121431 -0.73430005150415201  -3.5169576040797295  0.34274809728945127 0.70842045096945161 -0.41476766950824762 0.48977367858017656 0.29364943171914687
1403715317.362143 -0.72149140296799363   -3.506564485232472  0.33377181610908313 0.70210612023402974 -0.4263468276014683 0.48508117888981012 0.29995271029106241
1403715317.4121432 -0.70894738721942374  -3.4969125885882848  0.32551947706863849 0.69466561319642917 -0.43842336548678701 0.48162004106868145 0.30539609440637866
1403715317.4621429 -0.69545026033516621  -3.4865648894124162  0.31825446701299748 0.68768097013425822 -0.45015635765341738 0.47732611459318497 0.31082779365234969
1403715317.5121431 -0.68106109868042253  -3.4772173832306348  0.31075971101565303 0.68067359641404546 -0.46109636030354223 0.4731692272931019 0.31651932642801495
1403715317.5621431 -0.66676964279431528  -3.4700030005691787  0.30376811724834896 0.67334034186029057 -0.47126781107642324 0.46921800561932392 0.32303853867507504
1403715317.6121433 -0.65319379338958672  -3.4602110583721872  0.29673898244515784 0.6658885216507372 -0.4812026020374755 0.46541377942540108 0.3292818647407153
1403715317.662143 -0.63971888247910003   -3.450441645927937  0.28991332592969543 0.65790561344201914 -0.49137609850771491 0.46234233285093984 0.33458825572749507
1403715317.7121432 -0.62663321369033309  -3.4410613883557772    0.283161742928351 0.65017136433549261 -0.50115341367465782 0.45877259878018922 0.34007375019079783
1403715317.7621431 -0.61523572657801795  -3.4347247828575642  0.27525965636026872 0.64181182985217855 -0.51174306007466153 0.45587513630370641 0.34405591933186819
1403715317.8121431 -0.60323910948632864  -3.4282266065059832  0.26845137501168248 0.63230471944264488 -0.52348602413998935 0.45475968830309366 0.34546598992540212
1403715317.862143 -0.59108480484368886  -3.4191661585904178  0.26497302697230229 0.62311495602707789 -0.53538751637051707 0.45262851108158614 0.34672091059820542
1403715317.9121432 -0.58029722927919647  -3.4111918343214778  0.25920900943159597 0.61498132011548634 -0.54511548198920756 0.44969124665482929 0.34989265480531745
1403715317.9621429 -0.57085456524535061  -3.4032228539173746  0.25406735372109374 0.60769652904902494 -0.55379577428612081 0.44571686709819391 0.35405034013368014
1403715318.0121431 -0.56302249047816477  -3.3961082866619505   0.2488319381184049 0.60083149505944877 -0.56182496062118081 0.44152049997829618 0.35834881926211443
1403715318.0621431 -0.55582766387404081  -3.3893433385359462  0.24337475594882443 0.59402585953356213 -0.56858101930984395 0.43903711383773436 0.36207087063035581
1403715318.1121433 -0.54998445235906712  -3.3827433148075827  0.23775515676345985 0.58814720996593661 -0.57465421537350292 0.43704244198564102 0.36448497371767752
1403715318.162143 -0.54588451099117508  -3.3779360783908534  0.23250050927272925 0.58346325277211697 -0.57918147223632777 0.43484402652866305 0.36746445743102829
1403715318.2121432 -0.54268108041376928   -3.372750349818638  0.22708874056036141 -0.5805194966304692 0.58265319284000072 -0.43172049379872102 -0.37031039161688145
1403715318.2621431 -0.54074115305243964  -3.3679869209359765  0.22162741537691016 -0.57771158416769575 0.58556534852427633 -0.42961600715143355 -0.37254883508790315
1403715318.3121431 -0.54050222595145858  -3.3637334721759435   0.2159537255483619 -0.57576236793982383 0.5880902042152899 -0.42652091925014735 -0.37513665884895198
1403715318.362143 -0.54235646498289425   -3.360184376971139  0.20990840769993524 -0.57353035650433293 0.59046771407481768 -0.42346630332980173 -0.37826855373856361
1403715318.4121432 -0.54596195067436348  -3.3555156653519425  0.20443564229030442 -0.57219821307481844 0.59241988043806459 -0.4189178457748774 -0.38227703136216551
1403715318.4621429 -0.55511173382348367  -3.3467995613417614  0.19838405941757697 -0.57134346839165695 0.59376951536302158 -0.41252143190314638 -0.38836898945761877
1403715318.5121431 -0.56067295004636053  -3.3424369727843626  0.19261620671283655 -0.57132859910138978 0.59515545956578919 -0.40496743264771062 -0.39417634288805287
1403715318.5621431 -0.56731829991765748  -3.3388777064852091  0.18609013580625683 -0.57069741596744994 0.59818813764895662 -0.39709722127957103 -0.39848363609587728
1403715318.6121433 -0.57451150995161715  -3.3359959108473922  0.17914469409179831 -0.57015473972462227 0.60292384523508447 -0.38826846572768503 -0.40081667647187241
1403715318.662143 -0.58171404709598729  -3.3337531065007093  0.17196673009860028 -0.56907684242410606 0.60899669109953902 -0.3792622382927292 -0.4017894128167277
1403715318.7121432 -0.58948631645646099  -3.3327403395067159  0.16432207761227877 -0.56769890349808072 0.61635819996083241 -0.3700801113191507 -0.40107509959373489
1403715318.7621431 -0.59699538825388909  -3.3320327033538022  0.15956070142265696 -0.56387930017315901 0.62381316758548 -0.36362802850676584 -0.40083902463143639
1403715318.8121431 -0.60473707868079374    -3.33459056908108   0.1526348686898818 -0.56022415503330392 0.63033723347497839 -0.35609852633311484 -0.40251423298526368
1403715318.862143 -0.61253773460931338  -3.3394197433455175  0.14637387871472268 -0.55474969720610878 0.63586749505556994 -0.3511906614425041 -0.40569745069085872
1403715318.9121432 -0.62036876622155912  -3.3465512390870322  0.14046990411639274 -0.54924148316892818 0.64000616379665254 -0.34723552965309223 -0.4100651050933557
1403715318.9621429 -0.62786908968719157  -3.3561632113782962  0.13566272028799586 -0.54381358739882468 0.64313534758546731 -0.34412936950640782 -0.41499239015873918
1403715319.0121431 -0.63579720737465206  -3.3678265223715877  0.13051788322469141 -0.53736084709592769 0.64640836040062466 -0.34165908247599125 -0.42031966760334555
1403715319.0621431 -0.64210960756395286  -3.3850218789240021  0.12591729903004129 -0.53088042581086348 0.64932085021833241 -0.33851946086605628 -0.42655947015342754
1403715319.1121433 -0.64909058825156618  -3.4006675370263486  0.12129800228362164 -0.52437597034322869 0.65120341723163222 -0.33534219960330591 -0.43417687671922206
1403715319.162143 -0.65634972747167586  -3.4173167901059571  0.11747100456795984 -0.51773173336880018 0.65310181080198626 -0.33168971755385546 -0.44203371846404205
1403715319.2121432 -0.66267609517717407  -3.4352941904004526  0.11396335384494466 -0.51059424290482758 0.6557809986425911 -0.32802420474243132 -0.44904890828824806
1403715319.2621431 -0.66874952444755154   -3.454733297609105  0.11039338958874415 -0.50359445847611428 0.6594525903666475 -0.32341757865269782 -0.45488017352847304
1403715319.3121431 -0.67397235915668818  -3.4753474819321881  0.10695936697143679 -0.49683854258154941 0.66293314652239299 -0.31831715758631779 -0.46080938904663055
1403715319.362143 -0.6761612609100478  -3.495446715527684  0.1048081546476743 -0.49004531338447882 0.66659448371455232 -0.31282379098377372 -0.46652830665006562
1403715319.4121432 -0.6791426996438501 -3.5177856128393761 0.10163543535804664 -0.48249080507143033 0.67047069672248105 -0.30838474481792105 -0.47177379857467672
1403715319.4621429 -0.68104440400186428  -3.5407484887871838 0.098250740984547849 -0.47391933447716522 0.67506472260200101 -0.30561688276426602 -0.47569570701915881
1403715319.5121431 -0.68191434025003872  -3.5636100016156096 0.095110176184921999 -0.46497955639176713 0.67999052952785966 -0.30271356290536039 -0.47934475142978133
1403715319.5621431 -0.68268536071032437  -3.5878504477485027 0.091806903390166825 -0.45686666038976104 0.68472973659354575 -0.2986725774806181 -0.4829210431425871
1403715319.6121433 -0.68180438473880811  -3.6123805879957533 0.089781050072826982 -0.44882763437413836 0.68918810892773996 -0.29584992574018182 -0.48584599059192535
1403715319.662143 -0.68157790679544217  -3.6334323309272523 0.094514900588534331 -0.44337490091912529 0.69230142428432051 -0.29207205666681463 -0.48870374347172152
1403715319.7121432 -0.67903738384708034   -3.660363768477263 0.097859978028582428 -0.43873418307279094 0.69502869551322155 -0.29042421625060783 -0.49000122819423692
1403715319.7621431 -0.6754671270239363 -3.6862249453709208  0.1040546598555569 -0.43617147432430425 0.69716477933710663 -0.28804607292808931 -0.49065790048496344
1403715319.8121431 -0.67190281675466146  -3.7132160036843995  0.11303235688608108 -0.43384274321323862 0.69871535007293528 -0.2874816625403277 -0.49084786587772439
1403715319.862143 -0.66728663975039204  -3.7405306629161563  0.12542183691665923 -0.4320115963078468 0.69992353154923215 -0.28666676831146981 -0.49121807233147996
1403715319.9121432 -0.66284648344262143  -3.7687772944418718  0.14030794663470023 -0.42982726447669867 0.70178590709302557 -0.28591140701523332 -0.49091723401879794
1403715319.9621429 -0.65970031178781696   -3.798623945664914  0.15560188254543234 -0.4278594607107028 0.70295904463397685 -0.28467688314830292 -0.49167462375904708
1403715320.0121431 -0.6541474345052547 -3.8277661874649254 0.17144236996246875 -0.42507695882879742 0.70431600374642001 -0.28309739902845316 -0.49305619213519536
1403715320.0621431 -0.64817381056060275  -3.8575081679676271  0.18681572207755884 -0.42159540782757005 0.70622690663463239 -0.28074171671280251 -0.4946564029112851
1403715320.1121433 -0.64064017767506032  -3.8909706221780005  0.19884136090122059 -0.4174749833102589 0.70773959492050198 -0.27716474343989084 -0.4979949890167194
1403715320.162143 -0.63347798608603012  -3.9211595813436912  0.21258914649337832 0.4120391403422422 -0.71027526133332475 0.27271802870656769 0.50135583848431142
1403715320.2121432 -0.62548221683587479  -3.9517468403486213  0.22641546733527146 0.4044192308552565 -0.71284811788726066 0.26849514258282675 0.50616499775118851
1403715320.2621431 -0.61558076742919621  -3.9829128424979183  0.23741778941226352 0.3947809153666727 -0.7149279039670321 0.26419716142935901 0.51305553391833458
1403715320.3121431 -0.60617943784169925  -4.0128599898596651  0.24950565926675811 0.38210420750968832 -0.7176327322719771 0.26176415586331681 0.52007611258393238
1403715320.362143 -0.59593249489048983  -4.0432907393481123  0.26159303136015372 0.36745403526334808 -0.72212306015673255 0.25944480194523539 0.52555134164242789
1403715320.4121432 -0.5848082424469051 -4.0731116910310332 0.27357881170280007 0.35232066572113019 -0.72824180858828202 0.25585739244983441 0.52921735748051502
1403715320.4621429 -0.57296855302490157  -4.1020941960671884  0.28598777057846142 0.33693979354260245 -0.73473846251167396 0.25081469563178849 0.532656508163172
1403715320.5121431 -0.56078177117188965  -4.1284925858663861  0.29701354767913735 0.32170310389568874 -0.74206190710552788 0.24493156565855823 0.5346585518916106
1403715320.5621431 -0.54674666333724742  -4.1514559509402149  0.30450123792351075 0.30630422815865144 -0.74897892183749681 0.23926327455923263 0.53662033124218
1403715320.6121433 -0.53338357877211662  -4.1768824742413084  0.31564968998583653 0.29058859400023729 -0.75582080932561169 0.23418948969955539 0.53800414137960362
1403715320.662143 -0.51961539884360319  -4.2008512587957476  0.32659221551965834 0.27428675723088275 -0.76218244127116674 0.2298449590142437 0.53945898439217044
1403715320.7121432 -0.50611576917806589  -4.2230755303758389  0.33481508285267425 0.2586554442955219 -0.76796639387996279 0.22633870177818721 0.54045885235108959
1403715320.7621431 -0.49239175053049311  -4.2442037935898114  0.34392952411140348 0.24343774749177788 -0.77281688639314639 0.22527764255109789 0.54105647299367188
1403715320.8121431 -0.47870644531002465  -4.2632342526005402  0.35233480439433229 0.23003910087079063 -0.77666266039653831 0.22502198625213352 0.5415184481801838
1403715320.862143 -0.46477708589850458  -4.2757974148111364  0.35780886070261791 0.21881257190808553 -0.78098151067099342 0.22433738796567473 0.54024223708051577
1403715320.9121432 -0.45277208336107605  -4.2898181993579225  0.36328139101804602 0.21040522118806937 -0.78541974074349608 0.22265874795909399 0.53783692296504504
1403715320.9621429 -0.44124588792511782  -4.3018824941156195  0.36941021016263659 0.20475143964113304 -0.78887345676127096 0.21942169466647729 0.53629249210864216
1403715321.0121431 -0.43098739755508775  -4.3115155580499156   0.3751359744357548 0.2015286875256494 -0.79173738059662324 0.21466730643637533 0.53521589645444789
1403715321.0621431 -0.42180026213466687  -4.3170374758613255  0.38319647670042739 0.19968394137925916 -0.79363832889169728 0.20976904429974888 0.53503408725314749
1403715321.1121433 -0.4147788701917734 -4.3225764765807329 0.38872609019675458 0.19867453734341711 -0.79494355485021173 0.20512019767795686 0.53527458123662419
1403715321.162143 -0.40833733376653086  -4.3275436387916359  0.39446695913105695 0.19824964986879409 -0.79593880314768994 0.20105707429381817 0.53549467863568323
1403715321.2121432 -0.40393245597460037  -4.3296285645226096  0.39886575537801849 0.19858871003714104 -0.7969787503371264 0.19715493303821274 0.53527313414326583
1403715321.2621431 -0.40046647719830414  -4.3301104002868973  0.40294465698446985 0.19874970878448733 -0.79773494770176445 0.19457425847181525 0.5350311807862117
1403715321.3121431 -0.39806600824546451  -4.3292109557911953  0.40681032347160989 0.19856167151013623 -0.79842473183244589 0.19385105480667003 0.53433414522724376
1403715321.362143 -0.39709812400752864  -4.3265763088709503  0.41028854656234909 0.19835668509163493 -0.7989089197581718 0.1937792888257602 0.53371223579047888
1403715321.4121432 -0.39737748289449848  -4.3222723394531615  0.41373230717597054 0.19782312596141519 -0.79866395173526095 0.19469996881987939 0.53394178069805409
1403715321.4621429 -0.39433366492103172  -4.3175303766936457  0.41856565958540937 0.19802838683346047 -0.79786473387558565 0.1953410654242671 0.53482566561889167
1403715321.5121431 -0.39636758297313934     -4.3083787525743  0.42266329756528076 0.19943464719178916 -0.79738777008705675 0.19529491412344951 0.53503127210714718
1403715321.5621431 -0.40006827015498242  -4.2997947435820016  0.42594104103587449 0.20134834062716714 -0.79734409641364101 0.1956196120804021 0.5342604280783988
1403715321.6121433 -0.40512099541906255  -4.2898008806391923  0.42933086921126173 0.20488223459659208 -0.79669066379592812 0.19444204752320457 0.53432157575948058
1403715321.662143 -0.4088717884853208 -4.2786518246875485 0.43451034469850625 0.2073729663975821 -0.79540613825813899 0.19322108452595976 0.53571554067746951
1403715321.7121432 -0.41677478245868671  -4.2662510633165844  0.43918468200751254 0.20680805459392407 -0.79292308682130774 0.19331833761335201 0.53956596193909001
1403715321.7621431 -0.42464969523926299  -4.2517647728091825  0.44437134577093468 0.20535990011077751 -0.7912211778292817 0.19306566120922505 0.54269882038086337
1403715321.8121431 -0.43416207151073821  -4.2364072519596538  0.44927418671137137 0.2005659138049985 -0.78970566073945814 0.19522017032573424 0.54591882978480688
1403715321.862143 -0.4442795995290198 -4.2195169524165319 0.45477883721089823 0.19453189724820988 -0.7872042218111639 0.1987142021543683 0.5504357546324955
1403715321.9121432 -0.45540125927983399  -4.1995095931268684  0.45977767967155436 0.1893099899378102 -0.78523784837979771 0.19993897418356391 0.55460585624751224
1403715321.9621429 -0.46590530599626506  -4.1777567993606874   0.4643742723505484 0.18487174193390529 -0.78542984674482597 0.19877396855759813 0.55624752071410233
1403715322.0121431 -0.47685051322912375  -4.1533535563093018  0.46845612684547316 0.18130613893127109 -0.78792994375198921 0.19486427652858462 0.55526786460033251
1403715322.0621431 -0.4852957290779597  -4.123946140585538 0.47064438927445246 0.1778510312069525 -0.79169307563504343 0.1918940603284606 0.55205774544046238
1403715322.1121433 -0.49661806780256712  -4.0928046847635597  0.47526271472657106 0.17621261243702194 -0.79522174523500211 0.18597226637062628 0.5495323532463674
1403715322.162143 -0.50894109237000507  -4.0616479894948707   0.4798588273865329 0.17841972727945674 -0.79765377501553658 0.17623239471280824 0.54850432922154513
1403715322.2121432 -0.52195101085270235   -4.029059966294775  0.48482301859339383 0.18129928077878527 -0.79894970292875322 0.16574439685323028 0.54894329205384318
1403715322.2621431 -0.53644232156762328  -3.9943791365404824  0.48883866625855849 0.18220597597675656 -0.80039061932714362 0.15553084943290441 0.5495325228647967
1403715322.3121431 -0.5506436150805829 -3.9598943519174314 0.49281775568650343 0.18177291368870394 -0.80268582369667019 0.14581542335408462 0.54899174729460776
1403715322.362143 -0.56445202703876807  -3.9246877593945344  0.49589558598428768 0.17967968201272275 -0.80511344445570232 0.13650222715363103 0.54852046033906554
1403715322.4121432 -0.57965362335599302   -3.889801532522335  0.49556078564422612 0.175909007556312 -0.80767899952464672 0.12683807203020608 0.5482907607019103
1403715322.4621429 -0.59505331198570588  -3.8551418860395632  0.49200997966672089 0.17092954086177894 -0.81059232945540927 0.11824477466829908 0.54748638407952943
1403715322.5121431 -0.60894965949067803  -3.8183833145763617  0.48746972393089077 0.16561779777097577 -0.81316575987646422 0.1109209280844194 0.5468352034561379
1403715322.5621431 -0.62447276070963242  -3.7852272087089367  0.47797886534049783 0.16060657560889505 -0.81587095850429847 0.1057714140185214 0.54531872782528212
1403715322.6121433 -0.64059827707869399  -3.7532163665377096  0.46699019832936284 0.15695693940265076 -0.8178020305643392 0.10066957880746891 0.54445384917449458
1403715322.662143 -0.65801813465428982   -3.723080626056682  0.45550122411091598 0.15368541746657205 -0.81960987224373472 0.096995264708727297 0.54333449034900994
1403715322.7121432 -0.67552651215455217  -3.6932666131572764  0.44519858855773686 0.15107930494247129 -0.82043566981509586 0.094387395217883099 0.54327835861291029
1403715322.7621431 -0.69476209308083914  -3.6654518157604756  0.43377604366873551 0.14894700035075353 -0.82032338732244814 0.092614571907026613 0.54434076860806191
1403715322.8121431 -0.71477585769229013  -3.6387734386648454  0.42304347983137164 0.14777837497515428 -0.82055285007762568 0.090790042810504595 0.54462073064257766
1403715322.862143 -0.73661790199953647  -3.6146697106519659  0.41387069017079292 0.14744118247620458 -0.82085135415918864 0.088894484391339637 0.54457499275108356
1403715322.9121432 -0.75857317013670911  -3.5910441002535971  0.40854549775882149 0.1478268320889895 -0.82006314363301003 0.086856664796354094 0.54598497044308181
1403715322.9621429 -0.7814694429516934 -3.5686686624829784 0.40651602233701489 0.14796137196454415 -0.81930723349683043 0.085438828111219681 0.54730548708844651
1403715323.0121431 -0.80520320026910575  -3.5480463030034981  0.40659076051589615 0.14851554078213394 -0.81873572595110222 0.084397413185084896 0.54817152593433582
1403715323.0621431  -0.835597114216447 -3.5360441534088749 0.41088695596351266 0.14932169105336421 -0.81851401906041754 0.084183985117261509 0.5483164139730845
1403715323.1121433 -0.86162577218064229  -3.5200044624588798  0.41618128433125284 0.14996954536507781 -0.81821776628518117 0.083433288416597862 0.54869637212421341
1403715323.162143 -0.88833113391744223  -3.5050781473619108  0.41921472057221792 0.15105455410754798 -0.81805804682668615 0.082651703148059169 0.54875518190920303
1403715323.2121432 -0.91553277367888075  -3.4916673407228265  0.41980165351538751 0.15278179517686874 -0.81736812997533292 0.081380824075939481 0.54949451738473387
1403715323.2621431 -0.94430695346869531  -3.4803273126700187  0.41957268436989564 0.15359723332180125 -0.81652242771705696 0.080302608435596654 0.55068185554762095
1403715323.3121431 -0.97376065970331982  -3.4712637922881289  0.41415738297831328 0.15439702536585714 -0.81619122259591914 0.079787709118872924 0.55102392705681658
1403715323.362143 -1.0030970211932215 -3.4630342986458316 0.40754630745605763 0.15412903890435825 -0.81584341977547192 0.080714260723884781 0.55147888616997731
1403715323.4121432 -1.0346402871719231 -3.4594218204766363 0.40375612744661071 0.1543997059373772 -0.81561926733159862 0.080723459788477697 0.5517333274360865
1403715323.4621429 -1.0647808298750792 -3.4551672864604357 0.40162427385719274 0.15436173638631054 -0.81607437310241027 0.08088078347209747 0.55104752133572943
1403715323.5121431 -1.0959456990998431 -3.4530793925958863 0.40240364333922518 0.15429964038634469 -0.81613668859910682 0.08083872941556966 0.5509787893609025
1403715323.5621431 -1.1272124880582517 -3.4526334139510779 0.40626165521624402 0.15407027009780686 -0.81651891202515359 0.080756896597698441 0.55048845748948927
1403715323.6121433 -1.1594779375246493 -3.4537598638960878 0.41428916403534261 0.15277439264591935 -0.81290946769154526 0.08259238739722928 0.55589268733555508
1403715323.662143  -1.192262890162106 -3.4565592107342904 0.42350597505324894 0.15056882788218259 -0.80713848039472769 0.085402302572455832 0.56441380940901709
1403715323.7121432  -1.224446718238615 -3.4595029102459987 0.43198236313301014 0.148618310766373 -0.80074162238964419 0.087171067839582922 0.57369561337825925
1403715323.7621431 -1.2550438805567508 -3.4640407922769842 0.44271484788578325 0.14693528401190628 -0.79354616460281002 0.089007915310167884 0.58375688258781888
1403715323.8121431 -1.2842822705865287 -3.4691124108631808 0.45255197564249972 0.14530510985639652 -0.78729879757227939 0.091108653532047196 0.59223833179087704
1403715323.862143 -1.3113569494890869 -3.4750160672853339 0.46196226462444301 0.1437130159147082 -0.78179569410312544 0.092829779933338685 0.59960378058851438
1403715323.9121432 -1.3377776394027534 -3.4805427737255221 0.46533050850614316 0.14271983720069559 -0.77602520605878522 0.094388024231145076 0.6070476328201666
1403715323.9621429 -1.3620453400932795 -3.4909983822180117 0.47210536959775251 0.14094500038891464 -0.76893952169456037 0.096606799454891396 0.61606302042939742
1403715324.0121431 -1.3803099942791022 -3.4999772405698195  0.4797828300498731 0.13918931340996279 -0.76354329316235436 0.099199976963377429 0.62272573342500925
1403715324.0621431 -1.3950684279077508 -3.5071316208647914 0.48775382856015537 0.13815155427379483 -0.76142353375745797 0.10146059163188401 0.62518325204514891
1403715324.1121433 -1.4051128752086459 -3.5143489717534377 0.49431985706299802 0.13735740908729807 -0.7632898227240108 0.10386272584570352 0.62268300352159378
1403715324.162143 -1.4122511404655209 -3.5210630448940963 0.49997615381155958 0.13682295020155924 -0.76708631003131245 0.10590963456290943 0.61777117330564857
1403715324.2121432 -1.4174711336998946 -3.5293178761094404 0.50499077595716124 0.13583449564053091 -0.77090221668390946 0.10838181681274796 0.61279045675523169
1403715324.2621431 -1.4196845833053753  -3.537066300013668 0.50942300889165493 0.13447635320115778 -0.77433592818524044 0.11172368032606646 0.60814291084055117
1403715324.3121431 -1.4228392776288972 -3.5431993892060412 0.51544150310641479 0.13237389269684932 -0.77760924256703035 0.1164253898017087 0.60352808303850503
1403715324.362143 -1.4231876259254852 -3.5501296458830618 0.52085490219600206 0.12872371673827276 -0.78192260292861937 0.12274624541976023 0.59746180381156544
1403715324.4121432  -1.418150369362561 -3.5547215150690601 0.52568075050676766 0.12631944895350916 -0.78846550673097759 0.12772428833137267 0.58826188698724058
1403715324.4621429 -1.4115721607661607 -3.5578136412294921 0.53026092744336173 0.12491624623597372 -0.79597182652805076 0.13065459028924212 0.5777146015432385
1403715324.5121431 -1.4091682179809861  -3.557367304431617 0.53576768931096419 0.12356977669059807 -0.80236011522588135 0.1319173359375834 0.56881154371415243
1403715324.5621431 -1.4032024267187502  -3.558303353406008 0.54097730946310552 0.12362824048218135 -0.8074696642320438 0.13192368971118512 0.56152020408286052
1403715324.6121433 -1.4002386778475557 -3.5594739815941572 0.54891362033309654 0.1240988294672347 -0.81049195821442532 0.13129132746998665 0.55719373069496869
1403715324.662143 -1.3967939415850246 -3.5580334003585352 0.55461995950227194 0.12505093980509757 -0.81193474302521762 0.12944339748711983 0.55530950142188928
1403715324.7121432   -1.39234233404867 -3.5558265400584315 0.56241095324628565 0.12631748927755043 -0.81213618632218787 0.12785689437223927 0.55509577671799537
1403715324.7621431 -1.3904723727746022 -3.5522155718525248 0.56830492885714101 0.12816814485313835 -0.81172228960329251 0.12478989378634896 0.55597422027903898
1403715324.8121431 -1.3894075316533037 -3.5480062355531965 0.57500238656228941 0.13187882207032331 -0.81046291565629691 0.11918822199047609 0.55816843907013158
1403715324.862143 -1.3887979220477562 -3.5435131024502602 0.57987104601853701 0.13635491838985561 -0.8082515613647745 0.11304710500166852 0.56156664950212443
1403715324.9121432 -1.3866320043546501 -3.5408549453860583 0.58624207224774083 0.14019571668942424 -0.80495652744078328 0.10836103492758749 0.56625792361947258
1403715324.9621429  -1.383127168045504 -3.5356998102698132 0.59265878213007184 0.14206279389899365 -0.80142922645678105 0.10648363723270395 0.57113097672267044
1403715325.0121431 -1.3819724254615429 -3.5324025069434382 0.59688233290639481 0.14339208460810263 -0.79813617482962462 0.10590554227809092 0.5755009753378888
1403715325.0621431 -1.3800004097888343 -3.5294113172700277  0.6006045235037405 0.14385247578992985 -0.79556213915803387 0.1062819538317603 0.57887087872608045
1403715325.1121433 -1.3721111465116413 -3.5258345440911354  0.6054752846550584 0.14349731248635098 -0.79297458387640007 0.10825322900618836 0.58213492340262363
1403715325.162143 -1.3670996158122266 -3.5218338258032955  0.6086322531750944 0.14373732400962008 -0.79163337380111687 0.10923400113256104 0.58371578372302602
1403715325.2121432 -1.3607550457517426 -3.5191531344244069 0.61181921135485051 0.14430742112359635 -0.79038991297845962 0.11061747883806521 0.58499822824182157
1403715325.2621431 -1.3535302989709872 -3.5160448588410738 0.61388252877673644 0.14436012748633728 -0.7904385662602107 0.11213228534604648 0.58463097518323803
1403715325.3121431 -1.3468751695350156 -3.5095746283324032 0.61661451922400057 0.14419774434581478 -0.79144942836317655 0.11344504853433668 0.58304805447940766
1403715325.362143 -1.3373020431621745 -3.5056766754408342 0.61840763815389421 0.14456428177156216 -0.79337407675522786 0.11430783886291428 0.58016589070984881
1403715325.4121432 -1.3265463883646416 -3.5009147130207654 0.61933272862066269 0.14430891459287043 -0.79612190117921078 0.11645068522545801 0.57602438623928764
1403715325.4621429 -1.3153792998295586 -3.4961776573102852 0.62035003224734897 0.14376995866439773 -0.79955391498101813 0.11813705159055224 0.57104060544382973
1403715325.5121431 -1.3050994484965899  -3.490644100574364 0.62023856939244015 0.14315537299491385 -0.80266927511277086 0.11983139575194234 0.56645300825820266
1403715325.5621431 -1.2985060716004531 -3.4856587215279844 0.62031787883932521 0.14134209277469262 -0.8049881505432227 0.12248558031736913 0.56303976139291378
1403715325.6121433  -1.288755133601686 -3.4804374378146696 0.62200868284618072 0.13751394104385939 -0.80645952495987405 0.12769346093329664 0.56072036761201827
1403715325.662143 -1.2797341115530387 -3.4742661044950744 0.62309487423496823 0.13354620821132063 -0.8076699325489185 0.13293146944707557 0.55871630973101682
1403715325.7121432 -1.2743791975963119 -3.4674828881084783 0.61985171988483989 0.13084560648403623 -0.80897808743851263 0.13672096026710381 0.55654403269803554
1403715325.7621431 -1.2676002430869171 -3.4591283303561426 0.61969685537767927 0.1288319724224555 -0.81050990523825361 0.13894612068813109 0.55422918719437397
1403715325.8121431 -1.2613802815394997  -3.447589244380648 0.61894645076622457 0.12816664032905167 -0.81190715375165023 0.13864533955018707 0.55241067677469013
1403715325.862143 -1.2560300533371174 -3.4359523238885812 0.61885006819112232 0.12837610173480582 -0.81287112392605732 0.13754090852055023 0.5512192040140701
1403715325.9121432 -1.2511306535348601 -3.4241154584063112 0.61591249144535454 0.12866718149180253 -0.81373161348914247 0.13572179980278037 0.55033190955423117
1403715325.9621429 -1.2472786390413106 -3.4102234361881849 0.61487871185203902 0.12965033734065337 -0.8145873203932219 0.13362233172454049 0.54934812272960587
1403715326.0121431 -1.2444140175666818 -3.3953030269134987 0.61308241472467762 0.13066492309412134 -0.81462699156944562 0.13053803449242707 0.5497902909566299
1403715326.0621431 -1.2433090572490124 -3.3793583474397346 0.61121976544574341 0.13233161328259041 -0.8139657872276389 0.12647559164374259 0.55131838901607688
1403715326.1121433 -1.2422238371437269 -3.3634701282570623 0.60841691878438264 0.13486179944883889 -0.8129777113688661 0.12106600790632446 0.55337379554554966
1403715326.162143 -1.2424386212837146 -3.3481948202521608 0.60476595466760619 0.13755415567234103 -0.81152447821134543 0.11548066061120203 0.55603155714929819
1403715326.2121432 -1.2434583833604107 -3.3312326403163928 0.60057142554268783 0.139506564669761 -0.81029593924911547 0.11083337331684406 0.55827804238537326
1403715326.2621431 -1.2449478454998821 -3.3144769107600958 0.59570735648963169 0.14122240521526733 -0.808477411866665 0.10662150671048616 0.56129525302943684
1403715326.3121431  -1.248188156334497 -3.2989216848739229 0.59397156808501284 0.14147065244372387 -0.80611110295660426 0.10408674946172893 0.56509901147827668
1403715326.362143 -1.2499500303404958 -3.2835350995749328 0.58966332017336964 0.14133239026129227 -0.80228644181487652 0.10242259673563316 0.57085132251838078
1403715326.4121432 -1.2527281704883668  -3.269227077268174  0.5868284823839337 0.14031361954641486 -0.79814591482662678 0.10227107051204856 0.57690191103139088
1403715326.4621429 -1.2543537222343468 -3.2550432494502917 0.58284326868977421 0.13893362699053111 -0.79490158957486901 0.10258439580309246 0.58164022550053818
1403715326.5121431 -1.2563220736088303 -3.2427061158077928 0.58137595267769016 0.13817634586216382 -0.79160052380502566 0.10276439048708755 0.58627245219574009
1403715326.5621431 -1.2549488876449795 -3.2287889836994248 0.57681032378402863 0.13717155870844072 -0.78926433173824773 0.10255206352069805 0.58968538424732975
1403715326.6121433 -1.2524294291470102 -3.2145617922878027 0.57241677703398275 0.13698150519970906 -0.7872817694502019 0.10159824592830742 0.59253799806330765
1403715326.662143 -1.2478378507568653 -3.2005577519127208 0.56796577355661482 0.13601667943626836 -0.78664568081096231 0.10125766997521872 0.59366229461519515
1403715326.7121432 -1.2449555598306328 -3.1852159635984352 0.56384667019332935 0.13514615961157977 -0.78708963358941342 0.10061953753198445 0.59338110258515486
1403715326.7621431 -1.2404774894724422 -3.1705029164074459 0.55835347700024573 0.1332861138244622 -0.78959797973325285 0.10131511397134632 0.59034319674551305
1403715326.8121431  -1.232430649509263   -3.15608273239667 0.55297910153343777 0.13112409762322544 -0.79318365108443434 0.10276034928572025 0.58575291487925019
1403715326.862143 -1.2230412236017818 -3.1417357533745278 0.54741830271208902 0.12848933421018016 -0.79692108941126238 0.1043316845238398 0.58096658066554019
1403715326.9121432 -1.2166682815214234 -3.1250901243361544 0.53893574033340563 0.12702466607428087 -0.80086640504364348 0.10488879502603894 0.57573959057821789
1403715326.9621429 -1.2057115703177597 -3.1096488259651225  0.5326599577710337 0.12457117288200478 -0.80368184900918016 0.10625608571855615 0.57209016134500856
1403715327.0121431 -1.1949839415452508 -3.0929294195299466 0.52606605478697688 0.12186437918698619 -0.80600302038868454 0.10873794450995307 0.5689325651019097
1403715327.0621431 -1.1842520426288248 -3.0768421597779843 0.52088968074928732 0.11911094154140603 -0.80770879677011942 0.1111229312932866 0.56663107695049098
1403715327.1121433  -1.173525604625361 -3.0599507361070817 0.51617362169121994 0.11687024201081925 -0.8094693765651555 0.11301990942124759 0.56420490516297717
1403715327.162143 -1.1641409712228727 -3.0421980786304976 0.51107213664899565 0.11536382579383543 -0.81129464986651578 0.11408281009510561 0.56167365189848573
1403715327.2121432 -1.1556430790636241 -3.0233774991205684 0.50610525403753337 0.11384876126786113 -0.81305865317368953 0.11533204676088939 0.55917135571048693
1403715327.2621431 -1.1504184031299702 -3.0054389560902357 0.50299681492459614 0.11249385820850481 -0.81476868236578559 0.1163551482162582 0.5567392617598107
1403715327.3121431 -1.1438431686416279 -2.9850145273650006  0.4995230341637405 0.11070536905002128 -0.81604811413562595 0.11749300631553675 0.55498215299784581
1403715327.362143 -1.1381747300541669 -2.9637523494935372 0.49584826603683246 0.10910410402992782 -0.81728871785585078 0.11834247760105425 0.55329061454592765
1403715327.4121432 -1.1336112167666115 -2.9413377774423912 0.49162550943981048 0.10727021524743668 -0.81826053149459788 0.11919528271766633 0.55202833993990053
1403715327.4621429 -1.1303876263439325 -2.9180727564998254 0.48744647311445355 0.10767135908603216 -0.81879518912547522 0.11915752526990282 0.55116494887564882
1403715327.5121431 -1.1276334933752734 -2.8941253300192842 0.48542539556353592 0.10857094622039454 -0.81888236531188241 0.12021372073860334 0.55062935152805492
1403715327.5621431 -1.1267965522730723 -2.8683057589189382  0.4819665046701575 0.11278655913611617 -0.81843191631686907 0.11914584713092721 0.55068380904434322
1403715327.6121433 -1.1275500959280851 -2.8417909381291229 0.47831292894382116 0.11867267356635514 -0.81761777421667814 0.11760673526644826 0.55098695778897178
1403715327.662143 -1.1295045137509698 -2.8149668287460052 0.47439116605765175 0.12537149072563936 -0.81670897028321643 0.11722729287507207 0.55093212737808395
1403715327.7121432  -1.131701463455878 -2.7879601468288748 0.47167275485288118 0.13335007356994744 -0.81543477946278775 0.11754249712641869 0.55087897009293263
1403715327.7621431 -1.1351522123937328 -2.7611716939794038 0.46794131225023944 0.14152552932351969 -0.8139704835525805 0.12013915252302711 0.55044451172295716
1403715327.8121431 -1.1394613469334878 -2.7344921515119598 0.46377540443593446 0.15057631626611936 -0.81267694814062419 0.12318602386197697 0.54927966871680534
1403715327.862143 -1.1434415780383393 -2.7079704689730355 0.45951616074709839 0.15981535441264189 -0.81097781370466748 0.12776891322620659 0.54813241373390187
1403715327.9121432 -1.1494009662221438 -2.6826357153232028 0.45479412846440098 0.16981421814802156 -0.80834016250488994 0.13264297229205699 0.54786417559270373
1403715327.9621429 -1.1565784668176187 -2.6575480936522822  0.4498781448834055 0.17975272326553707 -0.80518352204715959 0.13713894459865492 0.5482347710394897
1403715328.0121431 -1.1640385925363477 -2.6322067139492464  0.4452145208777134 0.1887273359673573 -0.80164531062779654 0.14044909198631106 0.54956422842771402
1403715328.0621431 -1.1721107754371958 -2.6068864919005938 0.44042670597583722 0.19562623111619171 -0.79855707298931322 0.1436577684753268 0.55081705169203365
1403715328.1121433  -1.178071016597839 -2.5820227352125813 0.43622663632020769 0.20142907512267505 -0.79481357068028935 0.14607931460301141 0.55349665708366014
1403715328.162143 -1.1868396319777215 -2.5572986218581364 0.43297943162653785 0.20568871710057166 -0.79136183396355519 0.14734304119108305 0.55653268333128691
1403715328.2121432 -1.1957059352316304 -2.5327609765719514   0.430392782831374 0.20901892596101493 -0.78763611140615097 0.14758408579060667 0.56049922588746903
1403715328.2621431 -1.2034012079091754 -2.5089972302592547 0.42808018459751551 0.21084264694743046 -0.78432429922148106 0.14783439053718328 0.5643808686104036
1403715328.3121431 -1.2109796690029611 -2.4862817794808372 0.42719089844012403 0.21189575773161243 -0.78156399191778381 0.14679340784777903 0.56807535574545032
1403715328.362143  -1.216680414797028 -2.4633363581633594 0.42511651361709174 0.21200024585322716 -0.77972816964099922 0.14499028397918928 0.5710146187078774
1403715328.4121432 -1.2208420558445781 -2.4407625610328401 0.42341757309876776 0.21132133691894897 -0.77841459241098254 0.1430037324780791 0.57355378769716969
1403715328.4621429 -1.2213942761569874 -2.4166450944822322 0.42162885199569294 0.21043807720288196 -0.77802216758101739 0.14088075939613368 0.57493472155337588
1403715328.5121431 -1.2221314761789963 -2.3948994689191037 0.41985259987823986 0.20895019614424984 -0.7784932216189967 0.1390414818059168 0.57528739405776153
1403715328.5621431 -1.2208670362685434  -2.372981244489075 0.41796429531251833 0.20773211994597376 -0.78073645438824557 0.13705507764439434 0.57316128692010559
1403715328.6121433 -1.2191343096416185 -2.3527635051616715 0.41533478788286499 0.20833158683948388 -0.78364899514220965 0.13527649332251454 0.56937902375474936
1403715328.662143 -1.2151530338989505 -2.3333972275505825 0.41261147357035527 0.21015932374781324 -0.78667040241324437 0.13442407872199133 0.5647237410173136
1403715328.7121432 -1.2108663779697346 -2.3157018771340168 0.41035491615634923 0.21257647333939647 -0.78818906772140052 0.13565718425371773 0.56139679805589138
1403715328.7621431 -1.2068481470942483 -2.3002556987641181 0.40768020953586936 0.21623167899397194 -0.78990990607246614 0.13940637779428333 0.55664356918796187
1403715328.8121431 -1.2013241117586304 -2.2855835932955233 0.40490697439999951 0.2216366041878628 -0.78991211300207909 0.14478207288525002 0.5531312871170041
1403715328.862143 -1.1951214832764472  -2.272879109800233 0.40259334549509479 0.22828556218967092 -0.78839626911508687 0.15201685174959645 0.55064317096037674
1403715328.9121432 -1.1887567633410367 -2.2613511841644276 0.40073492112289782 0.2367716098993049 -0.78605394392692274 0.16034104112251318 0.54804119600114931
1403715328.9621429 -1.1816827072954668 -2.2512314250355203 0.39825320841449624 0.24727859263189259 -0.7825789920157098 0.16941034252308465 0.5456404995304851
1403715329.0121431 -1.1749376749942333  -2.241331935187854 0.39510047680149957 0.25894634020012952 -0.77824256266273495 0.17965014963115136 0.54314927073006625
1403715329.0621431 -1.1662701315382431 -2.2315270672099499 0.39323593571507259 0.27154505116543254 -0.77389573874274065 0.19009625944991149 0.53964069795238978
1403715329.1121433 -1.1581840275060715 -2.2235141523650972 0.39115540563784224 0.28402385273110753 -0.76913641280303235 0.20200629656760768 0.53568002177354102
1403715329.162143  -1.148446098698273 -2.2151308928869926 0.38837390257328669 0.29748853346966575 -0.76425316950937072 0.21324166549278106 0.53098555295489325
1403715329.2121432 -1.1405086683872574 -2.2084253276192967 0.38472670945482257 0.31097385364833369 -0.75947145569319652 0.22314924576669665 0.52602545988584637
1403715329.2621431 -1.1317199352001788 -2.2013613945211605  0.3806181950623817 0.32381236652856121 -0.75514992725948293 0.23175927250646494 0.52075116730588755
1403715329.3121431 -1.1261950173978323  -2.194457091767827 0.37545233792488714 0.33436807540683211 -0.7511947748959914 0.23953705018198942 0.51626195086196602
1403715329.362143 -1.1175999247739701 -2.1881745335209364 0.37089540014651023 0.34284309625261927 -0.74788621228843688 0.24599907006665542 0.51245417585098585
1403715329.4121432 -1.1124246009967915 -2.1810634968432918 0.36435195009907434 0.34974785569335431 -0.74465290806300988 0.25208054716442774 0.50953300353606712
1403715329.4621429 -1.1061601129163223 -2.1743818929688459 0.35666678541245184 0.35559906963256988 -0.74258057532914823 0.25631082602321814 0.50638735300516513
1403715329.5121431  -1.099810846387866 -2.1686836020995175 0.34917543779138316 0.36031940548446839 -0.74052774263450905 0.25903332877279028 0.50466852785253535
1403715329.5621431 -1.0936599894539243 -2.1625337567643266 0.34098926293734577 0.36391823851461041 -0.7396281340474411 0.26175678821042569 0.50199315018004587
1403715329.6121433 -1.0889360504614278 -2.1568142398553349 0.33349257006468924 0.36723833446557513 -0.73873104855392324 0.26258515345286526 0.50046126801932111
1403715329.662143 -1.0864670424810126 -2.1566101383292482 0.33072274676091251 0.36892198078462374 -0.73764935087218697 0.26329571715889238 0.50044517439733127
1403715329.7121432 -1.0806751321279824 -2.1514358281514951 0.32414618893697761 0.3697654862542773 -0.73618373794459091 0.26414489953183673 0.5015321138395662
1403715329.7621431 -1.0757031498710163 -2.1467983675263169 0.31545491614722271 0.36949815621202237 -0.73500120595196028 0.265461133985117 0.50276706947493666
1403715329.8121431 -1.0711264574343409 -2.1424793658808419 0.30619350609319779 0.3690592371169979 -0.73417418365811049 0.26639643489298548 0.50380203158073311
1403715329.862143 -1.0663096475201566 -2.1387844935679534 0.29636675562097575 0.36830097984893378 -0.73403207456210307 0.26703887108994651 0.50422370341285783
1403715329.9121432 -1.0629006840316002 -2.1361595701364826 0.29097062970332327 0.36742205698589275 -0.73382587681630074 0.26710913457840479 0.50512703825851424
1403715329.9621429 -1.0617340815063188 -2.1379194088600566 0.28460494554978538 0.36681330460233463 -0.73400040615870055 0.26731056760051564 0.50520932669010366
1403715330.0121431 -1.0667820449576344 -2.1467554982514598 0.28707791437999886 0.36712714529575452 -0.73383355202722778 0.26837486949477707 0.50465919840002249
1403715330.0621431 -1.0634286835160744 -2.1451202565600536 0.27656531462605444 0.36774510711333913 -0.73289231951750533 0.27083573383496129 0.50426222292030531
1403715330.1121433 -1.0607165229626061 -2.1435906517972709 0.26577230372669708 0.36933112253451472 -0.7324932637820375 0.27202173410164637 0.50304305642525959
1403715330.162143 -1.0584552628311417 -2.1425790464053569  0.2535801070091605 0.3721265205291483 -0.73162888273619731 0.27134059545451988 0.50260850761148068
1403715330.2121432 -1.0570260714694835 -2.1422395140351251 0.24167227436515615 0.37494514715587307 -0.73132015861133071 0.26996452793617437 0.5017032149479983
1403715330.2621431 -1.0568775138329667 -2.1412615339413796 0.23335800235882329 -0.37748785584114319 0.73182165675745103 -0.26830072339775862 -0.49995470116549096
1403715330.3121431 -1.0559115783657325 -2.1414135909111285 0.22378568306175384 -0.37938382254342351 0.73202684760270653 -0.26652518845912965 -0.4991682416761003
1403715330.362143 -1.0551267453215969  -2.142026316083987 0.21399077242921694 -0.38040195345118799 0.73248443964850685 -0.26530581190229602 -0.49837107224857752
1403715330.4121432   -1.05452818916395 -2.1435545188341396  0.2049435663198243 -0.38035169584016282 0.73255297523692242 -0.26573606467492944 -0.49807938109715699
1403715330.4621429 -1.0534247918026265  -2.143754096546576 0.19796647973877876 -0.3793463072664931 0.73199817806412049 -0.26733228467590509 -0.49880707296914362
1403715330.5121431 -1.0534925751882789 -2.1455447580598337 0.19308906712613788 -0.37816255430033568 0.73210834328217145 -0.26909905431037801 -0.49859417885785645
1403715330.5621431 -1.0533699045112397 -2.1456031471505272 0.19144372185810718 -0.37830901941507522 0.73168917897113672 -0.26927431495244231 -0.49900358166313913
1403715330.6121433 -1.0524858922121441 -2.1438207180009652 0.19077635543453525 0.3770131591742637 -0.73058524191540342 0.27184807759890867 0.50020486284184673
1403715330.662143 -1.0526660154010767 -2.1450158678010856 0.19644599098079385 0.37409823035797329 -0.72912343024424275 0.27557451586643439 0.5024820630797503
1403715330.7121432 -1.0526084119832044 -2.1457016883757971 0.20499550082450035 0.37103714442994973 -0.72824641678094892 0.27996755032367837 0.50359384891471393
1403715330.7621431 -1.0524057722219542 -2.1463999676847858 0.21402696442081795 0.36844338396997511 -0.72805480190393324 0.28581365238035716 0.50249003407667547
1403715330.8121431 -1.0519995224755991 -2.1469167291317199 0.22341206462541122 -0.3677319857853692 0.72752728277726242 -0.2925244699114169 -0.49990666523674876
1403715330.862143 -1.0525325048647618 -2.1477138655696022 0.23541254237043049 -0.37090005683221305 0.72611221441252471 -0.29737251805280501 -0.49675324400524562
1403715330.9121432 -1.0521591035247286 -2.1477257227345583 0.24403090181445422 -0.37535390184488376 0.72413780104668801 -0.30362432387512744 -0.49248975970720493
1403715330.9621429 -1.0520617363126665 -2.1466234347041619 0.25264416321328043 -0.38124114238273288 0.72086584703149759 -0.31042690137900364 -0.48851075816045314
1403715331.0121431 -1.0527556942814125 -2.1447328530534997 0.26124271198169513 -0.38852179079161886 0.71708261832174303 -0.31749842922663346 -0.48377482780682951
1403715331.0621431 -1.0544390354347866 -2.1425737942156671   0.270313781536208 -0.39651085786612977 0.71315640262919644 -0.32521981667329369 -0.47793216655320325
1403715331.1121433 -1.0556896267864484 -2.1378868186048554  0.2824514335520204 -0.40586025488925492 0.70834631009267768 -0.33205884196442437 -0.47250384543679941
1403715331.162143 -1.0598226234652925 -2.1340318772606697 0.29552518050226922 -0.41764036696169193 0.70323694494899569 -0.33562476961764093 -0.46732251942530223
1403715331.2121432 -1.0669002759701403  -2.133125231498072 0.31347010070650616 -0.42817185439617794 0.69798863169867664 -0.33843510134827448 -0.46361882543500188
1403715331.2621431  -1.074333993111608 -2.1278188011202634  0.3286572917227959 -0.4382119719879769 0.69247198622910999 -0.34015349533550771 -0.46124658861107759
1403715331.3121431 -1.0829167018735029 -2.1216412288507409  0.3447081010163271 -0.44794761521898985 0.68725887095866689 -0.33964220748824497 -0.46006667908114157
1403715331.362143 -1.0925649064699032 -2.1151780685082895 0.36299171143612013 -0.45678222892979348 0.68201888050066983 -0.33834693820958683 -0.46013214556118631
1403715331.4121432 -1.1029799780239657 -2.1076815681418961  0.3833407588029622 -0.46315581084875418 0.67804012790480206 -0.33790216102737058 -0.4599678351807937
1403715331.4621429 -1.1135444868685909 -2.1000526990873802 0.40125768067121942 -0.46685729286681227 0.67508930636773046 -0.33898356881306613 -0.45977041727340962
1403715331.5121431 -1.1248370988357665 -2.0937032958223929 0.42030047664944864 -0.47040711265826485 0.67269223083047391 -0.33948517251506816 -0.45929525208002026
1403715331.5621431 -1.1370131429392105 -2.0875677215122952 0.44044378920565047 -0.47257319810149279 0.67065930037727362 -0.34088707674056345 -0.4590061831444826
1403715331.6121433 -1.1493011562668309 -2.0810679579213129 0.46017418949505978 -0.47389122156230523 0.66998907783912154 -0.34233933560481378 -0.45754292148401149
1403715331.662143 -1.1624289907559757 -2.0740958096359927 0.47962987857414741 -0.47508900556358674 0.66843527521817392 -0.34285963046420365 -0.45818336224109679
1403715331.7121432 -1.1736876486751806 -2.0690084177471562 0.49336470289933737 -0.47686716390826189 0.66615443585966772 -0.3413906153258307 -0.46074767860297411
1403715331.7621431 -1.1865645985699422 -2.0610619977269145 0.50907252727907526 -0.47869470064522179 0.6647143953065423 -0.33912486129021419 -0.46260186413516796
1403715331.8121431 -1.1949329632145085 -2.0536049022551204  0.5173594118571363 -0.47898144925808406 0.66384075257424358 -0.33772185718957975 -0.4645817190384362
1403715331.862143 -1.2075164191404846 -2.0477134087406759 0.53323022162389921 -0.4780196937097087 0.66394445164718519 -0.3375494135069233 -0.46554841960179283
1403715331.9121432 -1.2196747430337387 -2.0417139274907061 0.54672948967656709 -0.47708578072908464 0.6646501434515929 -0.3366335930270814 -0.4661621699382888
1403715331.9621429 -1.2316290607115781 -2.0364293557194255 0.55850813634346252 -0.47584539854082492 0.66730953996219722 -0.33626983652894643 -0.46388762820726293
1403715332.0121431 -1.2431098510025973 -2.0311492538662659  0.5674062150338397 -0.47310470312365643 0.67005980306502233 -0.33723307616129505 -0.46202343289224057
1403715332.0621431 -1.2531852080168466 -2.0239070303959377 0.56825359787602192 -0.47125345339986524 0.67300333025501347 -0.33591414813558479 -0.46059568518029631
1403715332.1121433 -1.2645486775062427 -2.0200080037558856  0.5688302067119172 -0.46974441476412981 0.6757216610083947 -0.3340079246940082 -0.45954230260506301
1403715332.162143 -1.2768192340494045 -2.0163224016905952 0.56941695494028277 -0.4664489485557281 0.67981728560390731 -0.33431694947544954 -0.45662458746635737
1403715332.2121432 -1.2892631173421358 -2.0130098112729384 0.57042082410351513 -0.46216393459611194 0.68356966558715015 -0.33729756038773739 -0.45317476276177748
1403715332.2621431 -1.3014585907333545 -2.0096358653366453 0.57150741802143712 -0.45805782228973396 0.68558539755844516 -0.34200444426108223 -0.45076452189528343
1403715332.3121431 -1.3129185444443712 -2.0100148775036906 0.56664540842508926 -0.4553865501570773 0.68616423003155913 -0.34645892853237431 -0.44918587489082135
1403715332.362143 -1.3247682692427858 -2.0056958787768502 0.56666821981876581 -0.45520425843979778 0.68658308617294295 -0.34921955077838163 -0.44658532693501735
1403715332.4121432 -1.3360409704933212  -2.001295384825343 0.56525934376665909 -0.45709467736069959 0.68606871187154428 -0.35021195411350392 -0.4446636545923659
1403715332.4621429 -1.3518640479884918 -1.9994313040853289 0.56794911553815386 -0.46008841062306477 0.68556954408133752 -0.34945884879064359 -0.44293517318041825
1403715332.5121431 -1.3683652138532933 -1.9984423185508886  0.5697666099109806 -0.46284773148554431 0.68566913811533547 -0.34904801811535813 -0.44022186627267751
1403715332.5621431 -1.3865241685214811 -1.9981427475244211 0.57187577724495209 -0.46588253775302185 0.68517790883971808 -0.34761564060436939 -0.43891691772139418
1403715332.6121433 -1.4063817420925742 -1.9980966463201566  0.5748866252974707 -0.46712837136649249 0.68397182339790319 -0.34812610511156578 -0.43906929339466122
1403715332.662143 -1.4258548314733304 -2.0008743040109502 0.57786680748687924 -0.46772839661892879 0.68233390339229361 -0.34926445856643945 -0.44007377706472628
1403715332.7121432 -1.4474923113571061 -2.0028274408477817 0.58165646557764727 -0.46876004145333566 0.68012042494682767 -0.3503866194003134 -0.44150815173905184
1403715332.7621431 -1.4709475703395019 -2.0057277752057239 0.58504536877337454 -0.47083375200682992 0.67845976956544574 -0.35046562971750589 -0.44179379968384047
1403715332.8121431 -1.4950212861171848   -2.00912260495025 0.58873900377009103 -0.47378400178488261 0.67588337860279279 -0.35032294163150257 -0.44270104443950314
1403715332.862143 -1.5201055902745031 -2.0143593063240539 0.59229573616370168 -0.47749719965383181 0.67305465944805076 -0.35013802406252048 -0.44316725265255225
1403715332.9121432 -1.5456811694049259 -2.0205215878175595 0.59686121451495733 -0.47907915740420276 0.6669692915041 -0.35434790733988059 -0.44729485319556889
1403715332.9621429 -1.5719499765389866 -2.0278103502192639 0.60266587353543777 -0.47963974464378967 0.65855475176986422 -0.36101630907272236 -0.45378252375216188
1403715333.0121431 -1.5985722998904228 -2.0361182240890257 0.60816403292663557 -0.48013505008099111 0.64969049654004563 -0.36850994909609658 -0.45997066189754487
1403715333.0621431 -1.6247216391704693 -2.0416841201159635 0.61322555784442634 -0.48085586234814498 0.64184542633339892 -0.37550535711406596 -0.46455119752182028
1403715333.1121433 -1.6513180293377001 -2.0448946944833177 0.61700619448564276 -0.48191593497452079 0.63561148789390265 -0.38054380597750614 -0.46791182909506246
1403715333.162143 -1.6772499049144227 -2.0473389232253614 0.61973362802387355 -0.48353995588237897 0.63086690057687433 -0.3835383605780448 -0.47020675323404393
1403715333.2121432  -1.702577417387455  -2.047907658102051 0.62064858651244781 -0.48524932401541843 0.62789249150662729 -0.38500178305106703 -0.47123002843587852
1403715333.2621431 -1.7282218664532289 -2.0457475950868074 0.61931159558902582 -0.48758342013198469 0.62696162046121429 -0.3849467545209907 -0.47010374500188884
1403715333.3121431 -1.7528300843596025 -2.0423131074168168 0.61828654238857284 -0.49009280996608212 0.62741663333993436 -0.3839298413826025 -0.46771282078200693
1403715333.362143 -1.7774375556889288  -2.038640712416159  0.6156902634942738 -0.4927278714802476 0.62830901053767807 -0.38170921584440054 -0.46555891838000657
1403715333.4121432 -1.8008572851448275 -2.0329439545570769 0.61262963042266128 -0.49510399639415648 0.62970183432869342 -0.37947083804075504 -0.46297895813337048
1403715333.4621429 -1.8235730080484298 -2.0260110316184936 0.60922046089988247 -0.49669927480271275 0.63096571834762971 -0.37783874704431047 -0.46087956551848186
1403715333.5121431 -1.8467586955636703 -2.0167580098013804 0.60777634553678983 -0.49691266294272185 0.6315089078364976 -0.37762856260138661 -0.4600771385734545
1403715333.5621431 -1.8704552407280184 -2.0099887945995891 0.60464331611768907 -0.49632511485805914 0.63158995614147306 -0.37853842882493488 -0.4598523301725202
1403715333.6121433 -1.8967113480419702 -2.0036751666475459 0.60246678774900653 -0.49591248485066103 0.63103016816507518 -0.37895870677350807 -0.46071903888959281
1403715333.662143 -1.9192239070130825 -1.9935927131017643 0.60017691073142643 -0.49678669929987535 0.63241083777330254 -0.37786360903086158 -0.45877946841132405
1403715333.7121432 -1.9412544517857342 -1.9829218877396875 0.59554384367713176 -0.49869889960788361 0.63479648306060732 -0.37572306408694739 -0.45515383304646112
1403715333.7621431 -1.9622008943066542 -1.9702751201362863 0.59001026815971203 -0.50124628272349647 0.638568846275404 -0.37227563881590953 -0.44988091909591205
1403715333.8121431 -1.9831796113190652  -1.957465322283048 0.58485856616577947 -0.50408927600192166 0.64159641000695566 -0.36958814519852334 -0.44458143395193656
1403715333.862143 -2.0059500122814726 -1.9471580777845343 0.58167513741049937 -0.50777741496521778 0.64283123199087389 -0.36849766912765236 -0.43947647476949636
1403715333.9121432 -2.0277588593622098 -1.9348326130863749 0.57815160367110208 -0.51140241604776493 0.64284485646562528 -0.36866417523946465 -0.43509169754340732
1403715333.9621429  -2.049100631316251 -1.9236309086983372 0.57577181395922095 -0.515616747702621 0.64082001961199853 -0.36946607183250035 -0.43241634302800253
1403715334.0121431 -2.0702116865471796 -1.9128493602772305 0.57454253782382214 -0.51928374002612721 0.63817197742042253 -0.37236177695106842 -0.42945038321746593
1403715334.0621431 -2.0913332775164628 -1.9031524794694128 0.57397529016084947 -0.5231764155567421 0.63554942866792297 -0.37552225211833301 -0.42584786026120991
1403715334.1121433 -2.1121813932444251 -1.8946114795179863 0.57286371187640017 -0.52680328994688563 0.63284163369989643 -0.37853381784732332 -0.42273148581944225
1403715334.162143  -2.133865182327364 -1.8851054449429436 0.57312662280170001 -0.53071338068209128 0.63027049545750913 -0.38056104217233994 -0.4198520016641985
1403715334.2121432 -2.1561201526706633 -1.8772713010672133 0.57353525244547066 -0.53371085739224644 0.62847569633143874 -0.38251279179237763 -0.41695921135951358
1403715334.2621431 -2.1772609407340666 -1.8690015522569843 0.57384131607128508 -0.53627769827007843 0.62711453139582485 -0.38379170103944776 -0.41453289985668074
1403715334.3121431 -2.1998178150222119 -1.8622520999447889 0.57522394429067092 -0.53822426652159627 0.62533747635854298 -0.3852639702821925 -0.41332717402950936
1403715334.362143 -2.2233203407197712 -1.8559787831677412 0.57617757518116564 -0.54018864849908532 0.62393403410172343 -0.38605129703462226 -0.41214917345563956
1403715334.4121432 -2.2469339808298328 -1.8536248438558314 0.57635557609185128 -0.54161052167746226 0.62253197716039199 -0.38678069604092558 -0.41171916811236459
1403715334.4621429 -2.2707274158454571  -1.847478637624979 0.57637611636775488 -0.54243233286321979 0.62154669117350614 -0.38770519432424566 -0.41125607259933578
1403715334.5121431 -2.2953847636397167 -1.8439099950075075 0.57682008409288321 -0.54303646509368109 0.62059873627235151 -0.38833838182848768 -0.41129297017400057
1403715334.5621431 -2.3204676217140947 -1.8403743815546332 0.57813242386861652 -0.5434630395399328 0.61909129848519395 -0.38915148473163141 -0.412231743956116
1403715334.6121433 -2.3456611160141896 -1.8372261073713643  0.5789880685897324 -0.5448227522478134 0.61765940825544385 -0.38879621977955747 -0.41291951214707556
1403715334.662143 -2.3711002737956131 -1.8342375097039749 0.57942195105910632 -0.54636197945782239 0.6163360721849942 -0.3875788587807974 -0.41400611318273867
1403715334.7121432 -2.3959252365420252 -1.8321954463484658 0.57921562518482472 -0.54678546170237297 0.61540487232622143 -0.38747450096126124 -0.41492892535094683
1403715334.7621431 -2.4211768909113696 -1.8298720661044117 0.57902822621313843 -0.54711798014505442 0.61464177751311644 -0.38721594155157135 -0.41586201527170369
1403715334.8121431 -2.4460793016429019 -1.8289274448175301 0.57918758459986153 -0.54750738700271251 0.61434620632844705 -0.38637796405926611 -0.41656508355444716
1403715334.862143 -2.4704086428746406 -1.8289451114939395 0.57922988531964847 -0.54758105368357624 0.61391894238750067 -0.38574266886767333 -0.41768542617553878
1403715334.9121432 -2.4952550889311991 -1.8285956139888193 0.57882840941897795 -0.54764409022901428 0.61369656789926552 -0.38531112054218125 -0.41832739973903948
1403715334.9621429 -2.5198889268399891  -1.828856800423712 0.57812756528860343 -0.54798963571171844 0.61392650180507757 -0.38412008254171565 -0.41863274086251756
1403715335.0121431 -2.5431820911668259 -1.8344345585470108 0.57651921766854664 -0.54800570899326484 0.61374771273681039 -0.38395188221916776 -0.41902797061948188
1403715335.0621431 -2.5671583049908246  -1.836851999275195 0.57584675545490671 -0.548930044995672 0.61341598529551311 -0.38371241024865288 -0.41852290368169098
1403715335.1121433 -2.5913133655703593 -1.8387129031749387 0.57416130084361094 -0.54972785419162862 0.61289718423798767 -0.38365932028969879 -0.41828441739307015
1403715335.162143 -2.6155781620702641 -1.8407996778775473 0.57319393943285779 -0.55069245309095904 0.61204116976491629 -0.38340660890155387 -0.4185006581500989
1403715335.2121432 -2.6386356961171469 -1.8467744725094177 0.57306680430868506 -0.55125634240819876 0.61189122045219391 -0.38331337522154851 -0.41806271738164341
1403715335.2621431 -2.6608866413321763 -1.8504370580593166 0.57161391888645297 -0.55263076501660002 0.61094629678314571 -0.38311057398502529 -0.41781592610262275
1403715335.3121431 -2.6825535541859189 -1.8541955409614639 0.57046948998980185 -0.5542551264151 0.60953723068008048 -0.38380602410645265 -0.41708339108269094
1403715335.362143  -2.703790241663969 -1.8589275901236968 0.56896179943912306 -0.55644513133693729 0.60742122625139727 -0.3853224159637515 -0.41585442821560215
1403715335.4121432 -2.7242587625655821 -1.8640517858121612  0.5678039627834448 -0.55908415565680325 0.6047402128709547 -0.38719214547244507 -0.41448332211894456
1403715335.4621429 -2.7445101840520003 -1.8704455527706134 0.56698881917441368 -0.5618324374356507 0.60227002601278223 -0.38915774142819926 -0.41251833934769627
1403715335.5121431 -2.7644921176669746 -1.8774805413735438 0.56518443545844943 -0.56358498447824901 0.6008249282441025 -0.39202341334127416 -0.40951070103646542
1403715335.5621431  -2.784188667310338 -1.8850123000608605 0.56353955575314219 -0.56442273961398171 0.59962670568685006 -0.39552236080290898 -0.40673928620023486
1403715335.6121433 -2.8035914360722138 -1.8912223052614467 0.56347008455576886 -0.5657702914971906 0.59825183482358957 -0.39842008992466388 -0.40405463904503741
1403715335.662143 -2.8221825674760557 -1.9000605103060648 0.56223384442722346 -0.56778285744416002 0.59617760599316449 -0.40162916159698392 -0.40110959282932579
1403715335.7121432 -2.8408765069370685 -1.9090163035242871 0.56067383167897866 -0.57172333569757317 0.59297035462646852 -0.40334493255669868 -0.39853663737959205
1403715335.7621431 -2.8597083239023906  -1.918091112990822 0.55946831853894241 -0.57550861345075244 0.58903244155891477 -0.40608285213266065 -0.39614055061169845
1403715335.8121431  -2.880461844168047  -1.924799657261127 0.55900717620538254 -0.57904555048233186 0.58541378622168727 -0.40832625582786519 -0.39403885362968838
1403715335.862143 -2.8990598619319718 -1.9333704806018093 0.55720732142132734 0.58210203583635722 -0.58202051770785512 0.41052240387796385 0.39227629644997231
1403715335.9121432 -2.9177946859047341 -1.9422136481083774 0.55548314588922243 0.5851384267807801 -0.57879293389201336 0.41223953550043191 0.39073050373828949
1403715335.9621429 -2.9365720834410274 -1.9531000538287402 0.55350876753941491 0.58670826019218125 -0.57529904116383968 0.41578644558143246 0.38977693919598311
1403715336.0121431 -2.9553961047119612 -1.9638019278964829 0.55189993768401302 0.58888046570883323 -0.57126087401036596 0.41790031305232261 0.39017962438117054
1403715336.0621431 -2.9741814407834206 -1.9748142034144915 0.55063069222676964 0.58956674116151842 -0.56772020648549282 0.42116239549730033 0.39080309809830366
1403715336.1121433 -2.9929345645831922 -1.9862365294382927 0.54905816419478959 0.58949325517964524 -0.5646318971761789 0.42471052730084474 0.39154755878280367
1403715336.162143 -3.0113434201006757 -1.9974601764843634  0.5472698410183352 0.58961712578567016 -0.56125627211110696 0.42724968858923579 0.39344725897709504
1403715336.2121432 -3.0314324187999371 -2.0072171036248969 0.54614856285833613 0.58911806204170525 -0.55871846162029637 0.43055529578741902 0.39420264698538388
1403715336.2621431 -3.0493943673188895 -2.0171987436501397 0.54354162275397577 0.58939507375137645 -0.55789898355084877 0.43223824542599498 0.39310592768565172
1403715336.3121431 -3.0678862389988848 -2.0266557152444475 0.54127842529074888 0.59119238173973521 -0.55789832380218785 0.43135354023204647 0.39137597192583079
1403715336.362143 -3.0861392487727084 -2.0358668181102755 0.53833442264026687 0.59372026798929145 -0.55854039655776144 0.42970623023395027 0.38843458199541114
1403715336.4121432 -3.1055147781792511  -2.042725734681444 0.53714875546325402 0.59589571888755122 -0.5590498888587383 0.42767185301999339 0.38661130365389734
1403715336.4621429 -3.1237558955148526 -2.0514940013980394 0.53548580116323841 0.59846503968380704 -0.5585901013717457 0.42518553273474297 0.38604916484670049
1403715336.5121431 -3.1418146760815735 -2.0566114272609224 0.53586454921176796 0.59944088342312241 -0.55904556036028541 0.42435241704842552 0.38479048177874703
1403715336.5621431 -3.1588416236101575 -2.0627072315116175 0.53525295072180423 0.59955453209440779 -0.55926825018539505 0.4239575131995531 0.38472511535026266
1403715336.6121433 -3.1760326995222989 -2.0707737133397854 0.53464916117241457 0.59925090943301074 -0.55946665230526915 0.4243101762051073 0.38452085362283722
1403715336.662143 -3.1932217491695822 -2.0794018041512596 0.53410271894025774 0.59922664257850744 -0.55970661606062921 0.42392932280339646 0.38462951528646733
1403715336.7121432 -3.2104417263019784 -2.0886683798235666 0.53365055654154214 0.59910976921368597 -0.55984213370020408 0.42362119906750079 0.3849536978226597
1403715336.7621431 -3.2274009868061775 -2.0982954372042824 0.53376568851653783 0.59887116200766055 -0.56009623976923706 0.42338497167375744 0.38521513375355271
1403715336.8121431 -3.2431490677699291 -2.1091008868790637 0.53483291709030323 0.59896033723822983 -0.55980101559860274 0.42275504835622685 0.38619620200043842
1403715336.862143 -3.2590553183102839 -2.1192953047302217 0.53653598373697242 0.59874181270201365 -0.55947685686212811 0.42264159338292046 0.38712784955454538
1403715336.9121432 -3.2749639561398163 -2.1302019353969439 0.53868644757245077 0.59856054876623732 -0.55936031614059012 0.4227663209239661 0.38744024581885406
1403715336.9621429 -3.2905371757325921 -2.1412168544964318 0.54206886014458511 0.59850847270544838 -0.55865408459795707 0.42257610503480175 0.38874497722212004
1403715337.0121431 -3.3014920630156874  -2.150022047689971 0.54574324191078216 0.59868613332980736 -0.55812361300090363 0.42248830945683746 0.38932836364915074
1403715337.0621431 -3.3103072669875786 -2.1585777777132762 0.54880319163783176 0.59993347300698607 -0.5569657137036681 0.42213259557274391 0.38945229936329517
1403715337.1121433 -3.3225084678379195 -2.1690272592313145 0.55324039062507768 0.60222226996171879 -0.55597993999111173 0.42238807225475156 0.38704387387807765
1403715337.162143 -3.3333163280554325 -2.1778637780532368 0.55774591891084657 0.60610535878825078 -0.55344949458108228 0.42218025766178219 0.3848295480296981
1403715337.2121432 -3.3435943700120938 -2.1883103846994385 0.56296174886018413 0.60985197826519599 -0.55107055849293207 0.42342214932732941 0.38094026779449253
1403715337.2621431 -3.3533079198812703 -2.1997036553982912  0.5677519779475042 0.61355397155958413 -0.54860255323536888 0.42609711361110963 0.37553696534346165
1403715337.3121431 -3.3621739087567186 -2.2114070821764433 0.57287096109479185 0.61775478466965716 -0.54572060946610634 0.42916119294919342 0.36930842515181295
1403715337.362143 -3.3709939074130393 -2.2235711683744799 0.57766665645254678 0.62139904737635165 -0.54336452376153854 0.43230629489576156 0.36294556841303094
1403715337.4121432 -3.3812157585891471 -2.2372012477547076 0.58169061755183193 0.62439926127843515 -0.54124831886958624 0.43571754895632869 0.35682774186893107
1403715337.4621429 -3.3918242471436391 -2.2523543265092378 0.58496254604004727 0.62601354525834452 -0.53879815602220305 0.44029202604432316 0.35206039257766192
1403715337.5121431 -3.4016369043411236 -2.2669685313919317 0.58916293460262181 0.62620936232864688 -0.53784512611047297 0.44560804293785444 0.34643603582805049
1403715337.5621431 -3.4098394183080778 -2.2793959947420994 0.58999073774859434 0.62595522447938023 -0.53621665130897056 0.45000183638017832 0.34372970057943769
1403715337.6121433 -3.4214673072693094 -2.2944306437425275 0.59319987423725262 0.62759507566449191 -0.53304212590818367 0.45181703280263458 0.34329561878705606
1403715337.662143 -3.4323094866663708 -2.3125630695808046 0.59630194498662248 0.62896901455510024 -0.52939457479644536 0.45318417563133973 0.34462075657600766
1403715337.7121432 -3.4444985932007128 -2.3292212916392292 0.59934267882543757 0.6305377029798156 -0.52655591638869237 0.45346406818515667 0.34573314984532522
1403715337.7621431 -3.4572247027595235 -2.3474769882853019 0.60264635082390594 0.63172513641328121 -0.52453721144799426 0.45364585450781131 0.34639501225892577
1403715337.8121431 -3.4699672769674512 -2.3657616185488552 0.60594916771442264 0.63214787295776587 -0.52311624006026447 0.45387431720285415 0.34747168270785356
1403715337.862143 -3.4827341754730954 -2.3840586867297064 0.60937198773975065 0.63206671806389958 -0.52224860877127877 0.45373302960620698 0.34910513086571437
1403715337.9121432 -3.4957226141760085 -2.4031099865609011 0.61282639248461768 0.63238713911768252 -0.52140469422248581 0.45259107532556253 0.35126196727935111
1403715337.9621429 -3.5089409336256203 -2.4225297644830612 0.61593611376457447 0.63233425351869277 -0.52102585005037305 0.45154620569723219 0.35325837502694385
1403715338.0121431 -3.5218164769182834 -2.4414937331231346 0.61984665526820271 0.63107996441856828 -0.52170754198550706 0.45142471667660011 0.35464777500831784
1403715338.0621431 -3.5352860147666441 -2.4603231054562902 0.62319629782103692 0.62932161370999762 -0.52311964243746911 0.45170602558408735 0.35533338242355861
1403715338.1121433 -3.5483611187532937 -2.4791068555803766 0.62707844218875008 0.62735172479554446 -0.52466580581074884 0.45222229504501821 0.35588003803701845
1403715338.162143 -3.5606642553041028 -2.4980158531018577 0.62985119989396587 0.62653557370451884 -0.5251209448747205 0.45272355815595755 0.35600919654868435
1403715338.2121432  -3.572142593738818 -2.5152926176356232 0.63146365861565412 0.62587618272749213 -0.52552400114297282 0.45356265756146719 0.35550589837993252
1403715338.2621431 -3.5842833912859828 -2.5335398198784689 0.63326068413588488 0.62569575526089471 -0.52520640630071058 0.45530981874550475 0.35405652314726122
1403715338.3121431 -3.5961330156607874 -2.5518062335349874 0.63541776963283259 0.6263065012456952 -0.5247639469460208 0.45686770227233087 0.35161750397756197
1403715338.362143  -3.608620944262098 -2.5710122477771296 0.63751102496988044 0.62745213867024496 -0.52387516788742117 0.45923450270638672 0.34779633936124132
1403715338.4121432 -3.6205634744510378 -2.5889241233276774 0.64022388878471193 0.62943456629332462 -0.52111272919160245 0.46213596183411632 0.34450544699506619
1403715338.4621429 -3.6330380181696174  -2.607153351432498 0.64298665167326285 0.63228308234161656 -0.51759082722930427 0.46489975965960578 0.34086075283187128
1403715338.5121431 -3.6470381466559321 -2.6272427233492279 0.64537064385780796 0.63618331883744084 -0.5133376859222647 0.46756097690119436 0.33636577995413586
1403715338.5621431 -3.6622211760394245 -2.6495432982098999 0.64894448860556264 0.64095286870806834 -0.50683602485453805 0.4703125972802088 0.33332075369543379
1403715338.6121433 -3.6765670405912507 -2.6690307047373421 0.65354259959784455 0.64617355737828497 -0.49962705837303073 0.47290844023076334 0.33043931885462868
1403715338.662143 -3.6908014538904239 -2.6884297844839473 0.65767144500269392 0.65170465720799764 -0.49165272787368353 0.47589106010835464 0.32724048321795152
1403715338.7121432 -3.7057967726833239 -2.7082390120708926 0.66179981278923516 0.65747636286587408 -0.48348270301969143 0.47866294745525012 0.32380718164810174
1403715338.7621431 -3.7230499216651309 -2.7264146380159335 0.66593960871820523 0.66295868915107892 -0.47630560805820821 0.48139559941860827 0.31918179940557806
1403715338.8121431 -3.7385634683006073 -2.7427302703641789 0.66898960407027774 0.66852635403497207 -0.46958417498766714 0.48240613242384756 0.31598661357995
1403715338.862143 -3.7554728010671097 -2.7604743478740432 0.67320481237091845 0.67256846025763461 -0.46422187057204745 0.48408887905860637 0.31274219146294552
1403715338.9121432 -3.7713060873529405  -2.779201378299454  0.6767721593306345 0.67634638054306295 -0.46011271426101152 0.48484010411965817 0.30948657020766229
1403715338.9621429 -3.7877140933239573 -2.7973422149834408 0.67989734418586645 0.68042568779374935 -0.45598023549097383 0.48423764785144108 0.30759845356455079
1403715339.0121431  -3.804377099529741 -2.8163166068482814 0.68186025687556751 0.68393258329927531 -0.45306313857946856 0.48360547434071494 0.30511597655611777
1403715339.0621431 -3.8210590295215767 -2.8359025190056184 0.68358428818897021 0.68698307206505593 -0.45105929243224707 0.48250261866248423 0.30297028961669509
1403715339.1121433  -3.837543825186005 -2.8542901015075879 0.68432906427352835 0.6898762999218675 -0.44831805839936428 0.48113741142357574 0.30263575573246237
1403715339.162143 -3.8529456356717913 -2.8739789869647892 0.68483179925559801 0.69236260886528445 -0.44514677580731005 0.48005410860981185 0.30335856447519782
1403715339.2121432 -3.8688989496416148  -2.893226997974943 0.68472761550729133 0.69460673412126983 -0.44221613724814063 0.47865471809197091 0.30472288020267391
1403715339.2621431 -3.8861454990280695 -2.9128893916041192 0.68508591262273311 0.6955177584814185 -0.4404337506963662 0.478836325314552 0.30494086712635149
1403715339.3121431 -3.8998420252692068 -2.9327422297470598 0.68442141949983426 0.69463657530243894 -0.43984165212907544 0.48110595678935819 0.30423084598091105
1403715339.362143 -3.9120773512123539   -2.95318981328789 0.68294870469576507 0.69322882253464724 -0.43937540549308129 0.48367522374473387 0.30404165930098864
1403715339.4121432 -3.9236413574949864 -2.9693968402735598 0.68106731396572107 0.69153686936765557 -0.44002293164229145 0.48591847590533971 0.30338063996889675
1403715339.4621429 -3.9373038186764622 -2.9891514749619885 0.67970125373420709 0.69026166910700093 -0.44074982025338805 0.4873097063952137 0.30299781213935206
1403715339.5121431 -3.9504078249733019 -3.0079192441718106  0.6774465810446969 0.68850270835378535 -0.44136755477721418 0.48878746526545691 0.30371946921271803
1403715339.5621431 -3.9639281449589951 -3.0284658097882002 0.67348566592940973 0.68742912654318022 -0.44295574013341033 0.48933805691623605 0.30295160391782949
1403715339.6121433 -3.9764862714173335 -3.0475845915504038 0.66942321830474494 0.68792116988277086 -0.44498283452950815 0.48709987802784055 0.30247057679461536
1403715339.662143 -3.9894779869184216 -3.0661498581166664 0.66525649709636514 0.6885733360166354 -0.44581141608970842 0.48418232477296824 0.30444444253172759
1403715339.7121432 -4.0022075290125558 -3.0850132987015471 0.66050843096008338 0.69009578617154754 -0.44528670029126838 0.48011915842754244 0.30817714737276736
1403715339.7621431 -4.0137103615716132 -3.1032667191764789 0.65558064324593801 0.69075809875450356 -0.44360306984163528 0.47686881331903697 0.31411096815589584
1403715339.8121431 -4.0223694363721103 -3.1203883773122585 0.64910151626789392 0.69162659686464045 -0.44156701210283639 0.47314874814439628 0.3206267089021132
1403715339.862143 -4.0311764844705662 -3.1396918843141304 0.64351910409282143 0.69233968259916789 -0.43911288495448331 0.47033891723809057 0.32653780959750245
1403715339.9121432 -4.0378577436439738 -3.1593822948206847 0.63636598342944983 0.69363991583794327 -0.43579478240132963 0.46838048742963045 0.33100799655490293
1403715339.9621429 -4.0429599872457924 -3.1785147204306821 0.62954140360459332 0.69622246941746024 -0.43162507780151532 0.46664708587501336 0.33348847436672763
1403715340.0121431  -4.046830565562467 -3.1949183913755737 0.62400423107763869 0.6995441077140776 -0.42597027354564704 0.4654747681010622 0.33544091533267678
1403715340.0621431 -4.0473698374690512 -3.2105509343121814 0.61924479232415142 0.70311654896535247 -0.42048768417028248 0.46597473226637059 0.33419272122751298
1403715340.1121433  -4.046050268431407 -3.2249396724745445 0.61550630676654094 0.70665708497120872 -0.41526954324209575 0.46806142737268669 0.33031117286785544
1403715340.162143 -4.0425834122293001 -3.2397939302360617  0.6130240198664616 0.70985274609433457 -0.40920615056588056 0.47199304274782189 0.32539510260457033
1403715340.2121432 -4.0374462152714354 -3.2534898464401825 0.61363110382222585 0.71309624021173912 -0.40382628381333657 0.47746916513117804 0.31692472457403553
1403715340.2621431 -4.0303923972900391 -3.2647309770413484 0.61545057129125591 0.71609963131362342 -0.39813497317725505 0.48402140312859648 0.30726721673335711
1403715340.3121431 -4.0202078570214566 -3.2740631620567249 0.61905291811244001 0.71986605755293276 -0.39108198674289513 0.49062114241104116 0.29688151415625819
1403715340.362143 -4.0078195997938213  -3.284605405674919 0.62493129505329614 0.72381194341902377 -0.38377073586188692 0.49786125097303052 0.28451795662061657
1403715340.4121432 -3.9959931867420595 -3.2941125549954027  0.6324249264062568 0.72878808712360454 -0.37476574644488353 0.50383721011753524 0.27306890167008296
1403715340.4621429 -3.9828775778639658 -3.3029679057536576 0.64045856667352119 0.73419158541257723 -0.36608770798303664 0.50793528667197363 0.26257237197876171
1403715340.5121431 -3.9710992424826186 -3.3116833640882337  0.6497485270955673 0.739014317605167 -0.35848593286691333 0.51109094335086347 0.25324241733136454
1403715340.5621431 -3.9572240439687549 -3.3192321931408171 0.65778883510964503 0.74336357294666622 -0.35334266712797346 0.51326049527689233 0.24315267218555511
1403715340.6121433 -3.9429615486542211 -3.3279704058565183 0.66495916454151216 0.74661848765738625 -0.34802530594006492 0.51566357897475434 0.23564866567088605
1403715340.662143 -3.9297424571023694 -3.3364947755263792 0.67141520516625541 0.74930284456209173 -0.34381380945621798 0.51749199244345401 0.22921463590980717
1403715340.7121432 -3.9160766188860179 -3.3463372537291542  0.6773947728516958 0.751486031638534 -0.34055174765495233 0.51858617288536735 0.22441397619897469
1403715340.7621431 -3.9032074382002158 -3.3576409141367765 0.68263135240022688 0.75351088476170214 -0.33838136004503772 0.51881450456143419 0.22034271391716362
1403715340.8121431  -3.888495349438998 -3.3683715641774952 0.68632193472381453 0.75484633618018826 -0.33682306094005043 0.51902916758666651 0.21763721549545131
1403715340.862143 -3.8747713190529143 -3.3800440080780789 0.68954811679268702 0.75469621244919904 -0.33810505547503067 0.5202294566580371 0.21326019507245955
1403715340.9121432 -3.8620679017930706 -3.3922063379229965 0.69348207400101791 0.75398469134716184 -0.34037593569906055 0.52154007449966222 0.20891926263990368
1403715340.9621429 -3.8495644065502184 -3.4062140622524928 0.69807811881423998 0.75364439586720144 -0.34196121624385439 0.52200211961923193 0.20638904592059645
1403715341.0121431 -3.8370994875426301 -3.4200467203060665 0.70267631024556654 0.75304830941189482 -0.34461814725349538 0.52196742202186241 0.20422190534638124
1403715341.0621431 -3.8235674908932875 -3.4366798638522549 0.70568206527660282 0.75199365388815642 -0.34586419586021544 0.52231530005153248 0.20511028707986248
1403715341.1121433 -3.8094202391310334 -3.4544096936675079 0.70851250691101419 0.7510044506005723 -0.34535953057245095 0.52238142055885484 0.20937230302936913
1403715341.162143 -3.7959320977684183 -3.4679997804000622 0.71173856024052951 0.75004259250837013 -0.34361384904066006 0.52209922561251521 0.21628229420273337
1403715341.2121432 -3.7841417058589348 -3.4856428618410868 0.71765922900253987 0.74632155962159441 -0.34435262881631579 0.52528598258147907 0.22022723077470208
1403715341.2621431 -3.7721971164191412 -3.5048382966975358 0.72299185770399488 0.74312669734044368 -0.34568401940946086 0.52750123302242979 0.2236240585997411
1403715341.3121431 -3.7588494548451674  -3.524662393269745 0.72790184041015005 0.74030194690103079 -0.34624774901402705 0.52897026548595083 0.22859567351326979
1403715341.362143 -3.7491880008809044 -3.5443564203393922 0.73277438076325874 0.73763529676016015 -0.34609075910112941 0.53035686037154728 0.23417291921823422
1403715341.4121432 -3.7388782653528114 -3.5633864470615104 0.73811234969949124 0.73508011592636235 -0.34699832157538685 0.53138494598415098 0.2384940820544004
1403715341.4621429 -3.7283092903840296 -3.5818737361378306 0.74249340503648198 0.73442256794051797 -0.34724434014544314 0.52990897874171616 0.2433954276183565
1403715341.5121431 -3.7174221366407942 -3.6004888364344363 0.74713163799977367 0.73403038723732528 -0.34863848400512382 0.52817722743639473 0.24633191936985036
1403715341.5621431 -3.7084124195975794 -3.6186339618824124 0.75162230219019943 0.73443182533968854 -0.34812894655866922 0.52557046276078845 0.25137983047487172
1403715341.6121433 -3.6992576573070401 -3.6352853399386866 0.75616408319126038 0.73368401341694089 -0.34666046160477881 0.52493185347662152 0.25686736270295379
1403715341.662143 -3.6900969049939834 -3.6514209513102731 0.76080646512694705 0.73262560302098889 -0.34482534422049355 0.5246408168358101 0.26288252336586487
1403715341.7121432 -3.6804148941144534 -3.6691816239834076 0.76585312869106681 0.73209071489205479 -0.3420521953359355 0.52399551547651213 0.26920657606234633
1403715341.7621431  -3.670990561265687 -3.6855365967085767 0.76888625338953132 0.73305918101358325 -0.34062373779407612 0.52161701618276513 0.27297508093501194
1403715341.8121431 -3.6611807106124155 -3.6986611315669142 0.77110669557520928 0.73415082985582603 -0.33968431399514981 0.51920718418200362 0.27579163464732154
1403715341.862143 -3.6501762484214053 -3.7113916434767424 0.77335496579302632 0.73549197891988372 -0.33786524722417827 0.51677985965250217 0.27899319045488996
1403715341.9121432 -3.6375650908772954 -3.7216517606112989 0.77613674309187863 0.73606359208359506 -0.34005691455265202 0.51661192963258495 0.27510688365655711
1403715341.9621429 -3.6246264079339481 -3.7291962167798962 0.77795632345433496 0.73608868288380369 -0.34331373334119408 0.51743533873513359 0.26938782759764068
1403715342.0121431  -3.612179225580336 -3.7355060330909731 0.77995316177984053 0.73636572431400538 -0.34720795204342009 0.51792207914694643 0.26261926438368666
1403715342.0621431 -3.5993651363176467 -3.7392733569312648 0.78274604815555093 0.73754589773893198 -0.35042521630797413 0.51717179226196464 0.25644015635724798
1403715342.1121433 -3.5872367015242688 -3.7423136799954544  0.7851487786221556 0.73936143063159809 -0.35268340244289659 0.51558507851867263 0.25125906818380245
1403715342.162143 -3.5738478959332114 -3.7470008741147933 0.78711704874615807 0.74073872900996884 -0.35618408494330467 0.51470872339557505 0.24395483811208662
1403715342.2121432  -3.560135858481869 -3.7511851824808544 0.78897578463612639 0.74206818224518134 -0.35772676046926699 0.51393916864097011 0.2392340040214278
1403715342.2621431 -3.5473157041604808 -3.7555162159018054    0.79081804207897 0.74274753134831961 -0.35865711048896415 0.5140960943586349 0.23536437185114006
1403715342.3121431 -3.5327002334161466 -3.7641980699503175 0.79205605902482024 0.74328935398695717 -0.35837031569964806 0.51502706567043677 0.23203183984506578
1403715342.362143 -3.5190467549299567 -3.7712897773650012 0.79271502870903421 0.7452317655933578 -0.35582129734964535 0.51513502431487757 0.22947053542259496
1403715342.4121432 -3.5040433723257598 -3.7787812103815974 0.79315862367656387 0.74801909994611215 -0.35078052284448247 0.51533290179332247 0.22771133313481318
1403715342.4621429  -3.488595183939851 -3.7870529379518922  0.7931298585477381 0.75190951331369471 -0.34587635031874053 0.51494273891207909 0.22323890727262746
1403715342.5121431 -3.4728774703031187 -3.7964779445119392 0.79315912340402117 0.75636096963164212 -0.33846998084185204 0.51461522392817294 0.22028918944913115
1403715342.5621431  -3.456412699829452 -3.8074391014191273 0.79349494984076807 0.76106728862815509 -0.32896652531253084 0.51435224315482531 0.21908760203532288
1403715342.6121433 -3.4399125316857733 -3.8182129576962605 0.79380991143857038 0.76543463755204866 -0.31731817657449107 0.51470656906860346 0.22021838753526243
1403715342.662143 -3.4221081739574859 -3.8312974457521083 0.79411993549365745 0.76891035059157298 -0.30383785915153733 0.51664424006189247 0.22257169027130261
1403715342.7121432  -3.405800417123992 -3.8411058712333164 0.79439573993632218 0.77182937073176139 -0.29170072414438963 0.51910268273674909 0.22298545868500477
1403715342.7621431 -3.3859311013033064 -3.8527343390586828 0.79512108306432183 0.77456285735084562 -0.28248680367328094 0.52148730949468292 0.21978301071498588
1403715342.8121431 -3.3650970170442429 -3.8635806777472541 0.79481733460351356 0.77615976994393721 -0.27761508342448721 0.52472848530008875 0.21252268982502592
1403715342.862143 -3.3469983251426663 -3.8708422979137964 0.79390578482606411 0.77639616973026215 -0.27337397891723519 0.52896454425128192 0.20657242362951225
1403715342.9121432  -3.325135636710904  -3.880060837185042 0.79356008117417998 0.77681064610633066 -0.27097726678297934 0.53204694939821173 0.20015640039416191
1403715342.9621429 -3.3032221123045069 -3.8877260878314037 0.79388813831774574 0.77600483409525511 -0.26870778234663756 0.53601908199486503 0.19569406967133651
1403715343.0121431 -3.2802244131526512 -3.8969118813922639 0.79321495353511917 0.77510444200673834 -0.26665385661509039 0.5395789914610396 0.19225851530584864
1403715343.0621431 -3.2568568159119722 -3.9061352041909467 0.79135257298514039 0.77430367113033083 -0.26569135951447298 0.54246703240189542 0.18865695086724091
1403715343.1121433 -3.2332008437583939 -3.9152665368795705 0.78920658524465126 0.77441682205484952 -0.26333318175120507 0.54375997856674896 0.1877746170714864
1403715343.162143 -3.2095680593032565 -3.9243447561782405 0.78606198553047646 0.774888553513992 -0.26210831775816695 0.54437899845541027 0.18573762525579296
1403715343.2121432 -3.1861838305727201  -3.932015198276257 0.78407004813435832 0.77444315209124781 -0.26082338846058434 0.54606646987982499 0.18444612949015116
1403715343.2621431 -3.1627798661136928  -3.940068922175576  0.7815857979664621 0.77578753685178592 -0.26001775467977334 0.54500152809836111 0.18307866966738529
1403715343.3121431 -3.1400640866122509 -3.9544556508914317 0.78127739080520986 0.77738110737282906 -0.25950573361357476 0.54359525674901066 0.18121695550210445
1403715343.362143 -3.1177403797183847 -3.9627169649157667 0.77770948001666984 0.77902289241777267 -0.2598476461769717 0.54150750719564622 0.17992263202857964
1403715343.4121432 -3.0953269071927147 -3.9703067309645554 0.77356572504044929 0.78117770768132155 -0.25931891337996943 0.53842948665119161 0.18057900788774403
1403715343.4621429 -3.0728716725029868 -3.9788297317789167 0.76923244623480924 0.78234953973018317 -0.25878826680102579 0.53655957918927843 0.1818286243425834
1403715343.5121431 -3.0497319608981366  -3.989852072474509 0.76838313400821345 0.78281713865542735 -0.25946497356424675 0.53561300226951292 0.18164241443141263
1403715343.5621431 -3.0268865285137996 -3.9983903916956565 0.76511722171074892 0.78314521999771725 -0.2596922456987053 0.53459074287741293 0.18291046866832464
1403715343.6121433 -3.0027278529391777 -4.0069430678675033 0.76173269406221411 0.78297566802699459 -0.2603978894586898 0.53417186684089546 0.18385445090846836
1403715343.662143 -2.9777620798764075 -4.0159909123235389 0.75851764682263967 0.7826351148600309 -0.2603221460423637 0.53396186850366734 0.18600908647697051
1403715343.7121432 -2.9523464127900021 -4.0255186002600034 0.75621083711763237 0.78202149758622563 -0.25987423182401065 0.53417635437070277 0.18858256382312416
1403715343.7621431 -2.9262937844078718 -4.0350784120818322 0.75476563935376928 0.7808783272897678 -0.25843823886679423 0.53504863338168551 0.19277363558576877
1403715343.8121431 -2.8965240346969612 -4.0469020905233046 0.75470510013582282 0.77872298057299827 -0.25742287839418321 0.53752462801717971 0.19593686606086197
1403715343.862143 -2.8686025094087118 -4.0558638261722368  0.7535637283221821 0.77775822914021053 -0.25764972646945261 0.53825978433508248 0.19744660043275208
1403715343.9121432 -2.8404254355774188 -4.0641738357177255 0.75275659560439678 0.77662553351462416 -0.25768682860739073 0.53971703622303724 0.19787824505491017
1403715343.9621429 -2.8110565708316173 -4.0716376815284034 0.75232480486704423 0.77572503844264129 -0.25717784944322597 0.54183176406427258 0.19628692758285943
1403715344.0121431 -2.7819309801253693 -4.0776800723196143 0.75240897207727131 0.77588395382981767 -0.25536349080872744 0.54308483528459051 0.19455703388800832
1403715344.0621431 -2.7524499418567454 -4.0828833012976284 0.75225942309156513 0.77562174334326972 -0.25193261834817915 0.54604374363876473 0.19177355682768413
1403715344.1121433 -2.7212323427015424 -4.0910680217323137 0.75044923187496282 0.77614319205575755 -0.24691897606149468 0.54900734077020863 0.18767979237698065
1403715344.162143 -2.6912036307626392 -4.0941861450838966 0.74979736761110816 0.77707018297432484 -0.24103731132356182 0.5518436013568937 0.18311631528515304
1403715344.2121432  -2.661438196099938 -4.0965188234879637 0.74900970838834702 0.77882063759415798 -0.2328186133035465 0.55371658971177895 0.18064286876265176
1403715344.2621431 -2.6313274237828947 -4.0973350288703791 0.74767217276432307 0.77970399147413183 -0.22409097541264225 0.55615241241623614 0.18038684703025956
1403715344.3121431  -2.601871985158966 -4.0981915915570166 0.74752150343485912 0.78033695395912139 -0.2145492830873364 0.55863207986458308 0.1815848087222062
1403715344.362143 -2.5723245168783491 -4.0977389139934619 0.74709403873481806 0.78027492397354048 -0.20601973334498036 0.56161266212528094 0.18253254567639174
1403715344.4121432 -2.5417252947606737 -4.1000955319898651 0.74579583893728596 0.77972654923393903 -0.19748456671697454 0.56508995298847309 0.18357477865934604
1403715344.4621429 -2.5126762460549465 -4.0969202309842956 0.74447247745884682 0.77940819535394668 -0.19126492573301998 0.56763607346547185 0.1836569663806632
1403715344.5121431 -2.4845758075360078 -4.0922250868052359  0.7424583490626655 0.77925014204690068 -0.18482699556621751 0.56959729942589388 0.18484348599985692
1403715344.5621431  -2.456628883679763 -4.0853405091941859 0.73990088456219982 0.77954982620622837 -0.18087717973295905 0.57073163796317916 0.18398617269120179
1403715344.6121433 -2.4298246152376461 -4.0758310210752846 0.73691245831281893 0.78132802657228628 -0.17834698122634385 0.56991898334263924 0.18141450219262897
1403715344.662143 -2.4030163801527706 -4.0650325150869948 0.73243620360706063 0.78492896839088799 -0.17558152423647072 0.56618278244513787 0.18026286303699862
1403715344.7121432 -2.3744550863196143 -4.0546929446622348 0.72655270618729728 0.78846783530805065 -0.17383791096724252 0.56248587224438396 0.17806879827936306
1403715344.7621431 -2.3470401005815833  -4.038901215315569 0.72155241591026653 0.79179437024705679 -0.17298594521336139 0.55866152212243225 0.17616708462012443
1403715344.8121431 -2.3205085778606991 -4.0195896892524141 0.71679973763064131 0.79376813100519161 -0.1721341825916109 0.55660188307482861 0.17463195910713997
1403715344.862143 -2.2928825884434825 -4.0004802470886034 0.71250122100090019 0.7951316293564421 -0.17147622444693705 0.55521286144559878 0.17349430806739352
1403715344.9121432 -2.2646831200782529 -3.9799536307892573 0.70885662640574076 0.79619040270398944 -0.17106203339995207 0.55430820057316754 0.1719332491069428
1403715344.9621429 -2.2363073885424587 -3.9562593842831397 0.70431027834277071 0.79568611837958481 -0.17186066560522403 0.55556242308460846 0.16940456514544483
1403715345.0121431 -2.2094377710240374 -3.9306497139930001 0.69998506805020166 0.79336883464478181 -0.17524411859919903 0.55946393130259486 0.16387647995431287
1403715345.0621431 -2.1794114391192947 -3.9047390763608587 0.69636315635686963 0.79082555746556638 -0.17798236050469574 0.56347351534521217 0.15942024499091023
1403715345.1121433  -2.150113001069434 -3.8785479434335488  0.6930969550054713 0.78828649667578654 -0.18022373656237761 0.56736334192308979 0.15563624956922245
1403715345.162143 -2.1213418396517683 -3.8506719370888001 0.68925256699958248 0.7869921487478172 -0.18250439926946188 0.56920955756499281 0.15276119151555351
1403715345.2121432 -2.0936599639282347 -3.8211950556546417 0.68582806196058099 0.78673789693489293 -0.18472732514891665 0.56955793597496407 0.15007682845038645
1403715345.2621431 -2.0659331613089957 -3.7919104876888534 0.68195448577038587 0.78746325033994402 -0.18536706487554225 0.56850367389841405 0.14947994309432602
1403715345.3121431 -2.0399001043667786 -3.7619849796868619 0.67790774941575238 0.78751971093024886 -0.18693569578938482 0.56834473659448514 0.14782425687762279
1403715345.362143 -2.0142437684548495 -3.7314130083943264 0.67370607487031742 0.78794984196029727 -0.18758372892006583 0.56772110116944552 0.147105888686137
1403715345.4121432 -1.9890080564938051 -3.6995715234467297 0.66939037679211411 0.78840998430293829 -0.18827211271657218 0.56704692982932103 0.14635944655477515
1403715345.4621429 -1.9647450269713413 -3.6669971577034808 0.66475479862853271 0.78862465062963427 -0.18905509482622637 0.5668286969941968 0.14503296109297023
1403715345.5121431 -1.9426124130646514 -3.6347451540026596 0.66089251345702682 0.7888896247759366 -0.18855649321188503 0.56644785520734142 0.14572726621851245
1403715345.5621431 -1.9188353512219287 -3.6017604009275916   0.656636297895004 0.78851911686946263 -0.18861370689499016 0.56712809316737223 0.14501102662581858
1403715345.6121433 -1.8972580988372512 -3.5669640916981962 0.65205846900228881 0.78825570506914944 -0.18911190334726347 0.56759721273550912 0.14395497745196123
1403715345.662143 -1.8744313306922202 -3.5322536254336296  0.6473948095898614 0.78808065172267694 -0.18912261033544123 0.56802817462979227 0.14319747716707815
1403715345.7121432 -1.8524151049067612 -3.4980957602941389 0.64244291751631466 0.78800136070477644 -0.18947183831521736 0.56828143383370466 0.14216360284116913
1403715345.7621431 -1.8320773766255281 -3.4634540124489388 0.63840189132669878 0.78777106527361318 -0.18991450230172 0.56868775656341186 0.14122133715568783
1403715345.8121431 -1.8116167388628155  -3.428944464327754 0.63354443112626424 0.78790771264391124 -0.19027017322250631 0.56859547908399322 0.14034913146635947
1403715345.862143 -1.7913810780652253 -3.3940340457271581 0.62823542114720032 0.78886020906616461 -0.19094209933777345 0.56735863152895105 0.13908583134944771
1403715345.9121432 -1.7710751651455265 -3.3577109086345205 0.62113786226803624 0.79240899464598713 -0.19187474584508299 0.56228995993539344 0.13821023141169608
1403715345.9621429 -1.7516363987357755 -3.3228267312982576 0.61514858881414014 0.79735190927105459 -0.1930071361113537 0.55523481298870225 0.13672044703444472
1403715346.0121431 -1.7349534111671854 -3.2893364521482082 0.61053713978537383 0.80112741778328977 -0.19465319214613505 0.54962181126661114 0.13498466521500754
1403715346.0621431 -1.7152945301744269 -3.2543040438509796 0.60592649080908856 0.80478821621322971 -0.19680084615552101 0.54407594730090725 0.13253949436081025
1403715346.1121433 -1.6944336331060033 -3.2206844895825522 0.60162710529735286 0.80696509772494662 -0.1982216026343801 0.54051062158862573 0.13177175438121325
1403715346.162143 -1.6741961276135111 -3.1873237454841563 0.59970480772015244 0.80777778723981197 -0.19899075056783413 0.53911153821754954 0.13136391053524121
1403715346.2121432 -1.6536509913184125 -3.1544464034672539 0.59938753675344836 0.80620964858362987 -0.19949634758315529 0.54119388634881482 0.13166771514045184
1403715346.2621431 -1.6312971801889913 -3.1224078605815455 0.59840368689473844 0.80382872168893305 -0.19952518364738647 0.54446716614306134 0.13268229825623606
1403715346.3121431 -1.6084893546104764 -3.0920134752333261 0.59781947443090144 0.80138094352749767 -0.20046494355417588 0.54756200857501214 0.13333505361343395
1403715346.362143 -1.5861875527380209 -3.0601643171568327 0.59711288460502132 0.799203120009914 -0.20064957221929661 0.55042071441117846 0.13435460275599204
1403715346.4121432 -1.5624725631527796 -3.0302865085170678 0.59719014863936537 0.79648341781765575 -0.20152632340949989 0.5538074553757022 0.13527234929890536
1403715346.4621429 -1.5389781536772595 -3.0007325485998764 0.59792690177722529 0.79377648341759699 -0.20249912899908087 0.55701116861945765 0.13657069656772364
1403715346.5121431 -1.5149675060699057  -2.971685024337293  0.5985797438593724 0.79116091912226683 -0.20412742753077787 0.56007057282288719 0.13681135494219859
1403715346.5621431 -1.4917175902729298 -2.9429411458977355 0.59926167335470659 0.78934028411101675 -0.20631382692133396 0.56183982751741368 0.13679374589438043
1403715346.6121433 -1.4670941090342173 -2.9148710928990638 0.59952466283153794 0.7871426864234462 -0.20950263004039743 0.56385745962134559 0.13630775636624431
1403715346.662143 -1.4443533418795116 -2.8872579133933232 0.59981087653810261 0.78586740460278559 -0.21217702500296326 0.56452932498567421 0.13674784705798035
1403715346.7121432 -1.4220245547908583 -2.8601415576758837 0.60016535097244939 0.78395925339905226 -0.21468000845738852 0.56598787386247684 0.13776105988039306
1403715346.7621431  -1.401635941593947 -2.8339456796537306 0.59975997941506087 0.78275967353730413 -0.21727957452094734 0.56651637622820361 0.13833320441974045
1403715346.8121431 -1.3825969881226829 -2.8064374237718113 0.60109081317032143 0.78225379330365263 -0.22003496188652782 0.56593338081880351 0.13922293950581527
1403715346.862143 -1.3635122048104462 -2.7802079956023933 0.60146233898602752 0.78282741777601417 -0.22174879968939032 0.56399409908458575 0.14113596285928981
1403715346.9121432 -1.3459868001427422 -2.7547910000880602 0.60156305441537516 0.78337076016551144 -0.22546355411674912 0.56202735614291277 0.14007743868931921
1403715346.9621429 -1.3292216322281223 -2.7287563417675247 0.60228203108397516 0.78442453149846836 -0.22945005263591883 0.55925573205393753 0.13879428624261544
1403715347.0121431 -1.3130241041339994 -2.7038690666975502 0.60278300667414464 0.78554397665676545 -0.23271450713730324 0.55663054421169622 0.13757563794766972
1403715347.0621431 -1.2968677833299225 -2.6812891308821678 0.60340002847776608 0.78696236715727952 -0.23525906743529773 0.55371138809054343 0.13692005903639171
1403715347.1121433 -1.2810788597042353 -2.6594727779810254 0.60515694007647125 0.78825501008294108 -0.23399803247137907 0.5518879921044324 0.13899138120618804
1403715347.162143 -1.2651186347169825 -2.6382684248170856 0.60649124911040131 0.79000741936020891 -0.23060317501228078 0.55032470778697984 0.14090127405120806
1403715347.2121432 -1.2499835641114578 -2.6194445245141162 0.61000744537994156 0.79157272377494114 -0.22471074348228226 0.55004961220278159 0.14269943536934598
1403715347.2621431 -1.2335416989099228 -2.6009050298561425 0.61347407040059909 0.79276821680780496 -0.2176428329447819 0.55118165246813444 0.14264970266228996
1403715347.3121431 -1.2194309592961432 -2.5848051420375611 0.61815870544621165 0.79397707703925935 -0.2088758144814685 0.553034717811829 0.14185871899776922
1403715347.362143  -1.202843421805766 -2.5666221386809696 0.62335345894469862 0.79509894999445607 -0.19890458098552255 0.55544875550559381 0.1404681721528917
1403715347.4121432 -1.1868658248558954 -2.5480578369010138 0.62798249725365685 0.79633615293656901 -0.18683045745034305 0.55803092814548627 0.13980198470754374
1403715347.4621429 -1.1730225185886962 -2.5304840011040381 0.63382771505574154 0.79809759152014814 -0.17534300315721563 0.55996781643209148 0.13686164624840347
1403715347.5121431 -1.1569968509841568 -2.5103954575339973 0.63877090667482939 0.79956891785881812 -0.16433985299958595 0.56165059870387191 0.13502060318979237
1403715347.5621431  -1.142552081867652  -2.489096106220313 0.64471660490844473 0.80028148191755699 -0.15472108608141477 0.56374246823773189 0.1334367442905301
1403715347.6121433 -1.1289238176688956 -2.4670307178994331  0.6502154121641075 0.80077383297951543 -0.14635898828213095 0.56573759827548997 0.13145830084786109
1403715347.662143 -1.1128496333308942 -2.4446212461205086 0.65531226518215457 0.80058696678192809 -0.14057663388033384 0.56821954809243913 0.12816108532394227
1403715347.7121432 -1.0972349495197975 -2.4215164159118463 0.66002795179230411 0.80014904538906784 -0.13834330400912501 0.57076198208642603 0.12187450596239009
1403715347.7621431  -1.082107739144619 -2.3975927362040661 0.66460803922643485 0.80020095024328564 -0.13781678955764073 0.57236234041862177 0.11439546763873817
1403715347.8121431 -1.0674168148546717 -2.3727241109979533 0.66942725717460683 0.80044930189340879 -0.13602577007140748 0.57375755203737766 0.10761122829385002
1403715347.862143 -1.0554168456541606 -2.3471165493928652 0.67149640936950461 0.80079147911312332 -0.13432295837670455 0.57524497685203779 0.0989119125244525
1403715347.9121432 -1.0406963581638509 -2.3220679650931157 0.67403923338381244 0.80132630566761542 -0.13142166589311494 0.57667756534178849 0.089707765608319071
1403715347.9621429 -1.0280318406297602 -2.2973680863756103 0.67704147192549635 0.80176738002363024 -0.12917371352830032 0.57828962571345333 0.077873800828947529
1403715348.0121431 -1.0155446857812815 -2.2726437946237246 0.68088082013477613 0.80204940989148055 -0.12588636568472197 0.58016767523999591 0.065382227203109627
1403715348.0621431 -1.0046072719404118 -2.2493808806768567 0.68401208197149399 0.80340540120840997 -0.12024765009461516 0.58066612205874868 0.053917702557984025
1403715348.1121433 -0.9942709221523478 -2.2267540587832393 0.68792308186262385 0.80435854347501623 -0.11162501262110516 0.58190576891521917 0.043964374205442913
1403715348.162143 -0.98150755226753938  -2.2065639752487352   0.6906498365084045 0.80664818900233015 -0.10165488436740309 0.58120628313909606 0.034412789819308336
1403715348.2121432 -0.97151137827968603  -2.1877514503136588  0.69248328341231957 0.80851070936250069 -0.090176887333706976 0.58098871792772422 0.025113173388667833
1403715348.2621431 -0.96297798247822253  -2.1699763489264643  0.69528674052773232 0.81153403491393095 -0.07719582835848493 0.57892974748211978 0.017136561517738617
1403715348.3121431 -0.95537525312626559  -2.1539669163734234  0.69757432274235043 0.81393037944434021 -0.064268281267374175 0.57730567769770591 0.010250850624351261
1403715348.362143 -0.94825063563022183  -2.1397988899999252  0.69878444268569428 0.81642995425852405 -0.053082296533959489 0.57499100351654653 0.0031217717949744723
1403715348.4121432 -0.9394521781709283 -2.1272029692728935  0.6976845896205065 0.81855344551668141 -0.042845657364913387 0.57282792098674551 -0.0016368920981052293
1403715348.4621429 -0.92342614101635834  -2.1105282863106014  0.69220619080329215 0.82072640611312375 -0.035521135499568007 0.57018689158984115 -0.0057726857329979007
1403715348.5121431 -0.91855450665062022  -2.1012476600060594  0.68687218468814637 0.82210200731066096 -0.029145840189430894 0.56852252314198826 -0.0089972360034428316
1403715348.5621431 -0.90789984783435063  -2.0926348071623546  0.67801914963798193 0.82286399663618903 -0.024595525750973807 0.56758023103185062 -0.011940874958820994
1403715348.6121433 -0.8925481595093101 -2.0831981807131612 0.66689480762173092 0.82209003515907275 -0.021729006190414707 0.56874725107859225 -0.014912705075750423
1403715348.662143 -0.88343519487217581  -2.0780823049263644  0.65433819879535349 0.82048314051054028 -0.021012571038966903 0.5709348649459024 -0.019981691257188267
1403715348.7121432 -0.87366440548559043  -2.0748478060898856  0.63963834331116431 0.81917514210398867 -0.02049071698055582 0.57266772348881168 -0.024163930778638286
1403715348.7621431 -0.86343704798799181   -2.071598377824992  0.62376462511736053 0.81860219804854284 -0.020042977062721293 0.57331687174571044 -0.028222065698143978
1403715348.8121431 -0.85038947076458515  -2.0699024869228193  0.60476582435159632 0.81792325118226628 -0.017827691844671197 0.57419678927648687 -0.031333301190531938
1403715348.862143 -0.83876607836333583   -2.070849431989934  0.58922783583952687 0.81688018084855896 -0.014476686243320529 0.57557613711425115 -0.034775078387758881
1403715348.9121432 -0.83012345912591268  -2.0755852351161033  0.57703882520296068 0.81636019480669753 -0.011115921551276218 0.57617611999716956 -0.038125416302567459
1403715348.9621429 -0.83143526267724177  -2.0755761426632957  0.56380527626718291 0.81597328511856204 -0.0065065665342248068 0.5765544117044672 -0.041596549242376719
1403715349.0121431 -0.82199387248341316  -2.0819771686554192  0.55200168551049233 0.81517577317230405 -0.0023232990074437613 0.57767578916273055 -0.042115837043504016
1403715349.0621431 -0.8111232732765451 -2.0886340511011139 0.53790799990465055 0.81449185185431816 0.0022842476567926815 0.57865643307966597 -0.041887204861200004
1403715349.1121433 -0.80109485263585123  -2.0977241316178792  0.52637881321215541 0.81356221563790965 0.0084825647755727238 0.57999769155371539 -0.040586268287745475
1403715349.162143 -0.79229918471298633  -2.1071978468543557  0.51382869901986061 0.81233952299015744 0.01357189420953356 0.58159467689866062 -0.040840358456206198
1403715349.2121432 -0.78131982907989217  -2.1179703445326759  0.49580748256136331 0.81078460877741332 0.018667202098184715 0.58362784181493454 -0.040723408427148541
1403715349.2621431 -0.77264416160142724  -2.1302623577969508  0.48492449047670849 0.80914806994360233 0.022719729402689182 0.58567814453173273 -0.041765126843800869
1403715349.3121431 -0.76244964859669317  -2.1435043619439544  0.47292037031926698 0.80701960595835742 0.025130174896275597 0.58837075238521896 -0.043677083764277209
1403715349.362143 -0.75675573703053489  -2.1583625706464158   0.4630073083401417 0.80576632941951287 0.028352458994647976 0.58993379561842441 -0.043759310209383867
1403715349.4121432 -0.74959702633545811  -2.1739988493071545  0.45062831162487066 0.8041523532382816 0.031750377609507739 0.59206115614207611 -0.042361464690161013
1403715349.4621429 -0.74151109650848046  -2.1905293817589797  0.43649499543318193 0.8036239296747234 0.034293681748528676 0.59278125288177663 -0.040285348182648006
1403715349.5121431 -0.73706155003264218  -2.2071230383545952  0.42549209023153944 0.80305264736277804 0.036844024937865365 0.59357735279306678 -0.03761501882475636
1403715349.5621431 -0.7323135444069323  -2.224716726259738 0.41033383828387127 0.8041919672943405 0.039764957511259823 0.59195702505003733 -0.035789780486833858
1403715349.6121433 -0.7295893453674025  -2.241133450370365 0.39763066866178737 0.8051260744143105 0.043481658050114308 0.59043789264470636 -0.03555903036773414
1403715349.662143 -0.72910723163203339  -2.2585215864672428  0.38495265365373693 0.80605515601113886 0.047039329292073592 0.58878573604111528 -0.037332880978201526
1403715349.7121432 -0.72864075884567259   -2.274297541200454  0.37216331959826338 0.80739203243516511 0.05140372595220314 0.5863447458528398 -0.0409341169345682
1403715349.7621431 -0.72992015408963085   -2.292167631698053  0.36016607267176476 0.80822524828513598 0.056395599211766748 0.58437534313792205 -0.045792387537799871
1403715349.8121431 -0.72695853153497347  -2.3109861447101792  0.34615223837398401 0.80941429361448924 0.061096518811656744 0.58166645489344015 -0.052724301165136697
1403715349.862143 -0.72814622421407804  -2.3270107295178626  0.33612040028831508 0.80951755237348877 0.067163235252039502 0.58015213927823772 -0.059949374647275303
1403715349.9121432 -0.72805536952108563  -2.3428084366013544  0.32562528037246546 0.80916921054540325 0.074875531826109426 0.57904786432473998 -0.065896997352259776
1403715349.9621429 -0.72875513898707978   -2.360543610974347  0.31489712043110912 0.80895249862974372 0.083062017852921805 0.57744349421898733 -0.072495290433668258
1403715350.0121431 -0.73142230826144927  -2.3769506521876931  0.30606327446279336 0.80863180240049248 0.092047756852447676 0.57588927296500936 -0.077416819159640687
1403715350.0621431  -0.733709672501899 -2.3939913793044956 0.29645872098236387 0.80802738479793823 0.10027498981860632 0.57486169788713182 -0.081059855266383804
1403715350.1121433 -0.73707374538007242   -2.411875797727014  0.28672734645964176 0.80981361478962977 0.10821358544251282 0.57065719658964753 -0.082716946313759546
1403715350.162143 -0.7361629724280252 -2.4303926991532259 0.27633169533716045 0.81187604861827833 0.11362623636913895 0.56636033561354893 -0.084748630267774044
1403715350.2121432 -0.73818575781002882  -2.4490970942156185  0.26628553051722481 0.8138273774873297 0.11940416716706731 0.56234075595091604 -0.084855870225852947
1403715350.2621431 -0.73829640918390183  -2.4683139374391696  0.25537162786042356 0.81711048652558493 0.12541391771479748 0.55657891547271365 -0.082593661406707403
1403715350.3121431 -0.73976963216266856  -2.4872420313388832  0.24572508429070058 0.81966119241509305 0.13055999393743617 0.55206837878808546 -0.079562068688662724
1403715350.362143 -0.73985250042245565  -2.5060946003956719   0.2352874508072515 0.82211184274062532 0.13429845592864456 0.54791461460506385 -0.076717780618183531
1403715350.4121432 -0.73891305062581614  -2.5254335171225955  0.22647755365866687 0.82389869452140874 0.13777937858290176 0.54496523259210894 -0.072254268171896896
1403715350.4621429 -0.73924491271220438  -2.5421133615505553  0.21858144120503628 0.82509661483039387 0.14067560068464732 0.54292874230515709 -0.068222667394192194
1403715350.5121431 -0.7362300864687481 -2.5560365926035589  0.2086927347443053 0.82550790924439887 0.14290449012016965 0.5422056200401808 -0.064250012258978667
1403715350.5621431 -0.73634644716020803  -2.5661036796495473  0.20283852785170053 0.82596136249658925 0.14355904460514934 0.54166447297775155 -0.061467284701452879
1403715350.6121433 -0.73085891172725914  -2.5751341518988284  0.19384499978633832 0.82606360394311273 0.14244785115623484 0.54188551386421213 -0.060725791930660994
1403715350.662143 -0.72412721049604478  -2.5824096904087765  0.18481036047951643 0.8261347002055851 0.14052107282906209 0.54219422941175077 -0.061487419849880133
1403715350.7121432 -0.7160191084791192 -2.5875625940500093 0.17587461819624123 0.82606266951213692 0.1376803606318906 0.54276395995832916 -0.063811191064796921
1403715350.7621431 -0.70706818664162097  -2.5899591988795376  0.16853359307652244 0.8260771318401321 0.13489020142438057 0.54315593913654792 -0.066202957571136312
1403715350.8121431  -0.696357608603282  -2.591633901025495 0.16096652326455838 0.82536106592375369 0.13310866547777078 0.54443229371000368 -0.068225153701523739
1403715350.862143 -0.68429246107872754  -2.5928534519750355  0.15443037251854025 0.82385676669981678 0.13347817224243155 0.54668223750027012 -0.067691481734719047
1403715350.9121432 -0.67131522024746026  -2.5919981455023766  0.14838450012132992 0.82242146135648186 0.13531406058436232 0.54864290346894418 -0.06560494936822453
1403715350.9621429 -0.65931574438134266  -2.5925187804756162  0.14311396291099798 0.82069914398663002 0.13683585261450418 0.551035880530926 -0.06393999426322633
1403715351.0121431 -0.64513240814671113  -2.5885976647499538  0.13880107343091444 0.8197783201498825 0.13810426333829232 0.55221385499343556 -0.06285361257170119
1403715351.0621431 -0.63187816329831914  -2.5839140287534281  0.13490772107218604 0.81936682789713133 0.13924932971232598 0.5525589941117659 -0.062659265417449719
1403715351.1121433 -0.61711680825111759  -2.5763296542135916  0.13178349161314395 0.81882701702481764 0.13988719257077414 0.55323096261646054 -0.062364986549911475
1403715351.162143 -0.60427559942839926  -2.5671324055561557  0.13006846083531043 0.81895532419622574 0.13931227209791136 0.55296821616039593 -0.0642683415840343
1403715351.2121432 -0.58869034126480879  -2.5562129691756565  0.12742552022170667 0.81934010107352218 0.13884972889001354 0.55227304454214887 -0.066310148786938861
1403715351.2621431 -0.57251828447169539  -2.5436104259346783  0.12541058688920034 0.81951777099163103 0.13863166951474135 0.55190229560899295 -0.067644211415228209
1403715351.3121431 -0.55554676020913207  -2.5291878320021524  0.12452038201564922 0.81727765262461205 0.13739178949155459 0.55515728119056551 -0.070577105649152858
1403715351.362143 -0.53904358245896578  -2.5135970942117143  0.12398037209880554 0.81518249505146823 0.13703959392151241 0.55817255614083405 -0.071701095045315938
1403715351.4121432 -0.52188792823396957  -2.4966802465204938  0.12376531763928444 0.81285846341832302 0.1361667974125948 0.56156594237863111 -0.073235333630703683
1403715351.4621429 -0.50465901530141044   -2.478451858491594  0.12341840270100406 0.81103459168180203 0.13621066038126498 0.56422809214925007 -0.072912324909098117
1403715351.5121431 -0.48778857984306739  -2.4593085052050427  0.12355533149485988 0.80970463589761343 0.13606597975312451 0.56621358602406635 -0.072571528587337494
1403715351.5621431 -0.46834379132419002  -2.4372780037242325  0.12459553898279856 0.80649634515536572 0.13587751425130862 0.57083726485167763 -0.072427642710351403
1403715351.6121433 -0.45154155507094101  -2.4162394917356251   0.1271670577297174 0.8017536766516522 0.13565527656407408 0.57757750290026233 -0.072061890478809995
1403715351.662143 -0.43594032621681633  -2.3934653588331001  0.12885083399013914 0.79933165295975239 0.13635469011399878 0.58074829908107184 -0.072164535438035193
1403715351.7121432 -0.42170254208581309  -2.3694080348340947  0.13099513455577022 0.79877719301531414 0.1383529236633082 0.58100454097089693 -0.072437475132613935
1403715351.7621431 -0.40980596216782739  -2.3455177819685615   0.1344047300141846 0.79944428926710509 0.14135841671026667 0.57911101944967169 -0.074411380415509987
1403715351.8121431 -0.39724510147784875  -2.3183325624611357  0.13668748327428065 0.79986877014621638 0.14388281577110038 0.57722090530588888 -0.07952177279468195
1403715351.862143 -0.38586491694421776  -2.2900953245291329  0.13947576661450958 0.80060000386781294 0.14689415196187122 0.57446761556561599 -0.086305854915042821
1403715351.9121432 -0.37507541031689184  -2.2608195897747319  0.14224072020154885 0.80084080694037352 0.15088501759201184 0.5719498507844748 -0.093600649532826083
1403715351.9621429 -0.36463117491966685  -2.2326556612937001    0.145377369439012 0.80126461006088501 0.15457449352719527 0.56877642219928737 -0.10283546161206776
1403715352.0121431 -0.3546214345580424  -2.202454720838857 0.14952430733351899 0.80115930137644831 0.15954611388361867 0.5658657551425561 -0.11173521611193754
1403715352.0621431 -0.3450685401610229 -2.1724012898530809 0.15447624154688774 0.80102049394820418 0.16509846848179849 0.56271287619678734 -0.12026172683891938
1403715352.1121433 -0.3352766456864692  -2.142458564556601 0.16088414186623787 0.80047555416505634 0.17130759420830594 0.56033481004297969 -0.12616455922645706
1403715352.162143 -0.32588618132119523  -2.1136115823177111  0.16756505208634428 0.7997267902692542 0.17573982981687475 0.55846740424006525 -0.13291625763214923
1403715352.2121432 -0.31912243368964899  -2.0894684151096747  0.17388156557234596 0.7988213952685338 0.17894318827983402 0.55718573917933589 -0.13931175788374078
1403715352.2621431 -0.30941614477275342  -2.0615733109934373  0.18030564945757552 0.79871206105317982 0.18232514639989322 0.55527691174611626 -0.14312279972155062
1403715352.3121431 -0.29945261539195084  -2.0345864459295773  0.18622460615281863 0.7992516451706535 0.18535847866030286 0.55274916607580005 -0.14597055005462437
1403715352.362143 -0.28958181095425428  -2.0095466498394625  0.19117123194651342 0.79920358578186002 0.18756646048456374 0.55144090889473563 -0.14834208901069734
1403715352.4121432 -0.27845713022341329  -1.9836885842086784  0.19561023451322054 0.79938669591878209 0.18677776872745191 0.54997945343816768 -0.15368011027163378
1403715352.4621429 -0.26704532588515001  -1.9586045728255392  0.19929363372362394 0.79981843216547088 0.18329136069337656 0.54813678054722259 -0.16199019252678465
1403715352.5121431 -0.25487219028225494  -1.9345309727387745  0.20299938829943542 0.7992811082739989 0.18033146730600128 0.54779894428465703 -0.16895735703474965
1403715352.5621431 -0.2450999375725639 -1.9136725813113096 0.20511269754831837 0.79817521065562225 0.1806885973245764 0.54850890066458191 -0.17148163103802747
1403715352.6121433 -0.23128552925466761  -1.8926838681818869  0.20814408196087295 0.79649717591386904 0.18394505631901442 0.55072258754572367 -0.16870416883992112
1403715352.662143 -0.21705997305574434  -1.8728064045196964  0.21015779556508432 0.79521198747291699 0.18717456765153567 0.55243991584757424 -0.16557087782022301
1403715352.7121432 -0.20252261566320687  -1.8543155031432275  0.21286145840482532 0.79310151975155507 0.18939651678056019 0.55543000285182509 -0.16314548946013324
1403715352.7621431 -0.18765562824920803  -1.8363744044585848   0.2145260226540896 0.79050759581215069 0.19246392819944425 0.55917167009893376 -0.15931861367744143
1403715352.8121431  -0.176569826455278 -1.8218198439713189 0.21664068915587192 0.78766977310332742 0.19407002078789878 0.5632070906844493 -0.15719710103400597
1403715352.862143 -0.16281086718056298  -1.8058177502500847  0.21805533824316151 0.78563172627657341 0.19605997059256905 0.56597165159336904 -0.15498183181136568
1403715352.9121432 -0.15020854298504771  -1.7907174886437731  0.21977063694462212 0.78463209344305473 0.19807377460194661 0.5674080558927268 -0.15220826476293162
1403715352.9621429 -0.13998454257927789  -1.7760710818822949  0.22318580570934191 0.78387596135134463 0.19774387897139165 0.56831790944348248 -0.15313585259710571
1403715353.0121431 -0.12894415407915852  -1.7618141168803414  0.22482745984929708 0.78361183323488259 0.19628851118395385 0.56846925084906519 -0.15577556300831036
1403715353.0621431 -0.11971718831457136  -1.7483100773836728  0.22743464652522652 0.78354935664233016 0.1963952437915506 0.56837027990830158 -0.15631551054967896
1403715353.1121433 -0.11017492226680355  -1.7354053709278361  0.23026533178493425 0.78388944747798239 0.19769714497424637 0.56761539146523166 -0.15571107980316373
1403715353.162143 -0.10346125170028105  -1.7251037838584489  0.23546394418412431 0.78454805441898134 0.19922004759659953 0.56626503527654626 -0.15536934307079861
1403715353.2121432 -0.095390714688655329   -1.7139689465324652   0.24370543384955501 0.78481454907490655 0.20035029784590447 0.56562625653084453 -0.15489615759053493
1403715353.2621431 -0.088414171834379829   -1.7033175434123085   0.25392689221650178 0.78481312893345301 0.20169330281741479 0.56502483171588636 -0.15535476753778762
1403715353.3121431 -0.082250052499446863   -1.6933552495461588   0.26681614876114135 0.78521722947557204 0.20290800461143141 0.56385186924028119 -0.15599138999815057
1403715353.362143 -0.076819025475207289   -1.6842069681905278   0.28097092164646198 0.78572545750284328 0.20465654118462839 0.56237792134326414 -0.1564681410636736
1403715353.4121432 -0.07282855361404876  -1.6784063922204799  0.29518042615121115 0.78582205641429914 0.20752451148032072 0.56135651745088944 -0.1558721691100298
1403715353.4621429 -0.068122262448135129   -1.6702044518063763   0.30510184281473635 0.78540369770966212 0.20993744629583161 0.56108892590541537 -0.15571293296666761
1403715353.5121431 -0.063504065913487354   -1.6618900982621516   0.31125962223188908 0.78551769182506725 0.21196233495735534 0.56016073614084894 -0.15573655343363321
1403715353.5621431 -0.058558848653335389   -1.6542265535949399   0.31377038449356215 0.78549286286404341 0.21392429239988919 0.5596028708192442 -0.155183718481406
1403715353.6121433 -0.054931933044442889   -1.6465853557142245   0.31237925318405774 0.78540638365611148 0.21543393237897682 0.55893247572516935 -0.15594717333665434
1403715353.662143 -0.050858303096521333   -1.6395604741739156   0.30852321979200942 0.78478428347410301 0.2176298850176776 0.55911762916709484 -0.15536517728821478
1403715353.7121432 -0.048049630219206059   -1.6324827210822905    0.3028968750139242 0.78422732339450218 0.21957073602979554 0.5592377364469302 -0.15501403566949259
1403715353.7621431 -0.044454463347542397   -1.6239621816921839   0.29702151409850441 0.78358199237880588 0.22157235231245725 0.55932118173202572 -0.15512823590912089
1403715353.8121431 -0.040317506068639666   -1.6143450122050336   0.28895813150276489 0.78265041675271685 0.22369166384105313 0.55989588733038909 -0.15471573945573955
1403715353.862143 -0.038799206899434453   -1.6064087520657071   0.28134233138332621 0.78223681087823282 0.22482538777574992 0.55987950523259167 -0.15522260253920497
1403715353.9121432 -0.03786964153676111  -1.5983196795757704  0.27355217077840255 0.78136904887151626 0.22591966776862965 0.56042341531829032 -0.15603944611513168
1403715353.9621429 -0.037399629286345583   -1.5895245964931339   0.26484614152776587 0.78149687126448752 0.22692004118193029 0.55968029651435069 -0.15661385892511809
1403715354.0121431 -0.037225605710154985   -1.5813154150529198   0.25505916028499936 0.78179115703026503 0.22739603146943579 0.55883822410680328 -0.15745942632432447
1403715354.0621431 -0.038108870872576826   -1.5727809836300415    0.2448729595250092 0.78355557763055328 0.2265829287313702 0.55587093386729636 -0.16033819898285234
1403715354.1121433 -0.039367150953885113   -1.5642911439428313   0.23467867999973913 0.78544044931531298 0.2232785951617958 0.55262632233701947 -0.16683559986464194
1403715354.162143 -0.040506673903159658   -1.5562703832467264   0.22450183952697736 0.78723261043998427 0.21981428097883418 0.54951644623050755 -0.17314206380830707
1403715354.2121432 -0.041967539786962639    -1.548883518239152    0.2142397210754951 0.78886686374436377 0.21736439150706055 0.54657228333337904 -0.17804643125497718
1403715354.2621431 -0.042797363546035055   -1.5429925879916273   0.20434941356997277 0.7902152121826842 0.2167611537082561 0.54423188494155861 -0.17996159615623358
1403715354.3121431 -0.04308680334231877  -1.5374398356472601  0.19530703114108106 0.79049822539349557 0.21791282397450693 0.54355586087935792 -0.17936996097699764
1403715354.362143 -0.034854279684692444   -1.5354521400095997   0.18915876247868704 0.79116506883662774 0.22015135715643772 0.54273850101393017 -0.17614236660174951
1403715354.4121432 -0.02823761450443547  -1.5316194908844674  0.17991046249170933 0.79156159304026885 0.22296355217180261 0.54255147450932029 -0.17133416569454593
1403715354.4621429 -0.025337777634330084   -1.5276601585574763   0.17147838556144232 0.79157676520576981 0.22622809787918785 0.54240298830149702 -0.16740988859066971
1403715354.5121431 -0.021866763909428488   -1.5237977222888852   0.16323473593271259 0.79124343140632869 0.22880672710247058 0.54275048753663591 -0.16432657170323325
1403715354.5621431 -0.017441220689874103   -1.5188606237211058   0.15568887720521069 0.79102031296429964 0.22994518178806603 0.54296379820496377 -0.16310239633173471
1403715354.6121433 -0.010483450530512764   -1.5133073492925084    0.1518370360782354 0.79056863372915764 0.22958262611453314 0.54376937176031814 -0.16311935349723652
1403715354.662143 -0.0053770247137337572    -1.5081997478009663    0.14897650178945751 0.79048529342675677 0.22942537248999181 0.54400751534518133 -0.16295036846170433
1403715354.7121432 0.00064001427080328664    -1.5027842001714036    0.14939677224403278 0.79043070383664304 0.22883106690054508 0.54423263099803842 -0.16329877100094875
1403715354.7621431 0.0074615108436429821   -1.4970812660224937   0.15324837574293945 0.79041932311551533 0.22829081235210846 0.5444638931575656 -0.16333911867318321
1403715354.8121431 0.014575825476566584  -1.4911152062860948  0.16034406241187377 0.79095374043362976 0.22755627278566726 0.54375682442401296 -0.16413055505376967
1403715354.862143 0.022028099100676699  -1.4851066333898888  0.17038474590415625 0.79068450400193968 0.22767313118791263 0.54425533110636448 -0.16361263712989835
1403715354.9121432 0.029861489850648952  -1.4787483617659363  0.18306246516156338 0.79061909458732205 0.22573196809164892 0.54409124698202815 -0.16712642164821068
1403715354.9621429 0.03599675358971282 -1.4804354172464389 0.19428440307509731 0.79008839630348493 0.22433455916821338 0.54436885871795215 -0.17057806789709209
1403715355.0121431 0.04196465536761828 -1.4777232562630607 0.21017446611225102 0.78906138188033392 0.22327467468114748 0.54533807540063362 -0.17359993890972056
1403715355.0621431 0.050442413556896354  -1.4733323798069156  0.22497651367447727 0.78848649126716519 0.22397587483858281 0.54569793460647054 -0.17417699258432076
1403715355.1121433 0.059227554234786116  -1.4692633536091158  0.23894188054431537 0.7881370715309749 0.2263952876562679 0.54539338559261363 -0.17358336659208304
1403715355.162143 0.067460140131888557  -1.4663198189456854  0.25218133779035451 0.78717539997961572 0.23015234228365664 0.54492689568052977 -0.17446910148292652
1403715355.2121432 0.073771480289989227  -1.4661538202026454  0.26493065782638697 0.78650132696418662 0.23500861529511013 0.54289237324910389 -0.17735412171304121
1403715355.2621431 0.083061324642587267  -1.4631924743141709  0.27693118103090053 0.78466535012221128 0.24154618836173955 0.54179671259681783 -0.18003346751308197
1403715355.3121431 0.092170829578176225  -1.4603552192057356  0.28791158000740391 0.78274390705964147 0.25016706697715418 0.53982775266068073 -0.18252236032435731
1403715355.362143 0.10140038488962057 -1.4577612003100759 0.29897110250581926 0.78033362000442352 0.25921750546521677 0.53779109649938428 -0.186189319986868
1403715355.4121432 0.10943725413905572 -1.4554738868965598 0.31003982694465898 0.77683313374185581 0.26813552709492583 0.53646780917594783 -0.19192683800941726
1403715355.4621429 0.11825313205673674 -1.4527487719644603 0.32092088628830867 0.7732614611052897 0.27686101403680524 0.53447688983534503 -0.19937187842762821
1403715355.5121431 0.12743364714398361 -1.4501443099001441 0.33171589862325851 0.76874129932952462 0.28576026494246948 0.53339820188914233 -0.20703681775615071
1403715355.5621431 0.13648763276635678 -1.4465954031999599 0.34312565060501365 0.76447903764892366 0.29507806969206546 0.53164648089902389 -0.21413255971445358
1403715355.6121433  0.1452838535899659 -1.4436070062470734 0.35362127289502632 0.76049008286790298 0.3045306579957297 0.52901684858646791 -0.22148834306098453
1403715355.662143 0.15467780811262347 -1.4416870769532093 0.36335388047545664 0.75636304276231447 0.31440252690498516 0.52702690676233532 -0.22651410147630593
1403715355.7121432  0.1642065422797902 -1.4402420837796028 0.37236118590938111 0.7527232049991045 0.32283118600178284 0.52519827022322796 -0.23098610121625912
1403715355.7621431 0.17375806235277455 -1.4392044675544511 0.38061703087766346 0.74967123008281777 0.3301912076017558 0.52354831806646518 -0.2342305954788671
1403715355.8121431 0.18563317258928783  -1.435153836944256  0.3868550165882621 0.74767556834809035 0.33638987458411873 0.52172600153540505 -0.23584968962141897
1403715355.862143 0.19513740305609162 -1.4342080366725676 0.39430618544700713 0.74645832195533368 0.34118969836967045 0.5197047131077025 -0.23726899182927674
1403715355.9121432 0.20519943293111872 -1.4324319285859435  0.4025007287114698 0.74521728212941485 0.34512751152016263 0.51845435264602679 -0.23820849571318325
1403715355.9621429 0.21448362673153379 -1.4306782799087634 0.40970746210802006 0.74429855103407694 0.34884505536629079 0.51760210600643586 -0.23751811327299949
1403715356.0121431 0.22573713941141557 -1.4263087648734245 0.41611284529892323 0.74330850928513581 0.35157488124450881 0.51785044506496292 -0.23604762114505332
1403715356.0621431 0.23559127947414935 -1.4237631355622109 0.42336312286892264 0.74267668871660408 0.35447662894737242 0.5182279122875123 -0.23284648696764521
1403715356.1121433 0.24519061510473633 -1.4208567545664528 0.43047533392462894 0.74232162808235203 0.3569604365565055 0.51911171409596368 -0.22816852434747864
1403715356.162143 0.25492275348882837 -1.4150780201030422 0.43558006971572499 0.74223882753817105 0.35840408691708009 0.52032589944527241 -0.22335843781322359
1403715356.2121432 0.26288961308507758 -1.4100192492909969   0.442464447981053 0.74212793720648507 0.35820744953253753 0.52228117362721138 -0.21944457977271808
1403715356.2621431 0.26966455050582672 -1.4041096994861642 0.44872134559336341 0.74254289976915389 0.35705088121979084 0.5237856943830006 -0.21631749023670033
1403715356.3121431 0.27640844714757623 -1.3975478328835436 0.45399679715520241 0.74401560024518898 0.35551791144901623 0.52412622755468186 -0.21293073714242944
1403715356.362143 0.28242567821099213 -1.3895440011186433 0.45825324926224409 0.74692907557725119 0.3530917726116159 0.52261863404042341 -0.21045883095043111
1403715356.4121432 0.28676298898574587 -1.3788803954658184 0.46069218525010214 0.75003058064504191 0.35064740747265144 0.52049381306980591 -0.20877431423914078
1403715356.4621429 0.29134384595437213 -1.3680448159368839 0.46309424348295675 0.75343517566197682 0.34664117575770997 0.51824823940413911 -0.20879198667340851
1403715356.5121431 0.29322994394610152  -1.353333813726467 0.46466648343761163 0.75709612706080032 0.34076518364643721 0.51526937901251346 -0.21256060560697809
1403715356.5621431 0.29707479266079206 -1.3397513226159732  0.4658074500859215 0.75940360307239541 0.33610636143595157 0.51351252222842847 -0.21597122715201475
1403715356.6121433 0.29949439993016835 -1.3249116171053963 0.46731305558490832 0.76068855988759654 0.33327022160547909 0.51184306497850685 -0.21977386350650882
1403715356.662143 0.30385374676858745 -1.3087217908672035 0.46782599761175059 0.76064000264361031 0.33198723184548695 0.5108459441730806 -0.22415995537074251
1403715356.7121432 0.30876916144331923 -1.2914101323216824 0.46822092755542927 0.75994442828095898 0.33314151099477968 0.50943791751509127 -0.22797852481040567
1403715356.7621431 0.31433143958524129 -1.2754102243258088 0.47011302321665721 0.75846485296488386 0.33540984339770991 0.50810005958630688 -0.23252017808627334
1403715356.8121431 0.32124694939161852 -1.2567796329543823 0.47015829381585722 0.75591675064543884 0.33912368500753776 0.50693720689938293 -0.23790683180943351
1403715356.862143  0.3279491142732176 -1.2390720493078837 0.47014920291352852 0.7535898407131485 0.34540277123024871 0.50408493692430056 -0.24227598718490431
1403715356.9121432  0.3354462486660536 -1.2199501807007174 0.47061814543036146 0.75084030240936694 0.35160141276239937 0.50067673040942784 -0.2488736596102939
1403715356.9621429 0.34424129893515937  -1.200154124632101 0.47270667261671262 0.74683240797207295 0.35846525658460893 0.49761451377788729 -0.25714550336718434
1403715357.0121431 0.35375436375305563 -1.1806326002736984 0.47517979100829033 0.74105463577193176 0.36720495279826537 0.49609373986460154 -0.26436631916434872
1403715357.0621431 0.36440654853582571  -1.159942400769306 0.48065179829636245 0.73554740195202684 0.37658707970420496 0.493012591832304 -0.27219620713058507
1403715357.1121433 0.37661609853011346 -1.1398669319605892 0.48614385860034626 0.72901643855603004 0.38600543026404532 0.49119755705555074 -0.27974953094582738
1403715357.162143 0.38761510307493952 -1.1199672957392079 0.49246417618259736 0.72267515623263634 0.39605298625029606 0.48892054362798537 -0.2860757813322769
1403715357.2121432 0.39876406175222606 -1.1007262164576392 0.49839650687750492 0.71671331651910231 0.4056959894720662 0.48668328220501572 -0.29132828368118208
1403715357.2621431 0.41215542213190098 -1.0809851207515784  0.5061282586612148 0.71047202707410695 0.4141342543822637 0.486542622081299 -0.29495524235163256
1403715357.3121431 0.42481564743021505 -1.0632271591099558 0.51380819450838167 0.70509630121821487 0.42175189226789461 0.48681311077462275 -0.29661008505237579
1403715357.362143  0.4373748673480235 -1.0442697003425556 0.52110355702027233 0.70062072406661668 0.42815585332995865 0.4873522881898657 -0.2971546961832624
1403715357.4121432 0.45096939611258713 -1.0252566572897845 0.52962693175758313 0.697703298398901 0.43241998562116624 0.48714942613826984 -0.29817528410624355
1403715357.4621429 0.46534883753351991 -1.0076804372260524 0.53635847151185156 0.69489190384446797 0.43641314356619787 0.48783100286513509 -0.29780819790206681
1403715357.5121431  0.47711586256019123 -0.99016293250404463  0.54355659101721565 0.69365021701004459 0.44020038811647283 0.48661702307332211 -0.29711423324923814
1403715357.5621431  0.49176663695764011 -0.97081470833717132  0.54847284038534017 0.69303583656809065 0.44316881503232725 0.48545934656790279 -0.29602694716034633
1403715357.6121433  0.50520378787497455 -0.95265011030039093  0.55326672471172711 0.69235651300007128 0.44614085322440561 0.48446501376769086 -0.29477864309622659
1403715357.662143  0.51914855815822536 -0.93362350607121913  0.55776052423896261 0.69105123939450275 0.44828652247312895 0.48500805754478959 -0.29369127058341488
1403715357.7121432  0.53189446684351505 -0.91300402705347383  0.56551113955338306 0.68835814338189372 0.44950220922538414 0.48781920705381643 -0.29350170624839156
1403715357.7621431  0.54495616350506393 -0.89336162303952216  0.57004494255879889 0.68657447893049051 0.45128541158000812 0.48955312754146707 -0.29205255946619674
1403715357.8121431  0.55632952466530883 -0.87667096270924105  0.57591697033499922 0.68408332024371932 0.45351493269781012 0.4923926475688763 -0.2896613495179195
1403715357.862143 0.56680795988836108 -0.8562564361583288 0.57863469586801919 0.68211696819407008 0.45631767430114178 0.4946288098798487 -0.28606461203541383
1403715357.9121432  0.57487300895957483 -0.83642985644473078  0.58421897429632719 0.68125708076846092 0.4579823787135639 0.49574176091839478 -0.28351549723468306
1403715357.9621429  0.58286867659106556 -0.81667935191370011  0.58730832914977515 0.68180438773524377 0.45905669780404884 0.49521928956797168 -0.28136734051059492
1403715358.0121431  0.58728937901380418 -0.79340377237723758  0.59017853400871612 0.68235173622445078 0.46014751582912455 0.49442187038542335 -0.27965583461165749
1403715358.0621431 0.59238634399983148 -0.7697286671316661 0.59013307102796142 0.68319410330963237 0.46091142615630953 0.49349288176890344 -0.2779770675522128
1403715358.1121433  0.59519232754661289 -0.74454120196897045  0.58957552572056771 0.68470530817900965 0.4600869026240707 0.49164308950393126 -0.27890097799811631
1403715358.162143  0.59759188986217271 -0.71829728130374215  0.58874208983698173 0.68644491967562693 0.45786543332627444 0.48981104487052968 -0.28149202038300319
1403715358.2121432   0.5984162794941581 -0.69000169231469688  0.58691477038713102 0.68971081886689622 0.45510357550689595 0.48600632047208597 -0.28456559588252883
1403715358.2621431  0.59855783047183264 -0.66128279035104676  0.58577742639210484 0.69170806060432322 0.45277161575921282 0.483612288292534 -0.28750126516288022
1403715358.3121431  0.59576959255824302 -0.62927424827683753  0.58442586031913679 0.6932998866607708 0.45217076154722713 0.48122890828743564 -0.28860978394095693
1403715358.362143  0.59549258648131065 -0.59785657152068239  0.58229628181960158 0.69358883270060878 0.45337824115240055 0.47989448632106652 -0.28824292463337681
1403715358.4121432  0.59383087489871045 -0.56427799786204147   0.5806846281274145 0.69139075706626996 0.45689025822045903 0.48061363153805636 -0.28677630684276167
1403715358.4621429  0.59234405450423933 -0.52985334318043886  0.57825494086401907 0.68791580494064919 0.46075428929889894 0.48158665028452796 -0.28731799190662111
1403715358.5121431  0.59244156016952099 -0.49642599151400735   0.5762121437389307 0.68292087515155153 0.46459131289506844 0.48388657360002529 -0.28918467136814652
1403715358.5621431  0.58955615872001377 -0.46165645580537712  0.57310670536446096 0.67789391668657117 0.46844414398739265 0.48558589428182408 -0.29193537120016838
1403715358.6121433  0.58615857224725587 -0.42368237021840344  0.56931623836231482 0.67315622886379178 0.47193357541685127 0.48654524655369241 -0.29565709021119763
1403715358.662143  0.58127507893137498 -0.38536635608722164  0.56534450891086918 0.66904543083645973 0.4735454369115783 0.48667800116579851 -0.30212158783897175
1403715358.7121432  0.57416630171981797 -0.34742472018973791  0.56152337875999681 0.66605403839822064 0.47262606934662288 0.4848476461573975 -0.31292071922935066
1403715358.7621431  0.56698519495565081 -0.30923773092078088  0.55783287031200524 0.66351303275644691 0.47205488633465853 0.48245061570544395 -0.32273215373642727
1403715358.8121431  0.55949798501089076 -0.27179072224389755   0.5554058159958587 0.66083307959429816 0.47221675507837074 0.48045004794711377 -0.33087569956826135
1403715358.862143  0.55170940635847843 -0.23467996816660305  0.55125949236463523 0.65851024895184729 0.47254860377322311 0.47829323202039353 -0.33807935947176615
1403715358.9121432  0.54550033651544483 -0.19884409650268506  0.54995266258107944 0.65561372264345508 0.47302155025147019 0.47781827376411784 -0.34367274686300808
1403715358.9621429  0.53797727843429444 -0.16385067188455388  0.54583185807653767 0.65339266218645253 0.47449941354972563 0.47670395597322179 -0.34739267968877485
1403715359.0121431  0.52959482772692501 -0.12929789297962144   0.5427901854743381 0.65276229293508736 0.47597549857040944 0.47381508696264718 -0.35049675754471216
1403715359.0621431   0.52212835121409473 -0.096151708944088143   0.53696638751512415 0.65258873381090221 0.47827954078441159 0.47091556451424255 -0.35158947149817776
1403715359.1121433   0.51481332567471294 -0.064630874664972804   0.53289589352746936 0.65171448792430586 0.47992319394699762 0.46969852535201162 -0.35259785793934995
1403715359.162143   0.50909407115702521 -0.034605806243170181    0.5283109362062669 0.65029038946891726 0.48081490758276757 0.4699561045862824 -0.35366749040960194
1403715359.2121432    0.50183549158517293 -0.0057620921154700362    0.52407859351964503 0.64872004958136731 0.48096110814810833 0.47086440958590664 -0.35514140494373153
1403715359.2621431  0.49458860815511596 0.020525299268514693  0.52061932230911334 0.64727090216195238 0.48131115828296323 0.47245355884816398 -0.35520076415805912
1403715359.3121431  0.48764108357747393 0.046568779316969462  0.51501391695358156 0.64622787141522564 0.4824859904457911 0.47385134568043996 -0.35364065013305074
1403715359.362143  0.48095884884868051 0.071266969462885355  0.51019056229996473 0.64575918701935653 0.48381044817582997 0.47481944251425573 -0.35138158692005173
1403715359.4121432  0.47408478216756617 0.092588546287420664  0.50622006083634286 0.64482353768315237 0.48535812852560078 0.47723672490130459 -0.34767111000108591
1403715359.4621429 0.46537441698650139 0.11603863122242207 0.50270126388199032 0.64364091953863178 0.48701883890415182 0.47988888438828897 -0.34386868989263869
1403715359.5121431 0.45524598034883013 0.14089555842509649  0.5002394328104377 0.64262931397731327 0.48816855101362355 0.48224041247776911 -0.34082725124552204
1403715359.5621431 0.44423926732087982 0.16204716630585334 0.49921895659199156 0.64190971383019679 0.48807741137109084 0.48445196159378778 -0.33917349057327711
1403715359.6121433 0.42906795420660426 0.18355832440336486  0.4981364919722282 0.64161976422485456 0.48732167457622122 0.48545561210467902 -0.33937370599435196
1403715359.662143 0.41575463353760178 0.20314643061642362 0.49778489726534741 0.64267745251773101 0.48612138625407786 0.48487764702231351 -0.33991963354569266
1403715359.7121432  0.4014048672426902 0.22049357455898189 0.49733841286794711 0.64441469410523788 0.48466035424968024 0.48335759484351676 -0.34088044611992346
1403715359.7621431 0.38690647771459497 0.23885969721143993 0.49747772066584234 0.64652378481470352 0.48348789346279475 0.48125299489328777 -0.34152892622737152
1403715359.8121431  0.3711053763893114 0.25840580154367732 0.49708952984845717 0.6479094402894674 0.48190666515838837 0.48000678909892031 -0.34288891157145179
1403715359.862143 0.35419491696583777 0.27497892682792791  0.4987014145974385 0.64937356063869855 0.48159673812539766 0.47833051523365433 -0.34289718395854846
1403715359.9121432  0.3369504372013804 0.28862568604911176 0.49861605340285831 0.65187213012761813 0.48129454557642043 0.47486619118000734 -0.34339537975264239
1403715359.9621429  0.3204815902169279 0.30325318452931549 0.49924062769365984 0.65485798368635639 0.47977199968822132 0.47089166230007412 -0.34531274504958265
1403715360.0121431  0.3055228771624221 0.31425003419205605 0.50185586710176588 0.65663933839372057 0.47981182690731222 0.46871416678463568 -0.34483680181951193
1403715360.0621431 0.28839741556343912 0.32740231746653053 0.50302530800814105 0.65764365821312343 0.4805565809757128 0.46725644556177881 -0.34386277113692643
1403715360.1121433 0.27239680939524735 0.33873594385578254 0.50552248422179935 0.65811183612917346 0.48134533980627536 0.46648127132121131 -0.34291500185908458
1403715360.162143 0.25691296338643449 0.35043775486302131 0.50827620280246577 0.6581468214691184 0.48225425382404674 0.46619835221845485 -0.34195422566113443
1403715360.2121432 0.24100299006718878 0.36608646039690185 0.50972947120244538 0.65816019028666095 0.48306715789648547 0.46581167065975038 -0.34130744551036502
1403715360.2621431 0.22461410906450102 0.37793376952749075 0.51245430381069668 0.65866452521409868 0.48288861564632263 0.46563037297965021 -0.34083424690382286
1403715360.3121431 0.20689755178395791 0.38972521802971738 0.51410082880235675 0.66024788393181533 0.4808919921785213 0.46538757781077456 -0.34092524993252343
1403715360.362143  0.1911869900990518 0.40100537273460241 0.51595705552331239 0.66385461935819745 0.4760854284969952 0.46392028872449731 -0.34266262539033088
1403715360.4121432 0.17554508055381254 0.41110898153155523 0.51730498430350291 0.66865615761131314 0.46916136586397011 0.46199990700981897 -0.34546004340885444
1403715360.4621429 0.16130190391397736  0.4222218057373881 0.51906188227341954 0.67430186432644457 0.46118650714530268 0.46040852983615121 -0.34734419103694664
1403715360.5121431 0.14592496911587274 0.43062510678440385 0.51967920698090164 0.68017683792301364 0.45244817772397428 0.45971530218353318 -0.34829866001121523
1403715360.5621431 0.13506325095627808  0.4377588517884427 0.51957492790119231 0.68594575663207757 0.44340139122471778 0.46073759492024047 -0.3472671793382493
1403715360.6121433 0.12491480290958012 0.44554964023653265 0.52190400024992545 0.69130829316229281 0.43526565699453712 0.46326336436354898 -0.34354578571817335
1403715360.662143 0.11627748238562341 0.45328038982690866 0.52526464000786122 0.69579066703118286 0.42745175811179259 0.4680290217777307 -0.33780049871665319
1403715360.7121432 0.10826768029534342  0.4604509212370444 0.52955717503661393 0.70032491029355282 0.41987061182371976 0.4729808031864477 -0.3309725806863848
1403715360.7621431 0.10427577886132501 0.46453794351223326 0.53403545458543222 0.70440786506360076 0.41360423892490461 0.4793961878513488 -0.32081207622763336
1403715360.8121431 0.10190604948109291 0.46891577632795495 0.53731185480144961 0.70891968869554545 0.40679745169208903 0.48577274212220806 -0.30979598333048863
1403715360.862143 0.099601392317325357  0.47168456447822066  0.54169033619819473 0.71327958568277816 0.39969516500836283 0.49231770772005184 -0.29849502907488368
1403715360.9121432 0.098917186871341392  0.47451365035554982  0.54800959119355441 0.71741882289046865 0.39170355364475912 0.49914359782245393 -0.2876355808612317
1403715360.9621429 0.098142276957635513  0.47732122620341227  0.55220798623302192 0.72247429316577061 0.38298899648807205 0.50459885344664335 -0.27700238515942899
1403715361.0121431 0.097995101817537261   0.4778564247124471  0.55686704594143299 0.72756735743907885 0.37344957505714749 0.50962523586823372 -0.26732615705351154
1403715361.0621431 0.097328908970763156  0.47914673138496278  0.56108025291140773 0.73286529455126215 0.36350283295051095 0.51409805569445843 -0.25783199881012081
1403715361.1121433 0.095922127289753759  0.48050426810287422  0.56488113223744141 0.73847013021621777 0.35301404849193385 0.51764768193291855 -0.24916626122983263
1403715361.162143 0.093571793414018847  0.48082136564423728  0.57112245543652973 0.74395856354436085 0.3425219778279604 0.52078241535869707 -0.24081118389102077
1403715361.2121432 0.092399442703730572  0.48273679608293285  0.57643329382242026 0.74928346145437175 0.33223341568086556 0.52404281395692176 -0.23146140290789649
1403715361.2621431 0.091783009377881586  0.48558622729575157  0.57975969812664674 0.75427599983402926 0.32172184328514336 0.52737174145016996 -0.22235516172870864
1403715361.3121431 0.090337126876093687  0.48806419496020975   0.5832237898445074 0.75903509837787952 0.31154218188144761 0.53062085232344613 -0.21271741681998996
1403715361.362143 0.089531022790879017  0.48957719865971561  0.58693222507484455 0.76312103049475777 0.30114179517073225 0.53449684780616924 -0.20315765233738195
1403715361.4121432 0.08733178116174678 0.49273713422268606 0.59059704894551213 0.76728065802016887 0.29079090743266184 0.53758444066662092 -0.19422669521922628
1403715361.4621429 0.084996660922955852  0.49520817423252367  0.59338813043938576 0.77106828685877471 0.28041731313547752 0.54050996110910776 -0.18619562142108739
1403715361.5121431 0.082231585192324194  0.49893757892541207  0.59399751236118448 0.77401655169527239 0.27136666605565885 0.54334558658537535 -0.17898067994560368
1403715361.5621431 0.079303331318568274  0.50296575473421734  0.59627122454851056 0.7767634354491828 0.2638578903444766 0.54518895381656829 -0.17258790133882906
1403715361.6121433 0.07606807773379981 0.50781941835241162 0.59810501396526794 0.77898905329089763 0.25833820487315018 0.54673099333486541 -0.16589951079777404
1403715361.662143 0.072459893353110524  0.51346730292627929   0.5990079850157759 0.78098907896741576 0.25316792719223674 0.54773920857589553 -0.16107084951494352
1403715361.7121432 0.070324204447877778  0.52182016070967341  0.60411166389033588 0.78370680876610466 0.24754584546062192 0.54730773783021835 -0.1580472473661067
1403715361.7621431 0.069502646096973458  0.53289323360119323  0.60132066183080324 0.78769434001937211 0.24081495633383115 0.5458379687481002 -0.15364470501884778
1403715361.8121431 0.07067424414467216 0.54670146924630436 0.60031667963423363 0.79194444956526622 0.23366023163673322 0.54387359069868413 -0.14976115081941566
1403715361.862143 0.068135150720376764  0.55655842472949346  0.59752844931258375 0.79588050653495335 0.2261528253195218 0.54249702606771655 -0.14534818755439372
1403715361.9121432 0.067429251499943832  0.56792896839670348  0.59560053758087206 0.79924638967288364 0.21843931317690157 0.54227938855103208 -0.1393647724727578
1403715361.9621429 0.066868989169840382  0.57959219556367425  0.59265864258002632 0.8014806166480456 0.20923152053588967 0.54385464935673533 -0.13443627607446806
1403715362.0121431 0.066729286420985565  0.59271883638557765  0.58997538145631012 0.8036018375302959 0.19954354864843349 0.5456509229871993 -0.12911827583243121
1403715362.0621431 0.066859796542785663  0.60542046666159732   0.5867253131879171 0.80552359141149699 0.19009524196274935 0.54781471916809454 -0.12204333707920829
1403715362.1121433 0.066588820519021388  0.61841306915293881  0.58107300252827832 0.80734511589654934 0.17975939184131823 0.55019259333922121 -0.11475423790644604
1403715362.162143 0.067884856490576004  0.63209818965455533  0.57684601927914003 0.80955105445074471 0.16958829371020695 0.55190313887533304 -0.10615943751595035
1403715362.2121432 0.070298715961142108  0.64602659161026066  0.57164321391869655 0.81140517210681451 0.15848908855238253 0.55414953517336962 -0.097062599157885038
1403715362.2621431 0.073461212288011848  0.66087496279338065  0.56649302589337913 0.81282421607937305 0.14692013602819431 0.55681848959096203 -0.087660920791704414
1403715362.3121431 0.07706063093864432 0.67678291549431502 0.56052901506079789 0.81476669769188781 0.13528333935486594 0.55840204002141525 -0.077722635860949824
1403715362.362143 0.080918119150025308  0.69489323422791482  0.55238462361020046 0.81661593419355927 0.12287384045168337 0.55989532566225175 -0.067510441084292355
1403715362.4121432 0.08603134591983512 0.71270819418147113  0.5449487117526044 0.81817246468999782 0.10996872081053752 0.56138589979253373 -0.057849546070091594
1403715362.4621429 0.090269657999326181  0.73219108499820995  0.53807420042578824 0.81944586264104669 0.096464580123696173 0.56287417309510446 -0.048741442782629152
1403715362.5121431 0.095005035124758608  0.75269638899477664  0.53350573019825509 0.8204346812794644 0.083157494848238173 0.56425825744321878 -0.039804317750356449
1403715362.5621431 0.099493505088213835  0.77332215980574515  0.52657106277213261 0.82183743173368906 0.070409913013540146 0.56457091689170713 -0.029754995393327353
1403715362.6121433 0.10379704891267842 0.79443994587094802 0.52078739579061184 0.8226865656994542 0.057133579947761547 0.56521755071996027 -0.021252976688441675
1403715362.662143 0.10918019658862159 0.81717924654154339 0.51512952821721381 0.82321634872528937 0.044087128949762029 0.56586685622421096 -0.012879024780551649
1403715362.7121432 0.11497227441146401   0.840793868431986 0.50980548810607329 0.82350622773193716 0.030487849567930776 0.56645985021931544 -0.0055876654292252286
1403715362.7621431 0.12265414834449029 0.86548861028329982 0.50741254566494032 0.82379538210947401 0.015293345550130582 0.56668002149530272 -0.0010174650231671639
1403715362.8121431 0.12902416940704201 0.88980491745993107 0.50525422839739675 0.82370961638629836 -0.0011138963302283109 0.56700905701488757 0.0013987032533446847
1403715362.862143 0.13639419130247202 0.91526482469241288 0.50180057844143844 0.82281347591722109 -0.019591835650748502 0.56797367912556207 0.0002089148817963547
1403715362.9121432 0.14373631391187153 0.94012570191105815  0.5008013151286248 0.81969993472569302 -0.039095026271843733 0.57144863425165149 -0.0031708584674682355
1403715362.9621429 0.15226880210600441 0.96540577547542772 0.50075846176656036 0.81564447350989266 -0.056210363505536348 0.5758034123364395 -0.0038624097475354053
1403715363.0121431 0.16199264550608614 0.98705463664298754 0.50315436087961696 0.81190740939168993 -0.07193707165540561 0.57931754324333362 -0.0047539864354300149
1403715363.0621431 0.16589757044107553  1.0084915579372278 0.50469412939078806 0.80929273203416185 -0.085121054628655934 0.58119155919346543 -0.0040064270686533624
1403715363.1121433 0.17243732945082627  1.0263818681437622 0.50621767120164363 0.80739081789081646 -0.096868485086411271 0.58200974204867173 -0.0011063196196675253
1403715363.162143 0.17864951454712058  1.0419725646610396 0.50720860722268246 0.80731364977320164 -0.10696882848575034 0.58033820332827313 0.0031480755979686401
1403715363.2121432 0.18438828506565222  1.0562979139053954 0.50952169370071598 0.80707393585234466 -0.11626514731557684 0.5788254135369868 0.0086728444716261243
1403715363.2621431 0.18942388464482091   1.066774410066442 0.51247620097643753 0.80659638252368204 -0.12467142859006174 0.57761305212731795 0.014915515585705506
1403715363.3121431 0.19279387768956424  1.0750560676029666 0.51502482637927116 0.80608397124693787 -0.13301198693241298 0.57628200873103463 0.020868374253429821
1403715363.362143 0.19520623678111509  1.0806975578395523 0.51811175074426508 0.8050778182992131 -0.14112143957322162 0.57549125373664323 0.027281177540339999
1403715363.4121432 0.19806818595866976   1.083685668468928 0.52238286086004893 0.80355832313138054 -0.14877376622133434 0.57533779213561498 0.033864623888645341
1403715363.4621429  0.2002580431558528  1.0847659041430215 0.52680866316468355 0.80203154578462232 -0.15643524415545276 0.57495271371128498 0.041264887596871587
1403715363.5121431 0.20202770334415063  1.0821425904032027 0.53186424860968706 0.80041706315687455 -0.1639108960033612 0.57450632682886471 0.049073654971940009
1403715363.5621431 0.20154936488158864  1.0774708442298779 0.53410466728810324 0.79911965214866054 -0.16985259239544462 0.57355630987309902 0.059925268552626081
1403715363.6121433 0.20067192894021013  1.0714923532278622 0.53876637030034702 0.79824387450897061 -0.17392880783670039 0.57200596949235605 0.073243822118462046
1403715363.662143 0.20086729949882359  1.0656444959686897 0.54480772559260371 0.79715417506674269 -0.17923534753370471 0.5703026976698653 0.084703862949733449
1403715363.7121432 0.20016798482176865  1.0575455401047573  0.5507303219005556 0.79532996380363286 -0.18517736751321762 0.56911312074205234 0.096280044849538171
1403715363.7621431 0.19857982984430061  1.0479879192825976 0.55658103506526679 0.79293260522805364 -0.19287641799058852 0.56814145804934213 0.10616899074088983
1403715363.8121431 0.19686626319698985  1.0377395217356025 0.56252668121583516 0.79012662240755493 -0.2016757573818849 0.56710897683615236 0.11581976445807873
1403715363.862143 0.19338221314250037  1.0277033203107995 0.56792226799327372 0.78715440753904997 -0.21208272030807643 0.5656294966275297 0.12438702096063339
1403715363.9121432 0.18684393562133697  1.0175131799937316 0.57279807499427049 0.78349869158369367 -0.22237687910444512 0.56453169155838856 0.13409807288932796
1403715363.9621429 0.18213500504415384  1.0067862076653393 0.57836703661162969 0.77893474743272706 -0.23300725981945641 0.56379559552164304 0.14526803703409116
1403715364.0121431 0.17664862001476189 0.99473857870059068 0.58069274909187329 0.77440664253727853 -0.24552595639239638 0.56217813713977616 0.15481310943776591
1403715364.0621431 0.17096298864437948 0.98321705557965844 0.58592269742693637 0.76971442915419197 -0.25723005389640363 0.56051304296502591 0.16491672319803319
1403715364.1121433 0.16426229595681685 0.97238352673258099 0.59133863784889196 0.7650848596912101 -0.26836810994481836 0.55912250283085296 0.17322165529774383
1403715364.162143 0.15640146184345602 0.95972992794330481 0.59363257312268958 0.76076515268512601 -0.27783829511853264 0.5579824920255213 0.1808253378777249
1403715364.2121432 0.14930207873768156 0.95108632608563137 0.60007136095709646 0.75807430317068514 -0.28618455750936589 0.55539690224283123 0.18696532003159147
1403715364.2621431 0.14000713617591778 0.94225208436056229 0.60424046886759042 0.75582273489485152 -0.2939866009457629 0.55315426632927867 0.19058916423065939
1403715364.3121431 0.13151192378555748 0.93340033803026023 0.61045652277618168 0.75449564664571178 -0.30091484168358174 0.55079722030424438 0.19185671568212453
1403715364.362143  0.1222533324953111 0.92521180085700039 0.61575402873605389 0.75386183846752941 -0.30695267264127762 0.54827843289587586 0.1919977741589099
1403715364.4121432 0.11373273318174137 0.91636138004482082 0.62276582613443532 0.75306615989761616 -0.312262961322465 0.54674470902355299 0.19092780037996876
1403715364.4621429 0.10436826408251221 0.90703237141861759 0.63096912398299021 0.7523135973282844 -0.31533421455928373 0.5460181939451052 0.19092594450252523
1403715364.5121431  0.0961084745056172 0.89684188873690429  0.6382045977910088 0.75192951910117845 -0.3181946729821839 0.54547338979730897 0.18924304323558339
1403715364.5621431 0.085103450208285289  0.88741350163856969  0.64494231457481421 0.75139873633919263 -0.31944816934762921 0.54579029047287253 0.18832356452088095
1403715364.6121433 0.077447446126792163  0.87597405160006392  0.65479012603016784 0.75135957852386781 -0.3199213742074572 0.54562985044838574 0.18814134151036613
1403715364.662143 0.06524912964846373 0.86483915111821186 0.66213714480930841 0.75034821543902652 -0.32054102135374657 0.5463380654076756 0.18906540535900226
1403715364.7121432 0.058346991777561155  0.84655952347672259  0.67212729231698698 0.7493375072166939 -0.32007754049362014 0.54655672597558014 0.19318233263080956
1403715364.7621431 0.047921730363043979  0.83206811769864097  0.68195231446785742 0.74919582858759759 -0.31936409585141634 0.54465004120766625 0.20017122001036472
1403715364.8121431 0.037637516871745325  0.81916445755984801  0.69378526672560559 0.7499667262562264 -0.31933954735167075 0.54058481093758382 0.20818315299112261
1403715364.862143 0.022629153038608255  0.80452486419440006  0.70226418506040034 0.75081520943195768 -0.32013927194830044 0.53617213180004963 0.21519017850043254
1403715364.9121432 0.0084003147326939774     0.790961497956299    0.7108008532397635 0.75103866109336859 -0.32252596453035681 0.53217689750746011 0.22069363721271537
1403715364.9621429 -0.0063643673439972379    0.77820015810946996    0.71867469506498094 0.75120378558360412 -0.32526893852851024 0.5276085868675594 0.22698495372384495
1403715365.0121431 -0.01890576629281893  0.76500062053353257  0.72738104303118389 0.7499929442111396 -0.33033193247451942 0.5245460891050473 0.23074401059562957
1403715365.0621431 -0.034299546863163229    0.7506052159615908   0.73653612933623991 0.74907318495891673 -0.33481124573101173 0.52082212453492382 0.23565888038111577
1403715365.1121433 -0.047378504326694486    0.7374516514290419     0.745181766399162 0.74646862988781226 -0.33984230322609338 0.5190628306945555 0.24055263732237789
1403715365.162143 -0.060758004076855686   0.72515764560453155    0.7539007992586737 0.74218248579058499 -0.34501710717048639 0.5193387076334246 0.24579597291058633
1403715365.2121432 -0.071705888360672265   0.71376695521994449   0.76396046972941101 0.73817277112388169 -0.3502793188590454 0.51909583714524377 0.25088816354983967
1403715365.2621431 -0.083835966022315397   0.70252169812314347    0.7722176189745521 0.73483942395454449 -0.35455909560694854 0.51848825484535488 0.25586871303845321
1403715365.3121431 -0.093556232502820927   0.69372745882187381   0.77971424791994404 0.73195365357721742 -0.35851807891453069 0.51754686125683624 0.26048777804264528
1403715365.362143 -0.10302098516031463  0.68393510709804417  0.78679432152880402 0.72923306787891384 -0.36278805953148596 0.51676814018201367 0.26373214795718197
1403715365.4121432 -0.11383602669578501   0.6748712564787247  0.79342432960939868 0.72555880439413678 -0.36840704736493252 0.51672954503196111 0.26614140247069018
1403715365.4621429 -0.12270753069809752  0.66691132252941943  0.80006422938820732 0.72236559153469204 -0.37429124481587867 0.51506863904693179 0.26981162556727595
1403715365.5121431  -0.129295353798696 0.65858269514584789 0.80667591178410869 0.71812964381029831 -0.38111219983007655 0.51404479062075581 0.27349818839845608
1403715365.5621431 -0.13971713794483595  0.65144357908059047  0.81191604849918853 0.7141799304032781 -0.38815486314392167 0.5117457447081204 0.27820697690752438
1403715365.6121433 -0.14840376410177003  0.64479224909623345   0.8176004874606051 0.70858998331008438 -0.39767871386102704 0.51047674730376436 0.28136340656990644
1403715365.662143 -0.15777599589089653  0.63934719225370262  0.82498095697962626 0.702099692016801 -0.40833207774198643 0.50960372001101883 0.28394539141841452
1403715365.7121432 -0.16735893313968339  0.63323753034468366  0.83016206373448065 0.69523071137880532 -0.41957291392949864 0.50826126600017052 0.28685068125478458
1403715365.7621431 -0.17867604907854984  0.62730706292067095  0.83436346070148815 0.68837056099595706 -0.43088324237575693 0.50625289436721155 0.29016135018070044
1403715365.8121431 -0.18738927685277643   0.6302156005979519  0.84273203862409041 0.68205701689177622 -0.44153989530134774 0.50322633017919427 0.29428558778905023
1403715365.862143 -0.1995788639006032 0.62542755272364192 0.84693826458650812 0.67616330214792109 -0.45053370293438094 0.50050450440632988 0.29886085795504957
1403715365.9121432 -0.20738991996666631  0.62429399045403144  0.85077153301895103 0.67107398929370987 -0.45891096277358145 0.49710130257183682 0.30323377800145151
1403715365.9621429 -0.2204926174728323 0.62100724445766364 0.85443972963325143 0.66654033410029478 -0.46648414362918056 0.49439234789686654 0.30609268710807402
1403715366.0121431 -0.23405885120534634  0.61727459604466184  0.85740462178368426 0.66109708576179715 -0.47378489301833232 0.49417006799531621 0.30704146664965465
1403715366.0621431 -0.24834306237228654  0.61524071350042409  0.86001281102583615 0.65685501633105647 -0.48035635599371634 0.4933007855478595 0.30733303394693917
1403715366.1121433 -0.26380157479924632  0.61350591382318498  0.86267620494583541 0.65244470853165293 -0.48643803863188445 0.49367058476336256 0.30656694313055266
1403715366.162143 -0.28054547271203695  0.61020672625763372  0.86482494818000943 0.64930668838131056 -0.49019830818082766 0.49326706196580011 0.30788642168757235
1403715366.2121432 -0.29892920032973402  0.60727699278804481  0.86639285588900694 0.64698837426224909 -0.4928526501483112 0.49301314245114619 0.30893421659266612
1403715366.2621431 -0.31822134133989594  0.60788073562825251  0.86976198177171515 0.64529830721738579 -0.49441526779316414 0.49271176762673491 0.31044927398454097
1403715366.3121431 -0.33932967929197688  0.60562375047108608  0.87133411141729222 0.64510068783448959 -0.49469813501511367 0.49124212546551105 0.31272996648252943
1403715366.362143 -0.36158422053177763   0.6028362772278848  0.87320164970886671 0.64507627166988779 -0.49449439382296828 0.49013931892413654 0.31482589831638075
1403715366.4121432 -0.38424845465098711  0.60443623309876948  0.87618470875732402 0.64730307259524911 -0.49370089100992864 0.48683003947375186 0.31663018663850995
1403715366.4621429 -0.40853675201263073  0.60598403329557404  0.87776407892198771 0.65001491042526072 -0.49161857863370867 0.48271762040493926 0.32058616364030024
1403715366.5121431 -0.43276949873666992  0.60347733251868663  0.87809805012640907 0.65310947223482063 -0.48919318600198108 0.47879014042612439 0.3238796774685273
1403715366.5621431 -0.4586440797566636 0.60145612357821543 0.87825574655350558 0.65580264507983399 -0.48743369766087913 0.47602418303991667 0.32516497082575779
1403715366.6121433 -0.48446585538753206  0.60004923441821301  0.87854829097069309 0.65880789775086723 -0.48614181876069407 0.47282152701488206 0.32569631484627282
1403715366.662143 -0.50969988060156846  0.59601352438726218  0.87758569591723956 0.66130238053389234 -0.48492326170245204 0.47041958535954698 0.32593558484800977
1403715366.7121432 -0.53469217631038068  0.59459731135757832  0.87728602710583514 0.6639395540082208 -0.48397120952879596 0.46817923167625219 0.32521430472479751
1403715366.7621431 -0.55984204457616737  0.59239647860137268  0.87688537008625489 0.66626305744731174 -0.48351737219629159 0.46640076097924588 0.32368938694886734
1403715366.8121431 -0.58488146794853269  0.59002464321989068  0.87611175331260716 0.6691881810843705 -0.48307659939108377 0.46381956158520959 0.32201799904452888
1403715366.862143 -0.61089420263694938  0.58574828295874037   0.8760041299264274 0.67147768401660313 -0.4827574121546192 0.462145874030923 0.32013152296152986
1403715366.9121432 -0.63484780033157773  0.58150428481866923  0.87608831555713362 0.67308602557860764 -0.48214840110712059 0.46146393393072038 0.31865209737553074
1403715366.9621429 -0.65862193987162732   0.5770662576153468  0.87631090695547964 0.67414773482915813 -0.48258320499657464 0.46142107974449337 0.31579877936333905
1403715367.0121431 -0.68201204863272125  0.57191852845751501   0.8802510718385026 0.67495231823079294 -0.48257443866158706 0.46171430119303952 0.31365774873124963
1403715367.0621431 -0.70786285809203009  0.56811295671189865  0.88523375595830622 0.67533321156947523 -0.48249014855833422 0.46267037485528201 0.31155165563143417
1403715367.1121433 -0.73321096853140355  0.55925054166408661  0.89012552624133379 0.67611965736439239 -0.48185315639702481 0.46337591751788759 0.30977815232862499
1403715367.162143 -0.75594314561260478  0.55019221539150942  0.89225558243992165 0.67702797816277827 -0.48163796303138851 0.46372930925934319 0.30759245290749238
1403715367.2121432 -0.77787092784170719  0.54066520239909532  0.89571139697578328 0.67766673144105249 -0.48038140472682744 0.46441753186669821 0.30711213454620268
1403715367.2621431 -0.79886943769527818  0.52876820969509375  0.89835039780441639 0.6775385867293694 -0.48083660093508385 0.46584689542864544 0.30450664477718153
1403715367.3121431 -0.82104882420252234  0.51817289593794935  0.90222639485882528 0.67858806801825233 -0.48073533451227757 0.46556656877286873 0.30275326940543867
1403715367.362143 -0.84271747561805932  0.50505569486106017   0.9053706915257923 0.6795417289599337 -0.48109261706792883 0.46535469880910402 0.30036300821033779
1403715367.4121432 -0.86443847389184281   0.4907365582358254  0.90837971814776863 0.68028068536831332 -0.48098676319014383 0.46544681042749075 0.29871255315698086
1403715367.4621429 -0.88722464652976818  0.47669072535354129  0.91060282653614388 0.68095619459191092 -0.48036232747467295 0.46577493750420718 0.2976649172861503
1403715367.5121431 -0.90927487563180864   0.4600421223096251  0.91386395991418945 0.68211034823085082 -0.4801440364925712 0.46516041051260459 0.29633253204593196
1403715367.5621431 -0.93254608459117361  0.44278213278234591  0.91678760113598112 0.68302975952979761 -0.47930724983538919 0.46520597029545518 0.29549672257635423
1403715367.6121433 -0.95452546006710115  0.42349698508057904  0.91916007393950205 0.68328867684111705 -0.47834303746083201 0.46608076780290092 0.29508175222761412
1403715367.662143 -0.97775122897191924  0.40336939700161217  0.92213231985978394 0.68344025185868718 -0.47779861407329166 0.46703476242463204 0.29410276642007877
1403715367.7121432 -0.99646337070994351  0.38190688121879557  0.92587949957245796 0.68363815766917302 -0.47633637115984295 0.4676869834968328 0.29497697597711697
1403715367.7621431 -1.0176954477059732 0.35842423094615078 0.93012609205953745 0.68387575845385518 -0.47532983231701259 0.46838520098387076 0.29494202991086937
1403715367.8121431 -1.0387332484306455  0.3336275252098615 0.93458456928769917 0.68429349880209833 -0.47373254505169515 0.46872401473533004 0.29600283996343746
1403715367.862143 -1.0605710435500291 0.30519059385778247 0.93752925020949796 0.68445915515039868 -0.47155875605723968 0.46935493241158455 0.29808380019294628
1403715367.9121432 -1.0821089724557602 0.27804111077253307 0.94202490055236332 0.68410416619985459 -0.46879339161036326 0.47038341640354658 0.30161844662252024
1403715367.9621429 -1.1025015480245259 0.25131494980398789 0.94635004059097183 0.68204465535978243 -0.46673936855843079 0.47347734237321887 0.30461230472852979
1403715368.0121431 -1.1232391376254547 0.22322943267472681 0.95017036446963388 0.67995335459534045 -0.46549543888173212 0.47634507421918226 0.3067128986886084
1403715368.0621431 -1.1432909322300189 0.19579287702584688 0.95234208245474983 0.67745471598137752 -0.46498350588974208 0.47962413262353037 0.30790605458516318
1403715368.1121433 -1.1642661098394118 0.16670520812266099 0.95492154908173099 0.6756889407273492 -0.46466252786873286 0.48177579570978329 0.30890981409077511
1403715368.162143 -1.1853985681884844 0.13741757176699401 0.95681106583408426 0.67394007240672238 -0.46489948540640408 0.48368428419277198 0.30939095089903357
1403715368.2121432 -1.2070239381809775 0.10984374944126685 0.95739099832756525 0.67261457760897203 -0.46561905960100547 0.4850972893500885 0.30898081039018577
1403715368.2621431  -1.2303352926166551 0.085678746538677339  0.95806321274890749 0.67080933734682413 -0.46744669971929398 0.48704227352430218 0.3070801843983651
1403715368.3121431 -1.2514285988010896 0.06177634680241581 0.95736334581281157 0.66923532526949403 -0.46946153795486623 0.48859734357175272 0.30496324310826833
1403715368.362143   -1.274575212282405 0.033788646114051649  0.95729075339641267 0.66675589119380108 -0.47207643186429671 0.49135747543685299 0.30190769345771368
1403715368.4121432   -1.2988828267364836 0.0059057794941269823    0.9569009407423843 0.66477617482840301 -0.47406530155241988 0.49350008058832973 0.29965379641152889
1403715368.4621429   -1.3238236978086086 -0.022992757875188712   0.95664957063575928 0.66221164442027058 -0.47528877738920416 0.49630108542171553 0.29876671282340622
1403715368.5121431   -1.3499630772934204 -0.050477697768358254   0.95706036551900908 0.66055099572382303 -0.47583785138528017 0.49779209465469632 0.29908820059740898
1403715368.5621431    -1.377753858838876 -0.078527833810534117   0.95647216788594036 0.66028793407680886 -0.47474598928627459 0.4974558205013615 0.30194998992961292
1403715368.6121433  -1.4068063696337523 -0.10635899154393692  0.95570023311761854 0.66148680766565382 -0.47249667540171569 0.49508420466191283 0.30671440349763401
1403715368.662143  -1.4355185119970124 -0.13202736360812023   0.9555630765261478 0.66333514184954556 -0.47029955109886062 0.49176466036838223 0.31140382244992343
1403715368.7121432  -1.4668337268146694 -0.15809550916421522  0.95387841895479653 0.66461271692029467 -0.46919125285896152 0.48939137376407443 0.31407895191141749
1403715368.7621431  -1.4961959538505325 -0.18012895571161078  0.95164402303875739 0.66572035068412927 -0.46810831465450176 0.48682354599125316 0.31732295143091094
1403715368.8121431  -1.5284201341003076 -0.20465185188597859  0.95067593881101631 0.66654450335684734 -0.46713416330344237 0.48492698154376263 0.31992174213457564
1403715368.862143  -1.5595431257231938 -0.22923115931083202   0.9497524218343133 0.66722765111679094 -0.4674259207302166 0.48323513462091644 0.32063074537945341
1403715368.9121432  -1.5889585150848455 -0.25136779571240658  0.94835606816957096 0.66834957135723838 -0.46710742323489424 0.48185100018109245 0.32084126799701784
1403715368.9621429  -1.6199934248041761 -0.27456020781491092  0.94694959017697367 0.67054330042759003 -0.46618109325552504 0.48068399058171885 0.31935837509167081
1403715369.0121431  -1.6506291416265275 -0.29717482156198555  0.94532468923329127 0.67367608366155574 -0.46478548594346569 0.47976392908066628 0.31616697916102238
1403715369.0621431  -1.6809900035809391 -0.31953182202071329  0.94410893129578022 0.6777503817372762 -0.46241857303668538 0.47912005959669102 0.31187730256906399
1403715369.1121433  -1.7119861287022451 -0.34237476682776713  0.94357816957786667 0.68232466047857021 -0.45853564123507301 0.47938282808717303 0.30719737556673254
1403715369.162143  -1.7415323057603453 -0.36470853622641108  0.94315465241957241 0.68753207831019925 -0.45310973396452053 0.48003948272723113 0.30257776736573366
1403715369.2121432 -1.7704979641878902  -0.387418094908832 0.94318669354253293 0.69297980572475282 -0.44677676425432644 0.48144466721050455 0.29728865466863097
1403715369.2621431   -1.797894052756579 -0.40975636951842326  0.93998330592601442 0.69881391090511558 -0.43845607175098283 0.48332770037620493 0.29293297035199678
1403715369.3121431  -1.8255873016402118 -0.43220237554636198  0.94038245527855047 0.70501444351677534 -0.43023688609537813 0.48524394826201189 0.2870351319103257
1403715369.362143  -1.8540307908376448 -0.45393648872706849   0.9399886442638804 0.71080005430949067 -0.4209945831814258 0.4883823381624332 0.28108634882633043
1403715369.4121432  -1.8806263089824213 -0.48205934216815238  0.93884668974480368 0.71719183052099855 -0.41133056020441472 0.49087228491519802 0.27474979231656305
1403715369.4621429  -1.9095871297307572 -0.50876350988193209  0.93573781792472499 0.72319203082497074 -0.40167105246489626 0.49398839797218907 0.26763616129340106
1403715369.5121431   -1.934901873032314 -0.53171980715363709  0.93570202862075502 0.72906546882864764 -0.39152545647006587 0.49736597722559395 0.26038134302595656
1403715369.5621431  -1.9594448700418072 -0.55551941084616918  0.93710267896579713 0.73469525014715975 -0.38129943383985132 0.50079441027013671 0.25305847112238183
1403715369.6121433  -1.9834598249434541 -0.57931413498227602  0.93848828274236229 0.74024122158447325 -0.37062445288606094 0.50422413485027107 0.24584236946574256
1403715369.662143  -2.0069235597365949 -0.60347364915502177  0.94018918851970945 0.7454701074629756 -0.36046581951866863 0.50705166605007856 0.23924322308837478
1403715369.7121432  -2.0321621423958605 -0.63019993922244766  0.94029032549825764 0.74978058175706042 -0.35124588955872377 0.50975711688198111 0.23367303241134899
1403715369.7621431  -2.0548952363065141 -0.65530369866486227  0.94197910634750925 0.75387967479990081 -0.34258210793629451 0.51147735103294067 0.22955142043961957
1403715369.8121431  -2.0771861410801495 -0.68082811136367272  0.94339947318669337 0.75727975205541653 -0.33576658788521452 0.51268674265500169 0.22569997672266426
1403715369.862143  -2.0981688839352848 -0.70783322066681786  0.93706909935831151 0.76048442274689521 -0.32905575573283158 0.51305821777556015 0.2239576244546779
1403715369.9121432  -2.1189609022909681 -0.73370335053911162  0.93705449333122803 0.76382791240072978 -0.3240506700335708 0.51191743626683506 0.22248285761902656
1403715369.9621429  -2.1372587511966223 -0.75879466840564447  0.93627610123583849 0.76719062137483474 -0.32019574453285249 0.50988179244180964 0.22116462961756489
1403715370.0121431  -2.1557494157330153 -0.78723386574975751  0.93241046390599758 0.77012926155965578 -0.3163462556137101 0.50765274912848057 0.22161826041881214
1403715370.0621431  -2.1689069684656683 -0.81823368819206188  0.92435739511260873 0.77251764539735535 -0.31260984414757048 0.50551072740975833 0.22349603433934703
1403715370.1121433  -2.1821900944342576 -0.84447173363282635  0.92225403007312379 0.77345776499697594 -0.30978299412888627 0.5049152261867369 0.22551761944296389
1403715370.162143    -2.19540253957932 -0.87099284829425472  0.92081858478054912 0.77257269193858036 -0.30670359500163236 0.50690962269369921 0.22826952250438837
1403715370.2121432  -2.2067431094426309 -0.89700347959305138  0.91937149614201785 0.76938562661532539 -0.30757361738174466 0.51182031121294835 0.22690129236814002
1403715370.2621431  -2.2168913813009241 -0.92249126143028226  0.91826518847557959 0.76574609532876459 -0.30950670208788467 0.5169576916656824 0.22492946423072593
1403715370.3121431   -2.225074596600678 -0.94796668125324324  0.91691647723834591 0.76264016080873598 -0.31177317112611724 0.52105371587802629 0.22289122920673882
1403715370.362143  -2.2332226621960105 -0.97246520093492672  0.91582492322451647 0.75948102040948307 -0.31511315345980812 0.52495146870942666 0.21981409339303423
1403715370.4121432  -2.2410248912017203 -0.99670746251705866  0.91482946104182516 0.75646939614878217 -0.31895715981589068 0.52845105651850255 0.21624029170567571
1403715370.4621429 -2.2469045397615472 -1.0201162544443192 0.91391694259571787 0.75428261617647252 -0.32244251239137661 0.5304821567553939 0.21372234909072779
1403715370.5121431 -2.2536722498907777 -1.0438559909340794  0.9134195657200993 0.75224883476911419 -0.32546468453500821 0.53210311142645916 0.21227507748042113
1403715370.5621431 -2.2552725369780098 -1.0657835782978209 0.91278671663985611 0.75093689527815555 -0.32800029329025521 0.53277273611857312 0.21133574841999692
1403715370.6121433 -2.2620449049554292 -1.0899009476590673  0.9130980483046931 0.74961605793393649 -0.32946950464931357 0.53357040079639351 0.21172680176986866
1403715370.662143 -2.2588739931376312 -1.1159489213712119 0.91280993612946082 0.74914536361599382 -0.33129007038411634 0.53309626145203726 0.21174628559530587
1403715370.7121432  -2.265155955538197 -1.1376136621644148 0.91239257401494689 0.74870866468282704 -0.33212627234153186 0.53285469111504202 0.2125872827947855
1403715370.7621431  -2.272969173761763 -1.1624340808446441 0.91176173371451796 0.74893825626690436 -0.33147576529926986 0.53190704558849788 0.21515157487796321
1403715370.8121431 -2.2810617790282808 -1.1872264777165376 0.91116557908333418 0.74979551070638828 -0.33057772945661662 0.53015527518419536 0.21785417394721765
1403715370.862143 -2.2893491927132814 -1.2119154310971012 0.91043024618373836 0.75096374119629872 -0.33003748789817888 0.52786459433687949 0.22019919626529019
1403715370.9121432  -2.297224825612457 -1.2357003472308943 0.91046757110774101 0.75169169210331477 -0.33022741028166813 0.52614431784950833 0.22154370746241819
1403715370.9621429 -2.3052220341253356 -1.2600320677082495 0.90863418932157103 0.75339490296013145 -0.331222231125546 0.52299400249180461 0.22173233223756947
1403715371.0121431 -2.3128227180550809  -1.284489966399478 0.90616766890545741 0.75610331070816283 -0.33282088749399746 0.51837869581981078 0.22095603206071457
1403715371.0621431 -2.3200861501051251 -1.3082117188187374 0.90521341155807755 0.75993622968980579 -0.33506881087847196 0.51191977663868693 0.21946289223357671
1403715371.1121433 -2.3263545471464049 -1.3337739291548416 0.90224625848058082 0.76373954244436426 -0.33670196453339413 0.50556203542858691 0.21849651420452934
1403715371.162143 -2.3287544548574597 -1.3601250130429483 0.90048855097656533 0.76688220738044877 -0.33824821669992311 0.50023345531235763 0.21736217262640689
1403715371.2121432  -2.331758164868833 -1.3871983548783418 0.89849249145065935 0.76956576022957135 -0.33905180662262796 0.49573711704270718 0.21692654031814415
1403715371.2621431 -2.3323677830140275 -1.4178446739853168 0.89764288835507844 0.77110604088591017 -0.33933395711425601 0.49317226297246608 0.21686184148681892
1403715371.3121431 -2.3310306716948812 -1.4444393219691749 0.89603119545990562 0.77168980229440431 -0.33907517579544194 0.49220744270144323 0.2173814793017543
1403715371.362143 -2.3291792596585603 -1.4746629499620387 0.89233380272821883 0.77179964978603077 -0.33891482891776231 0.49207682160711758 0.21753721742920498
1403715371.4121432 -2.3258690593108406 -1.5058505851710946 0.88857948108976148 0.7711057311795172 -0.33821415974244301 0.49338869635497334 0.21811631713596139
1403715371.4621429 -2.3211337226453228 -1.5380167974244738 0.88519126929510916 0.76803707988739967 -0.33803410195288602 0.49835031663802071 0.21794254229435464
1403715371.5121431 -2.3152115588953719 -1.5695550054858314 0.88372890758388001 0.76323181665425077 -0.33898704422001175 0.50554630283155033 0.21676695687069661
1403715371.5621431 -2.3082093715312229 -1.6034035913689382 0.88081783328451257 0.75842666835355199 -0.33992858071043613 0.51307086850049344 0.21446639047288824
1403715371.6121433 -2.3006908002393831 -1.6380034828576668  0.8775555322799623 0.75419306998901448 -0.34060188003728886 0.51961430339854864 0.21256563268612097
1403715371.662143 -2.2947163695706165 -1.6720414310508638 0.87760518988800817 0.75028446845878605 -0.34166146760860855 0.52563801658251474 0.20986980122030122
1403715371.7121432 -2.2871330784240089 -1.7080239725325601 0.87440674486769965 0.74721782210059928 -0.34339477714544087 0.5302372280995451 0.20638322437102638
1403715371.7621431 -2.2797859123326294  -1.744040558038584 0.87141861091728245 0.7454291367189273 -0.34427808921271558 0.53311840276857914 0.20394305099217105
1403715371.8121431 -2.2737124995923161 -1.7818095708138695 0.86921390543650945 0.74461887821950312 -0.34402671756174447 0.53464813986951976 0.20332169175197004
1403715371.862143 -2.2729021907267626 -1.8243595500576337 0.86697890728373495 0.74697448256005539 -0.34178712720659449 0.53232198320734025 0.20455803155634084
1403715371.9121432 -2.2704684647936175 -1.8622249147384573 0.86357486052275234 0.74957667885717238 -0.33849606883679295 0.52955808842448016 0.20766185224951428
1403715371.9621429 -2.2668826595200984 -1.9014243520901823 0.85967703226655057 0.75208716380361296 -0.33517179964468141 0.52669368355749668 0.21123097894347426
1403715372.0121431 -2.2631660216801963 -1.9410946397452553 0.85587216560814949 0.75409431528202608 -0.33312328628997628 0.52437387335221142 0.21307904809318512
1403715372.0621431 -2.2593909348234491 -1.9808543550698292 0.85266404726431766 0.75430696543887243 -0.33107007988524167 0.52456947093635464 0.21503598363235021
1403715372.1121433 -2.2556672376126818 -2.0192644394216632 0.84965527759570014 0.75391366488330469 -0.33010678705082058 0.52543720004889827 0.21577637463351393
1403715372.162143 -2.2514434427200887 -2.0589213839816929 0.84728947674370569 0.75357490878486411 -0.32898734682566738 0.52665510867298915 0.21570020627513081
1403715372.2121432 -2.2470430530111631 -2.0989934713334231 0.84612710145343151 0.75317748353974312 -0.32764769942598865 0.52894189330403474 0.21352081129843126
1403715372.2621431 -2.2424659240449567 -2.1346959904219931 0.84450897629314048 0.75405611759022073 -0.32444185534225456 0.53008345337294172 0.21248149681102849
1403715372.3121431 -2.2370955949036908 -2.1743854882992464 0.84505003380054899 0.75535337560127591 -0.3204474186556478 0.53153694726328149 0.21029313716505718
1403715372.362143 -2.2316502976590873 -2.2143773481165363 0.84662933141277219 0.75728315497404408 -0.31544106856219406 0.53293738676318991 0.20735693199630739
1403715372.4121432 -2.2316746603315809 -2.2529659397850463 0.84730589557392821 0.7591220772334627 -0.30880814976972482 0.53513089292840943 0.20495396050380493
1403715372.4621429 -2.2275457138124994 -2.2909172943939082 0.85025812461075234 0.76091472454055209 -0.30322205465720137 0.53694989897350121 0.20186622684141067
1403715372.5121431 -2.2226487027621689 -2.3286670126800608 0.85439787495407948 0.7628533630480806 -0.29770987581973912 0.53814467621762918 0.19955922375137583
1403715372.5621431 -2.2173094817475278 -2.3676003614444818 0.86046149233799196 0.76399056381282127 -0.29245808550896302 0.54010762386164834 0.1976624427450081
1403715372.6121433 -2.2119441754352089 -2.4063811498664673 0.86695402115712195 0.76503455842229295 -0.28824240578898619 0.54166054914125983 0.19555635870145818
1403715372.662143 -2.2064839343871085 -2.4450812638543047 0.87344892223902681 0.76611480165040102 -0.2843949552912462 0.54270260101034695 0.19406572843668407
1403715372.7121432 -2.2016742750520573 -2.4828023239322943 0.87932760403858334 0.76681278816411391 -0.28191991442597159 0.54375190300433096 0.19197181495521543
1403715372.7621431 -2.1964624978701512 -2.5207284871860702 0.88468664348502279 0.76784850815751637 -0.27945768133785776 0.54387522505746866 0.19108064378746692
1403715372.8121431 -2.1913506750500424 -2.5583252495727726 0.88966587706276479 0.76812100334505973 -0.27785663101258001 0.54475708281155699 0.18980394503055037
1403715372.862143 -2.1864067972341248 -2.5949091987244448 0.89187539133724925 0.76863769261375525 -0.27690382654807616 0.54506311282097797 0.18821947661796634
1403715372.9121432 -2.1811096954035119 -2.6320716795128307 0.89569886942470922 0.76860926785190775 -0.27702376816975893 0.54578704217922414 0.18604872972002745
1403715372.9621429 -2.1769254189285387 -2.6689988858970097 0.89949586660985414 0.76814849278018504 -0.27775073410179896 0.54685665515423221 0.1837123334427147
1403715373.0121431 -2.1727961904173121 -2.7056921301097017  0.9063051092372888 0.76803018863105077 -0.27858561228803674 0.54733328090626177 0.18151023549607223
1403715373.0621431 -2.1691560264492282  -2.742646948055016  0.9105534379315906 0.76762604337661433 -0.27946557285094753 0.5480406361152409 0.17972398918190652
1403715373.1121433 -2.1641820307177881  -2.779743953969251 0.91346205277711356 0.76715441367793635 -0.28049053763361009 0.54857944586257268 0.1784930123270457
1403715373.162143   -2.16017828784187 -2.8157903904900761 0.91609161810770789 0.76684667185645927 -0.2812256102533589 0.54890375390996071 0.17765980677646567
1403715373.2121432  -2.156325032541341 -2.8525081633584248 0.91876011847558725 0.76646888379457012 -0.28194839195759008 0.54911854798099857 0.17748063193057101
1403715373.2621431 -2.1532763805119233 -2.8886589562808362 0.92136870149643479 0.76661359014488506 -0.28214045475952215 0.54854163739294648 0.17833238415813793
1403715373.3121431 -2.1504782428149065 -2.9254435807560517 0.92514376324166525 0.76678817827251333 -0.28087947343596181 0.54786596626035833 0.18161909061951914
1403715373.362143 -2.1477723065227843 -2.9615464215593654 0.92838578097773172 0.76666675982969346 -0.2808200121308651 0.54748333343539268 0.1833690261999848
1403715373.4121432 -2.1452259720822227  -2.997333612504574 0.93161536768213749 0.76652183968626575 -0.28089005690189767 0.54720446187024963 0.18469521414189949
1403715373.4621429 -2.1429648997930366 -3.0337205933997642 0.93307549697625247 0.76644702977638934 -0.28037552747145239 0.547041919072907 0.18626232286505678
1403715373.5121431 -2.1407141573173756  -3.068688266676475 0.93470211801793379 0.76684274931488516 -0.27921650936033743 0.54684242264816318 0.18695909583677506
1403715373.5621431 -2.1349211011840765 -3.1026826484404877 0.93649318895782074 0.76774916967763429 -0.2758140107943417 0.5466635313071001 0.18880367434902598
1403715373.6121433 -2.1319208575342463 -3.1373447247251569 0.93902390779454603 0.77013338362360861 -0.27000531133132261 0.54544129273123754 0.19101177834103236
1403715373.662143 -2.1268121166370353 -3.1698271203782555 0.94093461691637104 0.77247117501029672 -0.26302906234090218 0.54524153904749539 0.19187407391150044
1403715373.7121432 -2.1232539880999859  -3.200281073843346 0.94253186613748807 0.77507875750215427 -0.25422746159834014 0.54557495916686805 0.19227397475542976
1403715373.7621431 -2.1179383510168792 -3.2304215886864514 0.94351940379524057 0.77777988809599585 -0.2456353131567327 0.54640362751729432 0.19017048782530951
1403715373.8121431 -2.1125184565566419 -3.2588852873823857 0.94460836818806559 0.78023773900099658 -0.2371277796278696 0.54832062068057286 0.18532129857045765
1403715373.862143 -2.1061758779409114 -3.2859403480632801 0.94559758635247138 0.78298302018748167 -0.22865972086589928 0.55038414873741959 0.17812807462667121
1403715373.9121432 -2.0991747601052939 -3.3128309012297312 0.94672227584956381 0.78569329292060053 -0.21990759751319083 0.55271929851783175 0.16978832427913304
1403715373.9621429 -2.0899948105483723  -3.337890747587914 0.94773725327249614 0.7881965727940331 -0.21085592982872786 0.55542859122882338 0.16057714512771651
1403715374.0121431 -2.0826215919097564 -3.3610556563782752 0.94859601315337949 0.79103217765777389 -0.20058023670391131 0.55770001639901601 0.15167845681684719
1403715374.0621431 -2.0751549330094323  -3.382752570721351 0.94872345736179187 0.7936989323638397 -0.19008229855368169 0.56008672226957257 0.14217449869219484
1403715374.1121433 -2.0666741926494065  -3.403465494007516 0.94870044573175338 0.79614568041727929 -0.17916806711013625 0.56256784535929083 0.13254538335502411
1403715374.162143 -2.0579550218881648 -3.4241525097528926 0.94921959966956004 0.79895170559872997 -0.1672543157088974 0.56409876396850978 0.12447791164230074
1403715374.2121432 -2.0478195696580763 -3.4443891229042709 0.94815278491600652 0.80157659112717727 -0.15590619014704346 0.56559294773747282 0.11520783784276406
1403715374.2621431 -2.0356476713196372 -3.4673300591977561 0.95009454085880352 0.80401710609771571 -0.1441963904456057 0.56700004246520019 0.10618307741431446
1403715374.3121431 -2.0269050571462648 -3.4856372923388488 0.95070204648697743 0.80681230393710768 -0.13324358436283457 0.56745049346705312 0.096436460458886375
1403715374.362143 -2.0188874413901465 -3.5018675439611266 0.95110237674772413 0.80944625689442307 -0.12226926627010717 0.56742465566232614 0.08874820489377773
1403715374.4121432 -2.0105782373722954  -3.518743423165771 0.95152548560356665 0.81230204189687905 -0.11260087295226126 0.56637008094799868 0.081922936638693516
1403715374.4621429 -2.0019597870792571 -3.5351909146571954 0.95212545196218745 0.81497180780246803 -0.10440877599773703 0.56490632865540968 0.076161669013341496
1403715374.5121431  -1.993543295702058 -3.5515085126093968 0.95332967583392969 0.81861614972400187 -0.098107115620271176 0.56133973507448998 0.07169585135991248
1403715374.5621431 -1.9831645569644383 -3.5693232159805173 0.95612287013321073 0.8214134769642536 -0.093076517841939321 0.55854566435617636 0.068142516220289939
1403715374.6121433 -1.9727737547613196 -3.5867759775695136 0.95649315837349791 0.82422478216221884 -0.08886338956999669 0.55537287115432565 0.065709820039130271
1403715374.662143 -1.9617105744947685 -3.6023263842383946 0.95725109447764556 0.82607476490827092 -0.086516193991101289 0.55326163677604145 0.063379746220181346
1403715374.7121432 -1.9493854035486649 -3.6171841959238198 0.95772437359637275 0.82742108708415829 -0.084462526366768972 0.55168335622958242 0.062336993410626179
1403715374.7621431 -1.9349066763472726 -3.6318406735572717 0.95930319797751518 0.82833391705945603 -0.083175974748474032 0.55050658687245657 0.062347228355541497
1403715374.8121431 -1.9190590822403961 -3.6466559227956479 0.96010718371421899 0.82878700872426869 -0.082345667246876905 0.54988801576962576 0.06288446046909775
1403715374.862143 -1.9029530023942036 -3.6598361694700112 0.95932339946356471 0.8288343252342395 -0.082568247634600175 0.54972025607134167 0.063433318224044299
1403715374.9121432 -1.8847973460650194 -3.6734159630189529 0.95982623423028224 0.82837133471363322 -0.082047756590904755 0.55027527001028897 0.065316343117608519
1403715374.9621429 -1.8650590748147415 -3.6862874114811182 0.96109554912741602 0.82602795664866746 -0.081914761493283639 0.55358884646772999 0.06713550290906925
1403715375.0121431 -1.8439084914017474 -3.6985944512793179 0.96165165837462485 0.82379711207150885 -0.082419749941756035 0.5566240083033912 0.068811455023465237
1403715375.0621431 -1.8214647417372705 -3.7100527025093912 0.96221944914860325 0.82164103312630532 -0.082382287922840081 0.55944539837258433 0.071693915777256298
1403715375.1121433 -1.7986905536475595 -3.7200144293192006 0.96286419285996694 0.82016421361703873 -0.083422685683005676 0.56121194883776881 0.073569468511689995
1403715375.162143 -1.7754178082308605 -3.7290898765363956 0.96283054030156923 0.81861101053083296 -0.085039482843188852 0.56304069140201629 0.075029858196528645
1403715375.2121432 -1.7518431981458604 -3.7372757090742188 0.95961189105457689 0.81719542632760778 -0.086874679206795896 0.56465533135733292 0.076215366375135915
1403715375.2621431 -1.7271095040050202 -3.7439318282817631 0.95828103370444684 0.81662035918936726 -0.089635729866878552 0.56501053301456372 0.076548824101089541
1403715375.3121431 -1.7022201231427858 -3.7495577161211409 0.95686286165034418 0.81613498775479199 -0.092086753493455784 0.56515676090982803 0.077727390226565926
1403715375.362143 -1.6768992098207824 -3.7546003956148892 0.95543724468714231 0.8152170743502305 -0.096034250340233482 0.56597056379904997 0.076654193377960991
1403715375.4121432 -1.6527932912092875 -3.7592234947223493 0.95770292973877835 0.81582139396271469 -0.097860302538207725 0.56447787141724626 0.078889460767067085
1403715375.4621429 -1.6271866558024892  -3.764301396193483 0.95903420758796587 0.81520195396460493 -0.10098846106480262 0.56489532108544938 0.078360584478550502
1403715375.5121431 -1.6031248956754118 -3.7681989704726035 0.96010415181631648 0.81521857093618322 -0.10359909110472885 0.56436346657997938 0.078611624540330591
1403715375.5621431 -1.5767713161325116 -3.7707105161249115 0.95824597990333393 0.81504694779232223 -0.10714263237962102 0.5640564999947405 0.077840824988359383
1403715375.6121433  -1.550304160429212 -3.7725785788670212  0.9563367134686791 0.81472918706720321 -0.10990297050557592 0.56398097358832688 0.077866233023227774
1403715375.662143 -1.5223700227135633 -3.7742534370009251 0.95320824572129204 0.8140532247186304 -0.11217481434584825 0.56445125283950237 0.078287556607611358
1403715375.7121432 -1.4945187404431501 -3.7759789508703459 0.95013713010363887 0.81310023933521969 -0.11338597207486835 0.56537758625386136 0.07974839867610807
1403715375.7621431  -1.468012021089633 -3.7769713483653318 0.94623145524375196 0.81218682714187329 -0.11465219634464523 0.56634681775278084 0.08036612291173531
1403715375.8121431 -1.4409693991467469 -3.7778044945503653 0.94235829707832408 0.81140310616544609 -0.11554485525879105 0.56713851755640721 0.081414296239737144
1403715375.862143 -1.4129930832383317  -3.778420070918135 0.94034036199227455 0.81047893643459223 -0.11525654498922486 0.56819304158044004 0.083645023358042581
1403715375.9121432 -1.3862757641926573 -3.7787736052961147 0.93781193210567315 0.81019572524655104 -0.11427490886096524 0.56839601751950231 0.086313957532967653
1403715375.9621429 -1.3581198689658023 -3.7788162207017448 0.93437855835737182 0.80913837305555114 -0.11370181627364181 0.56977876397504656 0.08785869534746639
1403715376.0121431 -1.3298216429999825 -3.7779934239847348 0.93000820098553771 0.8085715406989552 -0.112594190665831 0.57054084537019356 0.089541920709181239
1403715376.0621431 -1.3063670929814022 -3.7767073033141449 0.92644869900769422 0.80791097054183314 -0.11326348371233927 0.57149040613973445 0.088600014817940637
1403715376.1121433 -1.2790827132318563 -3.7748184020026834  0.9217648733268522 0.80742646303067611 -0.11415390099182975 0.57232910404519699 0.08643373385977153
1403715376.162143 -1.2535516555708313 -3.7719032356925926 0.91699943169834974 0.80674210740860364 -0.11541154312030819 0.57349512768146704 0.083370776499516783
1403715376.2121432 -1.2273461733607942 -3.7688840611449277 0.91249540243862859 0.80597515887902604 -0.1170263456681602 0.57468285131787067 0.080302540997451474
1403715376.2621431 -1.2015957013208414 -3.7653012057541715 0.90744294255462532 0.80535121651498931 -0.11823806608769243 0.57569361899208682 0.077498611842169066
1403715376.3121431 -1.1740724208712532 -3.7611373234239305 0.90342899239080876 0.80192889362613096 -0.11739707899151983 0.58061761104000742 0.07753170423783548
1403715376.362143 -1.1503962061255451 -3.7574648081888382 0.89881892486318726 0.7970501513810746 -0.11657405246100942 0.5874535670758525 0.077587711695092931
1403715376.4121432 -1.1274745029796729  -3.753773719139839 0.89404548287661834 0.79360232793433227 -0.1135770338777196 0.59235371760104838 0.080079184042830653
1403715376.4621429 -1.1056384113461406 -3.7492491920191897 0.88888564488690025 0.79394087723970486 -0.11074264453454051 0.59200366476313593 0.08322025616615826
1403715376.5121431 -1.0854243887576573 -3.7428738322437636 0.88413410396782011 0.7963836420005006 -0.10832524173036587 0.58884380748460619 0.085450027180265647
1403715376.5621431 -1.0642179799328928 -3.7370030262783853 0.87775708544204012 0.79958553614594419 -0.10651773086126036 0.58465475968401215 0.086578030568968553
1403715376.6121433 -1.0421580195589661 -3.7277962447650608 0.86933357999359029 0.80224857604598254 -0.10491415028985025 0.58116519499121 0.087391415093137303
1403715376.662143 -1.0265277022416255 -3.7196729696165276 0.86272614742813847 0.80501859129284725 -0.10386937586222698 0.57756473363325733 0.087035618536411827
1403715376.7121432  -1.009738691383693 -3.7114494224747148 0.85566631526080073 0.80606947230205872 -0.10300769018612473 0.57637522349619597 0.086214983181057886
1403715376.7621431 -0.99336882521909198  -3.7016609261221927  0.84990493316085303 0.80645333805995234 -0.10116096815044318 0.5761020311587518 0.08663672286961091
1403715376.8121431 -0.97728699014612186  -3.6912941483344475  0.84465472532113428 0.80559761568137378 -0.099531597048798187 0.57759208527828598 0.086563998413211871
1403715376.862143 -0.96077529493297886   -3.680449663055037  0.83981532340010456 0.80373742005269655 -0.098312064457222292 0.58055528157525638 0.085419334019114682
1403715376.9121432 -0.94474186027025342  -3.6677246299841895  0.83491052376870811 0.80010389949405436 -0.096630165541023272 0.58595040660397912 0.084607813602257095
1403715376.9621429 -0.93002832093203414  -3.6540561840255723  0.83149599892562853 0.79562330717026775 -0.094062977792017721 0.59233229457932046 0.085312145060017705
1403715377.0121431 -0.91789202189832175  -3.6415888576049187  0.82713156491357054 0.79270963776681946 -0.093057916386318815 0.59678499420170539 0.082458020138160448
1403715377.0621431 -0.90616797574673569  -3.6257395639099825  0.82250259703064954 0.79289593635077815 -0.091101432344409594 0.59696601001336724 0.081536163951587623
1403715377.1121433 -0.89768320887724773   -3.608366100207812  0.81774470450872938 0.79610917256203373 -0.089656494470491954 0.59298525651797684 0.080872640084060171
1403715377.162143 -0.8888025599108712 -3.5892330949077285 0.81178624989717629 0.79933225092098492 -0.087378963925106939 0.58893691619890787 0.08115527117253131
1403715377.2121432 -0.88124638643546926  -3.5702894136365804  0.80603690406662598 0.80226879182732325 -0.085468786424264087 0.5852289673311396 0.081036584353109245
1403715377.2621431 -0.87408157995013247  -3.5498430941521439  0.80130579285835812 0.80427166095084945 -0.084057884046547182 0.58282427576283524 0.079982692518480294
1403715377.3121431 -0.86978433664803934  -3.5288771041102023  0.79566250156347185 0.80531627999343047 -0.083820240393752285 0.5817005141967645 0.077874053837566529
1403715377.362143 -0.86532332539222245  -3.5069262817619258   0.7919727555841225 0.80538403521798285 -0.0831841304583706 0.58188615722285275 0.076455583761458057
1403715377.4121432 -0.86120097911997795  -3.4839231694063599  0.78827035024173253 0.80429803500803754 -0.083006933084148679 0.58373646040210614 0.073934191950638758
1403715377.4621429 -0.85937391762562021  -3.4608797664295179  0.78468368914607989 0.80334304284457936 -0.082269169565717989 0.58525141062877062 0.073160956863711185
1403715377.5121431 -0.85524933021247274  -3.4363588306090214  0.78035278492018501 0.80286230890257138 -0.081613106119360901 0.58614864999982719 0.071980372022949213
1403715377.5621431 -0.85370464914956523  -3.4107327667195491  0.77620491758980825 0.8027373439856198 -0.081691396749335357 0.58650033491395237 0.070403333826439984
1403715377.6121433 -0.85219193718343089  -3.3850136103248034  0.77459224558973316 0.80316328144889726 -0.081816604767673981 0.58595167589419506 0.069967278304317718
1403715377.662143 -0.85168461404270401  -3.3579394585113511  0.77031056139180476 0.80455027015964797 -0.081639890109375723 0.58415402977445607 0.069266590988950855
1403715377.7121432 -0.85164121095692025  -3.3306848593128895  0.76562261286424371 0.80588349384315883 -0.081940958580426632 0.5823485045385115 0.068612629448401602
1403715377.7621431 -0.85242554293642969  -3.3015934250544174  0.76086803637351119 0.80635747000466151 -0.081882838739074856 0.58171087490614048 0.068522181106885016
1403715377.8121431 -0.85162274913091374  -3.2746804885102319  0.75601642947062053 0.80702621183457268 -0.082138682802989596 0.58079802812190418 0.068085099170354491
1403715377.862143 -0.85368926646983034  -3.2452220238979317  0.75203428673853234 0.80756315319882022 -0.082407420942860007 0.58005909113961085 0.067692107039254865
1403715377.9121432 -0.85363141711197088   -3.214605653910795  0.74814238384039966 0.80780785814480782 -0.082564344205139598 0.57970551261930514 0.067609999439889518
1403715377.9621429 -0.85581640833824413  -3.1842947128130734  0.74377922599892854 0.80774675291497411 -0.082637599876926995 0.57985351969421539 0.066978399056165996
1403715378.0121431 -0.85912490134793829   -3.153223940635554  0.73919958808122754 0.8076815758344007 -0.083957506167492063 0.57998270435105104 0.064974393952048057
1403715378.0621431 -0.86271098907092092   -3.122226342869872  0.73486166434573807 0.8071208141916586 -0.08557644710769613 0.58085740035948741 0.061946294858014131
1403715378.1121433 -0.86414987898026552  -3.0917075991675014  0.72970911149964734 0.80685676284452501 -0.086928358253641452 0.5813334983935734 0.058965993834327046
1403715378.162143 -0.86874290535001719  -3.0596881580879929  0.72469170328502053 0.80628620789375005 -0.088353766988213733 0.58222109402896816 0.055810039303162695
1403715378.2121432 -0.87330803239245247  -3.0278189365006805  0.72185117620954764 0.80552478608473732 -0.090343905473814531 0.58326669858684943 0.052609467460467595
1403715378.2621431 -0.87924118592729883  -2.9976569345774271  0.71864628511962447 0.80650113426518721 -0.091958980749715841 0.58195645414639185 0.049255982030594996
1403715378.3121431 -0.88570500810454311  -2.9670585845834854   0.7138917193692601 0.80763979464578217 -0.094138888369764265 0.58032778128070994 0.045557634649226922
1403715378.362143 -0.89206511842114422  -2.9350588546412952  0.70763815329397861 0.8095245668489347 -0.096149058679879565 0.57759606043720546 0.042522054870830418
1403715378.4121432 -0.89831350928830966  -2.9087389331986375  0.70121490860310554 0.81214501465471434 -0.097099134659595257 0.5738750007657194 0.040739620960402401
1403715378.4621429 -0.90585238110141786  -2.8814255089099348  0.69654157918413839 0.81413316634254362 -0.096892045200187321 0.57103451268353356 0.041457259464037
1403715378.5121431 -0.91265767963347544  -2.8524412913602863  0.69110324960616565 0.81614087117024114 -0.095566670518862737 0.56819987091538815 0.043931726384872812
1403715378.5621431 -0.9201400127678705 -2.8270001692984832 0.68774325837489225 0.81752695299615596 -0.093275476521802972 0.56630426812099166 0.047421962342354657
1403715378.6121433 -0.92756378933341532   -2.802239008157215  0.68516437097732796 0.81851153429721069 -0.092239656789100802 0.56490180970747494 0.049159529361812816
1403715378.662143 -0.9347153111019938 -2.7778567567475791 0.68251051336061008 0.81984253672495289 -0.091300362162616222 0.56294726166162967 0.051115941085362375
1403715378.7121432 -0.93994583212956462  -2.7558239843862746  0.68016078436645333 0.82123643083118369 -0.090387335167521732 0.56094987894351689 0.052307624972144612
1403715378.7621431 -0.94580388146199534  -2.7333406523877799  0.67797273378399669 0.82278410841077232 -0.090309895932183859 0.55863793067143985 0.052859209779755181
1403715378.8121431 -0.95136233291710537  -2.7133889134631324  0.67745681072893771 0.82481832543108935 -0.090334316618708763 0.5556574060158963 0.052528929303479757
1403715378.862143 -0.95492997598188245  -2.6922396408572866  0.67734405194347724 0.82639408671736758 -0.090746683510274831 0.55330787024375394 0.051848371206578585
1403715378.9121432 -0.95775330556764215  -2.6711962988299391  0.67726798880735395 0.82750428065604764 -0.091074182594364769 0.55165489271470525 0.051176538615000322
1403715378.9621429 -0.95787148063714667   -2.649814921147386  0.67851799535248225 0.82810049122641582 -0.091707012542944 0.55068546262765627 0.050842123594332204
1403715379.0121431 -0.95840589542201182  -2.6299165661395123  0.67991854879444646 0.82811277843676356 -0.092020127302922916 0.55064785942347128 0.050482247109719026
1403715379.0621431 -0.9576713002823799 -2.6105650222040855 0.68219975526558707 0.8279054855855057 -0.091470947312152204 0.55093210829003814 0.051762774175456862
1403715379.1121433 -0.95790040666748655  -2.5902676891747296  0.68470168363240524 0.82707742825856256 -0.090261860613579437 0.55222904504275272 0.053280446647402932
1403715379.162143 -0.95535052634897977  -2.5718476635218552  0.68822651266348067 0.82542808169303461 -0.087772229610168034 0.55469076911393156 0.057294574975400969
1403715379.2121432 -0.95209085905280755  -2.5536394877005413    0.691590279804013 0.82454654820635975 -0.085478062273947886 0.55597085238911581 0.060933586835082029
1403715379.2621431 -0.94850135805370062  -2.5354765443433327  0.69488041181235316 0.8238272378525362 -0.083251094054129934 0.55698053658560343 0.064425300743299746
1403715379.3121431 -0.9446609898344992 -2.5174859060130368 0.69876154309158156 0.82337912078544651 -0.081534450766120287 0.55754342065307438 0.06741135571490256
1403715379.362143 -0.93978191013747348  -2.5023614814047321  0.70447977505074855 0.8228695611838327 -0.079452256157212908 0.55829241199013069 0.069875653720715261
1403715379.4121432 -0.93448920490709653  -2.4835471195563872  0.70852064700083184 0.82281794464184976 -0.078185833072500877 0.55826299148834502 0.072111287719782063
1403715379.4621429 -0.92754430345347805  -2.4641171207508181  0.71156107234850619 0.82344438723969005 -0.077219848360965418 0.55725431477725018 0.073783906136084043
1403715379.5121431 -0.92085058497969363  -2.4439911980722715  0.71481707546301465 0.82400072061587926 -0.076374060915549644 0.5563435106545771 0.075310778752580854
1403715379.5621431 -0.91046665234634083  -2.4224921918555071  0.71925585203721321 0.82486220317375747 -0.076831872868944523 0.55500985393221991 0.07525470832393974
1403715379.6121433 -0.90005201831020765  -2.4013032634704663  0.72423311218177355 0.82567583865311733 -0.076344753767566956 0.55376305113158741 0.076009020767774702
1403715379.662143 -0.89023400297804856  -2.3790451770357048  0.72779109300327693 0.82712082695027522 -0.076436025634234184 0.55154943273180101 0.07630134247550388
1403715379.7121432 -0.87858250688022166  -2.3575212346434617  0.73248264772768557 0.82697431672276567 -0.075402697554758868 0.55179993168641284 0.077102192402360076
1403715379.7621431 -0.86588710717947615  -2.3338157103476465   0.7369510120892665 0.82678028801011716 -0.075131664843482771 0.55206867860197462 0.07752265734883089
1403715379.8121431 -0.85236550768952879  -2.3091117613090382  0.74208736852583157 0.82527279499100759 -0.074454946904347952 0.55432190999588704 0.078156860400817374
1403715379.862143 -0.83764542686556953  -2.2836985865831765  0.74708333494810542 0.82327773092396561 -0.073266505730911313 0.55723488269842303 0.079593230910321416
1403715379.9121432 -0.82165551698487915  -2.2571719340382801  0.75183626675578663 0.82082730389593495 -0.072297416591096855 0.56082357640384728 0.080576279901606165
1403715379.9621429 -0.80475626524531663  -2.2292693222417612  0.75592864112881919 0.81895775442464602 -0.071801145397506608 0.56349105099669028 0.081428664694891337
1403715380.0121431 -0.78762765565627924  -2.2003306314550932  0.76040386632801049 0.81774819404673604 -0.070990410127328235 0.56510974476363784 0.083061598686949109
1403715380.0621431 -0.77019450217752805  -2.1702305561209752  0.76426254593776077 0.81592223150585486 -0.07186462371466612 0.56772660686611043 0.082418977481819547
1403715380.1121433 -0.75264367803639032  -2.1390451057356938  0.76729852895205997 0.81440494396685414 -0.074746559937302046 0.57001023326352906 0.079030835720885817
1403715380.162143 -0.73610477643461036  -2.1050193725836985  0.77038323185859958 0.81277824565648682 -0.078746898658342085 0.57244152420638073 0.074169742506848171
1403715380.2121432 -0.72049478611824813    -2.07225445374235  0.77340573025587134 0.81173083942981494 -0.081075661450224684 0.57397999661279542 0.071181071411943186
1403715380.2621431 -0.70416823192894307  -2.0389550154576281  0.77582227868490949 0.81140349195779149 -0.083815847843334998 0.57448639618663555 0.067562248967134891
1403715380.3121431 -0.68920508716997941  -2.0068899004740701  0.77903417285850551 0.81161991658682731 -0.085894540746952117 0.57418074906939198 0.064897659954528855
1403715380.362143 -0.67366537219664335  -1.9741916529695094  0.78113057182996359 0.81222444762908963 -0.087848974300552815 0.57316337504806081 0.063700470104052012
1403715380.4121432 -0.65801666054245755  -1.9417609669840503  0.78312990222437595 0.81331929499051048 -0.088700758483431688 0.57146590463571234 0.063801408130935128
1403715380.4621429 -0.64233433110241711  -1.9090850136577535   0.7858693477963512 0.81357411371860433 -0.088197863012108454 0.57100742285213135 0.065336218859467748
1403715380.5121431 -0.62739097590851445  -1.8769504959123786  0.78855121119607741 0.8135315655005485 -0.087296741406127504 0.57103944125417772 0.066780441794098977
1403715380.5621431 -0.61714504215667643  -1.8430380616033692  0.79289537305834279 0.81356639029914934 -0.086195752132927336 0.57100049130961927 0.068106239171053073
1403715380.6121433 -0.60309720845916126  -1.8107970126863664  0.79579271666272644 0.81387860746528262 -0.085115812067866434 0.57066349237467151 0.068557197413133042
1403715380.662143 -0.58977131834505991  -1.7777616697516825  0.79853561272507878 0.81390602546028878 -0.084669010710677742 0.57067905749649561 0.068655325209501752
1403715380.7121432 -0.57652607548239776  -1.7444653831270724  0.80138408356557211 0.81358378485808314 -0.084392227174436882 0.57120408244216991 0.068449055581017659
1403715380.7621431 -0.56088546381760063  -1.7089104325548321  0.80473463959407487 0.81326769678207811 -0.083806498511069957 0.57169634665367519 0.068814325550200728
1403715380.8121431 -0.54618759959535712  -1.6737591666058529  0.80810855525455205 0.81285120433433378 -0.08335442795537519 0.57237698100366452 0.068626165342282247
1403715380.862143 -0.53331374622849359  -1.6397784085071436  0.81106841951248509 0.81233432181077847 -0.08277622810521866 0.57317824450897847 0.068758604483374758
1403715380.9121432 -0.52226024148437522  -1.6053070276703829  0.81421277461090891 0.81217857042007002 -0.082200656685425616 0.57340922445958264 0.069360529810232191
1403715380.9621429 -0.50876631640421721  -1.5708100916499055   0.8162220812245623 0.81184845321985422 -0.081815215155220944 0.57386241549037176 0.069930591740605411
1403715381.0121431 -0.49710631105383268  -1.5358798385979011  0.81793488351595656 0.81190171873586292 -0.081063383188051341 0.57377571232012348 0.070892587563113812
1403715381.0621431 -0.48515259266023758  -1.5002514616663403  0.82008232992486796 0.81130996792550258 -0.081511387131392984 0.57447133571419362 0.071517229779869074
1403715381.1121433 -0.4755304910758601 -1.4639784058586314 0.82260396902912902 0.81126227837265352 -0.083133475016368918 0.57444277509751873 0.070411924839303253
1403715381.162143 -0.46384281967756036  -1.4269630421499337  0.82945273584851154 0.81053839529946414 -0.085765079820911 0.57525371423203131 0.068956689965042131
1403715381.2121432 -0.4509071095166523 -1.3911891049090594 0.83204761406890615 0.80982133891381669 -0.088261528006169959 0.57600700628455503 0.067935487228354671
1403715381.2621431 -0.44111317323647609  -1.3548940027391096  0.83300244145989677 0.80897839845951014 -0.090625635475516705 0.57692973989296426 0.067029995133383674
1403715381.3121431 -0.43193930340609749  -1.3190800267769585  0.83372228355094979 0.80826053908778106 -0.092320882322298237 0.5777117938117835 0.066639619833350788
1403715381.362143 -0.42346333010681597  -1.2856819073438592  0.83625506299896002 0.80798095604943565 -0.094661958927601736 0.57788200183999261 0.065255498947075996
1403715381.4121432 -0.41500381410208581  -1.2507787955124481  0.83699225472056049 0.80697997742938299 -0.0974097047395482 0.57889962814968265 0.064574654306359391
1403715381.4621429 -0.40699577766314127  -1.2167322966911178  0.83736086142592048 0.80624542667174237 -0.099417214543581406 0.57953819174743115 0.064961632748981299
1403715381.5121431 -0.40030983652339663  -1.1817921151005362  0.83911998681624178 0.80424494787572332 -0.10118892815634983 0.58189781528820095 0.065922660730305768
1403715381.5621431 -0.39422575390033093  -1.1486458594370725  0.83887564760552247 0.80393058568335951 -0.10046891109926588 0.58207813618415294 0.069185653727642238
1403715381.6121433 -0.38952795976899685  -1.1163482126671416   0.8381868035425255 0.80413408376502815 -0.10025683084881665 0.58153872512736937 0.071621605488596446
1403715381.662143 -0.38522661423127219  -1.0831215028026713   0.8363035133872333 0.80558679696079094 -0.099478756303771163 0.57929107737294605 0.074536818303438376
1403715381.7121432 -0.3811486991777982 -1.0505249587947241 0.83444332664902299 0.80833643472308192 -0.09868479612897546 0.57524042085785665 0.077149060418357104
1403715381.7621431 -0.38176695363090735  -1.0140067126213874  0.83132851390285245 0.81105887674866928 -0.097528138248768229 0.57132076209265825 0.079147631037071967
1403715381.8121431 -0.37882801115074677 -0.98112922292084592  0.82927359818944379 0.8138572691210334 -0.096896803040353155 0.56722566041670464 0.080637492670880953
1403715381.862143 -0.37663543762440177 -0.94600059242061907  0.82644403516850862 0.81715247842263672 -0.096508256377841883 0.56235705754253729 0.08186893971922761
1403715381.9121432 -0.37262840163061012 -0.91284232869530879  0.82426187495361203 0.8198457372035427 -0.097586653081945487 0.55791627571646174 0.084019293142210474
1403715381.9621429 -0.3664160156244648 -0.8769341263817616  0.8211501215546938 0.82169851138236161 -0.10029152181438697 0.55410361823464549 0.087876887197030407
1403715382.0121431 -0.36153314306084217 -0.84251989735210686    0.818785632230696 0.822346525718197 -0.10534378487873459 0.5517324145958985 0.090775664750049626
1403715382.0621431 -0.35527223544259162 -0.80883238118117229  0.81684239666951097 0.8226327788260398 -0.11157815663085502 0.54943867763401066 0.09456619736247282
1403715382.1121433 -0.34745858202267094 -0.77328451842954971  0.81415757536695887 0.82190345696777489 -0.11969199354089087 0.54824965345609245 0.097830729282280843
1403715382.162143 -0.33968582390173269 -0.73896129486674156  0.81230118311932775 0.82062002904784304 -0.12867321731086392 0.54753224029816561 0.10116529497046065
1403715382.2121432 -0.33077056667716787  -0.7048588256346775  0.81118232343403018 0.81881831970063801 -0.13863166488241993 0.54715121259179667 0.10461057008676847
1403715382.2621431 -0.32132881432591981 -0.67087062306784095   0.8101096107881518 0.81682250074068574 -0.14821172458236673 0.54664675993083289 0.10959747641791528
1403715382.3121431 -0.31085761820504626  -0.6372267479775694  0.80898222414591625 0.81447655656670659 -0.15854257260380308 0.54625811050870487 0.11443018910614421
1403715382.362143 -0.30107490784406987 -0.60597271056061719  0.80965241211102368 0.81193079392126544 -0.16863481772492386 0.54573606890786908 0.12042768463377118
1403715382.4121432 -0.28870159774539544 -0.57372895185839512  0.80941242269075631 0.80884227726911406 -0.17874273406119265 0.54564387231599276 0.12687777633002548
1403715382.4621429 -0.27359219121348682 -0.54227646893445036  0.80943074677922355 0.80681275565833765 -0.18842837318627534 0.54407396250081586 0.13240637754290493
1403715382.5121431 -0.25956885679459468 -0.51002047608029955  0.80835203089277929 0.8043994870389588 -0.19729079469295249 0.54331835516758287 0.13719683858921736
1403715382.5621431 -0.24248947467504206 -0.47680412871268119  0.80713723566920115 0.8024862860690789 -0.20543092106105806 0.54207293784890043 0.14131817786443557
1403715382.6121433  -0.2265965058986476 -0.44555957170409322  0.80629712503409012 0.80037587998377235 -0.21360609423831856 0.54118913065292817 0.144517168902455
1403715382.662143 -0.2102019688322041  -0.414468321096431 0.80479503397756946 0.79865225455887923 -0.22120190048883506 0.53942101007941712 0.14916188988159196
1403715382.7121432 -0.19305443673464207  -0.3839727547357229  0.80204689280665131 0.79626600969389105 -0.22959771207627222 0.53837024077844853 0.15297979036351406
1403715382.7621431 -0.17521714723513743 -0.35398936367149864  0.80001317984358045 0.79492447967306235 -0.23687429939967397 0.53562650691573421 0.15839786295803951
1403715382.8121431 -0.15654108836418587 -0.32479697132952368  0.79838562319914785 0.7925299810365305 -0.2438303690831011 0.53434100702537068 0.16408128620335791
1403715382.862143 -0.13717711806954819 -0.29632201262654811  0.79733581701798684 0.79039290307528642 -0.25142366497758162 0.53243153854806891 0.16906169352280248
1403715382.9121432 -0.11718570284689028 -0.26789940883899571  0.79520962761814418 0.788088976875574 -0.25854513318533789 0.5306855617978834 0.17447926275822007
1403715382.9621429 -0.096425913167353924   -0.2430497670896585   0.79425841752078874 0.78593562034358988 -0.26642638719353234 0.52866319023226538 0.17843041269801005
1403715383.0121431 -0.074807417992976341  -0.21672831524397357   0.79291331545071153 0.78348718937667217 -0.27421288811178868 0.52706155797441245 0.18210225199491464
1403715383.0621431 -0.051127066693758161   -0.1939871006195712     0.790163716300609 0.78148653249176026 -0.28188318275354085 0.52537122511696943 0.18386339122792655
1403715383.1121433 -0.027932141025407396   -0.1685830178267391   0.78809711090000056 0.77960808970457962 -0.28863869392923341 0.5242505402668366 0.1845543330944365
1403715383.162143 -0.0036578601718414575   -0.14328520897885999    0.78475999081208703 0.77815589971196353 -0.2937765646807074 0.52322641498276623 0.18548003788049222
1403715383.2121432  0.02089424222070797 -0.11913280701262381   0.7817743127411213 0.7772967623231688 -0.29896251086268583 0.52180151459469459 0.18480892767201634
1403715383.2621431  0.046540725848146322 -0.096602698768473771   0.77959742186517833 0.77682417116306646 -0.3012320449254528 0.52075985803520752 0.18604470555755012
1403715383.3121431  0.071842368662878145 -0.076129506978467501   0.77454030599626444 0.77590787386501581 -0.30413805349686185 0.5206185219414009 0.1855353613222071
1403715383.362143  0.098506029045269158 -0.055814821311113337   0.77182609271849867 0.77486015821352983 -0.30645193201303622 0.52116461852619445 0.18457082373773878
1403715383.4121432   0.12613790952645382 -0.039587044928573414   0.76740702475770206 0.77403737519971616 -0.30715915222170648 0.52197748725146387 0.18455053455090403
1403715383.4621429   0.15301842006525965 -0.022462706435355386   0.76404576164362503 0.77267943988752208 -0.30816703827629971 0.5233732334717448 0.18460774138819153
1403715383.5121431    0.18016752707921962 -0.0070170225661269417    0.76128753280653116 0.77006739587213924 -0.30974872550358767 0.52590630614393674 0.18567307295794214
1403715383.5621431    0.20753722811962727 0.00096659967985891684    0.75557119407017148 0.76736815717672324 -0.31125386723084719 0.52808430951417884 0.1881332068774014
1403715383.6121433  0.23356775031343469 0.012580413661759946  0.75230721434135817 0.76389574419123685 -0.31337802032785533 0.53026422261425099 0.19255483010616642
1403715383.662143  0.26129208679628441 0.023892501703759311  0.74972202085302653 0.76096134550240679 -0.31745173921552922 0.53047840733216878 0.19686259998925151
1403715383.7121432   0.2871919285451941 0.033660082393677314  0.74607886964251657 0.75775690228595993 -0.32266468501441259 0.53003763024037187 0.20187146557081051
1403715383.7621431 0.31239140558793249 0.04225298083855842 0.74276501650993054 0.75380723812839645 -0.32917709676278062 0.5294438660473868 0.20762051781281865
1403715383.8121431  0.33738906897697601 0.049745384459638414    0.739440988694821 0.7495310237916355 -0.33709319101964963 0.52818959815359978 0.21351152976921761
1403715383.862143 0.36177210451118219 0.05666608462212714 0.73599730335405666 0.74542888589510004 -0.34590597416691027 0.52561801873086145 0.22002393391236941
1403715383.9121432  0.38589221267558327 0.062531180658578836   0.7318319979068052 0.74041425878832556 -0.35586986124191344 0.52310413239976872 0.22694808637413305
1403715383.9621429  0.40911328825958526 0.068254010668752294  0.72822454324788988 0.73556939988743897 -0.36590163207755649 0.51925413998340575 0.23543320008509197
1403715384.0121431   0.4348608965761635 0.075776072275371545  0.72372544145391582 0.72973782793512376 -0.37686793875460817 0.51594996192496367 0.24341096115214136
1403715384.0621431   0.4568440236338322 0.080999120760649301  0.72020434894270502 0.72432024917476445 -0.38785705105289914 0.51169438731501771 0.25118904947123943
1403715384.1121433  0.47781335432136379 0.085838446958137221  0.71753600539763873 0.7181786151985613 -0.39900593894403158 0.50782096183869352 0.25909768056872512
1403715384.162143  0.49826394019267356 0.091167068688547959  0.71104966525214153 0.7117062990912123 -0.40995729941998921 0.50408961220438342 0.267025877685654
1403715384.2121432    0.517241555668153 0.095425778673282696  0.70829443599528408 0.70558803802518444 -0.42097606759460721 0.4999375883903564 0.27383768700233041
1403715384.2621431  0.53770643625012571 0.097658803365247224  0.70568307418370346 0.69883183026852702 -0.43186112065908888 0.49652198747913773 0.28034971270965059
1403715384.3121431 0.55626507473137277  0.1006456096622797 0.70389620904537986 0.69179844424083381 -0.44299517341512373 0.49317139898964846 0.28627287698183934
1403715384.362143 0.57420875643480151 0.10363347581929885  0.7016151141943473 0.68455936993224897 -0.45367677762742947 0.48975147982104289 0.29274449353088278
1403715384.4121432 0.59131824895862461 0.10571437833111598 0.70054227342501219 0.67770498598204043 -0.4636888138715789 0.48599881092184144 0.29918855534262501
1403715384.4621429 0.60735081149657921 0.10771987104533867 0.69894569065528922 0.67094225437678279 -0.47405704729135495 0.48194488112074535 0.30468924950958359
1403715384.5121431 0.62299099292513693 0.10906991483217615 0.69815473066666922 0.66449509827824982 -0.48464710792696053 0.47741264615999907 0.30925816145854546
1403715384.5621431 0.63714650101083836 0.10964097196563298 0.69642070717601212 0.65912564666502305 -0.49463254168587328 0.47133087228936216 0.31422800550036428
1403715384.6121433 0.65042785667645875 0.10818257207228449 0.69750723605629872 0.65333172755888358 -0.50469946814990074 0.46601282899407909 0.31822656053049236
1403715384.662143 0.66425480943436421 0.10732279203260883 0.69742409664030591 0.64772367412022946 -0.51448538464649773 0.45988142086125078 0.32290541914928172
1403715384.7121432 0.67552494477950775 0.10480898293091057 0.69647720615403386 0.64265419239181454 -0.52317010313637224 0.45317692776894192 0.32851073699866395
1403715384.7621431 0.68707717548733727 0.10257365224146238 0.69944849823287891 0.63618697564105753 -0.53205220621987648 0.4483576604932526 0.33340964316927585
1403715384.8121431  0.69630315900490414 0.099306223149730755  0.70040000047566375 0.63050643937539352 -0.54010565568583568 0.44310362159918604 0.33824058172848237
1403715384.862143  0.70566381169726911 0.094716758630284725    0.702052773960541 0.62456182163707918 -0.5479804892310095 0.43833061565656684 0.34279175275034246
1403715384.9121432  0.71431819356769644 0.088290062742214528  0.70350695185095646 0.61827565311428501 -0.55488948662932103 0.43500109797754821 0.3472850690033773
1403715384.9621429  0.72251130467780522 0.080795322630419622  0.70512240644720037 0.61246330424245532 -0.55983941659395975 0.43328616952785254 0.35175506233745862
1403715385.0121431  0.73016925272907007 0.073143127569117367   0.7073445447618758 0.60829322294823474 -0.56289368588891919 0.43109306259140889 0.35677559429870725
1403715385.0621431  0.73638470764917985 0.063834178723965185  0.70978822447182843 0.60537180446147454 -0.56512238005373094 0.42817659936367086 0.3616994244988887
1403715385.1121433  0.74195271801540574 0.053898855209884612  0.71178312667340771 0.6028086035912199 -0.56690923016452732 0.42465858095949754 0.36728844496952578
1403715385.162143  0.74686559529303265 0.042974681065404884  0.71520262350937147 0.6000467198714704 -0.56903206459217026 0.42091458918656649 0.3727966631387214
1403715385.2121432   0.7526063517129632 0.033077812988973082  0.71624291372632132 0.59704822489068532 -0.57138496456817811 0.4169406832309519 0.37843507512809993
1403715385.2621431  0.75476058353902598 0.022283451833481332  0.71735504282288509 0.5947616250613178 -0.57328379861904133 0.41358840603999336 0.38281709207484516
1403715385.3121431   0.75934475947797542 0.0097474436154735711   0.72089678494524378 0.59283635948023328 -0.57561010833565607 0.41049153986715009 0.38563551412899461
1403715385.362143    0.76006687113163085 -0.0035346552734341922    0.71753148843879566 0.59049677883189822 -0.57737262697753311 0.40951596342709123 0.3876223413383133
1403715385.4121432   0.76348525065999295 -0.014713252623896774   0.71976568357188964 0.5893371855532652 -0.57912516556212323 0.4074698751373288 0.38892676070485216
1403715385.4621429   0.76631229437274839 -0.029163998744624949    0.7218049313242838 0.58717965747230227 -0.58071476440043401 0.40817097189606949 0.38908465654594515
1403715385.5121431   0.77028442070200653 -0.043279152656046725   0.72532284306788619 0.58454685810632667 -0.5818100141756829 0.41047710813002614 0.38898666016217626
1403715385.5621431   0.77499564892374029 -0.058686123493232698   0.72917748399108617 -0.58118472971596125 0.58383024985243459 -0.41384536541502454 -0.3874255577872136
1403715385.6121433    0.7784592957388794 -0.074262724981945333   0.73293983450469458 -0.57783478265841315 0.58581095574907949 -0.41835083085341579 -0.38459728340006671
1403715385.662143   0.78128549768190658 -0.089299663331754917   0.73644846283865317 -0.57585456946271707 0.58830470143642355 -0.42115591005797604 -0.380679382840662
1403715385.7121432  0.78301363726125051 -0.10492088696902213  0.74045415603259979 -0.57420376065812062 0.58951085505622891 -0.42414306975577387 -0.37798101724173194
1403715385.7621431  0.78346940226213135 -0.12024787168018314  0.74446514398005792 -0.57322870261575676 0.58945607127648592 -0.4264790892250796 -0.37691641113978247
1403715385.8121431  0.77892814970084701 -0.13584560579811172  0.74952256215032964 -0.57169638510564369 0.58877692895961442 -0.42996159058405758 -0.37634824538511175
1403715385.862143  0.77665273955224279 -0.15385648093565685  0.75643800527367788 -0.57075121760067649 0.58760419355691995 -0.43221483902381275 -0.37703407306142317
1403715385.9121432  0.77209518793225784 -0.17031564794891837  0.76296525807448712 -0.5700543837961396 0.58518492786220722 -0.43414359924119922 -0.37962604620284435
1403715385.9621429  0.76497716811833649 -0.19181864329792819   0.7723870846890093 -0.57020969748817374 0.5812460084797727 -0.43464258084456481 -0.38483737530748396
1403715386.0121431 0.75663856694183829 -0.2095034671274402  0.7783594344312007 -0.57138450935783658 0.57698314390709449 -0.43369547637772377 -0.39053607756837111
1403715386.0621431  0.74749719846647911 -0.22419875648892557  0.78466752929356831 -0.57292686159509587 0.57368093306036783 -0.43209304287801381 -0.39489315086767285
1403715386.1121433   0.7373633721586238 -0.23845099718670251  0.79073525127952304 0.57424938677043047 -0.57126283332789696 0.43056037405635283 0.39813839471271967
1403715386.162143  0.72701292097651293 -0.25202302120710751  0.79686424508699816 0.57559962340549231 -0.57008657541572494 0.42850423457939385 0.40008810406428524
1403715386.2121432  0.71635255969383105 -0.26502826104434934  0.80217612332426425 0.57708146413237671 -0.56965983362597483 0.42606284955272594 0.40116717953874326
1403715386.2621431   0.7051945945889867 -0.27722701681305584  0.80604731241316052 0.57797595159179438 -0.57022609486965059 0.42426706077566395 0.40097813064062099
1403715386.3121431  0.69423669128292687 -0.28851853644304026  0.80950564037020989 0.5777713245852748 -0.57137209321517546 0.42374883335679581 0.40018889766039289
1403715386.362143  0.68308190846770189 -0.29962179654545823  0.81354965201299179 0.57701865162249533 -0.57159179135091587 0.42417880382596257 0.40050548326431673
1403715386.4121432  0.67287850767120094 -0.31224103959700739  0.81811254755208729 0.57570496239289326 -0.57137007304003606 0.42538299625589365 0.40143410717922245
1403715386.4621429  0.66188231760070326 -0.32136085453588742  0.82058284366089662 0.57430644837084044 -0.57102931194064332 0.42678415336556264 0.40243373951534778
1403715386.5121431   0.6500482001632556 -0.33003626008835912  0.82314297246178536 0.57250385630115275 -0.57077344622732296 0.42875015763517915 0.40327448460062965
1403715386.5621431  0.64003157816180001 -0.33489751553880132  0.82275374438402249 -0.57042589793314891 0.5714303008722017 -0.43141590214164249 -0.40244505909698847
1403715386.6121433   0.6292869884299217 -0.34018496884031507   0.8219606393790172 -0.5689697568300508 0.57227286843315139 -0.4329002796769732 -0.40171448532962373
1403715386.662143  0.61820818834915425 -0.34315227385928254   0.8210211121383244 -0.56624536084027755 0.57351821823722526 -0.43649911461055008 -0.39988944424811723
1403715386.7121432    0.605250343154078 -0.34662993829921707  0.82031151852265027 -0.56463890446979947 0.57484028060851067 -0.43886762760596171 -0.39766413565795494
1403715386.7621431   0.5909529908450718 -0.34855693813162231  0.81901386321169589 -0.56377906649257215 0.57679744458705051 -0.44023181298684133 -0.39452987584837124
1403715386.8121431 0.57430753603267748  -0.349308050260347 0.81564208883210809 -0.563951556452151 0.58081702071715946 -0.44046539766596887 -0.3880727559097637
1403715386.862143  0.55798903978364811 -0.34914441153887488  0.81267309765563878 -0.56382705742146733 0.58465456875752164 -0.44115993802926035 -0.38164904510351544
1403715386.9121432  0.53837420982966322 -0.34816855645358941  0.80942212723743301 -0.56371273886827267 0.58827514263266223 -0.44149119767710648 -0.37582685770416369
1403715386.9621429  0.51812971148597153 -0.34671910023625818  0.80596512782243146 -0.56392712133840028 0.59092385340431375 -0.44144142576093925 -0.37138210635265068
1403715387.0121431  0.49465828952242252 -0.34620125506546845  0.80259892873890237 -0.56437556329414384 0.59284172225270404 -0.44091883089437561 -0.3682519524396341
1403715387.0621431   0.4687396048102202 -0.34611530911550148  0.79940227889117255 -0.56550595905853962 0.59335806146788972 -0.43939637527170222 -0.36750516534933053
1403715387.1121433 0.44163379320400864 -0.3447670562896597 0.79512495618262913 -0.56765529925153801 0.59187812979472654 -0.4371347611042381 -0.36927082383622517
1403715387.162143  0.41454282446288343 -0.34443289644183306  0.79187210938267105 -0.57023120477585953 0.5900466654435973 -0.43373441876220847 -0.37223078819433042
1403715387.2121432  0.38253373231684035 -0.34382760093338932  0.78820176115549012 -0.57352662698845536 0.58674174644236299 -0.43061791575549535 -0.37599141180006246
1403715387.2621431 0.35216633044989987 -0.3416760589205648 0.78413503371111959 -0.57593997307656597 0.58446053391723329 -0.42826837260113559 -0.37853035906690752
1403715387.3121431   0.3192843741779583 -0.34085656083795107  0.77953823558154089 -0.57782121504528616 0.58194218915611351 -0.4266855622433452 -0.38132055136965803
1403715387.362143  0.28529707203859483 -0.34032712015324229  0.77464063241851977 -0.5793666299427912 0.57984843894586391 -0.42576817088604335 -0.38318606527525323
1403715387.4121432  0.24945373302124324 -0.33950554731644372  0.76904767775379512 0.58115699722901282 -0.57784914115259989 0.42467159949283989 0.38470891232872823
1403715387.4621429  0.21477290644850044 -0.33934648995831096  0.76378303812970894 0.58269726611268913 -0.57667210582301343 0.42370812929019874 0.38520721644830236
1403715387.5121431   0.1786014334127464 -0.33887183548297228  0.75915749724564185 0.58525648383917162 -0.57629640984955921 0.42154680994673988 0.38425978600739058
1403715387.5621431  0.14308287357206831 -0.34066287921192817  0.75308465418235127 0.58736085168540064 -0.57645150509595966 0.41987788960280142 0.38264010506310148
1403715387.6121433  0.10702031130060309 -0.34053186563318244  0.75053733845671045 0.58907854910675173 -0.57777886689336411 0.41865963199838607 0.37931801498041295
1403715387.662143 0.071518572985123277 -0.34057974246955519  0.75105566311563032 0.59094527895202487 -0.57879401827621146 0.41710811159199068 0.37656604325955045
1403715387.7121432 0.035009977903512679 -0.34241332253638562  0.75498102139693668 0.59322405917379117 -0.57875244215200339 0.41568013964469991 0.37462093885076031
1403715387.7621431 0.0017307205281433301  -0.34461555688918183   0.76185152403021705 0.59516048709992619 -0.57875288718824469 0.41488318790032758 0.37242587257588738
1403715387.8121431 -0.037222059008622167  -0.34704843954742071   0.77151813126695989 0.59674796779327688 -0.57827064406911921 0.41476614981136301 0.37076133308792902
1403715387.862143 -0.072271056864140149  -0.34987591649471672   0.78362862732015104 0.5982317903484673 -0.57805050111884404 0.4147331185193151 0.36874487599960554
1403715387.9121432 -0.10914312677341566 -0.35591447667750509  0.79438851578525282 0.59928067266047946 -0.57767726826379195 0.41513500377487955 0.36717104698997843
1403715387.9621429 -0.14656387757228059 -0.36247196599143616  0.80258971473389362 0.600261332900349 -0.57700992084492586 0.41547074529077505 0.36623755033960764
1403715388.0121431  -0.1848014374113548 -0.37021285974328705  0.80696743232733303 0.60062878728754909 -0.57635616856799887 0.4165039000307853 0.3654902571810229
1403715388.0621431   -0.222691208048062 -0.37903569747833088  0.80841169242373878 0.60154774981081549 -0.57498422373351232 0.4168151443548006 0.36578488567955009
1403715388.1121433 -0.26238777874569325  -0.3880785507613132  0.80715937617836431 0.60166816408311696 -0.57369960233987671 0.41792136306352823 0.3663412628943693
1403715388.162143 -0.30169776246362884 -0.39801207275061606  0.80207645114846071 0.60173554585571865 -0.57224273884243571 0.41920324505729362 0.36704389387273995
1403715388.2121432 -0.34046650285006391 -0.40897581327794402   0.7940935265629544 0.60146817316153622 -0.57012950712133881 0.42075250946999226 0.36899282859970012
1403715388.2621431  -0.3806934579667936 -0.41994835865151731  0.78473167281867207 0.60104595788195048 -0.56763332963902502 0.42279166645582233 0.37119181883790409
1403715388.3121431 -0.42035789544586843 -0.43296852673256075  0.77323368142408233 0.60092607136101539 -0.56536190686970134 0.42418595844953527 0.37325600286334332
1403715388.362143 -0.45700743569635816 -0.44551505959355037  0.76098151371173395 0.6007220435507965 -0.56337418654388327 0.42494151978701361 0.3757223138027283
1403715388.4121432 -0.49929308215359675 -0.45932149393403304  0.74803223136640662 0.60072827164195663 -0.56213348502861271 0.42587710467967654 0.37651053155165504
1403715388.4621429 -0.53763647004609383 -0.47260965386450843  0.73635115918990357 0.6009231423276219 -0.56064521537674739 0.42582508095230281 0.37847235027439197
1403715388.5121431 -0.57683650431698219 -0.48669359886055319  0.72330792464305793 0.60110069807114508 -0.56035655110173321 0.42567303772781806 0.37878879519769931
1403715388.5621431 -0.61603829764677953  -0.5009468226387378  0.71104114714932543 0.60060146033570627 -0.560191728007153 0.42676227746853346 0.37859882757986379
1403715388.6121433 -0.65509564220050664 -0.51519365313927334  0.69882968782927368 0.60021350406571339 -0.56011217814965053 0.42731690872086192 0.37870616174926253
1403715388.662143 -0.69396595633940972 -0.52937995426589768    0.686928607428273 0.60002167365590797 -0.5595857095803175 0.42788818660965772 0.37914314517943548
1403715388.7121432 -0.73117360959625255 -0.54424730881792638  0.67353937829270905 0.59967304987370962 -0.55899362795309337 0.42874833466715034 0.37959613101709472
1403715388.7621431 -0.76895875447064743 -0.55730021207291014  0.66101602060357412 0.59995060563256741 -0.55829529884769535 0.42877669257557977 0.38015283504088854
1403715388.8121431 -0.80683702359417975 -0.57104591343627387  0.64966398042271367 0.59994983766653653 -0.5580162033981757 0.42912053874425393 0.38017584386284153
1403715388.862143 -0.84032082139466457 -0.58505818751778504  0.64065303667909346 0.60019693533944563 -0.55760416008493374 0.42898823332183739 0.38053953163439141
1403715388.9121432 -0.87807458938969651 -0.59948896095034709  0.63240373114066717 0.6009353034505639 -0.55604323579973369 0.42857523507747708 0.38212033296649578
1403715388.9621429 -0.91662919514439167 -0.61461449621762587   0.6269195084456598 0.60130774850035085 -0.55495711717350293 0.42918151383180891 0.38243276255696329
1403715389.0121431 -0.95395497599583101 -0.62991625147841002  0.62267189297279102 0.6018827899117295 -0.55395539144137718 0.42917534202552743 0.38298701975181226
1403715389.0621431 -0.99102294637750543 -0.64507797583896209  0.62238954971105631 0.6021839716001619 -0.55275472370801859 0.42984424710311409 0.38349785266502417
1403715389.1121433 -1.0277640896066467 -0.6601666358134981 0.62570111595743505 0.60305764354206259 -0.55167406881715897 0.42959986611819212 0.38395462673530417
1403715389.162143 -1.0639220266246121 -0.6754344656339959 0.63153052359198791 0.60412806803561436 -0.55043264031562056 0.42913989725461221 0.38456746413474907
1403715389.2121432  -1.0997621494314138 -0.69073796665888187  0.63789934051592534 0.60496778514595384 -0.54909131331451821 0.42896867683555212 0.38535513863460064
1403715389.2621431  -1.1350119167000443 -0.70602098447207995  0.64429016848595055 0.6064325999677157 -0.54735046705011547 0.42786686097190629 0.38675175138383572
1403715389.3121431  -1.1695871690745203 -0.71906860398139638  0.65160413334031864 0.60759357536013325 -0.54600497317502827 0.42726594822332958 0.38749506569509462
1403715389.362143  -1.2052043588679031 -0.73186724253993141  0.65781268338597398 0.60896118556498091 -0.54448454914113786 0.42686312770978985 0.38793133467622931
1403715389.4121432 -1.2398023154436932 -0.7448384510205367 0.66181089316778807 0.60995302717163602 -0.54328583088887561 0.42627274312373725 0.38870214698314409
1403715389.4621429 -1.2716270304947717 -0.7573926257012662 0.66661034142927023 0.6107063145885232 -0.54273937868997968 0.42609033717094419 0.38848267491674571
1403715389.5121431  -1.3039116863540023 -0.77121947738959284  0.67039287817628979 0.611024225250136 -0.54259574922792342 0.42648061814291499 0.38775447312145439
1403715389.5621431  -1.3351631051537793 -0.78341199035518305  0.67479200071062617 0.61055076781824535 -0.54303287870754657 0.42773711064444675 0.38650228555169791
1403715389.6121433  -1.3655803429443027 -0.79675291359206446  0.67799386398422079 0.6097897918620574 -0.54342976565770074 0.43026740208503311 0.38433118822318041
1403715389.662143   -1.395027336073966 -0.81009671748201861  0.68060098990069862 0.61015555568501856 -0.5429513997548473 0.43281451668357412 0.38155677103010821
1403715389.7121432  -1.4245098065258841 -0.82670369812363065  0.68361885425838109 0.61155025879279834 -0.54144239446739406 0.43558734417721046 0.37829892946784938
1403715389.7621431  -1.4527341279312713 -0.84033064616216036  0.68538750118170955 0.61369410897116017 -0.5392366622937288 0.43845070089718141 0.37465229951941209
1403715389.8121431  -1.4806298296940921 -0.85384172284047466  0.68682352313209627 0.61671488306548905 -0.53569246193139375 0.44175657028590942 0.37087392985303352
1403715389.862143 -1.5082782816770874 -0.8671995112735511 0.68738398678972379 0.6210912008041175 -0.53206870167322562 0.44406501470610232 0.36599846952895387
1403715389.9121432  -1.5370109284390485 -0.88182871808741048  0.68752829504575841 0.62675065378856276 -0.52786884764641351 0.44545458518177627 0.36070529549840052
1403715389.9621429 -1.5667098484819724 -0.8954993961340274 0.68799376474357643 0.63283211642787651 -0.52354988473459885 0.44640129484507168 0.35516885360690931
1403715390.0121431  -1.5923483879068254 -0.90927673961948785  0.68736967890873601 0.6399508963633459 -0.51885276834513594 0.44618101440161728 0.34953849203182591
1403715390.0621431 -1.6173574483423618 -0.9225404261101553 0.68539017251325807 0.64714315530019684 -0.51367275354857922 0.44618138773842747 0.34390145106663489
1403715390.1121433  -1.6427990378785735 -0.93750626634584333   0.6834332360939116 0.65426599269443986 -0.50779918960999182 0.44660631423281072 0.33855397490264205
1403715390.162143   -1.668971749315181 -0.95396730329485746  0.68097887148869807 0.66164469021693584 -0.50098782882155746 0.44688655430870533 0.3339609361265018
1403715390.2121432  -1.6968491530679213 -0.97527125279422222  0.67655379885052014 0.66884663140042777 -0.49359673324190934 0.44778627445097346 0.32938412379854221
1403715390.2621431  -1.7215011995966385 -0.99403632933471309  0.67310233140265596 0.67624012783057641 -0.48622210686987305 0.44823552746739209 0.3246109428511868
1403715390.3121431 -1.7444366999328336 -1.0154991610736503 0.67017524507849358 0.6822464271489177 -0.47757268535209119 0.45091817196653466 0.32114941232779476
1403715390.362143 -1.7662098528749477  -1.036501552947136  0.6666687668733795 0.68796801043736033 -0.46918132218907643 0.45381447281425535 0.31720865024158756
1403715390.4121432 -1.7860162882338155 -1.0584615599234151 0.66427297458741663 0.6937476497152768 -0.46005353510426894 0.45621203718103631 0.31454017308401733
1403715390.4621429 -1.8056928477378202 -1.0804591197463105 0.66078769773469648 0.69977603257013121 -0.44988202624990287 0.45847595412839232 0.31260112953050689
1403715390.5121431 -1.8235132420092319 -1.1039195056564084 0.65758621564264141 0.70548729254256981 -0.44008800864955533 0.46099628520563368 0.30998814449980122
1403715390.5621431 -1.8386386256660943 -1.1236255046679051 0.65051330190846712 0.71057027678911344 -0.4300613744572383 0.46388242221041776 0.30813989405461506
1403715390.6121433 -1.8520161172051675 -1.1470005258842799 0.64721666820780244 0.71524611475820743 -0.41978963179020551 0.46730361954117738 0.30631191215564468
1403715390.662143 -1.8654966495720169 -1.1717767223937481 0.64380137884262167 0.71959031448490207 -0.41086701402495646 0.47106777476653711 0.30244541269829028
1403715390.7121432 -1.8767887327747335 -1.1945422009519593 0.64049866974699809 0.72305853542418297 -0.40400045251202249 0.47564362026952106 0.29619779745504582
1403715390.7621431 -1.8860370984882227 -1.2187941382193612 0.63650158892529562 0.72564358929182959 -0.39966094052725393 0.4810800136060519 0.2868353786500934
1403715390.8121431 -1.8948413597849503 -1.2442350458115525 0.63203680048490407 0.72887264841481536 -0.3950417791971505 0.48476519126533579 0.27872811917530871
1403715390.862143 -1.9009849756868904  -1.270891168929049 0.62632159894016259 0.73126061265862718 -0.3919870683614563 0.48769888024601421 0.27157661316524301
1403715390.9121432 -1.9073721501000713 -1.2980221350054943 0.62265070719898719 0.73384631430924818 -0.38874458449617122 0.48917623908628077 0.26655926566719307
1403715390.9621429 -1.9120726923629323  -1.324071580817594 0.61874748463305163 0.7357175087598784 -0.38692610642330255 0.49046956718648405 0.2616248060413317
1403715391.0121431 -1.9153092465897728 -1.3502491941875205 0.61455602778313834 0.73753454427095488 -0.38543186392551299 0.49133626813100606 0.25704813926001485
1403715391.0621431  -1.918137169885012 -1.3775560206059374 0.61031163878636019 0.73925616332485444 -0.38352911885833135 0.49287798217905637 0.25194649165461686
1403715391.1121433 -1.9200524053937031 -1.4055576923819482 0.60594559676939119 0.74110178538799854 -0.3813192602852854 0.49463493253627944 0.24637379922596125
1403715391.162143 -1.9210073689100615 -1.4334311690048791 0.60207193109709367 0.74208582359869224 -0.37882945410720059 0.49814877441577959 0.24009305209178355
1403715391.2121432 -1.9204669189435506 -1.4626357820906153 0.59933066892191067 0.74330707507807281 -0.37564521930135031 0.50130095215127102 0.23469686134916634
1403715391.2621431 -1.9201889008108386 -1.4979150526618388 0.59811789766776657 0.74339641238134857 -0.37268064437852921 0.50548783014493626 0.23011511236663393
1403715391.3121431 -1.9212548682408763 -1.5294249596198979 0.59774999754436808 0.74319222124885742 -0.37027193615498294 0.50903796006014745 0.22681351544613318
1403715391.362143 -1.9198721405941879 -1.5651388905598524 0.59626581518618782 0.74343679456442768 -0.3676438731512876 0.51128279489658968 0.22523236593531765
1403715391.4121432 -1.9189492408261719  -1.601107284993049 0.59386505896985631 0.74393952758580395 -0.36524155616766468 0.51263464056457775 0.22440657351525983
1403715391.4621429 -1.9181734863453122 -1.6384237321027342   0.591412036267709 0.74458797879222816 -0.36419378434471811 0.51300034147110585 0.22311942751205333
1403715391.5121431 -1.9169892846434518 -1.6761440028410968 0.58878842365999984 0.74518552632168045 -0.36326114439039581 0.51296427609527395 0.22272746527294651
1403715391.5621431 -1.9155033542494311 -1.7147442588752861 0.58633054230396853 0.7451154455791662 -0.36277757455852 0.51394604090870832 0.22148334292009964
1403715391.6121433 -1.9130784929418621 -1.7543762952079425 0.58272527771053739 0.74505542992292051 -0.36286678892042851 0.51554148281013934 0.21780054945493638
1403715391.662143 -1.9112287707543434 -1.7952542745608422 0.58128497648030197 0.74503129339896945 -0.36179475883401446 0.51763627506815824 0.21467559495680505
1403715391.7121432 -1.9094276076928272 -1.8373546563937087 0.58226303787239664 0.74559454608240761 -0.35882214260149853 0.51969247904743265 0.21273262573609211
1403715391.7621431 -1.9091295412563205 -1.8789873553281213 0.58535549151861366 0.74652241241831496 -0.35458168967094622 0.52212960361827321 0.21061051762117908
1403715391.8121431 -1.9080992775583949 -1.9230525144060873 0.59103192148455896 0.74855310702215194 -0.34821028560603717 0.5236455011339729 0.21026942742062013
1403715391.862143 -1.9105001710187111 -1.9697266980920467 0.60174572699869755 0.75188263333488137 -0.340266660042018 0.52406689736669798 0.21034493775153501
1403715391.9121432  -1.908999702896379  -2.015579402606857 0.61388369656459829 0.75498593072678166 -0.33322474506863492 0.52422956895838724 0.21009729343392805
1403715391.9621429 -1.9079918627735089 -2.0619991922798513 0.62712519835578906 0.75841864480231114 -0.32721527628668889 0.52332118333148137 0.20944273980587114
1403715392.0121431 -1.9100184821585882  -2.105301462366389 0.64098989256443628 0.7624270524903789 -0.32359397251746169 0.52053620374815501 0.20744635732801073
1403715392.0621431 -1.9089489761515011 -2.1520547006207704 0.65402279238579542 0.76539795465263261 -0.32005551812635763 0.51904600843850457 0.20572233095726727
1403715392.1121433 -1.9063371181998767   -2.19963060321437 0.66609267446489118 0.76761651223842142 -0.31814529199723229 0.51773597253415005 0.20371039753295653
1403715392.162143 -1.9025346545904025 -2.2482753034740335  0.6779305151442101 0.76932519052659343 -0.31607596343636707 0.51705437143775168 0.20221155638613861
1403715392.2121432 -1.9014935121128949 -2.2961016816127415 0.69197118102673405 0.77025088343732018 -0.31321724905731768 0.51829655169419775 0.19994303178380027
1403715392.2621431 -1.8955164226175454 -2.3454641637340252 0.70434979913693019 0.77085509724790735 -0.30889224257784997 0.52062543000421801 0.19828555962315894
1403715392.3121431 -1.8887990858548478 -2.3938590359510381 0.71661649612242395 0.77128935234700113 -0.30386465862188849 0.52395482194586118 0.19557696376727954
1403715392.362143 -1.8818032723470979 -2.4412404143569018 0.72912068096425076 0.77098246481484722 -0.29614455005166063 0.52946601642988178 0.19377869302014256
1403715392.4121432 -1.8736643043805845 -2.4895946033177352 0.74166691813052443 0.7686387461229941 -0.28760457659036681 0.5383707729865812 0.19140270707745621
1403715392.4621429 -1.8656144209765217   -2.53840666990979 0.75476122875694651 0.76541427568093601 -0.27793971125616601 0.54859618990432002 0.1895592886490414
1403715392.5121431 -1.8593111240332689 -2.5870659190224692 0.76783936977200873 0.76397750326961 -0.26739033511823646 0.55646885375602639 0.18757184752180803
1403715392.5621431 -1.8496622534768581  -2.637313638592218 0.77779601104923579 0.76489276684680885 -0.25785225914276594 0.56082668669943103 0.18418657705203029
1403715392.6121433 -1.8423100728089259 -2.6856584241517214 0.78727199728440767 0.76798673607333212 -0.24843252418922701 0.56233450315158151 0.17960389947232025
1403715392.662143 -1.8355761195622773 -2.7337002512476172 0.79525012491738178 0.7704196638095947 -0.23876503669252067 0.56488708144540123 0.17420500591207796
1403715392.7121432 -1.8297341191918253 -2.7786579445961137 0.80305996606949115 0.77231255974521229 -0.22919370325402028 0.56794779472270951 0.1686382486807699
1403715392.7621431  -1.825014359487074   -2.82263058294255 0.81000717662858113 0.77509093558052167 -0.21974423770292567 0.56963089101584563 0.16268730613592969
1403715392.8121431 -1.8213057623118614 -2.8657394585138722  0.8165092783858553 0.78010050510512841 -0.21021193968342455 0.56822955880408477 0.15610672903680683
1403715392.862143 -1.8172224438874067 -2.9073262761342789 0.82184747162215399 0.78615143868413118 -0.20127061959500558 0.56513683238018653 0.14858133742163715
1403715392.9121432  -1.813734108313626 -2.9483395115049293 0.82742157200375233 0.79159509186894106 -0.19162503772576608 0.56275129888409792 0.14130828372697149
1403715392.9621429  -1.810325044020926 -2.9848119769775039 0.83160875049840255 0.79703355225337047 -0.18104555599676503 0.56021403587133889 0.13461150489071275
1403715393.0121431 -1.8073062889374429 -3.0163238642107286 0.83462950618369836 0.8012678348033111 -0.17019875878994106 0.55916100501488719 0.12783274184151244
1403715393.0621431 -1.8010820163872903 -3.0533074690479909 0.83819293374106496 0.80477062210316597 -0.16025459954777294 0.55885589285187487 0.1197614301359167
1403715393.1121433 -1.7942152355079921   -3.08844428900021 0.84235262575423886 0.80778769781835269 -0.14821659855521249 0.55915698518614043 0.11337698656956435
1403715393.162143 -1.7877784412060767 -3.1268410559714828 0.84506240623133899 0.81004863566529528 -0.13468806218061677 0.56029691160755479 0.10838682856260685
1403715393.2121432 -1.7810409319264457 -3.1615899057410171 0.84782400069766528 0.81178745114926965 -0.1203897882294368 0.56194785276182069 0.10354730234546326
1403715393.2621431 -1.7753626952434636 -3.1953353144639629 0.84915956169741691 0.81243226736548846 -0.10619409826371021 0.56501402783756438 0.097137906010481653
1403715393.3121431 -1.7682597246359399 -3.2260193566662152 0.85188060179791225 0.81262285516940191 -0.092055044985226736 0.56827492066892948 0.090739068144979118
1403715393.362143 -1.7614757277492561 -3.2553300344988418 0.85410815806849805 0.8129487133597596 -0.078157167578425071 0.57096580396939112 0.083689290237260752
1403715393.4121432 -1.7549676181116343 -3.2824959015870703 0.85578659749082187 0.81338117044872693 -0.063677483877678451 0.57305531801615806 0.077225980731014568
1403715393.4621429 -1.7448092000975515 -3.3093147139117161 0.85832610748950944 0.81380113851468439 -0.049067875349513387 0.57469056682509501 0.071069001422132544
1403715393.5121431 -1.7364761978479768 -3.3337619865356638 0.85952286773507913 0.81340462511561284 -0.034837374375692266 0.57710408308993733 0.064110455216447079
1403715393.5621431 -1.7301394885810539 -3.3539491908542307  0.8613569823282905 0.81286512709332737 -0.020076450116727217 0.5792643885761567 0.057445534497912967
1403715393.6121433 -1.7270272754189064 -3.3629977997259721 0.86012116198731114 0.8122657909579436 -0.0065038667413915693 0.58117677842196735 0.049148110644663297
1403715393.662143 -1.7205218050758124 -3.3798091178605842  0.8601659014239933 0.81215157195179799 0.0050334643843396145 0.582214601244747 0.037558574386354626
1403715393.7121432 -1.7160807257893052 -3.3950239934423436 0.85992433099753407 0.81306736151148917 0.015618737965209331 0.58145347644917178 0.024277054893294719
1403715393.7621431 -1.7106194214199408  -3.409580483136621 0.85825554362395517 0.81431551864582141 0.0253337547834037 0.57977477772236463 0.010471106825162026
1403715393.8121431 -1.7068559453165062 -3.4197293614981215 0.85665632041306516 0.8157774079958301 0.035773086117844688 0.57725307808053439 -0.002527995205431999
1403715393.862143 -1.7021081585223607 -3.4293579871625099 0.85587615932095562 0.81692305142962318 0.045516715932747885 0.574740210587385 -0.015448202082416472
1403715393.9121432 -1.6983276416353206  -3.437501556981343 0.85447900701869572 0.81714488427442245 0.057326226012128924 0.57301014223905211 -0.025442460701129748
1403715393.9621429 -1.6942394189531544 -3.4449130763996036 0.85326592581206084 0.81736186982266545 0.067922189283999651 0.57092352521201251 -0.036776056373043618
1403715394.0121431 -1.6905012158236972 -3.4515307457178919 0.85172574290097736 0.81651038299493095 0.078721239113100999 0.56993700909170242 -0.047807600249061707
1403715394.0621431 -1.6864498859573491 -3.4561760015105105 0.85098036620714212 0.81527001005202338 0.090453067129296585 0.56901710251137672 -0.058074008009040085
1403715394.1121433 -1.6828600624541536 -3.4611062265271881 0.84939410481931144 0.81401737152876841 0.10260533976837954 0.56765641583084148 -0.067926847906357501
1403715394.162143 -1.6787580288485728 -3.4650946121365496 0.84792498634952096 0.81189865473923717 0.11608788363355312 0.56704161201777381 -0.076210156451645028
1403715394.2121432  -1.674012832943697 -3.4642704677453313  0.8455950624542925 0.8098800942581228 0.12947055459508319 0.56576035901831578 -0.085128283083603887
1403715394.2621431   -1.66968309606743 -3.4693821277413885 0.84500744202239997 0.80764317760994708 0.14316237963125836 0.56419536458227437 -0.094343104158690655
1403715394.3121431 -1.6660450379532621 -3.4703769259378565 0.84321878927398608 0.80442104017859839 0.15616124886426258 0.56360701999069085 -0.10424769296415566
1403715394.362143  -1.661652304970078  -3.471719324255389 0.84358294696783098 0.80023346085791036 0.17037874411665765 0.56390419868750241 -0.11229223650461062
1403715394.4121432  -1.657711001969679 -3.4726559047020813 0.84218464405068472 0.79558162513955544 0.18489760749042003 0.56413353072901551 -0.12089711324856832
1403715394.4621429  -1.652985222123966 -3.4735864980260267 0.84271723800842491 0.79001472353376434 0.19945990063331373 0.56522262026177661 -0.12890257632658117
1403715394.5121431 -1.6506238376234641 -3.4729337953413526 0.84159457612456612 0.78458131409388865 0.21400601326998173 0.56565133375256671 -0.13664609940623126
1403715394.5621431 -1.6497837072069503 -3.4714677467489805 0.84037943387974667 0.77974117495324768 0.22800714774634351 0.56472099212082172 -0.14528125039791193
1403715394.6121433 -1.6500530790956482  -3.469293608016057 0.83880908105538121 0.77532208184386231 0.24120757434831816 0.56266901788398571 -0.15523579418346437
1403715394.662143 -1.6481725393740578 -3.4660836395526551 0.83781536140057167 0.77158206640709048 0.2538625614722973 0.55913337403638186 -0.16608667833507884
1403715394.7121432 -1.6508561514165778 -3.4630555692791676 0.83542076898253914 0.76806532782360215 0.2669466648937886 0.55462963011879618 -0.17663834151053787
1403715394.7621431 -1.6549873041696725 -3.4591116071173835 0.83256433685177034 0.76512304229878847 0.28036476323647064 0.54867689316973034 -0.18691173473170816
1403715394.8121431 -1.6611882952387458 -3.4563574133476855 0.83199626999776899 0.76193123360741322 0.29409183523280619 0.54236561107905801 -0.19700337972158044
1403715394.862143 -1.6699015815958163 -3.4553361477119222 0.83497269453476919 0.75806244805368439 0.30810237040610522 0.53608083913469962 -0.20744056525576335
1403715394.9121432 -1.6761686901053046 -3.4516282740295345 0.83349206811700527 0.7535328627546154 0.32319256890104314 0.52963980357535967 -0.21729350341101583
1403715394.9621429  -1.683551984849665 -3.4476791961057232 0.83399061002114672 0.74808198693041661 0.3382511616276131 0.52357173748987929 -0.22766670417441262
1403715395.0121431 -1.6930762027171498 -3.4425483702101545   0.831303352200507 0.74196117368132242 0.35387984835751612 0.51774323400769373 -0.23707512167064396
1403715395.0621431  -1.699631683133269 -3.4368929709084601 0.83059346422201918 0.73514888980174131 0.36943484009689698 0.51184103021997318 -0.24716951375362592
1403715395.1121433 -1.7074184191425867 -3.4304480152376922 0.82881002017440486 0.72786675615946017 0.38437597719228095 0.50624285855411666 -0.25726107672623322
1403715395.162143 -1.7152986571107933 -3.4233124877759926 0.82701561290151748 0.72068555568174941 0.39883368904433869 0.50059295530976733 -0.2663657474398789
1403715395.2121432  -1.723297604861572 -3.4155818148130876 0.82508587368325403 0.71448595391245573 0.41170632929193207 0.49374132223982192 -0.27609278656937725
1403715395.2621431  -1.728608672138775 -3.4077711381746507 0.82398844868073473 0.70765362726868808 0.42425420186544976 0.48821845131684144 -0.28438962675661011
1403715395.3121431 -1.7360664937687569 -3.3985932271606947 0.82266168149938868 0.70054291636949761 0.43625826948769497 0.48341398401177998 -0.29194051567053741
1403715395.362143 -1.7414283051005868 -3.3882639940766186 0.81814394318829031 0.69389471387691282 0.44750257757434853 0.47852455412190015 -0.29877386134069422
1403715395.4121432 -1.7495818334200821 -3.3785925691663086 0.81467772636918534 0.68765274026891432 0.45785787134588724 0.47340125955427548 -0.30559961698223953
1403715395.4621429 -1.7581235172996525 -3.3686140144073207 0.81060892453023992 0.68214539653030748 0.46744342840897918 0.46767674020559047 -0.31217425566571261
1403715395.5121431 -1.7664893264428665 -3.3582794135320944  0.8058093400898596 0.67655291760591985 0.47636751751986961 0.46239902247231085 -0.31864915180732173
1403715395.5621431  -1.774540165290341 -3.3466813106209914 0.80065764595314959 0.67119369345444702 0.48444439189501987 0.45726685755582219 -0.32514562585011941
1403715395.6121433 -1.7869230108910501 -3.3407447305234821 0.79352473379166688 0.66597264193873873 0.49143762535272245 0.45240589388264213 -0.33211204096970226
1403715395.662143 -1.7961038110232623 -3.3303680232046173 0.78715405684234308 0.66042556971497035 0.49863743435271118 0.44845890623383466 -0.33776232079430557
1403715395.7121432 -1.8044003468031626 -3.3180037342713606 0.78002640353479014 0.65515510187357162 0.50659213380830348 0.44448781995718462 -0.3414187756440607
1403715395.7621431 -1.8124497280828828 -3.3047115135140457  0.7726769295895195 0.64920274858322879 0.51371435754675465 0.44161727822676244 -0.34584321542267155
1403715395.8121431 -1.8287997468086248 -3.2992022380762211 0.76532443522115168 0.64302615088950621 0.5209335276896031 0.43952073187338564 -0.34923796365025223
1403715395.862143 -1.8373224540774218 -3.2836486307449899 0.75607951855396949 0.63941367477285127 0.52536501930287993 0.43585303465252079 -0.35379921027406447
1403715395.9121432 -1.8460591968092404 -3.2707936396953787 0.74784510962770745 0.63692620492184249 0.52840638784397742 0.43212543270850895 -0.35830058495071332
1403715395.9621429 -1.8558451543804231 -3.2561997807576613 0.73844971830714967 0.63581051402450373 0.52964343789216983 0.42798092561214196 -0.36339392711743812
1403715396.0121431 -1.8642131178860328 -3.2402600603866332 0.73001355263341416 0.63565564466781399 0.52948951323184945 0.4238081629362862 -0.36874028503543704
1403715396.0621431 -1.8719036852007533  -3.223895513026604 0.72204548439225402 0.63645402885844216 0.52736201277139727 0.41979385030336891 -0.37495159672020423
1403715396.1121433 -1.8789190355474734 -3.2080710919694448 0.71454654227994474 0.63748069160055088 0.52500138025732435 0.41680704722749634 -0.37982075238970725
1403715396.162143 -1.8842238483044378 -3.1919301571982373  0.7075178010814609 0.63796087415001934 0.52246723861853295 0.41552424344508765 -0.3838925770752229
1403715396.2121432 -1.8901772694757348 -3.1800966180568229 0.70171135869544288 0.63781451088720664 0.52098306225982161 0.41562798669292972 -0.38603455184435798
1403715396.2621431  -1.893380107746448  -3.165601914716047 0.69599303037264892 0.63680588639863456 0.52075409195325795 0.41819672639746541 -0.38523361326918298
1403715396.3121431 -1.9002884290146187 -3.1529469970873478  0.6936262077065527 0.63510674015904922 0.52213823680318905 0.42228599460259159 -0.38168786859828679
1403715396.362143 -1.9007371897444669 -3.1370850114421076 0.68829699956321377 0.63252106869969904 0.52410490383925712 0.42751070523241314 -0.37744634629880658
1403715396.4121432 -1.9075292421005734 -3.1160293622678279 0.68096819669209296 0.63100982387501914 0.52492411532099459 0.43172383325520741 -0.37402647917910647
1403715396.4621429 -1.9082222893737966 -3.1007204644401685 0.67600105328871807 0.62955300044671503 0.52688455545547663 0.43506034148845152 -0.36983534730333051
1403715396.5121431 -1.9087514609991612 -3.0862826851976894 0.67157431619869634 0.62697113783349467 0.52936674458090749 0.43763460809292315 -0.3676329580640712
1403715396.5621431 -1.9101834237663307 -3.0706636584242757  0.6665368336567441 0.62433112774719457 0.53143949686040615 0.43903647753361719 -0.36746384243561764
1403715396.6121433  -1.912061337155875 -3.0549016648819665 0.66050398438012847 0.62135028287818461 0.5345484744609823 0.43943088308092959 -0.36753537709090123
1403715396.662143 -1.9147129077775906 -3.0392727769542072 0.65424581098441636 0.61752047214574812 0.53757439196933932 0.43929242959841791 -0.36973558237909215
1403715396.7121432 -1.9180247532575072 -3.0241295834960682 0.64714101340139651 0.61425642217565068 0.54057922915681866 0.43793757157390295 -0.37238935030978149
1403715396.7621431 -1.9218924411021694 -3.0095128861078853  0.6396188913854699 0.61259230681218213 0.54337280978432967 0.43456719659623938 -0.37500400913069931
1403715396.8121431 -1.9262474648221966  -2.994855505767883 0.63178543471173543 0.61146421344684199 0.54586876635296111 0.43044109780823514 -0.37796728285894349
1403715396.862143 -1.9311462800538637 -2.9801677112961378 0.62347802299326749 0.61072328852198399 0.54899776999432515 0.42616250586747256 -0.37947863179750707
1403715396.9121432  -1.938583905500757 -2.9690968062905307 0.61807201065713535 0.61010663376241858 0.55198396389348725 0.42215135557409861 -0.38062032529868206
1403715396.9621429 -1.9442691610827065 -2.9544084509581321  0.6087403542547597 0.61051145167678522 0.55630191378830329 0.41732465683272002 -0.37900406183367991
1403715397.0121431 -1.9459888548287276 -2.9457471813811655 0.60311332048653399 0.61178004974874067 0.55977214450147927 0.41165001041502836 -0.37805368123449129
1403715397.0621431 -1.9509910760485734 -2.9303320460829752 0.59327345951415988 0.61261283430573021 0.56335448297081492 0.40714938680101015 -0.37625339677954706
1403715397.1121433 -1.9552932622182662 -2.9155003581358154 0.58485687958426535 0.6137276001437425 0.56533999785968347 0.40319156194162542 -0.37572022040460912
1403715397.162143 -1.9589112071174923  -2.898689679015197 0.57623643036673022 0.61531059894880868 0.56605176369431753 0.39900879808602185 -0.37652389922787005
1403715397.2121432 -1.9632967152940468 -2.8798702268884235 0.56648249419484986 0.61721999389225279 0.56550614920875331 0.39436402082267946 -0.37910327541094152
1403715397.2621431 -1.9673377532633261 -2.8597029221101753 0.55677805779904854 0.61965447718221256 0.5640244346573049 0.38914858807554054 -0.38271156556388497
1403715397.3121431 -1.9705543534302241 -2.8379053114570976 0.54778696095508372 0.62157381475481266 0.56144465907656782 0.38549589911872412 -0.38706433492146086
1403715397.362143 -1.9724143053622507 -2.8147497432176096 0.53887719180959937 0.62295917249114907 0.55935684257592211 0.3827184564219287 -0.39060001944016093
1403715397.4121432 -1.9726912872641684 -2.7901102180517743 0.52776174408624066 0.62406171447030134 0.55770588745976335 0.3809200954441343 -0.39295165162133816
1403715397.4621429 -1.9713600465027836 -2.7643711248723943 0.51917442415220549 0.62484276675349049 0.55703219830296224 0.37899057355405524 -0.39452856936701125
1403715397.5121431 -1.9676934070361141 -2.7415887975180842 0.51092383157966792 0.6249335024453353 0.55698597557668461 0.37803110143752849 -0.39536973439835288
1403715397.5621431 -1.9614592836272051 -2.7154717249214655 0.50332208171745607 0.6246250863527103 0.556265400380484 0.37789199870917117 -0.39700118784456673
1403715397.6121433 -1.9531329916835469 -2.6916761926368866 0.49760810296350133 0.6240292386477202 0.55514853669655295 0.37842428920783738 -0.39898955983078793
1403715397.662143 -1.9442207119798383 -2.6617660606145228 0.49232484361181478 0.62223662360743548 0.55418102923507107 0.38100809321509294 -0.40067169101669148
1403715397.7121432 -1.9331340176224654  -2.630456656251325 0.48835587931917679 0.61956043579231423 0.55250994352026561 0.38531612598755927 -0.40300013866748252
1403715397.7621431  -1.920987349831133 -2.5998152410589617 0.48596837762197675 0.61693405598996687 0.5517712269263324 0.38962916891111965 -0.4038935434363965
1403715397.8121431  -1.907682231865665 -2.5686769356538424 0.48370373702194519 0.61467746916582311 0.55062030477075019 0.39343617233689604 -0.40521212614007124
1403715397.862143 -1.8929950784141005 -2.5372129238760821 0.48212989914161986 0.61277217678285945 0.55008423051016964 0.39680600271916844 -0.40553988078962822
1403715397.9121432 -1.8772215836133233 -2.5056438756641626 0.48103238755159328 0.61036376981631468 0.55020400867377506 0.40115878218600176 -0.40472614050734262
1403715397.9621429 -1.8609047964366323 -2.4742731186293323 0.48099950820612952 0.60686590230914028 0.54910532024336944 0.40722251760416461 -0.40542193459538639
1403715398.0121431 -1.8456000352337436 -2.4405982500824184 0.48073972575770124 0.60308460604140579 0.54781418572842344 0.41391455098673613 -0.40603364435971995
1403715398.0621431 -1.8286504069973208 -2.4100677399141843 0.47887728344445374 0.59937609780902057 0.5465907177686109 0.41973404887587745 -0.40719799709562515
1403715398.1121433 -1.8140301265064864 -2.3854295541933324 0.47698349457758693 0.59635560693736822 0.54538765683048041 0.42461198638628628 -0.40818740165322787
1403715398.162143 -1.7972231260006075 -2.3586446221261648 0.47560435196449086 0.59400894648234226 0.54412808565267701 0.42899889129146862 -0.40870276384382537
1403715398.2121432 -1.7827301458567184 -2.3352570093428273 0.47129471428107123 0.59308463916840526 0.54353479835599094 0.43164958453573826 -0.40804309812655726
1403715398.2621431 -1.7667303137388184 -2.3102182330597758 0.46704136843114941 0.59372551924192685 0.54343578226398392 0.43231758975985335 -0.40653297521882192
1403715398.3121431 -1.7505059873464406 -2.2888848238862596 0.46228567003720145 0.59515657942404143 0.54382106240179329 0.4325930600979751 -0.40362178138887583
1403715398.362143  -1.735807072718452 -2.2690659553171795 0.45609287952640482 0.59606159581001161 0.54443004299282982 0.43282538555068761 -0.40120903268763364
1403715398.4121432 -1.7208879530711512 -2.2495746480958827 0.45067792403288426 0.59802516076330314 0.54360894660715164 0.43172856130846571 -0.40058166410010715
1403715398.4621429  -1.706160407197824 -2.2305752573380864 0.44517714367546746 0.59913446359715805 0.54420588738297004 0.43212794922257336 -0.39767233015203968
1403715398.5121431 -1.6918511587368679 -2.2126427000213855 0.43982364260208562 0.60009954287690381 0.54436258604241716 0.43293300816043789 -0.39511887325373007
1403715398.5621431 -1.6782239336655878 -2.1971831367079022 0.43442394039492599 0.60032970496245297 0.5444824672118912 0.43447119755045849 -0.3929094892435363
1403715398.6121433 -1.6648515532780446 -2.1836616884742313 0.42910682551561974 0.59967502852647969 0.5429958684045455 0.43718565803212694 -0.39295552861408539
1403715398.662143 -1.6525839307295347 -2.1691990783709927 0.42556917164907238 0.5977436534122389 0.54228024731712476 0.44174307530747803 -0.39178784257932125
1403715398.7121432 -1.6415008255376125 -2.1568801677788993 0.42056350536041243 0.59445862323888032 0.54214064057929345 0.44767812830027737 -0.39023936824821842
1403715398.7621431 -1.6309844804540163 -2.1449049531822872 0.41754711104591236 0.59131544979603923 0.54209023816325197 0.45387713500748283 -0.38791720616391318
1403715398.8121431  -1.621824312515971 -2.1357066232968003 0.41300150944436353 0.58880196526678696 0.54251477336505882 0.45829139919958611 -0.38595201748185509
1403715398.862143  -1.614744472587464 -2.1270950474524311 0.40991172994500613 0.58704070901914962 0.54307843360752506 0.461606058587959 -0.38388652956255304
1403715398.9121432 -1.6096820981717457 -2.1204923104754001 0.40712624101447498 0.58584932848647753 0.54337564929212023 0.46381919538247862 -0.3826162856741207
1403715398.9621429 -1.6072990124620326 -2.1147084260589724 0.40429950244615309 0.58529337913991764 0.54360199479620641 0.46435567820318691 -0.3824948832455411
1403715399.0121431 -1.6065152884174558 -2.1104913836474073 0.40198572068053878 0.58450288786777627 0.54368455711149943 0.46521109862729365 -0.3825468731367298
1403715399.0621431 -1.6078168097841434 -2.1080498914145238 0.39983638640450164 0.5849233873423737 0.5437103226184008 0.46404072422085607 -0.3832883017817027
1403715399.1121433 -1.6112350136365774 -2.1072225660709707 0.39733790759688714 0.58633665568629734 0.54411132023102338 0.46106653717406915 -0.38414820797886584
1403715399.162143 -1.6155309019764619 -2.1059876216757103 0.39493765205705467 0.58797655753135347 0.54342299825278184 0.4577850190839633 -0.38653316683802363
1403715399.2121432 -1.6225665735828898 -2.1080058001675201 0.39300503404461712 0.58865233607197942 0.54348457564359254 0.45543526721151739 -0.38819023771145966
1403715399.2621431 -1.6283349510677902 -2.1150795497886343 0.39463559414821031 0.58854601986552868 0.54335428341418945 0.45353495865077936 -0.39075023541583853
1403715399.3121431 -1.6360995534165659 -2.1169761091779242  0.3929558239252422 0.5890821079587425 0.54456103438136327 0.45207945371590841 -0.38994835227797792
1403715399.362143 -1.6460048039222832 -2.1233879991500944 0.39167224248362265 0.58999642803561358 0.54639979942203598 0.45008597849072329 -0.38829638945375772
1403715399.4121432 -1.6560489239535729 -2.1313671977926525 0.39065907839870728 0.59106221738113973 0.54931395379402004 0.44754988523953776 -0.38548506530571069
1403715399.4621429 -1.6684871232133491  -2.140325456006956 0.38970878164167166 0.59170038975611106 0.55146865074758167 0.44606098315731924 -0.38314824195059793
1403715399.5121431 -1.6820858817374624 -2.1496270418139258 0.38894909698718155 0.59137530501952418 0.55344996031097227 0.44650898252768012 -0.38026059297137754
1403715399.5621431 -1.6966336816375835  -2.160485455369745 0.38745147057874002 0.59394727759768573 0.55613646817368545 0.44328019810276936 -0.37608712577216274
1403715399.6121433 -1.7128925234281884 -2.1718777315422506 0.38532326860610405 0.59958222598222599 0.55743394813767777 0.43598579846766378 -0.37374447324924209
1403715399.662143 -1.7302998226752062 -2.1835381935940901 0.38353866533173447 0.60494181344465159 0.55846268005811739 0.42919694686318388 -0.37142269469153683
1403715399.7121432 -1.7487028830801115 -2.1947911506290985 0.38210649011840075 0.60990205356330862 0.55906125045556465 0.42315806938186368 -0.36933352354658167
1403715399.7621431 -1.7681763187324289 -2.2055706723600892 0.38250359445989246 0.61352608697247424 0.55949510869783947 0.41914181491296892 -0.36724801284540587
1403715399.8121431 -1.7880152626987031 -2.2142280623060326 0.38406776761765998 0.61626197732675059 0.55945258794936448 0.41651997523598971 -0.36571175448362697
1403715399.862143 -1.8093050011012619 -2.2214661658834864 0.38529959952679294 0.61797633827696463 0.55977362888414051 0.41480831627331149 -0.36427021630401718
1403715399.9121432 -1.8302626339963688 -2.2288213669640085 0.38760368240490545 0.61938693587969396 0.5600722790110263 0.41384020368054275 -0.3625122780853165
1403715399.9621429 -1.8506927387703673 -2.2348159828486525 0.38995866016139968 0.62101517058122879 0.55965008878408884 0.41410880544156192 -0.36006365171687571
1403715400.0121431 -1.8732459154194623 -2.2389522138493119 0.39396515792587666 0.62248120685196606 0.55818428008308929 0.41645644489107236 -0.35708750481210133
1403715400.0621431 -1.8945105254053392 -2.2420352237452597 0.39788389757905201 0.6239269964028904 0.55550138299696339 0.41999967935449273 -0.35458932018639838
1403715400.1121433 -1.9166483711131848 -2.2432535014799058 0.40181134070049246 0.62553138647790962 0.55232053273836457 0.42428818867176421 -0.35161349035591172
1403715400.162143 -1.9402888487291285 -2.2434754972513642 0.40542166444576117 0.62842006404592643 0.54795433801110449 0.42820967588743913 -0.34852652701867665
1403715400.2121432 -1.9633394832177953 -2.2420552389317399 0.40933845003718333 0.63155018614646774 0.54305442674518278 0.43322605632674205 -0.34431299146329303
1403715400.2621431 -1.9873390808761042 -2.2391010980439505   0.413559835102285 0.63429201178799932 0.53944926344663302 0.439390266663502 -0.33705241359496918
1403715400.3121431 -2.0124161812882959 -2.2353125594679031 0.41769525199015822 0.63810023201755151 0.5347192633058615 0.44487625903505762 -0.3301340901751228
1403715400.362143 -2.0407927854246952 -2.2283094226784863 0.42176099747860635 0.64211297116667509 0.52940446623623105 0.45076651418778235 -0.32284887033352272
1403715400.4121432 -2.0685351533002181  -2.221994824683565 0.42486941310754311 0.6475999367934997 0.52304355527887725 0.45525547590418275 -0.31588322653402096
1403715400.4621429 -2.0976949281692034 -2.2153641940960478 0.42786790054131202 0.65406424078184455 0.51457843183647078 0.45872307756202413 -0.31141956350109579
1403715400.5121431 -2.1284097590933988 -2.2064981214303532 0.43089413144743505 0.66202438509911155 0.50447226631461795 0.46119674594361271 -0.30745570019851537
1403715400.5621431 -2.1598796365514903 -2.1953619458343088 0.43253568854661895 0.67063740790696114 0.49388748346513861 0.46328897886816045 -0.30279356474601976
1403715400.6121433 -2.1914880049838281 -2.1838362741461341 0.43588837349528464 0.67987199388710873 0.48196546760297115 0.46499986666569876 -0.2987615838207765
1403715400.662143 -2.2242879543955536 -2.1707918369473855 0.43658082414970517 0.68947213105257033 0.47000940621697451 0.46652966098045862 -0.29337589197964592
1403715400.7121432 -2.2572458672867977 -2.1564881592475134  0.4369816286963687 0.69867556915701967 0.45764096477169164 0.46889283146481248 -0.28732683311320095
1403715400.7621431 -2.2905841907493105 -2.1418613027977624 0.43867151478865835 0.70803770906795271 0.44483359360750113 0.47062914677037787 -0.28162720526651525
1403715400.8121431 -2.3239303898455157 -2.1249719525608088 0.43835437718113263 0.71685827154758908 0.43059821114013191 0.47293541598302091 -0.27754547624792691
1403715400.862143 -2.3576531156791223 -2.1071862285977128 0.43768014551145845 0.72530336480297941 0.41579735278613889 0.47540264306837093 -0.27393414789894732
1403715400.9121432 -2.3902093347331848 -2.0874992773839565 0.43613602530958068 0.73366953513194022 0.40309171706245073 0.47593355622352795 -0.2696911769327171
1403715400.9621429 -2.4196779667796036 -2.0684804634246228 0.43605210311846232 0.74090107873603994 0.39234209930408309 0.47551432500164464 -0.26649464414818502
1403715401.0121431 -2.4506143141280101 -2.0471632785900402 0.43517660057075547 0.74744461548194474 0.38259002418726373 0.47508418939848995 -0.26314717015962114
1403715401.0621431 -2.4804598206624076 -2.0249058753351599 0.43503092121052567 0.75277511254263907 0.37585877761260689 0.47471174648039044 -0.25828001661280653
1403715401.1121433 -2.5083314388290368 -2.0015946247872218 0.43542174586417381 0.75639605517917052 0.37021229807813638 0.47535165331438778 -0.2546540157790021
1403715401.162143 -2.5352093405872522 -1.9775310376425201 0.43655001311647451 0.75916247261965364 0.3666000345119847 0.4763951552332284 -0.24964857486501643
1403715401.2121432 -2.5572075929993554 -1.9546566534760605 0.43638985209875214 0.7606514170894122 0.36496504623143738 0.47805747533391363 -0.24427645606263138
1403715401.2621431 -2.5796892464054251 -1.9274285037640115 0.43882651944318812 0.76153690242444716 0.36452752362855234 0.47975146150350167 -0.23878811936163755
1403715401.3121431 -2.6007245625467976 -1.8977497557581373  0.4411982653196721 0.76213065706147387 0.36394715954178253 0.48150412711557738 -0.23420739142729993
1403715401.362143 -2.6193129797424906 -1.8661181036043166 0.44357559912673822 0.76182325698220399 0.36222075055605052 0.48401880451571699 -0.23269561633776956
1403715401.4121432 -2.6382408594441231 -1.8327879367191913 0.44822953339298671 0.76119604395055984 0.36060137622220212 0.48636016206459975 -0.23238120168629664
1403715401.4621429 -2.6531438659967437 -1.7987937027192644 0.44763651582432634 0.76002463175340762 0.35938849080172836 0.48916987520787364 -0.23219669462864156
1403715401.5121431 -2.6684980785947885  -1.762715530243953 0.45279926679582522 0.75869409590833858 0.35746607907018535 0.49179178431257625 -0.23397032296996423
1403715401.5621431 -2.6808188927750738  -1.730446305711411 0.45532070665495417 0.75776673128452776 0.35497009591610984 0.49372698935961878 -0.23668432973384007
1403715401.6121433 -2.6931618881831736 -1.6931869199304725 0.46088700289861195 0.75576861757200064 0.35181989075097531 0.49692397368798524 -0.24104589923792832
1403715401.662143 -2.7031048297367724 -1.6565131783336648 0.46486291901817667 0.75428201435797271 0.34897038113469231 0.49968578614581449 -0.24411560996918255
1403715401.7121432 -2.7130833809136887 -1.6185816110207449 0.47129669186989198 0.75340018158834399 0.34232760270975404 0.50285587869759396 -0.24967167253197539
1403715401.7621431 -2.7220521179702106 -1.5804718288209603 0.47738138458495494 0.75390538782696737 0.33387583758105105 0.50492125674256294 -0.25535879811459911
1403715401.8121431 -2.7282557613234877 -1.5470059529417053 0.48067383423200033 0.7539947808923001 0.32772407635125833 0.50806673630626265 -0.25682093299805164
1403715401.862143 -2.7343328085988299 -1.5108750103276016 0.48645645834559975 0.75478243386640542 0.32226461657973288 0.51042927254136594 -0.2567312839533103
1403715401.9121432 -2.7392261048054203 -1.4754161547166811 0.49167929394209342 0.75476615046855844 0.32076082763730052 0.51308965732730194 -0.25333683724255196
1403715401.9621429 -2.7433115606817466 -1.4431012015995932 0.49687388036286162 0.75395818960822647 0.32192147156152051 0.51598433363510965 -0.24834206633891634
1403715402.0121431 -2.7469700557738594 -1.4099391406106374  0.5008699488943944 0.75288334626808051 0.32373667556410135 0.51872475503927229 -0.24348687914614275
1403715402.0621431 -2.7478332451706309 -1.3820791113744084 0.50218078043326408 0.75177585720873918 0.32617710178660059 0.52058720007690162 -0.23964666887785274
1403715402.1121433  -2.750104451733824 -1.3493030323177613 0.50562517584827438 0.74904013427252525 0.32706564232583035 0.52442853529804834 -0.23862450465979629
1403715402.162143 -2.7527499868846288 -1.3215956642538667 0.50919727122252434 0.74356657948870986 0.32661325823547899 0.53202298061549413 -0.23954972241534744
1403715402.2121432 -2.7550654301374546 -1.2916247935582121 0.51305718317668791 0.73987026911538589 0.32479204924106481 0.53788188406859083 -0.24038549960373912
1403715402.2621431 -2.7597557347563719 -1.2655020334970912 0.51703170614234351 0.73810851989637905 0.32247622339919452 0.54186302248700524 -0.23997783868477668
1403715402.3121431 -2.7625259862016778 -1.2381065329190744 0.51818902080440721 0.73884042988353649 0.32197175377786796 0.5431052566208352 -0.23555400478347188
1403715402.362143 -2.7644616832560684 -1.2152603271377569  0.5165949316566214 0.74133736630940583 0.32161215288693029 0.54287920469930895 -0.22861911891596828
1403715402.4121432 -2.7680469264965413 -1.1948521835303774 0.51841143827943392 0.7432633232386523 0.31980077685347208 0.54432001777080274 -0.22136579163489403
1403715402.4621429 -2.7723896788692808 -1.1708536935119565 0.51828525900492295 0.745050256297353 0.31677553732995362 0.54722557696092777 -0.21236181968599657
1403715402.5121431 -2.7778567924142084    -1.1468930041903 0.51899439640904088 0.74495573450753194 0.31337526722698938 0.55268609937498925 -0.20340838496093594
1403715402.5621431 -2.7852980741721312 -1.1223607107351252 0.52348425562209222 0.74554796199533946 0.30989104383221983 0.55621107332540776 -0.19686294528775877
1403715402.6121433 -2.7924261704923059 -1.0982140975699248 0.52523539140087339 0.74486310367065356 0.30617726991782462 0.56077303934461242 -0.19227073235413281
1403715402.662143 -2.7962753420324229 -1.0730660784668402 0.52681054481979661 0.7447666353902167 0.3032309570174842 0.56373188598542434 -0.18862663183949743
1403715402.7121432 -2.8063395975198833 -1.0477512758627185 0.52710491078212252 0.74522590614478601 0.29954470459196703 0.5658140719279191 -0.18645577161874491
1403715402.7621431 -2.8185998264036471 -1.0226092497648005 0.52688929111487393 0.74969548069299408 0.29384642592550703 0.56235816511102854 -0.18805387082499314
1403715402.8121431  -2.8321730951054191 -0.99691836026288561  0.52635131671560054 0.75408534008314754 0.28791059138244779 0.55862729539749301 -0.19078347957403213
1403715402.862143 -2.8464503839551418 -0.9709566105449251 0.52651315526262554 0.75839557042401218 0.28248657580018577 0.55443469564729153 -0.19400943666847298
1403715402.9121432  -2.8620606013980616 -0.94595415558334539  0.52597559914503178 0.76277548629475866 0.27725769913411979 0.54993324353937179 -0.19716783061370433
1403715402.9621429  -2.8850850155150192 -0.92706440260714329  0.52640545491836577 0.76757665451185841 0.27367929784826867 0.54411006847611987 -0.19967462222469362
1403715403.0121431  -2.9027210159444321 -0.90391919919349328  0.52634152559557201 0.7732044454048238 0.26972961661533651 0.53711976013606488 -0.20224535297044163
1403715403.0621431  -2.9199270873879555 -0.87898906593464921  0.52568391298986028 0.77894368097728117 0.26762382589439881 0.52990421727962222 -0.20205382992776738
1403715403.1121433  -2.9346563507897523 -0.85539655010356253  0.52668206329687195 0.78401423795298997 0.26535303027243123 0.52342529680917393 -0.20232499270346885
1403715403.162143  -2.9502228449719605 -0.83411372989714105  0.52776380736073991 0.7880575388863007 0.26464452184188514 0.51763069694470076 -0.20245259702974958
1403715403.2121432  -2.9616164987838745 -0.81101807212254273  0.53023447712786742 0.79097818562277511 0.26331667973625039 0.51379292408758326 -0.20257015377175089
1403715403.2621431  -2.9744556898112124 -0.78948690895446594  0.53221221434742494 0.79247926011024483 0.26473422736985031 0.51172140473650951 -0.20008402007282053
1403715403.3121431  -2.9821725211434003 -0.76618549046663653   0.5354302277368832 0.79255292675683953 0.26656313007481564 0.5116146146414513 -0.19762196755210235
1403715403.362143  -2.9880793085455255 -0.74208523508326985  0.53860693943177695 0.79191167414707253 0.26754497826011864 0.51318385858109283 -0.19477657007246646
1403715403.4121432  -2.9922732881148195 -0.71939656357556803  0.54230744540511333 0.79128824289678978 0.26745593511072585 0.51529216327309435 -0.19184427512097701
1403715403.4621429  -2.9940351125461437 -0.69604156584371124  0.54567354032212689 0.79096155925144707 0.26581365731581114 0.51776710397610048 -0.18878595660460065
1403715403.5121431  -2.9977212641213073 -0.67112754799397711  0.54759421323964308 0.79096020467098527 0.26196030532400194 0.52105646782569293 -0.18509162703483281
1403715403.5621431  -2.9997191284223974 -0.65028658949970464  0.55000899016466975 0.79184801735464749 0.25672343527709357 0.52338967925376023 -0.18202483028885891
1403715403.6121433  -2.9991855423025968 -0.62868131636161007  0.55218356294280335 0.79421559407815212 0.25056558855901206 0.52437838713113849 -0.17738597200148004
1403715403.662143  -2.9961098261261578 -0.60561381167703687  0.55209113666472576 0.79694697840561413 0.24332098102029245 0.52542129081270816 -0.1720548777750624
1403715403.7121432  -2.9921070460764336 -0.58271851234596528  0.55281919465797535 0.80108462307638995 0.23520722129278271 0.52455968365512429 -0.16666771734778824
1403715403.7621431  -2.9888723742518422 -0.56195553764982309   0.5544170725819183 0.80551484505567161 0.22577206902715113 0.52326348683329482 -0.16238266714523217
1403715403.8121431  -2.9817536216889087 -0.53875161021851392  0.55566700660977908 0.80947862310718799 0.21516132253576145 0.5229729018765471 -0.15795349923308652
1403715403.862143  -2.9737088372910487 -0.52050406159470153  0.55737480250348304 0.81252649960184853 0.20493260078890074 0.52370454304474057 -0.15341730076156307
1403715403.9121432  -2.9627484730170885 -0.49775096482159736  0.55947597464509935 0.81552819887878647 0.19464247032443283 0.52463746493675723 -0.14759266907356111
1403715403.9621429  -2.9498438686738564 -0.47494771055533036  0.56193827861493828 0.81799543178520351 0.18421271551006166 0.52613914649895988 -0.14186876874172719
1403715404.0121431  -2.9347589671948553 -0.45195249888035444  0.56493196513230215 0.81965165018616692 0.17458084741272725 0.5286539721780823 -0.13497287788323617
1403715404.0621431  -2.9174890585336883 -0.43042781642267963  0.56792192568244548 0.81963318204562752 0.165090189482339 0.53344333367679375 -0.12800346082131406
1403715404.1121433  -2.9003208796090441 -0.40943607592219888  0.57339124269578934 0.81928146240993882 0.15693753961328402 0.538296169410866 -0.11994051862964925
1403715404.162143   -2.880023646420232 -0.38795374437387831  0.57723523882649619 0.81795604436459213 0.15032161541005903 0.54448022410343022 -0.10905323006778891
1403715404.2121432  -2.8618287312196493 -0.36691814299517689  0.58212237524389165 0.81705789603265089 0.14380834389022598 0.54949989473075478 -0.098921284105787752
1403715404.2621431  -2.8392292479004406 -0.34268761899950689  0.58517973417370528 0.81581457181189543 0.13904420522496774 0.55426175695830793 -0.088922427914561536
1403715404.3121431  -2.8181031832044918 -0.31950591847822252  0.58793555938840514 0.81519053019362864 0.13507421663663441 0.5576037317903495 -0.079356371994354302
1403715404.362143  -2.8012655413486254 -0.30040970461208366  0.59122881170222552 0.81517381111030518 0.13153191824830493 0.55926947321324694 -0.073543650260230686
1403715404.4121432  -2.7796083207864823 -0.27430698220368899  0.59278415833549214 0.81487085095243705 0.12842184401078796 0.56120223721825147 -0.06741939772906165
1403715404.4621429  -2.7570266524952847 -0.24637965196181785  0.59323944671655537 0.81417173324864733 0.12519123215158193 0.5633747922177319 -0.0637211712454335
1403715404.5121431  -2.7363207614796288 -0.21921378234965389  0.59441416780141976 0.81333037324721114 0.12343461790804978 0.56538796315011719 -0.059950397666803719
1403715404.5621431  -2.7147346674826465 -0.18997943847717613   0.5945572994694589 0.81258990494068739 0.12155172842168831 0.56710458065748681 -0.057577932434926246
1403715404.6121433  -2.6941793884752037 -0.15975740811147193  0.59394587196527893 0.81189337351950819 0.11924635870713721 0.56868261639639095 -0.056652782621478902
1403715404.662143  -2.6715264378297143 -0.12809169770593395  0.59284094958353517 0.81159097849174844 0.11555231618735402 0.56955426558555244 -0.059797026747541532
1403715404.7121432   -2.6519191022445705 -0.096433069726060555   0.59116059500419549 0.81102459547531613 0.11239733287770245 0.57069811874541776 -0.062526813100621054
1403715404.7621431   -2.6307191071916161 -0.063507206653941717   0.58842747406024964 0.81033505282921114 0.10825495309923711 0.57199446610896199 -0.066785462688261826
1403715404.8121431   -2.6120114475435963 -0.031197022021412214   0.58592935922844636 0.81068412683522462 0.10462896758176757 0.57189864685554948 -0.069108345118188141
1403715404.862143   -2.5921110577483777 0.0016046705556501354   0.58365860823378324 0.81124212126834305 0.10008687876819398 0.57186744596055217 -0.069544673620880279
1403715404.9121432  -2.5741356409145326 0.033511588429972088  0.58074190916212365 0.81114638282454099 0.094762816972999764 0.57293907413916767 -0.069299144832806303
1403715404.9621429   -2.557293802061122 0.064595049352880504  0.57788219690961107 0.81082394336385621 0.087935354646746677 0.57455159141747669 -0.068719539220531423
1403715405.0121431  -2.5390145053945132 0.094563569482788531  0.57518779294267453 0.8102505993189475 0.079594704259032187 0.576708964149513 -0.067567891981320474
1403715405.0621431 -2.5213656884719642 0.12535401673148025 0.57196268659278848 0.81012954217972832 0.06946355179981191 0.57842775766961563 -0.065469603758684866
1403715405.1121433 -2.5050430049591745  0.1552482591830727 0.56847723909002168 0.81046555227076 0.057187551114746618 0.57949483834319315 -0.063725229803796579
1403715405.162143 -2.4888290195167917 0.18289797186332277 0.56391972060871109 0.81172445607207977 0.04415961466480009 0.57929023179243488 -0.059801030066460766
1403715405.2121432 -2.4740935903171009 0.20958329563613926 0.55959507759970473 0.81324855991434941 0.030102209920280166 0.57858485952480321 -0.054407693241086422
1403715405.2621431 -2.4603890649581937 0.23517033058507641 0.55519188799246222 0.81467831751443143 0.01551718662342115 0.57773435326982892 -0.047764766753767646
1403715405.3121431 -2.4475784691254097 0.25808675030387962  0.5517882494162919 0.81591914745056104 0.0018367631198803647 0.57685335209541233 -0.038894489340745339
1403715405.362143 -2.4331512509618762 0.27967048035783543 0.54619308990877113 0.81707228114288188 -0.011573082727482671 0.57567904352561194 -0.029199143644753393
1403715405.4121432 -2.4203115509837301 0.30031713671066773 0.54178324438524883 0.81828311603667092 -0.024267273847304385 0.57400799991770002 -0.018402648174047451
1403715405.4621429 -2.4069547636826152 0.31846220233680766  0.5370303730422965 0.81943079402253427 -0.037585088436507541 0.57187689270505682 -0.0087951421152748944
1403715405.5121431  -2.394301090071838 0.33627226514685732 0.53285618750351826 0.81983875150601393 -0.051143518128257966 0.57030496141508669 0.0010065127228946428
1403715405.5621431 -2.3801634495146651 0.35204686458485562 0.52957223732228142 0.81995632705871269 -0.064540837124488895 0.56866703026749865 0.011131520399273471
1403715405.6121433 -2.3664364532682676 0.36793282996943144  0.5262099082992624 0.82019846021666398 -0.075852580331541269 0.56654457070046382 0.023411991053470214
1403715405.662143 -2.3533603716598068 0.38142613140117448 0.52196078973860038 0.82097190123172215 -0.086248465911393873 0.5632256152056907 0.036650319126494683
1403715405.7121432 -2.3402773621262374 0.39563156103659991 0.51731221480413081 0.82149281342285951 -0.096779638611725283 0.55983536165209469 0.04865826639582594
1403715405.7621431 -2.3264923103209751 0.40952147422237012  0.5128860749838583 0.8215308493051876 -0.10709808684224013 0.55674704109907647 0.060413538731416756
1403715405.8121431 -2.3063235410122198 0.42511676750740562 0.50689388514141331 0.82178137064846957 -0.11875693401481383 0.55278249681249203 0.070736699783572235
1403715405.862143 -2.2907560636890367  0.4393053813891985 0.50211614848613473 0.82154637319943025 -0.12997856325544585 0.54921494749826516 0.080808856082676031
1403715405.9121432 -2.2728387836362165 0.46112019998377518 0.50011775228086142 0.81960672937863288 -0.14287868131898673 0.54754071775885504 0.089608336542566031
1403715405.9621429 -2.2545515605802384 0.47420229843936229 0.49461259167770633 0.81591119116277844 -0.15591205513710776 0.54802944699010703 0.098204299447515617
1403715406.0121431 -2.2364284839486128 0.48636032026992004 0.48958777160634931 0.81099487472363752 -0.16830182381866104 0.54986612562546811 0.1077453161902676
1403715406.0621431  -2.216061036857726 0.49823496760420488 0.48769740241802417 0.8059821513067883 -0.1814595786304492 0.55132805376592142 0.11620056036363406
1403715406.1121433 -2.1964027713781844  0.5100280292063194 0.48176086328555151 0.8012602789524812 -0.19399812441791128 0.55188595624048042 0.12557302417261229
1403715406.162143 -2.1772610571508384 0.52151123918599041 0.47536443772800901 0.79679587633300053 -0.20685145334494573 0.55174282744384007 0.13382324189798434
1403715406.2121432 -2.1573455325922466 0.53302250795780715 0.46747910548779453 0.79230040903538013 -0.22002159778162977 0.55114781431770288 0.14172736194823829
1403715406.2621431 -2.1377706797519394 0.54456797674152235 0.45973610271824722 0.78804878038179327 -0.23315424877628513 0.54949891084005165 0.15056282078232811
1403715406.3121431 -2.1183249341790718 0.55444672159283914  0.4516041317642514 0.78437685523663714 -0.24563602528363973 0.5472294454865696 0.15797413093415141
1403715406.362143 -2.1000819901764878 0.56456084378650184 0.44324808269210159 0.78110904894175903 -0.25891540458209306 0.54417162359059013 0.1634279994681852
1403715406.4121432 -2.0811728615407028 0.57369738211348886 0.43403228380300263 0.77800132186971616 -0.2719574953063576 0.54057822473420036 0.16890306941819408
1403715406.4621429  -2.063273259953593 0.58219209551900974 0.42276278310292381 0.77428975442419701 -0.28577932421965235 0.53754374035539743 0.172778127223919
1403715406.5121431 -2.0422770512244712 0.59195560289415916 0.41120610229119747 0.77099001133657252 -0.29837477869399637 0.53364084087599462 0.17825360250974417
1403715406.5621431 -2.0237245038014109 0.59880672799541768 0.40095540934825769 0.76726147562084268 -0.31087221218525984 0.53016923973593222 0.18327267378688344
1403715406.6121433 -2.0058304250225296 0.60503623474363588 0.39103395589667111 0.76300352574236197 -0.32249597005909542 0.52732284674507091 0.18908353789011489
1403715406.662143 -1.9907002820529538 0.61442330579841675 0.38190768563212518 0.75848843130893673 -0.33326191390555948 0.52466146730520702 0.19586255649219642
1403715406.7121432 -1.9729497883499756 0.61952023027055247 0.37243755361665337 0.7538704120703531 -0.34358135040894477 0.52208543394829354 0.2026278784251174
1403715406.7621431 -1.9564074322075009 0.62159486540487074 0.36225992000750495 0.74907066900476349 -0.35262730774043655 0.51957388294639484 0.2111636683534685
1403715406.8121431 -1.9407087006123749 0.62368745571292805 0.35174184932971359 0.74382518639403328 -0.36177666869044295 0.51723008710520491 0.2198062125379294
1403715406.862143 -1.9236837640765998 0.62486367156222522 0.34225004123747682 0.73860567239500274 -0.37097128021567866 0.51429219305040963 0.22879141183284529
1403715406.9121432 -1.9083992314695197  0.6241393850740139 0.33307932132139689 0.73387096195404911 -0.37972891143297138 0.51084225168294373 0.23723313199903054
1403715406.9621429 -1.8944844777382213 0.62570309422698867 0.32520484024457313 0.72881509629490704 -0.38812397748454502 0.50754487203766308 0.24614332487901019
1403715407.0121431 -1.8801251544405058 0.62370040291314532 0.31687753104126976 0.72403361114008313 -0.39711813426308717 0.5038944090982268 0.25330405022108193
1403715407.0621431 -1.8648983559525085 0.62104077416002812  0.3097738485822723 0.71927376260097009 -0.40688142147897527 0.49991289466360295 0.25919078115964961
1403715407.1121433  -1.851983695455536 0.61845721521028563 0.30362438509836193 0.71491094302485825 -0.41647386261095182 0.49536065295002912 0.26470679782382428
1403715407.162143 -1.8384677285406261 0.61469322402896676 0.29590678163667239 0.71123802757212307 -0.42578977857319872 0.49021250212660372 0.26932366282352005
1403715407.2121432 -1.8216568152913906 0.61233426314183859 0.28832527251419859 0.7093737107878989 -0.43467405953881716 0.48319004242071933 0.27271740559141933
1403715407.2621431 -1.8067884046099953   0.605420864865303 0.28219597425532633 0.70861367748301085 -0.44233237862678415 0.4763191985608668 0.27446082413471767
1403715407.3121431 -1.7925695958558165 0.59977285349581677 0.27648172287339351 0.70900959197621327 -0.44810455275413613 0.4691536559513515 0.27641012172896345
1403715407.362143 -1.7780634115684442 0.59188055736453626 0.27152131216861636 0.70876465323980919 -0.45262757414689486 0.46413253710701979 0.27814013273591254
1403715407.4121432 -1.7629251409988103 0.58199435634431973 0.26711597052992614 0.70808834722231007 -0.45551622050799029 0.46100177035562628 0.28034484677102883
1403715407.4621429 -1.7469472317080508 0.56978177115034312 0.26387418842579313 0.70622430751368326 -0.45704904408302238 0.46075528307224217 0.28294516765732575
1403715407.5121431 -1.7281442015613551 0.55363201380181382 0.26008232724857261 0.7050954977803392 -0.45766012983938331 0.46005211605223728 0.28590137299627172
1403715407.5621431 -1.7105928020196111  0.5367801857739779 0.25752660246243969 0.70317499351444812 -0.45839325394382496 0.46123472423488338 0.28754666124773387
1403715407.6121433 -1.6925892850527557   0.519830966170999 0.25637376248127369 0.70160697250641468 -0.45767330134498058 0.46247361650496627 0.29051843212296724
1403715407.662143 -1.6735290791315196 0.50104425355301652 0.25549318916652297 0.70075076675833547 -0.45528876051113065 0.46330912952052039 0.2949663674773465
1403715407.7121432 -1.6534148124904438 0.48050745174796433 0.25267906123371697 0.70005806522897052 -0.45084104509956169 0.4645205652613365 0.30146592147487278
1403715407.7621431 -1.6339414301576671 0.45943724911922956 0.25347817436345627 0.70017789669518904 -0.44652828424342822 0.46524671947475638 0.30644558141389283
1403715407.8121431 -1.6161588125429176 0.43563180085857856 0.25400858593799447 0.70098339844413116 -0.44288958635198644 0.46571235700133568 0.30916514994892846
1403715407.862143 -1.5945961125399462 0.41496601444281417 0.25470129318217088 0.70115375671471059 -0.4403970763889814 0.46634115343111382 0.31138361095186812
1403715407.9121432 -1.5715930166026464 0.39180064025294548 0.25372360397566573 0.70037737956920998 -0.43991540530209888 0.46847618141869418 0.31060590755653017
1403715407.9621429 -1.5486328416882695 0.37045020879668478  0.2548433196319923 0.70046647981380739 -0.43949889481983923 0.46917774022863612 0.3099349612149998
1403715408.0121431 -1.5247204532612553 0.34763934218795145 0.25824819440098851 0.69882806669009045 -0.4403298782847434 0.47211731992311978 0.30798403810026281
1403715408.0621431 -1.5004985167750646 0.32452451245650848 0.26392634809894444 0.69859076999440939 -0.44074385827764578 0.47307545382453053 0.30645619990117251
1403715408.1121433 -1.4759379891981654 0.30221509986101763 0.27286824490897943 0.6977640729625052 -0.44106751239284631 0.47484780881231053 0.30512998289337206
1403715408.162143 -1.4518645014146112 0.27840815869339247 0.28465924625540273 0.69720147872692706 -0.44100087221469059 0.47672984577247079 0.30357368613999597
1403715408.2121432 -1.4266478658622792 0.25598009974970631 0.29996024836046464 0.69620794560261279 -0.44080271708481344 0.47897836141503713 0.30260071114688653
1403715408.2621431 -1.4017183930647945 0.23308064231124548 0.31581777929820137 0.69594476142780703 -0.44041588071370497 0.47997006087962096 0.30219775266467053
1403715408.3121431 -1.3776376670891544 0.20863460723052737 0.33211305882405256 0.6957761473060301 -0.44031640270763556 0.48118034010058208 0.3008030894909044
1403715408.362143 -1.3532815698911536 0.18510474131512994 0.34597897022798513 0.69522353928325398 -0.43997863561760253 0.48255718084642168 0.30036910267218336
1403715408.4121432 -1.3280173741356909 0.16183019645174265 0.35707517096834535 0.69419999928703935 -0.43846017821359862 0.48554843526964558 0.30013621927047179
1403715408.4621429 -1.3045319241995197 0.13957003013544589 0.36615352412726693 0.69379880069411604 -0.43496165949459248 0.48914379439538819 0.30031637872350364
1403715408.5121431 -1.2795711340300822 0.11813430862596035 0.37151132789454711 0.69308520605864699 -0.43057931327962523 0.49448341400941637 0.29953381342993884
1403715408.5621431  -1.2536238765191323 0.097282108816771753  0.37477851327428863 0.69363397936978743 -0.4248986272841902 0.4990771818753959 0.29875579613951814
1403715408.6121433   -1.228250513293379 0.075771677186756675  0.37291522070844435 0.69389636429415935 -0.4180870149248877 0.50542357122752346 0.29708264375112964
1403715408.662143   -1.203122646015419 0.053817465509581247  0.36956983494581053 0.69589856486149171 -0.40910651611615911 0.51061068161983891 0.29603002839363912
1403715408.7121432  -1.1799284464101305 0.037028926262599828  0.36800705662995947 0.69832848017707561 -0.40016392025584058 0.51608512389650174 0.29302272197183887
1403715408.7621431  -1.1580080622100275 0.019312401769162487  0.36685052491871328 0.70169378831516516 -0.3909667373224332 0.52138795915822633 0.28796776519635586
1403715408.8121431   -1.1351413209649874 0.0026665277051364559   0.36546748434604537 0.70578311030723029 -0.38103894816336231 0.52607584774547667 0.28270784143084626
1403715408.862143   -1.1129406567382765 -0.012245800387552765   0.36379913720860263 0.71069656908374068 -0.37150147207599887 0.53013844093219231 0.27540928884834337
1403715408.9121432   -1.0917627669426087 -0.025255694204074589   0.36435164045734719 0.71595907540480441 -0.36133714393420635 0.534082001388135 0.26757146064595999
1403715408.9621429   -1.0717019465570792 -0.036526773921718131   0.36391825213091156 0.72178585589405808 -0.35037318006793122 0.53740619630146735 0.25972753627052314
1403715409.0121431   -1.0514332401892839 -0.046510281352699058   0.36299348148887961 0.72700363683492053 -0.33905058971197694 0.54167374435899862 0.25119706271543457
1403715409.0621431   -1.0329248421483144 -0.056414031420139787   0.36323716553989083 0.73276411333846225 -0.32755436271154087 0.54490850891388598 0.24256877495914239
1403715409.1121433    -1.015592972825837 -0.065108549836926696   0.36602820820711762 0.73776348249945678 -0.31696237464809035 0.54893619855474374 0.23218300296099312
1403715409.162143  -0.99661127252136628 -0.072607747655290975   0.37018758070523627 0.74178697094189217 -0.30826200748674631 0.55276383904856419 0.22176285243788385
1403715409.2121432  -0.98203265442503163 -0.079268725252186603   0.37401560140457973 0.74616639350006408 -0.30038612036332801 0.55487689576082089 0.2124041488648728
1403715409.2621431  -0.96864383876056925 -0.086342321212193401   0.37773208158177829 0.75071953241049838 -0.29413677403816535 0.55515880118241479 0.20421177068300461
1403715409.3121431  -0.95441592349992421 -0.093020890006603449   0.38321664475616096 0.75395047152581052 -0.28903453879413121 0.55602730842034997 0.19710746855685837
1403715409.362143  -0.94360833025841162 -0.098425522730561973   0.38970755361983384 0.75645383015501988 -0.28423965781545207 0.5568870147805538 0.1919955013471891
1403715409.4121432 -0.93460690815613612 -0.10358760420611737  0.39736821403408507 0.75838097197905607 -0.27980748673968941 0.55753706898234467 0.18899335547869672
1403715409.4621429 -0.93019998299068385 -0.10594012108256393  0.40777988704213902 0.75990746952223742 -0.27480937008163336 0.55823933805985126 0.18812041176370228
1403715409.5121431 -0.92085198071083496 -0.11064322629045725  0.41663585751644017 0.76072203472707467 -0.27038054251657656 0.55858520482625373 0.19020756309451378
1403715409.5621431 -0.91282563829068608 -0.11599340194802542  0.42647924962279488 0.76247665427173006 -0.26773892579622122 0.55621232434864631 0.19383774025393147
1403715409.6121433 -0.90694249774306324 -0.11956074464048644  0.43551200425393899 0.76427737963960762 -0.26957115222047934 0.55268944557703681 0.19428293185322768
1403715409.662143 -0.90223583466632373 -0.12452762706370463  0.44372688139256505 0.76604350575072455 -0.27188935400924213 0.54921137305376411 0.19395977464921965
1403715409.7121432 -0.89601165343431988  -0.1298925442304531  0.45203788040314857 0.76843223043311071 -0.27525912475905934 0.54455571693878957 0.19288180997116461
1403715409.7621431 -0.89302965031500758 -0.13370742601150426   0.4619850964366578 0.77100721304207132 -0.27850963282510266 0.5395077373654702 0.19212408277859253
1403715409.8121431 -0.88726267181900098 -0.13733267346268904  0.47197713903228278 0.77348169144080825 -0.28208378012110641 0.53421522320460202 0.19175220805745832
1403715409.862143 -0.88792592940537807 -0.14187349855910633  0.48281788134111364 0.77566655747214208 -0.28449304732472241 0.52989944685963675 0.19134177238925246
1403715409.9121432  -0.883045256580269 -0.1455575713791154 0.49404355369914899 0.77792550462549093 -0.28873210914323394 0.52449482061181929 0.1907114615177872
1403715409.9621429 -0.87776072820423112 -0.14977311414848088  0.50489910371618185 0.77982801287245707 -0.29183108501464333 0.51978936766704031 0.19110704178252927
1403715410.0121431 -0.87146953053522536 -0.15435012621950037  0.51660097590304732 0.78070572980260045 -0.29533722524209488 0.51644527268419638 0.19120347057999557
1403715410.0621431 -0.86471034178669359 -0.15999533287893025  0.52883611399329655 0.78057859205878499 -0.29759398454247649 0.51503220882711753 0.19203308531166638
1403715410.1121433 -0.85599388104308416 -0.16527773198775325   0.5401440421771071 0.77857824081452132 -0.29911120972674687 0.51622572826892543 0.19457493317276256
1403715410.162143 -0.84611005928835581 -0.17308529625653743  0.55272174042651789 0.7756633838504452 -0.2988399002423141 0.51936914622537045 0.19823400042871214
1403715410.2121432 -0.83631750413586414 -0.18216147995683771  0.56152607553501432 0.7727296489144464 -0.29851953389982772 0.52304151643619823 0.20050573471327013
1403715410.2621431 -0.82630434831124255 -0.19097122098656619  0.56739690311933266 0.76983264439071108 -0.29828057370317401 0.52652910098448413 0.20286326626124646
1403715410.3121431 -0.81448852318894871 -0.19932290000770672    0.570051638108239 0.76747987869647627 -0.29804250702082469 0.52922459137434785 0.2051015155707987
1403715410.362143 -0.80235927693808984 -0.20742839625881601  0.57045996610645489 0.76581562782253021 -0.29758257096411872 0.53128959639995932 0.20664559612616368
1403715410.4121432 -0.79379976831157428  -0.2141792903740061  0.56679982436125131 0.76507732107076698 -0.29669962735734307 0.53219861071157704 0.2083042550354165
1403715410.4621429 -0.78544020876211573  -0.2205927329372479   0.5590914993138284 0.76534744517632813 -0.29503092743716108 0.53200539832836291 0.21016730518117277
1403715410.5121431 -0.77286774887586862 -0.22790008664258329  0.55599388771318203 0.7661906137921547 -0.2930018878494034 0.53066561891209785 0.21329753387727479
1403715410.5621431 -0.75980617569654052 -0.23470876743114588  0.55352472015181109 0.76659877503452323 -0.29064796623067596 0.53022786320564352 0.21612147260723044
1403715410.6121433 -0.74563527734874369 -0.24066358116061184   0.5505935562892631 0.76741008070531713 -0.28917307385102681 0.52948173661622444 0.21704790250374345
1403715410.662143 -0.73084638557708548 -0.24647366391842723  0.54764711093866625 0.76756348425393395 -0.28779071686382268 0.52977847996964333 0.21761792915112108
1403715410.7121432 -0.71458157535750699  -0.2525309114385268   0.5444045828554952 0.76714211456998793 -0.28774946945982466 0.53085056572828315 0.2165430574842771
1403715410.7621431 -0.69886868611709496 -0.25739350540883621   0.5423705489467322 0.76503586540728441 -0.2865739029812876 0.53478789066568022 0.21586438976346095
1403715410.8121431    -0.68458438264152 -0.26302942870555762  0.54209480732535142 0.76098126287189094 -0.28544532855760418 0.54150782471402714 0.21493663656069914
1403715410.862143 -0.67117469624434267 -0.26785951609949438  0.54061363387598271 0.75779904472908932 -0.28301216727508549 0.54707386387387291 0.21530190070700722
1403715410.9121432 -0.65648454391448552 -0.27012197123716647  0.53894465902851763 0.75556370946118812 -0.28218246890292664 0.55136810111368173 0.21328326765921199
1403715410.9621429 -0.64259012147614514 -0.27191650778618726  0.53624419868555506 0.75613394842885007 -0.28068316684608302 0.55175914270678783 0.21222690762983315
1403715411.0121431 -0.62961642090934966 -0.27364614672944076  0.53277034921503752 0.75819881547219725 -0.28052873025851449 0.5504185227983297 0.2085129192079172
1403715411.0621431 -0.61828491275494657 -0.27259039012449415  0.52855662152945093 0.76051962905345161 -0.28029510239998939 0.54864580366598736 0.20501788096330203
1403715411.1121433 -0.60829250164646231 -0.27123482284944767  0.52496571985431806 0.76323059847764851 -0.28000581698360522 0.54628475593472581 0.20161537995929665
1403715411.162143 -0.59720729508767212 -0.26973388104127066  0.52172614772579073 0.76503372416508131 -0.28061851573071928 0.54503372037688769 0.19726858130813221
1403715411.2121432 -0.58665653774035775 -0.26786422415916178  0.51906271299952556 0.76571815840144164 -0.28199118107139243 0.54510430652606245 0.19240054755381186
1403715411.2621431 -0.57682947531625739 -0.26512768763235495  0.51697563750886288 0.76603425798612623 -0.28281843917460214 0.54562846667066112 0.1884006964241649
1403715411.3121431 -0.56800649907185796 -0.26292575456395689  0.51460014046950298 0.76516011598961353 -0.28301210207013183 0.5477192657567207 0.18557411699783288
1403715411.362143 -0.55920176048344428 -0.26079124814649451  0.51329394861262234 0.76326464702565544 -0.28252667660237057 0.55118972454710158 0.18383591369074656
1403715411.4121432  -0.5518138361889745 -0.25825831202581323  0.51142659636126442 0.76065659849755229 -0.28209257216684464 0.55560238790710637 0.1820200715370382
1403715411.4621429 -0.54190604984795576 -0.25581494152801598  0.50850337320891492 0.75786122116945132 -0.28122794570785903 0.56017036036893209 0.18101485951331817
1403715411.5121431 -0.53567904868994931 -0.25371780993239107  0.50669850097164548 0.75680952921658884 -0.27958213439534746 0.56231315221427658 0.18132039449756046
1403715411.5621431 -0.53101639096039832  -0.2512902553364097  0.50405044731814186 0.75814214831592353 -0.27797682974545324 0.56126331355797787 0.18147412467209395
1403715411.6121433 -0.52746740358221211 -0.24875548932097249  0.50099850332392493 0.76019143820173973 -0.2764423426895844 0.55903043663181073 0.18213615613686446
1403715411.662143  -0.5253559266113329 -0.24675159320236237  0.49825709792551109 0.76280492436470082 -0.27492305374876969 0.55611171001844695 0.18244376630286038
1403715411.7121432 -0.52298301038396211 -0.24426547396921289  0.49491166069874643 0.76463501695344327 -0.27360017432590411 0.55413534653505336 0.18278471811920913
1403715411.7621431 -0.52201462986821567 -0.24179780437030232  0.49261861155114495 0.76622576454622249 -0.27220840342791697 0.55249947039218239 0.1831529362722297
1403715411.8121431 -0.52162665174404677 -0.23903268494002128  0.49001116185912086 0.76674661303560443 -0.27091564561577663 0.55218505770527571 0.18383690164392291
1403715411.862143 -0.52195063021154586 -0.23599734101249928  0.48650219311847431 0.76757059841784536 -0.2701737799893541 0.55146505359711484 0.18365129923816564
1403715411.9121432 -0.52327627842757307 -0.23253149456156655  0.48297825248809462 0.76780450861130167 -0.26973403375682586 0.55142702080757311 0.18343398897890659
1403715411.9621429 -0.52492303584788291 -0.22873244532505346  0.48005037258274535 0.76776844195378813 -0.26993042254835387 0.55174290017992733 0.18234296976785985
1403715412.0121431 -0.52674699260814606 -0.22558230494994908  0.47692258279174765 0.76801600382372381 -0.27001396977388109 0.55155902888791375 0.18173197751031403
1403715412.0621431 -0.52865030956388448  -0.2220054897332728  0.47324439950843933 0.76829657732705026 -0.27046800840512281 0.55118576758519822 0.18100186548326569
1403715412.1121433 -0.5289031435004613 -0.2198881313045791 0.47154627449363978 0.76855097888160728 -0.27063457158187365 0.55090985221722943 0.18051220527933676
1403715412.162143 -0.53199811170814559 -0.21607543462143039  0.46873551387857332 0.76963323910675652 -0.27083875163280124 0.54924399211855834 0.18067120688614752
1403715412.2121432 -0.53677902898739127 -0.21117329479363453  0.46523897038902412 0.77036626216961157 -0.27098625678616917 0.54818306259496752 0.18054805628376039
1403715412.2621431  -0.5404448660433957 -0.20708066859012703  0.46270016524823426 0.77092229111237731 -0.27092291843383215 0.54730971446063359 0.18091895917884895
1403715412.3121431 -0.54372681071413365 -0.20276921940383416  0.45951860756680241 0.77142283429696767 -0.27104482240229683 0.54649315711407664 0.18107110261339232
1403715412.362143 -0.54760440594509574 -0.19872005090116898  0.45621647345929561 0.77187500037287915 -0.27146819516470749 0.54566965563594194 0.1809934521786257
1403715412.4121432 -0.55172846193756375 -0.19480525808806251  0.45284295870550562 0.77225386168528087 -0.27183928193267787 0.5450183397266718 0.18078270733695623
1403715412.4621429 -0.55623878115191161 -0.19050090564735017  0.44965196191452833 0.77303553419159421 -0.27283748631263111 0.54370037627552714 0.17990461299692023
1403715412.5121431 -0.56092024289458664  -0.1857549814805034  0.44677629715933392 0.77385982688810628 -0.27339624488253511 0.54239092294377877 0.17946461579106582
1403715412.5621431 -0.56539154392706004 -0.18191614164978073  0.44321316957845819 0.77465254315662946 -0.2739511710777216 0.54115257341017409 0.17893598167405492
1403715412.6121433 -0.56955294996485395  -0.1779812931296671  0.44083531051229491 0.77533593819948143 -0.27377003423937718 0.54002908046260134 0.17964616206203096
1403715412.662143 -0.57298459253561795 -0.17413032542017109  0.43914069218489754 0.77585526266369143 -0.27365463662334488 0.53934759389977438 0.17962718114506998
1403715412.7121432 -0.57381879051831952 -0.17172778443399261   0.4398829627108109 0.77722663770817446 -0.27345024108207938 0.53740373912771067 0.17983587089497571
1403715412.7621431 -0.57695967570152706 -0.16923749051353218  0.43795398997266932 0.77788190665432633 -0.27338499586340825 0.53640327904211971 0.18008860477402874
1403715412.8121431 -0.58007235082114461 -0.16577650622719736  0.43660226829887394 0.77849823819839881 -0.27346161664149149 0.5354069085104034 0.18027390178598707
1403715412.862143 -0.58227228130614139 -0.16320814078687007  0.43651703582177948 0.77903429849008388 -0.27348534768241861 0.53462777106833248 0.18023449387283225
1403715412.9121432 -0.58405106668017548 -0.16048355291505895  0.43625097264429219 0.7791542484747106 -0.2733358412415397 0.53438061280078231 0.1806752214313001
1403715412.9621429 -0.58518247794747891 -0.15875479598955247    0.436052217346374 0.77857082721454096 -0.27338486562675973 0.53504742125281168 0.18114204168944406
1403715413.0121431 -0.58614693842472632 -0.15730640896961381  0.43531288775231641 0.77734818900730573 -0.2729042591054105 0.53668039536311929 0.18228332793230226
1403715413.0621431 -0.58712110363967018 -0.15525815996900108  0.43199239598346229 0.77656197064807764 -0.27236328722921649 0.5376144867854068 0.18368562576133499
1403715413.1121433 -0.58789780092059185  -0.1523773648910311  0.42622937993052057 0.77589553481473439 -0.27181013128290038 0.53854383457316435 0.18459661380903489
1403715413.162143 -0.58802907556330186 -0.15070455612779143  0.41830822541488777 0.77500212203896435 -0.2716551726779049 0.53969804487534767 0.18520582698761745
1403715413.2121432 -0.5885830990571701 -0.1476902543110972  0.4080525536660079 0.77445712193085248 -0.27102929499537537 0.54047421276820073 0.18613681225776965
1403715413.2621431 -0.58860715206633607 -0.14476383658382941  0.39579600928444375 0.77370616562994832 -0.27128309099068232 0.54149161807219681 0.18593300235917851
1403715413.3121431 -0.59213383081506088 -0.14004109873548934  0.38099193446952551 0.7725265090610498 -0.27262477208361879 0.54314973677182721 0.18402958971045261
1403715413.362143 -0.59283072343492438  -0.1369800057272729  0.36477230610403583 0.77110168630827836 -0.2746729981266941 0.54514190639603599 0.18104484351540728
1403715413.4121432 -0.59425080141763642 -0.13345601247267463  0.34904310863937799 0.76983633199530188 -0.27670107623972456 0.54682187245279168 0.17825368482873102
1403715413.4621429 -0.59493222349046093  -0.1315774187010321  0.33595800894398681 0.7689133651095571 -0.2784594768342748 0.54800252139862748 0.17585730936707208
1403715413.5121431 -0.59631549584401022 -0.12948567319003967  0.32277409102882793 0.76825683317010307 -0.27924229614649682 0.54890228945517516 0.1746752843453922
1403715413.5621431  -0.5979941224534856 -0.12782278425736385  0.31143829540880325 0.76830079984643629 -0.27900743783974435 0.54878338462359755 0.17522992708580423
1403715413.6121433 -0.60071214142464313 -0.12618026174748873  0.30142168771357969 0.76828901650184411 -0.27816453857752804 0.54869891718492447 0.17687841835755921
1403715413.662143 -0.60432875726762303 -0.12518497666227194  0.29260605681486967 0.76821788376682631 -0.27663644074988913 0.54879240639085658 0.17927759870598725
1403715413.7121432 -0.60668145304033561 -0.12525045055092257  0.28467170261008184 0.76840795026315734 -0.27447013158882921 0.54866139621353982 0.18217036296553052
1403715413.7621431 -0.61112143482029879 -0.12390215667995357  0.27634354674548234 0.76906123465081078 -0.27331589315907118 0.54758014455509085 0.18438878814357332
1403715413.8121431 -0.61518492422885529 -0.12308438650135536   0.2662147460521711 0.76987264550626877 -0.27277685858111855 0.54632641187561104 0.18551643272474755
1403715413.862143 -0.61944410398938732 -0.12234724602115457  0.25388179343436595 0.77068005631149439 -0.27233348697286502 0.54504612295262522 0.18657825846336989
1403715413.9121432 -0.61729126814796509 -0.11982500577927903  0.24048120796691352 0.7704481045964966 -0.27229569508212165 0.54486610957992643 0.18811085878982606
1403715413.9621429 -0.62125691665716676 -0.11784544701345068  0.22753455282407758 0.77028475312750244 -0.27098831766391568 0.54512659808887365 0.18990450980699491
1403715414.0121431 -0.62572984243860963 -0.11544487066133784  0.21648982628599781 0.77039708010867858 -0.27056145853382407 0.54487920185215644 0.19076554066452645
1403715414.0621431 -0.62811439909628675 -0.11395165579769163  0.20974194065609941 0.77080934189593642 -0.27094353212964872 0.54421102593965587 0.19046501014299388
1403715414.1121433 -0.63046780666712532 -0.10933686350262639  0.20419212182769489 0.77215093847959759 -0.27159221200445849 0.54202604061970705 0.19033751567603757
1403715414.162143 -0.63487522454433287 -0.10563084678837929  0.20113088127381723 0.77453965821486048 -0.272698072800313 0.53857206163143256 0.18884971107595308
1403715414.2121432  -0.6394051135707397 -0.10157249165643614  0.20010251089342565 0.77792150359606127 -0.27430033879491184 0.5334898814532576 0.1870454617648584
1403715414.2621431  -0.64151289435223358 -0.096817745411178269   0.20177039806719352 0.78079526564238921 -0.27585255303532141 0.52897202078649441 0.18561444814286077
1403715414.3121431  -0.64480949459253456 -0.093626969238195593   0.20529356557669282 0.78383953862049749 -0.27682003650781106 0.52456819792716791 0.18383267067217235
1403715414.362143  -0.64516092834360106 -0.090067666771921906   0.20921700559547537 0.78613172369130024 -0.27723621905404366 0.52090086031880656 0.18384582010448444
1403715414.4121432  -0.64376481004798813 -0.087270051652142924   0.21284806926518857 0.78680639340319081 -0.2769678133287693 0.51979924806345024 0.18448108681492303
1403715414.4621429  -0.63936089222902404 -0.084711125702105247   0.21840242431421938 0.78646986408439157 -0.27685615458280388 0.5199692873721985 0.18560108498160613
1403715414.5121431 -0.63416006213743226 -0.08199352862598977  0.21925811342503818 0.78547016963417804 -0.27636053875569394 0.52118876765893685 0.18714628956962209
1403715414.5621431  -0.62935153737172311 -0.080386934462829615   0.21822358994151866 0.78346053811738203 -0.27530326930564852 0.52420910501319629 0.18868627227148183
1403715414.6121433  -0.62390738243563171 -0.078920896723844072   0.21562961784041418 0.78115377880258041 -0.27388727831024584 0.52771862311564088 0.1905192574497063
1403715414.662143  -0.61713904150094046 -0.077175215831825086    0.2118187411543937 0.77891922195776608 -0.27415279071593412 0.53092143093363164 0.19038783359962541
1403715414.7121432 -0.60976305082184734 -0.07451258124606594  0.20769806298444501 0.77625183559387889 -0.27495453301916895 0.53459394358654289 0.18984838158365355
1403715414.7621431  -0.60135073137706851 -0.071675243855033502   0.20217097317980898 0.77373935176174857 -0.27684906545446963 0.53790733487580855 0.18798326941273485
1403715414.8121431  -0.59323419648662523 -0.068927690988289034   0.19567678597798424 0.7718568880818536 -0.2798912867482678 0.54012226700232735 0.18483979174209908
1403715414.862143  -0.58539656743434054 -0.066339884148059344   0.18845838983318366 0.76967692392402143 -0.28385303832190162 0.54264471209644805 0.1804483356754622
1403715414.9121432  -0.57745281358196698 -0.064048448219200513   0.17948399131000256 0.76705899393446131 -0.28835571820502515 0.54550564747588848 0.17576992966553748
1403715414.9621429  -0.57018169693969201 -0.062432753601638628    0.1699895605270508 0.76512559010047121 -0.29226005644928826 0.54739543419093017 0.17182877932578067
1403715415.0121431  -0.56406871186841878 -0.061309806686137037   0.16042853538586682 0.76307595390417304 -0.29592337103616628 0.54933512788439209 0.16844988667276317
1403715415.0621431  -0.55992652879528793 -0.060355180002791602   0.14901232393022293 0.76124344243560382 -0.29916269454441574 0.55070803172412319 0.16652557562205964
1403715415.1121433 -0.55535786294540823 -0.05872160475989846   0.1384299397359639 0.75993814727631681 -0.3016522938729001 0.55136606952556222 0.16581725872595252
1403715415.162143   -0.5510428426506111 -0.059341484491149184   0.12820119018243392 0.75883173653410707 -0.3040281028558327 0.55163858845459879 0.16563869122379826
1403715415.2121432  -0.54964851019554573 -0.060991852908812254   0.11846024084843351 0.75778221603916063 -0.30490320424013651 0.55217821011850066 0.16703105510414953
1403715415.2621431  -0.54828764961718524 -0.063073963642394287    0.1092809084433129 0.75735599099132522 -0.30544272122477506 0.55189061410799745 0.16891831463713364
1403715415.3121431  -0.54992197597184078 -0.066145306962753989    0.1008363823863951 0.75840422079247294 -0.30172046060999524 0.5502113026295038 0.17622520816330164
1403715415.362143  -0.55102409011532139 -0.070345693018284014  0.093155648297494759 0.75996454964118476 -0.29850958938667055 0.54739507732629178 0.18358795617309914
1403715415.4121432  -0.55256874279585233 -0.074628514151361292  0.087280400280167994 0.76076903239379678 -0.29479444973496888 0.54539318641340162 0.19202339432970084
1403715415.4621429  -0.55095572740342447 -0.077512295811337034  0.082842990002362879 0.76281890030248944 -0.29211586377952797 0.54112409336202039 0.19990088307151765
1403715415.5121431 -0.55294106238702934 -0.08130669290056565 0.079729503097467527 0.7632356347497673 -0.28921909200879603 0.53972983508789152 0.20619259875593215
1403715415.5621431  -0.55430905060674707 -0.084247389012316279  0.076752356861038692 0.76368839072728611 -0.28795265130410946 0.5385060334033499 0.20946256100671615
1403715415.6121433 -0.55549906263298954 -0.08629573146093622 0.072990607030989363 0.76320910559117749 -0.28676164753119116 0.53859677958789487 0.21258675326901399
1403715415.662143   -0.5564035171881625 -0.086588633292479331  0.065851587065356751 0.76276461634337589 -0.28665268692282342 0.53824075872247723 0.21521445765635866
1403715415.7121432  -0.55863671752149247 -0.086982939815317878  0.056492626155023977 0.76291659124508693 -0.28701492129315603 0.53758932019367489 0.21582037107688201
1403715415.7621431 -0.55848528780412277 -0.08729322903927246  0.05283399353448532 0.76350089814675304 -0.28834148164015205 0.53661869323387845 0.21439670372146166
1403715415.8121431 -0.55967180592173504 -0.08720237826179171 0.056535248741239753 0.76362862519673025 -0.28714437808554144 0.53666505404088782 0.21542991594787941
1403715415.862143  -0.55771683625253066 -0.085851719613084493  0.058728658524416388 0.7623849864598935 -0.28676150506572212 0.53818202697787565 0.21655733067937227
1403715415.9121432  -0.55749599409044293 -0.083889149946418246  0.059498890314118334 0.76088236606004067 -0.28712001343775378 0.54019258389711888 0.21636102977415464
1403715415.9621429   -0.5566509439447197 -0.081525590352834382  0.057628942409637875 0.76110565102532757 -0.28665201598708551 0.54009600182990913 0.2164373316117135
1403715416.0121431 -0.55661378061489131  -0.0810985428447141 0.057206332862271357 0.76327128400374011 -0.28588775118179716 0.53746038788630035 0.216382698459476
1403715416.0621431   -0.5570562216215601 -0.081837894591713325  0.058735635616363802 0.76323399104844114 -0.28561791527235703 0.53706413536647735 0.2178494798864552
1403715416.1121433  -0.55708899306526372 -0.082011643586601832  0.060008236165278221 0.76271635065640209 -0.28602308762667084 0.53743963588106092 0.21820449026067015
1403715416.162143  -0.55694756523191535 -0.081093408447595883  0.058947445327608261 0.7623987645149235 -0.286315279376607 0.53784422289850053 0.21793411058464887
1403715416.2121432  -0.55768919006214079 -0.081079914342764375  0.059244038153946042 0.76299673842997595 -0.28721530341729767 0.53698121226613593 0.21678220476164509
1403715416.2621431  -0.55913694925184676 -0.079523332782207468  0.056552076412519241 0.76363524869416455 -0.28765347523651552 0.53629226868638147 0.21565548377764704
1403715416.3121431  -0.55918787083998212 -0.079841166011235754   0.05527797939958784 0.76369569859006037 -0.28795610598325022 0.53622709940101332 0.21519911442656667
1403715416.362143   -0.5596964854304094 -0.079932894837947688  0.055262506456033991 0.76405875634768139 -0.28805631386576486 0.53570699444813386 0.21507159968217457
1403715416.4121432  -0.56001092177893497 -0.080088022250459107  0.055427978942751768 0.76411510534160487 -0.28830322988636409 0.53557234717634883 0.21487581149560567
1403715416.4621429  -0.56051667857575582 -0.079749897591112881  0.055253528098489928 0.7644356279305573 -0.28846393849846741 0.5351213962148077 0.21464346775404566
1403715416.5121431 -0.56140959185816985 -0.07894477393908933 0.054900930921658583 0.76423986405553113 -0.2886685592225432 0.53531079249951419 0.21459321643124277
1403715416.5621431  -0.56260870514642469 -0.078402160120665684  0.054842827882683097 0.76397148651895119 -0.28829890677216835 0.53578962462644331 0.21485061387543553
1403715416.6121433  -0.56352536185365654 -0.078008663153650237  0.054677525138095137 0.76424009201790088 -0.28843292796968356 0.53541653543459733 0.21464543181376708
1403715416.662143 -0.56472631495343806  -0.0783012327143352  0.05280596015334052 0.7642361803134502 -0.28878160702871714 0.53544245405117197 0.21412524965888061
1403715416.7121432  -0.56584868829534685 -0.077252473257434229  0.052292260892585943 0.76424592494905452 -0.28877025352933722 0.53542693268604868 0.21414459281003587
1403715416.7621431 -0.56646693964564077 -0.07557810996740226 0.052707313187480447 0.76429766732050008 -0.28877998071921218 0.5353710575366788 0.21408649937890004
1403715416.8121431  -0.56688737151781554 -0.074385905224771634  0.052444971171787355 0.76396158943267434 -0.28883127759288063 0.53573019116628717 0.21431832686100327
1403715416.862143  -0.56823859131050536 -0.073277084238627013  0.052227661460369765 0.76422910445007841 -0.28885408499238213 0.53545129052403351 0.21403062624491834
1403715416.9121432  -0.56941622823700566 -0.073159052911424133  0.052525671497804349 0.76448205590799789 -0.28892071177013617 0.53518786480737879 0.2136959472424258
1403715416.9621429  -0.57050386300806322 -0.071641785912339703  0.052460336651138327 0.76432866634168628 -0.28875785967258499 0.53542207693671018 0.21387797412175594
1403715417.0121431  -0.56947278810041491 -0.070764962513953464  0.052239912152493274 0.7640223141387037 -0.28910497079491315 0.53563921902704981 0.21395991774139558
1403715417.0621431  -0.56895081529807834 -0.070265934415475365  0.052137793576288012 0.76402808908086262 -0.28920852354524679 0.53550457211339475 0.21413631698026836
1403715417.1121433  -0.56957133249177005 -0.069223035730906921  0.052045747355023604 0.76414505059029125 -0.28947344181195989 0.53528767333229821 0.21390319053813608
1403715417.162143   -0.5705549699744884 -0.068169451881777934  0.052039500858217874 0.76417604126285721 -0.28947963819761319 0.53527821433793932 0.21380774140333164
1403715417.2121432  -0.57159788201601247 -0.066576707854053341   0.05208387671341129 0.76403548597342263 -0.28943093213595744 0.53548541913524061 0.2138571429478624
1403715417.2621431 -0.57292160406256643 -0.07517700324567296 0.053775078532301179 0.7644917947851233 -0.28873300103238975 0.5355843160325825 0.21292014991766664
1403715417.3121431  -0.57378115136061925 -0.074437163860785222  0.054102667671638321 0.76439393941232203 -0.28875697922824545 0.53569698286183787 0.21295552326580774
1403715417.362143  -0.57304689152022359 -0.074881375880718776  0.053910063023726099 0.76454764938437625 -0.28884520630043387 0.53549735888345895 0.21278608330180998
1403715417.4121432  -0.57285326175502072 -0.074584357740223414  0.054101833318102831 0.76451409897881795 -0.28906184326094497 0.53541502938281649 0.21281961738568347
1403715417.4621429 -0.57335335548132249 -0.07406119564997618  0.05426429227023425 0.76445285205210067 -0.28909351988933046 0.53549801824496712 0.21278779617994861
1403715417.5121431  -0.57390573861507332 -0.073965890253113176  0.054233402643476626 0.76442325804351952 -0.2890054978345924 0.53561774191173672 0.21271233939967488
1403715417.5621431  -0.57479964601970801 -0.073509124337584469  0.054547493717871751 0.76440166707981938 -0.28906392327671904 0.53561147767302775 0.21272631386450525
1403715417.6121433  -0.57396910106427723 -0.074065166587384657  0.054569742238781672 0.76442912046483891 -0.28929734485254294 0.53545432392812875 0.21270597789740742
1403715417.662143  -0.57399872858859102 -0.074181143608335526  0.054697656503523283 0.76445904279364507 -0.28937672219137234 0.53537148805927426 0.21269897582734115
1403715417.7121432  -0.57469995910451555 -0.074019251134500988  0.054901730762982708 0.76440368834877526 -0.28936679429067258 0.53548656904017011 0.21262171567907903
1403715417.7621431  -0.57526405610318598 -0.074114479482241771  0.055161667116401684 0.76440914135664273 -0.28924542028346867 0.53555857573225396 0.21258589655731944
1403715417.8121431  -0.57602501649200744 -0.073852157716500319  0.055529202003395652 0.76444498155573537 -0.28931808235055578 0.53548128181262755 0.21255285043384856
1403715417.862143   -0.5737380027618566 -0.075094995913675786  0.054867841899178815 0.76450306932647105 -0.28928167017758361 0.53540751185039015 0.21257932294521803
1403715417.9121432  -0.57428048527253961 -0.074873023692147184  0.055204376751610974 0.76452059246276627 -0.2892895721429028 0.53537258973013147 0.2125935025239708
1403715417.9621429  -0.57168739356868903 -0.076011188447971209  0.054306471474047852 0.76451641378253854 -0.28924475081545314 0.53540252165459268 0.21259413676932978
1403715418.0121431  -0.57179528670140245 -0.075956283206072825  0.054546034050728144 0.76447487219737265 -0.28927974037967386 0.53544070706057378 0.21259974319634553
1403715418.0621431   -0.5724359445885675 -0.076206358041562408  0.054772978847277998 0.76457565440732933 -0.28919154365556204 0.53538963211209167 0.21248590916245819
1403715418.1121433  -0.57181403952796095 -0.076161644269172379  0.054462526577605377 0.76461708728617483 -0.28921652140075693 0.5353066007028352 0.2125120157139993
1403715418.162143  -0.57208017572628467 -0.076020747443608219  0.054691430903828664 0.76459855930686826 -0.28923100236844296 0.53532468481344175 0.21251341652751343
1403715418.2121432  -0.57191187983864833 -0.076128533394777737  0.054862243895455097 0.76458053879850529 -0.28928332743999674 0.53531356709809863 0.21253503484494177
1403715418.2621431  -0.57197048879224766 -0.076204918922592665  0.055057209899693996 0.76453161191402053 -0.28930097897404616 0.53536294108039317 0.21256264786306997
1403715418.3121431  -0.57227150242767455 -0.076328916589171084  0.055264149995853031 0.76457525308936836 -0.28932535256611835 0.53531041565426396 0.21250478022359609
1403715418.362143 -0.57239976417611049 -0.07665563594705567 0.055449350516795025 0.76461370319985189 -0.28928476665972419 0.53529479320132634 0.21246103884991982
1403715418.4121432  -0.57268593968995329 -0.076702576162358524  0.055714866397051636 0.76457863675501259 -0.28929116826950563 0.53534630261537663 0.21244873371041009
1403715418.4621429  -0.57230800892721201 -0.075770693799301819  0.054546754444859319 0.7645346510350608 -0.2893314378745836 0.53534551929646546 0.21255413755869723
1403715418.5121431  -0.57253091431410363 -0.075782815086787372  0.054693339424839366 0.76455518113412946 -0.2893344470322769 0.53533123361240931 0.21251217160553712
1403715418.5621431  -0.57118453754473264 -0.076427265222746996  0.054136995312791321 0.76457662388462777 -0.28935585193262087 0.53529003819771992 0.21250965194036547
1403715418.6121433  -0.57134247970689955 -0.076428776347640809  0.054203816927881898 0.76456670793197745 -0.28945035206785291 0.53527640162667434 0.21245097474818428
1403715418.662143  -0.57207698326866951 -0.076566479584668265  0.054281801524608188 0.76459477108856644 -0.28929633356541168 0.53534235837108268 0.21239356568248502
1403715418.7121432   -0.5716783074402354 -0.076490686276640407  0.054168870972526477 0.76460791315450061 -0.28927477584538408 0.53531625706896302 0.21244139925823896
1403715418.7621431  -0.57171566360933002 -0.076545846758188776  0.054298075337515184 0.76460784363183865 -0.28932918716497508 0.53531270005284892 0.21237650546436007
1403715418.8121431   -0.5718831360715515 -0.076607993565659949  0.054430315745334142 0.76461414445889331 -0.28939833621772088 0.53528936791096282 0.21231840638364768
