# time_in_imu_clock tx ty tz qx qy qz qw; Hamilton IMU-to-estimator-world; NO GT alignment
1403715278.862143 0.0011944891979319347  0.018520733704124659  0.095044265299163377 0.80851362024226159 -0.0084271301521014665 0.58841377097806102 0.001985820618686933
1403715278.9121432  0.041477585048395556 0.0094451542457932511  0.099594616852903647 0.81186491334815425 -0.0060491909543931325 0.58381330034360268 -0.00089448583095193854
1403715278.9621429 0.053720043272062173 0.012207506028803989  0.11307651677820499 0.81105101264429458 -0.0066264613647631903 0.58493719241458364 0.00090875111554453148
1403715279.0121431 0.061450005818709443 0.013873829945613992  0.12755860534531133 0.81084761570493014 -0.0060217485605098065 0.58522378163277744 0.0017343763534148884
1403715279.0621431 0.068666197656702246 0.015491235875364858  0.13687834021284925 0.81111814572000174 -0.0058175807358951349 0.58484977463384924 0.0020616859274205515
1403715279.1121433 0.075639532201683832 0.016914965268570246  0.14083689815864434 0.81112615270893373 -0.0055774639113243471 0.58483942169001402 0.0024712598429341968
1403715279.162143 0.082066574159988775 0.018152560064730844  0.14017284964594168 0.81157084608718821 -0.0049315811859015962 0.58422536966211136 0.0030263396210164569
1403715279.2121432 0.087871525653857016 0.019164783255896486  0.13532016021689672 0.81212256915663239 -0.0045576478454049264 0.58345777621264694 0.0036309626190800964
1403715279.2621431 0.091136558368766857 0.017325348150925894  0.12995791654229918 0.81233422812293599 -0.0040161436003883846 0.58317265762526849 0.0025736761211183094
1403715279.3121431 0.096659222145247081 0.018823340701511666   0.1301779380204669 0.81389300491304317 -0.0040029150225620565 0.58099425490240919 0.002798034190954886
1403715279.362143  0.10197611092542395 0.018894453856843903  0.12664564704021644 0.81475115426956723 -0.0046397280884183534 0.5797882685014214 0.0021431863654926705
1403715279.4121432  0.10415434835543493 0.016795201972569437  0.12060185173913687 0.81430989737223658 -0.0048495410983399011 0.58040955581153175 0.00078772800726958252
1403715279.4621429  0.10864820106900416 0.016739204015058122  0.11998593271420059 0.81517656804226646 -0.0049420909989944407 0.57919136047476372 0.0003265008151371549
1403715279.5121431  0.11114650502457993 0.023693052078906922  0.10943824916383749 0.81436847390897804 -0.0057302497951691941 0.58031865679819372 0.001187228868992915
1403715279.5621431 0.11455359885934285 0.02450126054843578   0.109499205288524 0.81409967249770887 -0.0051726723214451931 0.58069906761468248 0.0018866827016551615
1403715279.6121433  0.11737716786489029 0.024664366141192596  0.11174714204766405 0.8144894134029248 -0.0051156598461205545 0.58015228952951559 0.0020362790966781106
1403715279.662143 0.11993101775681969 0.02456852260249737 0.11563372494601133 0.81476806501737398 -0.0049317352169892196 0.57976262416307855 0.0019944520888642175
1403715279.7121432  0.12249039780576119 0.024276721161524038  0.12036324469336553 0.81467229953041331 -0.0050150756911724334 0.57989664300869692 0.001943404457277803
1403715279.7621431  0.12482330352006465 0.023887638000422547   0.1260158395122272 0.81483297376070163 -0.0050948328462905 0.57967061613199133 0.0018012061840534141
1403715279.8121431  0.12670519563191959 0.023182779586010772  0.13230502151331863 0.81504297455083763 -0.0055159354877118037 0.57937236564413019 0.0014785191721944002
1403715279.862143  0.12743669781627034 0.021015908897505549  0.13910103005897964 0.81521351612417581 -0.0051779173713809596 0.57913574032241066 0.0013807901240890383
1403715279.9121432   0.1282051204402789 0.020874295603481322  0.14696325059891555 0.81568272959436317 -0.0052990410243660153 0.57847243079739608 0.0018032229654070856
1403715279.9621429  0.12767224141889474 0.020363364856368447  0.15068158156628006 0.81696044930847789 -0.004949679612543687 0.57666779019104852 0.0023204942568566061
1403715280.0121431 0.12664126034980855 0.02087728076843964 0.15541103053216171 0.82014111618555674 -0.0051142905724108848 0.57213266706692056 0.0025699900277318028
1403715280.0621431  0.12715239000309633 0.020107071873833565  0.16165709474292889 0.82443155562691495 -0.0051443426959175871 0.56593201883174726 0.0026638103977159188
1403715280.1121433  0.12704425448483087 0.020519570991575382  0.16688762451169725 0.82818150923815581 -0.0034050527904392249 0.56042071692460693 0.0056932778971672277
1403715280.162143  0.12877034876041357 0.018593676054105075  0.17407123159706459 0.83034816388258581 -0.0014193731121516166 0.55718628365168232 0.0079597378860164388
1403715280.2121432  0.13189062482591835 0.017567043062427252  0.18201431593108386 0.83110889353550865 0.0016066812682842897 0.55597655063381612 0.012062371525057519
1403715280.2621431  0.13581845017253924 0.017066535944009368  0.19020471426710323 0.83063855277514231 0.0042977737355752981 0.55656973385841979 0.015851029534469683
1403715280.3121431  0.14071120448275948 0.017391831740318411  0.19849331061234948 0.82963697044060947 0.0064774313284332707 0.55795326750039898 0.018673281638237102
1403715280.362143  0.14643160371017588 0.018457943060227425  0.20696056330537085 0.82810930080960399 0.0078921964630070483 0.56011271518254424 0.021129255511169009
1403715280.4121432  0.15297562515719776 0.020136854651910344  0.21531824496487825 0.82642238174405502 0.0081504449642043186 0.56248658681940022 0.023842333099556866
1403715280.4621429  0.16158239622685414 0.022365593909153339  0.22399578138136217 0.82574924312666287 0.0049731286689184539 0.56351385644436558 0.023782116436197827
1403715280.5121431   0.1722412261199196 0.026417452456380157  0.23337950818372089 0.82477241539844903 -0.0015256222098138142 0.56500061918020439 0.022856850191283508
1403715280.5621431  0.18215060161212895 0.028687036117839858  0.24215197669767694 0.82372233976988185 -0.0090777132662173219 0.56646473084127091 0.022733473091771313
1403715280.6121433  0.19480522542327644 0.030897446050166259  0.25219980609386972 0.82265803726571163 -0.017811985269839768 0.56775317927049362 0.023933539878605158
1403715280.662143  0.20981625461392975 0.032228643439113608  0.26357748975837175 0.82184881253648123 -0.026665636474122869 0.5684097839483806 0.027636763116563452
1403715280.7121432  0.22217774180563427 0.030342374344412885  0.27258971741680466 0.82082986575778982 -0.036490596184642364 0.56912794695202296 0.031625114518584095
1403715280.7621431  0.23155287856436818 0.032550587502246174  0.27830769320016135 0.81989418205771036 -0.047047540134774517 0.56936593742964903 0.037181830106142781
1403715280.8121431  0.24195488419673369 0.034973530937674573  0.28392896376646176 0.81930149022003229 -0.058056938814335546 0.56877477983191271 0.043240141141100627
1403715280.862143 0.25278470111111107 0.03737065053347647 0.28983135240744529 0.81790821720315687 -0.068801594900343294 0.5690304446771971 0.049968408031414724
1403715280.9121432  0.26289218368214906 0.041049719042038267  0.29475210722143586 0.81672275414537876 -0.078565237701201537 0.56885096596844875 0.056568761723267143
1403715280.9621429  0.27483077653447419 0.045633852598706399   0.3009088410908517 0.81568009908371486 -0.086806843495350255 0.56854164503528248 0.062377445777537996
1403715281.0121431  0.28488338569875882 0.049089740265727197  0.30582586101023673 0.81462979765969856 -0.094224269079476494 0.56835034864718115 0.066917569247430586
1403715281.0621431  0.29187020054453044 0.052180576498443577   0.3094007557253704 0.81380570471747338 -0.10034806203380001 0.56787370648503088 0.071902676572645138
1403715281.1121433  0.30243930900027327 0.056620410495067462  0.31432850080878283 0.81301292908849376 -0.10565430238224589 0.56754941437282236 0.075728513574050804
1403715281.162143 0.31242948175718543 0.06040417514639268 0.31899642700007563 0.81203524666399052 -0.10978332882693811 0.56769831204044596 0.079151787051569639
1403715281.2121432 0.31995357429722193 0.06443845238494432  0.3220740306012595 0.811233688625142 -0.11356544496785116 0.56763894237231183 0.082394315649463368
1403715281.2621431  0.33100212101622439 0.068883504866767961  0.32621797791696772 0.81074437271677102 -0.11837324226010942 0.56693470317121408 0.085243064029201163
1403715281.3121431  0.33644856131145179 0.067853103534821588  0.32728579277973086 0.81000238120495271 -0.12336280585567963 0.56641617916149789 0.088602892491218263
1403715281.362143  0.34553792896014734 0.069665602020066456  0.32943562007071747 0.80959637972456544 -0.12912917968590218 0.5651000396196918 0.092419165287001323
1403715281.4121432 0.35656316229863644 0.06975687608578772 0.33182097619869638 0.8091173508742836 -0.13535833859696547 0.56362181268299838 0.096631697461971311
1403715281.4621429  0.36740509114556846 0.071598245948698819  0.33395338953999065 0.80800148242101077 -0.1423439809962575 0.56251620619474008 0.10221209932225626
1403715281.5121431  0.37830554330907257 0.073096627341528012  0.33583529784295957 0.80666071193160194 -0.15038144087458941 0.56119603411842001 0.10836479758778053
1403715281.5621431  0.38921545403459812 0.074158483801874814  0.33706706576732409 0.80519734366136519 -0.15920573687631873 0.55942858718472122 0.1155440476478842
1403715281.6121433 0.39699416210049354 0.07530256498056298 0.33506294898247935 0.80304533055546001 -0.16873576254900169 0.55805085688541622 0.12339238485227409
1403715281.662143  0.40822291866183169 0.075715272114680071  0.33449388645096334 0.80066623660548319 -0.17985417614670904 0.5562682056237862 0.13096463757325538
1403715281.7121432  0.41413578805618317 0.078053042396603281   0.3319165558192449 0.79822931638567807 -0.19060316566990509 0.55400331421524707 0.13993112426328183
1403715281.7621431  0.42429496249788839 0.079339891497638024  0.33061450320720587 0.79547669161028001 -0.20276796672231231 0.55149183583259542 0.14818481631414313
1403715281.8121431  0.43073609413069425 0.080804613299175418  0.32712648316843612 0.79230859280812738 -0.21480110228229915 0.54907959713725296 0.15690499108793945
1403715281.862143  0.43973834548875651 0.083188741512201153  0.32414415274022129 0.78859002761008901 -0.22727563641505169 0.54682180130424729 0.16570296033695578
1403715281.9121432 0.45466298990137566  0.0843006809293389  0.3214839831290825 0.78549642078014903 -0.23969777274405185 0.54329792620706185 0.17426334686967926
1403715281.9621429  0.46654737629409465 0.085281069816922239   0.3182404340741713 0.78168409256878291 -0.25207799790984969 0.54056543806919388 0.18225166545121327
1403715282.0121431  0.47886484615484032 0.084651127353779818  0.31438773174449419 0.77774681040221394 -0.26430439777261105 0.53783094557964939 0.18971283088958588
1403715282.0621431  0.49040665997988386 0.085284066166895059  0.30988882521162892 0.77361540939917417 -0.2760532925165668 0.53516851393557363 0.19725222361966091
1403715282.1121433  0.50219031785748192 0.085776893721499173   0.3050752797673808 0.76960927103980425 -0.28636342018141392 0.53224948498032976 0.20593214234246646
1403715282.162143  0.51413487584271311 0.086126856058533402   0.2998811474001401 0.7654914933997079 -0.29734431782127491 0.52940915892739837 0.21292034340539243
1403715282.2121432  0.53057436436314664 0.085108229977421915   0.2946050802832188 0.76147038979059445 -0.30761435487903449 0.52624431897839608 0.2204612684520344
1403715282.2621431  0.54824057015534555 0.085273315306812592  0.28897507462905914 0.75776365559334202 -0.31865684821990642 0.52197691429016013 0.2275789012463445
1403715282.3121431  0.56203849108558235 0.084742020640502944  0.28348983815222645 0.7535288816090927 -0.32894555174380646 0.51859158731211963 0.23463123009950987
1403715282.362143  0.57662520883594348 0.084317566770711547  0.27789745738748434 0.7490726302555416 -0.33913114304760733 0.51514168844697827 0.24188696376874991
1403715282.4121432  0.59221047659007731 0.083414732848250572  0.27205056209020595 0.7453900464378902 -0.34852309448062052 0.51034996456996529 0.2499364818276987
1403715282.4621429  0.60899464953844551 0.082684676606560314  0.26516629714958517 0.74076369176429668 -0.35920320348470969 0.50662989246326995 0.25606320241828556
1403715282.5121431  0.62673692216452437 0.082938438223594313  0.25959190799886733 0.73614996294902679 -0.36876611315594293 0.50279002726790367 0.26324318475118319
1403715282.5621431 0.64284724272668037 0.08474565317577315  0.2560077996903935 0.73156680625446124 -0.37775587168447855 0.49881592119208634 0.27072714337472281
1403715282.6121433  0.66022025549847319 0.083869738860561024  0.25031100705932746 0.72549990759669514 -0.38671064600043192 0.49681659414238472 0.27798926621701875
1403715282.662143 0.67738778398618138  0.0834874395543269 0.24417076416046526 0.71944105079747378 -0.39560940618974405 0.49500592624427348 0.28437106945797763
1403715282.7121432  0.69488373645175761 0.082817385429126797  0.23775726252787821 0.71305067137028066 -0.40494395363711866 0.49329103199191754 0.29024660588451384
1403715282.7621431  0.71246777005103412 0.082626949733531282  0.23088375110159348 0.70666958455685946 -0.41431445636880299 0.49180907232380583 0.29510246675698332
1403715282.8121431 0.73073823548195926 0.08344459171385786   0.223279186125553 0.70095760596092738 -0.42382260000366367 0.48905651675033529 0.2997608409977674
1403715282.862143 0.75210308639975332 0.07818060279197292 0.21480873939482117 0.6951935265165029 -0.43264384248341514 0.48639656518829943 0.30486660627848178
1403715282.9121432  0.77020148444406977 0.077812867762534696  0.20797167026783872 0.68898140738360314 -0.44059418959172969 0.48383724836007119 0.31158128550519726
1403715282.9621429  0.78824302635619858 0.077221779145204478   0.1996027334493331 0.68291979152064619 -0.44932047563809491 0.4807883425825456 0.31713441654680435
1403715283.0121431  0.80608972281790681 0.077008623674012386  0.19245446162172594 0.67633240310628806 -0.45789751042440702 0.47820312533627535 0.32284070588174296
1403715283.0621431  0.82436809876750083 0.076787281389414916  0.18509556309237943 0.66937313345478144 -0.46680047095039828 0.47585056394158232 0.3280292202318138
1403715283.1121433  0.84386128920601278 0.076175016939183257  0.17694413797799263 0.66233654370153017 -0.47619776270196856 0.47329645725659858 0.33247023509406592
1403715283.162143  0.86177952047151141 0.075486616674696166  0.16941296080555196 0.65496318091481831 -0.48524445647848641 0.47150938092751954 0.33651144527369126
1403715283.2121432  0.87852337050075224 0.075161487898041737  0.16276980836250582 0.64768477090970411 -0.49380114418804549 0.46951327901881101 0.34091369634443491
1403715283.2621431   0.8945283104022046 0.075840176693123082  0.15610755794094042 0.64092379547813394 -0.50165485105843433 0.46684932127473777 0.3458479579595054
1403715283.3121431  0.91004244205215212 0.076695626064583688  0.14933131306873459 0.63413804394081741 -0.50978957714558515 0.46421646191117599 0.34998086340728551
1403715283.362143 0.92451884240778326 0.07819803439193887 0.14295062306556591 0.62766405082276633 -0.5165841047089289 0.46134725642959185 0.35543974320792932
1403715283.4121432   0.9382413108594595 0.078834898044271601  0.13506216850557373 0.62187706067905313 -0.52489055104951965 0.45691566102637687 0.35914747601638791
1403715283.4621429  0.95249838534512243 0.078986314081762043  0.12747499578504939 0.61756153920575085 -0.5322217570049349 0.45185525248545116 0.36219411572485982
1403715283.5121431  0.96587298736092453 0.079723668711747478  0.12225162884387257 0.61361558491786783 -0.53899936283335548 0.44569455900676436 0.36648596273650885
1403715283.5621431   0.9801157269277303 0.076966709741945208  0.11417897050430348 0.61026044189009765 -0.54540582104949109 0.43934953661386067 0.37025216826727581
1403715283.6121433  0.99186280554503481 0.078378834000094502   0.1086725611473076 0.60719969849156186 -0.55128966100192167 0.4331824622380494 0.37381972959372206
1403715283.662143   1.0045620185583146 0.079192491196732884  0.10330871983238582 0.60467149690340039 -0.55606760191058946 0.42802790835191407 0.37676692080103441
1403715283.7121432   1.0198569441890251 0.080383952878811116 0.099533063465479882 0.60198452218909004 -0.56015379398209619 0.42389721463659091 0.37967553720983449
1403715283.7621431   1.0321741889044085 0.080709204361966658 0.095156285337023985 0.59960252557713223 -0.56311337405984707 0.42156616828686178 0.38165705159526725
1403715283.8121431    1.044065562474694 0.080608520093486208 0.091083624334152347 0.59682130668351807 -0.56520732458734768 0.42114151889572699 0.38338600546132473
1403715283.862143   1.0557683137696325 0.080361255359882686 0.087046561191130883 0.59483481644415304 -0.56619283926802988 0.42039708161144618 0.38582833447018483
1403715283.9121432   1.0672887577461312 0.079761143589257608  0.08319382453789316 0.59258248142736947 -0.56714647178802102 0.42118106789916054 0.38703667821939541
1403715283.9621429   1.0785986739984532 0.079077095058551664 0.079173014161289912 0.59113492669574386 -0.56783472090302556 0.42132389814391835 0.38808427052666511
1403715284.0121431   1.0936667857560503 0.074716153255372564  0.07117630973682483 0.59141559862426674 -0.56942795961959769 0.4200826795124013 0.3866651405040844
1403715284.0621431   1.1064247370786791 0.069891482932220181 0.062617131794831457 0.59232587969977113 -0.57055982066238387 0.4188640122811596 0.38492139781951479
1403715284.1121433    1.117762597114822 0.066152877351575767 0.056806416153554723 0.59297807332858887 -0.57182012246562919 0.41836716141049518 0.38258027961230845
1403715284.162143   1.1287895605550105  0.06310301179529948 0.051209165576920998 0.593649420138046 -0.57277270160239024 0.41863232714433268 0.37981412946147963
1403715284.2121432   1.1402661564208358 0.060606071405069475 0.046387098734492899 0.59322707813418829 -0.5744953275261977 0.4202997558016503 0.37601179195872803
1403715284.2621431   1.1509135221719748 0.057568185040488787 0.041801917637249844 0.59276454188212091 -0.57583223289190999 0.42229242010957002 0.37244670674876285
1403715284.3121431   1.1584272272784253  0.05270268618515013 0.035427090837842422 0.59226559443922411 -0.57679393206644503 0.42516552607442032 0.36846234680458628
1403715284.362143   1.1671002880621999 0.047729800336676877 0.031282143282591851 0.59176759523202882 -0.57699941285239276 0.42758319287869723 0.36613577258846858
1403715284.4121432   1.1746212627235426 0.041893040952959044 0.027991716466642374 0.59305531914764142 -0.57479789974916318 0.42759627578983911 0.36749719428221517
1403715284.4621429   1.1811807653858855 0.035342581615033258 0.025040137551240099 0.59493937230234906 -0.57203810591137039 0.4270785428362478 0.36935547500840687
1403715284.5121431   1.1868979966423643 0.027963999780876179 0.022375899773791581 0.59751652535467947 -0.56833900336644527 0.4257812896577905 0.37239102104891725
1403715284.5621431   1.1921637490785455 0.019663436933006966 0.019839367687052332 0.59943162530747141 -0.56473681876460258 0.42553054680765678 0.37507040118683904
1403715284.6121433   1.1966794104913641 0.011083032810137648 0.017374089387592169 0.60113473186330346 -0.56109595696207792 0.42559405215413265 0.37772749966009861
1403715284.662143     1.200054116848764 0.0020932057591745122  0.010700375804873312 0.60303369302237064 -0.55796238582219071 0.42518719755054313 0.37979492904266843
1403715284.7121432     1.2044435005589127 -0.0063494846794730558  0.0073602893283331305 0.60432232282707588 -0.55553899533787288 0.42545121455788532 0.38100159950201606
1403715284.7621431    1.2076305895903328 -0.014743167768849033 0.0037031358911404676 0.60513169960114566 -0.55349158782751029 0.42554965315329513 0.38258356086366357
1403715284.8121431     1.2120170434671038   -0.02327012717911885 0.00070364210739809019 0.60447278861100173 -0.55286545570663292 0.42517921289010285 0.38493515381332621
1403715284.862143     1.2169235099752786  -0.031757018527427051 -0.0011499467820462739 0.60189715282931588 -0.55344794215606019 0.42527915261043364 0.38801138526354739
1403715284.9121432      1.222884972028329  -0.037427398111741013 -0.0025299017298216456 0.59700323999882721 -0.5563744214639601 0.42603893899278455 0.39054507682654083
1403715284.9621429     1.2268504825763962  -0.045403894866448954 -0.0037284131475239157 0.59058179171976977 -0.55979975568846108 0.4267227590146791 0.39464549631169737
1403715285.0121431     1.2309567502377985  -0.052421573168309227 -0.0044836345614720496 0.5817684425823878 -0.56480346991455577 0.42851570746021228 0.39864371065854581
1403715285.0621431     1.2342921842669663  -0.059220581257120125 -0.0052962344617098868 0.57304718629433771 -0.57033406117082486 0.4286010157778507 0.40328296545072556
1403715285.1121433     1.2372817097002675  -0.065482057008109565 -0.0051421873252143332 -0.5652208678776125 0.57626404554269639 -0.42552667099932179 -0.40911144276184513
1403715285.162143     1.2399831419736265    -0.0702256609550828 -0.0043599448288500642 -0.55830734013106043 0.58337379220301078 -0.42084001589209075 -0.41335410189134891
1403715285.2121432     1.2466955563284334  -0.073133712579651344 -0.0030675643594021591 -0.55158532595719856 0.59186834576245517 -0.41523958561747309 -0.41595862295345554
1403715285.2621431     1.2484594161659763  -0.072150058332018235 -0.0030567165442650238 -0.54550289160508292 0.60013785062200498 -0.41041969963125291 -0.41691345103736532
1403715285.3121431     1.2509195971953035    -0.0748480551941971 0.00068227923359088323 -0.54075909644864717 0.60847899409218054 -0.40600050125034731 -0.41532698725351047
1403715285.362143    1.2541352557636911  -0.07579299180594494 0.0078836515654356759 -0.53689818049519378 0.61617799006366514 -0.40142987854373063 -0.41342360957547886
1403715285.4121432     1.256077755952592 -0.076196494281935145  0.017623148745735312 -0.53461886917493251 0.62260503140855405 -0.39681474665355593 -0.41119787988892176
1403715285.4621429    1.2570381592988549 -0.077644151765171601  0.031870651479863663 -0.53300433211696818 0.62715532391172757 -0.39320212627097484 -0.40984712946378565
1403715285.5121431    1.2578080002704963 -0.077502421354860865  0.048449181751071359 -0.53126934109371915 0.63098237301010851 -0.39071001540663258 -0.40860716590060792
1403715285.5621431    1.2573350893214257 -0.078803568598969878  0.067402800251305961 -0.52903289567622702 0.63400815629537388 -0.38993489307721169 -0.40756426757534908
1403715285.6121433    1.2562355337767939 -0.081126563783593439  0.087247449344473843 -0.52693159934080469 0.636282323291542 -0.38971665945731798 -0.40695063585684238
1403715285.662143    1.2540252155779565 -0.083866727259644225   0.10668673624279419 -0.52588897636731702 0.63772902301115242 -0.38875904186604482 -0.40695071582683268
1403715285.7121432    1.2505089521112112 -0.087384177017798881   0.12548524233086281 -0.52460677130392819 0.63926105438895053 -0.38836618927275851 -0.40657685973669411
1403715285.7621431    1.2456832003527729 -0.091412354979235666   0.14430545543359125 -0.52385220427615298 0.63894350177981774 -0.38761552831814022 -0.40875943024596884
1403715285.8121431    1.2361531510638417 -0.094398947400921362   0.16187105518318989 -0.52317118384294248 0.63883865922588645 -0.38694342197157183 -0.41042888308180242
1403715285.862143    1.2228664555893238 -0.097007164089869174    0.1787793728396061 -0.52460260629339239 0.63747011059769243 -0.38445577132777103 -0.41305898302483934
1403715285.9121432   1.2138791293251938 -0.10234940246997706  0.19599166399030868 -0.52677974395252669 0.63545065565209757 -0.38088764291286498 -0.41668953558844224
1403715285.9621429    1.203788182271242 -0.10718322516144149  0.21236457447713378 -0.52941269938058211 0.63422274033553827 -0.37671812074152561 -0.41900735898170005
1403715286.0121431   1.1935595908580283 -0.11326468271148717   0.2281182678951818 -0.53192447595645043 0.63249248148460102 -0.37313220505745526 -0.42164199303777661
1403715286.0621431   1.1829780270244192 -0.11988342200239843  0.24268586799724451 -0.53385166510891613 0.63111603314904252 -0.37006254942217481 -0.42396776042267031
1403715286.1121433  1.1731738086371317 -0.1261147528853282 0.25660240728886202 -0.5344301287020703 0.63098494513411696 -0.3688037743090688 -0.42453057911647485
1403715286.162143   1.1627389476746584 -0.13311982589643503  0.26973813868597252 -0.53377313987149544 0.63196187607266729 -0.36931543686698559 -0.42345782603960375
1403715286.2121432   1.1527902715959448 -0.14092599653034116  0.28174194108354111 -0.53258390894866958 0.6337517089871072 -0.37027053971222951 -0.42144142974568899
1403715286.2621431    1.142070280913325 -0.14884863542278556  0.29345677255305846 -0.53203996590934755 0.63472001374737019 -0.37098396775496567 -0.42004151520117794
1403715286.3121431   1.1314851856383827 -0.15806654031593159  0.30517837834669664 -0.53236742419278515 0.63440202414810376 -0.37044720033822043 -0.42058039561622745
1403715286.362143  1.1185978462034682 -0.1684850537569057 0.31808224641919308 -0.53325378899545572 0.63302247680582102 -0.37063689874271444 -0.42136828270646653
1403715286.4121432   1.1083692011332593 -0.17907295267472906  0.32870035086202659 -0.53376086812184775 0.63239461996919 -0.36994276791153974 -0.42227802306748563
1403715286.4621429   1.0999096239724206 -0.18979168761523363  0.33914892948971492 -0.53406982181926366 0.63138277928243158 -0.36905279332641083 -0.42417596252676298
1403715286.5121431   1.0895263262313424 -0.20147186173030154  0.34871872986550706 -0.53439671257164334 0.63065877811387516 -0.36803356497774747 -0.42572403529787317
1403715286.5621431   1.0811363879483085 -0.21391596477972977  0.35865928363753208 -0.53390698237011414 0.62987913597482736 -0.36771030380161007 -0.42776715712893532
1403715286.6121433   1.0707161582200626 -0.22681092397181796  0.36797165444743818 -0.53195116674338605 0.63007398001214754 -0.36819045364034741 -0.42950032102446406
1403715286.662143   1.0623841605029358 -0.23921809784309001  0.37817477909384267 -0.52791572459164793 0.6307680222996942 -0.36838617467400997 -0.43327625838725325
1403715286.7121432  1.0536896534860853  -0.251275404342583 0.38848397992107347 -0.52238645989699461 0.63132318819821232 -0.36912413499361008 -0.43850973937274129
1403715286.7621431   1.0437644680331446 -0.26414308301303263  0.39657833063314335 -0.51701275282067105 0.63310211484948298 -0.36806387571278382 -0.44317999615188886
1403715286.8121431   1.0348907476681923 -0.27611737500538047  0.40420906307881499 -0.51316606221525607 0.63658997616383883 -0.36421140855652517 -0.44582938969462654
1403715286.862143   1.0256554138182246 -0.28802027812111441  0.41001812660459097 -0.51038481440891448 0.64119052809135124 -0.35965427371784675 -0.44612873848610152
1403715286.9121432   1.0201143810398883 -0.30099149586950102  0.41690584548450377 -0.50894018298718247 0.64538991350233876 -0.35398087159002478 -0.44626146174499914
1403715286.9621429   1.0159111585872813 -0.31688013936181386  0.42498118321294343 -0.50760300180593343 0.64890352902272186 -0.34900589665388032 -0.44660753092652183
1403715287.0121431   1.0091824405136851 -0.33044108072703521  0.43106528238999231 -0.50622579832979087 0.65149941579878012 -0.34476997600008225 -0.44768026086495832
1403715287.0621431   1.0035394191813447 -0.34641230627595609  0.43869137995056284 -0.50420859874659829 0.65390250858770516 -0.34204116010696811 -0.44854547484661766
1403715287.1121433  0.99722064950168077 -0.36060369786369278  0.44552880701921815 -0.50272696392665805 0.65487139230843361 -0.33948380168285469 -0.45073252342387543
1403715287.162143  0.99448075787394208 -0.37580028323345649  0.45442915421538604 -0.4999812052918135 0.65524255907596551 -0.33866434407465107 -0.45385288936285478
1403715287.2121432  0.98975659210328226 -0.39159238275567215  0.46199676491472291 -0.49706902190086055 0.65433020012131171 -0.33947413685274058 -0.45774631302044677
1403715287.2621431  0.98563389305595928 -0.40681406640200801  0.46939817796227967 -0.49453304895177297 0.65370546030718502 -0.34002568165593461 -0.4609650425720499
1403715287.3121431  0.98447965708625262 -0.42506868176310575  0.47820295587873674 -0.49220247691349461 0.652905689985945 -0.34188204903998248 -0.46321436317154618
1403715287.362143  0.98193496288181703 -0.44068437873106092  0.48536409523193641 -0.49023946912243055 0.65286936191990552 -0.34284724037338671 -0.46463171324093477
1403715287.4121432  0.98012873807127021 -0.45623800332736802  0.49228324536003937 -0.48827736871472793 0.65365464821472707 -0.34478175966916691 -0.4641619870990471
1403715287.4621429  0.97863811218518826 -0.47148701248921437  0.49918185729236292 -0.48534805806063447 0.65562204750677355 -0.34746718675192073 -0.46245383282064245
1403715287.5121431  0.97811854050727021 -0.48628700807579567  0.50624779597623404 -0.48192336885090054 0.65827081215063032 -0.34919381321547555 -0.46096972269118064
1403715287.5621431  0.9786313623765468 -0.5059699756945607 0.51616757703787552 -0.47772341180796679 0.66170967561870109 -0.34990213139608922 -0.4598794901358651
1403715287.6121433  0.97694993893460202 -0.51945944704282743  0.52352450634216641 -0.47190296052240305 0.66680759253856092 -0.34969829224845994 -0.4586789016094272
1403715287.662143  0.96998407519464225 -0.53751978357357466   0.5297390402720038 -0.46521802482045299 0.67231451286191024 -0.34854497482936403 -0.45834679632196257
1403715287.7121432  0.96603144358009019 -0.54980758971342503  0.53773029665925287 -0.45805163361952261 0.6777304381475544 -0.3459341646952892 -0.45956469386081356
1403715287.7621431  0.96090925980785669 -0.56255984203408249   0.5482934615585171 -0.4506614069843245 0.68277152528815288 -0.34213158861430587 -0.46224811149733186
1403715287.8121431  0.95487392012156813 -0.57300280679891613  0.55725684170114964 -0.44319571229190835 0.68696395863950044 -0.33680267002646358 -0.46714242110887322
1403715287.862143  0.94774214029626236 -0.58274769874297294  0.56653717692086492 -0.43499615646826723 0.69122691500738365 -0.33108283986981424 -0.47261807939492656
1403715287.9121432  0.94041319158488423 -0.59685178441428155   0.5786283291073383 -0.42669588650302837 0.69515088340381026 -0.32403681033460313 -0.4792661215780577
1403715287.9621429  0.93173981344102641 -0.60542332648103481  0.58823579898181089 -0.4175330835123317 0.69943440399997037 -0.31634588294737337 -0.4861922675404633
1403715288.0121431  0.92276088422965763 -0.61361003523599511  0.59731729929116517 -0.40761562217981601 0.70420286449000613 -0.30859863268907339 -0.4926608509933238
1403715288.0621431  0.91377015476043921 -0.62109246949831109  0.60618532295596106 -0.39720153191168489 0.70884331452080507 -0.30172290490364817 -0.49873378385935918
1403715288.1121433 0.90734511141659846  -0.629316114085821 0.61516651572893744 0.38752072753733063 -0.71362773177036443 0.29552177267115787 0.50321966183220557
1403715288.162143 0.90040358207576887 -0.6413239741094684 0.62503961014075471 0.37994005115981111 -0.71769254474621291 0.28961474712544855 0.50664214884654812
1403715288.2121432  0.89213654095519079 -0.64730748633905233  0.62794415801194814 0.37378478773890783 -0.72133715443811763 0.2843019572479743 0.50904816981015666
1403715288.2621431  0.88439006147268195 -0.65092924454139678  0.62961089510343571 0.36837491119475119 -0.72484433129064885 0.27972849799772215 0.51054146511915144
1403715288.3121431  0.87818667797413108 -0.65564581689636581  0.62563747625269661 0.36471779485633188 -0.72688644430347105 0.27484354309914777 0.51291135103417096
1403715288.362143  0.87040364762614664 -0.66108870142350584  0.61952336485209736 0.36153188238614337 -0.7290786283578341 0.27167005992350257 0.51374549168956385
1403715288.4121432 0.86292253203239788 -0.6654877859732502 0.60982192117056766 0.35858860374319373 -0.73094163883347285 0.27010392929140675 0.51398677148958472
1403715288.4621429  0.85549497618572135 -0.66943418262442234    0.600684012922995 0.35616131121045419 -0.73226737823597288 0.26946708776764255 0.51412167409893395
1403715288.5121431  0.84535052767259622 -0.67493597760286839  0.59995765516463095 0.35448006374745722 -0.73276576111771607 0.26922832231488347 0.51469829434600445
1403715288.5621431 0.83714583766038386 -0.6769684276023229 0.59732362174866183 0.35312666810589588 -0.73389049001794271 0.26939000994137097 0.51394097664755289
1403715288.6121433  0.82945719048665323 -0.67927276935000946   0.5977235738437694 0.35189111049350175 -0.73435797951626425 0.27051703096246493 0.51352851939857524
1403715288.662143  0.82110353093394806 -0.68168452953564229  0.60168215125045166 0.35147710308509528 -0.73513131682190647 0.27086226710297584 0.51252260954462803
1403715288.7121432  0.81190816760278961 -0.68437585031824555  0.60900754935416246 0.35191761029232865 -0.7347895936237735 0.27091603405521975 0.51268192006363733
1403715288.7621431  0.79968074618265805 -0.68916797987750955  0.62270022635395539 0.35424032772249558 -0.73430811029510612 0.26881650507284133 0.51287725234242199
1403715288.8121431 0.79127286244666584 -0.6899388542120316 0.63077382697701734 0.35594496760401867 -0.73394152975085736 0.26740128695572923 0.51296156062493159
1403715288.862143  0.78350480375769893 -0.69039310917481533  0.63658459180100313 0.35753490568836599 -0.73367074871182902 0.26455200919041816 0.51372001920535337
1403715288.9121432  0.77950255492674092 -0.68156112749901498  0.64262575727490667 0.35879604034773727 -0.73318426496027278 0.26072509055103066 0.51548876050075654
1403715288.9621429   0.7702442215094929 -0.68171251407822531  0.64078300266297405 0.35820410268766401 -0.73373994217928673 0.25697350219198717 0.51699142859398273
1403715289.0121431  0.76086494600323307 -0.68141368623503606  0.63512588319891172 0.35621855933557506 -0.73565454570392674 0.25345436164984803 0.51737956466283508
1403715289.0621431  0.75157199011616105 -0.68100895934981898  0.62613126692820664 0.35309024261968575 -0.73798701615938322 0.24999328683582542 0.51788589581486233
1403715289.1121433  0.74358032569500021 -0.67722587217375718  0.61384293560050163 0.34920331341025135 -0.74042588388765085 0.24542146764758538 0.5192252493766053
1403715289.162143  0.73549590693715294 -0.67572393874000347  0.60055815357445508 0.34612453579623309 -0.7424019999802498 0.24068833275203388 0.5206785981987484
1403715289.2121432  0.72698920163279623 -0.67581580848361644  0.58705302166684259 0.34327528965449144 -0.74383766751487357 0.23637002458013268 0.52249096774838599
1403715289.2621431  0.71906170641624734 -0.67617159824495765  0.57352475091661748 0.33989604035200865 -0.74593943228862836 0.23274541524023484 0.52333031327699253
1403715289.3121431  0.71377550861548422 -0.67458840511134266  0.55830952781724053 0.33609502313614847 -0.74801400530999462 0.2277792077228962 0.52500649120971921
1403715289.362143  0.70749760264588513 -0.67011913995897598   0.5402464107973125 0.33110893374421907 -0.75015506247182295 0.22291852914285692 0.52720165554315834
1403715289.4121432  0.70114786056258416 -0.67077102266846045  0.52488907933561657 0.32537932034524286 -0.75338207884492714 0.21818521042256442 0.52814671741839414
1403715289.4621429  0.69558575900094977 -0.66842206905734658  0.50658836869760404 0.31863433955036258 -0.75696518659238687 0.21353835504022697 0.52903424735377125
1403715289.5121431  0.68868974408378225 -0.66535223917386865  0.48620362118825616 0.31181428632060887 -0.76081274843064162 0.20853932861940561 0.52957262116800385
1403715289.5621431    0.681897058497278 -0.66696721505281353  0.46722397380985609 0.30416632744788968 -0.76446495477901544 0.20361560605565809 0.53067585504917048
1403715289.6121433  0.67621520326971463 -0.66917908863041919  0.44819482084562856 0.29710659255868127 -0.76823957779799301 0.19879267101426137 0.53105282007908305
1403715289.662143  0.67075864829285547 -0.67208272340898945  0.42846306993058919 0.29148347302100808 -0.77195979220122213 0.1940190327516822 0.5305394227673933
1403715289.7121432  0.66486635783100045 -0.67540134105406813  0.40859595916429903 0.2858907018513841 -0.77509875320875876 0.19127566625634987 0.53000193289019248
1403715289.7621431 0.65912412150036992 -0.6805843158745799 0.39000130030900126 0.2825464506111508 -0.77653344419923409 0.18843844339371799 0.5307110949833892
1403715289.8121431  0.65401027957080837 -0.68622597773770067   0.3739172600332572 0.27997936247844823 -0.77760487485434471 0.18712786451063809 0.53096645610867821
1403715289.862143  0.64899231811551561 -0.69282075448121583  0.36054218613448319 0.27806302146605949 -0.77783382035401893 0.18708206108677053 0.53165384078944011
1403715289.9121432 0.64405388028324861 -0.7007128594162878 0.35012674401032168 0.27641218592917216 -0.7779512250106605 0.18874398303946188 0.53175549253455667
1403715289.9621429  0.63960377043225769 -0.71057973711567768  0.34516235370746345 0.27682397696612765 -0.7782922091110388 0.18927181132069149 0.53085393890702226
1403715290.0121431  0.63369541639237315 -0.72015221039969957  0.33983826973659159 0.2775521648141176 -0.77841819880601604 0.19034799981923639 0.52990333320277438
1403715290.0621431  0.62725965018836338 -0.73115873470543058  0.33851359782406965 0.27930186546530639 -0.77750951960648162 0.19175379685640437 0.5298111892552394
1403715290.1121433  0.62424674156929794 -0.74117894353705882  0.34015961850254811 0.28151999754512042 -0.77535779681077344 0.19307345660217576 0.53130915507134502
1403715290.162143  0.61443080651277049 -0.75524315520358665  0.34429523728293349 0.28487847030780511 -0.77393424148072609 0.19486784383640438 0.53093932841454583
1403715290.2121432  0.60805930007427544 -0.76796860444422788  0.35085875220087404 0.2889393198411197 -0.77358817216017539 0.19503382727439919 0.52918542644552291
1403715290.2621431  0.60161133799418876 -0.78133497777850636   0.3594925664604397 0.29219262973573673 -0.77403658441050949 0.19609683761645424 0.52634291426697566
1403715290.3121431  0.59338876391143136 -0.79561819529596378  0.36736758394547758 0.29472305234289747 -0.77442336162629355 0.19756337503412855 0.52380864085106604
1403715290.362143 0.58557660883714036  -0.811483371794949 0.37501263976538041 0.2971494897689731 -0.77521585323075459 0.19888229194151105 0.52075752090761362
1403715290.4121432  0.57763591904129663 -0.82829349039107814  0.38184056785203296 0.29790880244477241 -0.7768001861470335 0.20143605494501851 0.51696743804232326
1403715290.4621429  0.56959729200367915 -0.84585647062386871  0.38806467824742924 0.29883679015803216 -0.77819657740028825 0.20309945440448723 0.51367039177971041
1403715290.5121431  0.56139506490817148 -0.86428408559260894   0.3944571937506372 0.29897604431606756 -0.77769933720519013 0.20530611712360558 0.51346515374205581
1403715290.5621431  0.55282161649438721 -0.88256220928734275  0.39811200429916538 0.29934821158006436 -0.77628693622126166 0.20633042325851794 0.5149728122085524
1403715290.6121433  0.54281657476429201 -0.90274222091227452  0.40323803840589706 0.29819806203625571 -0.77461406671180144 0.2088911472886065 0.51712227957657764
1403715290.662143  0.53396177020000579 -0.92156829767714976  0.40661385188032256 0.29708312098687223 -0.77422731184061078 0.21060154909028778 0.51764918269570581
1403715290.7121432  0.52437391693954338 -0.93962833227374432  0.40466900960234509 0.29614540447940424 -0.77220705348345686 0.21079901447632876 0.52111221579611466
1403715290.7621431  0.51751192204849628 -0.95676947446759208  0.40629740509731582 0.29520333829602791 -0.77000010007645481 0.21059477985345562 0.52498064120461152
1403715290.8121431 0.50664383604268404 -0.9775074247690213 0.40912327392400349 0.29355732316704314 -0.7687224260650134 0.21171647680322619 0.52731969727078232
1403715290.862143 0.49577789019147911  -0.998439350169263 0.41137583752926343 0.29164589034511812 -0.76888611044742661 0.21317931072287727 0.5275522773010749
1403715290.9121432 0.48749377334056704 -1.0191085520303522  0.4130326607272492 0.29037666471119061 -0.76952179100378582 0.21325792819358549 0.52729371494842436
1403715290.9621429 0.47796742487126875 -1.0397683003543801 0.41399646958992831 0.28713559431479757 -0.76989545085299893 0.21498799492683981 0.5278203361662781
1403715291.0121431 0.46831591558336433 -1.0604121820620795 0.41494837778866805 0.28247832899495767 -0.77035266385626555 0.21776416776531562 0.5285277042646408
1403715291.0621431 0.45830304465198496 -1.0810041894137379 0.41563693330474716 0.27721774870793831 -0.77116018352061766 0.22138340608507107 0.52863189334727256
1403715291.1121433 0.44796124397771203 -1.1010101799048544  0.4159424874527401 0.27168974063790063 -0.772692340538223 0.22415574171571317 0.52809604728832382
1403715291.162143 0.43888934675806074 -1.1210855703845237 0.41769017618994181 0.26620743369361277 -0.77376423056976662 0.22685072816273014 0.52816783778366994
1403715291.2121432 0.42879135400143936 -1.1389161071573972 0.41772629556427499 0.26109808831943637 -0.77481216086853821 0.22826749524370465 0.52857152237074578
1403715291.2621431 0.41986833666080065 -1.1547309165207966 0.41741952679120636 0.25614697674113918 -0.77596712633735887 0.22811260297433195 0.52936602225151408
1403715291.3121431 0.40729043835028583 -1.1704052077474194 0.41615190312675382 0.25229844354895287 -0.77726691956893257 0.22677781961073618 0.52988060132373094
1403715291.362143  0.3949149530822802 -1.1843104239589701 0.41357952647138241 0.24854481390069516 -0.77823662095874757 0.22501411869973953 0.5309819993818613
1403715291.4121432 0.38175783903691474 -1.1967648503541426 0.40978494022697409 0.24487419250159759 -0.78000546485263733 0.22252392444078628 0.5311414196785853
1403715291.4621429 0.36825032803184898 -1.2078802366227122 0.40559123521334101 0.24150688121661992 -0.78185728545298716 0.21922396110926259 0.53133272662680231
1403715291.5121431 0.35345299432444988 -1.2187431553333552 0.40197376541329677 0.23915265961249896 -0.78454083474234282 0.21422031699597857 0.53048217671114906
1403715291.5621431 0.33881569343037915 -1.2275073703234436 0.39681238633794219 0.23556588120974237 -0.78723367445729242 0.21046340022273294 0.52960080681304955
1403715291.6121433 0.32348603477721033 -1.2348286639164652 0.39195638726980658 0.23151097469652313 -0.78981979977064909 0.20754145050223227 0.52869074023359552
1403715291.662143 0.30733874933325128 -1.2413765416270628 0.38671124437541948 0.22734314977722705 -0.79197731331863641 0.20524109125182227 0.52816959577367284
1403715291.7121432 0.29013537795252226 -1.2468610070305042 0.38117264960627928 0.22347695062153647 -0.79416633268039538 0.20302260535625868 0.52738952425340024
1403715291.7621431 0.26839577109860191 -1.2545340887935399 0.37805667421239986 0.22230802384722889 -0.79523934755340719 0.19788045832616188 0.52822045288742769
1403715291.8121431 0.24892028246837464 -1.2586813925498379  0.3734325735365171 0.22216623089213736 -0.79553002452572363 0.19240721027782645 0.529861879514263
1403715291.862143 0.22470158468445559 -1.2658453164736729 0.37034479080542954 0.22516631868544182 -0.79504506220319648 0.18372274711960063 0.53239969025797618
1403715291.9121432 0.20161799496068863 -1.2735535363810842 0.36555407894727515 0.22818510907173431 -0.79444417199051709 0.17568119221565398 0.53472061143171667
1403715291.9621429 0.17940093667936693 -1.2778787250225598 0.35927303539371291 0.22904143953037051 -0.79464489505566482 0.17136450730315086 0.53545654854206015
1403715292.0121431 0.15705128670748519 -1.2824061950079166 0.35274401955068097 0.23025005337703644 -0.79488369766091216 0.16739023479090298 0.53584076870786346
1403715292.0621431 0.13295784101579083 -1.2896342590789394 0.34709504878327341 0.23112900395085442 -0.79495065656293218 0.1652553636804836 0.53602565417867865
1403715292.1121433 0.10845608734867596 -1.2955326742822175 0.34023137927839053 0.23263294953501204 -0.7947364954651337 0.1656423207786728 0.53557299701674044
1403715292.162143 0.085524291893060392  -1.3027794335940608  0.33337943242811596 0.23581184040683822 -0.79423142658278489 0.16699025000605555 0.53451236969328353
1403715292.2121432 0.062751644308451093  -1.3107360300483881  0.32676381636130952 0.24103448107476547 -0.79276142633593827 0.16910963924754233 0.53369806984885515
1403715292.2621431 0.039576115348175844  -1.3197566871855557  0.32066825831994972 0.24756335873652713 -0.79111990457813386 0.17224332371797316 0.5321408811827556
1403715292.3121431 0.016593217452279065  -1.3294782894191235  0.31439021674849393 0.25589183793250486 -0.78908194431411804 0.17607433044183501 0.5299687562455313
1403715292.362143 -0.0094175228958247835      -1.33918146690324    0.30795887476321976 0.26593688301761575 -0.78613451405188128 0.17948587026182877 0.52825649304446953
1403715292.4121432 -0.033524264145076837   -1.3507583762066799   0.30263318456939836 0.27548921272856342 -0.78278467188307332 0.18515963457359738 0.52637416431629469
1403715292.4621429 -0.06235183066792261  -1.3649659872811561   0.2975475312498993 0.28726692341750976 -0.77970826701581963 0.1902827633462198 0.52280512911672206
1403715292.5121431 -0.088147362123124837   -1.3803686902198764   0.29342177049473839 0.29752766042026468 -0.77487211505278419 0.19801545842433707 0.52138313630522048
1403715292.5621431 -0.11224028780579348   -1.395969999860404  0.28927082831826545 0.30834438767370942 -0.76805629072053416 0.2071556688599393 0.52163186418577867
1403715292.6121433 -0.13716347850853114  -1.4119817054954833   0.2854558066873592 0.32029670549819284 -0.75977967633415322 0.21600164518355428 0.52296094802056814
1403715292.662143 -0.16201738248302763  -1.4290421234304973  0.28366454553044829 0.33227846155252716 -0.74900752651659874 0.2253854204298622 0.52704853805643626
1403715292.7121432 -0.1887578631320373 -1.4465364561546252 0.27891596721339429 0.34498072653734452 -0.73991044075335066 0.23402154796216582 0.52797230331840328
1403715292.7621431 -0.21039149019366041   -1.463878645079046  0.27825391433795688 0.35786210394787665 -0.73019581579155135 0.24241101533184989 0.52913673545151985
1403715292.8121431 -0.23059870134090921  -1.4813908660980719  0.27934318276283698 0.37049852387937365 -0.72160212874156737 0.25080070838148999 0.52831829068676628
1403715292.862143 -0.2515947524478046 -1.4995412736450189 0.28090275338497944 0.38330651494861057 -0.71484463970353285 0.25873166377998963 0.52452948710507719
1403715292.9121432 -0.26854221377024085  -1.5176500235635262   0.2867679432787999 0.39561894336849263 -0.71015721701356027 0.26637024278234361 0.51788924736050268
1403715292.9621429 -0.28658828972704292   -1.536872321398379   0.2948328218164592 0.40574120930088647 -0.70656178600932573 0.27590128103814182 0.50992450102723863
1403715293.0121431 -0.30096150640610192   -1.554671050043922  0.30662408795695067 0.41420243484918595 -0.70217872481650689 0.28656041610283595 0.50325392129921831
1403715293.0621431 -0.31426641424819346  -1.5727040061156923   0.3209165341408135 -0.42251024996226361 0.69753001530975689 -0.29689481647886301 -0.49678006639435335
1403715293.1121433 -0.32690217777457931  -1.5900108987524859  0.33728217418030737 -0.42987869813501756 0.69249211050961557 -0.30749890437596172 -0.49102281574206319
1403715293.162143 -0.33619167265606825  -1.6085924519567765  0.35309937552794535 -0.43754638661640738 0.68784363058165665 -0.31600349557585578 -0.4853515120106367
1403715293.2121432 -0.34719788376236405  -1.6258311168327544  0.36918382435747554 -0.44604939494117485 0.68269765912362079 -0.32357604896104558 -0.47985662862828066
1403715293.2621431 -0.35841568860308437  -1.6433075456099679  0.38538014421323608 -0.45333915161067084 0.67683331237157307 -0.33216010009801772 -0.47544710408616098
1403715293.3121431 -0.37142638739396494  -1.6591719012649513  0.39894970183359862 -0.46144048960625572 0.66978536519798904 -0.33981733468454578 -0.47221225965282493
1403715293.362143 -0.38289654445001331  -1.6755931983206345  0.41564940183047977 -0.46860417185207681 0.66260560506638322 -0.34705068501889563 -0.47002102536520285
1403715293.4121432 -0.39461252897725141  -1.6940566185603676  0.43198391700809119 -0.4745069364409652 0.65504751213509982 -0.35569938494593834 -0.46822416817600038
1403715293.4621429 -0.40567313547318234  -1.7089812568843812   0.4484146675736127 -0.48063764963725086 0.64801220973235107 -0.36277401493624134 -0.46632889667702848
1403715293.5121431 -0.41669961633564451  -1.7227704228984837  0.46416529987335636 -0.48781693143051413 0.6427882203963039 -0.36780909759439667 -0.46214111790260082
1403715293.5621431 -0.43113359576244414  -1.7331941519012604   0.4764733791234354 -0.49496673643684741 0.63835440911088026 -0.37322204948765714 -0.45630787848336357
1403715293.6121433 -0.44215316651665965  -1.7447236987797214  0.49215979212450395 -0.50226539091194711 0.63468657898302794 -0.37646158929918577 -0.45075391882181232
1403715293.662143 -0.45346838282166579  -1.7565520659233578  0.50848096578603486 -0.50973910832758107 0.63177658113570612 -0.37835792034161425 -0.4448254456353074
1403715293.7121432 -0.46466619649528451  -1.7668857293069864  0.52503153358645038 -0.51693899951760969 0.62783333374921424 -0.38097737952948424 -0.43983589223473796
1403715293.7621431 -0.47607068228577115  -1.7753611105568445  0.54094976780141713 -0.5240227512630643 0.62411580350985651 -0.38355684358038383 -0.43446952449002457
1403715293.8121431 -0.48730556260516733  -1.7843775677285081  0.55748650859083759 -0.53102613889591888 0.61967392671183352 -0.38621502653702122 -0.42994583105297973
1403715293.862143 -0.4998103223000922 -1.7930473378649268 0.57242321705807508 -0.53740843206136402 0.61559864589427749 -0.38984957899905287 -0.42455599168630209
1403715293.9121432 -0.51082644169296343  -1.7991140547165381    0.582190903069846 -0.54423520230610023 0.61077226063647172 -0.393328932953317 -0.41959223146962232
1403715293.9621429 -0.5218519834255303 -1.8072615814962762 0.59660116858684908 -0.55078920817588317 0.60505483208965094 -0.39729276322418694 -0.41556992024404033
1403715294.0121431 -0.53306947043034103  -1.8160520249323253  0.60825794622458873 -0.55731294514511809 0.59887441090305549 -0.40171375008722848 -0.41155532329208022
1403715294.0621431 -0.54415282985772584  -1.8244575646110486  0.61705406376631755 -0.56396862450606822 0.59234381517071755 -0.40636635310708047 -0.4073506870795533
1403715294.1121433 -0.55528960596763477  -1.8326702204308316  0.62307905083242643 -0.56963192881657765 0.58526617596560326 -0.4125180815697721 -0.4034994440160975
1403715294.162143 -0.5672298160991921 -1.8386009867093152 0.62401492660638191 -0.57473821510830703 0.57770013384584684 -0.41955477879610498 -0.39989039378054514
1403715294.2121432 -0.57803340476782528   -1.845854779014924  0.62322957730329154 0.57980096613308396 -0.5700775947226373 0.4263594216945385 0.39630798528252431
1403715294.2621431 -0.58986773682835014  -1.8518518059980082  0.61974139412827467 0.58484596153873891 -0.56304369159496481 0.43306101740912528 0.39165693894978498
1403715294.3121431 -0.60133690743606583  -1.8576563635090746  0.61280838466465248 0.59023089917646432 -0.55581223698033544 0.4391068038590612 0.38715043288744716
1403715294.362143 -0.61345085421987866  -1.8678621261842121  0.60381927204347596 0.59655347845149231 -0.54867241218877394 0.44402255273539115 0.38200327762039415
1403715294.4121432 -0.62572444086832968  -1.8732111563212357  0.59147603567932472 0.6024433922160779 -0.54096410391409733 0.44930473486239308 0.37755139078254929
1403715294.4621429 -0.63822727324336581  -1.8772894911359224  0.57707838738722728 0.60891824912396386 -0.5329581095625584 0.45353208145101298 0.37347405589949884
1403715294.5121431 -0.65008169057559395  -1.8801086056534964  0.56162483898334514 0.61560353926486777 -0.52486333187978085 0.4573206649449903 0.36933531473025366
1403715294.5621431 -0.66269020157713721  -1.8824019998316288  0.54723786742815561 0.62336246450613209 -0.51807965933705835 0.45974066941132452 0.36283773413919646
1403715294.6121433 -0.67494800604161387   -1.884350320048944   0.5325651042491758 0.63222252070659457 -0.51133231474975227 0.46065594742599297 0.35585115751549967
1403715294.662143 -0.68829995816664746  -1.8857200744495837  0.51894747483925285 0.64167538854873363 -0.50367099013737782 0.46046989558674889 0.3500510029741295
1403715294.7121432 -0.70289418817489224  -1.8857479441212388  0.50549034323026054 0.65107679180908917 -0.49599949050644671 0.46024406075825086 0.34388794849730431
1403715294.7621431 -0.71653539143657641   -1.885473640792829   0.4909417049523333 0.65944081908113661 -0.48810139398696589 0.46096502330735234 0.33823968218532907
1403715294.8121431 -0.7301371523811494 -1.8852687193877191 0.47775968706544014 0.6668222600300554 -0.48050675711102153 0.46279318000458652 0.33209005170330114
1403715294.862143 -0.74127765716030425  -1.8877158581433158  0.46308813468244003 0.67374620996453993 -0.47227632096587657 0.46491662528989008 0.32691536021180528
1403715294.9121432 -0.75179316762631587  -1.8905410911027329  0.44975227300856446 0.67994290915944944 -0.46357671344010709 0.46766425329621053 0.32259016914461536
1403715294.9621429 -0.76401612433944077  -1.8942590449338084   0.4358612823420161 0.68474411661676415 -0.45401579225193184 0.47238966353020112 0.31912875291079817
1403715295.0121431 -0.77465989484970932  -1.8961653366860822   0.4241438863524854 0.68850567671732388 -0.44526483896891061 0.47801205047853418 0.31496608690987271
1403715295.0621431 -0.78188290830648499  -1.8982072612045247  0.41070940058463012 0.69231899612549164 -0.43713706502054617 0.48303050050748664 0.3103016750978011
1403715295.1121433 -0.78859648711664521  -1.8987904937488524   0.3991748428142009 0.69468550074779289 -0.4292533721950304 0.4903238496345525 0.30452605798114513
1403715295.162143 -0.79671427237073933  -1.9000710703820591  0.38878744371833246 0.69661186393340557 -0.42180820104149325 0.49761107752698625 0.29865191793088752
1403715295.2121432 -0.80445097794015397  -1.9001713838710119   0.3799450884677068 0.69886842224835544 -0.41409600098944688 0.50429667850757465 0.29290320994292685
1403715295.2621431 -0.81289462832666703  -1.8997519285508524  0.37361797193140517 0.70202057720979927 -0.40698526427222886 0.50952800635399631 0.28620152791382192
1403715295.3121431 -0.82140318396397494  -1.8989923597403098  0.37083248956319487 0.7062261745596925 -0.39875247621210208 0.51368351659173073 0.27994695544594334
1403715295.362143 -0.82687786016663056  -1.9004712965335266  0.37002427769460777 0.7124851789513541 -0.39058673210628059 0.51526060205754076 0.27260481735379177
1403715295.4121432 -0.83406101791299525  -1.9000015505309655  0.37225173518812837 0.71872710391939665 -0.38101341208017442 0.51733555579882429 0.2657518628589115
1403715295.4621429 -0.84119681321968887  -1.8995407455051496  0.37699475307346569 0.72498221169016464 -0.37086934711169917 0.51954320331401582 0.25871138358408324
1403715295.5121431 -0.84902547410071616  -1.8984786666526023  0.38178101147543037 0.73092377749333048 -0.36045463045320975 0.52169844141971555 0.25229670449682851
1403715295.5621431 -0.85772848125739587  -1.8958832236109184  0.38357833328302104 0.73636231248458961 -0.34944654254147889 0.52350910206083912 0.24818517022096187
1403715295.6121433 -0.86666780233029161  -1.8933153778243419  0.38271391055988385 0.74062792331189253 -0.34050665373602629 0.52536218439979621 0.24396736088026644
1403715295.662143 -0.8761743887876513 -1.8903024220453757 0.37820794110431971 0.74335631080187192 -0.33259860133690455 0.52785156175584702 0.24118933295583142
1403715295.7121432 -0.88335295889530896  -1.8878432519867394  0.37083926144926227 0.74522574913136586 -0.32612893516809671 0.53049022113313127 0.23845046814766274
1403715295.7621431 -0.89118313896802559  -1.8841915328951742  0.36157793927404419 0.74726479307758864 -0.31966362768886109 0.53304029240139283 0.23511388907536596
1403715295.8121431 -0.89907485488657191  -1.8803157546198692  0.35100839498764713 0.74857705351803538 -0.31408783898044462 0.53674394012254711 0.22997210068304835
1403715295.862143 -0.90753720519460745  -1.8747378377490249  0.34035631070057032 0.7490425266469124 -0.30856103489940845 0.54136067574362712 0.22506443471730275
1403715295.9121432 -0.91650473160853174  -1.8681790820737685  0.32915067774169149 0.75052310086543805 -0.30331133134700455 0.54471993650028794 0.2190833223295594
1403715295.9621429 -0.92263990608989632  -1.8670974716187432  0.31904092037961712 0.75100703620551867 -0.29883227330197454 0.54891946708360095 0.21301437195558542
1403715296.0121431 -0.93227998437867832   -1.860554427183188   0.3060653199820097 0.7514373504424714 -0.29480302072777942 0.55267346865275224 0.20732854211880805
1403715296.0621431 -0.94219355142476957  -1.8542155394541195  0.29173106507045643 0.75254062982483072 -0.29271515965718464 0.55488829809602469 0.20024837678696233
1403715296.1121433 -0.95408428344639229  -1.8467473126375793  0.27706296295436095 0.75477675991215754 -0.29218251294797226 0.55481812073288117 0.19266103583845801
1403715296.162143 -0.96605258441865316  -1.8386999589291289  0.26392851761733588 0.75893285010566625 -0.29066739382460022 0.55229777742579289 0.18574326434149513
1403715296.2121432 -0.98007455967283708  -1.8314464718835641  0.24887785140118041 0.76359407322437212 -0.28794091620747253 0.54918094048240007 0.18004003643934394
1403715296.2621431 -0.99409405292428787  -1.8254897611307708  0.23319150514094214 0.7685363393519643 -0.28487660938295051 0.54577610596936277 0.17414262739167319
1403715296.3121431 -1.0081535438249938 -1.8208618770834968 0.21876755028685022 0.77493889613339073 -0.28170147302201276 0.54014742169510455 0.16838868784131883
1403715296.362143 -1.0201615330596172 -1.8183694142020079 0.20515446691148484 0.78127709906777854 -0.27744293567135442 0.53453026131286019 0.16403936009111555
1403715296.4121432 -1.0368546004203207 -1.8135315459050709 0.19610002492692422 0.78580496416777224 -0.2726051861109926 0.53194563619356638 0.15884209432420338
1403715296.4621429 -1.0439931879608975 -1.8207669999461231  0.1880497627088531 0.78867442037575286 -0.26838328760047114 0.53138862595710523 0.15358775271860967
1403715296.5121431 -1.0555488718768367 -1.8247454809114263 0.18184289533203127 0.79086289886870209 -0.26487498190726128 0.53140268623537901 0.14828453801541217
1403715296.5621431 -1.0686555016036949 -1.8283518807876649 0.17907077422778003 0.79237479242551101 -0.2600540596213653 0.53231466559956042 0.14544817355575076
1403715296.6121433 -1.0819020495059319 -1.8335029631762931 0.17897930327489731 0.79357534184222456 -0.25424355466195281 0.53330383879770404 0.14555207747223567
1403715296.662143 -1.0952112621541545 -1.8398354291119539 0.18017704501919038 0.79301965660931684 -0.24817028336596403 0.53649836142597118 0.14731205949461981
1403715296.7121432 -1.1074697249354601 -1.8480024668648813 0.18111378471927966 0.79244506014160099 -0.2431717365743134 0.53930397628526727 0.1484909234650629
1403715296.7621431 -1.1182312273130264 -1.8570136375581456 0.18396155490622068 0.79181483771315131 -0.23967563859341723 0.54172323790032151 0.1487305770879857
1403715296.8121431 -1.1293349994099962 -1.8673528672155963  0.1846795822374932 0.79167452581788433 -0.23488748889314398 0.54354839834847668 0.15044750375232954
1403715296.862143  -1.139649382946162 -1.8786003974886745 0.18589396731864796 0.79131144868876557 -0.22930199962371139 0.54572252644204899 0.15308072470550271
1403715296.9121432 -1.1478892888160366 -1.8905344097263801 0.18857845200291951 0.79146718643328218 -0.22261352550097541 0.54781425895194225 0.15466883575027332
1403715296.9621429 -1.1567124428325322 -1.9016240705787117 0.18948029717701698 0.79157263847113024 -0.21532903611217333 0.55050385962517878 0.1548924296685846
1403715297.0121431 -1.1655334831244057 -1.9119255356866287 0.18995560204577813 0.79332724983229608 -0.2093538804770908 0.55158014106748188 0.1502071082961344
1403715297.0621431 -1.1755298481175342 -1.9191372894734797 0.18921539127455345 0.79675984899778984 -0.20499758306274676 0.55077364910501403 0.14070579737522626
1403715297.1121433 -1.1839696958825447 -1.9279967749415998 0.18762264681280905 0.79991989699076615 -0.19957647314801347 0.55055847125089352 0.13108302520906978
1403715297.162143 -1.1914538368255474 -1.9374398476086876 0.18392996181863724 0.80571571133453068 -0.19428490377499907 0.54662486544273381 0.11948566923921788
1403715297.2121432 -1.1981091610943417 -1.9474635022966493 0.17993221062021947 0.81174364120513487 -0.1871494560413848 0.54250108096127281 0.10835090780558188
1403715297.2621431 -1.2035382964289902 -1.9583211684614164 0.17591191262655675 0.81637107330406133 -0.17894174685456285 0.54046498697897094 0.097034631729261425
1403715297.3121431 -1.2074762211515957 -1.9708444799455911 0.17164125433503671 0.81983905292567327 -0.1692520782245302 0.54008596405458964 0.086745678542721139
1403715297.362143 -1.2104791932619121 -1.9841551216194564 0.16678815714580872 0.82282069429256111 -0.15858174088411409 0.54015734976210139 0.077768721219102083
1403715297.4121432 -1.2124739007578591 -1.9997520725216347 0.16198926897948926 0.82458911971625115 -0.14617167422735167 0.54176729721904515 0.071936228446604411
1403715297.4621429  -1.212898156371051 -2.0172893713597806  0.1575458453817388 0.82607053351047222 -0.13470082491317065 0.54318843438087361 0.066403962143014694
1403715297.5121431 -1.2131720265491637   -2.03735058352573 0.15351844237056345 0.82692729039586632 -0.12272537639772384 0.54523859365050864 0.062004954484324568
1403715297.5621431 -1.2109977885072076 -2.0577293605046636 0.14958783765976771 0.82807008725097475 -0.11325713387076931 0.54618339758436274 0.056182278618295278
1403715297.6121433 -1.2111363086293263 -2.0792488759561758 0.14478920543156537 0.83017942649437038 -0.10540699353604598 0.54527207735434158 0.048681076373179782
1403715297.662143 -1.2115720908212366 -2.1018488176610712 0.13736908688895377 0.83223893295155416 -0.098550393323131064 0.54408069755585109 0.040526201433805475
1403715297.7121432 -1.2064711207303764 -2.1241596436068058 0.13173972417545771 0.83344338579043575 -0.093269729670768228 0.54373321167938349 0.032048006586050212
1403715297.7621431 -1.2005233109151181 -2.1478824207114933 0.12708092701030163 0.83395409495423956 -0.087848389947285888 0.54427531375059923 0.023824582565316013
1403715297.8121431  -1.191904339564787  -2.173162086347141 0.12444221829673899 0.83150838432932472 -0.081111674880737492 0.54927922027152809 0.017522590161837576
1403715297.862143 -1.1820719190470435  -2.199805503933169 0.12314472328754368 0.82774031148822869 -0.073727220076086716 0.55612492781633682 0.011633504136621505
1403715297.9121432 -1.1708584500926158 -2.2278570693543536 0.12252812091388281 0.82332172305204487 -0.065434562305132282 0.56374992011536595 0.0067591402165029599
1403715297.9621429 -1.1567789219969791  -2.258170086493434 0.12081191640261203 0.8167375633867574 -0.057108001303501174 0.57417621605741243 0.00031883251628653611
1403715298.0121431 -1.1453782392286771 -2.2880183377260477 0.12078256648465573 0.80986199636285006 -0.046861909899841049 0.58472756026995665 -0.0046030977028933212
1403715298.0621431 -1.1350020393421545 -2.3182249505663703 0.12045253896781322 0.80468829527442043 -0.034690333980244667 0.59262319487986814 -0.0084307216217980405
1403715298.1121433 -1.1256373178535299 -2.3488164850248041 0.12018900374578391 0.80074899571495139 -0.019924637334529035 0.59860124663215408 -0.0089778738582980029
1403715298.162143 -1.1173273888638362 -2.3814781628060073 0.11796403499455144 0.79960860565564085 -0.0027126806534188892 0.60047365997397006 -0.0070783333193374367
1403715298.2121432 -1.1105281861684997 -2.4130201549074211 0.11617994259856952 0.79987312635548757 0.015282202327757302 0.59996325808023043 -0.0036776323995942337
1403715298.2621431 -1.1053119283469737 -2.4421644333396841 0.11464765353474714 0.80046131669375364 0.032450350884562773 0.59850383891082637 -0.0013453673753465825
1403715298.3121431 -1.1011303868583096 -2.4708343475812482 0.11281220873009212 0.80121109508556199 0.046531156303971449 0.59656947748882072 -0.00070080919319814373
1403715298.362143 -1.0997293314483207 -2.4987283377487448 0.11267239006242173 0.80333815824760091 0.058031583900626856 0.59268781840983353 -0.0011352012725880112
1403715298.4121432 -1.0995941004277745 -2.5242983963737484 0.11259420607944672 0.80572762895809558 0.066743740853838843 0.58851010060620879 -0.0020303878622835582
1403715298.4621429 -1.1001632457634352 -2.5480594939146912  0.1130081635385102 0.80777021087865919 0.073587781789130238 0.58488143431265682 -0.0024150744856707997
1403715298.5121431 -1.1011079506289694 -2.5697301795609091 0.11393594364713931 0.80892614457815681 0.079845626876104955 0.58246169409652959 -0.001242335253400639
1403715298.5621431 -1.1002204104806861 -2.5886530570565309 0.11645677644331076 0.80954611620092365 0.086202020668227519 0.58068911244958721 0.0021099903379059605
1403715298.6121433 -1.0999996603835049 -2.6044143110270026 0.11902386404052176 0.8093612827637493 0.091348927251198878 0.5801272916384097 0.0064817396859997755
1403715298.662143 -1.1007822771759368 -2.6174368337655793 0.12183738988883987 0.808786403218554 0.09591421779623438 0.58013230774371782 0.0105604121737499
1403715298.7121432 -1.1024800614858477 -2.6264535209270283 0.12643911045753295 0.80829911613199834 0.098793141817902705 0.58025232902545909 0.014131123469435309
1403715298.7621431 -1.1043463898427743 -2.6323978519989772 0.13068657316596041 0.8076938784036537 0.099717403045785302 0.58088389458163403 0.016153616769677054
1403715298.8121431 -1.1076288537323491 -2.6346263721144276 0.13552506281325657 0.80844904763450343 0.09797323090731129 0.58015923900782118 0.015054593927202257
1403715298.862143  -1.116946956047896 -2.6314283524490834 0.13934195600169152 0.81313385142137573 0.090807023064013143 0.57491775628205588 0.0060825772908043091
1403715298.9121432 -1.1215904499893332 -2.6260193949081043 0.14196614816129105 0.81832370853450342 0.081936513968238783 0.56884218741363457 -0.0071611135685186239
1403715298.9621429 -1.1262961416111192 -2.6184469836599802 0.14473175886386583 0.82319875031774215 0.074446951434629302 0.56244126505008585 -0.021477715573512635
1403715299.0121431 -1.1307809815895611 -2.6093405509860981 0.14784449665619764 0.82692694817851964 0.071330466121098404 0.5568169697005918 -0.032536890333238498
1403715299.0621431 -1.1336567046318748 -2.5989222389319702 0.15133367798275821 0.82940084645966816 0.070621524024881976 0.55254523711103609 -0.042433444148431636
1403715299.1121433 -1.1350551772722985 -2.5877009312743326 0.15524555567050288 0.8306118734702943 0.072856127376552463 0.54976594800924561 -0.050331925885614297
1403715299.162143 -1.1337235547957667 -2.5750503521753347 0.15873164284126484 0.83109009212754092 0.0765286552919269 0.54786305817590242 -0.057259874020057916
1403715299.2121432 -1.1319285009518689 -2.5625917121402595 0.16268885592551685 0.83116077781796205 0.081657914679346189 0.54630969423327913 -0.063635401892359056
1403715299.2621431 -1.1285254117000691 -2.5495400605704077 0.16621676786852041 0.8313048605286435 0.087728633255214863 0.54437967051988267 -0.069904864589589708
1403715299.3121431 -1.1265235423826574 -2.5331009278140248 0.17064576378548663 0.83036635477906495 0.094561243621482674 0.54377321642822007 -0.076554406476667392
1403715299.362143 -1.1198295864648622 -2.5195892525355337 0.17419161320308668 0.82970754429668359 0.10221620636223276 0.54239861966046787 -0.083312516973739467
1403715299.4121432 -1.1117828311303659 -2.5062300270453561 0.17830522823057776 0.82834707498032112 0.11029982141402625 0.54172735215641188 -0.09059000327399927
1403715299.4621429 -1.1010180713289912 -2.4931745302458808 0.18306410916048949 0.82645820454142971 0.1193649160814224 0.54144881367654707 -0.097734513470376108
1403715299.5121431 -1.0885231045785488 -2.4800386744489362 0.18745512388690294 0.82348955471480045 0.12894123309914843 0.54230745400782154 -0.10555442676669355
1403715299.5621431 -1.0773021093523136 -2.4674410595770659 0.19309894419466803 0.82031710332074281 0.13927023488095516 0.54296086114383657 -0.11347755258910371
1403715299.6121433 -1.0627424376577743 -2.4539089484179644 0.19709035349874043 0.81624426197524347 0.14996057673788754 0.54464997947242144 -0.12088643463028195
1403715299.662143 -1.0474281393300955 -2.4404295063168284 0.20001867730053607 0.81298558595976667 0.16098606175462774 0.54447043488298619 -0.12918928160153942
1403715299.7121432 -1.0312264741288293  -2.427124024876683 0.20250951408277582 0.80903173183573485 0.1716633559014803 0.54484569463040733 -0.13835648942576756
1403715299.7621431 -1.0140208555597889 -2.4140503083679983 0.20436805122181784 0.80596407545668891 0.18392447354696298 0.54329527892137586 -0.14636918051783218
1403715299.8121431 -0.99595070000497443  -2.4012999310345093  0.20556439503791701 0.80187363521918298 0.19560786895642976 0.54259512801905063 -0.15597038755060869
1403715299.862143 -0.97732098095560449  -2.3883869240262152  0.20608820211223391 0.79832220566264744 0.20776842951552066 0.54057346292573638 -0.16520976612494026
1403715299.9121432 -0.95875983982275859  -2.3769143848351826   0.2108073463644505 0.79381581805058621 0.22067228907280062 0.5394980642012297 -0.17349935611170125
1403715299.9621429 -0.93922856830343682  -2.3646563284808835  0.21175993946099123 0.78901983724082592 0.23344564211808358 0.53839582425105426 -0.18188118386893171
1403715300.0121431 -0.91711767112228126  -2.3532615444845137  0.21273837695405379 0.78511224287464609 0.24512790643555182 0.53642826468005422 -0.18909202105644723
1403715300.0621431 -0.89420621096300057  -2.3429150551378513  0.21571552482113374 0.77888260333013182 0.25578497417721835 0.53823371280183896 -0.195500403115656
1403715300.1121433 -0.87267580446523019  -2.3338061340707061  0.21937771073501244 0.77315437975814916 0.26398855226624807 0.54030081423313803 -0.20153753861792156
1403715300.162143 -0.85173910858710944  -2.3258243760175281  0.22111221301959588 0.76740674074937476 0.27307551793419799 0.54307856173141567 -0.20391746258015395
1403715300.2121432 -0.82942983801855741  -2.3169159600321816  0.22175448830031638 0.76194126819719943 0.28227782873403739 0.54637830638036811 -0.20306520514396739
1403715300.2621431 -0.8078136126229245 -2.3088119092843828 0.22242220239381677 0.75636790171075441 0.28875138036915937 0.55049361935199204 -0.20368360918178968
1403715300.3121431 -0.78863811150886054   -2.300261957534973  0.22476017312016028 0.75283475026399083 0.29118125604684825 0.55263200858466244 -0.20748777797647741
1403715300.362143 -0.76919155622192126  -2.2923917008061179  0.22525755100709202 0.75012289212598382 0.29180785546290144 0.55422776873677482 -0.21212119780858282
1403715300.4121432 -0.75050530407842597  -2.2849583658622361  0.22610697300048016 0.74873327799252543 0.29114898042317677 0.55446958650188982 -0.21724232384490796
1403715300.4621429 -0.73283595436863902  -2.2790075803551657  0.22703285796034706 0.74803576559997254 0.28971911593368072 0.55446199326833745 -0.22153380163481046
1403715300.5121431 -0.71897737275382978  -2.2784245818447042  0.23292658305379008 0.74784370553301827 0.28874493030666953 0.55458600804787528 -0.22313788785045682
1403715300.5621431 -0.70654676600203359  -2.2781241665970771   0.2373024708412442 0.74873019176294298 0.28682252329811442 0.55378478321039826 -0.22462937019931595
1403715300.6121433 -0.69259967055683014   -2.275849011391351  0.23797422986008226 0.74997959065807984 0.28578237313539878 0.55249868295925864 -0.22495389334199861
1403715300.662143 -0.68257692570550454  -2.2738087848617621  0.23829386556240062 0.75105159015398149 0.28441060545627311 0.55182557271331534 -0.22476799979266082
1403715300.7121432 -0.67512545200789875  -2.2757836873061397  0.24285456192854729 0.75233327906771186 0.28258862496452553 0.55082411039296586 -0.22523566693061967
1403715300.7621431 -0.66494304863083808  -2.2789760438561268  0.24546558043458744 0.75300486772606146 0.28087294761657022 0.55092589953506277 -0.22488821600857209
1403715300.8121431 -0.65515588171966166  -2.2818099510560557  0.24669972198377368 0.75290416726096421 0.28008836509833418 0.55212139698371654 -0.2232661766823755
1403715300.862143 -0.64591649459092304  -2.2857509197539811  0.24805092685497165 0.75239647733776627 0.28019455286329381 0.55401803065574529 -0.22012399947254466
1403715300.9121432 -0.63804811325442568  -2.2904793851949772  0.24942316121234581 0.75191870237401004 0.28093820339830439 0.5559085379681451 -0.21600390807954678
1403715300.9621429 -0.63099477419043326   -2.296544531193971   0.2501446303183904 0.75144622647772119 0.28178743479340579 0.55765611936413084 -0.21200014820910809
1403715301.0121431 -0.62509861872817696  -2.3032559401225075  0.25052536997903246 0.75106806563098671 0.2822215792262312 0.55917587460590334 -0.20873447790698893
1403715301.0621431 -0.62051397131744024  -2.3091636627680172   0.2501258608518151 0.7501301126179134 0.28259569497387405 0.56138166169022541 -0.20565776728339522
1403715301.1121433 -0.61692333684074452  -2.3155234890434868  0.25012231850885547 0.74838620287723323 0.28286070736349889 0.5646408215599158 -0.20270336504597364
1403715301.162143 -0.61395209340096402  -2.3217837540425088  0.25008680409558298 0.7463717455031279 0.2837153693380185 0.56802486822746445 -0.1994556486820509
1403715301.2121432 -0.61351969710017662  -2.3296830853868062  0.24990715280265907 0.74430452148308657 0.28438047987693443 0.57160286542042438 -0.19598134147912766
1403715301.2621431 -0.61573684539841966  -2.3377035603662297  0.24953397732766366 0.7427947356840362 0.28551128870998638 0.57408975727116196 -0.19276990235922273
1403715301.3121431 -0.61813325578813239  -2.3458594936226373  0.24855904847736335 0.74135524052713486 0.28646409521791877 0.57613623682736304 -0.19078198580667374
1403715301.362143 -0.62446369920659994  -2.3540807810800777  0.24670924311290721 0.74072582231551187 0.28677086780227801 0.577094370212478 -0.18986788407732536
1403715301.4121432 -0.63317340880035122  -2.3625386587573733  0.24433222456306561 0.74136744295974411 0.28663790193990796 0.57625965013423719 -0.19009956159335278
1403715301.4621429 -0.64417984873331924  -2.3708118597406815  0.24110539695456754 0.74349222088925215 0.28462802654560537 0.57339657458707471 -0.19344914637633118
1403715301.5121431 -0.65780460680980812   -2.382053602909866  0.23540788856262651 0.74780879647657117 0.28275227068410508 0.56737945596856143 -0.1972655831108508
1403715301.5621431 -0.67224512390190638  -2.3910455556149879  0.22997772667539412 0.75327702187437062 0.28116737895376098 0.56009769103443652 -0.19952245444120845
1403715301.6121433 -0.68755741058584929  -2.4010494702929681  0.22445228811623633 0.75878310773282898 0.27959259362774497 0.55291806713410141 -0.20089247881518657
1403715301.662143 -0.70329566254792231   -2.411134718146974  0.21822394214392926 0.76317975946318306 0.27759029692580023 0.54727285005586113 -0.20246656363483589
1403715301.7121432 -0.71941558968925612  -2.4214487818033041  0.21133057040984563 0.7659507030380438 0.27630619430367698 0.54409202082738817 -0.20233210416766378
1403715301.7621431 -0.73595829862868234  -2.4318258266347601   0.2037017440745372 0.76738141978580021 0.27592266780365765 0.54299701758064101 -0.20036635660252705
1403715301.8121431 -0.75214125786876596  -2.4427624473186831  0.19732963658207098 0.76655363194140014 0.277106412842137 0.54486810976151723 -0.19679001063093396
1403715301.862143 -0.76738122404199827  -2.4519585244018893  0.19169462452895233 0.76552874777717861 0.27835079972800214 0.54709406561900897 -0.19280729234640015
1403715301.9121432 -0.78591563785979468  -2.4622795834921778  0.18610560887190805 0.76511033003314033 0.27902286922035202 0.5485082289590405 -0.18944958192838132
1403715301.9621429 -0.80325067742224709  -2.4720031442566972  0.18025000812482275 0.76581641826274771 0.27819765291536253 0.54824453411531193 -0.18857149902433382
1403715302.0121431 -0.82117552314922859  -2.4815178931959712  0.17566694905685995 0.76545713397443571 0.27831968475525815 0.54948067136844847 -0.18623780743408644
1403715302.0621431 -0.83969622255855925  -2.4907616245714466  0.17160989992799811 0.76544706705487631 0.27838015353278772 0.55024175930777708 -0.18392738776493178
1403715302.1121433 -0.86022903277773854  -2.4995694181711392  0.16767099723397674 0.76636503307442505 0.27851033525078678 0.54968669642334833 -0.18155210000029065
1403715302.162143 -0.88138622239329023  -2.5053541683686897  0.16451972158013983 0.76826322551589898 0.2788327359444604 0.54788983139815006 -0.17843949769078779
1403715302.2121432 -0.90277193943730127  -2.5150257877089528  0.16254177696703723 0.76995544752263279 0.27882910129542882 0.54634300554280857 -0.17587569870637784
1403715302.2621431 -0.92446099580749264  -2.5203619432320723  0.15943486962215492 0.77219467700967137 0.2786535399700214 0.54415461952566813 -0.17309920712984339
1403715302.3121431 -0.94500462621344306  -2.5230841700190649   0.1578484463306602 0.7736376552717148 0.27884497921204793 0.54300506391522119 -0.16992868055847035
1403715302.362143 -0.96650305453726415  -2.5251494158959669  0.15666506955199544 0.77454514597690438 0.27814682833203241 0.54287168630569371 -0.16734542401888094
1403715302.4121432 -0.98865950866926755  -2.5269083156016858  0.15682793816489835 0.77484461032062957 0.27722184577148012 0.54358450825385851 -0.16516585746011908
1403715302.4621429 -1.0105059099387679  -2.528023652268256 0.15762985844755684 0.77558091335405466 0.27420802205755029 0.54380454373376852 -0.16601453458864474
1403715302.5121431 -1.0345135759923196 -2.5281057230384252 0.15744692732676979 0.77742639816267323 0.26908266233747696 0.54248569792915335 -0.17003524285132035
1403715302.5621431 -1.0575769041533007 -2.5261177459737154 0.15882879558630461 0.77988034067308587 0.26456543437942304 0.54019313474023678 -0.17315646780520522
1403715302.6121433 -1.0807362525135347 -2.5239160385146144 0.15972996057849903 0.78182589929888546 0.26026718383930508 0.53837486589068462 -0.17652693839477857
1403715302.662143 -1.1038896290326181 -2.5209351719309705 0.16094601685514359 0.78356780075514687 0.25784377760794119 0.53675075170105735 -0.17730402848485716
1403715302.7121432  -1.127065309498426 -2.5197547989972393 0.15892804726564227 0.78540863686406226 0.25481198019685936 0.53463615853330149 -0.17991193922651574
1403715302.7621431 -1.1486527157610242 -2.5193487079844417 0.15564676045287953 0.7872106369413846 0.25306805156842338 0.53239885891677285 -0.18112821256176465
1403715302.8121431 -1.1702912312385865 -2.5178153312176579 0.15413854907877542 0.78986323347426834 0.25169004373911147 0.52883338733909802 -0.18194351520082652
1403715302.862143 -1.1900713366655962 -2.5144078701844474 0.15045525259844786 0.79228761710211437 0.25172079984541734 0.52550376533991627 -0.181004870999117
1403715302.9121432 -1.2090944407337911 -2.5186911204168796  0.1442743367896748 0.7938497873740592 0.25325948392467329 0.52187261528908624 -0.18251334827814292
1403715302.9621429 -1.2260859969576339  -2.513470319496117 0.14090990818122209 0.79476127165611166 0.25613654249476714 0.51853287285562033 -0.18404415894693288
1403715303.0121431 -1.2416207685308243 -2.5073777963474617 0.13766844213509025 0.79479262067255796 0.26118274782620549 0.51543280504519928 -0.18551896357417996
1403715303.0621431 -1.2549051203951314  -2.500753491850586 0.13422337015164981 0.79410678261090351 0.26701557855259678 0.51234580378900541 -0.18867664392123196
1403715303.1121433 -1.2677589363273905 -2.4930107796713084  0.1304230039994185 0.79242153001977667 0.27495707086982296 0.50939437748959726 -0.19231249601050163
1403715303.162143 -1.2786674309430599 -2.4843321817830861 0.12711405945474188 0.78927668113034266 0.28450770750975224 0.5073332816270385 -0.19675016224887035
1403715303.2121432 -1.2877313301276927 -2.4741096889494711  0.1244322258784949 0.78445265241413686 0.29479989889028035 0.50656890700793356 -0.20276833625468654
1403715303.2621431 -1.2955834113496292 -2.4628490935822263 0.12305324767934434 0.77719829051465439 0.30575083052865376 0.50820534111194005 -0.21025360429118486
1403715303.3121431 -1.3030444950614841 -2.4503538458654308 0.12151293811104542 0.76875243837990348 0.31793685229023366 0.51054537882759177 -0.21743795114588871
1403715303.362143 -1.3100133062923345 -2.4381185719752292 0.11845987604366812 0.75986454639497791 0.3309743846092138 0.51263984830716558 -0.22419235890661643
1403715303.4121432 -1.3161430958491478 -2.4246307007737742 0.11768057007141523 0.75126903607249995 0.34387444765180192 0.51392056949372533 -0.23071811359776226
1403715303.4621429 -1.3230292508801011 -2.4114585628184013 0.11607899120048801 0.74354752843923477 0.35648078743178879 0.51365503554147984 -0.23710129819720172
1403715303.5121431 -1.3356401495578021  -2.398457256355826 0.11040470426018908 0.73674536956888148 0.36813006458213882 0.51184441107137357 -0.24433954822042528
1403715303.5621431 -1.3427240895663384 -2.3845165507702739 0.10991817985602208 0.72909926654224599 0.3804417478914171 0.51075981883920307 -0.2506047554381739
1403715303.6121433 -1.3502881180509578  -2.370072580485771 0.10935932494828496 0.72318491513288341 0.39028490430557516 0.50677027602805702 -0.26050942272762279
1403715303.662143  -1.358109366461872 -2.3548808770909271 0.10865228978298958 0.71647750736144666 0.39899819818531518 0.50355526881268164 -0.27183176882216692
1403715303.7121432 -1.3669222087193997 -2.3383475526571922 0.10570999585398054 0.71031460052493456 0.40792315075642949 0.49913706876911423 -0.28269074611424144
1403715303.7621431 -1.3751183521818062 -2.3228847760977911 0.10454084071723597 0.70399347778082122 0.41603193822654688 0.49484583204930915 -0.29400376208639573
1403715303.8121431 -1.3842016713306269 -2.3082192362577114 0.10411288912321964 0.69716446322958769 0.4246243264696074 0.491358109032625 -0.30368256661836279
1403715303.862143 -1.3936212698331916 -2.2937523599467013 0.10305570594978644 0.69037728507365392 0.43173900028671236 0.48795976124859869 -0.31444540271400323
1403715303.9121432 -1.4042823826828648 -2.2777921161316783  0.1015011822123746 0.68449469576876953 0.43797942342873508 0.48499507054917379 -0.32314210134313109
1403715303.9621429  -1.4122016535487798  -2.2591208369611344 0.097636748705226956 0.67946106125719907 0.44355726356604686 0.48259272715275642 -0.32968754885847085
1403715304.0121431  -1.4209944482277375  -2.2463988901837038 0.095925919226449483 0.6755399171845532 0.44832917249120474 0.47992770873180179 -0.3351360436823852
1403715304.0621431    -1.42980520933328   -2.234858865449342 0.093770681272031878 0.67235869464972586 0.45209545048876298 0.47786350237516934 -0.33939646797516315
1403715304.1121433 -1.4377543454006774 -2.2234643536525982 0.09220718768508919 0.67025198394301622 0.45407718854653611 0.47577062344196958 -0.34382917085634801
1403715304.162143  -1.4458101340961789  -2.2141117202836584 0.089872790364482022 0.6682336350721062 0.45542803798627191 0.47481873175574313 -0.34726975559089773
1403715304.2121432  -1.4534946444520238  -2.2061473747508771 0.086908676126678464 0.66758574513806457 0.45687771414842671 0.4731703421981765 -0.3488579287719058
1403715304.2621431 -1.4607576352598686 -2.1988840691831983  0.0829738886780097 0.66790147858515325 0.45803035787528085 0.47117155529103621 -0.3494469511285429
1403715304.3121431  -1.4680127902185125  -2.1920948718012476 0.078587239029773215 0.66873142405477592 0.45910410281487707 0.46918436359891968 -0.34912424466727487
1403715304.362143  -1.4744251728635573  -2.1852825734739589 0.074606714260512172 0.66992076589035554 0.45948803357921658 0.46774937189626176 -0.34826346279366849
1403715304.4121432  -1.4824205841955245   -2.182515111809249 0.071485535565558159 0.67121919502053451 0.45976074281404739 0.46656573361376374 -0.34698885835212562
1403715304.4621429  -1.4879297288064126  -2.1787816906490982 0.066501643447700695 0.67241563636785517 0.45958478748427395 0.46648717067972578 -0.34500544151110363
1403715304.5121431   -1.492763236733653  -2.1761057985060028 0.060914033347089995 0.67199602544403492 0.459818547769207 0.46914892083031162 -0.3418881907855133
1403715304.5621431  -1.4985388313085168  -2.1747443008253491 0.052684841008493639 0.67211169538859084 0.45984948640791024 0.47120287070310979 -0.33878042064647662
1403715304.6121433  -1.5030126144272653  -2.1721206977204539 0.040791816662795459 0.67224344004226033 0.4595541268120244 0.47332348451619594 -0.33595184306032932
1403715304.662143  -1.5075650013451687  -2.1705029044618889 0.027908537843530021 0.6723999201160108 0.45790917754619737 0.47540767142931584 -0.33494041036145977
1403715304.7121432  -1.5125166834236539  -2.1700551971573523 0.014335178274382182 0.67288927659807851 0.45666069360168832 0.47708408524584495 -0.33327437339776811
1403715304.7621431     -1.517204810290159    -2.1695031354283718 0.00059846647577640024 0.6738030155871646 0.45630864694123585 0.47819408319129264 -0.33030642396590049
1403715304.8121431   -1.5221999464013496   -2.1696925731479242 -0.011504403353199487 0.67468746310138383 0.45554833582814341 0.47887367686903581 -0.32856132222152717
1403715304.862143   -1.5273419074710839   -2.1701835034070123 -0.020812521841544435 0.67591859271499133 0.4551495602263545 0.47895882594025085 -0.32645271771250151
1403715304.9121432   -1.533580163027864  -2.1690890698191061 -0.02929415885948693 0.67654164115770821 0.45527546390093016 0.47933071646325853 -0.32443446796579284
1403715304.9621429   -1.5402048061749647   -2.1703551680280615 -0.031314254262182262 0.6777641579353606 0.45497607660670275 0.47870105759776338 -0.32323027919507519
1403715305.0121431   -1.5472640494862677   -2.1732165795511578 -0.030331432618678517 0.67809203721767974 0.45486989886947915 0.47870509589476457 -0.32268559826684412
1403715305.0621431   -1.5536229499658305   -2.1736622007037236 -0.028208020654119668 0.67928972629462847 0.45442997745347624 0.47739999929590338 -0.32271985376557388
1403715305.1121433   -1.5600616540761023   -2.1744646479151335 -0.023630394267116772 0.67984625511617591 0.45415993880483957 0.47674818997448593 -0.32289159596580935
1403715305.162143   -1.5668397908424452   -2.1756114276688101 -0.016196691711976456 0.68055520780184398 0.45442846010058874 0.47564840802932812 -0.32264217908321052
1403715305.2121432   -1.573448672808258    -2.17568571621428 -0.01203768315106394 0.68180427843701485 0.45461434003912593 0.47349632533946928 -0.32290859020129958
1403715305.2621431    -1.5797034849263174    -2.1754487113165757 -0.0083294743497866457 0.68258809548742183 0.45464603496827038 0.47203959809382878 -0.32334052115053746
1403715305.3121431    -1.5852103112660521    -2.1767490552470696 -0.0041859203842439293 0.6824410921653884 0.45572421617460751 0.47136019996324169 -0.32312405730116189
1403715305.362143    -1.5911950810407969    -2.1767013629539895 -0.0015299006538725905 0.68310285205728216 0.45627946324548946 0.46936393046965752 -0.32384725675183568
1403715305.4121432   -1.5970264107295329     -2.17647632159369 0.0013941071934840132 0.68257467332916411 0.45781884636917991 0.46887408400345532 -0.32349777833657367
1403715305.4621429   -1.6028317977002655   -2.1760420615813132 0.0055874464056269836 0.68135968945653735 0.45903252966818547 0.46870252015463931 -0.32458597919627952
1403715305.5121431  -1.6081887086331577  -2.1769268088634948 0.014398087514806852 0.68018341610434219 0.45959927681150115 0.46834230926679382 -0.32676368611218032
1403715305.5621431  -1.6132719020008737  -2.1771867256118829 0.025209918667223434 0.67873626613179361 0.46125388973832471 0.4678695407482456 -0.32811586837390555
1403715305.6121433  -1.6215481301670962  -2.1826770483335078 0.042061332807171496 0.67768297572964187 0.46324041711223141 0.46663212130151471 -0.32925455764431266
1403715305.662143  -1.6271361189408664  -2.1828997728614037 0.059393044883344369 0.67598881360169683 0.464751399573268 0.46629319392864754 -0.33108294697232588
1403715305.7121432  -1.6324881752703162  -2.1838237599368542 0.079000591922611801 0.6759730335236821 0.46492420637829296 0.46389826942063522 -0.33422198596269115
1403715305.7621431 -1.6371745507304902 -2.1863040509338862 0.10169562400272876 0.67484890419446697 0.46608545858365202 0.46316039436668693 -0.33589544637355379
1403715305.8121431 -1.6416332875221877  -2.187033317727523 0.12235825042510677 0.67441803832708835 0.46697362901768591 0.46191307010217292 -0.33724213119045465
1403715305.862143 -1.6454283361562299 -2.1877433981491317 0.14234464187951573 0.6738442626202763 0.4684558595883126 0.46135176124360272 -0.33710172018032941
1403715305.9121432 -1.6484303653794752 -2.1894774075313514 0.16181920682358722 0.67384326656320725 0.4697566241148402 0.46032704300045757 -0.33669419313393295
1403715305.9621429 -1.6511067988377668 -2.1900484550417563 0.18036753611246101 0.67359301849094178 0.47057165402367512 0.46006688188306782 -0.33641228881251622
1403715306.0121431 -1.6534287875827378 -2.1904516266594385 0.19775018689628732 0.6736705878503304 0.4711253315085594 0.45958004723204721 -0.33614735052135958
1403715306.0621431 -1.6552672653612961 -2.1909538593411702 0.21389574378041931 0.67398973398492368 0.47212858167385074 0.45902947980824993 -0.33484978350976663
1403715306.1121433 -1.6566799827409935 -2.1915214447910789 0.23002281609715078 0.675165924684337 0.47259606870415016 0.45747935966268649 -0.3339409610592039
1403715306.162143 -1.6558172154623314 -2.1907621507578168   0.244933620577477 0.67695679844038381 0.47089543820544744 0.45486675729652448 -0.33627847452548909
1403715306.2121432 -1.6562214296094331 -2.1879456055409685 0.26480602683102672 0.67865725888839712 0.46659266127768773 0.45393348732944588 -0.3400882274951898
1403715306.2621431 -1.6552353228581311 -2.1878842172814932 0.27915928343984175 0.68007714258925678 0.461161233817792 0.45398395138651465 -0.34456344616742235
1403715306.3121431 -1.6530919463542413 -2.1883436154637677 0.29300305167854007 0.68185331581171371 0.45381128196709603 0.45483191306278231 -0.34965598369769374
1403715306.362143 -1.6503479413897202 -2.1891135544171578 0.30775322661674881 0.68371508965695371 0.44604216357058785 0.45673704349157968 -0.35351285350779477
1403715306.4121432 -1.6454500982648792  -2.191605564143404 0.32197690425979297 0.68494639157914294 0.43725636069948709 0.46068084843915397 -0.35697124754233739
1403715306.4621429 -1.6385249680773954 -2.1947797218624743 0.33610745695595401 0.68683407032309596 0.42905926595402955 0.46505770158425519 -0.3576149330488978
1403715306.5121431 -1.6299881218871053 -2.1999905257094459 0.34952966004723263 0.68891604761542802 0.42147140174848013 0.47049884598093072 -0.35551001782892305
1403715306.5621431 -1.6189487546915413 -2.2057907667107535 0.36256581940490262 0.6911926967067421 0.41394846651230027 0.47677891175524856 -0.35154116742830799
1403715306.6121433 -1.6067573461797886 -2.2142565400078302 0.37634484317853395 0.69323998395305442 0.40532675672535146 0.48422503856603938 -0.34735379220183338
1403715306.662143 -1.5904643201504096 -2.2216546355841853 0.38822986831088524 0.69524752142398438 0.39677371776193071 0.49263049936861697 -0.34134541441040228
1403715306.7121432 -1.5758612566163057 -2.2341760134381397 0.40216455821139208 0.69705794737672833 0.3894640283975494 0.50164978352234046 -0.3328295108239116
1403715306.7621431 -1.5612197220348156 -2.2486896947113775  0.4151213513556733 0.69920848082718712 0.38251021696559834 0.51093412539757876 -0.32208656252703138
1403715306.8121431 -1.5481455515984608 -2.2642350040272672 0.42647606896028972 0.70046182721694206 0.3734644464032722 0.52191681042842242 -0.31221847939675584
1403715306.862143 -1.5337821726959755 -2.2843846365056732  0.4396348350885721 0.70125298565732586 0.36492012314658312 0.53269567379633631 -0.30218019946389024
1403715306.9121432  -1.520613899673332 -2.3059130323926365 0.45060019317097577 0.70262723228485746 0.35749515587246294 0.54287243127226159 -0.28948524892296024
1403715306.9621429 -1.5092771080301735 -2.3292818701896176 0.45820905948068291 0.70499674513483945 0.35158680071752796 0.5515068995058735 -0.27423794541950963
1403715307.0121431 -1.4984078971098704 -2.3547854022018173  0.4682349159646077 0.70762745847337449 0.34655337631118882 0.5594481988327592 -0.257258333596037
1403715307.0621431 -1.4899043785636918 -2.3821097474602992 0.47502813897688551 0.71143034950657036 0.34099609508924578 0.5653373237474133 -0.24079499852147609
1403715307.1121433 -1.4837412578648266  -2.410247481730881 0.47798541088890834 0.71742244529003496 0.33495513144239625 0.56771417960353909 -0.22541230044421784
1403715307.162143  -1.480538748290664 -2.4367554545596195 0.47375755603626718 0.7250859229616532 0.32857297880376962 0.56772236061682302 -0.20971772261429644
1403715307.2121432 -1.4792949782601825 -2.4653947459029784 0.46942393360986423 0.73228077448543194 0.32201669343578965 0.56731626967790671 -0.19550541329191254
1403715307.2621431 -1.4807335769498664 -2.4936455470996117 0.46237261198959251 0.73920860567492352 0.31563714013013161 0.56654869481210623 -0.18156654282467952
1403715307.3121431 -1.4849149282988123 -2.5217211694691288 0.45122540047577198 0.74606423542963707 0.30765780206772592 0.56548198679772532 -0.17019093996727447
1403715307.362143 -1.4934901988363514 -2.5474965338692201 0.43853465863769436 0.75398734904515774 0.29784341290444977 0.56269114081960447 -0.1617747165425335
1403715307.4121432 -1.5037499307879236 -2.5677953225568184 0.42321299267368612 0.76347330042908468 0.28485721581191059 0.55774094486311754 -0.15776540988126675
1403715307.4621429 -1.5133822400903005 -2.5902802447448745 0.41043743108507869 0.77183372008079298 0.27166569092368203 0.5533964687612879 -0.15563678640906084
1403715307.5121431 -1.5259560267757848 -2.6104769616255736  0.3978479009947341 0.77920373135628707 0.25901049151830441 0.54979716208309493 -0.15322594718017202
1403715307.5621431 -1.5362020782647976  -2.626427517687099 0.38623496068516389 0.785813969098481 0.24605467194797537 0.54692065408243906 -0.151100306155557
1403715307.6121433 -1.5475242634873603 -2.6448477585458456 0.37393168288096229 0.79121363522675558 0.2339776295068082 0.54515300563280478 -0.14847105027969779
1403715307.662143 -1.5595559336441183 -2.6631783589146814  0.3623600876162405 0.79592460362628881 0.22223033433948916 0.54424860101904637 -0.14460692974579364
1403715307.7121432 -1.5705695894856244 -2.6806624957410019 0.34980924800403873 0.80043898555804871 0.21126689075205235 0.543593709816799 -0.13845436041660852
1403715307.7621431 -1.5805900653694416 -2.6976310916640927 0.33709668678495686 0.80400401222683759 0.20095863395265745 0.54410220014533006 -0.13094262697853748
1403715307.8121431 -1.5896077990056412 -2.7141760193251163 0.32428058465457238 0.80729077907226865 0.19079255884996152 0.54486726529783425 -0.12247228551485931
1403715307.862143 -1.5979796369356432 -2.7315589246930099  0.3110236381357101 0.8100424841830618 0.18064974805862427 0.54606809550866608 -0.11404594430503909
1403715307.9121432 -1.6054372054821799 -2.7448696675105371 0.29830605979550334 0.81282550948185628 0.17086337794782203 0.54691306107288395 -0.10491187177678446
1403715307.9621429  -1.612723365471548  -2.759408726460757 0.28528152790353578 0.81489109765135703 0.16115478464450347 0.54846803766616836 -0.095731113089595254
1403715308.0121431 -1.6190037428053747 -2.7688899877740307 0.27350987649200664 0.81663670284236478 0.15105903101655299 0.55023242004266548 -0.086775276738729687
1403715308.0621431 -1.6269647686783988 -2.7735710938167988 0.26143454604297056 0.81843472447733912 0.14032744407096553 0.55175561900577419 -0.077708089062640803
1403715308.1121433 -1.6328948760053532 -2.7837257531860606 0.24972330939706794 0.81984018993655872 0.13029247435179425 0.55321836908929822 -0.069536826173266952
1403715308.162143 -1.6357607593426375 -2.7935184238444335 0.23711015995820389 0.82120847659475193 0.12124600845487153 0.55411241391564658 -0.062253322379317876
1403715308.2121432 -1.6388228510188128 -2.8018465163938111 0.22546592675388955 0.82190116479959496 0.11325839272527775 0.55546550080186774 -0.055759207287102673
1403715308.2621431 -1.6415671693836802 -2.8092021885613621 0.21301977956278043 0.82298199511025161 0.10506009695430059 0.55603702539948618 -0.049858180243507917
1403715308.3121431 -1.6434442257017607 -2.8153381703177875 0.20116678627270074 0.82378353607026611 0.09758390526155851 0.55674978674557984 -0.043448154071528571
1403715308.362143 -1.6440098212620011 -2.8187781645105376 0.18855983954564506 0.82418807185549603 0.089838460392572372 0.55781234375432043 -0.038580596168591393
1403715308.4121432 -1.6460156619611723 -2.8215482047944715 0.17665182033820645 0.82506002844718196 0.082511496649126742 0.55788089408693398 -0.03516689341155687
1403715308.4621429 -1.6473560615991281 -2.8233876170915639 0.16451747498821212 0.82548054716676322 0.075868079191590415 0.55830480116375925 -0.033491040690535788
1403715308.5121431 -1.6488559313409212 -2.8279394467285277 0.14742553276585102 0.82543355784402583 0.069514708047510698 0.55917762568337159 -0.033875210480966221
1403715308.5621431 -1.6484950374503549 -2.8273637889980585 0.13854672179183805 0.82584000879397201 0.064283109718187043 0.55911815803318277 -0.035254035764899272
1403715308.6121433   -1.64519961556432 -2.8252589846130634  0.1300846963473192 0.82633308898227698 0.059639533307859642 0.55880181823899611 -0.036841281907949282
1403715308.662143 -1.6445630730274019 -2.8251089423434363 0.12460165959987303 0.82629144537186183 0.056486679078454394 0.55912236964719364 -0.037866583580700712
1403715308.7121432 -1.6409795912586107 -2.8240360217210405 0.12311760692249971 0.8269661864551191 0.054090692729723437 0.55826432967748962 -0.039269092549219488
1403715308.7621431 -1.6364057092262043  -2.822929551515315 0.12440881972135442 0.82717164552208644 0.052887642230527242 0.55801635237519154 -0.040096341796548148
1403715308.8121431 -1.6307917563993743 -2.8217729654017472  0.1276688250541009 0.8278811004382074 0.052497938950482499 0.55697126152394716 -0.040495231566164122
1403715308.862143  -1.623528569144207 -2.8209583953703632  0.1319901803140443 0.8287147182126533 0.051565588427187663 0.5557016554589157 -0.042054441241098445
1403715308.9121432 -1.6162040317637945 -2.8203965446575099  0.1365260872706246 0.82940487944681351 0.050987101319236859 0.55455127376347291 -0.0442803140931547
1403715308.9621429 -1.6073738861074058 -2.8201349519649699 0.14122384543178734 0.82911813533821344 0.050807130077108638 0.55480206517987396 -0.046652134557367976
1403715309.0121431 -1.5964941222553266 -2.8209210304689951 0.14564287792538361 0.82812506969605959 0.051112860585596699 0.55597777752621724 -0.049850329193113246
1403715309.0621431 -1.5843631923221977 -2.8216890339225174 0.15032230647433781 0.82645713180332114 0.050959557565818027 0.5580742112079381 -0.054082414598110348
1403715309.1121433 -1.5595062635817485 -2.8289566544621829 0.15848840951974191 0.82531693173407206 0.051182491040689462 0.55916753633157545 -0.059699088073462719
1403715309.162143 -1.5461811166990684 -2.8307314190354149  0.1623053081643015 0.8235998213949649 0.051952626051085936 0.56118442303638127 -0.063689105708135116
1403715309.2121432 -1.5328901521974874 -2.8335245293783626 0.16704180621127204 0.82056868791600568 0.051969187964029301 0.56495434655808718 -0.069230182863322429
1403715309.2621431 -1.5165310440643984 -2.8381430883285872 0.17263687767659178 0.81573875545363639 0.052017419990987655 0.5711864779407948 -0.074903126009691082
1403715309.3121431 -1.5022828348307595 -2.8432936133260145 0.17733513550003224 0.81118096627222058 0.053373892019199613 0.57698594475959131 -0.078891616527178951
1403715309.362143 -1.4866351908853779 -2.8503181713695747 0.18174460971997963 0.80921211178015051 0.05746401662404485 0.57931606971099814 -0.079161457265153418
1403715309.4121432 -1.4728031691562373 -2.8579472907843888 0.18531435638723723 0.8086627808321365 0.063022703357718521 0.57981130177623319 -0.07688628025123094
1403715309.4621429 -1.4594624557671758 -2.8666932262475862 0.18909786371043477 0.80890136272317237 0.068763593049199906 0.57925045665526076 -0.073614279322906137
1403715309.5121431 -1.4468553800084951 -2.8763260865004439 0.19331259982696117 0.80890925745535125 0.074131780356582216 0.57893144361633364 -0.070771999664440324
1403715309.5621431 -1.4348689063326667 -2.8863324713020035 0.19746139906269342 0.80925990921684632 0.078772978000524491 0.57807728059206331 -0.068701345944279457
1403715309.6121433 -1.4231847092164938  -2.896482373682487 0.20197246143021011 0.80924717425690174 0.082394960554100838 0.57772919349376428 -0.06752081469852371
1403715309.662143 -1.4124211186412772 -2.9067880294862611 0.20664508144336488 0.80927121496038912 0.08543902406594811 0.57728769123715051 -0.067224960760677327
1403715309.7121432 -1.4021666142432609 -2.9162469119623871 0.20623087639407389 0.80971426173948735 0.087332889890619159 0.57624160106947797 -0.068420741562150431
1403715309.7621431  -1.393101640641552 -2.9260838571851369 0.21022152603735003 0.81033363691451521 0.088367361659726473 0.57500454550350943 -0.070145412740223845
1403715309.8121431 -1.3848705506209491 -2.9364103027175141 0.21410410384181369 0.81114017690558926 0.088667214864116814 0.57338542286663419 -0.073613145985355732
1403715309.862143 -1.3748711561898463  -2.948178634789401 0.21584868731862475 0.81235875473037411 0.086837565969261399 0.5712604281390874 -0.07870205837077511
1403715309.9121432  -1.367048130914005 -2.9588174668802241 0.21893488565880109 0.81380886268432995 0.084618516407281658 0.56867823410085738 -0.084616238142561015
1403715309.9621429 -1.3576441181111476 -2.9705250784671411 0.22053056952527786 0.81376301418269026 0.082609153117620737 0.56824546865427839 -0.089791825481898485
1403715310.0121431 -1.3495046354513009 -2.9828844583924199  0.2220322160727449 0.81221446679691711 0.080931835764095683 0.57001491215323807 -0.094024985023074131
1403715310.0621431 -1.3399533311178951 -2.9963066863584382 0.22334210319415587 0.80913073631427745 0.078840408798891537 0.57423924855438269 -0.096648470818925886
1403715310.1121433 -1.3307935720760717 -3.0109836081398429 0.22450373604012308 0.80583927335783012 0.076429674856408419 0.57912585457895449 -0.096926853212429359
1403715310.162143 -1.3210076483730566 -3.0273928694609737 0.22615974040137074 0.80254172048855688 0.07389004929827267 0.58433697712496258 -0.094959700159736593
1403715310.2121432  -1.311591971953157 -3.0458478539485738 0.22788938034417489 0.80020318417120628 0.07180976640671044 0.58856148414790987 -0.090075528688350601
1403715310.2621431 -1.3044086347961847 -3.0659625043519241 0.22962115824243878 0.79848623996196222 0.070480893881049417 0.59223381312716128 -0.081922394850240624
1403715310.3121431 -1.2954828350656864 -3.0880547532854221 0.23210275603334038 0.79728762057761549 0.069539739920726665 0.59526398455205931 -0.071815481204596743
1403715310.362143 -1.2911972691596159 -3.1100863549187525 0.23448178692958133 0.79686315842814992 0.06648709900960377 0.59722510773752147 -0.062535934414594138
1403715310.4121432 -1.2911696641879142 -3.1323774148804979 0.23799576101706052 0.79731721573337377 0.062135929282798423 0.59795093079761863 -0.05365694871687629
1403715310.4621429 -1.2887262445890741  -3.155497407747724 0.23972264794966008 0.79862249956613407 0.056150564164686584 0.5974714523949034 -0.045575003059270904
1403715310.5121431  -1.289222592088541 -3.1777065220436538 0.24198466319553108 0.80137584519639116 0.050627862514691667 0.59478224598654728 -0.038309974316898698
1403715310.5621431 -1.2923402815917009 -3.2008571906333403 0.24440604557415649 0.80485759545821511 0.045262768614934119 0.59086772328818538 -0.032107108041172665
1403715310.6121433 -1.2951162594187442 -3.2221949256521967 0.24717145971984061 0.80883155366559356 0.040694935257861484 0.58602709001405218 -0.026602439905441672
1403715310.662143 -1.2981356275254139 -3.2430395385343607 0.24981791571515435 0.81279077740897132 0.036619106288501665 0.5809884296140948 -0.021969020644980349
1403715310.7121432 -1.3013016610529538 -3.2630844898276221 0.25235570984304601 0.81604615056760088 0.032918609374826345 0.57675770457044373 -0.018319266340683628
1403715310.7621431 -1.3051615740621869 -3.2823506954470729  0.2551133463072805 0.81854276462096787 0.029800940261784134 0.57346092599714293 -0.015563187355935258
1403715310.8121431 -1.3079963824701764 -3.3006812746827636 0.25672777015088205 0.8201585376415319 0.026861831233923272 0.57133296031527558 -0.01403793481421014
1403715310.862143 -1.3113203012525592 -3.3196987452066176 0.25812416494913382 0.82085053428190558 0.024040363652294068 0.57049240883480568 -0.01284027828501738
1403715310.9121432 -1.318391067849203 -3.336985672075568 0.2597827025987971 0.82103902849414057 0.021696708567391355 0.57033436797511294 -0.011953042841386964
1403715310.9621429 -1.3211999539328727  -3.353790789845966 0.26304303423453074 0.82181668153913756 0.018800220644988291 0.56931724517544402 -0.011906636533591954
1403715311.0121431 -1.3245691557474071  -3.370080846816188 0.26511011659783895 0.82302911686376645 0.015437590217391819 0.56763605248241877 -0.01319338943961639
1403715311.0621431 -1.3294580925345134 -3.3866713948769482 0.26284658130744315 0.82427880242571105 0.011285716417847045 0.56584765993838138 -0.015922129845896537
1403715311.1121433    -1.3318501319236 -3.4025106576559021 0.26424933252623134 0.82541648713579763 0.0080399216804233585 0.5641936542075856 -0.017564252778402963
1403715311.162143 -1.3336112004437726 -3.4184074534667404  0.2638272710032401 0.82614310644966238 0.0048120990015886236 0.5631020452465394 -0.019506358144596034
1403715311.2121432 -1.3345558165973108 -3.4345368115108923 0.26496627127933331 0.82637905967684122 0.0012394441382642149 0.56267454646403969 -0.022214145658459784
1403715311.2621431 -1.3350578415509105  -3.450885760240789 0.26414228644120608 0.82679295005926423 -0.00094845896906648906 0.56202413489932757 -0.023267787787960553
1403715311.3121431 -1.3346678822397398 -3.4677744488069542 0.26519943179778671 0.82724108748786085 -0.0033817116715715171 0.56127137166735219 -0.025203066176965307
1403715311.362143 -1.3325694731828399 -3.4857184422034622 0.26581509264603803 0.82805781682022217 -0.0050671721253240766 0.56000453640321812 -0.026258236372547431
1403715311.4121432 -1.3293708012732723  -3.503994551083538 0.26732800584833888 0.82869202443873313 -0.0050397508000431072 0.55913911852492348 -0.024649050259171613
1403715311.4621429 -1.3248740401274886 -3.5261655439379314 0.26769179717641683 0.82920508110476288 -0.003417363215763222 0.55853442347343174 -0.02113179816997551
1403715311.5121431 -1.3206535441219651 -3.5470365862709872 0.27008994659290181 0.82955276549436707 -0.001108288190318017 0.55819494875665698 -0.016105282999316475
1403715311.5621431 -1.3152327472212466 -3.5675623812987172 0.27319458994535767 0.82938214022563683 0.0006477173271877925 0.55854869150277686 -0.012173954063581708
1403715311.6121433 -1.3087521075391386 -3.5883910971002746 0.27636395206045383 0.82884111937109539 0.0018035927832862327 0.55940351709674285 -0.0093193858454288479
1403715311.662143 -1.2987105595927373 -3.6096198716551595  0.2768481324019616 0.82851481532268523 0.0024799782018099458 0.55992115049630065 -0.0067346659779536529
1403715311.7121432 -1.2906527966367434 -3.6300911804405631 0.27967492460743804 0.82803441494337626 0.0014050808209950163 0.56063343833676471 -0.0068688598736830718
1403715311.7621431 -1.2808002667353131 -3.6508434843102542 0.28204458894224532 0.82761215659342269 0.00018760317354117324 0.56125070328143567 -0.0074653285210508043
1403715311.8121431  -1.270932362439896 -3.6712533342621301 0.28463658983248891 0.82721215744210597 -0.0017455302957364923 0.56182740004252352 -0.0081836584374979995
1403715311.862143  -1.259378641197644  -3.691977398870121 0.28719510804802934 0.82665070253785589 -0.0049431184800933789 0.56260307114129904 -0.010097817375036188
1403715311.9121432 -1.2479119254701885 -3.7124040567723298 0.29010420124912562 0.82577587303514077 -0.0068111142241463829 0.56386815241923971 -0.01002611207747028
1403715311.9621429  -1.235788802624614 -3.7330173680811587 0.29277466400161339 0.82565975209669107 -0.0076637651428637897 0.56405944018930365 -0.0080117666463315317
1403715312.0121431 -1.2163752876503553 -3.7561522929916662 0.29554830233593538 0.82584831672913273 -0.0069414565370060728 0.56382887992462927 -0.0048340562409750591
1403715312.0621431 -1.2003029636079978 -3.7791098214558971 0.29705395119720795 0.82607204244111365 -0.0061412101802172051 0.56353029359968454 -0.00093510969558562983
1403715312.1121433 -1.1850073223463442 -3.8007204485662367 0.29908997634405854 0.82544837712429164 -0.0062103086812897281 0.56444041514149912 0.0018510872071929277
1403715312.162143  -1.169636606619388 -3.8212756838552884 0.30126395870051109 0.82497078754202269 -0.0060419895517908277 0.56512125868593888 0.0049655861457702788
1403715312.2121432 -1.1538342575733485 -3.8412964812889765 0.30343710125970308 0.82482920499761736 -0.0063843819742099225 0.56530048194660665 0.0071684978022145138
1403715312.2621431 -1.1367177387535998 -3.8604938327545524 0.30463006243145629 0.8248413172595952 -0.0076087823283924943 0.56525060123666626 0.0084062818488507916
1403715312.3121431  -1.120186364388875 -3.8796262643242843 0.30663126387277223 0.82463720601364909 -0.0099575767571683828 0.56552342393927435 0.0075882869692425591
1403715312.362143  -1.103710330906055 -3.8998849860463989 0.30921387428995889 0.82481523010990665 -0.012435315635727494 0.56523047449986119 0.0063015712678328208
1403715312.4121432 -1.0863981493412389 -3.9190536036916219 0.31044091260414136 0.82455649438265244 -0.014727021319695065 0.56556487434453095 0.0051064001111403232
1403715312.4621429 -1.0694217608782639 -3.9377804644928465 0.31336092284476225 0.82401633947384023 -0.017076414495441818 0.56629610266921127 0.0037672867922143626
1403715312.5121431 -1.0512482872200677 -3.9569341602832897 0.31377086328252995 0.82272448738348836 -0.018491183032487507 0.5681328860500664 0.0027418603278939859
1403715312.5621431 -1.0325717547596356 -3.9757885195113754 0.31392905543379673 0.82186654500057654 -0.018291641156174585 0.56937413015192473 0.0037280003176191415
1403715312.6121433 -1.0155100091651887 -3.9954102544017625 0.31762031025641968 0.82000240929945567 -0.016863929500289629 0.5720841366501962 0.0056033220590162598
1403715312.662143 -0.99758936962308098  -4.0141420896772271  0.31776242855535602 0.81749741340970516 -0.014577773369527409 0.57569117067253983 0.0080711586348615316
1403715312.7121432 -0.97925896783651789  -4.0326115888240279  0.31663111761634166 0.81490850171252505 -0.01269449879366296 0.57936920407504455 0.0097112772833882494
1403715312.7621431 -0.96115311574798123  -4.0516497168286847  0.31438544552409803 0.8129031173598219 -0.0098578074965425862 0.5821968328552809 0.011755561718813604
1403715312.8121431 -0.94379780534914426  -4.0699944982056664  0.31139618214533865 0.81119667006675944 -0.006044627550958432 0.58456721135844403 0.014303858045422096
1403715312.862143 -0.92720434940844276  -4.0858677967270047  0.30847027019197693 0.80830965020840106 -0.0022767396831922795 0.58854057514859004 0.015821417134826914
1403715312.9121432 -0.91148400247864092   -4.101989564886388   0.3071991209565974 0.80552167931886876 0.0011564338488681558 0.59234681103276499 0.016085467583401864
1403715312.9621429 -0.89767871635296714  -4.1163480044929077  0.30943365618714069 0.80309025679906043 0.0047725721133252807 0.59561847392912326 0.016183185847804836
1403715313.0121431 -0.8850895686652912 -4.1283962598511623 0.31621501651825656 0.80136235870113282 0.008054481831764394 0.59791236317711061 0.015946828504186113
1403715313.0621431 -0.87441973976620402  -4.1409919918720322  0.32251188142242887 0.8007326420053934 0.011407964963493363 0.59870336981562178 0.015854631306748905
1403715313.1121433 -0.86547975190529647  -4.1522897603302962  0.33110769715845489 0.80127205960342562 0.014578615543158591 0.59791560567449253 0.015731463969824836
1403715313.162143 -0.85798784446717269  -4.1622999197028516  0.34178778739457816 0.80148583572112908 0.016919088153698695 0.59759359468359941 0.014700176447403112
1403715313.2121432  -0.854424239100254 -4.1677335461521103 0.35521857758929953 0.80228574049332346 0.017694841066435145 0.59655944046394682 0.011887690863066944
1403715313.2621431 -0.85021488528394396  -4.1739832785033641  0.36608940943285917 0.80400149719580016 0.017690811817364486 0.59430901170138861 0.008088652216114562
1403715313.3121431 -0.84858485978957199  -4.1784548243962689  0.37619108506533666 0.80609090128408545 0.017300276057982632 0.591521696261882 0.0044991295596431159
1403715313.362143 -0.84704922584278342  -4.1842740998635586  0.38522216100577572 0.80842903261338739 0.017167256456476779 0.58834079106221859 0.0017023823962816272
1403715313.4121432 -0.84632199634560168  -4.1895847918254567  0.39394369854721611 0.81086748691513411 0.017437229912934421 0.58496996622189257 -1.7183025756622548e-05
1403715313.4621429 -0.84690501764792026  -4.1934234191090498  0.40302704570380748 0.81279589909648253 0.015984566602189016 0.58232850865455321 -0.00090997288144461293
1403715313.5121431 -0.84922017770014013  -4.1967634752527019  0.41179670316751316 0.8136952508405898 0.014344077357540168 0.58111404982196713 0.00086446731744148147
1403715313.5621431 -0.85106322268592527  -4.2001574247344466  0.42102754010008464 0.81468633132298873 0.011905535460599078 0.57976935354341352 0.0034549200769591125
1403715313.6121433 -0.85063961873634375  -4.2027528450772023   0.4314484496678056 0.81574742200702977 0.010131562759839997 0.57826758005746992 0.0077524692457292621
1403715313.662143 -0.85357947771192977  -4.2056562621336546  0.44094346797701967 0.81607901381589854 0.008538275432564928 0.577752024184646 0.012030777716031178
1403715313.7121432 -0.85783631414961725  -4.2058137936675717  0.45020825499908501 0.81612156411575409 0.0070240211506278714 0.57763230570657553 0.015400490779052487
1403715313.7621431 -0.86070110232114316  -4.2075893766136616  0.46084865474683667 0.81657051077584197 0.0044626983056108658 0.57698631807080469 0.016717476311037215
1403715313.8121431 -0.86303014481463025  -4.2061809521995768  0.47147622287151342 0.81656363697903001 0.0021095105914814409 0.57697430279948214 0.017889400149104281
1403715313.862143 -0.8659671064869241 -4.2047864964529271 0.48199919101105726 0.81667837812764754 -3.2385983632554472e-05 0.57677738497016651 0.019085959156393731
1403715313.9121432 -0.86898847357851283  -4.2027276831916449    0.492911570759624 0.81654509076807169 -0.0028950070912149546 0.5769848487865098 0.01828162868324221
1403715313.9621429 -0.87159283686434885  -4.2001984799863115  0.50373863571167588 0.81629949580094829 -0.0061880863110379712 0.57737595057919955 0.01593274727379276
1403715314.0121431 -0.87488350184781083  -4.1974867598971208  0.51338283858310918 0.81691087027637299 -0.009583469021726139 0.57649037845634543 0.014954286778996618
1403715314.0621431 -0.87858255385318818  -4.1952312960340308  0.52061326081210979 0.81765698657573149 -0.012621435248346366 0.57530914964511415 0.017237575548253999
1403715314.1121433 -0.88240982012223768  -4.1923846116480554  0.52743434574875714 0.81822166017448095 -0.016326919189669057 0.57419730563166516 0.023328110434119271
1403715314.162143 -0.88735686191402752  -4.1901509235787318  0.53285769846026398 0.81842590116313907 -0.022288831079470252 0.57336285270866716 0.030615215958638441
1403715314.2121432 -0.89379788489022094  -4.1876171093651857  0.53605886272923731 0.81910127734878557 -0.029240715695658497 0.57153937330743143 0.039507249341637782
1403715314.2621431 -0.89809762240601965  -4.1842202507867565  0.54238449327858296 0.81891030051581792 -0.036997981537523816 0.57066552858492037 0.048558455042715151
1403715314.3121431 -0.89936765380113082  -4.1800643179620991  0.54348808851676378 0.81958096211155718 -0.045895074922395411 0.56830078673003648 0.056700127373610333
1403715314.362143 -0.90218164257554234  -4.1750292149300936  0.54733065255101376 0.81957883564870959 -0.054954747811143054 0.56663896749642928 0.064736298660797401
1403715314.4121432 -0.90556165378406883   -4.169765834210275  0.54669655550163199 0.81918619316815688 -0.064547402518956409 0.5655435837022621 0.070200204301138547
1403715314.4621429 -0.90995478187452505  -4.1626188766506722  0.54832088235646115 0.81945817033748491 -0.072525988682256237 0.56348565326580868 0.075579141278581854
1403715314.5121431 -0.91178334392293414  -4.1545606552123893  0.55053389814586529 0.81913743836953357 -0.079932321350402055 0.56244174895603971 0.079271433039941691
1403715314.5621431 -0.91279447553395432  -4.1445309988260011  0.55296172008092814 0.81921699085788258 -0.087698263533390441 0.5609518984008901 0.080780592616181507
1403715314.6121433 -0.91243884327240787  -4.1342131067110257  0.55493281578805154 0.81865483513345805 -0.094456497329645783 0.56057134061733183 0.081498485282320607
1403715314.662143 -0.91195670068396562  -4.1235888319685143  0.55577088876944436 0.81772470142956222 -0.099592394555256231 0.56085732486703943 0.082744962152821885
1403715314.7121432 -0.91037394862102916  -4.1122295735604064  0.55529272307538191 0.81712297890154206 -0.10356916350683228 0.56082751516486118 0.083999785449562533
1403715314.7621431 -0.9163617375982378 -4.1019485078861075 0.54879486811416012 0.81613906961252114 -0.10666314334972452 0.56138520029436378 0.085945621140473175
1403715314.8121431 -0.91617696697455608  -4.0888168515887928  0.54849487443495504 0.81460938434678343 -0.10859751403258805 0.56298935218700874 0.087527825313717458
1403715314.862143 -0.91484535734617334  -4.0758157222226004  0.54866871021298591 0.81396507537767937 -0.1093975170948869 0.56340499798512356 0.089821197744550704
1403715314.9121432 -0.91106619962420798  -4.0632010155238794  0.54668035454224639 0.81326657282708548 -0.11036091725093934 0.56407623331812673 0.090752148576507152
1403715314.9621429 -0.90933781504483602   -4.048978059118685  0.54622575703158449 0.81247846000117119 -0.11147362018450151 0.56502330980120519 0.090559612512301144
1403715315.0121431 -0.90484685347590266  -4.0341785660016241  0.54572293474593747 0.81185437031841112 -0.11219516852461611 0.56596938205329472 0.089349785298236437
1403715315.0621431 -0.9014298823266429 -4.0187234729621855 0.54461829184302335 0.81017410889233554 -0.11360544794361542 0.56838347272077916 0.087475387486469242
1403715315.1121433 -0.89804497572273734  -4.0022419207131517  0.54328046661335239 0.80963142089026363 -0.1140525626588407 0.56919624064317564 0.08662918039459977
1403715315.162143 -0.89259657430290695  -3.9869833693223091    0.541132461094469 0.80995280708169926 -0.11454204745989184 0.56884476954713026 0.085277182311823865
1403715315.2121432 -0.88874652539180221  -3.9706823139320533   0.5387868154524289 0.81037164002410944 -0.11472802611580558 0.5683738782725819 0.084180874108021608
1403715315.2621431 -0.88530229312553221  -3.9543893621972797  0.53718284243598025 0.810461931436532 -0.11501899756096211 0.56821644380283476 0.083977145011590038
1403715315.3121431 -0.88132484956117862  -3.9383060356744637  0.53636745538722341 0.81053556271718608 -0.11671195516927173 0.56762622179007038 0.084916979619096986
1403715315.362143 -0.87927978030305065  -3.9235831447197644  0.54129394576538226 0.80986217883743727 -0.11948854051947905 0.56766357017773195 0.087199834095454384
1403715315.4121432 -0.87557081371769507  -3.9077219977158664  0.54213008351898861 0.80925783718728206 -0.1239297259759715 0.56724627407131956 0.089301962591472064
1403715315.4621429 -0.87457087210485329  -3.8912358029428313  0.54415570021250748 0.80834839011733761 -0.12961423637205335 0.56685058583045111 0.091942608555948324
1403715315.5121431 -0.87194492883403107  -3.8752878087646416  0.54625388241612782 0.80711012985177566 -0.1359600473269007 0.56665310411813341 0.094828072925694562
1403715315.5621431 -0.86876244913984269   -3.859674607900931  0.54741440563145616 0.80565635899739718 -0.14241476412209148 0.56666071871257684 0.097629381004143159
1403715315.6121433 -0.8691086222094635 -3.8426613299194599 0.54949847334601742 0.80416463417054118 -0.14927441266065608 0.56643219490893326 0.10095028204430308
1403715315.662143 -0.86789746722419658  -3.8269950387431284  0.55132505357478945 0.80231254187719714 -0.15642234464252691 0.56644709805949844 0.10471065057126816
1403715315.7121432 -0.86630649633781065  -3.8116126539085755  0.55277575020356362 0.79961326075599359 -0.16623130298821953 0.56725625552352699 0.10585899914241247
1403715315.7621431 -0.86582116831017986  -3.7964862279822555  0.55441838985197089 0.79683006362859732 -0.17712872841954017 0.56777644555147011 0.10638219373119286
1403715315.8121431 -0.86549025603777707  -3.7824276762155509  0.55570456647899447 0.79435117396589994 -0.18827238329457219 0.56746864692288368 0.10742000217413053
1403715315.862143 -0.86670678781569588  -3.7676669498411153  0.55657197831896743 0.79215670637735947 -0.19863017532507757 0.56634217641900186 0.11086182932231986
1403715315.9121432 -0.86761841562799935  -3.7553414364599518  0.55621916870099386 0.79041255924642972 -0.20785169914840934 0.5643921193993211 0.11622044960578416
1403715315.9621429 -0.87252467025469616  -3.7414884005723659  0.55258828008614835 0.78812686376766528 -0.21646265602625059 0.5627902475684895 0.12356011652472382
1403715316.0121431 -0.87659688571826944  -3.7299984650926983  0.55092864170038969 0.78646267401040382 -0.22502256407973359 0.56010085997569226 0.1308752638884739
1403715316.0621431 -0.8809936622682577  -3.720354736427264 0.54799468994688705 0.78449513322737208 -0.23258752357792545 0.55758493622413519 0.13989091719758998
1403715316.1121433 -0.88363029431822793  -3.7121856219812837  0.54443942863335804 0.78299026604167632 -0.2395114470051776 0.55422799739797657 0.14963902210887198
1403715316.162143 -0.88849562984732733  -3.7026893312261326  0.54028370739042708 0.7815904136776044 -0.24655142896114893 0.55022799700241398 0.15993113967954531
1403715316.2121432 -0.89361906465053753  -3.6948923164961323  0.53582850033287821 0.78053173389443598 -0.25384732210674504 0.54536772905381081 0.17001702723453638
1403715316.2621431 -0.89821013630798818  -3.6881481516247199  0.52973305460706754 0.78077793280174645 -0.26120431246492792 0.53801973361662747 0.18081176133938059
1403715316.3121431 -0.90183865633287641   -3.681083585493361  0.52395170699424476 0.78115903804103126 -0.26967823294764931 0.529874820644188 0.19051740710059495
1403715316.362143 -0.90290391316299823  -3.6747680744639637  0.51724410519539543 0.78263269173085859 -0.27706575374031084 0.52045755882331446 0.19961104028109422
1403715316.4121432 -0.90527679688925189  -3.6676545710744124  0.50912337270741503 0.78361041220925609 -0.28388743004436046 0.51213725143112732 0.20755260691356892
1403715316.4621429 -0.90665543496857171  -3.6599590064519525  0.50120423938629965 0.78325720668243248 -0.29007230630076758 0.50640818071379734 0.21428242999258953
1403715316.5121431 -0.9053697182449596 -3.6515209525616648 0.49338400223760281 0.78174790413738182 -0.2962270157076809 0.5033841536940894 0.21845860786752677
1403715316.5621431 -0.9006939290750432 -3.6429522887885519 0.48832569918140184 0.77920745442822059 -0.30141588346542153 0.50264662029203533 0.22210489248831658
1403715316.6121433 -0.89523356639324847  -3.6322907312070587  0.48190477362716166 0.77581604128067128 -0.30652291207910659 0.50371183779177908 0.22456081343493642
1403715316.662143 -0.88916572163045871  -3.6239916121133349   0.4739917757877638 0.77174702800731754 -0.31025862644679786 0.50656739638605663 0.22701449820632802
1403715316.7121432 -0.88030556312876995  -3.6160214213169288  0.46503861312240341 0.76758407981466237 -0.31459505309967262 0.5093556327981581 0.22891367874611634
1403715316.7621431  -0.870826405406529 -3.6080958635765308  0.4553662052545252 0.76338406772515066 -0.31918432576253064 0.51154110055215851 0.23171498392811787
1403715316.8121431 -0.85902022665535871  -3.6018773350402857   0.4462099191704838 0.75956321521690784 -0.32404268546639836 0.51271754302759287 0.23490589851433449
1403715316.862143 -0.84773162353228826  -3.5938178994519165  0.43624638340289962 0.75538907594701177 -0.32969917229927131 0.51331868839269956 0.23914373057200139
1403715316.9121432 -0.83522170888017255  -3.5867260168993971  0.42560415963851722 0.75070832137801891 -0.33651472852722325 0.51371963595943515 0.24348919755864276
1403715316.9621429 -0.82167360620533314  -3.5805787456787326  0.41437265971653775 0.74530030338350617 -0.3432866416963235 0.51396544671809663 0.25004251436341984
1403715317.0121431 -0.80939734196360869  -3.5716597367908185  0.40499852184371132 0.73866384377225158 -0.35141364965813832 0.51487010573633551 0.25650135858627449
1403715317.0621431 -0.7967224342816327 -3.5631599624552903 0.39427364251228919 0.73293478099128384 -0.36112465478660277 0.51373848670765776 0.26166459025600214
1403715317.1121433 -0.78427366601739201  -3.5540576618879789   0.3835690934183828 0.72809494349139658 -0.3715048917353484 0.51035058746663464 0.26721554324445274
1403715317.162143 -0.77205354301175488  -3.5460871107401903  0.37188081790281563 0.72346075555115252 -0.38263404108890364 0.50573610740024744 0.27281260133831109
1403715317.2121432 -0.75961808269954678  -3.5362099998842518   0.3620047784184981 0.71881068026706307 -0.39378401197277385 0.50047363726623384 0.27887541349164241
1403715317.2621431 -0.74700866973369306  -3.5267843013336564  0.35204610775655054 0.713945041378655 -0.40410185902483103 0.49496473263288215 0.28634608234296799
1403715317.3121431 -0.73429995517077962  -3.5169578287041596   0.3427479879249567 0.7084204928545742 -0.41476759478211056 0.48977371044523565 0.29364938307282651
1403715317.362143 -0.72149130996181976  -3.5065647061415519  0.33377170624175567 0.70210616335007714 -0.42634675345156814 0.48508121147792677 0.29995266206228216
1403715317.4121432 -0.70894729499581088  -3.4969127800997626  0.32551937416501409 0.69466565566845984 -0.43842329633690053 0.48162007094112252 0.30539604995884168
1403715317.4621429 -0.69545017049556812  -3.4865650915149349  0.31825435455318113 0.68768101416034522 -0.45015628807182351 0.47732614655609767 0.3108277479355781
1403715317.5121431 -0.68106101532368002  -3.4772175755640045  0.31075959912327877 0.6806736410779235 -0.4610962918847446 0.47316925967016005 0.31651928164813797
1403715317.5621431 -0.66676956512666719  -3.4700031947594909  0.30376801473950127 0.67334038661827711 -0.47126774538866573 0.46921803750701663 0.3230384948935604
1403715317.6121433 -0.65319371751971744  -3.4602112494687041  0.29673888015083244 0.66588856737575974 -0.48120253706799893 0.46541381193793568 0.32928182126406436
1403715317.662143 -0.63971880843493978  -3.4504418334320479  0.28991322393126179 0.65790566018693686 -0.49137603423335779 0.46234236593119454 0.33458821249445425
1403715317.7121432 -0.62663314172757356  -3.4410615727080227  0.28316164205411232 0.65017141204797912 -0.50115335012754203 0.45877263243350075 0.34007370721876518
1403715317.7621431 -0.61523565371990707  -3.4347249805687081  0.27525955825030224 0.64181188008501533 -0.51174299579732385 0.45587517135184519 0.34405587479222599
1403715317.8121431 -0.60323903603155804  -3.4282268039344257  0.26845127874594155 0.63230477100360916 -0.52348596089090116 0.45475972328882552 0.34546594534117853
1403715317.862143 -0.59108474162158131   -3.419166359276518  0.26497292503335668 0.62311500850889845 -0.53538745368315388 0.45262854739541591 0.34672086567199856
1403715317.9121432 -0.58029716857523472  -3.4111920330969103  0.25920890810275987 0.61498137361630734 -0.54511542005954394 0.44969128333091335 0.349892610117023
1403715317.9621429 -0.57085450646439417  -3.4032230491042443  0.25406725493502191 0.60769658356796008 -0.55379571294236252 0.44571690415108345 0.35405029586269743
1403715318.0121431 -0.56302243311857381  -3.3961084808217872  0.24883183861955188 0.60083155048876358 -0.56182489989563555 0.44152053739657415 0.35834877542914495
1403715318.0621431 -0.55582760852576452  -3.3893435326769685  0.24337465736927666 0.59402591572325703 -0.56858095928638352 0.43903715167814494 0.36207082681771463
1403715318.1121433 -0.54998439847797009  -3.3827435045759078  0.23775505814923409 0.58814726684816809 -0.57465415577970547 0.43704247984382277 0.36448493049247666
1403715318.162143 -0.54588445556869625  -3.3779362709052352  0.23250040963384519 0.58346331092950243 -0.57918141253990785 0.43484406480443832 0.36746441388495504
1403715318.2121432 -0.54268102658787887  -3.3727505412410141  0.22708864092389688 -0.58051955520093612 0.582653133370446 -0.43172053241729708 -0.37031034834613274
1403715318.2621431 -0.54074110078852478  -3.3679871114533482  0.22162731574640968 -0.57771164309365197 0.58556528926969909 -0.42961604604920234 -0.3725487919904939
1403715318.3121431 -0.54050217517199517  -3.3637336620687095  0.21595362592334064 -0.57576242718233517 0.58809014509043778 -0.42652095846288157 -0.37513661602743975
1403715318.362143 -0.54235641422289327  -3.3601845645812083   0.2099083106465584 -0.57353041628540713 0.59046765491139885 -0.42346634285931639 -0.37826851119843008
1403715318.4121432 -0.54596190103454678  -3.3555158527981592   0.2044355453473633 -0.57219827314475158 0.5924198213051437 -0.41891788579132028 -0.38227698923565417
1403715318.4621429 -0.55511169118857606  -3.3467997438012485  0.19838396276834852 -0.57134352716118519 0.59376945771589018 -0.41252147180435705 -0.38836894875255018
1403715318.5121431 -0.56067290918997226  -3.3424371540537114   0.1926161106063643 -0.57132865803980137 0.59515540186431237 -0.40496747317354836 -0.39417630294780559
1403715318.5621431 -0.56731826072526548  -3.3388778876814271  0.18609003992332357 -0.57069747526882608 0.59818807995547507 -0.39709726228901165 -0.39848359690649976
1403715318.6121433 -0.57451146864301728  -3.3359960895574479  0.17914460086896411 -0.57015479998425989 0.60292378730887763 -0.38826850682127889 -0.40081663808130835
1403715318.662143 -0.58171400679261276  -3.3337532846651765  0.17196663723691102 -0.56907690335766492 0.60899663322800579 -0.37926227953709357 -0.40178937529772035
1403715318.7121432 -0.58948627994265013  -3.3327405212818881  0.16432198403634404 -0.56769896486231231 0.61635814254889965 -0.37008015266388306 -0.4010750628151874
1403715318.7621431 -0.59699534769975626  -3.3320328923328812  0.15956060815564374 -0.5638793629095431 0.62381311056379241 -0.36362806961676675 -0.40083898782458455
1403715318.8121431 -0.60473703763483855  -3.3345907583619465  0.15263477573263814 -0.56022421845039894 0.63033717679606149 -0.35609856764861381 -0.40251419692852569
1403715318.862143 -0.61253769260286473  -3.3394199332027115  0.14637378613269078 -0.55474976124863407 0.63586743887284802 -0.35119070313274103 -0.40569741508789459
1403715318.9121432 -0.62036872276883792  -3.3465514294874157  0.14046981191790531 -0.54924154769600542 0.64000610811493019 -0.34723557183803622 -0.41006506984915114
1403715318.9621429 -0.62786904822724632  -3.3561634034874763  0.13566262615003996 -0.54381365157022166 0.64313529302029626 -0.34412941208000908 -0.41499235532600659
1403715319.0121431 -0.63579716359543892  -3.3678267151795369  0.13051778938671155 -0.53736091170778222 0.64640830639440339 -0.34165912563324191 -0.42031963297522618
1403715319.0621431 -0.64210955994499352   -3.385022078775231  0.12591719656670428 -0.53088049019693151 0.64932079749062399 -0.33851950427315231 -0.42655943583639688
1403715319.1121433 -0.64909053769969693  -3.4006677388140969  0.12129789896488744 -0.52437603452180326 0.65120336566421921 -0.33534224337445351 -0.4341768427442565
1403715319.162143 -0.65634967338661021  -3.4173169933833627   0.1174709009373473 -0.51773179781558309 0.65310175983518148 -0.33168976216335699 -0.4420336848101612
1403715319.2121432 -0.6626760382167014 -3.4352943952219652 0.11396325073419085 -0.51059430746393986 0.65578094855251456 -0.32802424998441826 -0.44904887498260587
1403715319.2621431 -0.66874946346564745  -3.4547335039768337  0.11039328606656316 -0.50359452347125933 0.65945254092370886 -0.3234176245166534 -0.45488014064259197
1403715319.3121431 -0.67397229379980006  -3.4753476899914904  0.10695926245966199 -0.49683860797754603 0.66293309772050024 -0.31831720406054037 -0.46080935664189393
1403715319.362143 -0.6761612005446126 -3.4954469305624518 0.10480804961816717 -0.49004537913678264 0.66659443550115227 -0.31282383869445785 -0.46652827448081979
1403715319.4121432 -0.67914263578121326  -3.5177858294276998   0.1016353301134158 -0.48249087128484425 0.67047064922124555 -0.30838479309286077 -0.47177376680852767
1403715319.4621429 -0.68104433656532393  -3.5407487067554522 0.098250635515813048 -0.47391940122245574 0.67506467591235775 -0.30561693147112928 -0.47569567548850339
1403715319.5121431 -0.68191427057988796  -3.5636102242215975 0.095110071196415569 -0.46497962398318921 0.67999048355663227 -0.3027136122908976 -0.47934471989025335
1403715319.5621431 -0.68268528563052999  -3.5878506698970578 0.091806799499083214 -0.45686672870110084 0.68472969125510696 -0.29867262725131638 -0.48292101202001658
1403715319.6121433 -0.68180430587484464  -3.6123808114559588  0.08978094664382337 -0.44882770322656385 0.68918806436266999 -0.29584997586262873 -0.48584595968113775
1403715319.662143 -0.68157781842784171  -3.6334325547974187 0.094514800447517908 -0.44337497077985111 0.69230137985655937 -0.29207210710112219 -0.48870371288560999
1403715319.7121432 -0.67903727871841635  -3.6603639817417628 0.097859884096524435 -0.43873425644206643 0.69502864936204367 -0.29042426882215694 -0.49000119680396298
1403715319.7621431 -0.67546701663883368   -3.686225157563336  0.10405456629550586 -0.43617154800155861 0.69716473340579932 -0.28804612562533477 -0.49065786931565525
1403715319.8121431 -0.67190269994342677  -3.7132162407189617  0.11303225227369111 -0.43384282177149153 0.69871530140990779 -0.28748172003744182 -0.49084783203893811
1403715319.862143 -0.66728651843040998  -3.7405308993607678  0.12542173248701921 -0.43201167509343325 0.69992348303112906 -0.28666682592151621 -0.49121803855377905
1403715319.9121432 -0.66284635645226209  -3.7687775280419609  0.14030784255608109 -0.42982734348163432 0.70178585877672306 -0.28591146459839484 -0.49091720037878006
1403715319.9621429 -0.65970016949513766  -3.7986241809546075  0.15560178160983473 -0.42785954226327955 0.70295899515112892 -0.2846769421742556 -0.4916745893624031
1403715320.0121431 -0.65414728564472047  -3.8277664197488135  0.17144226971430535 -0.42507704049403855 0.70431595463160801 -0.28309745805899261 -0.49305615799494201
1403715320.0621431 -0.64817365593689868   -3.857508398738605  0.18681562183382075 -0.42159548980871892 0.70622685787310724 -0.28074177599674521 -0.49465636900965687
1403715320.1121433 -0.6406400190923276 -3.8909708443270703 0.19884125751653031 -0.41747506508108018 0.70773954667202676 -0.2771648029865163 -0.49799495589560705
1403715320.162143 -0.63347782194111479  -3.9211598014209437  0.21258904251179692 0.41203922254434072 -0.7102752136528 0.2727180887454696 0.50135580581712891
1403715320.2121432 -0.62548205033925752  -3.9517470606025236  0.22641536137161053 0.40441931329995556 -0.71284807115146975 0.26849520330801213 0.50616496548675793
1403715320.2621431 -0.61558059080261374  -3.9829130613558283  0.23741768260524837 0.39478099868363659 -0.71492785806625603 0.26419722306775523 0.51305550202919825
1403715320.3121431 -0.60617925369170178  -4.0128602169412533  0.24950555569558308 0.38210429187952194 -0.71763268763795474 0.26176421867173821 0.52007608057278454
1403715320.362143 -0.59593230483980608  -4.0432909641818044  0.26159292740694434 0.36745412028068408 -0.72212301720732763 0.25944486546851048 0.52555130985486165
1403715320.4121432 -0.58480804671025866   -4.073111913732216  0.27357870725758121 0.35232075161588355 -0.72824176736819513 0.25585745649936775 0.52921732605323923
1403715320.4621429 -0.57296835172507543  -4.1020944165681321  0.28598766581045948 0.33693988038493589 -0.73473842304781933 0.25081476019420568 0.53265647726476761
1403715320.5121431 -0.56078156296978499  -4.1284928041943543  0.29701344511136962 0.32170319180302137 -0.7420618694233253 0.24493163046370386 0.53465852160991489
1403715320.5621431 -0.54674645122390264  -4.1514561640844558  0.30450113600591111 0.3063043163912374 -0.74897888615620201 0.23926333917255752 0.5366203018711736
1403715320.6121433 -0.53338336174131251  -4.1768826841995192  0.31564958792430031 0.29058868316233583 -0.75582077546131221 0.23418955454283016 0.53800411256984926
1403715320.662143 -0.51961517725219231  -4.2008514655870508  0.32659211332853916 0.27428684729497149 -0.76218240928676906 0.22984502411952409 0.53945895604975957
1403715320.7121432 -0.50611554375235412  -4.2230757310610869  0.33481498002085242 0.25865553471037889 -0.76796636386950734 0.2263387667439806 0.540458824516308
1403715320.7621431 -0.49239152117799684  -4.2442039908467573  0.34392942100156421 0.24343783858059664 -0.77281685814546963 0.22527770764321506 0.54105644525538232
1403715320.8121431 -0.47870621250672651  -4.2632344464872691  0.35233470101565828 0.23003919249845972 -0.77666263370359501 0.22502205144252496 0.54151842045109566
1403715320.862143 -0.4647768431922471  -4.275797605711122 0.35780876038944726 0.21881266504227881 -0.78098148497529674 0.22433745342852299 0.54024220932104261
1403715320.9121432 -0.45277183773396823  -4.2898183860851029  0.36328129109401963 0.2104053148089875 -0.78541971599083882 0.22265881312621486 0.53783689550850489
1403715320.9621429 -0.44124563994850163  -4.3018826775726824  0.36941011014928299 0.20475153377932356 -0.78887343264474052 0.21942175972129702 0.53629246502550076
1403715321.0121431 -0.43098714779178859  -4.3115157385343581   0.3751358743304849 0.20152878211210909 -0.79173735682720969 0.21466737143771039 0.53521586992978631
1403715321.0621431 -0.42180000501186482   -4.317037655739604  0.38319637848118165 0.19968403714633515 -0.79363830518245115 0.20976910945678018 0.53503406113422081
1403715321.1121433 -0.41477861301882585  -4.3225766544565634  0.38872599199410995 0.19867463323362491 -0.79494353127016448 0.20512026294165997 0.53527455565527315
1403715321.162143 -0.40833707521550461  -4.3275438152199657  0.39446686058826191 0.19824974600839126 -0.79593877961167836 0.20105713957629895 0.53549465351511871
1403715321.2121432 -0.40393219673657871  -4.3296287395162247  0.39886565687886621 0.19858880640610704 -0.79697872672197356 0.19715499837378039 0.53527310948622686
1403715321.2621431 -0.40046621760838558  -4.3301105740778052  0.40294455853419892 0.19874980534718609 -0.79773492402917057 0.19457432385787907 0.53503115643285515
1403715321.3121431 -0.39806574894731894  -4.3292111287864783  0.40681022517187565 0.1985617681684799 -0.79842470815339217 0.19385112013575453 0.53433412098993893
1403715321.362143 -0.39709786502348871   -4.326576481267268   0.4102884483290542 0.19835678190832168 -0.79890889606550763 0.19377935415873954 0.53371221155243243
1403715321.4121432 -0.39737722457598013    -4.32227251155473  0.41373220901450358 0.19782322284657419 -0.79866392806940834 0.19470003425980728 0.53394175633917951
1403715321.4621429 -0.39433336179792688  -4.3175305473271264  0.41856556766820169 0.19802849735076181 -0.79786470592020153 0.19534114113382339 0.53482563875005606
1403715321.5121431 -0.39636728182349729  -4.3083789320862325  0.42266320079132036 0.19943475875200348 -0.7973877419792168 0.19529499067408079 0.53503124447122419
1403715321.5621431 -0.40006797133204858  -4.2997949211738771    0.425940943867198 0.20134845230152118 -0.79734406799043867 0.19561968862309814 0.53426040038472156
1403715321.6121433 -0.40512069928197514  -4.2898010565638147  0.42933077163223954 0.20488234629849578 -0.79669063483078728 0.194442124175178 0.53432154822202826
1403715321.662143 -0.40887150630069885  -4.2786520030003814  0.43451024910246128 0.20737307562925852 -0.79540611000161709 0.19322115967799991 0.53571551324265976
1403715321.7121432 -0.41677450527707666  -4.2662512420183027  0.43918458734397198 0.20680816320671466 -0.7929230587563787 0.19331841311217185 0.53956593450224877
1403715321.7621431 -0.42464941928606237  -4.2517649543833089  0.44437124978315329 0.20536000847642966 -0.79122115006427707 0.19306573679827707 0.54269879296352019
1403715321.8121431 -0.43416179936199495  -4.2364074348932794  0.44927409099845378 0.20056602207219473 -0.78970563359472257 0.19522024644576069 0.54591880205443577
1403715321.862143 -0.44427933147300702  -4.2195171368155195  0.45477874177638067 0.194532005291497 -0.78720419545396325 0.19871427899194194 0.55043572640378302
1403715321.9121432 -0.45540099707152332  -4.1995097854809957  0.45977758359073906 0.18931009812564092 -0.78523782277842524 0.19993905173324619 0.55460582760900479
1403715321.9621429 -0.46590504910027164  -4.1777569939378081  0.46437417675694742 0.18487185027447572 -0.78542982171550701 0.19877404642763566 0.55624749222160363
1403715322.0121431 -0.47685026239670114   -4.153353753385975  0.46845603171122618 0.18130624775544046 -0.78792991917257593 0.19486435436033028 0.55526783663136148
1403715322.0621431 -0.48529548325569899  -4.1239463370324785  0.47064429616854386 0.1778511414033947 -0.79169305128579859 0.19189413859227406 0.55205771765388878
1403715322.1121433 -0.49661782143260447  -4.0928048809529942  0.47526262035497124 0.1762127250018341 -0.79522172049208051 0.18597234600437929 0.54953232600700652
1403715322.162143 -0.50894085408339895  -4.0616481874160071  0.47985873353830383 0.17841984032411476 -0.79765374992593541 0.1762324743062097 0.54850430336299272
1403715322.2121432 -0.52195078172756826  -4.0290601661948511   0.4848229248548559 0.18129939404889339 -0.7989496774255278 0.16574447656353122 0.54894326769515112
1403715322.2621431 -0.53644210478338705  -3.9943793362143798  0.48883857217438059 0.18220608927700671 -0.80039059365456322 0.15553092928914217 0.54953250008905863
1403715322.3121431 -0.55064340759386088  -3.9598945533357637  0.49281766203963129 0.18177302744796625 -0.8026857980622224 0.14581550323732512 0.54899172589143796
1403715322.362143 -0.5644518306248355 -3.9246879644754427 0.49589548961818436 0.17967979626973449 -0.80511341909433409 0.13650230708507882 0.54852044024552893
1403715322.4121432 -0.57965343602561159  -3.8898017399016442  0.49556068953725813 0.17590912232675462 -0.80767897467980831 0.12683815203251828 0.54829074197124683
1403715322.4621429 -0.59505313394722037  -3.8551420955888109  0.49200988375516869 0.17092965617188027 -0.81059230530590032 0.11824485465291786 0.54748636655896676
1403715322.5121431 -0.60894948448233843  -3.8183835230725203   0.4874696407911252 0.16561791570022397 -0.81316573628534283 0.11092100949474337 0.54683518630689543
1403715322.5621431 -0.6244725962093548 -3.7852274191703357 0.47797878480518591 0.16060669390210011 -0.81587093570352398 0.10577149514663793 0.54531871136294063
1403715322.6121433 -0.64059812127846205  -3.7532165785151328  0.46699011930277545 0.15695705810967309 -0.81780200827583993 0.10066965991368708 0.54445383343532672
1403715322.662143   -0.65801799104393 -3.7230808405675915 0.45550114614452086 0.15368553592247128 -0.81960985058005165 0.096995345355527035 0.54333447512534161
1403715322.7121432 -0.67552637813981087   -3.693266844254592  0.44519851016197237 0.15107942403855323 -0.82043564864619567 0.094387475759596218 0.54327834346898729
1403715322.7621431 -0.69476196687817637   -3.665452050739288  0.43377596657810208 0.14894711955703585 -0.82032336644587167 0.092614652706660083 0.54434075370359603
1403715322.8121431 -0.7147757398150173 -3.6387736786570222 0.42304340313279176 0.14777849428953332 -0.82055282937155283 0.090790123729239988 0.54462071597496819
1403715322.862143 -0.73661779154046592  -3.6146699589223941  0.41387061317265866 0.14744130175157188 -0.82085133357303708 0.088894565100872416 0.54457497831308355
1403715322.9121432 -0.75857306784470069  -3.5910443537904482  0.40854542082301226 0.14782695125339043 -0.8200631230091654 0.086856745779701344 0.54598495627273702
1403715322.9621429 -0.78146935263791051  -3.5686689268974052   0.4065159461217665 0.14796149134309378 -0.81930721292266462 0.085438909452694847 0.54730547291613796
1403715323.0121431 -0.80520311638577569   -3.548046573522881  0.40659068521651848 0.14851566019862972 -0.81873570527688788 0.084397494754286817 0.54817151190090363
1403715323.0621431 -0.83559703342307212  -3.5360444316661885  0.41088687761149684 0.14932180869887887 -0.8185139987440474 0.08418406553701939 0.54831639991576386
1403715323.1121433 -0.86162569866330641  -3.5200047472244784  0.41618119940760689 0.14996966271472889 -0.81821774589715701 0.083433368967460259 0.54869635820455875
1403715323.162143 -0.88833106525405081  -3.5050784397584751  0.41921463528663172 0.15105467155802005 -0.81805802626078405 0.082651783816769672 0.54875516808747704
1403715323.2121432 -0.91553270701610878  -3.4916676424123803  0.41980156851993267 0.15278191278529618 -0.81736810910782332 0.081380904964059572 0.54949450374539555
1403715323.2621431 -0.94430689104185483  -3.4803276199589774   0.4195725968725349 0.15359735115371015 -0.81652240663384557 0.080302689879488368 0.55068184206632009
1403715323.3121431 -0.97376060383305774   -3.471264108995626  0.41415729772045395 0.15439714284424125 -0.81619120154476832 0.079787790406096876 0.55102391355054214
1403715323.362143  -1.003096968894388  -3.463034624092745 0.40754622177814143 0.15412915647690231 -0.81584339874194911 0.080714342209023682 0.55147887250072258
1403715323.4121432  -1.034640241707725  -3.459422145059452 0.40375604159902651 0.15439982441824476 -0.81561924607396663 0.080723542405376131 0.55173331361707445
1403715323.4621429 -1.0647807808104452 -3.4551676215975409 0.40162418860290505 0.1543618549489984 -0.81607435182752108 0.080880865791649506 0.55104750754793286
1403715323.5121431 -1.0959456518979851 -3.4530797365537302  0.4024035578980088 0.15429975907916388 -0.81613666731215229 0.080838811828900292 0.5509787755611073
1403715323.5621431 -1.1272124418137313 -3.4526337675754646 0.40626157051467354 0.15407038898145609 -0.81651889075302431 0.080756979018545963 0.55048844367738714
1403715323.6121433 -1.1594778970315978  -3.453760226932082 0.41428908069201242 0.15277451088686383 -0.81290944670268162 0.08259247054229818 0.55589267317939994
1403715323.662143  -1.192262853196371 -3.4565595869768519 0.42350588832697283 0.15056894565090922 -0.80713845962858888 0.085402387290404308 0.56441379486956411
1403715323.7121432 -1.2244466834258527 -3.4595032917001181 0.43198227705472475 0.14861842718154752 -0.80074160207148515 0.087171153594596221 0.57369559854949359
1403715323.7621431 -1.2550438471480181 -3.4640411826806115 0.44271475939974247 0.14693540001837865 -0.79354614439953342 0.089008003125724197 0.58375686746251243
1403715323.8121431 -1.2842822379193026 -3.4691128097326795 0.45255188690038989 0.14530522499612544 -0.78729877762283929 0.091108742632379072 0.59223831635445157
1403715323.862143 -1.3113569176449982 -3.4750164741286058 0.46196217529327516 0.14371313040219957 -0.7817956743769463 0.092829870249919927 0.59960376488551115
1403715323.9121432 -1.3377776001527717 -3.4805431986628936 0.46533047386242948 0.14271995736314383 -0.77602518601368553 0.094388119060820341 0.60704761544943719
1403715323.9621429 -1.3620452904181983 -3.4909987809167617 0.47210531734044198 0.14094511077667124 -0.76893950309586778 0.096606889299560114 0.6160630042996369
1403715324.0121431 -1.3803099310052089  -3.499977642676388 0.47978278349450465 0.13918942584486471 -0.7635432743297883 0.099200070323195749 0.62272571651297315
1403715324.0621431 -1.3950683630815999 -3.5071320249274978 0.48775378302023115 0.13815166618219818 -0.7614235151559442 0.10146068517898843 0.62518323478933624
1403715324.1121433 -1.4051128091294598 -3.5143493767067131 0.49431981421159543 0.13735752137696516 -0.76328980422059334 0.10386281909068401 0.62268298588013538
1403715324.162143 -1.4122510731563971 -3.5210634493362316 0.49997611417483845 0.13682306286640825 -0.76708629163841069 0.10590972687052111 0.61777115536620653
1403715324.2121432 -1.4174710554364471 -3.5293182861561103 0.50499072719827343 0.1358346096016349 -0.77090219838136775 0.10838190882233927 0.61279043824554902
1403715324.2621431 -1.4196844995658191  -3.537066712693151 0.50942296878187177 0.13447646950295897 -0.77433590979521039 0.11172377297465473 0.60814289151806389
1403715324.3121431 -1.4228391804872458 -3.5431997960118902 0.51544145420611609 0.13237400792033521 -0.77760922475685779 0.11642548046237834 0.60352806322427965
1403715324.362143 -1.4231875156215494 -3.5501300480864773 0.52085483999487392 0.12872383533393525 -0.78192258534284564 0.12274633815065411 0.5974617822240077
1403715324.4121432 -1.4181502561643613 -3.5547219109885591 0.52568068751032138 0.12631956843914352 -0.78846548946737771 0.12772437959119623 0.5882618646541361
1403715324.4621429  -1.411572045353001 -3.5578140314104338 0.53026086396912397 0.12491636699496633 -0.79597180941249135 0.13065468004501055 0.57771457871488707
1403715324.5121431 -1.4091681275091914 -3.5573677369432253 0.53576764590692472 0.12356990406510197 -0.80236009811228048 0.13191742671847945 0.56881151912963912
1403715324.5621431 -1.4032023356334735 -3.5583037815039122 0.54097726394703738 0.12362836879932433 -0.80746964704497337 0.13192377962908838 0.56152017942141674
1403715324.6121433 -1.4002385805053708 -3.5594744051841718  0.5489135703983673 0.12409895678231427 -0.81049194103160349 0.13129141560134672 0.55719370656689904
1403715324.662143 -1.3967938457650464 -3.5580338228104651  0.5546199095957528 0.12505106749183353 -0.81193472567577396 0.12944348546205539 0.55530947752797555
1403715324.7121432 -1.3923422449539045 -3.5558269678631635 0.56241089908983932 0.12631761769944566 -0.81213616877281924 0.12785698255706252 0.55509575285814117
1403715324.7621431 -1.3904722860833685 -3.5522160000509495 0.56830487291893061 0.1281682735758676 -0.81172227173578981 0.12478998232327114 0.55597419681890625
1403715324.8121431 -1.3894074489115993 -3.5480066659573786 0.57500233165190184 0.13187895119534354 -0.8104628971335206 0.11918831134875063 0.55816841637572967
1403715324.862143 -1.3887978397168104 -3.5435135272369918 0.57987098671963833 0.13635504678899116 -0.80825154212466777 0.11304719509809723 0.56156662788018441
1403715324.9121432 -1.3866319252543837 -3.5408553739793458 0.58624200703329155 0.14019584699915735 -0.80495650713058686 0.10836112783964177 0.56625790244872998
1403715324.9621429 -1.3831271016140239 -3.5357001888566639 0.59265871177557616 0.14206291164399118 -0.80142920766310299 0.10648372341364835 0.57113095773884315
1403715325.0121431 -1.3819723608324439 -3.5324028846841342 0.59688226206961503 0.14339220195601091 -0.79813615584486153 0.10590562917718951 0.57550095643706567
1403715325.0621431 -1.3800003467942332 -3.5294116938897289 0.60060445204853374 0.14385259286662183 -0.79556212009949323 0.10628204133192115 0.57887085975947117
1403715325.1121433 -1.3721110907866574 -3.5258349339527348 0.60547520776197672 0.14349743518057234 -0.79297456371874064 0.10825332205272832 0.58213490331384421
1403715325.162143 -1.3670995627899214   -3.52183421695648 0.60863217548877191 0.14373744711725323 -0.79163335354231124 0.1092340946410932 0.58371576338446574
1403715325.2121432 -1.3607549951523583 -3.5191535186860037 0.61181913634271534 0.14430754217652211 -0.79038989297578677 0.11061757105598498 0.58499820796851154
1403715325.2621431 -1.3535302507028772 -3.5160452407202007 0.61388245315749579 0.14436024866436589 -0.79043854622368104 0.11213237761354315 0.58463095465437842
1403715325.3121431 -1.3468751009710522 -3.5095750271297836 0.61661444414534061 0.14419787289329758 -0.79144940665752117 0.11344514635123559 0.58304803311892994
1403715325.362143 -1.3373019779881969 -3.5056770685246801 0.61840756436719257 0.14456441041085985 -0.79337405506765291 0.11430793610930645 0.58016586915338297
1403715325.4121432 -1.3265463259617702 -3.5009151063768007 0.61933265703627716 0.14430904428233007 -0.79612187949489521 0.11645078190225751 0.57602436417411107
1403715325.4621429 -1.3153792377388611 -3.4961780529882889 0.62034995621156619 0.14377009072211877 -0.79955389288579026 0.11813714862697748 0.57104058305799887
1403715325.5121431  -1.305099387131198   -3.49064448863149 0.62023849909548068 0.14315550463100596 -0.80266925337348316 0.11983149104015543 0.56645298563763458
1403715325.5621431 -1.2985060077936161 -3.4856590997985366 0.62031781607543535 0.14134222214329153 -0.80498812966627187 0.12248567296264294 0.56303973861076839
1403715325.6121433 -1.2887550711767444 -3.4804378129811848 0.62200862074480068 0.13751407076362432 -0.80645950466239236 0.12769355330084237 0.56072034395687009
1403715325.662143 -1.2797340507913708 -3.4742664768331259 0.62309481281382206 0.133546338239448 -0.80766991285452538 0.13293156158718855 0.55871628519883865
1403715325.7121432 -1.2743791354222085 -3.4674832345023874 0.61985167704572708 0.13084572672362099 -0.8089780701074466 0.13672104302972074 0.55654400928970926
1403715325.7621431 -1.2676001796945691 -3.4591286706446636 0.61969681248458819 0.12883209246915545 -0.81050988826562664 0.13894620306466227 0.55422916345819806
1403715325.8121431 -1.2613802151729658 -3.4475895801108387 0.61894640287031955 0.12816676058523599 -0.81190713664874825 0.13864542173321859 0.55241065338417916
1403715325.862143 -1.2560299880616714 -3.4359526594096068 0.61885002155015956 0.12837622232669271 -0.81287110677022012 0.13754099064683298 0.55121918073591447
1403715325.9121432 -1.2511305857974429 -3.4241157949475434 0.61591244597286965 0.12866730547626826 -0.81373159585718813 0.13572188435280491 0.55033188578612668
1403715325.9621429  -1.247278574070803 -3.4102237711032184 0.61487866757021481 0.12965046140284719 -0.81458730262252799 0.13362241609959502 0.54934809927757977
1403715326.0121431 -1.2444139522702879 -3.3953033564612363 0.61308236753854495 0.1306650471307968 -0.81462697355745384 0.13053811917798955 0.54979026805901487
1403715326.0621431 -1.2433089941546049 -3.3793586765997916 0.61121971906644523 0.13233173737603965 -0.81396576893935091 0.12647567668141335 0.55131836672288448
1403715326.1121433 -1.2422237838706092  -3.363470449381559 0.60841687484584073 0.13486192196085425 -0.81297769305561562 0.12106609212186498 0.55337377416835898
1403715326.162143 -1.2424385819582509 -3.3481951441480962  0.6047659113426509 0.13755427806858062 -0.81152445980445287 0.11548074506966706 0.55603153619401602
1403715326.2121432 -1.2434583482132358 -3.3312329643118757 0.60057138246541175 0.13950668701959107 -0.81029592053787092 0.11083345821931959 0.55827802211411526
1403715326.2621431 -1.2449478144746013 -3.3144772350226264  0.5957073136415878 0.14122252742779126 -0.8084773928907143 0.10662159217283461 0.56129523337907483
1403715326.3121431 -1.2481881325250039 -3.2989220047931846 0.59397152774764272 0.14147077665651731 -0.80611108396229958 0.1040868370904947 0.56509899133676145
1403715326.362143 -1.2499500155885446 -3.2835354254757938 0.58966327973055166 0.14133251376624326 -0.80228642294463737 0.10242268473754863 0.57085130267204076
1403715326.4121432 -1.2527281567277571 -3.2692274016822691 0.58682844152766966 0.14031374250866355 -0.79814589605949959 0.10227115961939084 0.57690189129235503
1403715326.4621429 -1.2543537121609865 -3.2550435733824243 0.58284322768554631 0.13893374956902108 -0.79490157101972636 0.10258448573435253 0.58164020571800401
1403715326.5121431 -1.2563220713825609 -3.2427064409536146 0.58137591214239026 0.1381764681170915 -0.79160050548288885 0.10276448116242592 0.58627243222697989
1403715326.5621431 -1.2549488919789669 -3.2287893074571308 0.57681028386290789 0.13717168049997869 -0.78926431364238736 0.10255215465455866 0.58968536428771112
1403715326.6121433  -1.252429439046695 -3.2145621142064837 0.57241673717530794 0.13698162713655121 -0.78728175137634526 0.10159833795905365 0.59253797810838704
1403715326.662143  -1.247837865871388 -3.2005580715379756 0.56796573376401238 0.13601680139319003 -0.78664566288224591 0.10125776226106066 0.59366227468923793
1403715326.7121432 -1.2449555743725911 -3.1852162802838944 0.56384662584599399 0.13514628064889059 -0.78708961574116676 0.1006196290023451 0.59338108318232075
1403715326.7621431 -1.2404775061104762 -3.1705032301771214 0.55835343367020529 0.13328623513597526 -0.7895979621602367 0.10131520486546926 0.59034317726111396
1403715326.8121431 -1.2324306709076984 -3.1560830431747786 0.55297905812023851 0.13112421959977999 -0.79318363380988277 0.10276043955154143 0.58575289513042317
1403715326.862143 -1.2230412498024814 -3.1417360607673772 0.54741825920571796 0.12848945687494315 -0.79692107250718036 0.10433177412911558 0.58096656063241614
1403715326.9121432 -1.2166683304431936 -3.1250904401463098 0.53893570707858307 0.1270247880718931 -0.80086638895012363 0.10488888292583001 0.57573957003479581
1403715326.9621429 -1.2057116261911822 -3.1096491368961234 0.53265992498878234 0.12457129467173715 -0.8036818333874034 0.10625617268453297 0.57209014061885732
1403715327.0121431 -1.1949840045882323 -3.0929297276728711 0.52606602489784349 0.12186450066579836 -0.80600300531263869 0.10873803037953991 0.56893254402753968
1403715327.0621431 -1.1842521125050847 -3.0768424647023416   0.520889651174685 0.11911106356877066 -0.80770878204938323 0.11112301710139508 0.56663105545504766
1403715327.1121433 -1.1735256763038382 -3.0599510382644759 0.51617358517840783 0.11687036384566592 -0.8094693620692589 0.11301999473957131 0.56420488363256505
1403715327.162143  -1.164141049527615 -3.0421983772298491 0.51107209929978126 0.11536394783466639 -0.81129463559323867 0.11408289502653088 0.56167363019817851
1403715327.2121432  -1.155643154114492 -3.0233777912556574 0.50610521299720335 0.11384888265121795 -0.81305863909210729 0.11533213075431917 0.55917133414761921
1403715327.2621431 -1.1504184745771371 -3.0054392313314242 0.50299677123126563 0.11249397747574193 -0.81476866857918706 0.11635523068122941 0.55673924060237034
1403715327.3121431 -1.1438432456297183 -2.9850148000651133 0.49952299019754692 0.11070548871014381 -0.81604810056553712 0.11749308865527656 0.55498213165026378
1403715327.362143 -1.1381748152628914 -2.9637526215071794 0.49584822240542092 0.10910422426999693 -0.81728870452069413 0.11834255988789159 0.55329059293332361
1403715327.4121432 -1.1336113093834708 -2.9413380477740358 0.49162546550012998 0.10727033573236833 -0.8182605184112508 0.11919536489789688 0.5520283181758644
1403715327.4621429 -1.1303877266290419 -2.9180730255213918 0.48744642883747613 0.10767147975928945 -0.81879517596451723 0.11915760741718548 0.55116492709378029
1403715327.5121431 -1.1276336075894828 -2.8941256051074129 0.48542535387875296 0.10857106700578047 -0.81888235209942006 0.12021380257498171 0.55062932949472576
1403715327.5621431 -1.1267966750117773 -2.8683060327805299 0.48196646348272448 0.11278667972224517 -0.81843190249954589 0.11914592895661461 0.55068378717851418
1403715327.6121433 -1.1275502281120455 -2.8417912128222222 0.47831288811209854 0.11867279416031534 -0.81761775952155769 0.11760681725816964 0.55098693612057181
1403715327.662143 -1.1295046553488528 -2.8149671043971072 0.47439112513517101 0.12537161129715396 -0.81670895458148685 0.11722737498559913 0.55093210574548646
1403715327.7121432 -1.1317016144718559 -2.7879604237565925 0.47167271553067414 0.13335019421578195 -0.81543476254902048 0.11754257939426092 0.55087894837121876
1403715327.7621431 -1.1351523726170973 -2.7611719722055463 0.46794127315611683 0.1415256498341444 -0.81397046540526674 0.12013923486623472 0.55044448960155123
1403715327.8121431  -1.139461518875059 -2.7344924333489744 0.46377536717984713 0.15057643678119764 -0.81267692865360319 0.12318610618910841 0.54927964604779433
1403715327.862143 -1.1434417577983353 -2.7079707477448074 0.45951612588529589 0.15981547452386444 -0.81097779287248706 0.12776899552511339 0.54813239035189776
1403715327.9121432 -1.1494011539994204  -2.682635994646275 0.45479409134589494 0.16981433796048184 -0.80834014009334865 0.13264305463365525 0.54786415158719948
1403715327.9621429 -1.1565786640008937 -2.6575483757867717 0.44987810718917298 0.17975284282127951 -0.80518349809441236 0.13713902710216194 0.54823474638113401
1403715328.0121431 -1.1640387991458068  -2.632206998315008 0.44521448339292558 0.18872745508678099 -0.80164528532404589 0.14044917482321179 0.54956420326079736
1403715328.0621431  -1.172110991553504 -2.6068867786720666 0.44042666869968811 0.19562634986717573 -0.7985570466422961 0.14365785162323441 0.55081702602822291
1403715328.1121433 -1.1780712361014369 -2.5820230217392308 0.43622659495125671 0.20142919385188182 -0.79481354317291841 0.14607939851149834 0.55349663123058968
1403715328.162143 -1.1868398601336687 -2.5572989107130737 0.43297938991921386 0.20568883539542579 -0.79136180580775584 0.14734312564684199 0.55653265728704571
1403715328.2121432 -1.1957061735151227 -2.5327612673864568 0.43039274063659844 0.2090190442220454 -0.78763608269172081 0.14758417128579149 0.56049919962514638
1403715328.2621431 -1.2034014540330329 -2.5089975222983885 0.42808014131347694 0.21084276483468042 -0.78432427018808082 0.1478344767739011 0.56438084232882069
1403715328.3121431 -1.2109799192147976 -2.4862820705564812  0.4271908502761434 0.2118958747423072 -0.78156396275111373 0.14679349459469937 0.56807532981167574
1403715328.362143  -1.216680674628785 -2.4633366498521299 0.42511646523325958 0.21200036262825891 -0.77972814051386519 0.1449903711965492 0.57101459298039292
1403715328.4121432 -1.2208423222956741 -2.4407628523610434  0.4234175290515319 0.21132145352951909 -0.7784145634339692 0.14300381995715056 0.57355376224878651
1403715328.4621429 -1.2213945611401877 -2.4166453849919294 0.42162881155539395 0.21043819396951444 -0.7780221390187686 0.14088084715809909 0.57493469596078928
1403715328.5121431 -1.2221317674557957 -2.3948997612299743  0.4198525613778501 0.20895031315161139 -0.77849319322840871 0.13904156967295514 0.57528736874170971
1403715328.5621431 -1.2208673367540892 -2.3729815361480537 0.41796425618995414 0.20773223745721744 -0.78073642611651517 0.13705516524615544 0.57316126189335126
1403715328.6121433 -1.2191346186107974 -2.3527637952278742  0.4153347487398889 0.20833170491151506 -0.78364896673934992 0.135276580438981 0.56937899894687616
1403715328.662143 -1.2151533414967512 -2.3333975093033574 0.41261143185658394 0.21015944245491658 -0.78667037347593483 0.1344241656962239 0.56472371644827002
1403715328.7121432 -1.2108666790843394 -2.3157021561973843 0.41035487596180903 0.21257659179131327 -0.78818903827602904 0.13565727031869348 0.56139677374703423
1403715328.7621431 -1.2068484501575394 -2.3002559760035313 0.40768016597251183 0.21623179692062058 -0.78990987617559139 0.13940646288323391 0.55664354449425457
1403715328.8121431 -1.2013244214543366 -2.2855838647396283 0.40490692744286311 0.22163672214245858 -0.78991208231990251 0.14478215768705099 0.55313126147277569
1403715328.862143 -1.1951217974618702 -2.2728793776762575 0.40259329834919694 0.22828567998761187 -0.78839623739104658 0.1520169362956855 0.55064314420458171
1403715328.9121432 -1.1887570780969263 -2.2613514551858676 0.40073487636421362 0.23677172659994616 -0.78605391108222999 0.16034112449930771 0.54804116829806471
1403715328.9621429 -1.1816830238676013  -2.251231693223851 0.39825316308574432 0.24727870907238678 -0.7825789574225247 0.16941042584784288 0.54564047050509445
1403715329.0121431 -1.1749379959595869 -2.2413321978168543 0.39510043436473019 0.25894645622795498 -0.7782425262707019 0.17965023293490337 0.54314924000426879
1403715329.0621431 -1.1662704491566824 -2.2315273351745435 0.39323588977952451 0.27154516471877421 -0.77389570089352366 0.19009634083093921 0.5396406664244856
1403715329.1121433 -1.1581843469216109 -2.2235144136499447 0.39115537880283213 0.28402396453217887 -0.76913637416126723 0.20200637617438247 0.53567998795771399
1403715329.162143 -1.1484464130642527 -2.2151311462882952 0.38837388140740087 0.29748864371018718 -0.76425312920351118 0.2132417438547865 0.53098551773460279
1403715329.2121432 -1.1405089849336145 -2.2084255778318798 0.38472669006968063 0.31097396323649606 -0.75947141337390411 0.22314932355426012 0.52602542320130019
1403715329.2621431 -1.1317202587381039 -2.2013616483682168 0.38061817301661793 0.32381247629922033 -0.75514988260596194 0.23175935024234828 0.52075112920512578
1403715329.3121431 -1.1261953722320786 -2.1944573546569792 0.37545228383313667 0.33436818795243156 -0.75119472664258513 0.23953713063580065 0.51626191085198869
1403715329.362143 -1.1176002811380308 -2.1881747840509056 0.37089533329921259 0.34284320921060057 -0.74788616161900945 0.2459991521541626 0.51245413482222435
1403715329.4121432 -1.1124249437439107  -2.181063753309866 0.36435192871859029 0.34974796380601803 -0.74465285991479979 0.25208062299533274 0.50953296217667698
1403715329.4621429 -1.1061604584515705 -2.1743821475650198  0.3566667652135963 0.35559917745501263 -0.74258052629922855 0.25631090144561869 0.50638731101264156
1403715329.5121431 -1.0998111858321655 -2.1686838647519862 0.34917541041760997 0.36031951130770662 -0.74052769328089041 0.25903340196305608 0.50466848715023316
1403715329.5621431 -1.0936603356728174 -2.1625340205010573 0.34098923424984212 0.36391834449731864 -0.73962808408245206 0.26175686139689514 0.50199310880379511
1403715329.6121433 -1.0889363841749351 -2.1568144958051563 0.33349253384198679 0.3672384378789193 -0.73873099892196603 0.26258522513495575 0.50046122778575974
1403715329.662143 -1.0864673544616863 -2.1566103744443437 0.33072271866005376 0.36892208075366428 -0.7376493028259864 0.26329578792469643 0.50044513428930093
1403715329.7121432 -1.0806754300025745 -2.1514360597715902 0.32414616642957622 0.369765582705262 -0.73618369142538631 0.264144967851214 0.50153207503091068
1403715329.7621431 -1.0757034479919325 -2.1467985977198363 0.31545489419508216 0.36949825211831483 -0.73500115970639956 0.26546120219491615 0.50276703058274208
1403715329.8121431 -1.0711267558988606 -2.1424795947177002 0.30619348519011957 0.36905933299031934 -0.73417413744166615 0.26639650329703596 0.50380199252845204
1403715329.862143  -1.066309943754026 -2.1387847201567598 0.29636673573258426 0.36830107556418851 -0.73403202847338223 0.26703893954876473 0.50422366433774712
1403715329.9121432  -1.062901000998298 -2.1361598152251196 0.29097063932658551 0.36742215393734073 -0.73382583151238245 0.26710920241606179 0.50512699768064373
1403715329.9621429 -1.0617343879025996 -2.1379196381990955 0.28460495862254609 0.36681339998916318 -0.73400036173908589 0.26731063563741153 0.50520928597008607
1403715330.0121431 -1.0667823630273841 -2.1467557430173865 0.28707793609692855 0.36712724514577222 -0.73383350636790456 0.26837493976228732 0.50465915478771539
1403715330.0621431   -1.06342900008638 -2.1451205012671184 0.27656533601756711 0.36774520634174335 -0.73289227392337586 0.27083580350992431 0.50426217939998796
1403715330.1121433 -1.0607168361051313 -2.1435908961997265 0.26577232709888027 0.3693312209956835 -0.732493218255587 0.27202180301235807 0.50304301316419908
1403715330.162143 -1.0584555771580169 -2.1425792899868932 0.25358013825413545 0.37212661886484116 -0.73162883686632563 0.27134066428440418 0.50260846441693263
1403715330.2121432 -1.0570263880036004 -2.1422397587866349  0.2416723169750053 0.37494524598620488 -0.73132011191639279 0.26996459686979501 0.50170317206079973
1403715330.2621431 -1.0568777678329626 -2.1412617332747925  0.2333579594990049 -0.377487942047813 0.73182161350369623 -0.26830078848068639 -0.49995466446268488
1403715330.3121431 -1.0559118304128507 -2.1414137863665821 0.22378563777023494 -0.3793839084382955 0.73202680436067447 -0.26652525322124049 -0.49916820522839356
1403715330.362143 -1.0551269960220588 -2.1420265000274639 0.21399072365435162 -0.38040203785241372 0.732484397230034 -0.26530587639902842 -0.49837103583618131
1403715330.4121432 -1.0545284373975949 -2.1435546981644791 0.20494351554600188 -0.3803517803056779 0.73255293279595501 -0.26573612919604062 -0.4980793445930593
1403715330.4621429 -1.0534250377371976 -2.1437542695758798 0.19796642662854558 -0.37934639163352812 0.73199813573724337 -0.26733234948939916 -0.49880703618563754
1403715330.5121431 -1.0534928166773865 -2.1455449230427242 0.19308902159816058 -0.37816263808019129 0.73210830140229188 -0.26909911877671139 -0.49859414201500485
1403715330.5621431 -1.0533701400608975 -2.1456033078714669 0.19144367364520751 -0.37830910227157505 0.73168913758661991 -0.26927437867953885 -0.49900354514068512
1403715330.6121433  -1.052486145608996 -2.1438209077484713 0.19077632371276282 0.3770132412296342 -0.7305852017965474 0.27184813875817548 0.50020482635330443
1403715330.662143 -1.0526662689270669  -2.145016055691392 0.19644595858773031 0.37409831230639096 -0.72912339045418062 0.2755745772919973 0.50248202611879311
1403715330.7121432 -1.0526086683843732 -2.1457018751939785 0.20499547010875507 0.37103722731940819 -0.72824637687555827 0.27996761250914665 0.50359381097932143
1403715330.7621431 -1.0524060288787869 -2.1464001520022329 0.21402693262321537 0.36844346687592083 -0.72805476224956645 0.28581371448825477 0.50248999541543704
1403715330.8121431 -1.0519997776862138 -2.1469169119868585 0.22341203012942193 -0.36773206876489295 0.72752724300786542 -0.29252453176132731 -0.49990662588235679
1403715330.862143 -1.0525327549692449 -2.1477140301291149 0.23541251176567757 -0.37090013802792099 0.72611217518268178 -0.29737257980083442 -0.49675320375911036
1403715330.9121432 -1.0521593554324264 -2.1477258805908797 0.24403086922197015 -0.37535398349129057 0.72413776066409841 -0.30362438613558285 -0.49248971847277745
1403715330.9621429 -1.0520619882027678 -2.1466235877677877 0.25264412977339024 -0.38124122356287965 0.72086580590583793 -0.31042696320956709 -0.48851071620230735
1403715331.0121431 -1.0527559465176675 -2.1447330009320678  0.2612426783699574 -0.38852187153011025 0.7170825762632772 -0.31749849061170909 -0.48377478502051791
1403715331.0621431 -1.0544392744424647  -2.142573948344312 0.27031374841501005 -0.39651093578059748 0.71315636109742653 -0.325219874565633 -0.47793212449069167
1403715331.1121433 -1.0556898491899505 -2.1378869822701621 0.28245138061096409 -0.40586032837496044 0.70834626937327971 -0.33205889574234287 -0.47250380556637023
1403715331.162143  -1.059822852638002 -2.1340320480782338 0.29552513793186252 -0.4176404403436515 0.70323690313423348 -0.33562482266044275 -0.46732247867385979
1403715331.2121432 -1.0669004134523967  -2.133125372209502 0.31347008550211147 -0.4281719042013919 0.69798860418068176 -0.33843513575881096 -0.46361879574751158
1403715331.2621431 -1.0743341414558614 -2.1278189465583321 0.32865727691845736 -0.43821202367557838 0.69247195650279092 -0.34015353153414035 -0.46124655743778048
1403715331.3121431   -1.08291686126306 -2.1216413762332968 0.34470809152378612 -0.44794766789702289 0.68725883980511471 -0.33964224531068249 -0.46006664640643591
1403715331.362143 -1.0925650808134324 -2.1151782213770285  0.3629917030829013 -0.45678228299195589 0.68201884779908939 -0.33834697747994219 -0.46013211148717581
1403715331.4121432 -1.1029801584132162 -2.1076817215037691 0.38334074864676432 -0.46315586483030174 0.67804009446094493 -0.33790220100449642 -0.45996780075675414
1403715331.4621429 -1.1135446712715145 -2.1000528542942307  0.4012576736969185 -0.46685734702327425 0.6750892723283981 -0.33898360907940367 -0.45977038257483077
1403715331.5121431 -1.1248372934144382 -2.0937034518629423 0.42030047654041341 -0.47040716762492785 0.67269219598130792 -0.33948521370879131 -0.45929521637617227
1403715331.5621431 -1.1370133423100919 -2.0875678802413451 0.44044378979436194 -0.47257325324919558 0.67065926510653573 -0.34088711816705131 -0.45900614713530374
1403715331.6121433 -1.1493013593792172 -2.0810681189259013 0.46017419104694529 -0.47389127666814401 0.66998904244439472 -0.34233937693460631 -0.45754288531492343
1403715331.662143 -1.1624291964112068 -2.0740959770052019 0.47962988141279078 -0.47508906112864263 0.66843523907080415 -0.34285967228810987 -0.45818332606365297
1403715331.7121432 -1.1736878584815316 -2.0690085833700582  0.4933647082014147 -0.47686721949100019 0.66615439961777489 -0.34139065762679616 -0.46074764213172908
1403715331.7621431 -1.1865648130383506 -2.0610621683071262 0.50907253088398452 -0.47869475624276425 0.66471435897493591 -0.33912490354749569 -0.46260182783050297
1403715331.8121431 -1.1949331875228748 -2.0536050764287661 0.51735942030847792 -0.47898150823813201 0.66384071359139207 -0.33772190241194067 -0.46458168105905251
1403715331.862143 -1.2075166475667285 -2.0477135844928847 0.53323023146550086 -0.47801975285367565 0.66394441266214044 -0.3375494589608653 -0.46554838151545908
1403715331.9121432 -1.2196749636534312 -2.0417141093981157 0.54672947771724412 -0.47708583933903764 0.66465010437740435 -0.336633637953549 -0.46616213322344252
1403715331.9621429  -1.231629284059415 -2.0364295402148112 0.55850812425127283 -0.4758454574698408 0.66730950094853836 -0.33626988127103163 -0.4638875914476448
1403715332.0121431 -1.2431100779555759 -2.0311494402892092 0.56740620287934251 -0.47310476237402571 0.67005976428309799 -0.33723312078127921 -0.46202339589680408
1403715332.0621431 -1.2531854343408841 -2.0239072244772673 0.56825357834812884 -0.47125351278637306 0.67300329171834128 -0.33591419215473378 -0.46059564862448882
1403715332.1121433 -1.2645489058755259 -2.0200081979340485  0.5688301922138308 -0.46974447431997529 0.6757216226524223 -0.33400796858552512 -0.45954226622498878
1403715332.162143 -1.2768194652070026  -2.016322599250691 0.56941693978497276 -0.46644900858594157 0.67981724746917782 -0.33431699312922014 -0.45662455095807097
1403715332.2121432 -1.2892633509760338 -2.0130100119043446 0.57042080869357359 -0.46216399497222488 0.68356962781185082 -0.33729760370770778 -0.45317472592535346
1403715332.2621431 -1.3014588214102523 -2.0096360684039154 0.57150741328568366 -0.45805788159546357 0.68558536113162316 -0.34200448618264406 -0.45076448522620305
1403715332.3121431 -1.3129187778491289 -2.0100150707239104 0.56664540346691306 -0.45538660854192753 0.68616419459016176 -0.34645896997653097 -0.44918583787327632
1403715332.362143 -1.3247684969261626 -2.0056960503604842 0.56666820716726951 -0.45520431696774249 0.68658305002487741 -0.34921959332534019 -0.44658528958100702
1403715332.4121432 -1.3360411815235242 -2.0012955825138072  0.5652592961776528 -0.45709473296832254 0.68606867716976327 -0.35021199352167315 -0.44466361993390552
1403715332.4621429 -1.3518642601480952 -1.9994315052167202 0.56794906528956912 -0.46008846621336896 0.68556950911376924 -0.34945888808034675 -0.44293513856159911
1403715332.5121431 -1.3683654334212296 -1.9984425215598514 0.56976656588114116 -0.46284778788190439 0.68566910255840541 -0.34904805767799196 -0.4402218309906949
1403715332.5621431 -1.3865243929633866 -1.9981429521675091 0.57187573926239754 -0.46588259471604215 0.68517787261070762 -0.34761568061442549 -0.4389168821272233
1403715332.6121433 -1.4063819631502628 -1.9980968567833646 0.57488658471705545 -0.46712842805599752 0.68397178716777618 -0.34812614486089599 -0.43906925800463603
1403715332.662143 -1.4258551111001583 -2.0008745435551649 0.57786679977078503 -0.46772845991306755 0.68233386347500213 -0.34926450269747339 -0.44007373666024863
1403715332.7121432 -1.4474925964549692 -2.0028276915923278 0.58165645870107174 -0.46876010459774442 0.68012038499500338 -0.35038666343671737 -0.44150811129292383
1403715332.7621431  -1.470947858692375 -2.0057280340855277 0.58504536059804058 -0.47083381514875977 0.6784597293314264 -0.35046567378925597 -0.44179375921739117
1403715332.8121431 -1.4950215786590575   -2.00912287064016 0.58873899613337932 -0.47378406472447115 0.67588333808283818 -0.35032298584278238 -0.44270100395792605
1403715332.862143 -1.5201058834714181  -2.014359575504677 0.59229573070899577 -0.47749726194027586 0.67305461884259277 -0.35013806818734422 -0.44316721234792023
1403715332.9121432 -1.5456814664873104 -2.0205218671636564 0.59686120960688172 -0.47907921979761264 0.66696925029074827 -0.3543479523274618 -0.44729481218324352
1403715332.9621429 -1.5719502715570386 -2.0278106208940709 0.60266586989275162 -0.47963980686781921 0.65855470976728037 -0.36101635563634832 -0.45378248189433662
1403715333.0121431 -1.5985725813499565  -2.036118496383208 0.60816402158352456 -0.48013511185808361 0.64969045405509129 -0.36850999600759921 -0.45997061983695681
1403715333.0621431 -1.6247219226515588 -2.0416843979738015 0.61322554684775643 -0.48085592336164418 0.64184538380882328 -0.37550540452639553 -0.46455115479653392
1403715333.1121433 -1.6513183120637271 -2.0448949768377989 0.61700618293229481 -0.48191599513021571 0.63561144544781822 -0.38054385348370406 -0.46791178616183887
1403715333.162143 -1.6772501884223354 -2.0473392102433619 0.61973361542899663 -0.48354001540808556 0.6308668581338569 -0.38353840817618745 -0.47020671014048776
1403715333.2121432 -1.7025777038912009  -2.047907949889058 0.62064857397920292 -0.48524938329405837 0.62789244887571061 -0.38500183083510192 -0.47122998515716175
1403715333.2621431 -1.7282221468413375 -2.0457478885186728 0.61931157961606353 -0.48758347886814574 0.62696157780216877 -0.38494680186168001 -0.47010370220954001
1403715333.3121431 -1.7528303668980365 -2.0423134062812887 0.61828652764780723 -0.49009286876129354 0.62741659056812493 -0.38392988837664566 -0.46771277797414501
1403715333.362143 -1.7774378403465914 -2.0386410157850801 0.61569024885059331 -0.4927279303278152 0.62830896756224575 -0.38170926258685772 -0.46555887577311855
1403715333.4121432 -1.8008575731836223 -2.0329442628868222 0.61262961552643658 -0.49510405542758718 0.62970179108396607 -0.37947088456489847 -0.46297891568875521
1403715333.4621429 -1.8235732991367872 -2.0260113409725293 0.60922044326986069 -0.4966993342093835 0.63096567467630715 -0.3778387936469087 -0.4608795230769927
1403715333.5121431 -1.8467589897281946 -2.0167583281041681 0.60777632374390589 -0.49691272246500306 0.63150886406406015 -0.37762860902117529 -0.46007709626721416
1403715333.5621431  -1.870455533111639 -2.0099891100460971 0.60464329756473889 -0.49632517430794504 0.6315899124365133 -0.37853847521280565 -0.45985228784925014
1403715333.6121433 -1.8967116316415984 -2.0036754738017644  0.6024667734474578 -0.49591254422467484 0.63103012445269413 -0.37895875332570705 -0.46071899656043414
1403715333.662143 -1.9192241642526844 -1.9935930352345397 0.60017689009967157 -0.49678675727523719 0.63241079525515687 -0.37786365321949361 -0.45877942784775438
1403715333.7121432 -1.9412547107410836 -1.9829222153752002 0.59554382272734852 -0.49869895790037394 0.63479644029405047 -0.37572310797656711 -0.45515379259269279
1403715333.7621431 -1.9622011522148117 -1.9702754526610524 0.59001024722137707 -0.50124634149059866 0.63856880309619091 -0.37227568227508046 -0.44988087894598455
1403715333.8121431   -1.98317987070685 -1.9574656597990852 0.58485854497015022 -0.50408933509484444 0.64159636650532137 -0.36958818818308509 -0.44458139399479085
1403715333.862143 -2.0059502733586174 -1.9471584175324617 0.58167511073646272 -0.50777747397662021 0.64283118813666595 -0.36849771179457075 -0.43947643495742827
1403715333.9121432 -2.0277591256758432 -1.9348329560861228 0.57815157825551777 -0.51140247460221222 0.64284481261831306 -0.36866421732449384 -0.43509165784346887
1403715333.9621429 -2.0491008949937544  -1.923631255479066 0.57577178817068364 -0.51561680616963634 0.64081997521835143 -0.36946611371979832 -0.43241630331124675
1403715334.0121431 -2.0702119515667858 -1.9128497116889853 0.57454251140988144 -0.51928379825844073 0.63817193265738181 -0.3723618186052598 -0.4294503432058388
1403715334.0621431 -2.0913335475080972 -1.9031528323928062 0.57397526361775097 -0.5231764735871357 0.63554938344417344 -0.37552229373262958 -0.42584781976481328
1403715334.1121433 -2.1121816618369569 -1.8946118313244684 0.57286368647434505 -0.52680334765383474 0.63284158819249781 -0.37853385918161142 -0.42273144501892224
1403715334.162143 -2.1338654533632884 -1.8851058043576994 0.57312659759164397 -0.53071343800241033 0.63027044977752333 -0.38056108310175302 -0.41985196068295405
1403715334.2121432 -2.1561204229326925 -1.8772716621362533 0.57353522798499212 -0.53371091472733756 0.62847565016649365 -0.38251283259688862 -0.41695917012030853
1403715334.2621431 -2.1772612247154202 -1.8690019121727099  0.5738412886974853 -0.53627775597365679 0.62711448456407737 -0.38379174209209699 -0.41453285804590218
1403715334.3121431  -2.199818100104419 -1.8622524642774252 0.57522391788342708 -0.53822432418291799 0.62533742927367242 -0.38526401122150145 -0.41332713202105997
1403715334.362143 -2.2233206250528919  -1.855979153818323 0.57617754926888154 -0.54018870626748627 0.6239339865983512 -0.38605133793434676 -0.41214913134404263
1403715334.4121432   -2.24693426704484 -1.8536252054045819 0.57635555040527264 -0.54161057931728529 0.62253192921100098 -0.38678073730516083 -0.41171912602416233
1403715334.4621429 -2.2707277037430296 -1.8474790057899275  0.5763760907873291 -0.54243239054995029 0.62154664307364249 -0.38770523557239628 -0.41125603032162938
1403715334.5121431 -2.2953850530790758 -1.8439103683636933 0.57682005872719944 -0.54303652293302085 0.62059868792940354 -0.38833842322090906 -0.4112929276700677
1403715334.5621431 -2.3204679109177864 -1.8403747590804946 0.57813239812159378 -0.54346309731727593 0.6190912500270751 -0.38915152625235855 -0.412231701364277
1403715334.6121433 -2.3456614054161222 -1.8372264886536569 0.57898804267087689 -0.54482280993003973 0.61765935965047292 -0.38879626139331386 -0.41291946956117909
1403715334.662143 -2.3711005633704594  -1.834237894899599 0.57942192495122169 -0.54636203706154729 0.61633602341806037 -0.38757890052520483 -0.41400607068356121
1403715334.7121432 -2.3959255233499301 -1.8321958373223493 0.57921559875092832 -0.54678551941092646 0.6154048233417605 -0.38747454284604554 -0.41492888284194901
1403715334.7621431  -2.421177175003514 -1.8298724622987095 0.57902819894151902 -0.5471180379217927 0.61464172833112929 -0.38721598359626019 -0.4158619728014461
1403715334.8121431 -2.4460795888369571 -1.8289278441269374 0.57918755929420862 -0.54750744441641019 0.61434615755472088 -0.38637800594352939 -0.41656504117540133
1403715334.862143 -2.4704089426698488 -1.8289455146181337  0.5792298606685351 -0.54758111147610899 0.61391889340730055 -0.38574271128206977 -0.41768538323108989
1403715334.9121432 -2.4952553891944222 -1.8285960208088503 0.57882838469308184 -0.54764414804428818 0.6136965188961061 -0.38531116303480634 -0.41832735680135968
1403715334.9621429 -2.5198892274211815 -1.8288572107724028 0.57812754051067095 -0.5479896935951768 0.61392645274962643 -0.38412012507789678 -0.4186326980037105
1403715335.0121431 -2.5431823902122366 -1.8344349829366984 0.57651919091473314 -0.5480057669516647 0.61374766370609701 -0.38395192450631566 -0.41902792788896759
1403715335.0621431 -2.5671586037244687 -1.8368524295757276 0.57584673109502027 -0.54893010305887435 0.61341593618859624 -0.38371245238914253 -0.41852286086563045
1403715335.1121433  -2.591313655939266 -1.8387133351794118 0.57416127392790706 -0.54972791180643676 0.61289713524859768 -0.38365936211991319 -0.4182843750879755
1403715335.162143 -2.6155784514341658 -1.8408001140202941 0.57319391243490292 -0.55069251064545532 0.61204112068726202 -0.3834066507408973 -0.41850061585920417
1403715335.2121432 -2.6386359974599651 -1.8467749310762769 0.57306677782462212 -0.55125640171210244 0.61189117014574967 -0.38331341774397171 -0.41806267382597762
1403715335.2621431 -2.6608869424049764 -1.8504375215729882 0.57161389198192847 -0.55263082426215093 0.61094624633085692 -0.38311061650043199 -0.41781588252988966
1403715335.3121431 -2.6825538540906284  -1.854196010738459 0.57046946283058353 -0.55425518574064536 0.60953717987523592 -0.38380606669958278 -0.41708334729876523
1403715335.362143 -2.7037905409988574 -1.8589280647147126 0.56896177189332842 -0.55644519047988916 0.60742117520797467 -0.3853224584636783 -0.41585438425519777
1403715335.4121432  -2.724259061190081 -1.8640522644481681 0.56780393489991865 -0.55908421451434032 0.6047401615665644 -0.38719218786678455 -0.4144832779790536
1403715335.4621429  -2.744510480657989 -1.8704460311573003 0.56698879226640231 -0.5618324958952976 0.60226997438729235 -0.38915778380308025 -0.41251829512527793
1403715335.5121431 -2.7644924125153283 -1.8774810249704412 0.56518440791589653 -0.56358504276184362 0.60082487647051341 -0.39202345540705208 -0.40951065651584484
1403715335.5621431 -2.7841889610424215 -1.8850127878937679 0.56353952804979879 -0.56442279778751492 0.59962665380270075 -0.39552240261705984 -0.40673924130223599
1403715335.6121433 -2.8035917330279356 -1.8912227958233947 0.56347005396917571 -0.56577034930979708 0.59825178296501436 -0.3984201316260696 -0.40405459375697844
1403715335.662143 -2.8221828647191014 -1.9000610051624733 0.56223381299800357 -0.56778291504306055 0.5961775539476647 -0.4016292030922049 -0.40110954710366165
1403715335.7121432 -2.8408768026877156 -1.9090168038973432 0.56067379719332811 -0.57172339293228258 0.59297030219651148 -0.40334497382318485 -0.39853659151770626
1403715335.7621431   -2.85970861977709 -1.9180916183709216 0.55946828294266682 -0.57550867033474995 0.58903238875570829 -0.40608289322860686 -0.39614050435843623
1403715335.8121431 -2.8804621265709351  -1.924800186258987  0.5590071442278195 -0.57904560849105968 0.58541373190031887 -0.40832629655035019 -0.39403880688992499
1403715335.862143 -2.8990601413714323 -1.9333710156559105 0.55720728850323853 0.58210209351240738 -0.58202046307717936 0.41052244442130054 0.39227624949040502
1403715335.9121432 -2.9177949567775023 -1.9422141753210338 0.55548311196440869 0.58513848317811334 -0.5787928794873155 0.41223957585167098 0.39073045729816469
1403715335.9621429 -2.9365723478910057   -1.95310058680554 0.55350873913786314 0.58670831600274254 -0.57529898731206564 0.41578648515911598 0.38977689245254893
1403715336.0121431  -2.955396366135846 -1.9638024671796175 0.55189990920672982 0.58888052131990254 -0.57126081972434251 0.41790035283764038 0.39017957731799352
1403715336.0621431 -2.9741816980996898 -1.9748147482659271 0.55063066310373998 0.58956679644210863 -0.56772015208865301 0.42116243536996373 0.39080305075404281
1403715336.1121433 -2.9929348383294956 -1.9862370932892159 0.54905813692789462 0.5894933112642905 -0.56463184189342053 0.42471056816116942 0.39154750974424835
1403715336.162143 -3.0113436918468852 -1.9974607464331307 0.54726981346180625 0.58961718156019383 -0.56125621682207194 0.42724972965664482 0.39344720966847968
1403715336.2121432  -3.031432676491312 -2.0072176730649667 0.54614853522155338 0.58911811693026017 -0.55871840697733544 0.43055533646875777 0.39420259797156049
1403715336.2621431 -3.0493946261656699  -2.017199314631398 0.54354158617462156 0.58939512853732667 -0.55789892848386524 0.43223828657197266 0.39310587845305572
1403715336.3121431 -3.0678864957070213 -2.0266562916362445 0.54127838805415152 0.59119243649558284 -0.55789826861318825 0.43135358115289651 0.39137592278446898
1403715336.362143 -3.0861395035096115 -2.0358673997170342 0.53833438465699446 0.59372032284843557 -0.5585403410655102 0.42970627088302382 0.38843453296917163
1403715336.4121432 -3.1055150330845698 -2.0427263179261161 0.53714871379934148 0.59589577365310586 -0.55904983315679546 0.42767189367557518 0.38661125481505726
1403715336.4621429 -3.1237561488271028    -2.0514945895182 0.53548575847315349 0.59846509445677953 -0.55859004537392498 0.42518557336341878 0.38604911621400639
1403715336.5121431 -3.1418149627728935 -2.0566120321137578 0.53586450341316938 0.5994409406178054 -0.55904550109475604 0.424352460636581 0.38479043071343771
1403715336.5621431 -3.1588419112979294 -2.0627078585400311 0.53525290243188162 0.59955459065875671 -0.55926818949312329 0.42395755711443339 0.38472506391793171
1403715336.6121433 -3.1760329887360617 -2.0707743448351557 0.53464911280667871 0.59925096827589031 -0.55946659130398091 0.42431022041906863 0.38452080188597587
1403715336.662143 -3.1932220392911241 -2.0794024394379731 0.53410266770265824 0.59922670147916235 -0.55970655467584085 0.42392936751632571 0.3846294635678747
1403715336.7121432  -3.210442016023499 -2.0886690191711792 0.53365050418336102 0.5991098281747459 -0.55984207229829241 0.42362124383481431 0.38495364609394861
1403715336.7621431 -3.2274012761547657 -2.0982960790967584 0.53376563587761916 0.59887122104077772 -0.56009617833595915 0.42338501652623384 0.38521508200440702
1403715336.8121431 -3.2431493587938274 -2.1091015295496534 0.53483286327237523 0.59896039665626233 -0.5598009537152191 0.4227550937110231 0.3861961499009125
1403715336.862143 -3.2590556027309332 -2.1192959455279676 0.53653593076498385 0.59874187182340677 -0.55947679526685989 0.42264163849406033 0.38712779788382978
1403715336.9121432 -3.2749642396543157 -2.1302025790733663 0.53868639359896153 0.59856060791686438 -0.55936025453575122 0.4227663660882689 0.38744019409505431
1403715336.9621429  -3.290537458318763 -2.1412175004286964 0.54206880569889171 0.59850853184495878 -0.55865402294447331 0.42257615038068608 0.38874492547966144
1403715337.0121431 -3.3014923146831472 -2.1500226882593023 0.54574319250057524 0.59868619158386505 -0.55812355201566544 0.42248835351756858 0.38932831368170295
1403715337.0621431 -3.3103075153093502 -2.1585784318798398 0.54880313868510366 0.59993353152794648 -0.55696565231035122 0.4221326397501417 0.38945224913009346
1403715337.1121433 -3.3225087154473156 -2.1690279302102131 0.55324033864083144 0.60222232949910304 -0.55597987717591335 0.4223881165863555 0.38704382309340846
1403715337.162143 -3.3333165721950104 -2.1778644399298397  0.5577458603686305 0.60610541740201984 -0.5534494315982893 0.42218030204285223 0.38482949760440688
1403715337.2121432 -3.3435946117708539 -2.1883110495610376  0.5629616894560292 0.60985203672934118 -0.55107049486326876 0.42342219350863841 0.3809402171372297
1403715337.2621431 -3.3533081573673478  -2.199704322469187 0.56775191810413428 0.61355402976679263 -0.54860248923369714 0.42609715710493801 0.37553691439139636
1403715337.3121431 -3.3621741429501895 -2.2114077510905705 0.57287090047186584 0.61775484257211211 -0.54572054494068001 0.42916123581102594 0.369308373836155
1403715337.362143 -3.3709941382816941 -2.2235718390564676 0.57766659512299667 0.62139910504131113 -0.54336445877827055 0.43230633710678379 0.36294551669330549
1403715337.4121432 -3.3812159852763517 -2.2372019199663735  0.5816905556909796 0.62439931863669829 -0.5412482536242843 0.43571759045932446 0.35682768978739543
1403715337.4621429 -3.3918244698468021 -2.2523550010643141  0.5849624831189687 0.62601360231352132 -0.53879809061996875 0.44029206702797274 0.35206033996313707
1403715337.5121431 -3.4016371231077716 -2.2669692078329908 0.58916287079058316 0.62620941927001972 -0.53784506063702375 0.4456080833240279 0.34643598260305941
1403715337.5621431 -3.4098396327108129 -2.2793966581164624  0.5899906810855684 0.62595528009517398 -0.53621658727433197 0.45000187569098582 0.3437296477283211
1403715337.6121433 -3.4214675226742752 -2.2944313079254646 0.59319981505585306 0.62759513089613561 -0.53304206151218803 0.45181707257716336 0.34329556545650514
1403715337.662143  -3.432309710595665 -2.3125637404984181 0.59630189417640256 0.62896906971889888 -0.52939451033554097 0.45318421550388555 0.34462070248559296
1403715337.7121432 -3.4444988132770948 -2.3292219730585986 0.59934262647422065 0.63053775861696149 -0.52655585082023759 0.45346410849807406 0.34573309536305735
1403715337.7621431 -3.4572249145891849 -2.3474776727179885 0.60264629882755838 0.63172519156759099 -0.52453714620104364 0.45364589450978848 0.34639495808768533
1403715337.8121431 -3.4699674851922673  -2.365762305618563 0.60594911597885126 0.63214792799495323 -0.52311617474603445 0.4538743573374987 0.34747162848531471
1403715337.862143 -3.4827343807673685 -2.3840593775881715 0.60937193591048799 0.63206677303434766 -0.52224854336914295 0.45373307006409341 0.34910507659581164
1403715337.9121432 -3.4957228161912495 -2.4031106803428934 0.61282634180262463 0.63238719407789001 -0.52140462873335625 0.45259111606828695 0.35126191304749571
1403715337.9621429 -3.5089411298308999 -2.4225304595717767 0.61593606399676581 0.63233430830647874 -0.52102578486401097 0.45154624638569779 0.35325832109151395
1403715338.0121431 -3.5218166707869036 -2.4414944322285668 0.61984660571338368 0.63108001940684266 -0.52170747674002249 0.45142475768610241 0.35464772093876717
1403715338.0621431 -3.5352862047770754 -2.4603238074260654 0.62319624910308469 0.62932166885340168 -0.52311957741952653 0.4517060666191523 0.35533332831503345
1403715338.1121433 -3.5483613027938188 -2.4791075566940961 0.62707839215851247 0.62735177973338996 -0.52466574143931011 0.45222233594815542 0.35587998411666927
1403715338.162143 -3.5606644280574811 -2.4980165455415126 0.62985115400511082 0.62653562770775706 -0.52512088183248973 0.4527235980656138 0.35600914374611187
1403715338.2121432 -3.5721427698770789 -2.5152933229980374 0.63146361107160576 0.62587623739053355 -0.52552393771567463 0.45356269794385762 0.35550584438454652
1403715338.2621431  -3.584283574291649 -2.5335405001995959 0.63326063521682485 0.62569580865537267 -0.52520634392031385 0.45530985925924877 0.35405646922246664
1403715338.3121431 -3.5961331938324084 -2.5518069139405899 0.63541772019842047 0.62630655464051388 -0.52476388435669519 0.45686774250771434 0.35161745000085964
1403715338.362143 -3.6086211207942362 -2.5710129301260127 0.63751097642285803 0.62745219178649714 -0.52387510545665739 0.45923454240508216 0.34779628515424321
1403715338.4121432 -3.6205636474824021 -2.5889248055213403 0.64022383930412019 0.62943461904368225 -0.5211126666436755 0.46213600106035602 0.34450539260916491
1403715338.4621429 -3.6330381910165692 -2.6071540327361085 0.64298660258082574 0.63228313472371533 -0.51759076428605155 0.46489979865162823 0.34086069806213909
1403715338.5121431 -3.6470383202900187  -2.627243412073073 0.64537059822925147 0.63618337082691978 -0.51333762275053552 0.46756101529043037 0.33636572466990239
1403715338.5621431 -3.6622213400648134 -2.6495439835897319 0.64894444629799108 0.64095291943575838 -0.50683596206637871 0.47031263476327473 0.33332069873479675
1403715338.6121433 -3.6765672030857641 -2.6690313922210609 0.65354255819730889 0.64617360734129003 -0.49962699500650481 0.47290847752282189 0.33043926359220877
1403715338.662143 -3.6908016144890805 -2.6884304738642633  0.6576714043601708 0.65170470633989852 -0.49165266388810552 0.47589109714603001 0.32724042764197747
1403715338.7121432 -3.7057969356856533 -2.7082397030584615 0.66179977496017739 0.65747641114940192 -0.48348263843138939 0.47866298427504878 0.32380712562022101
1403715338.7621431 -3.7230500611059343 -2.7264153181458095 0.66593955885995859 0.66295873609579314 -0.47630554367430611 0.48139563475953556 0.31918174467512411
1403715338.8121431 -3.7385636123725927 -2.7427309583890018 0.66898955901193868 0.66852640053023671 -0.46958410996249839 0.48240616750855242 0.31598655828139977
1403715338.862143 -3.7554729482768532  -2.760475044319187 0.67320476530180406 0.67256850686393133 -0.46422180373443661 0.48408891459095033 0.31274213544472063
1403715338.9121432 -3.7713062392963135 -2.7792020736157306 0.67677211727108155 0.67634642680972079 -0.46011264663775031 0.48484014003973264 0.30948651336040539
1403715338.9621429 -3.7877142349411366  -2.797342898761821 0.67989730440534479 0.68042573317983357 -0.45598016807428826 0.4842376832054931 0.30759839744934675
1403715339.0121431 -3.8043772298382672 -2.8163172901654305 0.68186021949575792 0.68393262822267964 -0.45306307127860185 0.48360550884066067 0.30511592111029573
1403715339.0621431  -3.821059159126051 -2.8359032149540448 0.68358425556586633 0.68698311701473036 -0.45105922507958124 0.48250265255232572 0.30297023399552414
1403715339.1121433 -3.8375439542355556  -2.854290801083367 0.68432903129329758 0.68987634473236115 -0.44831799062120997 0.4811374453944729 0.302635699981608
1403715339.162143 -3.8529457609567572 -2.8739796849362054 0.68483176864892736 0.6923626530957403 -0.44514670854371863 0.48005414222644271 0.30335850903206185
1403715339.2121432 -3.8688990708859698 -2.8932276915101593   0.684727591095181 0.69460677786858627 -0.44221606958982623 0.47865475224171816 0.30472282502622927
1403715339.2621431 -3.8861456236296732 -2.9128900962751829 0.68508589097988004 0.69551780226379289 -0.44043368330701232 0.47883635911482458 0.30494081152318825
1403715339.3121431 -3.8998421409906201  -2.932742937345449  0.6844213932746539 0.69463661873947558 -0.43984158657978562 0.48110598901543378 0.30423079060911412
1403715339.362143 -3.9120774476957103 -2.9531905288792792  0.6829486756497859 0.69322886643033188 -0.4393753392931008 0.48367525547363849 0.30404160440850919
1403715339.4121432  -3.923641442307769 -2.9693975414160088 0.68106728216479473 0.6915369126866201 -0.440022866173574 0.48591850728701075 0.30338058591843753
1403715339.4621429 -3.9373038937908875  -2.989152179498221 0.67970121866010447 0.69026171242731837 -0.44074975486003654 0.48730973761959201 0.30299775835614384
1403715339.5121431 -3.9504078970256393 -3.0079199504735623 0.67744654425584361 0.68850275160279872 -0.44136748986395086 0.4887874964357008 0.30371941534036007
1403715339.5621431 -3.9639282135427214 -3.0284665205558126 0.67348562907193565 0.68742916999807713 -0.44295567544525183 0.48933808789861488 0.30295154985298062
1403715339.6121433 -3.9764863367370884 -3.0475853071475303 0.66942318370256149 0.68792121371051185 -0.44498276961474759 0.48709990893137256 0.30247052284824977
1403715339.662143  -3.989478048325791 -3.0661505771111375 0.66525646218275836 0.68857337998978607 -0.4458113510624464 0.48418235588022712 0.30444438882592512
1403715339.7121432 -4.0022075873526735 -3.0850140225416962 0.66050839403785622 0.69009583028040566 -0.4452866348587185 0.48011919007096454 0.30817709384604941
1403715339.7621431 -4.0137104149595846 -3.1032674464683554 0.65558060542177365 0.69075814268077873 -0.44360300452493839 0.47686884533200963 0.31411091520092782
1403715339.8121431 -4.0223694925511602 -3.1203891064684708 0.64910148291974679 0.69162664090210046 -0.44156694631723176 0.47314878109633179 0.32062665588127193
1403715339.862143 -4.0311765357049483  -3.139692616065457 0.64351907047560608 0.69233972638171437 -0.43911281926304885 0.47033895067892678 0.32653775693906517
1403715339.9121432 -4.0378577860166383 -3.1593830298386298 0.63636594837214633 0.69363995917593613 -0.43579471699258426 0.46838052091346333 0.33100794447353077
1403715339.9621429 -4.0429600139170612 -3.1785154430846623 0.62954136063830723 0.69622251181947059 -0.43162501219356786 0.46664711974489281 0.33348842336501805
1403715340.0121431 -4.0468305925837695 -3.1949191175662035 0.62400418668792523 0.69954414972843126 -0.42597020740829789 0.46547480249335549 0.33544086397609596
1403715340.0621431 -4.0473698666509943 -3.2105516597562453 0.61924475645502863 0.70311659070665189 -0.42048761748143543 0.46597476661983817 0.33419266941605419
1403715340.1121433 -4.0460503014489335 -3.2249403994615577 0.61550627265103808 0.70665712598999608 -0.4152694766955663 0.46806146130207044 0.33031112069732055
1403715340.162143 -4.0425834433586623 -3.2397946601392169 0.61302398536147296 0.70985278656404094 -0.4092060836287863 0.47199307624007464 0.32539504991607998
1403715340.2121432 -4.0374462478177335 -3.2534906071289074 0.61363106838394954 0.71309628173400608 -0.40382621430436666 0.47746919875622468 0.31692466905690325
1403715340.2621431 -4.0303924271557721 -3.2647317208646092 0.61545053113490023 0.71609967143681486 -0.39813490416867797 0.48402143577672196 0.30726716121206998
1403715340.3121431 -4.0202078829682746 -3.2740638994941986 0.61905287713036428 0.71986609674579749 -0.39108191742927567 0.49062117397863325 0.29688145826177686
1403715340.362143 -4.0078196186978845 -3.2846061392066681 0.62493126044874481 0.72381198181354722 -0.38377066651129615 0.49786128077485009 0.28451790033993751
1403715340.4121432 -3.9959932095391708 -3.2941132998880565 0.63242489309964245 0.72878812500592427 -0.37476567620945378 0.50383723876892061 0.27306884409490984
1403715340.4621429 -3.9828776004781212  -3.302968651708083 0.64045853337805714 0.73419162242282077 -0.36608763705431152 0.50793531435981099 0.26257231382294882
1403715340.5121431 -3.9710992756371177 -3.3116841250281244 0.64974849061578421 0.73901435487554779 -0.35848585837741304 0.51109097189386687 0.25324235640956677
1403715340.5621431 -3.9572240756636221 -3.3192329453586598 0.65778880088006086 0.74336360945738844 -0.35334259242920379 0.51326052263065924 0.24315261137564498
1403715340.6121433 -3.9429615791808712 -3.3279711496444366 0.66495912483659714 0.74661852314217669 -0.34802523099327454 0.51566360585429094 0.23564860511028574
1403715340.662143 -3.9297424840764927 -3.3364955108896197 0.67141516012532099 0.74930287936816942 -0.34381373403111948 0.51749201892070451 0.22921457548664401
1403715340.7121432 -3.9160766349840794 -3.3463379995480294 0.67739473689425866 0.7514860669717307 -0.34055167117805318 0.51858619790389882 0.22441391612102185
1403715340.7621431 -3.9032074546187401  -3.357641654203221  0.6826313147228309 0.75351091957246774 -0.33838128337802026 0.51881452955153939 0.22034265377069631
1403715340.8121431 -3.8884953646527141  -3.368372293664025 0.68632189564116441 0.75484637019210421 -0.33682298500020441 0.51902919222202282 0.21763715630542377
1403715340.862143 -3.8747713333510925  -3.380044736370388  0.6895480803163867 0.75469624677818192 -0.33810497924420113 0.52022948086231713 0.2132601354002383
1403715340.9121432 -3.8620679141163592 -3.3922070622588687 0.69348203841986134 0.7539847258786041 -0.34037585957355121 0.52154009820682135 0.20891920286022458
1403715340.9621429 -3.8495644186537175 -3.4062147868317783 0.69807808220517886 0.75364443068274423 -0.34196113997782002 0.52200214311628168 0.20638898572346656
1403715341.0121431  -3.837099497326915 -3.4200474419792166 0.70267627343727457 0.75304834450369218 -0.34461807101620523 0.52196744527714645 0.2042218451590512
1403715341.0621431 -3.8235674973961258 -3.4366805797555591 0.70568203077918301 0.75199368899068109 -0.34586412017492446 0.52231532317181439 0.20511022713101185
1403715341.1121433  -3.809420231828835 -3.4544104025371261 0.70851246879676255 0.75100448525833685 -0.34535945483621111 0.52238144418460242 0.20937224469519539
1403715341.162143 -3.7959320852241274 -3.4680004998944609  0.7117385263947944 0.75004262759262708 -0.34361377262565446 0.52209924988094736 0.21628223535386565
1403715341.2121432 -3.7841416885640995 -3.4856435762707818 0.71765919440392856 0.74632159453140168 -0.34435255307723511 0.52528600735989828 0.22022717179583659
1403715341.2621431 -3.7721970967428491 -3.5048390034811461 0.72299182218714175 0.74312673208559887 -0.34568394441334455 0.52750125827575234 0.22362399949940187
1403715341.3121431 -3.7588494299794779 -3.5246630907506971 0.72790180670274285 0.74030198155084848 -0.34624767516802762 0.52897029060850287 0.22859561501957873
1403715341.362143 -3.7491879715068848 -3.5443571178027442 0.73277434702502986 0.73763533155409944 -0.34609068540987659 0.53035688602431474 0.23417286043046853
1403715341.4121432 -3.7388782312886617 -3.5633871430201181 0.73811231615495343 0.73508015086428569 -0.34699824810838104 0.53138497208378044 0.23849402310870038
1403715341.4621429  -3.728309250980828 -3.5818744317345175 0.74249337189484921 0.73442260307197171 -0.34724426634146111 0.52990900549932329 0.24339536865085948
1403715341.5121431 -3.7174221060128705 -3.6004895265991417 0.74713160545693957 0.73403042240359362 -0.34863841104726134 0.52817725451789144 0.24633185977129562
1403715341.5621431 -3.7084123865223875 -3.6186346504141449 0.75162226652456854 0.73443186051728759 -0.34812887300424139 0.52557049077800855 0.25137977098659975
1403715341.6121433 -3.6992576207507311 -3.6352860266879956 0.75616404781750002 0.73368404851612956 -0.3466603879342155 0.52493188218877407 0.25686730319764695
1403715341.662143 -3.6900968668009217 -3.6514216396856791 0.76080643058845054 0.73262563810775372 -0.34482527033947874 0.52464084641600139 0.26288246345926858
1403715341.7121432 -3.6804148421410443 -3.6691823263409669 0.76585309333292739 0.732090750241711 -0.34205212086356329 0.52399554547724203 0.26920651616050195
1403715341.7621431 -3.6709905023140306 -3.6855372987167043 0.76888621882554398 0.73305921615891823 -0.34062366335648586 0.52161704651831753 0.2729750214719055
1403715341.8121431   -3.66118064828891 -3.6986618328267871 0.77110666088114099 0.734150864944073 -0.33968423945733917 0.51920721477942644 0.2757915754462944
1403715341.862143 -3.6501761839541551 -3.7113923458131137 0.77335493091337459 0.73549201390731922 -0.3378651725134667 0.51677989057157614 0.27899313142411081
1403715341.9121432  -3.637565030127424 -3.7216524735954257 0.77613671147213603 0.73606362823382043 -0.34005683739343878 0.51661196153231648 0.27510682240716772
1403715341.9621429 -3.6246263448682789 -3.7291969262599305  0.7779562918224413 0.73608871921365915 -0.3433136564527472 0.5174353698247951 0.26938776659996544
1403715342.0121431 -3.6121791580047535 -3.7355067424721753 0.77995312709141262 0.73636576109302709 -0.34720787511015416 0.517922109333674 0.26261920343862266
1403715342.0621431 -3.5993650731607234 -3.7392740586671325 0.78274601003707922 0.73754593457270978 -0.35042513938617031 0.51717182197790668 0.25644009560422465
1403715342.1121433 -3.5872366373456299 -3.7423143673363337 0.78514873798492124 0.73936146711351469 -0.35268332624731635 0.51558510739855568 0.25125900852248079
1403715342.162143 -3.5738478308802804 -3.7470015545743505  0.7871170069586696 0.7407387656467016 -0.3561840089228685 0.51470875134313243 0.24395477889688552
1403715342.2121432 -3.5601357932428805  -3.751185858516652 0.78897574288572558 0.74206821897698139 -0.35772668434692656 0.51393919607284699 0.23923394497955547
1403715342.2621431  -3.547315634148934 -3.7555168898775064 0.79081800183195616 0.74274756828900745 -0.35865703426828155 0.51409612113375591 0.23536431294033008
1403715342.3121431 -3.5327001617909635  -3.764198742976272  0.7920560188671697 0.74328939092920077 -0.35837023928338163 0.51502709216007281 0.23203178073102296
1403715342.362143 -3.5190466822766471 -3.7712904476792812 0.79271498796317386 0.74523180224611985 -0.35582122068121547 0.51513505059130271 0.2294704762844795
1403715342.4121432 -3.5040432982128418 -3.7787818788186485 0.79315858256912475 0.74801913618725713 -0.35078044562328059 0.51533292797418762 0.22771127379107362
1403715342.4621429 -3.4885951077926411 -3.7870536034212106 0.79312981747058453 0.75190954902146789 -0.34587627262620996 0.51494276467787148 0.22323884794193571
1403715342.5121431  -3.472877392237752 -3.7964786053913713 0.79315908186625839 0.75636100435724818 -0.33846990311543579 0.51461524928556124 0.22028913040702236
1403715342.5621431  -3.456412619554861 -3.8074397594815852 0.79349490799863021 0.76106732238575481 -0.32896644699530658 0.51435226845321436 0.21908754297059996
1403715342.6121433 -3.4399124484027319 -3.8182136119547687 0.79380986994519254 0.7654346701619843 -0.31731809765921587 0.51470659451283296 0.22021832843101993
1403715342.662143 -3.4221080868215514 -3.8312980974590518 0.79411989095152458 0.76891038171170389 -0.3038377798391505 0.51664426581396183 0.22257163125594037
1403715342.7121432 -3.4058003262997301 -3.8411065180906085 0.79439569541938249 0.77182940050347448 -0.29170064485901831 0.51910270840703665 0.22298539959324537
1403715342.7621431 -3.3859310080412164 -3.8527349809690281 0.79512103922930077 0.77456288614350899 -0.28248672399355718 0.52148733490622778 0.21978295136071227
1403715342.8121431 -3.3650969217755309  -3.863581314138703 0.79481729108729415 0.77615979817798531 -0.27761500360128871 0.52472850993278353 0.21252263016320461
1403715342.862143 -3.3469982266274596 -3.8708429283616859 0.79390574377515211 0.77639619751823408 -0.27337389921069133 0.52896456807350023 0.20657236367042289
1403715342.9121432 -3.3251355414451731 -3.8800614651203964 0.79356004019770665 0.77681067365675061 -0.27097718677419641 0.53204697274882984 0.20015633971896424
1403715342.9621429 -3.3032220163066901 -3.8877267093731964 0.79388809673840188 0.7760048611803293 -0.26870770277237249 0.5360191048995353 0.19569400879432489
1403715343.0121431 -3.2802243137944904 -3.8969125003219935  0.7932149125728376 0.77510446897148688 -0.26665377701516052 0.53957901394646657 0.1922584538909469
1403715343.0621431 -3.2568567152723027 -3.9061358193015789 0.79135253241383741 0.77430369809827848 -0.26569127927377972 0.54246705481472401 0.18865688874205447
1403715343.1121433 -3.2332007418874973 -3.9152671470026781 0.78920654462019135 0.77441684873739003 -0.26333310222669254 0.54376000051549012 0.18777455499271156
1403715343.162143 -3.2095679561185717  -3.924345361360793 0.78606194486574665 0.77488858007866535 -0.26210823813892242 0.54437902019135853 0.18573756307994405
1403715343.2121432 -3.1861837264749373 -3.9320157977801911 0.78407000793060477 0.7744431785146707 -0.26082330888719324 0.54606649146521169 0.18444606716355791
1403715343.2621431 -3.1627797614459676 -3.9400695151808227 0.78158576196594942 0.77578756329892062 -0.26001767473625276 0.54500154961942471 0.18307860707330484
1403715343.3121431 -3.1400639709457896 -3.9544562419612439 0.78127734629758683 0.77738113369674744 -0.2595056531092978 0.54359527814908293 0.18121689366805063
1403715343.362143 -3.1177402719305833 -3.9627175148688494 0.77770943759334099 0.77902291754302222 -0.25984756941153941 0.54150752744387154 0.17992257316773122
1403715343.4121432 -3.0953267986280157 -3.9703072790215681 0.77356568237604584 0.7811777329047167 -0.25931883628646257 0.53842950692096314 0.18057894904370969
1403715343.4621429 -3.0728715600973944 -3.9788302791599905 0.76923240290077666 0.7823495650658937 -0.25878818968964251 0.53655959930573749 0.18182856571845696
1403715343.5121431  -3.049731859496871 -3.9898526009717847 0.76838309391216542 0.78281716367444831 -0.25946489704975162 0.53561302261060384 0.18164235592390496
1403715343.5621431 -3.0268864222973071 -3.9983909193998151 0.76511717981789873 0.7831452453223483 -0.25969216854286598 0.53459076331643052 0.18291041004617242
1403715343.6121433 -3.0027277486801807  -4.006943580626527 0.76173265555562852 0.78297569292156322 -0.26039781388472988 0.53417188704361795 0.18385439323092573
1403715343.662143 -2.9777619743861625 -4.0159914201766362   0.758517608598132 0.78263513988045297 -0.26032207078953301 0.53396188857478821 0.18600902890397242
1403715343.7121432 -2.9523463057265484  -4.025519104857473 0.75621080137024899 0.78202152263218905 -0.25987415703810357 0.53417637436138332 0.18858250639413801
1403715343.7621431 -2.9262936762765905 -4.0350789113376724 0.75476560483747268 0.78087835230406999 -0.25843816406548009 0.53504865376737776 0.19277357795886213
1403715343.8121431 -2.8965239195388199 -4.0469025759411883 0.75470506295045514 0.77872300527660554 -0.25742280406195689 0.53752464847534709 0.19593680941391711
1403715343.862143 -2.8686023917344454 -4.0558643042638192 0.75356369134773882 0.77775825373581153 -0.25764965300865578 0.53825980455947797 0.19744654427447644
1403715343.9121432 -2.8404253178201273 -4.0641743100140824 0.75275655923824558 0.77662555817723811 -0.25768675544404918 0.53971705641413281 0.19787818846521713
1403715343.9621429 -2.8110564511715923 -4.0716381476075156 0.75232476810309623 0.77572506269113051 -0.25717777767377892 0.54183178365399365 0.19628687171064146
1403715344.0121431 -2.7819308602025594 -4.0776805310595323 0.75240893603113601 0.775883977849946 -0.25536341917316002 0.5430848546815884 0.19455697797667304
1403715344.0621431 -2.7524498208949977 -4.0828837546526024 0.75225938670846371 0.77562176708160879 -0.25193254664417769 0.54604376276745881 0.19177350055035533
1403715344.1121433 -2.7212322125764103  -4.091068473564075 0.75044919228500406 0.77614321554836641 -0.24691890346117226 0.54900735957297442 0.18767973573746594
1403715344.162143 -2.6912034993686391 -4.0941865914854034 0.74979732833549839 0.77707020591979459 -0.24103723857751258 0.55184361972116358 0.18311625832715983
1403715344.2121432 -2.6614380639305262 -4.0965192626477229 0.74900966875985131 0.77882065968359371 -0.23281854050077766 0.55371660785416144 0.18064281174622093
1403715344.2621431 -2.6313272895882855 -4.0973354606312364 0.74767213433066582 0.77970401263050249 -0.224090902686191 0.55615243055072316 0.18038679001995761
1403715344.3121431  -2.601871851567056 -4.0981920194833066 0.74752146572905953 0.78033697433987792 -0.21454920958096166 0.55863209840262262 0.18158475095820101
1403715344.362143 -2.5723243823863924 -4.0977393337510257 0.74709399928546405 0.78027494343318271 -0.20601966008763917 0.56161268073557968 0.18253248791574861
1403715344.4121432 -2.5417251607541442 -4.1000959542351421 0.74579579916013206 0.77972656816626595 -0.19748449283955374 0.56508997177037978 0.18357471990476562
1403715344.4621429 -2.5126761135718638  -4.096920644556465 0.74447243824704412 0.7794082137026086 -0.19126485157226319 0.56763609240345869 0.1836569072125552
1403715344.5121431 -2.4845756751888164 -4.0922254947188224 0.74245830978290039 0.7792501597838003 -0.18482692140667589 0.5695973184924259 0.18484342662504991
1403715344.5621431 -2.4566287512191298 -4.0853409114155212  0.7399008448270642 0.77954984349032785 -0.18087710559582734 0.57073165695416916 0.1839861134320469
1403715344.6121433 -2.4298244836427187 -4.0758314177213837 0.73691241846820188 0.78132804361658215 -0.17834690688278848 0.56991900208122925 0.18141444300375326
1403715344.662143 -2.4030162547439158 -4.0650328993097702 0.73243616349609619 0.78492898481299933 -0.175581450942806 0.56618280092821005 0.18026280486650656
1403715344.7121432 -2.3744549626488212 -4.0546933220454893 0.72655266664194162 0.78846785152573806 -0.17383783753019305 0.56248589050023734 0.17806874049469779
1403715344.7621431 -2.3470399792629135 -4.0389015871288967 0.72155237567720387 0.79179438636278943 -0.17298587187733536 0.55866154001894397 0.17616702744518897
1403715344.8121431 -2.3205084566531156 -4.0195900603916019 0.71679969746291028 0.79376814728274192 -0.17213410809083712 0.55660190090588535 0.1746319017220237
1403715344.862143 -2.2928824702179247 -4.0004806165952722 0.71250118016195552 0.79513164566838157 -0.1714761500038075 0.55521287899661631 0.17349425071987806
1403715344.9121432 -2.2646830065915853 -3.9799539942961526 0.70885658826989595 0.79619041894941656 -0.17106195875240612 0.55430821805893338 0.17193319177306254
1403715344.9621429 -2.2363072789495142 -3.9562597422271319 0.70431023999309772 0.7956861347066051 -0.17186059098339329 0.55556244030796975 0.16940450767779147
1403715345.0121431 -2.2094376609305453 -3.9306500608825279 0.69998502965678489 0.79336885117908829 -0.17524404470878158 0.55946394771942665 0.16387642287734716
1403715345.0621431 -2.1794113305511487 -3.9047394176464065 0.69636311734506962 0.79082557433439471 -0.17798228675005609 0.56347353125715616 0.15942018741202788
1403715345.1121433 -2.1501128983590987 -3.8785482756349854 0.69309691719025257 0.78828651359970114 -0.1802236635519 0.56736335742375599 0.15563619188865821
1403715345.162143  -2.121341740389826 -3.8506722644201288 0.68925252868236053 0.78699216590477317 -0.18250432631454011 0.56920957277349771 0.152761133617168
1403715345.2121432 -2.0936598742836936 -3.8211953805788177 0.68582802527332332 0.78673791430489226 -0.18472725237429907 0.56955795089602845 0.15007677034287212
1403715345.2621431 -2.0659330760194292 -3.7919108078090988 0.68195444902957525 0.78746326779974929 -0.18536699206441676 0.56850368871152313 0.14947988506994042
1403715345.3121431 -2.0399000240185736 -3.7619852947028245  0.6779077128148342 0.78751972855190022 -0.1869356229371345 0.56834475123395922 0.14782419884259815
1403715345.362143  -2.014243693074472 -3.7314133183809082 0.67370603841909782 0.78794985966048148 -0.18758365599186164 0.56772111572829964 0.14710583068651353
1403715345.4121432 -1.9890079832419598 -3.6995718258117201 0.66939033936843173 0.78841000211146106 -0.18827203941568496 0.56704694435541769 0.14635938863649525
1403715345.4621429 -1.9647449606982568 -3.6669974557673899  0.6647547617625692 0.78862466855864877 -0.18905502147742592 0.56682871135980484 0.14503290307069777
1403715345.5121431 -1.9426123496296459 -3.6347454440041695 0.66089247606807044 0.78888964270949502 -0.18855641942697191 0.56644786973566885 0.14572720813385462
1403715345.5621431 -1.9188352926131871  -3.601760685046655 0.65663626062288116 0.78851913481745395 -0.18861363307616635 0.56712810763836163 0.14501096845092193
1403715345.6121433 -1.8972580612847882  -3.566964369634869 0.65205843820013132 0.78825572264520416 -0.18911183072057602 0.56759722724096862 0.14395491942606006
1403715345.662143 -1.8744312996450709 -3.5322538980459206 0.64739477953174307 0.78808066930794407 -0.18912253770772747 0.56802818905365748 0.14319741909180661
1403715345.7121432 -1.8524150798121486 -3.4980960283333769  0.6424428879005275 0.78800137835090067 -0.18947176567504997 0.56828144812518822 0.14216354471452483
1403715345.7621431 -1.8320773585816339  -3.463454276448799 0.63840186262852483 0.7877710829677177 -0.18991442974077757 0.5686877707200213 0.14122127902549583
1403715345.8121431  -1.811616725015132 -3.4289447217041582 0.63354440170617121 0.7879077304442168 -0.19027010025411167 0.56859549321096126 0.14034907322714174
1403715345.862143 -1.7913810706260753  -3.394034299279634 0.62823539202251477 0.78886022694854474 -0.1909420263076613 0.56735864549532911 0.1390857732117867
1403715345.9121432 -1.7710751638746318 -3.3577111570472353 0.62113783359429886 0.79240901263750418 -0.19187467242700196 0.56228997380863965 0.13821017374334676
1403715345.9621429 -1.7516364047712667 -3.3228269750024251 0.61514856065669687 0.79735192739841532 -0.19300706210026819 0.55523482674116353 0.13672038994665589
1403715346.0121431 -1.7349534237172393 -3.2893366921819833 0.61053711168084013 0.80112743608509296 -0.19465311772454932 0.54962182484466682 0.13498460862726758
1403715346.0621431  -1.715294547723746 -3.2543042793082182 0.60592646297887165 0.80478823477017303 -0.19680077129306112 0.54407596059179963 0.13253943828187761
1403715346.1121433 -1.6944336462386818 -3.2206847134246863 0.60162707433227569 0.80696511682004157 -0.19822152643642346 0.54051063475256578 0.13177169806984151
1403715346.162143  -1.674196145574554 -3.1873239650053482 0.59970477675186151 0.80777780640851615 -0.19899067433287676 0.53911155132729316 0.13136385434308961
1403715346.2121432 -1.6536510205901813 -3.1544466196835397 0.59938750499102667 0.806209667676828 -0.19949627172681825 0.54119389956204 0.13166765885497725
1403715346.2621431 -1.6312972095119291 -3.1224080720771314 0.59840365534553541 0.80382874084955158 -0.19952510809302421 0.54446717933901179 0.13268224164262551
1403715346.3121431  -1.608489388659019 -3.0920136786543759 0.59781944352286098 0.80138096280110827 -0.20046486810571654 0.54756202184300284 0.1333349967207757
1403715346.362143 -1.5861875854527161 -3.0601645160332227 0.59711284889043215 0.79920313937176435 -0.20064949728661904 0.55042072743114367 0.13435454614978304
1403715346.4121432 -1.5624725989350681 -3.0302867021331896 0.59719011365917052 0.79648343742952887 -0.20152624851787934 0.55380746836612893 0.13527229221333825
1403715346.4621429 -1.5389781990586078 -3.0007327393156542  0.5979268666675126 0.79377650299517499 -0.20249905447818137 0.55701118189473497 0.13657063913017362
1403715346.5121431 -1.5149675637592113  -2.971685216038737 0.59857971351181993 0.79116093881467497 -0.2041273534202426 0.56007058618720595 0.13681129692919761
1403715346.5621431  -1.491717652324885 -2.9429413322835698 0.59926164310201147 0.78934030402941202 -0.20631375297123883 0.56183984085772798 0.13679368770027697
1403715346.6121433 -1.4670941884848538 -2.9148712717455862 0.59952463232328979 0.78714270649766216 -0.2095025559643591 0.56385747326782254 0.13630769784558316
1403715346.662143 -1.4443534362595265 -2.8872581030729187 0.59981085553829594 0.78586742498678919 -0.21217695112596185 0.56452933877521494 0.13674778761480225
1403715346.7121432 -1.4220246520984334 -2.8601417400066138   0.600165329901998 0.78395927412173505 -0.21467993457970566 0.56598788768601449 0.13776100028708846
1403715346.7621431 -1.4016360439804294 -2.8339458585846735 0.59975995844099628 0.78275969455457095 -0.21727950067567942 0.56651639008506205 0.13833314473383479
1403715346.8121431 -1.3825970977048747 -2.8064375996883539 0.60109079249005903 0.78225381465519794 -0.22003488792471437 0.56593339474606685 0.13922287981701095
1403715346.862143 -1.3635123176334272 -2.7802081656392899 0.60146232095109753 0.78282743935756527 -0.22174872566009091 0.56399411316412518 0.14113590320402331
1403715346.9121432  -1.345986917710366 -2.7547911674204042 0.60156303683268675 0.783370782137505 -0.22546347998637273 0.5620273700877596 0.1400773791800265
1403715346.9621429 -1.3292217493859242 -2.7287565099351418  0.6022820135505873 0.78442455373841502 -0.22944997900485301 0.55925574570301573 0.13879422727593801
1403715347.0121431 -1.3130242197478075 -2.7038692306857661 0.60278298328713265 0.78554399932013919 -0.23271443320055202 0.55663055755558499 0.13757557961944297
1403715347.0621431 -1.2968679050660479 -2.6812892936756629 0.60340000498511159 0.78696239010613467 -0.23525899317153109 0.55371140140836417 0.13692000087913736
1403715347.1121433 -1.2810789852159901 -2.6594729381617923 0.60515691693767737 0.788255032939571 -0.23399795804590107 0.5518880056235298 0.13899132319921034
1403715347.162143 -1.2651187632793368 -2.6382685826596508 0.60649122671360078 0.79000744192601269 -0.23060310039825496 0.55032472148776967 0.14090121613257486
1403715347.2121432 -1.2499837017565882 -2.6194446771918978 0.61000742012020426 0.7915727458125088 -0.22471066842987164 0.55004962613830888 0.14269937759413109
1403715347.2621431  -1.233541837461801  -2.600905180814757 0.61347404474818668 0.7927682382755753 -0.2176427575622305 0.55118166637961619 0.14264964461623544
1403715347.3121431 -1.2194311064777255 -2.5848052958687391 0.61815868153300013 0.79397709756150048 -0.20887573896233164 0.55303473186030172 0.14185866056381449
1403715347.362143 -1.2028435724347701 -2.5666222869061337 0.62335343216708561 0.79509896948727354 -0.19890450542293797 0.5554487694159177 0.14046811380905946
1403715347.4121432 -1.1868659783679014 -2.5480579831592607 0.62798247088097958 0.79633617124239731 -0.18683038182425599 0.55803094202783421 0.13980192608805536
1403715347.4621429 -1.1730226762776024 -2.5304841458661333 0.63382768941742229 0.79809760874083013 -0.17534292718074665 0.55996783009049078 0.13686158728293177
1403715347.5121431 -1.1569970132896168 -2.5103955994163831 0.63877088153107831 0.79956893399103812 -0.16433977686197951 0.56165061222658186 0.1350205440771729
1403715347.5621431 -1.1425522483112827 -2.4890962393085219 0.64471658375610075 0.80028149708093754 -0.15472101027246063 0.56374248145973826 0.13343668538966019
1403715347.6121433  -1.128923989386903 -2.4670308489155683 0.65021539111009874 0.80077384733636947 -0.14635891228941661 0.56573761136634415 0.13145824166278552
1403715347.662143 -1.1128498095984221  -2.444621374344055 0.65531224456180059 0.80058698057228972 -0.14057655787645126 0.5682195608743108 0.12816102587588099
1403715347.7121432 -1.0972351316398894  -2.421516540368331 0.66002792922942122 0.80014905895619282 -0.13834322785247025 0.57076199427759811 0.12187444624340985
1403715347.7621431 -1.0821079261495092 -2.3975928580319237  0.6646080169764228 0.80020096375719618 -0.13781671332922818 0.5723623518563552 0.11439540771659321
1403715347.8121431 -1.0674170083625258 -2.3727242292587274 0.66942723443733809 0.80044931516038065 -0.13602569379335314 0.57375756286483104 0.10761116829922443
1403715347.862143 -1.0554170447957636 -2.3471166656449367 0.67149638660490518 0.80079149218063861 -0.13432288203520307 0.57524498683397352 0.098911852349680279
1403715347.9121432 -1.0406965642247272 -2.3220680782468888 0.67403920791658845 0.8013263183766961 -0.13142158928562891 0.57667757452875157 0.089707705255042625
1403715347.9621429 -1.0280320512018255 -2.2973682007116243 0.67704145330666166 0.80176739222003224 -0.12917363843458238 0.57828963357836327 0.077873741415596762
1403715348.0121431 -1.0155449044378193 -2.2726439119087063 0.68088080142163931 0.80204942171043325 -0.12588629035323354 0.58016768201487678 0.065382167144764761
1403715348.0621431 -1.0046074917511605 -2.2493809976666461  0.6840120635914958 0.80340541257304177 -0.12024757446720316 0.58066612756894853 0.053917642540976592
1403715348.1121433 -0.99427114688876539  -2.2267541746371591  0.68792306393689984 0.80435855397064771 -0.11162493686475757 0.58190577348408945 0.043964314052090447
1403715348.162143 -0.98150778478460166  -2.2065640871442871  0.69064981927838431 0.80664819835352897 -0.10165480842363764 0.58120628698731014 0.034412729967032575
1403715348.2121432 -0.97151162245048361  -2.1877515703688886   0.6924832699928849 0.80851071781327999 -0.09017681040377741 0.58098872074918739 0.025113112285792581
1403715348.2621431 -0.96297823060195631  -2.1699764659523328  0.69528672782609313 0.81153404201263579 -0.077195751141368743 0.57892974962559596 0.017136500774610576
1403715348.3121431 -0.95537550533033511  -2.1539670329939575  0.69757430956184818 0.81393038523310424 -0.064268203772911231 0.57730567923875342 0.010250790056183583
1403715348.362143 -0.94825089210362279  -2.1397990063906254  0.69878443036237292 0.81642995892260417 -0.053082218736853662 0.57499100440382755 0.0031217114352875067
1403715348.4121432 -0.9394524382344891 -2.1272030851706689 0.69768457729513678 0.81855344915982775 -0.04284557930526188 0.57282792144758465 -0.0016369522246317144
1403715348.4621429 -0.92342640493702866   -2.110528401410785   0.6922061808977229 0.82072640948131104 -0.035521056342759871 0.57018689105564646 -0.0057727467038118678
1403715348.5121431 -0.91855476417538795  -2.1012477684561839  0.68687216774004667 0.82210200983657467 -0.029145760618390745 0.56852252261884262 -0.0089972960242415186
1403715348.5621431 -0.90790010414127098  -2.0926349147560748  0.67801913400995117 0.82286399882073713 -0.02459544624604397 0.56758023005335134 -0.011940934690748476
1403715348.6121433 -0.89254843177020504  -2.0831982864464753  0.66689479871091495 0.82209003668845215 -0.02172892838592743 0.56874725027977791 -0.014912764598500043
1403715348.662143 -0.88343547415688628  -2.0780824101839199   0.6543381951135494 0.82048314170824976 -0.021012495218837322 0.57093486393548487 -0.019981750679256009
1403715348.7121432 -0.87366468511074036   -2.074847908615495   0.6396383370134946 0.8191751431734684 -0.02049064094074788 0.57266772218082607 -0.02416399000142826
1403715348.7621431 -0.86343733925784316  -2.0715984761468471  0.62376461816741957 0.81860219858363381 -0.020042900729032389 0.57331687072352977 -0.02822212515362325
1403715348.8121431 -0.85038975539650807  -2.0699025699983626  0.60476580945439362 0.81792325091724005 -0.01782761577848329 0.57419678886389791 -0.031333358948837126
1403715348.862143 -0.83876636384304282  -2.0708495115294441   0.5892278188925526 0.81688018025477283 -0.014476610210268921 0.57557613638137783 -0.034775136118145859
1403715348.9121432  -0.830123746884735 -2.0755853119806846 0.57703880901417393 0.81636019388607639 -0.011115845341554954 0.57617611894516574 -0.038125474133664086
1403715348.9621429 -0.83143554162448685  -2.0755762295515807  0.56380524297900947 0.81597328458491369 -0.0065064882721193509 0.57655440917341816 -0.041596607034264654
1403715349.0121431 -0.82199415065176595  -2.0819772567080195  0.55200164679426067 0.81517577291646803 -0.0023232152004511314 0.57767578545572218 -0.042115897465041602
1403715349.0621431 -0.81112355229245336  -2.0886341403865498   0.5379079668443284 0.81449185136962232 0.0022843315611102014 0.57865642899436109 -0.041887266147338439
1403715349.1121433 -0.80109512979362185  -2.0977242194796992  0.52637878038675712 0.81356221451195565 0.0084826486187859953 0.57999768760703829 -0.040586329734298869
1403715349.162143 -0.79229945168468474  -2.1071979375232326  0.51382867013828193 0.81233952189522052 0.013571977906995715 0.58159467215669702 -0.04084041994985825
1403715349.2121432 -0.78132015084316209  -2.1179704265719073  0.49580746821365035 0.81078460525809459 0.018667289818592118 0.58362783914654748 -0.040723476526892038
1403715349.2621431 -0.77264448390679596  -2.1302624380199067  0.48492447608734468 0.80914806597039923 0.022719816981415081 0.58567814175023647 -0.04176519518311151
1403715349.3121431 -0.76244996579019053  -2.1435044387779181  0.47292035437054614 0.8070196017211847 0.025130261124196626 0.58837074949195189 -0.043677151416834245
1403715349.362143 -0.75675603116618839  -2.1583626493434038  0.46300729594216872 0.80576632589050734 0.02835254673269641 0.58993379119185996 -0.043759378019827364
1403715349.4121432 -0.74959732902228926  -2.1739989288377357  0.45062831569333184 0.8041523492033027 0.031750465004609582 0.59206115200609843 -0.042361533589003603
1403715349.4621429 -0.74151139528511956   -2.190529454473555  0.43649499795981583 0.80362392514927783 0.034293768669442733 0.5927812493627358 -0.040285416245443344
1403715349.5121431 -0.73706185683345971  -2.2071231154166404  0.42549210482427208 0.80305264271328547 0.036844111879299195 0.59357734930178541 -0.037615088021966177
1403715349.5621431 -0.73231384198891492  -2.2247168150685646  0.41033383945449031 0.80419196341933774 0.039765047167142908 0.591957019999648 -0.035789851476108248
1403715349.6121433 -0.72958964094436429  -2.2411335408765072  0.39763067119531015 0.80512607012171722 0.043481747872133603 0.59043788761648408 -0.035559101216539955
1403715349.662143 -0.72910752403294887  -2.2585216811206807   0.3849526576019518 0.80605515144148543 0.047039419776570515 0.58878573054990713 -0.037332952234450115
1403715349.7121432 -0.72864104938491348  -2.2742976385262521  0.37216332491533038 0.80739202735403193 0.051403816647775387 0.58634473994073544 -0.040934187948700511
1403715349.7621431 -0.72992044186722593  -2.2921677324792324  0.36016607880470325 0.80822524268040219 0.05639569087757787 0.58437533645513529 -0.045792458850700123
1403715349.8121431 -0.72695881099380755  -2.3109862368510949  0.34615219526558677 0.80941428656633829 0.061096620136272248 0.58166644726778061 -0.052724376080781531
1403715349.862143 -0.72814650063348618   -2.327010824925019  0.33612035771906812 0.80951754456664637 0.067163336514928174 0.58015213071240235 -0.05994944951231785
1403715349.9121432 -0.72805564864562611   -2.342808524630819  0.32562525800791631 0.8091692010793764 0.074875631686003738 0.57904785621762478 -0.065897071361014095
1403715349.9621429 -0.72875540556279828  -2.3605437012254704  0.31489709104196478 0.8089524882830057 0.083062117860503909 0.5774434850913257 -0.072495364009331598
1403715350.0121431 -0.73142257310324477   -2.376950741409587  0.30606325056346223 0.80863179077781211 0.092047856771866554 0.57588926345872105 -0.077416892472809543
1403715350.0621431 -0.73370993269450901  -2.3939914695943432  0.29645869669751845 0.80802737214125331 0.10027508972593878 0.57486168792611847 -0.081059928483126098
1403715350.1121433 -0.73707400016504354  -2.4118758894387646  0.28672732216209484 0.80981360114002332 0.10821368563863144 0.57065718641426277 -0.082717019064327033
1403715350.162143 -0.7361632099925598 -2.4303927774023362 0.27633168828741506 0.81187603488129911 0.11362633209752802 0.56636032581672002 -0.084748698988601948
1403715350.2121432 -0.73818599063727797  -2.4490971719574506  0.26628552428721924 0.81382736305373216 0.1194042632055443 0.56234074613962226 -0.084855938533982739
1403715350.2621431 -0.73829663868390216  -2.4683140164005164  0.25537162102447664 0.81711047138257575 0.12541401425945456 0.55657890587045944 -0.0825937293280576
1403715350.3121431 -0.73976985697854714  -2.4872421096046993  0.24572507822808287 0.81966117666741867 0.13056009082061748 0.55206836954086957 -0.079562136104938119
1403715350.362143 -0.73985272153062387  -2.5060946806312776  0.23528744255383741 0.82211182659877702 0.13429855285437786 0.54791460567578176 -0.076717847693968722
1403715350.4121432 -0.73891326772470634  -2.5254336033358085  0.22647754579475141 0.82389867835860842 0.13777947410450286 0.54496522411510762 -0.072254334261659239
1403715350.4621429 -0.7392451283449083 -2.5421134514928836 0.21858143693482984 0.8250965984349794 0.1406756971172268 0.5429287338501233 -0.068222734125147927
1403715350.5121431 -0.73623030141971169  -2.5560366807744499  0.20869273400609092 0.82550789255000867 0.14290458726161764 0.54220561189684924 -0.064250079414687106
1403715350.5621431 -0.73634666270660232  -2.5661037674779457  0.20283852322766296 0.82596134558983758 0.14355914227957947 0.54166446519896727 -0.061467352310745127
1403715350.6121433 -0.73085912732796865  -2.5751342369783696  0.19384499823084897 0.82606358718745931 0.14244794854092044 0.54188550624615717 -0.060725859399568517
1403715350.662143 -0.72412742514528994  -2.5824097738171532  0.18481035930815817 0.826134683682622 0.14052117027461455 0.54219422167382281 -0.061487487383894673
1403715350.7121432 -0.71601930734875807   -2.587562666726559  0.17587460619690434 0.82606265308960813 0.13768045932102543 0.54276395201456962 -0.06381125829534498
1403715350.7621431 -0.70706837043819415  -2.5899592723773472  0.16853357818873399 0.82607711643118675 0.1348902985959233 0.54315593040507604 -0.066203023490127091
1403715350.8121431 -0.69635779042405721   -2.591633971287151  0.16096650808390567 0.8253610507279221 0.13310876261359456 0.54443228471549421 -0.06822521979624073
1403715350.862143 -0.68429264458062788    -2.59285351653324  0.15443035750629869 0.82385675130181801 0.13347826912092453 0.5466822288224672 -0.06769154819175191
1403715350.9121432 -0.67131540260091571  -2.5919982059147531  0.14838448462441878 0.82242144574895504 0.13531415734488011 0.5486428950225104 -0.065605016085373863
1403715350.9621429 -0.65931594997907039  -2.5925188632345968  0.14311394771525793 0.82069912782620924 0.1368359524895936 0.55103587160532619 -0.0639400648711268
1403715351.0121431 -0.64513262121390658  -2.5885977398910409  0.13880106049914609 0.81977830360680082 0.13810436268534326 0.55221384667253504 -0.062853683153440976
1403715351.0621431 -0.63187836938518693  -2.5839140945465933    0.134907707438222 0.81936681147828416 0.13924942767355014 0.55255898593456443 -0.062659334527782898
1403715351.1121433 -0.61711701637968386  -2.5763297165651662  0.13178347790175479 0.81882700053682711 0.13988729048089207 0.55323095446346193 -0.062365055738166857
1403715351.162143 -0.60427580496598599  -2.5671324647432101  0.13006844743193022 0.81895530795845928 0.1393123696714674 0.55296820763073129 -0.064268410380544178
1403715351.2121432 -0.58869054928471309  -2.5562130247615027  0.12742550689593651 0.81934008488183585 0.13884982660649231 0.55227303573850184 -0.066310217563755644
1403715351.2621431  -0.572518495235114 -2.5436104777121091 0.12541057356945789 0.81951775482504707 0.138631767306857 0.55190228662264229 -0.067644280176452937
1403715351.3121431 -0.55554697410094678  -2.5291878796885006  0.12452036876467965 0.81727763660563235 0.13739188710184014 0.55515727182123764 -0.070577174829457884
1403715351.362143 -0.53904380005081809   -2.513597138812846  0.12398036024211766 0.81518247911175479 0.13703969116927586 0.5581725466153491 -0.071701164553855432
1403715351.4121432 -0.52188814956303409  -2.4966802871116549  0.12376530595817438 0.81285844758771753 0.1361668944248639 0.5615659326487128 -0.073235403572009486
1403715351.4621429 -0.50465924213686952  -2.4784518937768651  0.12341839152997221 0.81103457589099082 0.13621075669377233 0.56422808256262957 -0.07291239481685656
1403715351.5121431 -0.48778881117738765  -2.4593085363364802  0.12355532050635069 0.80970462012987299 0.13606607595656825 0.56621357646008008 -0.072571598758775724
1403715351.5621431 -0.46834403150431364  -2.4372780340887759  0.12459553127387324 0.80649632939681193 0.13587761023563497 0.57083725525358597 -0.072427713761200024
1403715351.6121433 -0.45154180256515125  -2.4162395196099622  0.12716705043016957 0.80175366092808076 0.13565537180727458 0.57757749339907927 -0.072061962276132513
1403715351.662143 -0.4359405742871359 -2.3934653823576282 0.12885082108248164 0.7993316370237955 0.13635478540137844 0.58074828963492153 -0.072164607926022417
1403715351.7121432 -0.42170279530945931  -2.3694080559312134   0.1309951214551778 0.79877717686342598 0.13835301878093173 0.58100453149139131 -0.07243754760320735
1403715351.7621431 -0.40980622774403513  -2.3455178014995917  0.13440471751371433 0.79944427256757089 0.141358513310224 0.57911100950971706 -0.074411453676616376
1403715351.8121431 -0.39724537493861978  -2.3183325800757393   0.1366874721296826 0.79986875313683681 0.143882912318331 0.5772208947529156 -0.079521845795738802
1403715351.862143 -0.38586519734948954  -2.2900953401267503  0.13947575546303606 0.80059998646937791 0.14689424865217546 0.57446760416655507 -0.086305927613827341
1403715351.9121432 -0.37507569791001288  -2.2608196035144403  0.14224070903099653 0.80084078903096501 0.15088511436251423 0.57194983847993031 -0.093600721956906829
1403715351.9621429 -0.36463145903762695  -2.2326556742330297  0.14537736110345847 0.80126459188913302 0.15457458946399891 0.56877640879191382 -0.1028355331514899
1403715352.0121431 -0.35462172524540747  -2.2024547323097177  0.14952429929299552 0.80115928257204772 0.1595462098554514 0.56586574064332085 -0.11173528733389394
1403715352.0621431 -0.3450688413516606 -2.1724013017738137 0.15447623204086608 0.80102047449599068 0.16509856379385582 0.56271286088927663 -0.12026179718110731
1403715352.1121433 -0.33527695391761436  -2.1424585752608971  0.16088413248543551 0.80047553394138682 0.17130768950556416 0.5603347940176252 -0.12616462931718425
1403715352.162143 -0.32588649378306811  -2.1136115852348505  0.16756504268664327 0.79972676951916244 0.17573992518877601 0.5584673873558671 -0.13291632732286893
1403715352.2121432 -0.31912275628901227  -2.0894684204905203  0.17388155548318518 0.79882137408645015 0.17894328356441427 0.55718572155757318 -0.13931182743108333
1403715352.2621431 -0.30941647374002995  -2.0615733138573664  0.18030564134014512 0.79871203937279478 0.18232524234546241 0.55527689342812236 -0.14312286955421727
1403715352.3121431 -0.29945295202979805  -2.0345864466627703  0.18622459898176175 0.79925162303495689 0.18535857471187547 0.55274914752834969 -0.14597061952136833
1403715352.362143 -0.28958213349603035  -2.0095466291055777  0.19117122739145004 0.79920356328867637 0.18756655821913953 0.55144088923032286 -0.14834215971658152
1403715352.4121432 -0.27845745745690925  -1.9836885602651932  0.19561023065495736 0.79938667349080894 0.18677786662237642 0.54997943305552133 -0.15368018089922994
1403715352.4621429 -0.26704566099009081  -1.9586045496630073  0.19929363469568925 0.79981841013641153 0.18329145861069093 0.54813675909497561 -0.16199026309036321
1403715352.5121431 -0.25487253029851115   -1.934530946038624  0.20299939028665778 0.79928108656848318 0.18033156522703037 0.54779892195890811 -0.16895742758852711
1403715352.5621431 -0.24510028362619268   -1.913672556777454  0.20511270049267283 0.79817518896362338 0.18068869448038891 0.54850887808263116 -0.17148170186463099
1403715352.6121433 -0.23128587933652772  -1.8926838406257012  0.20814408509714918 0.79649715383864583 0.18394515310302226 0.55072256538941744 -0.16870423986296623
1403715352.662143 -0.21706032161595137  -1.8728063653762888  0.21015779833890211 0.79521196516672576 0.18717466334306868 0.55243989449521891 -0.16557094801985808
1403715352.7121432 -0.20252296771836556  -1.8543154598959415  0.21286146200435244 0.79310149718864198 0.18939661225366333 0.55542998178003844 -0.16314556004928926
1403715352.7621431 -0.18765598480785584  -1.8363743605877356  0.21452602656758321 0.79050757289770002 0.19246402337965204 0.55917164943993425 -0.15931868490082268
1403715352.8121431 -0.17657017614882972  -1.8218197910211733  0.21664069217863932 0.78766975006741635 0.19407011596033144 0.56320707002956139 -0.15719717296629182
1403715352.862143 -0.16281121919503291  -1.8058176933434154  0.21805534172721799 0.78563170300574925 0.19606006556800479 0.56597163119701221 -0.15498190411125137
1403715352.9121432 -0.15020889710247196  -1.7907174277968554  0.21977064140265046 0.78463206992928425 0.1980738695178085 0.56740803581959176 -0.15220833728834327
1403715352.9621429 -0.13998490185759549  -1.7760710238283226   0.2231858064238231 0.78387593784117615 0.19774397349305844 0.56831788941881167 -0.15313592520156863
1403715353.0121431 -0.12894451566155851  -1.7618140559486319  0.22482746061173745 0.7836118098954078 0.19628860571885764 0.5684692304727762 -0.15577563565294741
1403715353.0621431 -0.11971755840544748  -1.7483100208860083  0.22743464978837311 0.78354933306135743 0.19639533916011975 0.56837025921696716 -0.15631558416524322
1403715353.1121433 -0.11017529450002411  -1.7354053126260587  0.23026533528919105 0.78388942373260984 0.1976972404447743 0.56761537082831159 -0.15571115335812113
1403715353.162143 -0.10346163650253665  -1.7251037223703218   0.2354639504007022 0.78454803030303244 0.19922014274603947 0.56626501509986293 -0.15536941637861656
1403715353.2121432 -0.095391101489158622   -1.7139688843495418   0.24370543374169007 0.78481452487828529 0.20035039352777345 0.56562623614718077 -0.15489623086218518
1403715353.2621431 -0.088414561289874904   -1.7033174801456206   0.25392689169102794 0.78481310456344722 0.20169339855641497 0.56502481125587301 -0.15535484076626643
1403715353.3121431 -0.082250444463711964   -1.6933551854411903   0.26681614778336732 0.78521720494629521 0.20290810045897717 0.56385184868043536 -0.15599146311293149
1403715353.362143 -0.07681941976776363  -1.6842069034500424  0.28097092019669923 0.78572543274637485 0.20465663716043453 0.56237790070269256 -0.15646821403383093
1403715353.4121432 -0.072828933300250628    -1.678406326240681   0.29518041906275461 0.78582203211882973 0.20752460518725149 0.56135649721725722 -0.15587223970444483
1403715353.4621429 -0.068122644235683164   -1.6702043851180111   0.30510183506688215 0.78540367309652903 0.20993754006753551 0.56108890566216796 -0.15571300363072874
1403715353.5121431 -0.063504449474881583   -1.6618900307272417   0.31125961553416742 0.78551766693579139 0.21196242871661047 0.56016071594288119 -0.15573662401203428
1403715353.5621431 -0.058559231097056352   -1.6542264858847269   0.31377037792156659 0.78549283779939805 0.21392438604606612 0.55960285065182769 -0.15518378898264665
1403715353.6121433 -0.05493231682201076  -1.6465852874266622  0.31237924590928523 0.78540635840161888 0.21543402606756493 0.55893245544564152 -0.15594724378498545
1403715353.662143 -0.050858694067607353   -1.6395604037082936   0.30852321106018737 0.78478425790332329 0.21762997854930463 0.55911760911911523 -0.15536524758350512
1403715353.7121432 -0.048050023107894892   -1.6324826499924783   0.30289686543591121 0.78422729758588006 0.21957082954742743 0.55923771642474418 -0.15501410600664592
1403715353.7621431 -0.04445485171322415  -1.6239621148740166  0.29702150981959596 0.78358196665864432 0.22157244441676582 0.55932116192184889 -0.15512830569868133
1403715353.8121431 -0.040317901581625598   -1.6143449463296045   0.28895813182125779 0.78265039059401009 0.22369175615410863 0.55989586760032628 -0.15471580971514318
1403715353.862143 -0.038799603601805011   -1.6064086853793671    0.2813423324968477 0.78223678456908474 0.22482548027134502 0.55987948534020848 -0.15522267290238825
1403715353.9121432 -0.037870040350088577   -1.5983196132584954   0.27355217205127663 0.78136902242639283 0.22591976020695662 0.56042339530863849 -0.15603951656933551
1403715353.9621429 -0.037400031224212642   -1.5895245315098339   0.26484614439384779 0.78149684462605185 0.22692013398240096 0.55968027632178585 -0.15661392955067366
1403715354.0121431 -0.037226010178205475   -1.5813153494444658   0.25505916488255842 0.78179113036631775 0.22739612421099759 0.5588382038582862 -0.15745949664220385
1403715354.0621431 -0.038109277708127214   -1.5727809187845072   0.24487296465114258 0.78355555104727959 0.22658302173928135 0.55587091324010174 -0.16033826896940664
1403715354.1121433 -0.0393675597861919 -1.5642910800385483 0.23467868536217501 0.78544042311245732 0.22327868844029047 0.55262630087368647 -0.16683566948339804
1403715354.162143 -0.040507083471620318     -1.55627032050855   0.22450184554772026 0.78723258467875989 0.21981437433861611 0.54951642400313694 -0.17314213295707914
1403715354.2121432 -0.041967951392945423   -1.5488834564526774   0.21423972765182503 0.78886683825557724 0.21736448511194989 0.54657226047882057 -0.17804650007157669
1403715354.2621431 -0.04279777653007745  -1.5429925262044839  0.20434942081920882 0.79021518676746449 0.2167612475558264 0.54423186180510308 -0.17996166468516117
1403715354.3121431 -0.043087217908992989   -1.5374397744515453   0.19530703898990431 0.79049819983459535 0.21791291791060682 0.543555837793955 -0.17937002945325345
1403715354.362143 -0.034854708167263035   -1.5354520670773542   0.18915876783910709 0.79116504214409011 0.22015145436890829 0.54273847767772121 -0.1761424368982801
1403715354.4121432 -0.028238039199027731    -1.531619422918169    0.1799104685256139 0.79156156614343576 0.22296364870800145 0.5425514519396577 -0.17133423580106696
1403715354.4621429 -0.025338203520471184    -1.527660090324968   0.17147839173117435 0.79157673790265903 0.22622819449159301 0.54240296620534989 -0.16740995872437545
1403715354.5121431 -0.02186719084801662  -1.5237976536071132  0.16323474224864817 0.79124340378711799 0.22880682373281569 0.54275046580731345 -0.16432664191365934
1403715354.5621431 -0.017441649610853847   -1.5188605553905599   0.15568888202256842 0.79102028520491952 0.22994527819171048 0.54296377673527563 -0.16310246652037597
1403715354.6121433 -0.010483877143810929   -1.5133072789924769   0.15183704535534598 0.79056860606508428 0.22958272261917215 0.54376935011046734 -0.16311942391854542
1403715354.662143 -0.0053774524215850295    -1.5081996767339954    0.14897651167501269 0.79048526577948641 0.22942546903575661 0.54400749369156254 -0.16295043893982772
1403715354.7121432 0.00063958762431932091    -1.5027841295001114    0.14939678155929792 0.79043067625188856 0.22883116345707025 0.54423260925755257 -0.16329884167250555
1403715354.7621431 0.007461094665516828  -1.4970811964577466  0.15324837887489068 0.79041929589135118 0.22829090750146167 0.54446387190182122 -0.16333918828149363
1403715354.8121431 0.014575408654592351  -1.4911151358585841  0.16034406548980626 0.79095371329157449 0.22755636805081766 0.5437568030444333 -0.16413062460335689
1403715354.862143 0.022027681662121427  -1.4851065620536539  0.17038474891956609 0.79068447684391918 0.22767322646979599 0.54425530976805914 -0.16361270676865233
1403715354.9121432 0.029861071746625171  -1.4787482894621062   0.1830624681074885 0.79061906765350742 0.22573206340767221 0.5440912251832174 -0.1671264912903957
1403715354.9621429 0.035996341399901099  -1.4804353440158708   0.1942844083049787 0.79008836906486679 0.2243346565029016 0.54436883574810635 -0.17057813935670468
1403715355.0121431  0.0419642421124315 -1.4777231782631592 0.21017447372131132 0.78906135491387741 0.22327477174755228 0.54533805194798879 -0.17360001031142649
1403715355.0621431 0.05044200148631859 -1.4733323003682997 0.22497652135640045 0.78848646421682578 0.22397597185610035 0.54569791106423648 -0.1741770640414308
1403715355.1121433 0.059227143342596746  -1.4692632726777057  0.23894188831790994 0.78813704417356933 0.22639538468487838 0.54539336210710043 -0.17358343804709131
1403715355.162143 0.067459732098379063   -1.466319736919631  0.25218134444878187 0.787175372180688 0.23015243899361595 0.5449268721670506 -0.1744691727719265
1403715355.2121432 0.073771076781192227  -1.4661537347719165   0.2649306614330873 0.78650129896389087 0.23500871002379059 0.54289235012951353 -0.17735419113153186
1403715355.2621431 0.083060921925124001  -1.4631923870206935  0.27693118455055976 0.78466532130032984 0.2415462829201252 0.54179668914466272 -0.1800335368424531
1403715355.3121431 0.092170427831708368  -1.4603551300555351   0.2879115835000981 0.7827438771671672 0.25016716133526773 0.53982772890598074 -0.1825224294462901
1403715355.362143 0.10139998483118018 -1.4577611089706408  0.2989711041915224 0.7803335890843589 0.25921759915767761 0.53779107245907154 -0.18618938857242717
1403715355.4121432 0.10943684862008021 -1.4554737899712753 0.31003982439439376 0.77683310160025354 0.26813562089746279 0.53646778436338571 -0.19192690641049368
1403715355.4621429 0.11825272593795569 -1.4527486583516926 0.32092087035215916 0.7732614274185845 0.27686110874254366 0.53447686409805761 -0.19937194656302404
1403715355.5121431 0.12743324066585154 -1.4501441927905485 0.33171588076003589 0.76874126446523494 0.28576035919034953 0.53339817520959854 -0.20703688586062341
1403715355.5621431  0.1364872478764374 -1.4465952905007016 0.34312564109466709 0.76447900374894717 0.29507815812363714 0.53164645465651139 -0.21413262403599548
1403715355.6121433 0.14528346967811956 -1.4436068864602178 0.35362126191961235 0.76049004776195728 0.30453074659298857 0.52901682107351966 -0.22148840749755022
1403715355.662143 0.15467741983136518 -1.4416869558758367 0.36335387301348654 0.7563630062105714 0.31440261572823247 0.52702687837964879 -0.22651416627830495
1403715355.7121432 0.16420615199394586 -1.4402419584806712 0.37236117683092873 0.75272316755534863 0.32283127375130877 0.52519824175775132 -0.23098616531757143
1403715355.7621431 0.17375767232463318 -1.4392043382636033 0.38061702124528313 0.74967119175312669 0.33019129501888433 0.52354828921404306 -0.23423065941555901
1403715355.8121431 0.18563275775088822 -1.4351537180026812 0.38685500932570283 0.74767552773218604 0.33638996400061355 0.52172597199009652 -0.23584975620308013
1403715355.862143 0.19513698764815243 -1.4342079158452539 0.39430617783325955 0.7464582807545852 0.34118978764300345 0.51970468338912235 -0.23726905816908195
1403715355.9121432 0.20519898919534649 -1.4324318202393973 0.40250064471428709 0.74521723667036133 0.3451276050620174 0.51845432384470258 -0.23820856508589142
1403715355.9621429 0.21448318610742892 -1.4306781678703728 0.40970737233030929 0.74429850550038668 0.34884514790804144 0.5176020778756214 -0.23751818134565386
1403715356.0121431 0.22573682021668151 -1.4263085999113425 0.41611275993602342 0.74330847344909523 0.35157495470022149 0.51785042445305063 -0.23604766980444478
1403715356.0621431 0.23559096121400297 -1.4237629691083769 0.42336303459959662 0.74267665297517171 0.35447670199025322 0.51822789152608051 -0.23284653597625762
1403715356.1121433 0.24519029693086214 -1.4208565791148517 0.43047524080676425 0.74232159210604642 0.35696050963159931 0.51911169373430244 -0.22816857339475388
1403715356.162143  0.2549224609929267 -1.4150778665687249  0.4355799894484092 0.74223879399387471 0.35840415798612224 0.52032587678905451 -0.22335848802424979
1403715356.2121432 0.26288932556599098  -1.410019093341538  0.4424643685245136 0.74212790402413586 0.35820751987692528 0.52228115147621434 -0.21944462988427124
1403715356.2621431 0.26966426792452963 -1.4041095414922549 0.44872126514838717 0.74254286728475849 0.35705095018841654 0.5237856729657655 -0.2163175397647607
1403715356.3121431 0.27640816470618634  -1.397547671166631 0.45399671396579311 0.7440155678976067 0.35551798058508066 0.52412620644445163 -0.21293078670041185
1403715356.362143 0.28242539562154534 -1.3895438358053163 0.45825316328021531 0.7469290434466529 0.35309184204846539 0.52261861314975766 -0.21045888036410801
1403715356.4121432 0.28676270923501485 -1.3788802579079191 0.46069212556007005 0.75003055055823853 0.35064747558177617 0.52049379049733135 -0.20877436420967369
1403715356.4621429 0.29134356573508774 -1.3680446784941085 0.46309418354161119 0.75343514593110694 0.34664124421019893 0.51824821679965838 -0.20879203641937893
1403715356.5121431 0.29322965132800849 -1.3533336782795053 0.46466642616008441 0.75709609729376748 0.34076525325575768 0.5152693558172633 -0.21256065626486081
1403715356.5621431 0.29707447573880946 -1.3397511743077535 0.46580743373237843 0.75940357303868544 0.33610643365341569 0.51351249767839979 -0.21597127874083502
1403715356.6121433 0.29949407297491337 -1.3249114642026576 0.46731301550117882 0.76068852860613756 0.33327029639156319 0.51184303982424417 -0.21977391695464316
1403715356.662143 0.30385341645531361 -1.3087216386988381 0.46782595944200345 0.76063997143575734 0.33198730706108953 0.51084591824180225 -0.22416000896731367
1403715356.7121432 0.30876882802531563 -1.2914099795149503 0.46822089007629275 0.75994439694393245 0.33314158615576395 0.50943789118539673 -0.22797857827375054
1403715356.7621431 0.31433109430281675 -1.2754100804653832 0.47011298792013884 0.75846482109980706 0.3354099186348552 0.50810003259712289 -0.23252023247494027
1403715356.8121431 0.32124660335429445 -1.2567794859808092 0.47015825455274485 0.75591671852646269 0.339123759618639 0.50693717961398799 -0.2379068856492382
1403715356.862143 0.32794876386017163 -1.2390719023873091 0.47014916585510935 0.75358980793844266 0.34540284549001898 0.50408490930575955 -0.24227604072401285
1403715356.9121432 0.33544589382066214 -1.2199500337105154  0.4706181090819116 0.75084026896958045 0.35160148675582098 0.50067670212950022 -0.2488737128535515
1403715356.9621429 0.34424093977646841 -1.2001539769567664 0.47270663654722456 0.74683237377164413 0.35846533023669841 0.49761448465790126 -0.25714555637528996
1403715357.0121431 0.35375400009785785 -1.1806324539157274 0.47517975626412146 0.74105460053254191 0.36720502608195338 0.49609370981943313 -0.26436637253497047
1403715357.0621431 0.36440618119944673 -1.1599422530117067 0.48065176331198767 0.73554736573519652 0.37658715246357066 0.49301256096412527 -0.27219626024430832
1403715357.1121433 0.37661572982048386 -1.1398667830294185 0.48614382194359657 0.72901640137897417 0.38600550238991488 0.4911975253867647 -0.27974958391225252
1403715357.162143 0.38761473290676612 -1.1199671477975131 0.49246414066126265 0.72267511811680596 0.39605305754270675 0.48892051144392396 -0.28607583392405933
1403715357.2121432 0.39876370754265739 -1.1007260545406792 0.49839647364162243 0.71671327873470814 0.40569605874770104 0.48668325002516083 -0.2913283339238969
1403715357.2621431 0.41215506587494949 -1.0809849586755467 0.50612822804837265 0.71047198840992143 0.41413432321767835 0.48654258932789812 -0.29495529286316008
1403715357.3121431 0.42481528292081921 -1.0632270070703176 0.51380816921341177 0.70509626147423865 0.42175196100578871 0.48681307741847551 -0.2966101365381455
1403715357.362143 0.43737448542158375 -1.0442695521795862 0.52110352728425657 0.70062068202637839 0.42815592335328329 0.4873522545425783 -0.29715474959464439
1403715357.4121432 0.45096900795755135  -1.025256506689771 0.52962690702265836 0.69770325545663658 0.4324200560623529 0.48714939207696212 -0.29817533808027985
1403715357.4621429 0.46534844502971462 -1.0076802895901269 0.53635845561691087 0.69489186032807504 0.43641321431343327 0.4878309681401185 -0.29780825264904809
1403715357.5121431  0.47711547849224478 -0.99016277844864053  0.54355658256823813 0.69365017398567985 0.44020045812096475 0.48661698842922962 -0.29711428671774787
1403715357.5621431  0.49176625113970235 -0.97081455364091684  0.54847283427848559 0.6930357932111032 0.44316888504782914 0.48545931200437692 -0.29602700052859737
1403715357.6121433  0.50520339469065101 -0.95264994833402084  0.55326671744301403 0.69235646887508207 0.44614092355739077 0.48446497967220054 -0.29477869632217357
1403715357.662143  0.51914813229426682 -0.93362334939888969  0.55776053945314641 0.69105119183595543 0.44828659818535921 0.48500801970405583 -0.29369132941279341
1403715357.7121432   0.5318940243381286 -0.91300385049291399  0.56551119370977132 0.68835809518348756 0.44950228600774389 0.48781916829591832 -0.29350176611436563
1403715357.7621431  0.54495572000144288 -0.89336145164506831  0.57004500230520527 0.68657443086784709 0.45128548780881378 0.48955308879140391 -0.29205261961921963
1403715357.8121431  0.55632908887209154 -0.87667076815409206  0.57591700554961234 0.68408327115535572 0.4535150112650071 0.49239260715407068 -0.28966141113842842
1403715357.862143 0.56680752114778044 -0.8562562477189487 0.57863474062698994 0.68211691870444313 0.45631775295320226 0.49462876943349948 -0.28606467451539447
1403715357.9121432  0.57487257689746218 -0.83642971919914633  0.58421909535171357 0.68125703713664931 0.45798244715849024 0.49574172483681594 -0.28351555460385863
1403715357.9621429  0.58286824649993685 -0.81667918366168801  0.58730839756375675 0.68180434358600106 0.45905676513805665 0.49521925638800929 -0.28136739603364236
1403715358.0121431  0.58728894536884357 -0.79340358573664826  0.59017858640509835 0.6823516908850541 0.4601475854800976 0.49442183642513055 -0.2796558906748533
1403715358.0621431   0.5923859121367604 -0.76972847764887808  0.59013312657428607 0.68319405854451565 0.46091149501282402 0.4934928484885367 -0.27797712248526296
1403715358.1121433  0.59519189337071388 -0.74454101099700531  0.58957557715285758 0.68470526335646809 0.46008697242024632 0.49164305534690744 -0.27890103311081355
1403715358.162143  0.59759145090520582 -0.71829708962374783  0.58874214326138319 0.68644487507746987 0.45786550332419412 0.48981101038974145 -0.28149207528195136
1403715358.2121432  0.59841584915982526 -0.69000150873047783  0.58691482468208434 0.68971077585098362 0.45510364386720364 0.48600628629038406 -0.28456564919198718
1403715358.2621431  0.59855739682957676 -0.66128260798528815  0.58577748468233459 0.69170801794198633 0.45277168421533609 0.48361225378780942 -0.28750131803846057
1403715358.3121431  0.59576914201845244 -0.62927405620628918  0.58442590896127267 0.69329984312830384 0.45217083114032192 0.48122887370974093 -0.28860983713691052
1403715358.362143  0.59549212908325211 -0.59785638055142831  0.58229633010803383 0.69358878911896049 0.45337831053250871 0.47989445179961732 -0.28824297784877123
1403715358.4121432  0.59383041861892971 -0.56427780057250987  0.58068467382752287 0.69139071385296247 0.45689032620356823 0.48061359811094578 -0.28677635873680118
1403715358.4621429  0.59234359066600328 -0.52985314498005853  0.57825498706253664 0.68791576135793797 0.46075435694222011 0.48158661680087622 -0.28731804390322563
1403715358.5121431  0.59244109065086459 -0.49642581801010927  0.57621219025771697 0.68292083240337242 0.46459137774198495 0.48388654073288856 -0.28918472313531346
1403715358.5621431  0.58955568000127667 -0.46165628792900937  0.57310675443751724 0.67789387358979436 0.46844420834860301 0.48558586100025963 -0.29193542335713735
1403715358.6121433  0.58615808461973906 -0.42368220022064568  0.56931628631705344 0.67315618508066088 0.47193363998538862 0.48654521251250904 -0.2956571428512258
1403715358.662143  0.58127458582684755 -0.38536618152786439  0.56534455731814703 0.66904538708111516 0.47354550092426528 0.48667796659687518 -0.30212164008723119
1403715358.7121432  0.57416580164779796 -0.34742454919338583  0.56152342659070476 0.66605399492093376 0.47262613270988807 0.48484761063344761 -0.31292077111083044
1403715358.7621431  0.56698468626734011 -0.30923756098704547  0.55783291805688906 0.66351298931731673 0.47205494941086418 0.48245057919299078 -0.32273220536576835
1403715358.8121431  0.55949746577311543 -0.27179053983206525  0.55540586637584666 0.66083303576185615 0.47221681884933309 0.4804500102442722 -0.33087575084593945
1403715358.862143  0.55170887881011454 -0.23467978586764657   0.5512595432133014 0.65851020507468205 0.47254866729838602 0.47829319357977929 -0.33807941052698759
1403715358.9121432  0.54549980306163925 -0.19884390948302841  0.54995270113704231 0.65561367861858744 0.47302161329947351 0.4778182353061538 -0.34367279753957819
1403715358.9621429  0.53797673959883074 -0.16385048417583953  0.54583189734091397 0.65339261809812055 0.47449947634762402 0.47670391697110054 -0.3473927303573357
1403715359.0121431 0.52959427803387271  -0.129297700562858 0.54279023174585239 0.65276224853270759 0.47597556177007949 0.47381504717723089 -0.35049680819747753
1403715359.0621431   0.52212779394686704 -0.096151515796930889   0.53696643389610865 0.65258868916166834 0.47827960399366559 0.47091552458730557 -0.35158952186403492
1403715359.1121433    0.514812766631218 -0.06463068545837862  0.53289594077738967 0.65171444328413175 0.4799232569596969 0.46969848519545288 -0.35259790817466324
1403715359.162143   0.50909350671468945 -0.034605630685131235   0.52831098322845949 0.65029034481465509 0.48081497014016422 0.46995606435917259 -0.35366754092224412
1403715359.2121432    0.50183492074795821 -0.0057619182969319378    0.52407864189786058 0.64872000488596537 0.48096117063137084 0.47086436908235818 -0.35514145566848049
1403715359.2621431    0.494588034356719 0.020525469391781681  0.52061936013121946 0.64727085756725899 0.48131122025493028 0.47245351869296265 -0.35520081485758664
1403715359.3121431  0.48764051187086244 0.046568957296085831  0.51501395815005802 0.64622782703665038 0.48248605207805112 0.47385130573097045 -0.35364070067043996
1403715359.362143 0.48095827185553497 0.07126714824136815  0.5101906033661785 0.64575914244563593 0.48381050990206942 0.47481940269564848 -0.35138163765331293
1403715359.4121432  0.47408419648623668 0.092588731792173973   0.5062201027434069 0.64482349248555904 0.48535819102141586 0.47723668497128369 -0.34767116139358556
1403715359.4621429 0.46537382802584015 0.11603881208408892 0.50270130646801525 0.64364087413565696 0.48701890151401028 0.4798888445018345 -0.34386874186623656
1403715359.5121431 0.45524539076470588 0.14089572188509683 0.50023950416981078 0.64262926943310406 0.48816861212486445 0.48224037321042451 -0.34082730326344063
1403715359.5621431 0.44423867548146145 0.16204732958315946  0.4992190283606196 0.64190966942742833 0.48807747237313392 0.48445192250376273 -0.33917354265896171
1403715359.6121433 0.42906737174412934  0.1835584774803195 0.49813652217830712 0.64161972087232111 0.48732173393464129 0.48545557529034555 -0.33937375538214404
1403715359.662143 0.41575404671611049 0.20314658170544719 0.49778492669859181 0.64267740929312855 0.48612144572545546 0.48487761013801994 -0.339919682832442
1403715359.7121432 0.40140427708895166 0.22049372970805353 0.49733844149180562 0.64441465110005258 0.48466041387783471 0.48335755788331203 -0.34088049504840273
1403715359.7621431 0.38690588103825607 0.23885985244090524 0.49747774939425238 0.64652374173275007 0.48348795359358127 0.48125295771254545 -0.34152897504999802
1403715359.8121431 0.37110476723119334 0.25840594620176849 0.49708956978073593 0.64790939648773893 0.48190672654480149 0.4800067506629937 -0.342888961869178
1403715359.862143 0.35419430269287006 0.27497906843665443 0.49870145477497368 0.64937351677735966 0.48159679986190701 0.47833047662720202 -0.34289723416873508
1403715359.9121432 0.33694982365311615 0.28862582822204491 0.49861609566700454 0.65187208623441828 0.4812946078162525 0.47486615224142875 -0.34339542968829234
1403715359.9621429 0.32048097902188499 0.30325331891268548 0.49924067524244548 0.65485794027124555 0.47977206171206643 0.47089162318929301 -0.34531279454200348
1403715360.0121431 0.30552226769438212 0.31425016191166322 0.50185591586539502 0.65663929510485508 0.47981188889742743 0.46871412774254284 -0.34483685106355605
1403715360.0621431 0.28839680272521778 0.32740244740938734    0.50302535424452 0.65764361475097399 0.48055664342333676 0.46725640650540423 -0.34386282005855934
1403715360.1121433 0.27239619185567621 0.33873607439488745 0.50552253103213496 0.65811179260769437 0.48134540233572898 0.46648123242158568 -0.34291505052910859
1403715360.162143 0.25691234530652735  0.3504378806838484 0.50827625057576376 0.65814677795632015 0.48225431624365106 0.46619831344891915 -0.34195427423482538
1403715360.2121432 0.24100236222187921 0.36608658474600531  0.5097295210189553 0.65816014619692953 0.48306722088253573 0.4658116317057453 -0.34130749454779213
1403715360.2621431 0.22461347874986351 0.37793389157225399  0.5124543541326223 0.65866448114322695 0.48288867871865365 0.46563033403843085 -0.34083429591069031
1403715360.3121431 0.20689691952602005 0.38972533640265616 0.51410087953593153 0.6602478401181765 0.48089205534219542 0.46538753889458528 -0.34092529881145933
1403715360.362143 0.19118635666041084  0.4010054893061471 0.51595710670095607 0.66385457604341236 0.47608549202431422 0.46392024956441458 -0.34266267406048057
1403715360.4121432 0.17554444316552267 0.41110909455211481 0.51730503412554618 0.66865611486458332 0.46916143005680577 0.46199986746827248 -0.34546009184933762
1403715360.4621429 0.16130126391055394 0.42222191703438816 0.51906193225215169 0.67430182232228431 0.46118657198485596 0.46040849001251261 -0.34734423927582536
1403715360.5121431  0.1459243295453497 0.43062521196261788 0.51967925775765322 0.68017679671659881 0.45244824311195042 0.45971526221340625 -0.34829870829693749
1403715360.5621431  0.1350626337088229 0.43775892894109986 0.51957495372970641 0.68594571754142908 0.44340145353295568 0.460737558738951 -0.3472672249992908
1403715360.6121433 0.12491418322480935 0.44554971342473054 0.52190402524669732 0.69130825484856406 0.43526571982127898 0.46326332853277269 -0.3435458315326107
1403715360.662143 0.11627685768153505 0.45328045989008409 0.52526466600786881 0.69579062952702075 0.42745182134907361 0.46802898653190045 -0.33780054478001398
1403715360.7121432 0.10826705216539437 0.46045098803074563 0.52955720145218366 0.70032487341932781 0.419870675675524 0.47298076847753207 -0.33097262730984983
1403715360.7621431 0.10427514763150791 0.46453800821319069 0.53403547911411919 0.70440782878673069 0.41360430331818554 0.47939615412078102 -0.32081212326663533
1403715360.8121431 0.10190541511471025 0.46891583866624376 0.53731187978533967 0.70891965304082005 0.40679751662443475 0.48577270942354023 -0.30979603093001173
1403715360.862143 0.099600755750973782  0.47168462455373322  0.54169036136209348 0.71327955072672711 0.39969523043345556 0.4923176760425248 -0.29849507724569446
1403715360.9121432 0.098916549120259573  0.47451370064989767  0.54800962301734724 0.71741878876549492 0.39170361923007502 0.49914356710416424 -0.28763562996757103
1403715360.9621429 0.098141649017825808  0.47732128372612692  0.55220801844869638 0.72247426067812648 0.38298906159784496 0.50459882380070942 -0.27700243387547596
1403715361.0121431 0.097994474481245888  0.47785647787416424   0.5568670746668597 0.72756732573406557 0.37344964081205972 0.50962520706845793 -0.26732620638829113
1403715361.0621431 0.097328279481308635  0.47914678780298797  0.56108028133856735 0.73286526393221441 0.36350289936431396 0.51409802753886835 -0.25783204834920798
1403715361.1121433 0.095921499163607205  0.48050432442815799  0.56488116247194375 0.73847010040190986 0.35301411552331335 0.51764765452949324 -0.24916631155475374
1403715361.162143 0.093571166398063357  0.48082142474157097  0.57112249517725611 0.74395853528139455 0.34252204521666429 0.52078238826370105 -0.24081123395080914
1403715361.2121432 0.092398813693056234  0.48273685426410939  0.57643333360694304 0.74928343410620157 0.33223348373514372 0.52404278764347323 -0.23146145333097093
1403715361.2621431 0.091782370587534925  0.48558628114950136  0.57975974448710899 0.75427597245099309 0.32172191354344287 0.52737171541606798 -0.22235521470873623
1403715361.3121431 0.090336538760133062  0.48806423370369689  0.58322381259495448 0.75903507459971375 0.31154224521834983 0.53062083074374622 -0.21271746273527559
1403715361.362143 0.089530444543463678  0.48957726250871575  0.58693224943538413 0.7631210082769837 0.30114185876940314 0.53449682601936388 -0.20315769884120718
1403715361.4121432 0.087331212039244821  0.49273719679054134  0.59059707271491191 0.76728063741065555 0.29079097011823801 0.53758441976188898 -0.19422674064522005
1403715361.4621429 0.084996093389979432  0.49520823858699942  0.59338815489491037 0.77106826725103494 0.28041737598961247 0.54050994077479386 -0.18619566698829473
1403715361.5121431 0.082231020709941247  0.49893764800349955  0.59399754977596164 0.77401653320154462 0.27136672916326554 0.54334556610131313 -0.17898072642588286
1403715361.5621431 0.079302763752018363   0.5029658223608976  0.59627126126265662 0.7767634171806046 0.26385795388045541 0.54518893417164815 -0.17258794848051215
1403715361.6121433 0.076067505760334511  0.50781948880002314  0.59810505472342423 0.77898903533444841 0.25833826924099551 0.54673097395508652 -0.16589955874683676
1403715361.662143 0.072459320912975744  0.51346737502894058  0.59900802540412157 0.78098906146688751 0.25316799177600036 0.54773918956555989 -0.16107089750554221
1403715361.7121432 0.070323621984746856  0.52182022809857809  0.60411170375059831 0.78370679131946885 0.24754591094767503 0.54730771921115529 -0.15804729578424234
1403715361.7621431 0.069502063959346258  0.53289329779872074  0.60132070423158923 0.78769432318978727 0.24081502178678227 0.54583795064316964 -0.15364475303139818
1403715361.8121431 0.070673646572936968  0.54670150783021998  0.60031670358125033 0.79194443170027984 0.23366029702060417 0.54387357557802585 -0.14976119818944189
1403715361.862143 0.068134543238597592  0.55655845841137863   0.5975284672224217 0.795880488605341 0.22615289201317715 0.54249701171004394 -0.14534823554853471
1403715361.9121432 0.067428644602340507  0.56792900138337876   0.5956005602699096 0.79924637268312293 0.21843937987253159 0.54227937441526042 -0.13936482037289138
1403715361.9621429 0.06686838380749352 0.57959222968844604 0.59265867221696278 0.80148060076530281 0.2092315872472896 0.54385463521140953 -0.13443632416104584
1403715362.0121431 0.06672866728885038 0.59271887272881529 0.58997541324637559 0.80360182236451749 0.19954361728805248 0.54565090857895937 -0.12911832503166176
1403715362.0621431 0.066859175423555892  0.60542050305298467  0.58672534530026343 0.8055235770907162 0.19009531081087683 0.54781470534122678 -0.12204338642711537
1403715362.1121433 0.066588200036215905  0.61841310744519762  0.58107303991314085 0.80734510268994664 0.1797594607782626 0.5501925798271442 -0.11475428761671232
1403715362.162143 0.067884232232471337  0.63209822599965348  0.57684605594044358 0.8095510419158567 0.16958836304862726 0.55190312630775007 -0.10615948767382767
1403715362.2121432 0.070298090441377012  0.64602662976016534  0.57164325294100871 0.81140516067096058 0.15848915811057168 0.55414952319844779 -0.097062649545886753
1403715362.2621431 0.07346058493666964  0.6608750020337435 0.56649306551725298 0.81282420568669156 0.14692020578745593 0.55681847839157439 -0.087660971377589547
1403715362.3121431 0.077060001614180779  0.67678295485718132  0.56052905510205742 0.81476668828681975 0.13528340932115293 0.55840202973505348 -0.077722686574424507
1403715362.362143 0.080917489312215873  0.69489327719754479  0.55238466196498703 0.81661592605204836 0.12287391044854078 0.55989531611269805 -0.0675104913646878
1403715362.4121432 0.086030707767064077  0.71270823277442619  0.54494875023675327 0.81817245718908826 0.10996879151329934 0.56138589161979779 -0.057849597064444792
1403715362.4621429 0.090269025100983613  0.73219112746841652  0.53807424945858084 0.8194458566768833 0.096464650603339155 0.56287416524372602 -0.048741494234820291
1403715362.5121431 0.095004624693726294  0.75269645594474821  0.53350573387740263 0.82043468015490517 0.083157530828572093 0.56425825274619845 -0.039804332344868618
1403715362.5621431 0.099493094363169748  0.77332222763379554   0.5265710790251934 0.82183743112565633 0.070409948612602496 0.56457091250880564 -0.029755011109519468
1403715362.6121433 0.10379665515006505 0.79444001749403137 0.52078741480256863 0.82268656587856326 0.057133613715092756 0.56521754643222355 -0.021252993011064224
1403715362.662143 0.10917979626159241 0.81717932381749459   0.515129548767983 0.82321634935457177 0.044087162765764534 0.56586685230304379 -0.012879041083949831
1403715362.7121432  0.1149718635345845 0.84079394799179319 0.50980550786828527 0.82350622855734001 0.030487883561363695 0.56645984702660124 -0.0055876819714848957
1403715362.7621431  0.1226537922293949 0.86548869874484258 0.50741255239306093 0.82379538326629509 0.015293370526160661 0.56668001912487687 -0.0010174732020271592
1403715362.8121431 0.12902380985092901 0.88980500788907968 0.50525423757989163 0.82370961779763308 -0.0011138717052562781 0.56700905503527033 0.0013986942165655964
1403715362.862143 0.13639381976220216 0.91526491823885403  0.5018006128177076 0.82281347813567751 -0.019591810804076584 0.5679736767720367 0.00020890605652872012
1403715362.9121432 0.14373593678306093 0.94012578914968647 0.50080135819853433 0.81969993721090373 -0.039095001554989336 0.57144863231933807 -0.0031708689997602007
1403715362.9621429 0.15226844093884798 0.96540586997489086  0.5007585092495267 0.81564447668055362 -0.056210340578786301 0.57580341001345736 -0.0038624201476718818
1403715363.0121431 0.16199226522466556 0.98705470180625143 0.50315440436074976 0.81190741181362458 -0.071937047929064538 0.57931754268490965 -0.0047539998812369351
1403715363.0621431 0.16589720560631843   1.008491616926763 0.50469418462466531 0.809292734709947 -0.085121033130676801 0.58119155852909454 -0.0040064396892777968
1403715363.1121433 0.17243697344333955  1.0263819276149393  0.5062177260876024 0.80739082083373914 -0.096868464679712912 0.58200974133867822 -0.0011063321839436663
1403715363.162143 0.17864915582436983  1.0419726237299736 0.50720866663930386 0.80731365291460555 -0.10696880836816107 0.58033820273440717 0.0031480630504657279
1403715363.2121432 0.18438793963137903  1.0562979728795787 0.50952175346811512 0.80707393925167026 -0.1162651281523454 0.57882541283823952 0.0086728316685881716
1403715363.2621431 0.18942353671005296  1.0667744706006419 0.51247626228712306 0.80659638611915441 -0.1246714094746711 0.57761305156074882 0.014915502867779285
1403715363.3121431 0.19279352586974066  1.0750561264942051 0.51502489077251601 0.80608397499707163 -0.1330119677522435 0.57628200838698784 0.02086836114926556
1403715363.362143 0.19520588103498121  1.0806976165038953 0.51811181206459889 0.80507782212407664 -0.14112142033162806 0.57549125371994025 0.027281164553387645
1403715363.4121432 0.19806782545894616  1.0836857252435248 0.52238291748359056 0.80355832702105301 -0.14877374676281191 0.57533779250788797 0.033864610752698754
1403715363.4621429  0.2002576793174658  1.0847659595485297 0.52680872235357878 0.80203154984810066 -0.15643522468962195 0.57495271429446881 0.041264874287756215
1403715363.5121431  0.2020273378261063  1.0821426446572959 0.53186430977092347 0.80041706743186847 -0.16391087648824457 0.57450632759784903 0.04907364142445908
1403715363.5621431 0.20154901169126507  1.0774709228203332  0.5341047135269763 0.7991196553962443 -0.16985257657842662 0.5735563108067917 0.05992526114052938
1403715363.6121433 0.20067158405668964  1.0714924308258056  0.5387664269499941 0.79824387810963626 -0.17392879225106259 0.57200597028137445 0.073243813725379858
1403715363.662143 0.20086692517067153  1.0656445693308381 0.54480777542577319 0.79715417931851329 -0.1792353284975057 0.5703026993928757 0.084703851616194412
1403715363.7121432 0.20016749457145791  1.0575455998652818   0.550730378452439 0.7953299704067226 -0.18517733717064797 0.56911312490168309 0.096280024074941795
1403715363.7621431 0.19857934002629563  1.0479879772365177 0.55658109387365051 0.79293261199468479 -0.19287638820733155 0.56814146257557885 0.10616897008949326
1403715363.8121431   0.196865701077438  1.0377395692269702 0.56252672361270128 0.79012663078101597 -0.2016757200338018 0.56710898401954357 0.11581973719452519
1403715363.862143 0.19338164794201632  1.0277033654704382 0.56792231005526594 0.78715441642244643 -0.21208268307168551 0.56562950421663782 0.12438699372278988
1403715363.9121432 0.18684350103339434  1.0175132692078908 0.57279816830761376 0.78349869771312186 -0.22237685782007457 0.56453169380986856 0.13409806289455975
1403715363.9621429 0.18213460122743844  1.0067863115317444 0.57836713186451938 0.77893475268101564 -0.23300724256615452 0.56379559692570536 0.1452680311172071
1403715364.0121431 0.17664818742662564 0.99473868084224826 0.58069283812024719 0.77440664764631928 -0.24552593843262385 0.56217813975167774 0.15481310287993064
1403715364.0621431 0.17096254845489173 0.98321716401251069  0.5859227911419892 0.76971443439058607 -0.25723003615451284 0.5605130457786931 0.16491671686830603
1403715364.1121433 0.16426184827815443 0.97238364089338036  0.5913387358643728 0.7650848650935661 -0.26836809232159264 0.55912250583371226 0.17322164904728118
1403715364.162143 0.15640108101695366 0.95973008693080875 0.59363271488130465 0.76076515529276445 -0.27783828732299576 0.55798249101138742 0.18082534201413156
1403715364.2121432 0.14930183038918549 0.95108648707630117  0.6000715161725465 0.75807430106850549 -0.28618456371006562 0.55539689690543825 0.18696533491903383
1403715364.2621431 0.14000689638516894 0.94225223547365844 0.60424062299012016 0.75582273083487994 -0.29398661045957569 0.55315426112432942 0.19058918076268525
1403715364.3121431 0.13151165739287932 0.93340047160101325 0.61045669569626515 0.75449564445208073 -0.30091484733814805 0.55079721623109923 0.19185672713347884
1403715364.362143 0.12225305894552246 0.92521194217443725 0.61575420968732308 0.75386183606197366 -0.30695267847998514 0.54827842884183475 0.19199778584650976
1403715364.4121432 0.11373257634460421 0.91636158145119473 0.62276602238156398 0.7530661513944561 -0.31226298173066402 0.54674470016585519 0.19092782590593338
1403715364.4621429 0.10436813558733872 0.90703257812978844 0.63096933545327438 0.75231358936702075 -0.3153342365232697 0.54601818341469333 0.19092596971212328
1403715364.5121431 0.096108382377733934  0.89684209484160871  0.63820482913944365 0.75192951027757038 -0.31819469844476539 0.54547337787172068 0.18924306985618572
1403715364.5621431 0.085103355196454233   0.8874137209315297  0.64494255467786665 0.75139872746444714 -0.31944819488997994 0.54579027852047768 0.18832359124358919
1403715364.6121433 0.077447320357222876  0.87597425593967204  0.65479032006696236 0.75135956937483628 -0.3199213978811753 0.54562984071382548 0.18814136602358583
1403715364.662143 0.065248999590976936  0.86483936688917751  0.66213734353841969 0.75034820625616383 -0.32054104507326259 0.54633805558302106 0.18906542997931128
1403715364.7121432 0.058346869495626459  0.84655967655265685   0.6721274668135534 0.74933749871609723 -0.32007756369287116 0.54655671708615561 0.19318235231600012
1403715364.7621431 0.047921590821989546  0.83206828120211285  0.68195249431881955 0.7491958201392761 -0.31936411831103156 0.54465003246012045 0.20017123959861144
1403715364.8121431 0.037637358609100481   0.8191646283868691  0.69378543137420878 0.74996671814244131 -0.31933956778073191 0.54058480290506339 0.20818317174153422
1403715364.862143 0.022628978040403029  0.80452504585883899  0.70226434448854813 0.75081520084754549 -0.32013929229548083 0.53617212390634483 0.21519019784964141
1403715364.9121432 0.0084001748750022059   0.79096166497716858    0.7108010381924722 0.7510386519448714 -0.3225259879668837 0.53217688791793072 0.22069365721923723
1403715364.9621429 -0.0063645089316176117     0.7782003303049192    0.71867488154486425 0.75120377629841406 -0.32526896204011835 0.52760857701502328 0.22698497366241832
1403715365.0121431 -0.018905909926154461   0.76500079800112963   0.72738123345571382 0.74999293468504802 -0.33033195611101696 0.52454607903695005 0.23074403060824858
1403715365.0621431 -0.034299695177503663   0.75060539193669451   0.73653632080153608 0.74907317538288321 -0.33481126923098015 0.52082211437358983 0.23565889988958186
1403715365.1121433 -0.04737863890703066  0.73745183101205303  0.74518196045906315 0.74646861978183721 -0.33984232780849949 0.51906281974286572 0.24055265758516325
1403715365.162143 -0.060758139276046716   0.72515782982361188   0.75390099442054448 0.74218247547537985 -0.3450171316715181 0.51933869645950848 0.24579599327518353
1403715365.2121432 -0.071706022425801014   0.71376714462858326   0.76396066976135601 0.73817276057685177 -0.35027934339796268 0.51909582569762314 0.25088818400702917
1403715365.2621431 -0.08383610017521452  0.70252189203486981  0.77221782021503693 0.73483941322361224 -0.35455912009857837 0.51848824317725084 0.25586873356287088
1403715365.3121431 -0.093556368608644774   0.69372765107065126   0.77971444473393181 0.73195364214837477 -0.35851810411745128 0.51754684947685914 0.26048779887421752
1403715365.362143 -0.10302111730927054  0.68393529574117007  0.78679451590488569 0.72923305616454515 -0.36278808498778431 0.51676812820992513 0.26373216878914107
1403715365.4121432 -0.11383615887030042  0.67487144829676471  0.79342452435892563 0.72555879244260191 -0.36840707276859291 0.51672953292636747 0.26614142339179048
1403715365.4621429 -0.12270765392372177  0.66691151646657199  0.80006442439420422 0.72236557859228623 -0.37429127152887376 0.51506862628211325 0.26981164752876646
1403715365.5121431 -0.12929548194585749  0.65858288684070798  0.80667611133552997 0.71812963070909452 -0.38111222614649526 0.51404477785701808 0.27349821011701603
1403715365.5621431 -0.1397172660821851 0.65144377314548585 0.81191624862856382 0.7141799169878047 -0.38815488938474313 0.51174573171678162 0.278206998631713
1403715365.6121433 -0.14840389114386793  0.64479244588637463   0.8176006889566958 0.70858996945467667 -0.39767874004435477 0.51047673409606864 0.28136342841877421
1403715365.662143 -0.15777611527011332  0.63934739206469204  0.82498116112828757 0.70209967734734435 -0.40833210446828938 0.50960370628817253 0.28394541388550587
1403715365.7121432 -0.16735905349987476   0.6332377328101777  0.83016226802864235 0.69523069626838685 -0.41957294034669668 0.50826125218393181 0.28685070371784527
1403715365.7621431 -0.17867616866909058  0.62730726763255051  0.83436366538541351 0.68837054538657816 -0.43088326860041271 0.50625288038027383 0.29016137267232134
1403715365.8121431 -0.18738935311497618  0.63021584531421815  0.84273226429194148 0.68205699726165259 -0.44153992663160263 0.50322631322076505 0.29428561527674674
1403715365.862143 -0.19957893884838168   0.6254278029408924  0.84693849216713368 0.67616328199211428 -0.45053373409295461 0.50050448715996121 0.29886088546789724
1403715365.9121432 -0.2073900428373982 0.62429421198537249 0.85077175473066258 0.67107396979247058 -0.45891099248947292 0.49710128643770668 0.303233802636313
1403715365.9621429 -0.2204927412448178 0.62100746690293307 0.85443995223626457 0.66654031421324855 -0.46648417323620328 0.49439233155141316 0.30609271169336516
1403715366.0121431 -0.23405897654286981  0.61727482052744354  0.85740484511106385 0.66109706549663971 -0.47378492246845694 0.4941700515481357 0.30704149131054409
1403715366.0621431 -0.24834319965138546  0.61524092356094029  0.86001301839411493 0.65685499594825569 -0.48035638474320941 0.4933007697609314 0.30733305791522553
1403715366.1121433 -0.26380171757974918  0.61350612834124751  0.86267642298903202 0.652444688893703 -0.48643806602360273 0.49367056913266771 0.30656696663183447
1403715366.162143 -0.28054561694505242  0.61020694190474956  0.86482516634517781 0.64930666853833141 -0.49019833552454001 0.49326704620949174 0.30788644524302616
1403715366.2121432 -0.29892934595670623  0.60727720959164988  0.86639307409661415 0.6469883542626812 -0.49285267748045131 0.49301312657762064 0.30893424020489635
1403715366.2621431 -0.31822141809624022   0.6078810072597719  0.86976223800913954 0.64529828399334543 -0.494415299622746 0.49271174796261979 0.31044930277553184
1403715366.3121431 -0.3393297571854032 0.60562403722942759 0.87133436408653331 0.6451006642923357 -0.49469816689697027 0.49124210573695615 0.31272999560241371
1403715366.362143 -0.3615842972565656 0.60283656989941936 0.87320190426908617 0.64507624809050068 -0.49449442579165515 0.49013929899670616 0.31482592744162891
1403715366.4121432 -0.38424851789245162  0.60443650360810852  0.87618496040276683 0.64730304831658492 -0.49370092439041469 0.48683001906247536 0.31663021560763444
1403715366.4621429 -0.4085368286921362 0.60598428738045163 0.87776432248176339 0.65001488761127568 -0.49161861047107724 0.48271760068336345 0.32058619077041473
1403715366.5121431 -0.43276957425712603  0.60347759167851456   0.8780982913563008 0.65310944931134307 -0.48919321814270905 0.4787901205014467 0.32387970460284232
1403715366.5621431 -0.45864415204888886    0.601456384633279  0.87825598764996504 0.65580262210582074 -0.48743373016528446 0.4760241628866555 0.3251649979385014
1403715366.6121433 -0.48446592600655675  0.60004949821359788  0.87854853264389665 0.65880787478574465 -0.48614185151603551 0.47282150673361617 0.32569634185081731
1403715366.662143 -0.50969998002122074  0.59601378820006157  0.87758593676357033 0.66130236000902443 -0.4849232913822783 0.47041956662536205 0.3259356093732001
1403715366.7121432 -0.53469227315679113  0.59459757807793068  0.87728626961837608 0.66393953346927481 -0.48397123946636078 0.46817921283638753 0.32521432922596871
1403715366.7621431 -0.55984213959958906  0.59239674764939088  0.87688561292293832 0.66626303688073552 -0.48351740234459889 0.46640074211684684 0.32368941142590013
1403715366.8121431 -0.58488156104694899  0.59002491448560357  0.87611199641714765 0.66918816048559049 -0.48307662977940896 0.46381954270421411 0.32201802345914315
1403715366.862143 -0.61089429506472115  0.58574857009865389  0.87600437227637262 0.67147766322535174 -0.48275744280788313 0.46214585504610239 0.32013154775298464
1403715366.9121432 -0.63484787617986804  0.58150457451051585  0.87608855472090708 0.67308600359188142 -0.48214843348243175 0.46146391433672923 0.31865212320675157
1403715366.9621429 -0.65862201370348417  0.57706655004813157  0.87631114591390846 0.674147712779121 -0.48258323753410509 0.46142106020563056 0.31579880526134563
1403715367.0121431 -0.6820121112838915 0.57191881851564874  0.8802513072090935 0.67495229569903314 -0.4825744719925984 0.46171428147430021 0.31365777496236358
1403715367.0621431 -0.70786292473696999  0.56811325112326749   0.8852339870755993 0.67533318832982558 -0.48249018234774915 0.46267035547420882 0.31155168246003329
1403715367.1121433 -0.73321104543163385  0.55925084354103061  0.89012576754479245 0.67611963456380408 -0.48185318989873333 0.46337589815305924 0.30977817894837134
1403715367.162143 -0.75594321983186974  0.55019252170850064  0.89225582555418703 0.67702795531196214 -0.48163799673575286 0.46372928982960404 0.30759247972049963
1403715367.2121432 -0.77787100124837938  0.54066551096591464  0.89571164061367414 0.67766670861895095 -0.48038143856082088 0.46441751237509826 0.30711216145753567
1403715367.2621431 -0.79886950373667975  0.52876852071676439  0.89835064196478265 0.67753856357609021 -0.48083663530047543 0.46584687575899425 0.30450667212025156
1403715367.3121431 -0.82104888862654957   0.5181732081010586  0.90222663687157345 0.67858804463782318 -0.48073536924462673 0.46556654909040973 0.30275329692654895
1403715367.362143 -0.84271753925492265   0.5050560088995113  0.90537093385336853 0.67954170551900317 -0.48109265195848344 0.46535467916625528 0.30036303579160589
1403715367.4121432 -0.8644385367741303 0.49073687406784711 0.90837996075910343 0.68028066189352099 -0.48098679822362889 0.46544679078570467 0.29871258081236518
1403715367.4621429 -0.88722471119845725  0.47669104649236238  0.91060306954384818 0.68095617128339947 -0.48036236238705049 0.46577491788524739 0.29766494496661305
1403715367.5121431 -0.90927493950627725  0.46004244547381223    0.913864203163259 0.68211032488702006 -0.48014407157685068 0.46516039086863042 0.29633255976870193
1403715367.5621431 -0.93254614708368289   0.4427824587204317  0.91678784534962532 0.68302973616553153 -0.47930728512159992 0.46520595056356623 0.29549675041065104
1403715367.6121433 -0.95452552824995573  0.42349731304501448  0.91916031163621359 0.68328865372136138 -0.47834307235276813 0.46608074838867836 0.29508177986655437
1403715367.662143 -0.97775129886838374  0.40336973352197669  0.92213255861574694 0.68344022839904583 -0.47779864941343081 0.46703474288091529 0.29410279455781974
1403715367.7121432 -0.99646344771926132  0.38190722076630795  0.92587974171177023 0.6836381342855461 -0.47633640650295694 0.46768696391442771 0.29497700414597117
1403715367.7621431 -1.0176955252100253 0.35842457252806798 0.93012633402933886 0.68387573509246879 -0.47532986776241032 0.46838518132117313 0.29494205817997016
1403715367.8121431 -1.0387333264510941 0.33362786880430001 0.93458481106247726 0.68429347548968666 -0.4737325806078006 0.46872399493002398 0.29600286831339701
1403715367.862143 -1.0605711198636174 0.30519093669916009 0.93752948941570302 0.68445913184968654 -0.47155879179806393 0.4693549123850585 0.298083828688404
1403715367.9121432 -1.0821090551808283 0.27804146284703896 0.94202514060810993 0.68410414266702513 -0.4687934277095363 0.47038339615781266 0.30161847546395554
1403715367.9621429 -1.1025016357815991 0.25131530208242636 0.94635028130880761 0.68204463210733601 -0.46673940437002365 0.47347732200656989 0.30461233357723932
1403715368.0121431 -1.1232392265876974 0.22322978692596068 0.95017060516237462 0.67995333138615721 -0.46549547466388774 0.47634505366227514 0.30671292776111136
1403715368.0621431 -1.1432910260576181 0.19579323727434994  0.9523423236017553 0.67745469282547244 -0.46498354147283055 0.47962411206129513 0.30790608382677909
1403715368.1121433 -1.1642662050623596    0.16670557105445 0.95492179040072434 0.67568891755392146 -0.46466256343897344 0.48177577502273577 0.30890984353751882
1403715368.162143 -1.1853986646717094 0.13741793670556268 0.95681130695626637 0.67394004918752071 -0.46489952097387888 0.48368426340964377 0.30939098052343217
1403715368.2121432 -1.2070240417554843 0.10984411998011138 0.95739123553259975 0.67261455438925266 -0.46561909489905406 0.48509726879695447 0.30898084001256126
1403715368.2621431  -1.2303353861044877 0.085679134786738262  0.95806344461659243 0.6708093138523068 -0.46744673471295534 0.48704225329066547 0.30708021454457873
1403715368.3121431  -1.2514286954706162 0.061776732138543317  0.95736358171779323 0.66923530172360723 -0.46946157309945491 0.48859732322429655 0.30496327327720929
1403715368.362143  -1.2745753097970587 0.033789034501717462  0.95729098874213636 0.66675586748694715 -0.47207646696360989 0.49135745520972618 0.3019077238506932
1403715368.4121432   -1.2988829247707074 0.0059061710079691999   0.95690117559381205 0.66477615098276621 -0.47406533664783851 0.49350006042097916 0.29965382700376086
1403715368.4621429   -1.3238237960115051 -0.022992362091976165   0.95664980441139014 0.66221162045037696 -0.47528881245521026 0.49630106524968942 0.29876674367711231
1403715368.5121431   -1.3499632135314257 -0.050477320839587787   0.95706060125253034 0.66055097411493946 -0.47583788325843851 0.49779207598602149 0.29908822868421348
1403715368.5621431    -1.377753996198597 -0.078527454204108407   0.95647240320290328 0.66028791248179175 -0.47474602122342019 0.49745580161251735 0.30195001805765365
1403715368.6121433  -1.4068065080095922 -0.10635860918863781  0.95570046793666519 0.66148678613089829 -0.47249670746847022 0.49508418544726174 0.30671443155758327
1403715368.662143   -1.435518656205899 -0.13202698876784108  0.95556331594982302 0.66333512036574471 -0.47029958349430823 0.49176464076547288 0.3114038502447401
1403715368.7121432  -1.4668338716241298 -0.15809513308535417  0.95387865862906296 0.6646126954354471 -0.46919128542671701 0.48939135391197136 0.31407897965617226
1403715368.7621431   -1.496196088748607 -0.18012854464882022  0.95164425678932751 0.66572032791467095 -0.46810834869232171 0.4868235255346422 0.3173229803713441
1403715368.8121431  -1.5284202704590415 -0.20465144126453999  0.95067617364123769 0.66654448051477666 -0.46713419762861225 0.48492696080482395 0.31992177104060288
1403715368.862143  -1.5595432649402878 -0.22923071895249181  0.94975266112303269 0.66722762725859452 -0.46742595625348388 0.48323511338411701 0.32063077524782596
1403715368.9121432   -1.588958659722268 -0.25136735438642971  0.94835631135708864 0.66834954770255706 -0.46710745864366482 0.48185097898541868 0.32084129755384982
1403715368.9621429  -1.6199935706715674 -0.27455976193177145  0.94694983367529162 0.67054327677409642 -0.46618112888751584 0.48068396938448982 0.31935840464748966
1403715369.0121431  -1.6506292885693379 -0.29717437116582934  0.94532493305465515 0.67367606003600122 -0.4647855218636322 0.47976390797001534 0.31616700873060732
1403715369.0621431  -1.6809901515806163 -0.31953136712976538  0.94410917540943418 0.67775035819741603 -0.46241860930194928 0.47912003863167568 0.31187733216139207
1403715369.1121433  -1.7119862747490902 -0.34237430852491718  0.94357841259034436 0.68232463702336166 -0.45853567806973317 0.47938280715377313 0.30719740534945322
1403715369.162143  -1.7415324521846012 -0.36470807367135927   0.9431548955571214 0.68753205510955329 -0.45310977123802515 0.48003946193744723 0.30257779724934397
1403715369.2121432  -1.7704981109156093 -0.38741762824482157  0.94318693683569421 0.69297978283712114 -0.44677680198562353 0.48144464660091557 0.29728868469189157
1403715369.2621431 -1.7978942817473442 -0.4097560208165098 0.93998351929135548 0.69881389283189943 -0.43845610326085249 0.48332768354071148 0.29293299408159046
1403715369.3121431  -1.8255875336465812 -0.43220202814123948  0.94038266667970727 0.70501442579229812 -0.43023691801461689 0.48524393161104085 0.287035155750475
1403715369.362143  -1.8540310467411034 -0.45393616192617442  0.93998886329341047 0.7108000377372371 -0.42099461445173847 0.48838232202756571 0.28108637193278796
1403715369.4121432 -1.8806265648045486 -0.4820589923934771 0.93884691791118524 0.71719181411601918 -0.41133059209993506 0.49087226893207536 0.27474981594382686
1403715369.4621429  -1.9095873670829768 -0.50876313693867659  0.93573804887650702 0.72319201477906847 -0.40167108466128637 0.49398838221413666 0.26763618541646689
1403715369.5121431 -1.9349021277209149  -0.531719422616028 0.93570227369064762 0.72906545329711003 -0.39152548901497919 0.49736596181968801 0.26038136700508657
1403715369.5621431  -1.959445128156406 -0.5555190258107604 0.93710292451357158 0.73469523506239576 -0.38129946676884369 0.50079439512359802 0.25305849527568941
1403715369.6121433   -1.983460086412048 -0.57931374969798477  0.93848852881154199 0.74024120696716855 -0.37062448620504351 0.50422411995615279 0.24584239379627054
1403715369.662143 -2.0069238246390979 -0.6034732637577217  0.9401894350910599 0.74547009329045566 -0.36046585320844265 0.50705165138477426 0.23924324757075638
1403715369.7121432 -2.0321623909486122 -0.6301995493250091 0.94029057023848917 0.74978056717042574 -0.3512459250683912 0.50975710198163304 0.23367305834377225
1403715369.7621431  -2.0548954876229102 -0.65530330924632518  0.94197935154597989 0.75387966061107803 -0.34258214375835822 0.51147733626342329 0.22955144648580758
1403715369.8121431  -2.0771863951664846 -0.68082772276902992  0.94339971876127515 0.75727973817347605 -0.33576662398728457 0.51268672800692427 0.22570000286585529
1403715369.862143  -2.0981690439709295 -0.70783269413021821  0.93706926917687217 0.76048440315134258 -0.32905580126017681 0.51305820233776667 0.22395765946827687
1403715369.9121432  -2.1189610665065883 -0.73370281585105668  0.93705466239374702 0.76382789311637878 -0.32405071575660965 0.51191742092799331 0.22248289252312162
1403715369.9621429  -2.1372588944563846 -0.75879412051156936  0.93627627081481946 0.76719060213431567 -0.32019579128876197 0.50988177652142008 0.22116466537200369
1403715370.0121431  -2.1557495822749364 -0.78723328648734858  0.93241069672269283 0.77012924343432143 -0.31634630173805306 0.50765273273485823 0.2216182951174544
1403715370.0621431  -2.1689071239359277 -0.81823311683462541  0.92435761525661375 0.77251762622829967 -0.31260989343391571 0.50551071005550996 0.22349607091177967
1403715370.1121433 -2.1821902579041361 -0.8444711675138511 0.92225425025487484 0.77345774607959505 -0.30978304356442521 0.50491520860445571 0.22551765578187724
1403715370.162143   -2.195402704030109 -0.87099227788075206  0.92081880471568112 0.77257267319110445 -0.30670364446415721 0.50690960487935577 0.22826955905641469
1403715370.2121432  -2.2067432747392948 -0.89700290508680036  0.91937171581105437 0.76938560779541021 -0.30757366672959741 0.51182029345839042 0.22690132933935192
1403715370.2621431   -2.216891547302557 -0.92249068294090597  0.91826540786323874 0.76574607636787262 -0.30950675129305544 0.51695767401527415 0.22492950163983536
1403715370.3121431  -2.2250747655654042 -0.94796610445264773  0.91691669585000712 0.76264014170276906 -0.31177322046962247 0.52105369817544323 0.2228912669425934
1403715370.362143  -2.2332228317598801 -0.97246462074501072  0.91582514130231185 0.75948100105984639 -0.31511320271489413 0.52495145118078568 0.21981413149996304
1403715370.4121432 -2.2410250613096863 -0.9967068790062461 0.91482967856771236 0.75646937652547463 -0.31895720898159646 0.52845103920220904 0.21624033015128158
1403715370.4621429 -2.2469047074801587 -1.0201156592214415 0.91391716229331055 0.75428259598994329 -0.3224425620725726 0.53048213947411438 0.21372238827440013
1403715370.5121431 -2.2536724199900338 -1.0438553939223758 0.91341978338059415 0.75224881440112534 -0.32546473405946652 0.53210309428394664 0.212275116698005
1403715370.5621431 -2.2552727089983895 -1.0657829888696821 0.91278693244389975 0.7509368749025882 -0.3280003425251396 0.53277271903487278 0.21133578747366499
1403715370.6121433 -2.2620450809188628 -1.0899003509380703 0.91309826279549122 0.74961603723476966 -0.32946955410832424 0.53357038379947608 0.21172684092524119
1403715370.662143 -2.2588742038720682 -1.1159483752595378 0.91281015751990568 0.74914534381406372 -0.33129011940095315 0.53309624396649236 0.21174632298537943
1403715370.7121432 -2.2651561719519235 -1.1376131140232744 0.91239279000920748 0.7487086448839434 -0.33212631976646007 0.53285467468904846 0.21258731960412139
1403715370.7621431 -2.2729693921943497 -1.1624335309344191 0.91176194912634512 0.74893823646806679 -0.33147581283494121 0.53190702894515585 0.21515161170731287
1403715370.8121431 -2.2810619994621546 -1.1872259260014044  0.9111657938944433 0.74979549092020192 -0.33057777714419917 0.53015525831155252 0.21785421074366387
1403715370.862143 -2.2893494151257521 -1.2119148775525084 0.91043046037918218 0.75096372139738188 -0.33003753575959355 0.52786457725743463 0.22019923299494104
1403715370.9121432 -2.2972250499725582 -1.2356997973216692 0.91046778718441501 0.7516916721624407 -0.33022745864110103 0.5261443004523525 0.22154374435442387
1403715370.9621429 -2.3052222604690278 -1.2600315164829077 0.90863440492410974 0.75339488290309442 -0.33122227970457407 0.52299398502784988 0.22173236901144364
1403715371.0121431 -2.3128229463892622 -1.2844894139239456 0.90616788402236081 0.75610329048951275 -0.33282093636449894 0.51837867834935913 0.22095606862261447
1403715371.0621431 -2.3200863744432452  -1.308211156494349 0.90521362218749857 0.75993620898473302 -0.33506886025329763 0.51191975935372447 0.21946292886429197
1403715371.1121433 -2.3263547728670608 -1.3337733644752223 0.90224646893317273 0.76373952155551572 -0.33670201431407515 0.50556201812712775 0.2184965505407854
1403715371.162143 -2.3287546780768671 -1.3601244465713183 0.90048876229832342 0.76688218622405324 -0.3382482671760294 0.50023343781824969 0.21736220898115058
1403715371.2121432 -2.3317583865004869 -1.3871977864344238 0.89849270313239238 0.76956573883578294 -0.33905185760707157 0.4957370994557192 0.21692657671793028
1403715371.2621431 -2.3323680057542746 -1.4178441306291747 0.89764311352739024 0.77110601995240546 -0.33933400843274208 0.49317224459754305 0.21686187740760113
1403715371.3121431 -2.3310308975192475 -1.4444387582944851  0.8960314051852033 0.77168978045576275 -0.3390752277864631 0.49220742488297842 0.21738151607660255
1403715371.362143 -2.3291794876020928 -1.4746623859605064 0.89233401227532594 0.77179962791914491 -0.3389148810167642 0.49207680372763352 0.21753725428638204
1403715371.4121432 -2.3258692894670658 -1.5058500210252097 0.88857969046693486 0.77110570932754607 -0.33821421188945178 0.49338867838748413 0.21811635417251704
1403715371.4621429 -2.3211339551051537 -1.5380162333106093 0.88519147851056978 0.76803705803063504 -0.338034153979896 0.49835029864614905 0.21794257976365441
1403715371.5121431 -2.3152117926971902 -1.5695544457566402 0.88372911273341492 0.76323179460880519 -0.33898709627847085 0.50554628483007336 0.21676699506480185
1403715371.5621431 -2.3082096107574466 -1.6034030342801198 0.88081803699757599 0.75842664633164525 -0.33992863227918202 0.51307085077743453 0.21446642901269586
1403715371.6121433 -2.3006910423073283 -1.6380029264492357  0.8775557355342205 0.75419304790945041 -0.34060193141863188 0.51961428577485314 0.21256567177613736
1403715371.662143 -2.2947166187239376 -1.6720408802164943 0.87760539260132264 0.75028444654474979 -0.34166151831710839 0.52563799931209021 0.20986984026646133
1403715371.7121432 -2.2871333348810579 -1.7080234210371388 0.87440694413904041 0.74721780005015115 -0.34339482752317979 0.53023721126413392 0.20638326363678899
1403715371.7621431 -2.2797861714074856 -1.7440400071186339 0.87141880934617355 0.74542911455462535 -0.34427813965931087 0.53311838602471584 0.20394309061459642
1403715371.8121431 -2.2737127609272871 -1.7818090198369145  0.8692141043219126 0.74461885601381794 -0.3440267681998897 0.53464812301483244 0.20332173171436702
1403715371.862143  -2.272902462476972 -1.8243590016251519 0.86697909754918645 0.74697446051931993 -0.34178717759139049 0.5323219666920046 0.20455807083353739
1403715371.9121432 -2.2704687434481641 -1.8622243873869599 0.86357503246395162 0.74957665709632959 -0.33849611836718202 0.52955807265410382 0.20766189027723234
1403715371.9621429 -2.2668829432276087 -1.9014238254097147 0.85967720266331704 0.75208714221477058 -0.33517184944412437 0.52669366749024005 0.21123101685383525
1403715372.0121431 -2.2631663105906301 -1.9410941132149888 0.85587233453271716 0.75409429376956494 -0.33312333635172336 0.52437385710327922 0.21307908594863886
1403715372.0621431  -2.259391229060244 -1.9808538302147629 0.85266421428681072 0.75430694407785082 -0.3310701299363854 0.52456945454536275 0.21503602148900497
1403715372.1121433 -2.2556675355175742 -2.0192639128315162 0.84965544624128275 0.7539136434355127 -0.33010683745210812 0.5254371834635061 0.2157764128515812
1403715372.162143 -2.2514437462193095 -2.0589208573594044  0.8472896441709129 0.75357488738440159 -0.3289873972530204 0.52665509208698646 0.2157002446246129
1403715372.2121432 -2.2470433619144421 -2.0989929455402283 0.84612726733364751 0.75317746220247539 -0.32764774991781054 0.52894187683704685 0.21352084987686124
1403715372.2621431 -2.2424662404847298  -2.134695457490035 0.84450914380378928 0.75405609629311643 -0.32444190605535606 0.53008343707219552 0.21248153562152566
1403715372.3121431 -2.2370959156946797 -2.1743849591289939 0.84505020136557718 0.75535335462368047 -0.3204474695015615 0.53153693103466948 0.21029317605439171
1403715372.362143 -2.2316506179086302 -2.2143768218474569 0.84662949940296583 0.75728313434770167 -0.31544111976562866 0.53293737050892998 0.2073569712079984
1403715372.4121432 -2.2316750243052272 -2.2529654026845245 0.84730607525322255 0.75912205720359882 -0.30880819909481405 0.53513087850706531 0.20495399802650902
1403715372.4621429 -2.2275460969544132 -2.2909167424786991   0.850258305347802 0.76091470495831626 -0.30322210339456424 0.53694988532865706 0.20186626374091454
1403715372.5121431 -2.2226490873103133 -2.3286664639737471 0.85439805672030378 0.76285334437116892 -0.29770992357032328 0.53814466272351447 0.19955926030046764
1403715372.5621431 -2.2173098741267236 -2.3675998103534956 0.86046167579427879 0.76399054544164535 -0.2924581334338659 0.54010761044799382 0.19766247949551402
1403715372.6121433 -2.2119445757612777 -2.4063805963393303 0.86695420638498333 0.76503454029146545 -0.28824245388218539 0.54166053582494966 0.1955563956275293
1403715372.662143 -2.2064843427703904 -2.4450807078292174 0.87344910931820652 0.76611478373455011 -0.28439500355697278 0.54270258775245717 0.19406576550741692
1403715372.7121432 -2.2016746912008749 -2.4828017726754621 0.87932779207222966 0.76681277070208531 -0.28191996215838233 0.54375188995969548 0.19197185155659335
1403715372.7621431   -2.19646292199167 -2.5207279339551794 0.88468683299627682 0.76784849081893425 -0.27945772923574197 0.54387521203781286 0.1910806804685187
1403715372.8121431 -2.1913511073529715 -2.5583246939901003 0.88966606833285344 0.76812098607620083 -0.27785667903741301 0.54475706983599759 0.18980398185318187
1403715372.862143 -2.1864072155478249 -2.5949086229323499 0.89187563039671858 0.76863767496249003 -0.27690387902943353 0.54506309706191003 0.18821951712824361
1403715372.9121432 -2.1811101200683631 -2.6320711019892937 0.89569911365808297 0.76860925016618609 -0.27702382076259924 0.54578702653480904 0.18604877036776241
1403715372.9621429 -2.1769258502430326 -2.6689982946476811 0.89949611170335964 0.76814847474677606 -0.27775078719887075 0.54685663962248676 0.18371237480205499
1403715373.0121431 -2.1727966011027227 -2.7056915705248552 0.90630533866988994 0.76803017061672363 -0.27858566690339198 0.54733326438455898 0.18151027771611533
1403715373.0621431 -2.1691564336991966  -2.742646381905165 0.91055365857528725 0.7676260251602981 -0.27946562756642773 0.54804061975054041 0.1797240318069559
1403715373.1121433 -2.1641824437307942 -2.7797433969242769 0.91346227347113995 0.76715439603428781 -0.28049059078442923 0.54857942987117236 0.17849305378330133
1403715373.162143 -2.1601787040127656 -2.8157898319575101 0.91609184032118207 0.76684665403918317 -0.28122566376830854 0.54890373786927216 0.17765984853118882
1403715373.2121432 -2.1563254523208828 -2.8525076044036428 0.91876034205455248 0.76646886589747709 -0.2819484455528421 0.54911853191378146 0.17748067379020432
1403715373.2621431 -2.1532768033522132 -2.8886583965507908 0.92136892594289455 0.76661357218117854 -0.28214050853487921 0.54854162119516137 0.1783324261256958
1403715373.3121431 -2.1504786671059324 -2.9254430454570173 0.92514399055802332 0.76678816134041894 -0.28087952524045856 0.54786595015384687 0.18161913057521506
1403715373.362143 -2.1477727340590071 -2.9615458865426101 0.92838600965204987 0.7666667428697167 -0.28082006402443987 0.54748331716688259 0.18336906621018709
1403715373.4121432 -2.1452264048415666 -2.9973330708681605 0.93161559553243878 0.76652182256512824 -0.2808901089725509 0.54720444555065739 0.18469525435814638
1403715373.4621429 -2.1429653377010003 -3.0337200510368896 0.93307572653252702 0.76644701278373084 -0.2803755792686074 0.5470419026783061 0.18626236296897761
1403715373.5121431  -2.140714599438001  -3.068687723704898 0.93470234711489708 0.76684273243076684 -0.2792165610838202 0.54684240621745606 0.18695913590125368
1403715373.5621431 -2.1349215410195788 -3.1026821351375835 0.93649342293502469 0.76774915383240117 -0.27581406143887782 0.54666351459826323 0.18880371317666836
1403715373.6121433 -2.1319212991364971 -3.1373442183497318 0.93902413945797969 0.77013336819582867 -0.27000536219701077 0.5454412758199001 0.19101181693332225
1403715373.662143 -2.1268125817328274 -3.1698266218503712 0.94093484061722432 0.77247116026682439 -0.26302911226741038 0.54524152283891425 0.19187411088561726
1403715373.7121432 -2.1232544546533321 -3.2002805767049143 0.94253209014956618 0.7750787433210643 -0.25422751165758967 0.5455749429070279 0.19227401186905979
1403715373.7621431 -2.1179388215159758 -3.2304210799452493 0.94351962863264216 0.77777987429404416 -0.24563536395083876 0.54640361113341906 0.19017052574002971
1403715373.8121431 -2.1125189302689678 -3.2588847801902108  0.9446085932945183 0.78023772575166883 -0.23712783071249421 0.54832060457011611 0.18532133665423622
1403715373.862143 -2.1061763537638396 -3.2859398425610551 0.94559781199223725 0.78298300751445327 -0.22865977227656092 0.55038413300839639 0.17812811293742678
1403715373.9121432 -2.0991752382669078 -3.3128304018497534 0.94672250201036046 0.78569328087348744 -0.21990764923582373 0.55271928326598918 0.16978836268649414
1403715373.9621429  -2.089995371258992 -3.3378905410762938 0.94773748285919446 0.78819657249541419 -0.21085593006039979 0.55542859306885728 0.16057713992469486
1403715374.0121431 -2.0826221674615497 -3.3610554516385136 0.94859624737974302 0.79103217738570153 -0.20058023660738228 0.55770001826803861 0.15167845149127843
1403715374.0621431 -2.0751555332820395 -3.3827523574848346 0.94872369018503444 0.79369893178286577 -0.19008229817350522 0.56008672461531051 0.14217449320292985
1403715374.1121433 -2.0666747974275186 -3.4034652789747444 0.94870068855877232 0.79614567981739437 -0.17916806788225476 0.56256784694001571 0.13254537920544029
1403715374.162143 -2.0579556217054176 -3.4241522625820653 0.94921986037633821 0.79895170463307275 -0.16725431971653326 0.56409876421135496 0.124477911354944
1403715374.2121432  -2.047820129887389 -3.4443888744660422 0.94815303501831205 0.80157659069763976 -0.15590619668159381 0.56559294596978149 0.11520784066656461
1403715374.2621431 -2.0356481863469766 -3.4673298219106075 0.95009482598030748 0.80401710741641608 -0.14419639233244738 0.56700003998736304 0.10618307809804216
1403715374.3121431 -2.0269055623488885 -3.4856370478170362  0.9507023306543172 0.8068123054222367 -0.13324358564707015 0.5674504908064123 0.096436461915238511
1403715374.362143 -2.0188879493300131 -3.5018672991909483 0.95110266789462439 0.80944625851343455 -0.12226926808244278 0.56742465270280518 0.088748206552508813
1403715374.4121432 -2.0105787473967816 -3.5187431796745479 0.95152578131242105 0.8123020435805377 -0.11260087485956012 0.56637007790318605 0.081922938373102036
1403715374.4621429  -2.001960300772434 -3.5351906715638335 0.95212575260484023 0.81497180951284953 -0.10440877795534412 0.5649063255958775 0.076161670720829314
1403715374.5121431 -1.9935438097214935 -3.5515082920850123 0.95332998168021099 0.81861615184769598 -0.098107116183420426 0.56133973189399411 0.071695851242743955
1403715374.5621431  -1.983165066301078 -3.5693229898327101 0.95612318056052126 0.82141347921072383 -0.093076516287703984 0.55854566138089901 0.068142515651043678
1403715374.6121433  -1.972774262038286 -3.5867757407636263  0.9564934796350808 0.82422478493140561 -0.088863389100574827 0.55537286704484279 0.065709820671869382
1403715374.662143 -1.9617110832635167 -3.6023261447386528 0.95725141782857814 0.82607476756755682 -0.086516193625198579 0.55326163275802154 0.063379747133783387
1403715374.7121432 -1.9493859114991454 -3.6171839519634412  0.9577246992868691 0.82742108967672867 -0.084462526434761709 0.55168335215767539 0.062336994942831826
1403715374.7621431 -1.9349071912250548 -3.6318404337732355 0.95930352025503318 0.82833391962990488 -0.083175974234889649 0.55050658303793754 0.062347228747793762
1403715374.8121431 -1.9190595849688725 -3.6466557066265763 0.96010750689925672 0.82878701162911317 -0.082345666783508881 0.54988801147325295 0.062884460360691424
1403715374.862143 -1.9029534852028038 -3.6598359441843398 0.95932370195726135 0.82883432762079146 -0.08256824605510181 0.5497202525952245 0.063433319221189291
1403715374.9121432 -1.8847978327174801  -3.673415736760596 0.95982653989946376 0.82837133714075817 -0.082047755853470059 0.55027526632181922 0.065316344336566551
1403715374.9621429 -1.8650595533270855 -3.6862871907995336 0.96109585474451775 0.82602795934209039 -0.081914759651776664 0.55358884263304176 0.067135503636622809
1403715375.0121431 -1.8439089681746241 -3.6985942306369934 0.96165196461399827 0.82379711478168227 -0.082419748141519797 0.55662400446337179 0.0688114557964353
1403715375.0621431 -1.8214652167454684 -3.7100524851190491 0.96221975470051946 0.82164103587772142 -0.082382285896391752 0.55944539456994802 0.07169391624639658
1403715375.1121433 -1.7986910313396101   -3.72001420549641 0.96286449349193859 0.82016421610201318 -0.083422683994488919 0.56121194535610452 0.073569469282730851
1403715375.162143 -1.7754182831963028 -3.7290896529829092 0.96283084152271237 0.818611013078965 -0.085039480957099123 0.56304068788537676 0.075029858922563156
1403715375.2121432  -1.751843664755945 -3.7372754911913617 0.95961219103539075 0.81719542921551891 -0.086874677155595173 0.56465532738300006 0.076215367193053343
1403715375.2621431 -1.7271099676849793 -3.7439316108003435 0.95828133306901375 0.81662036208681243 -0.089635727855911965 0.56501052902781912 0.076548824972356655
1403715375.3121431 -1.7022205836731827  -3.749557499145288 0.95686316044414843 0.81613499066395456 -0.092086751502101979 0.56515675690733325 0.077727391141878752
1403715375.362143 -1.6768996728239582 -3.7546001701502969  0.9554375378347042 0.81521707683758093 -0.09603424873377292 0.56597056029172943 0.076654194833652323
1403715375.4121432 -1.6527937742865657 -3.7592232422916356 0.95770320438228262 0.81582139465699877 -0.09786030640467111 0.56447786896788954 0.078889466316888354
1403715375.4621429 -1.6271871265699982 -3.7643011558390778 0.95903449962476717 0.81520195537635465 -0.10098846301974629 0.5648953181245786 0.078360588617035945
1403715375.5121431 -1.6031253633795053 -3.7681986797244296 0.96010444310849585 0.81521857111008267 -0.10359910280477115 0.56436346228694112 0.078611638138243678
1403715375.5621431 -1.5767717821710141 -3.7707102306811229 0.95824626508387556 0.81504694800541211 -0.107142643198053 0.56405649588923301 0.077840837615980762
1403715375.6121433 -1.5503046205634761 -3.7725782931080869 0.95633699696756436 0.8147291872326734 -0.10990298137230062 0.56398096947931997 0.077866245715544374
1403715375.662143 -1.5223704912724125 -3.7742531468064024  0.9532085242150713 0.8140532244308254 -0.11217482657646917 0.56445124900282584 0.078287569737892512
1403715375.7121432 -1.4945191945147378 -3.7759786555539701 0.95013740561322602 0.81310023893142835 -0.11338598417813321 0.56537758245011527 0.07974841255143196
1403715375.7621431 -1.4680124878823193 -3.7769710575699844 0.94623172828036128 0.81218682656899188 -0.11465220928367428 0.56634681403256837 0.080366136458848741
1403715375.8121431  -1.440969864915415  -3.777804200217739 0.94235856546051533 0.81140310537119387 -0.11554486854757774 0.5671385139906342 0.081414310135268703
1403715375.862143 -1.4129935389983743 -3.7784197818928544 0.94034062859352852 0.81047893592541109 -0.11525655745688571 0.56819303779374619 0.08364503683492322
1403715375.9121432 -1.3862762175123928 -3.7787733161995765 0.93781219748721045 0.81019572472756307 -0.11427492142965598 0.5683960136894739 0.086313970985816224
1403715375.9621429 -1.3581203185684565  -3.778815927531987  0.9343788213122749 0.8091383724092629 -0.11370182899708466 0.569778760232176 0.087858709106674857
1403715376.0121431 -1.3298220853153904  -3.777993124182498  0.9300084549220875 0.80857153954715044 -0.11259420526175958 0.57054084169046793 0.089541936202855291
1403715376.0621431  -1.306367552150731 -3.7767070058508625 0.92644895284715545 0.80791096915207106 -0.11326349852615004 0.57149040286798514 0.08860002965668938
1403715376.1121433 -1.2790831826515263 -3.7748181079572718 0.92176512666481547 0.80742646135528939 -0.11415391672988821 0.57232910098215095 0.086433749007342089
1403715376.162143 -1.2535521268964349 -3.7719029406332671 0.91699968221097949 0.80674210558025194 -0.11541155855472167 0.57349512497037403 0.083370791474753833
1403715376.2121432 -1.2273466416440264 -3.7688837662141412 0.91249565144376532 0.8059751570184801 -0.11702636114602227 0.57468284867169972 0.08030255605232936
1403715376.2621431   -1.20159616658345 -3.7653009118723366 0.90744319159372355 0.80535121461959813 -0.11823808161821016 0.57569361642393102 0.077498626921508981
1403715376.3121431  -1.174072888657379 -3.7611370315333477 0.90342923882250059 0.80192889175159454 -0.11739709239744292 0.58061760905552651 0.077531718188942181
1403715376.362143  -1.150396674841567 -3.7574645248961631 0.89881917181050153 0.79705014957669673 -0.11657406503267631 0.58745356528292214 0.077587724917710377
1403715376.4121432 -1.1274750012421215  -3.753773426391124 0.89404573778211982 0.79360232568070321 -0.11357704853367918 0.59235371587176755 0.080079198381768843
1403715376.4621429 -1.1056389097791797 -3.7492488987881485 0.88888590013373237 0.79394087501896149 -0.11074265927220425 0.59200366296171336 0.083220270555679862
1403715376.5121431 -1.0854248828654878 -3.7428735398753825 0.88413436045396177 0.79638363984324012 -0.10832525700222434 0.58884380547380477 0.085450041782099098
1403715376.5621431 -1.0642184698422588 -3.7370027353781836 0.87775734165685404 0.79958553407030042 -0.10651774598971135 0.58465475763081565 0.086578044990841124
1403715376.6121433  -1.042158522263537 -3.7277959800933109 0.86933385149663067 0.80224857472216393 -0.10491416038189244 0.58116519355859086 0.087391424657254871
1403715376.662143 -1.0265281917755882  -3.719672702363698 0.86272641892154345 0.80501859016427124 -0.10386938570656258 0.57756473200252001 0.087035628048104052
1403715376.7121432 -1.0097391719106781 -3.7114491632346955 0.85566658206405111 0.80606947150534536 -0.1030076983791853 0.57637522193317559 0.086214991290371995
1403715376.7621431  -0.993369307262009 -3.7016606655934012 0.84990519999258252 0.80645333722152857 -0.10116097665096634 0.57610202957766488 0.086636731262077701
1403715376.8121431 -0.97728747696736895  -3.6912938872078098   0.8446549917200008 0.80559761478960012 -0.099531605679680391 0.57759208375444504 0.086564006956297859
1403715376.862143 -0.96077577160651106  -3.6804494057111201  0.83981558867518036 0.80373741941667298 -0.098312072323774188 0.5805552799398086 0.08541934206514816
1403715376.9121432 -0.94474234354373865  -3.6677243711505993   0.8349107874104158 0.80010389865602916 -0.096630173960591509 0.5859504051101988 0.084607822256352133
1403715376.9621429 -0.93002880379774389   -3.654055927162859   0.8314962616443029 0.79562330640903944 -0.094062985828517687 0.5923322931027426 0.085312153550466702
1403715377.0121431 -0.9178924753620894 -3.6415885985766523 0.82713182649119155 0.79270963773468517 -0.093057922009332106 0.59678499233966231 0.082458027577661921
1403715377.0621431 -0.90616842779220963  -3.6257393044198341  0.82250285857756966 0.79289593633405187 -0.091101438017982025 0.59696600814824263 0.081536171430571
1403715377.1121433 -0.89768366098090269  -3.6083658388035116  0.81774496666708374 0.79610917252888458 -0.089656500506075806 0.5929852546054275 0.080872647742702169
1403715377.162143 -0.88880301179459353  -3.5892328316455364  0.81178650938583996 0.79933225084596349 -0.087378970446865933 0.58893691424532801 0.081155279066508088
1403715377.2121432 -0.88124683627743383  -3.5702891543216011  0.80603716344905352 0.80226879182054822 -0.085468792773888538 0.5852289653734517 0.08103659186127761
1403715377.2621431 -0.87408202828566672  -3.5498428346159283  0.80130605194628346 0.80427166095041269 -0.084057890491316595 0.58282427379894497 0.079982700060367284
1403715377.3121431 -0.86978477928625131   -3.528876842606675  0.79566275955180343 0.80531627997823119 -0.083820246827522413 0.58170051227243513 0.077874061443994572
1403715377.362143 -0.86532377237804181  -3.5069260262228257  0.79197301583299407 0.80538403525292157 -0.083184136298882091 0.58188615540941879 0.076455590840536464
1403715377.4121432 -0.86120143202677391  -3.4839229212338849  0.78827061124844078 0.80429803500401553 -0.083006938578289668 0.58373645878703895 0.073934198577566446
1403715377.4621429 -0.85937436912852105  -3.4608795205875271  0.78468395073090569 0.80334304286933012 -0.082269175132057018 0.585251408981597 0.073160963509184843
1403715377.5121431 -0.85524978648938621  -3.4363585843046378  0.78035304690808049 0.80286230880402276 -0.08161311172461122 0.58614864852615312 0.071980378767164732
1403715377.5621431 -0.85370509423866792  -3.4107325162240918  0.77620517453669635 0.80273734400989338 -0.081691401582395684 0.58650033346500674 0.070403340012259216
1403715377.6121433 -0.8521923859839412  -3.385013358603401 0.77459249760729421 0.8031632814775117 -0.081816608634591531 0.58595167463861619 0.069967283969085303
1403715377.662143 -0.85168506239387254  -3.3579392066647382  0.77031081263293666 0.80455027018373504 -0.081639894037736541 0.58415402851681486 0.069266596685290102
1403715377.7121432 -0.85164165568076711  -3.3306846076104861  0.76562286501483112 0.80588349389411962 -0.081940962364810785 0.58234850326986387 0.068612635097951014
1403715377.7621431 -0.85242598790303092  -3.3015931738620443  0.76086829009968437 0.8063574700452073 -0.081882842538665859 0.58171087365381602 0.068522186720760714
1403715377.8121431 -0.85162319647115547  -3.2746802366572596  0.75601668420800006 0.80702621184365986 -0.0821386866203761 0.5807980269139994 0.068085104761300447
1403715377.862143 -0.85368971330282295  -3.2452217719339727  0.75203454113644952 0.80756315320123484 -0.082407424812937904 0.58005908992964461 0.067692112667366217
1403715377.9121432 -0.85363186788675816   -3.214605391644469  0.74814263806010473 0.80780785805339517 -0.082564348748258021 0.57970551136395176 0.067610005747825178
1403715377.9621429 -0.85581686079102826  -3.1842944510817466   0.7437794799697679 0.80774675277692698 -0.082637604451718014 0.57985351850606648 0.066978405362820251
1403715378.0121431 -0.85912535350475827   -3.153223678156067  0.73919984186629084 0.80768157568614452 -0.083957510791340978 0.57998270317676326 0.064974400302296634
1403715378.0621431 -0.86271144095617947  -3.1222260791074063  0.73486191766506737 0.80712081403980984 -0.085576451750379326 0.58085739920292478 0.061946301267662797
1403715378.1121433 -0.86415031924324337  -3.0917073326964819  0.72970936761996563 0.80685676298891851 -0.086928362744949611 0.5813334968585655 0.058966000370712944
1403715378.162143 -0.8687433432980971 -3.0596878900888909 0.72469195846009871 0.80628620803418549 -0.088353771558113692 0.58222109251140297 0.055810045871144971
1403715378.2121432 -0.87330847783204613  -3.0278186744580355  0.72185143353666126 0.80552478615958878 -0.090343909340969142 0.58326669733949177 0.052609473502604358
1403715378.2621431 -0.87924163267557087  -2.9976566702742975  0.71864654437618791 0.80650113425327885 -0.091958984910104957 0.58195645296785137 0.049255988382680485
1403715378.3121431 -0.88570545863505412  -2.9670583268469861  0.71389197889201139 0.80763979446098133 -0.094138892855794631 0.58032778031321119 0.045557640979863721
1403715378.362143 -0.89206556861334196  -2.9350585944972858  0.70763841289420593 0.80952456663599137 -0.096149063324348527 0.57759605948648973 0.042522061336915142
1403715378.4121432 -0.89831396023075138   -2.908738676426402  0.70121516695719821 0.81214501442200648 -0.097099139379714733 0.57387499985267609 0.040739627210969923
1403715378.4621429 -0.90585283222897151  -2.8814252515588494  0.69654183778559942 0.81413316609549446 -0.096892049948383269 0.57103451177606568 0.041457265717800146
1403715378.5121431 -0.91265813160942688  -2.8524410359894303  0.69110350900686535 0.81614087093123866 -0.095566675235443627 0.56819986999585648 0.043931732457694002
1403715378.5621431 -0.92014046943164773   -2.826999914947391   0.6877435183707431 0.81752695256645425 -0.093275482148786865 0.5663042672663996 0.047421968887681694
1403715378.6121433 -0.92756424635463863  -2.8022387543133629  0.68516463139278871 0.81851153386643383 -0.092239662474043638 0.5649018088311446 0.049159535937530724
1403715378.662143 -0.93471576700180936  -2.7778565008182485  0.68251077423232998 0.81984253640185656 -0.091300367325864273 0.56294726071647427 0.051115947454300356
1403715378.7121432 -0.93994629653891704  -2.7558237300343285  0.68016104716055159 0.82123643034487126 -0.090387341692678008 0.56094987795075146 0.052307631978341908
1403715378.7621431 -0.94580434726729257  -2.7333404056753521  0.67797299421129964 0.82278410787248935 -0.090309901249413391 0.55863793002373541 0.052859215919168097
1403715378.8121431 -0.95136279945907587  -2.7133886585656612  0.67745707057850235 0.82481832484635098 -0.090334322457674657 0.55565740529994312 0.052528936017274798
1403715378.862143 -0.9549304555711482 -2.6922393958813511 0.67734431653193428 0.82639408584796559 -0.090746690432505675 0.55330786976956214 0.05184837800859049
1403715378.9121432 -0.95775378858882887  -2.6711960561519343  0.67726825326253703 0.82750427971376361 -0.091074189748374099 0.55165489231046239 0.051176545477539137
1403715378.9621429 -0.95787195962723637  -2.6498146488562146  0.67851825992309511 0.82810049006088116 -0.091707022082044107 0.55068546194096457 0.050842132809693331
1403715379.0121431 -0.95840636701254556  -2.6299162964090339  0.67991881560364564 0.82811277741251244 -0.092020136982212161 0.55064785850432707 0.050482256293755204
1403715379.0621431 -0.95767177287971539  -2.6105647525513742  0.68220002309595762 0.82790548455956947 -0.091470957038572748 0.55093210734951881 0.051762783407100992
1403715379.1121433 -0.95790086970741406  -2.5902674540020953  0.68470194833163445 0.82707742765190662 -0.090261867077461561 0.55222904431946152 0.053280452610786379
1403715379.162143 -0.95535099166205273  -2.5718474303927525  0.68822677774419883 0.8254280810109661 -0.087772236486832855 0.55469076839899234 0.057294581188704591
1403715379.2121432 -0.95209132528310214  -2.5536392568723216  0.69159054532892905 0.82454654753529411 -0.085478069189913242 0.55597085163484572 0.060933593096222281
1403715379.2621431 -0.94850183231022822  -2.5354763222959877  0.69488070659639301 0.82382723834489668 -0.083251100120780866 0.5569805343807428 0.064425305669766009
1403715379.3121431 -0.94466146749202573  -2.5174856883870813  0.69876183794614821 0.82337912113076639 -0.081534457329199728 0.55754341858260337 0.067411360683372487
1403715379.362143 -0.93978238342063714   -2.502361259168842  0.70448004967376321 0.82286956128240663 -0.079452261738544194 0.55829241045653144 0.069875658466775042
1403715379.4121432 -0.93448967950060968  -2.4835468966516872  0.70852092146733936 0.82281794470719871 -0.078185838921113096 0.55826298991665946 0.072111292800328797
1403715379.4621429 -0.9275447747070511 -2.4641169009491759 0.71156134905877733 0.82344438765227557 -0.077219853330325952 0.55725431289542859 0.073783910543260153
1403715379.5121431 -0.92085105919265897  -2.4439909788768097  0.71481735466272278 0.82400072100424404 -0.076374066123552173 0.55634350872670313 0.075310783463606201
1403715379.5621431 -0.91046712260876583   -2.422491955186258  0.71925613465841698 0.82486220348328843 -0.076831880171570999 0.55500985156049265 0.07525471496720558
1403715379.6121433 -0.90005248546135852  -2.4013030283544685  0.72423338781037816 0.82567583877696227 -0.076344761239990677 0.55376304899313789 0.076009027496688114
1403715379.662143 -0.89023447025702185  -2.3790449429708884  0.72779136876616768 0.82712082706572265 -0.076436033173195 0.55154943058034434 0.076301349223714121
1403715379.7121432 -0.87858297546838127  -2.3575210041251937  0.73248292280911442 0.8269743167719712 -0.075402705202615231 0.55179992960769875 0.077102199272120614
1403715379.7621431 -0.86588757827038054  -2.3338154802785449  0.73695128712734059 0.82678028788392022 -0.075131673271442878 0.55206867659467718 0.077522664821438381
1403715379.8121431 -0.85236597927395508  -2.3091115328155807  0.74208764372192881 0.82527279487084049 -0.074454955361629216 0.5543219079763817 0.078156867936179861
1403715379.862143 -0.8376459002692519 -2.2836983589834627 0.74708361037079207 0.82327773082724509 -0.073266513968396341 0.55723488068491744 0.079593238424673335
1403715379.9121432 -0.82165599166196723  -2.2571717080504294  0.75183654241590581 0.82082730380610613 -0.072297424813491315 0.56082357438922759 0.080576287461179091
1403715379.9621429 -0.80475673819985116  -2.2292690966807567  0.75592891099774839 0.81895775428060191 -0.071801153931679962 0.56349104901513847 0.081428672330888963
1403715380.0121431 -0.78762812813506622  -2.2003304075044876  0.76040413580710398 0.81774819393336229 -0.070990418689973148 0.56510974271676873 0.083061606410747738
1403715380.0621431 -0.77019496801243015   -2.170230334255896  0.76426281490178782 0.81592223164812738 -0.071864631063401574 0.56772660472286607 0.082418984428998129
1403715380.1121433 -0.75264414325649931  -2.1390448855022681  0.76729879673580892 0.81440494408859754 -0.074746567272346992 0.57001023116689453 0.079030842650904987
1403715380.162143 -0.73610522485914043  -2.1050191332847996  0.77038350369267428 0.81277824578522084 -0.078746908706865057 0.5724415213843832 0.074169752207652956
1403715380.2121432 -0.72049523476364186  -2.0722542125130214   0.7734060012780879 0.81173083949887437 -0.081075671509714634 0.57397999387156162 0.071181081270964092
1403715380.2621431 -0.70416868013457434  -2.0389547738769811  0.77582255061421312 0.81140349198302686 -0.08381585789096184 0.57448639352237851 0.067562258853617135
1403715380.3121431 -0.68920552426731785  -2.0068896572494674  0.77903444507088337 0.81161991670906353 -0.085894551414225223 0.57418074610441927 0.064897670539815641
1403715380.362143 -0.6736658074345212 -1.9741914132450948 0.78113084141904687 0.81222444756547718 -0.08784898587325124 0.57316337214126789 0.063700481110014348
1403715380.4121432 -0.6580170932998024 -1.9417607274029436 0.78313017120781647 0.8133192949072795 -0.088700770128483403 0.5714659017155248 0.063801419158212899
1403715380.4621429 -0.64233476085517804  -1.9090847715463246  0.78586961552523926 0.81357411342419395 -0.088197875619669255 0.5710074199417895 0.06533623094145595
1403715380.5121431 -0.62739140357024703   -1.876950253671027  0.78855147929684355 0.81353156523012415 -0.087296754005647542 0.57103943829659864 0.066780453908362514
1403715380.5621431 -0.61714548520608548  -1.8430378228026916  0.79289563987241218 0.81356638978042839 -0.08619576431082604 0.57100048880813259 0.068106250927403841
1403715380.6121433 -0.60309765042332208  -1.8107967739601409  0.79579298338530036 0.81387860697142234 -0.085115824242718116 0.57066348984568582 0.068557209211597123
1403715380.662143 -0.5897717572550506 -1.7777614315073824  0.7985358791846644 0.81390602500823883 -0.084669022880233855 0.57067905491691806 0.068655337002507894
1403715380.7121432 -0.5765265129164705 -1.7444651448509358   0.801384349503658 0.81358378439972012 -0.08439223942993293 0.57120407986144095 0.068449067455116308
1403715380.7621431 -0.56088590047522646  -1.7089101936203501   0.8047349047993021 0.81326769617891548 -0.083806511507090786 0.57169634411520642 0.068814337940276901
1403715380.8121431 -0.54618803168194663  -1.6737589260515131  0.80810882119060101 0.81285120380701725 -0.08335444097834116 0.57237697835527968 0.06862617785911547
1403715380.862143 -0.53331417678603177  -1.6397781678453789  0.81106868507786145 0.81233432129219729 -0.082776241156495053 0.57317824185114818 0.068758617053965174
1403715380.9121432 -0.52226066632312085    -1.60530679042081  0.81421304345758605 0.81217857013455741 -0.08220066949060241 0.57340922156626473 0.069360541897053513
1403715380.9621429 -0.50876674385358589  -1.5708098538874324  0.81622234992946796 0.81184845290710284 -0.081815227553774142 0.57386241271667249 0.069930603627221297
1403715381.0121431 -0.49710673671150113  -1.5358796009260962  0.81793515223413482 0.81190171843664372 -0.081063395624154391 0.573775709514874 0.070892599474203219
1403715381.0621431 -0.48515301641595326  -1.5002512243473183  0.82008259800624361 0.81130996765806718 -0.081511399491918352 0.57447133285767638 0.071517241671220574
1403715381.1121433 -0.47553091297376693  -1.4639781689902125  0.82260423737212418 0.81126227810292151 -0.083133487366882391 0.57444277223511764 0.07041193671751525
1403715381.162143 -0.46384324000377974  -1.4269628086314163  0.82945300492960872 0.81053839508857484 -0.085765091900613044 0.57525371133516046 0.068956701586145072
1403715381.2121432 -0.45090752133968998  -1.3911888689520977   0.8320478819163396 0.80982133867491091 -0.088261540585309745 0.57600700328038645 0.067935499204996239
1403715381.2621431 -0.44111358274568241  -1.3548937665258511  0.83300270893545991 0.8089783981750801 -0.090625648126209365 0.57692973690225591 0.067030007203340528
1403715381.3121431 -0.43193971064118919   -1.319079790491279   0.8337225506867384 0.80826053877390358 -0.092320895014007531 0.57771179082335677 0.066639631964785298
1403715381.362143 -0.42346372983767122  -1.2856816642099109  0.83625532676146663 0.80798095572505491 -0.094661972045271853 0.57788199870678869 0.065255511681191355
1403715381.4121432 -0.41500420962226342  -1.2507785490225585  0.83699251877978231 0.80697997716552838 -0.097409717556582703 0.57889962493566094 0.064574667082541559
1403715381.4621429 -0.40699617026444301  -1.2167320490262918  0.83736112475232027 0.8062454263704889 -0.099417227397285104 0.57953818852256989 0.064961645586326042
1403715381.5121431 -0.40031021843012737  -1.1817918607607423  0.83912025809083923 0.80424494774539079 -0.10118894143449673 0.5818978116617628 0.065922673949342175
1403715381.5621431 -0.39422613097919279  -1.1486456054703904  0.83887591966443775 0.80393058560848718 -0.10046892425976049 0.58207813246462259 0.069185666779895821
1403715381.6121433 -0.38952833275337584  -1.1163479569686059   0.8381870757348705 0.80413408368780903 -0.10025684406784355 0.58153872134140805 0.071621618591903788
1403715381.662143 -0.38522698572650549  -1.0831212470279743   0.8363037838900067 0.80558679696225322 -0.099478769230669575 0.57929107348495767 0.07453683125203274
1403715381.7121432 -0.38114906867767506  -1.0505247028045777  0.83444359573939508 0.80833643463189198 -0.098684809245250471 0.57524041700226203 0.077149073344359262
1403715381.7621431 -0.38176734133050089  -1.0140064698207056  0.83132878013483058 0.8110588767428859 -0.097528150232115807 0.5713207584569715 0.079147642573995786
1403715381.8121431 -0.37882840266974516 -0.98112898192083686  0.82927386346016785 0.81385726904248867 -0.096896814842614268 0.56722565690491511 0.080637503984474057
1403715381.862143 -0.37663582985194871 -0.94600034758033558  0.82644430002272329 0.81715247830833859 -0.096508268040803674 0.56235705407694181 0.081868950916744801
1403715381.9121432  -0.3726287917838188 -0.91284208285948265  0.82426213929517644 0.81984573705121633 -0.097586664842718732 0.55791627219969619 0.084019304321193727
1403715381.9621429 -0.36641637022994733 -0.87693384537569741  0.82115037309713157 0.82169851025269958 -0.10029153907687639 0.55410361420874432 0.08787690344392296
1403715382.0121431 -0.36153349441960164 -0.84251961765362215  0.81878588311176259 0.82234652450097445 -0.10534380214057995 0.55173241046873023 0.090775680829720595
1403715382.0621431 -0.35527258390177763 -0.80883209900041464  0.81684264600307799 0.82263277743652718 -0.11157817395027934 0.54943867342683561 0.09456621345885366
1403715382.1121433 -0.34745891849202315 -0.77328423231266674  0.81415782510987567 0.82190345528158637 -0.11969201229041695 0.54824964887601035 0.097830746176197331
1403715382.162143  -0.3396861566239826 -0.73896100611314097  0.81230143151824941 0.82062002712111681 -0.12867323610999609 0.5475322356314769 0.10116531194592189
1403715382.2121432 -0.33077089610732674 -0.70485853439865009  0.81118257030967289 0.81881831750118439 -0.13863168368184683 0.54715120786166116 0.10461058712956049
1403715382.2621431 -0.32132913988303374 -0.67087032915484102  0.81010985662650747 0.81682249828615405 -0.14821174340621884 0.54664675506166394 0.10959749354163364
1403715382.3121431 -0.31085793960647029 -0.63722645145184231  0.80898247032121184 0.81447655388223195 -0.15854259138498514 0.54625810546021036 0.1144302062922164
1403715382.362143 -0.30107522399251668  -0.6059724138151239  0.80965266272008052 0.8119307908022263 -0.16863483754723393 0.54573606346158177 0.1204277025860165
1403715382.4121432 -0.28870191813390134  -0.5737286572324225  0.80941266617852714 0.80884227404160158 -0.17874275186933417 0.54564386737180881 0.12687779308028763
1403715382.4621429 -0.27359251368621368 -0.54227618419877899  0.80943098978940142 0.80681275176812395 -0.18842839166772987 0.54407395776618206 0.13240639440186822
1403715382.5121431 -0.25956917629432025 -0.51002018950145067  0.80835227260304643 0.80439948289430996 -0.19729081315884495 0.54331835032998088 0.13719685549310789
1403715382.5621431 -0.24248966651053516 -0.47680380613811485  0.80713747686720416 0.80248628043887615 -0.20543095136045927 0.54207292817124064 0.14131820291233235
1403715382.6121433 -0.22659669218971917 -0.44555924712116718  0.80629736080735026 0.80037587368072605 -0.21360612469284113 0.54118912122076446 0.14451719411826972
1403715382.662143 -0.21020214605791995 -0.41446799337658907  0.80479526686246994 0.79865224791382416 -0.22120193092124854 0.53942100045940133 0.14916191512006488
1403715382.7121432 -0.19305460994322629 -0.38397243027295724  0.80204711901137549 0.7962660029440195 -0.22959774065771318 0.53837023167417197 0.15297981464077742
1403715382.7621431 -0.17521731129205273 -0.35398903308863472  0.80001340076966487 0.79492447237374941 -0.23687432828821064 0.5356264976671139 0.15839788766327192
1403715382.8121431 -0.15654124325644289 -0.32479663748512361  0.79838584057863926 0.79252997341577835 -0.24383039791451855 0.53434099757565834 0.16408131094150752
1403715382.862143 -0.13717726837913377 -0.29632168487165067  0.79733603092715832 0.7903928950912078 -0.25142369351222976 0.53243152923462456 0.16906171774499024
1403715382.9121432    -0.11718584253096 -0.26789907643363853   0.7952098425864913 0.78808896882889434 -0.25854516149820023 0.53068555201952905 0.17447928689047151
1403715382.9621429 -0.096426079875988016  -0.24304943003517757   0.79425864541761015 0.78593560983903521 -0.26642641801308331 0.52866318124405409 0.17843043957962432
1403715383.0121431 -0.074807583760497273  -0.21672797532626722   0.79291353983352852 0.78348717829782666 -0.27421291882397447 0.52706154910864567 0.18210227907453744
1403715383.0621431 -0.051127234640975593  -0.19398678421064228   0.79016393390700379 0.78148652063441726 -0.28188321312611381 0.52537121742615245 0.18386341703713882
1403715383.1121433 -0.027932303751981871  -0.16858270050601981   0.78809732779113861 0.7796080775362656 -0.28863872428855697 0.52425053255798237 0.18455435891344965
1403715383.162143 -0.0036580178641335732   -0.14328489121626964    0.78476020708380168 0.77815588728084373 -0.29377659512897758 0.52322640719232327 0.18548006378368803
1403715383.2121432 0.020894089390689988 -0.11913248921844527  0.78177452788065338 0.77729674962400819 -0.29896254133301581 0.52180150688393812 0.18480895356369606
1403715383.2621431  0.046540577978398757 -0.096602380148411757   0.77959763628613465 0.77682415833701102 -0.30123207544105007 0.52075985026092408 0.18604473146448439
1403715383.3121431  0.071842227071884909 -0.076129191085448286    0.7745405199933022 0.77590786107471266 -0.30413808387594171 0.52061851413313043 0.18553538692267488
1403715383.362143  0.098505892662178143 -0.055814504539384302   0.77182630595088442 0.774860145301415 -0.3064519624240481 0.52116461074087794 0.18457084943519395
1403715383.4121432   0.12613775699833785 -0.039586746298688455   0.76740722735885625 0.77403736097271236 -0.30715918292008382 0.52197748124795529 0.18455056010835083
1403715383.4621429   0.15301826855112274 -0.022462411116815385   0.76404596238769185 0.77267942549794533 -0.30816706892459922 0.52337322764614624 0.18460776697051973
1403715383.5121431   0.18016737869367311 -0.007016728449858037    0.7612877330946124 0.77006738140409081 -0.30974875611103997 0.52590630022949481 0.18567309865469114
1403715383.5621431    0.20753706351604351 0.00096688510725633729    0.75557139405951756 0.76736814298016354 -0.31125389645671908 0.52808430414398277 0.18813323150483266
1403715383.6121433  0.23356758555217366 0.012580694753218996   0.7523074136437824 0.76389572975383246 -0.31337804937595765 0.53026421735318985 0.19255485459470728
1403715383.662143  0.26129191355024989 0.023892776351560282  0.74972221939282169 0.76096133058195503 -0.317451768060169 0.53047840247666433 0.19686262423380224
1403715383.7121432  0.28719175618672244 0.033660355000197428  0.74607906803982238 0.75775688710137323 -0.32266471380620365 0.53003762518319919 0.20187148982694872
1403715383.7621431  0.31239123382575212 0.042253251176576308  0.74276521477837898 0.75380722263786659 -0.3291771254454498 0.52944386077182215 0.20762054203157243
1403715383.8121431  0.33738889980852721 0.049745653947642209  0.73944118716614471 0.74953100797726946 -0.33709321966228795 0.5281895925060085 0.21351155403543798
1403715383.862143  0.36177193574819477 0.056666352165656464  0.73599750172651202 0.74542886966352329 -0.34590600273028105 0.52561801283160592 0.22002395809155612
1403715383.9121432  0.38589204566004481 0.062531446741833099   0.7318321982323519 0.7404142422047103 -0.35586988971316946 0.52310412606893286 0.22694811042531166
1403715383.9621429  0.40911312154726331 0.068254275008268112  0.72822474361759826 0.73556938282131024 -0.36590166045784295 0.51925413331696713 0.23543322400059763
1403715384.0121431  0.43486073306412115 0.075776339891514638  0.72372564126485106 0.72973781010436356 -0.37686796754177992 0.51594995460767845 0.24341098554779772
1403715384.0621431  0.45684386029082785 0.080999386170562987  0.72020455015810292 0.72432023083413821 -0.38785707973556877 0.51169437969252607 0.25118907359687931
1403715384.1121433  0.47781319075335738 0.085838710914321686  0.71753620669333029 0.71817859632164738 -0.39900596745985489 0.50782095389995174 0.25909770453833936
1403715384.162143 0.49826378485300543 0.09116732818272634 0.71104987387739693 0.71170628059472096 -0.40995732750767755 0.5040896033093879 0.26702590065417831
1403715384.2121432  0.51724140224094495 0.095426037274328107  0.70829464549605314 0.7055880190669912 -0.42097609554274812 0.49993757910867198 0.27383770983132083
1403715384.2621431  0.53770627355360301 0.097659067213347425  0.70568327995341706 0.69883181125078142 -0.43186114718894908 0.49652197821334654 0.2803497356583417
1403715384.3121431 0.55626491202049611 0.10064587298317801  0.7038964148451573 0.69179842470760788 -0.44299519973308599 0.49317138949850037 0.2862728998100138
1403715384.362143 0.57420859391078172 0.10363373752316571 0.70161532065477583 0.68455934996411383 -0.45367680371764774 0.48975147007743136 0.29274451609252011
1403715384.4121432   0.591318086035866 0.10571463994748327  0.7005424798006239 0.67770496552492021 -0.46368883975234199 0.48599880092767711 0.29918857780479136
1403715384.4621429 0.60735064815627593 0.10772013237147755 0.69894589712883926 0.67094223343364212 -0.47405707297100957 0.48194487091134125 0.30468927182210703
1403715384.5121431 0.62299082965921315 0.10907017415531239 0.69815494214938256 0.66449507697213173 -0.48464713343385607 0.47741263579646737 0.30925818326443139
1403715384.5621431 0.63714633714071722  0.1096412311079142 0.69642091920227944 0.65912562489100701 -0.49463256705464648 0.47133086172693744 0.31422802708337894
1403715384.6121433 0.65042769061077699  0.1081828282526604 0.69750744466517478 0.65333170466002211 -0.50469949379342816 0.46601281866153565 0.31822658200379483
1403715384.662143 0.66425464626283459 0.10732304900953867 0.69742430699652347 0.64772365097094409 -0.51448541007053883 0.4598814101049048 0.32290544039601526
1403715384.7121432 0.67552478019946771 0.10480923988656482 0.69647741708425925 0.64265416881688053 -0.52317012843774158 0.45317691677512628 0.32851075798961554
1403715384.7621431 0.68707703567145628 0.10257390279416638 0.69944871498739991 0.63618695140117554 -0.53205223278129565 0.44835764756829116 0.33340966441653169
1403715384.8121431  0.69630304647626906 0.099306472887956534  0.70040021785306072 0.6305064125677845 -0.54010568468780773 0.44310360673150118 0.33824060486634688
1403715384.862143  0.70566369915902638 0.094717007343956661  0.70205299276229605 0.62456179459965977 -0.5479805179411551 0.43833060048602418 0.34279177551533746
1403715384.9121432 0.71431808084035175 0.08829031150310386 0.70350717080713665 0.61827562567358307 -0.55488951510734574 0.43500108259313763 0.34728509162455085
1403715384.9621429   0.7225111922195252 0.080795572629138349  0.70512262575602036 0.61246327657095256 -0.55983944479856995 0.43328615378819596 0.3517550850165978
1403715385.0121431 0.73016913644507686 0.07314337680306672 0.70734476196493434 0.60829319493229439 -0.56289371386804465 0.43109304695852779 0.35677561681106279
1403715385.0621431  0.73638459015489033 0.063834426687019399  0.70978844232919347 0.60537177627699879 -0.56512240801818281 0.4281765835405017 0.36169944671031168
1403715385.1121433  0.74195259926635815 0.053899101289484712  0.71178334728129933 0.60280857592461201 -0.56690925772770229 0.42465856482440878 0.36728846648872671
1403715385.162143  0.74686547585669172 0.042974927355711491  0.71520284437359249 0.60004669204735617 -0.56903209208223682 0.42091457275964628 0.37279668451060893
1403715385.2121432  0.75260622951725331 0.033078049454224469  0.71624313346974522 0.5970481975150721 -0.57138499190940706 0.41694066675333136 0.37843509519067831
1403715385.2621431  0.75476045572559636 0.022283692590205927  0.71735525976282366 0.59476159759620495 -0.57328382552611479 0.41358838960412703 0.38281711220845166
1403715385.3121431    0.7593446356551995 0.0097476823232245449    0.7208970010310376 0.59283633166950012 -0.5756101355567026 0.41049152294406549 0.38563553426533015
1403715385.362143    0.76006675366482379 -0.0035344102119475437    0.71753170704544833 0.59049674955915077 -0.57737265520349645 0.40951594567524863 0.38762236264313848
1403715385.4121432   0.76348512450600881 -0.014713010569119811   0.71976589969291682 0.58933715661346198 -0.57912519326487666 0.40746985806562691 0.38892678119236906
1403715385.4621429   0.76631211774077068 -0.029163750017924983   0.72180515002808188 0.58717963296270193 -0.58071478727667225 0.40817095835042916 0.38908467360111781
1403715385.5121431   0.77028424217440661 -0.043278904120144152   0.72532306198668883 0.58454683350027603 -0.58181003698947398 0.41047709455437598 0.38898667734166092
1403715385.5621431  0.77499547097572496 -0.05868587834649814  0.72917770732668763 -0.58118470526054855 0.58383027267249943 -0.41384535161577074 -0.38742557482487322
1403715385.6121433   0.77845911486229991 -0.074262478680765576   0.73294005726225253 -0.57783475818941188 0.58581097829771622 -0.41835081718049039 -0.38459730069056963
1403715385.662143  0.78128531504489562 -0.08929941728680095  0.73644868593381085 -0.57585454484952758 0.5883047239462339 -0.42115589650993024 -0.38067940027483232
1403715385.7121432  0.78301345353492435 -0.10492063771567331  0.74045437937737868 -0.57420373604065478 0.58951087744012864 -0.42414305613011644 -0.37798103501806624
1403715385.7621431  0.78346921671576752 -0.12024762202280845  0.74446536756007398 -0.57322867794539689 0.58945609366842922 -0.42647907560201237 -0.37691642905527689
1403715385.8121431 0.77892793708525043 -0.1358453702263839 0.74952276393775386 -0.57169636209300645 0.58877694971010774 -0.42996157919973643 -0.37634826088578122
1403715385.862143  0.77665251074923114 -0.15385624629559866  0.75643819560535452 -0.57075119542195329 0.58760421321326595 -0.43221482859668092 -0.37703408795435422
1403715385.9121432  0.77209496010966316 -0.17031541520262578  0.76296544879421091 -0.57005436145813948 0.58518494784461061 -0.43414358838267769 -0.37962606136152616
1403715385.9621429  0.76497697368683681 -0.19181837944356181  0.77238728664459255 -0.57020967260718769 0.58124603055152535 -0.43464256717471994 -0.38483739427590463
1403715386.0121431 0.75663835519847011 -0.2095032098950711 0.77835963689942533 -0.57138448653483531 0.57698316422951856 -0.43369546404759529 -0.39053609462834032
1403715386.0621431  0.74749699216877574 -0.22419849966196975  0.78466773417912961 -0.57292683867055927 0.57368095388490914 -0.43209302987102771 -0.39489316810693859
1403715386.1121433  0.73736316479064734 -0.23845073894055302  0.79073545527843747 0.57424936387911629 -0.57126285425435352 0.4305603608934146 0.39813841193852695
1403715386.162143  0.72701271173529847 -0.25202276057790862  0.79686444927271904 0.57559960059379478 -0.57008659634153602 0.42850422135711752 0.4000881212272076
1403715386.2121432 0.71635234980405416 -0.2650279975082801 0.80217632681681739 0.57708144121370553 -0.56965985469916114 0.42606283622432256 0.40116719673887752
1403715386.2621431  0.70519438433567261 -0.27722675081660625  0.80604751452550716 0.57797592854372482 -0.57022611607591689 0.42426704737809429 0.40097814788098851
1403715386.3121431  0.69423647985388626 -0.28851826827606297  0.80950583984012836 0.57777130153291645 -0.57137211442074665 0.42374881995600738 0.40018891485549202
1403715386.362143  0.68308166182455277 -0.29962151892465133   0.8135498379975511 0.57701863091708583 -0.57159180965044731 0.4241787929788764 0.40050549846672773
1403715386.4121432  0.67287827754937979 -0.31224076952692598  0.81811273818438812 0.57570494067111677 -0.57137009269811179 0.42538298408946423 0.40143412324335354
1403715386.4621429  0.66188209374099793 -0.32136058949222251  0.82058303697594714 0.57430642664072262 -0.57102933183522708 0.42678414078716975 0.40243375563629796
1403715386.5121431  0.65004797599257969 -0.33003599394003186    0.823143164220558 0.57250383452967957 -0.57077346609407809 0.42875014499988789 0.40327450082337291
1403715386.5621431  0.64003134525796523 -0.33489723478554106  0.82275394336370777 -0.57042587835602621 0.5714303185623858 -0.43141589030406158 -0.40244507441711852
1403715386.6121433  0.62928673721631212 -0.34018468165499116  0.82196083410204623 -0.56896973892829383 0.5722728838687815 -0.43290026957723554 -0.40171449957940808
1403715386.662143  0.61820804400409013 -0.34315195902692031  0.82102130435149023 -0.56624533203812788 0.57351824355314085 -0.4364990968011746 -0.39988946816402837
1403715386.7121432   0.6052502012726404 -0.34662961816143789  0.82031171018105387 -0.56463887555886572 0.57484030588752144 -0.43886760987560491 -0.39766415973385694
1403715386.7621431  0.59095285202766867 -0.34855661476195066  0.81901405505447289 -0.56377903683311992 0.57679747041890728 -0.44023179515898359 -0.39452990035860169
1403715386.8121431   0.5743074074343173 -0.34930774109200535  0.81564228308742515 -0.56395152511860058 0.58081704833787262 -0.44046537898206745 -0.38807278131127598
1403715386.862143  0.55798891361566427 -0.34914409811011349  0.81267329189965465 -0.56382702585371014 0.58465459642535034 -0.44115991965549345 -0.38164907059395448
1403715386.9121432  0.53837405995102672 -0.34816820965457346  0.80942239419569861 -0.56371270639429838 0.58827517068196 -0.44149117876294758 -0.37582688472650505
1403715386.9621429  0.51812955944880834 -0.34671873861417796  0.80596540038858466 -0.56392708872423725 0.59092388141896568 -0.44144140713320967 -0.37138213344209536
1403715387.0121431  0.49465811947843324 -0.34620088368489993  0.80259920539933427 -0.56437553224785442 0.59284174900843867 -0.44091881337043487 -0.36825197792893671
1403715387.0621431 0.46873936589471865 -0.3461149409266927  0.7994025473124301 -0.56550593757462309 0.59335807978756772 -0.43939636296669182 -0.36750518354208306
1403715387.1121433  0.44163355337451471 -0.34476668126974608  0.79512523106582911 -0.56765527777239566 0.59187814823809259 -0.43713474868959057 -0.36927084198929033
1403715387.162143  0.41454271383758207 -0.34443253971746279  0.79187236850646214 -0.57023117208801266 0.59004669550776634 -0.4337343972852501 -0.37223081563876104
1403715387.2121432 0.38253361098038963 -0.3438272420900837 0.78820201280280133 -0.57352659544585061 0.58674177583590226 -0.43061789476753476 -0.37599143808230506
1403715387.2621431 0.35216619264253207 -0.3416757100520319 0.78413527883071943 -0.57593994272147364 0.58446056262226487 -0.42826835212294162 -0.37853038410034084
1403715387.3121431  0.31928423746736917 -0.34085620674133049  0.77953848295803907 -0.57782118476744437 0.58194221801007773 -0.42668554155842742 -0.38132057636121552
1403715387.362143  0.28529694496717395 -0.34032676093328007   0.7746408822879296 -0.57936659951240244 0.57984846814052149 -0.42576814974508298 -0.38318609059721193
1403715387.4121432  0.24945360479159118 -0.33950518157904969  0.76904792972624292 0.58115696692733276 -0.57784917039694339 0.42467157830337204 0.38470893756801428
1403715387.4621429   0.2147727801230003 -0.33934611882557753  0.76378329218473062 0.58269723585189026 -0.57667213517492244 0.42370810801989817 0.38520724167850351
1403715387.5121431  0.17860131711039673 -0.33887146429679177  0.75915774761091714 0.58525645309371155 -0.57629643994710555 0.42154678815204766 0.38425981160557643
1403715387.5621431  0.14308276242363477 -0.34066250512005547  0.75308491043019299 0.58736082142077961 -0.5764515350173085 0.41987786774792174 0.38264013042486078
1403715387.6121433  0.10702020178117987 -0.34053148688038487  0.75053759799640907 0.58907851869499561 -0.57777889705951513 0.41865961019985015 0.37931804031987426
1403715387.662143 0.071518484896730669 -0.34057936259863969  0.75105593347769084 0.59094524640171708 -0.57879405125098804 0.4171080880526451 0.37656606973112916
1403715387.7121432 0.035009891883608868 -0.34241293982512183  0.75498129386786494 0.59322402648436301 -0.57875247544661401 0.41568011607964855 0.37462096532643019
1403715387.7621431 0.0017306421972923495  -0.34461518909729183   0.76185178565314193 0.59516045385710137 -0.57875292128980693 0.41488316388887303 0.37242589945475352
1403715387.8121431 -0.037222132593429325  -0.34704806431142726   0.77151839068361927 0.59674793389174841 -0.57827067900935225 0.41476612538418545 0.37076136048377839
1403715387.862143 -0.072271130002555126  -0.34987554766286538   0.78362888235354755 0.59823175634044945 -0.57805053634637371 0.41473309409386427 0.36874490342080762
1403715387.9121432 -0.10914319745457919 -0.35591410553094982  0.79438877149727993 0.59928063862772685 -0.57767730362369329 0.41513497938024857 0.36717107448567304
1403715387.9621429 -0.14656394749187154  -0.3624715927083007  0.80258996845569686 0.6002612988708842 -0.57700995625172835 0.41547072099882515 0.36623757788754274
1403715388.0121431  -0.1848015050100747 -0.37021248405282148  0.80696768653058792 0.60062875324574561 -0.5763562040694864 0.41650387571848407 0.36549028484565149
1403715388.0621431 -0.22269126792078833  -0.3790353206859583  0.80841194932246174 0.60154771547449548 -0.57498425976338363 0.41681511965370338 0.36578491365806537
1403715388.1121433 -0.26238783422641987 -0.38807817367442143  0.80715962907057004 0.60166812964406668 -0.57369963853004802 0.41792133822391353 0.36634129111831776
1403715388.162143  -0.3016978603854949 -0.39801170284442272   0.8020767064400478 0.6017355138564473 -0.57224277278650271 0.41920322173863117 0.36704392004429698
1403715388.2121432 -0.34046660387727151 -0.40897543783356555  0.79409377827385508 0.60146814153167527 -0.57012954066393617 0.4207524863855277 0.36899285465325526
1403715388.2621431 -0.38069359391728386  -0.4199479669379344   0.7847319263178214 0.60104592731797446 -0.56763336197884506 0.42279164431083482 0.3711918440968367
1403715388.3121431 -0.42035802167828518  -0.4329681432084902  0.77323392762757293 0.60092604191792276 -0.56536193782534838 0.42418593691904954 0.37325602784594653
1403715388.362143 -0.45700755484814798 -0.44551467261058103   0.7609817604621858 0.60072201402070369 -0.56337421765240958 0.4249414979608514 0.375722339056693
1403715388.4121432 -0.49929320318160675 -0.45932109800049897  0.74803247677543427 0.60072824230275779 -0.56213351589712868 0.42587708309134165 0.37651055669473915
1403715388.4621429 -0.53763659060913205 -0.47260925358558531   0.7363514065984692 0.60092311316400615 -0.56064524613547151 0.42582505935476433 0.37847237531487993
1403715388.5121431 -0.57683662434663452 -0.48669319654740617   0.7233081717207227 0.60110066887730629 -0.56035658192441407 0.42567301606310542 0.37878882027454502
1403715388.5621431 -0.61603841772934176  -0.5009464186686986   0.7110413939295569 0.60060143115340481 -0.56019175881467209 0.42676225579068722 0.37859885272548055
1403715388.6121433 -0.65509576166052264 -0.51519324735815764   0.6988299342028903 0.60021347484480581 -0.56011220899041303 0.42731688698905729 0.37870618696898117
1403715388.662143 -0.69396607510583486 -0.52937954681471966   0.6869288533560336 0.60002164442138561 -0.55958574046307419 0.42788816480519981 0.37914317047243179
1403715388.7121432 -0.73117372954010607 -0.54424689747004895  0.67353962469354622 0.59967302044889104 -0.55899365902636255 0.42874831276703734 0.37959615647875244
1403715388.7621431 -0.76895887979037514 -0.55729979426139609  0.66101626723020945 0.5999505764058608 -0.55829532983076802 0.42877667066717517 0.38015286037461576
1403715388.8121431 -0.80683715892368058 -0.57104548681808898  0.64966422944752655 0.59994980809529119 -0.55801623472669115 0.42912051674760354 0.38017586937381964
1403715388.862143 -0.84032097170647735 -0.58505776501793072  0.64065328480072148 0.6001969060373491 -0.55760419131483141 0.42898821144998828 0.38053955674576928
1403715388.9121432 -0.87807473587461837 -0.59948853692607029  0.63240397867800446 0.60093527417286474 -0.55604326709374297 0.42857521302680274 0.38212035820344742
1403715388.9621429 -0.91662933704577909 -0.61461407556300862  0.62691974220387037 0.60130771876448985 -0.5549571486864312 0.42918149175814041 0.38243278835414829
1403715389.0121431 -0.95395513198905602 -0.62991581959833509  0.62267213053327175 0.60188275953154369 -0.55395542376235574 0.42917531972342521 0.38298704573817965
1403715389.0621431 -0.99102310433325302 -0.64507754163290498   0.6223897863337543 0.60218394125884822 -0.5527547560728725 0.42984422475146739 0.38349787871198077
1403715389.1121433  -1.0277642492664043 -0.66016619991481307  0.62570135133858962 0.60305761320766516 -0.55167410129131056 0.42959984368862786 0.38395465281645652
1403715389.162143  -1.0639221876429648 -0.67543403374199817  0.63153075933775538 0.60412803780778968 -0.55043267293972153 0.42913987457928504 0.3845674902289834
1403715389.2121432  -1.0997623121670854 -0.69073753376246483  0.63789957510448336 0.60496775494508448 -0.54909134604049281 0.42896865406626145 0.38535516476196885
1403715389.2621431  -1.1350120810563542 -0.70602055095638239   0.6442904018863943 0.60643256981217808 -0.54735049991828666 0.42786683806462411 0.38675177749401524
1403715389.3121431  -1.1695873374002035 -0.71906817164729753  0.65160436427203383 0.60759354517530673 -0.54600500624632831 0.42726592518753354 0.38749509182554881
1403715389.362143  -1.2052045104142965 -0.73186680188229503  0.65781291766605932 0.60896115585119204 -0.5444845815300251 0.42686310494783619 0.38793136090647051
1403715389.4121432  -1.2398024631996694 -0.74483800286972468  0.66181112559093946 0.60995299680843007 -0.54328586408607138 0.42627271996051819 0.38870217363185361
1403715389.4621429  -1.2716271899497873 -0.75739218871779346  0.66661057284568692 0.61070628465481092 -0.54273941165026274 0.42609031417453747 0.38848270114805322
1403715389.5121431  -1.3039118532883296 -0.77121903937257963  0.67039310926130302 0.61102419529433805 -0.54259578226418725 0.42648059524866111 0.38775449927804739
1403715389.5621431  -1.3351632811948719 -0.78341154734930674  0.67479223303516855 0.61055073722168562 -0.54303291236140094 0.42773708766544655 0.38650231203167884
1403715389.6121433  -1.3655805226209494 -0.79675245985329024  0.67799408815164164 0.60978976216774816 -0.54342979777103839 0.43026738040985113 0.38433121419574306
1403715389.662143  -1.3950275172933355 -0.81009626238606092  0.68060121263810558 0.61015552597996126 -0.54295143194415163 0.4328144951180542 0.38155679718963986
1403715389.7121432  -1.4245099870316045 -0.82670323536543455  0.68361907565198143 0.61155022895039024 -0.54144242691596245 0.43558732270503769 0.37829895599212993
1403715389.7621431  -1.4527343093093614 -0.84033017463125492  0.68538772022108163 0.61369407902073647 -0.53923669502372418 0.43845067966830403 0.37465232631492279
1403715389.8121431  -1.4806300125812348 -0.85384124924447546   0.6868237405011508 0.61671485327968567 -0.53569249488699155 0.44175654921463198 0.37087395688016028
1403715389.862143  -1.5082784660601578 -0.86719903562946721  0.68738420243456622 0.62109117118819157 -0.53206873493530937 0.44406499385155807 0.36599849673466656
1403715389.9121432  -1.5370111131732906 -0.88182823770006846  0.68752851070194332 0.62675062437025642 -0.52786888127719589 0.44545456458488802 0.36070532283450329
1403715389.9621429  -1.5667100617042882 -0.89549887960811936  0.68799398484970087 0.63283208701379456 -0.52354991834074693 0.44640127581306532 0.35516888039864913
1403715390.0121431  -1.5923486273977627 -0.90927622060880686  0.68736990172024581 0.63995086762567599 -0.51885280169089942 0.4461809964483579 0.34953851806488961
1403715390.0621431  -1.6173576710068278 -0.92253989800649761  0.68539040086202163 0.64714312621017556 -0.51367278817433926 0.44618136929252056 0.34390147802004689
1403715390.1121433  -1.6427992492807908 -0.93750574435055811  0.68343347609945793 0.65426596240314117 -0.50779922768849117 0.44660629362743881 0.33855400350907872
1403715390.162143  -1.6689719732905817 -0.95396677035995692  0.68097911339827921 0.66164465944239326 -0.5009878683557496 0.44688653382639409 0.33396096519855861
1403715390.2121432  -1.6968493719014157 -0.97527075094004811  0.67655403382558954 0.66884660221282122 -0.49359677187690582 0.44778625430344021 0.32938415256043613
1403715390.2621431  -1.7215014218578544 -0.99403582717549865   0.6731025656908336 0.67624009899462167 -0.48622214609520154 0.44823550750953756 0.32461097172767905
1403715390.3121431  -1.744436924041262 -1.0154986489561793 0.67017547635375896 0.6822463983512379 -0.47757272536733031 0.45091815224249582 0.32114944169373527
1403715390.362143 -1.7662100811703267 -1.0365010398452723 0.66666899805131818 0.68796798211629639 -0.46918136261444887 0.45381445326911246 0.31720867983417028
1403715390.4121432 -1.7860165193202302 -1.0584610442249562 0.66427320386057065 0.69374762194511774 -0.46005357579780037 0.45621201784652765 0.314540202857363
1403715390.4621429 -1.8056930844081007  -1.080458605984725 0.66078792765075578 0.69977600548561469 -0.44988206728899871 0.45847593481401472 0.31260115942649552
1403715390.5121431 -1.8235134831477344 -1.1039189915013699 0.65758644540447875 0.70548726601899581 -0.44008805009760027 0.46099626598860638 0.30998817459847877
1403715390.5621431 -1.8386388341236832 -1.1236249717631028 0.65051352734729584 0.71057025027717924 -0.43006141672864834 0.4638824026602647 0.30813992562554227
1403715390.6121433 -1.8520163244046015  -1.146999989411422  0.6472168965770122 0.71524608862738415 -0.41978967491299757 0.46730359973321645 0.30631194429216407
1403715390.662143 -1.8654968420002531 -1.1717761783320935   0.643801601545958 0.71959028845737982 -0.41086705793316508 0.47106775464913569 0.30244544630890374
1403715390.7121432 -1.8767889301181395 -1.1945416621940597 0.64049889158319995 0.72305850999473553 -0.40400049647203429 0.47564360056442911 0.29619783121530202
1403715390.7621431 -1.8860372968464227 -1.2187935958584504 0.63650181133007278 0.72564356437202659 -0.39966098391694443 0.48107999491766779 0.28683541258013673
1403715390.8121431 -1.8948415605499689 -1.2442345079726831  0.6320370181544398 0.72887262407124687 -0.39504182238247848 0.48476517327174462 0.2787281529215172
1403715390.862143 -1.9009851891762477 -1.2708906294695381 0.62632182079802856 0.731260588835696 -0.39198711115579105 0.48769886315658079 0.2715766462330429
1403715390.9121432 -1.9073723364886466  -1.298021570629905 0.62265092198951422 0.73384628826401277 -0.3887446319352682 0.48917622034361274 0.26655930258196114
1403715390.9621429 -1.9120728790545622 -1.3240710166050924 0.61874769815671549 0.73571748282054406 -0.38692615406586062 0.49046954873702692 0.26162484311261736
1403715391.0121431 -1.9153094385374563 -1.3502486336612494 0.61455624303365541 0.73753451853589547 -0.38543191180610614 0.49133624993508768 0.25704817608619562
1403715391.0621431 -1.9181373623765734 -1.3775554606966816 0.61031185287385736 0.73925613770234 -0.38352916693296285 0.49287796428854175 0.25194652865223149
1403715391.1121433 -1.9200526038051413 -1.4055571335209944 0.60594580874112192 0.74110176000274652 -0.38131930825486032 0.49463491529554238 0.24637383595552109
1403715391.162143 -1.9210075725855411 -1.4334306175179252 0.60207213452628683 0.74208579863627111 -0.37882950157292294 0.498148757915096 0.24009308858862577
1403715391.2121432 -1.9204671295294691 -1.4626352271936747 0.59933087204605784 0.74330705052256829 -0.37564526598979386 0.50130093667442577 0.23469689744911548
1403715391.2621431 -1.9201891487524863 -1.4979144918643967 0.59811811544313243 0.74339638833370025 -0.37268069097384665 0.50548781574349333 0.23011514622583751
1403715391.3121431 -1.9212551189052616 -1.5294244005259434 0.59775021119289118 0.74319219751921317 -0.37027198191787392 0.50903794624927079 0.22681354948833435
1403715391.362143 -1.9198723912868143 -1.5651383344439029 0.59626603173762205 0.74343677119368978 -0.36764391889570602 0.51128278076218947 0.22523240049378307
1403715391.4121432 -1.9189494987355133 -1.6011067333549356 0.59386527583833237 0.74393950427274846 -0.36524160274118833 0.51263462608724542 0.22440660807083079
1403715391.4621429 -1.9181737389024527 -1.6384231866665719 0.59141225294845701 0.74458795563981162 -0.36419383095994196 0.51300032650608995 0.22311946309430813
1403715391.5121431 -1.9169895408269668  -1.676143457789528 0.58878863995750563 0.74518550319708476 -0.36326119111465127 0.51296426112508653 0.22272750091370974
1403715391.5621431 -1.9155036140627262 -1.7147437142206312 0.58633075818868241 0.7451154224540838 -0.36277762135337971 0.51394602598928163 0.22148337869032231
1403715391.6121433 -1.9130787597732222  -1.754375749830575 0.58272549590585609 0.74505540691355943 -0.36286683543738901 0.51554146829523695 0.2178005850233567
1403715391.662143 -1.9112290415941224 -1.7952537294262942  0.5812851945411337 0.74503127043872486 -0.36179480541439346 0.51763626072713576 0.21467563071771695
1403715391.7121432 -1.9094278741102564 -1.8373541108658837 0.58226325402292822 0.74559452304723783 -0.35882218968033214 0.51969246447886119 0.21273266265165183
1403715391.7621431 -1.9091298073948773 -1.8789868077390921 0.58535571235410011 0.74652238941453442 -0.35458173759803829 0.52212958879454929 0.2106105552198301
1403715391.8121431 -1.9080995478095295   -1.92305196890839 0.59103214322663888 0.74855308432740897 -0.34821033391528722 0.52364548623496321 0.21026946531599902
1403715391.862143  -1.910500473058186 -1.9697261255462257 0.60174595822201615 0.7518826099647955 -0.34026671161148569 0.52406688236977894 0.21034497523081874
1403715391.9121432 -1.9090000129133764 -2.0155788287894936 0.61388392823701166 0.75498590778207464 -0.33322479692353346 0.52422955397893567 0.21009733101777522
1403715391.9621429  -1.907992181883553 -2.0619986184900427 0.62712543135676224 0.75841862229155299 -0.32721532832549183 0.52332116845705878 0.20944277718499141
1403715392.0121431 -1.9100188093871076 -2.1053009032037653 0.64099012370582753 0.76242703142867319 -0.32359402195596371 0.52053618962617199 0.20744639305297716
1403715392.0621431 -1.9089493174195409 -2.1520541417438812 0.65402302953213154 0.76539793401535072 -0.32005556740238494 0.51904599465602907 0.20572236585092993
1403715392.1121433 -1.9063374667035995 -2.1996300437441683 0.66609291305505136 0.76761649169912671 -0.31814534148496343 0.51773595885991808 0.20371043239447006
1403715392.162143 -1.9025350035194768 -2.2482747314607905 0.67793074941205012 0.76932516942369777 -0.3160760141195143 0.51705435771344066 0.2022115925437038
1403715392.2121432 -1.9014938744501375 -2.2961011095008761 0.69197141407629215 0.77025086271280629 -0.31321729918537727 0.51829653850117186 0.19994306729391484
1403715392.2621431 -1.8955167917674691 -2.3454635907089791 0.70435003326773071 0.77085507675515108 -0.30889229291450948 0.52062541685010177 0.19828559541349611
1403715392.3121431 -1.8887994595811708 -2.3938584654499979 0.71661673226959965 0.77128933219761775 -0.30386470942242111 0.52395480858734433 0.19557700008942802
1403715392.362143 -1.8818036523924402 -2.4412398429108881 0.72912091814566615 0.77098244514796554 -0.29614460097666767 0.52946600309990832 0.19377872986332273
1403715392.4121432 -1.8736646876059593 -2.4895940323431516 0.74166715353727197 0.76863872695639923 -0.28760462748121207 0.53837075974223059 0.19140274483092604
1403715392.4621429 -1.8656148376471637 -2.5384061110101568 0.75476147534525628 0.76541425809191921 -0.27793975928552855 0.54859617807551508 0.18955932348169308
1403715392.5121431 -1.8593115435685805 -2.5870653770656258 0.76783962661345018 0.76397748679255661 -0.26739038292944434 0.55646884150359055 0.18757188282529452
1403715392.5621431 -1.8496626823025246 -2.6373130993195044 0.77779626418496062 0.76489275106099763 -0.25785230620806926 0.56082667507898099 0.18418661210135231
1403715392.6121433 -1.8423105064390137  -2.685657902806899 0.78727224744919666 0.76798672197245155 -0.24843256787993512 0.56233449265105329 0.17960393221049606
1403715392.662143 -1.8355765623522051 -2.7336997376318357 0.79525037727572467 0.77041965053678352 -0.23876507969768704 0.56488707146323902 0.174205038036858
1403715392.7121432 -1.8297345676452235 -2.7786574307417053 0.80306022031498414 0.77231254699684304 -0.22919374637647777 0.56794778500895327 0.1686382811718263
1403715392.7621431 -1.8250148174424097 -2.8226300680558745 0.81000743018560617 0.77509092328287732 -0.21974428118186856 0.56963088168521492 0.16268733866802684
1403715392.8121431 -1.8213062283826713 -2.8657389349133093 0.81650952926800224 0.78010049313791485 -0.21021198355049858 0.56822954999227759 0.15610676184368441
1403715392.862143 -1.8172229174608219 -2.9073257517711801 0.82184772399438089 0.7861514272081902 -0.2012706638800956 0.56513682397891163 0.14858137010681977
1403715392.9121432 -1.8137345900802881 -2.9483389921648877 0.82742182964327537 0.79159508111045784 -0.19162508203362472 0.56275129086259257 0.1413083158551548
1403715392.9621429 -1.8103255310358624 -2.9848114609177396 0.83160900194138943 0.79703354220140987 -0.18104560077546999 0.56021402807338361 0.13461153663604356
1403715393.0121431 -1.8073068062863782  -3.016323372825088 0.83462976157893931 0.80126782600747481 -0.17019879825251871 0.5591609995518344 0.12783276832974777
1403715393.0621431 -1.8010825387135732 -3.0533069751722368 0.83819319220475319 0.80477061373676406 -0.16025463994755557 0.5588558874855184 0.11976145733834964
1403715393.1121433 -1.7942157656885336  -3.088443813485851 0.84235289210355335 0.80778769045233456 -0.1482166378420687 0.55915698014426796 0.11337701255730476
1403715393.162143  -1.787778955880581 -3.1268405966597079 0.84506264960675959 0.81004862884322837 -0.13468810276822113 0.56029690623934569 0.10838685686244763
1403715393.2121432 -1.7810414567749575 -3.1615894294497302 0.84782423809970231 0.81178744480801657 -0.12038982786440085 0.56194784821911969 0.10354733063074484
1403715393.2621431 -1.7753632278775018  -3.195334834179191 0.84915980297977534 0.81243226157617809 -0.1061941388813837 0.56501402350736785 0.097137935213147536
1403715393.3121431 -1.7682602474374962 -3.2260188749890024 0.85188084266957698 0.81262285023720859 -0.092055084780226309 0.56827491647437511 0.090739098212967523
1403715393.362143 -1.7614762587060235 -3.2553295504255306 0.85410839611892786 0.81294870902933558 -0.078157207469162313 0.57096580025845667 0.083689320366336334
1403715393.4121432 -1.7549681546459743 -3.2824954176741681 0.85578683621715113 0.81338116682682815 -0.063677523823397919 0.57305531462634784 0.077226011095005029
1403715393.4621429 -1.7448097220243555  -3.309314268558404 0.85832636475261415 0.81380113646053043 -0.049067916632477331 0.57469056233522375 0.071069032747897207
1403715393.5121431 -1.7364767208589189  -3.333761544991158 0.85952312748299964 0.81340462389711521 -0.034837415965322562 0.57710407877593972 0.064110486909909781
1403715393.5621431 -1.7301400118337844 -3.3539487595996369 0.86135724139887082 0.8128651268014121 -0.020076491673255217 0.57926438440838901 0.057445566131671545
1403715393.6121433  -1.727027782410699 -3.3629973606508266 0.86012140943438442 0.81226579105578556 -0.0065039072020226726 0.58117677507202625 0.049148143286454914
1403715393.662143 -1.7205223158087097 -3.3798086860757093 0.86016614637219335 0.81215157243970981 0.005033425330805732 0.58221459887317484 0.037558605832673078
1403715393.7121432 -1.7160812330422421 -3.3950235281413161 0.85992457964693259 0.81306736292979942 0.015618693726849415 0.58145347415070414 0.024277090903259173
1403715393.7621431  -1.710619942706469 -3.4095800124753106 0.85825579898059301 0.81431552107553229 0.025333704930351322 0.57977477579539305 0.010471145180361609
1403715393.8121431 -1.7068564659122061 -3.4197288850987579 0.85665657452197286 0.81577741089922418 0.03577303702875765 0.57725307718669439 -0.002527957038783515
1403715393.862143 -1.7021086827840135 -3.4293575125433109 0.85587641390437608 0.81692305483483718 0.045516667287728407 0.57474021060750091 -0.015448164589411034
1403715393.9121432 -1.6983281654839353  -3.437501084444377 0.85447926127535423 0.81714488841981614 0.057326177298213932 0.57301014286230978 -0.025442423285833921
1403715393.9621429 -1.6942399419232224 -3.4449126054188501  0.8532661803355035 0.81736187466104493 0.067922140392929042 0.57092352651085809 -0.036776018972032413
1403715394.0121431 -1.6905017369541884  -3.451530277353791 0.85172599682831995 0.81651038853851587 0.078721190178458966 0.56993701104578409 -0.047807562851149545
1403715394.0621431 -1.6864504117472103 -3.4561755158934475 0.85098061780946677 0.81527001577736491 0.090453018389346523 0.56901710593966404 -0.058073969957984917
1403715394.1121433 -1.6828605871313798 -3.4611057410625783 0.84939435692714682 0.81401737804471641 0.10260529102866718 0.56765641984631399 -0.067926809886769815
1403715394.162143 -1.6787585528754672 -3.4650941296806304 0.84792524415633774 0.81189866240842712 0.11608783437957787 0.56704161622128801 -0.076210118498898596
1403715394.2121432 -1.6740133586899364 -3.4642699647549651 0.84559531872070237 0.80988010312040393 0.12947050325610263 0.56576036400447194 -0.085128243713957857
1403715394.2621431 -1.6696836164054971 -3.4693816207157764 0.84500770019130111 0.80764318752360065 0.14316232779277979 0.56419537026443722 -0.094343063973168259
1403715394.3121431 -1.6660455596328929 -3.4703764210755246 0.84321905033708222 0.80442105139514641 0.15616119613278301 0.56360702598945578 -0.10424765297131058
1403715394.362143 -1.6616528300787177 -3.4717187954624329 0.84358320069864934 0.8002334733277775 0.1703786887426304 0.56390420621220649 -0.11229219387065298
1403715394.4121432 -1.6577115473665156 -3.4726553849140345     0.8421849080846 0.79558163890461198 0.18489755082996839 0.56413353887424789 -0.12089707131336357
1403715394.4621429 -1.6529857507288677 -3.4735860080211802 0.84271748962460169 0.79001473669724287 0.19945984992614563 0.56522262854485417 -0.1289025377929833
1403715394.5121431 -1.6506243638657423 -3.4729333042677348 0.84159482719859058 0.78458132827964588 0.21400596272366149 0.56565134256109983 -0.13664606065485674
1403715394.5621431 -1.6497842318708216 -3.4714672554808566 0.84037968488536985 0.77974119009300802 0.228007097441489 0.56472100149256099 -0.14528121166168015
1403715394.6121433 -1.6500536020045122 -3.4692931163488763 0.83880933197473684 0.77532209789015805 0.24120752425622785 0.56266902790938189 -0.15523575553620603
1403715394.662143 -1.6481730837515369  -3.466083149265561 0.83781560893770757 0.77158208242435378 0.25386251152702044 0.55913338587623129 -0.16608664040636342
1403715394.7121432 -1.6508566919329077  -3.463055080738501 0.83542101987575412 0.76806534461749976 0.26694661592030361 0.55462964228613643 -0.1766383042939775
1403715394.7621431 -1.6549878443810691 -3.4591111169204494 0.83256458798224031 0.76512306000434371 0.2803647143834021 0.54867690600988039 -0.18691169784079315
1403715394.8121431  -1.661188840045013 -3.4563569241670198 0.83199652358899745 0.76193125214260804 0.29409178672037684 0.54236562451970072 -0.19700334345225931
1403715394.862143 -1.6699021354547241 -3.4553356569082774  0.8349729528203047 0.75806246765792895 0.30810232190059983 0.53608085324009858 -0.20744052920583939
1403715394.9121432  -1.676169244918053 -3.4516277831280586  0.8334923273702417 0.75353288319297174 0.32319252101591212 0.52963981825157613 -0.21729346798443774
1403715394.9621429 -1.6835525407577474 -3.4476787017926194 0.83399086972113667 0.74808200837465311 0.33825111417298265 0.52357175276000301 -0.22766666909914546
1403715395.0121431 -1.6930767546194447 -3.4425478740864452 0.83130361227582938 0.74196119611517986 0.35387980155639315 0.51774324973071573 -0.23707508698304258
1403715395.0621431  -1.699632234631163 -3.4368924735523398 0.83059372714959612 0.73514891344158684 0.36943479353574854 0.51184104645070316 -0.24716947942475057
1403715395.1121433 -1.7074189701263949 -3.4304475156754699 0.82881028355363473 0.72786678081320699 0.38437593103317602 0.50624287544174862 -0.25726104270850719
1403715395.162143 -1.7152992074792708 -3.4233119859225938 0.82701587672663091 0.72068558131968374 0.39883364328116788 0.50059297279313553 -0.2663657137379189
1403715395.2121432 -1.7232981545262809 -3.4155813105784407 0.82508613794856878 0.71448598043658496 0.41170628386172387 0.49374134036392503 -0.27609275326233457
1403715395.2621431 -1.7286092244533422 -3.4077706344176355 0.82398871285034925 0.70765365469613595 0.42425415663046773 0.48821847000018892 -0.28438959391589447
1403715395.3121431 -1.7360670462945784 -3.3985927233739432  0.8226619427946863 0.7005429444810477 0.43625822484733418 0.48341400311798377 -0.29194048328438904
1403715395.362143 -1.7414288511312801 -3.3882634789845416  0.8181441943879203 0.69389474249715166 0.44750253380400906 0.47852457382278729 -0.29877382887649856
1403715395.4121432 -1.7495823786872793 -3.3785920507452851 0.81467797700918376 0.68765276961596933 0.45785782790903357 0.4734012797109195 -0.30559958480006522
1403715395.4621429 -1.7581240617166083 -3.3686134926869129 0.81060917470330929 0.68214542655129817 0.46744338528478913 0.46767676078591297 -0.31217422380689863
1403715395.5121431 -1.7664898717684254 -3.3582788904557215 0.80580958986231899 0.67655294848922154 0.47636747427328741 0.46239904359596384 -0.31864912023504427
1403715395.5621431 -1.7745407070840846 -3.3466807897774853 0.80065789822426614 0.67119372488317219 0.48444434902540834 0.45726687885472855 -0.32514559489135936
1403715395.6121433  -1.786923563171779 -3.3407442365806848 0.79352499002267551 0.66597267274971328 0.49143758352665273 0.45240591517768669 -0.33211201206871049
1403715395.662143 -1.7961043703768669 -3.3303675356811113 0.78715431813899561 0.66042560115834081 0.49863739237319371 0.44845892809560695 -0.33776229226076282
1403715395.7121432 -1.8044009060774273 -3.3180032468063794 0.78002666439115687 0.65515513386605417 0.50659209210393019 0.44448784208890252 -0.3414187473204518
1403715395.7621431 -1.8124502871726547  -3.304711026205744 0.77267718997408663 0.64920278107245366 0.5137143161619524 0.44161730067775395 -0.3458431872397425
1403715395.8121431 -1.8288003077959385  -3.299201749536941 0.76532471256048706 0.64302618574148274 0.52093348425679264 0.43952075544152991 -0.3492379346046835
1403715395.862143  -1.837323013699014 -3.2836481380511717 0.75607979151090399 0.63941370956294763 0.52536497663281279 0.43585305837484367 -0.35379918153643275
1403715395.9121432 -1.8460597569278159 -3.2707931480587367 0.74784538419806912 0.63692623904920354 0.52840634650700802 0.43212545630392868 -0.35830055678979067
1403715395.9621429 -1.8558457144606977 -3.2561992877183408 0.73844999110742515 0.63581054814480387 0.52964339668730576 0.42798094963197253 -0.36339389918579057
1403715396.0121431 -1.8642136775901721 -3.2402595673452121 0.73001382598436759 0.63565567882565532 0.52948947197962526 0.42380818734182657 -0.3687402573376935
1403715396.0621431 -1.8719042444897216 -3.2238950201200547 0.72204575829925721 0.63645406292556961 0.52736197141051833 0.4197938751511841 -0.3749515692474148
1403715396.1121433 -1.8789195942453802 -3.2080705987270024  0.7145468167454776 0.63748072558270863 0.52500133874965937 0.41680707244067855 -0.37982072505991549
1403715396.162143 -1.8842244061895563 -3.1919296655920415 0.70751807754109819 0.63796090775750214 0.52246719738917802 0.41552426877869014 -0.38389254991658328
1403715396.2121432 -1.8901778249717984 -3.1800961270648398 0.70171163303977113 0.63781454425437345 0.52098302125364515 0.41562801201986238 -0.38603452478687311
1403715396.2621431 -1.8933806632623356 -3.1656014253224458 0.69599330631026091 0.63680592014083348 0.52075405046721468 0.41819675191538969 -0.3852335858709548
1403715396.3121431 -1.9002890816116065  -3.152946610556389  0.6936265976189131 0.63510678681838306 0.52213817534218587 0.42228603132061088 -0.38168783441321502
1403715396.362143 -1.9007378474073118 -3.1370846423603092 0.68829739594764638 0.63252111563873281 0.5241048425215471 0.4275107416215792 -0.37744631156598241
1403715396.4121432 -1.9075298187014351 -3.1160290288637831 0.68096857143802714 0.63100986238918644 0.52492406665500346 0.43172386093082804 -0.37402645055788841
1403715396.4621429 -1.9082228704831108  -3.100720009645924 0.67600134703812698 0.62955303968927034 0.52688450706476475 0.43506037075719667 -0.36983531501160155
1403715396.5121431 -1.9087520397925368 -3.0862822289095502 0.67157460304339389 0.62697117494749222 0.5293666994322489 0.43763463590506863 -0.36763292667198116
1403715396.5621431 -1.9101840001846018 -3.0706632127164708 0.66653712311163882 0.62433116437612279 0.53143945267544324 0.43903650482688883 -0.36746381149464113
1403715396.6121433 -1.9120619145060485 -3.0549012234598689 0.66050427471936468 0.6213503197718252 0.53454843042251743 0.4394309104250968 -0.36753534607605298
1403715396.662143 -1.9147134861426924 -3.0392723398322374 0.65424610220930424 0.61752050929688973 0.53757434814096505 0.43929245714338788 -0.36973555132750113
1403715396.7121432 -1.9180253327687959 -3.0241291507038714 0.64714130551253135 0.6142564595843184 0.54057918550087247 0.43793759935286375 -0.37238931930870761
1403715396.7621431 -1.9218930182445191 -3.0095124779571907 0.63961920373739534 0.61259234486114034 0.54337276571608406 0.43456722455782687 -0.37500397842648375
1403715396.8121431 -1.9262480404478908 -2.9948551036707824 0.63178575157761896 0.61146425164698703 0.54586872247700946 0.43044112587520611 -0.3779672524629516
1403715396.862143 -1.9311468562935188 -2.9801673149627796 0.62347834219329956 0.61072332699437748 0.54899772611526687 0.42616253409186677 -0.37947860166494685
1403715396.9121432 -1.9385844548276516 -2.9690963750670654 0.61807229467009883 0.61010667182012912 0.55198392156703635 0.42215138283413478 -0.38062029544319992
1403715396.9621429 -1.9442697086923411 -2.9544080229843663 0.60874063831179681 0.610511490087013 0.55630187137249243 0.41732468402838135 -0.37900403227381313
1403715397.0121431 -1.9459893944584086 -2.9457467542185221 0.60311361604516678 0.61178008690309627 0.55977210399339661 0.41165003630882707 -0.37805365289411974
1403715397.0621431 -1.9509916134029193  -2.930331620811724 0.59327375631133561 0.61261287174983281 0.56335444234651122 0.40714941262020132 -0.37625336869973564
1403715397.1121433 -1.9552938010602012 -2.9154999211361798 0.58485716638148455 0.61372763741220793 0.56533995749720767 0.40319158780897452 -0.37572019250176464
1403715397.162143 -1.9589117468181803 -2.8986892237441211 0.57623671088806916 0.61531063698207655 0.5660517225362437 0.39900882455745512 -0.37652387089763723
1403715397.2121432 -1.9632972533211877 -2.8798697718051236 0.56648277515076806 0.61722003194242225 0.56550610786655975 0.39436404752026982 -0.37910324735886997
1403715397.2621431 -1.9673382894344256 -2.8597024672188849 0.55677833919286179 0.61965451518696713 0.56402439309696806 0.38914861507081383 -0.38271153783034695
1403715397.3121431 -1.9705548875267629  -2.837904856827433 0.54778724279042434 0.62157385263695641 0.56144461733522333 0.38549592646215419 -0.38706430740180786
1403715397.362143 -1.9724148372011423 -2.8147492889927532 0.53887747409112474 0.62295921028274293 0.559356800689088 0.38271848405660269 -0.39059999207396978
1403715397.4121432 -1.9726918180053565 -2.7901097652886846 0.52776202402373185 0.62406175203616632 0.55770584561830905 0.38092012316055746 -0.39295162447820842
1403715397.4621429 -1.9713605749120158 -2.7643706731040192 0.51917470444518188 0.62484280433671335 0.55703215633992287 0.37899060143455776 -0.39452854230866441
1403715397.5121431 -1.9676939281400694 -2.7415883284914173  0.5109240958743807 0.62493353958176601 0.55698593425851595 0.37803112904241615 -0.39536970751296791
1403715397.5621431 -1.9614597941631746 -2.7154712477956662 0.50332234550685662 0.6246251242620281 0.55626535821117529 0.37789202682524048 -0.39700116052317885
1403715397.6121433 -1.9531335012244972  -2.691675713195143 0.49760835869556236 0.62402927627899407 0.55514849469256633 0.37842431753607891 -0.39898953255022329
1403715397.662143 -1.9442212178450857 -2.6617655815393721 0.49232509803466229 0.62223666121544097 0.55418098730241883 0.38100812170144738 -0.40067166352203154
1403715397.7121432 -1.9331345187931273 -2.6304561793040442 0.48835614170448854 0.61956047358559108 0.55250990150398149 0.38531615492684196 -0.403000110499802
1403715397.7621431 -1.9209878448743001 -2.5998147705275585 0.48596864368464793 0.61693409405272559 0.55177118464973651 0.38962919815596397 -0.40389351484012453
1403715397.8121431 -1.9076827228835336 -2.5686764665842965 0.48370400270502112 0.61467750717779712 0.55062026261193597 0.39343620170700055 -0.40521209724935459
1403715397.862143 -1.8929955653772679 -2.5372124563743732 0.48213016442622564 0.61277221479230326 0.55008418843681739 0.39680603214950588 -0.40553985163003259
1403715397.9121432 -1.8772220664881469 -2.5056434099576306  0.4810326524503295 0.61036380785578204 0.5502039667317683 0.40115881158585165 -0.4047261110176168
1403715397.9621429 -1.8609052728669118 -2.4742726595214743 0.48099977394762594 0.60686594005843697 0.54910527875613768 0.40722254684974285 -0.40542190490443764
1403715398.0121431 -1.8456005062261438 -2.4405978001794666 0.48073999127553002 0.60308464304204656 0.54781414519193483 0.41391457975783291 -0.40603361476406585
1403715398.0621431 -1.8286508762121318 -2.4100672986475749 0.47887754809025579 0.59937613329660755 0.54659067909572412 0.41973407666600743 -0.40719796812535386
1403715398.1121433 -1.8140305978915734 -2.3854291527300386 0.47698378361369842 0.59635563958342563 0.54538762177322953 0.42461201142837296 -0.40818737474882227
1403715398.162143 -1.7972235924237006 -2.3586442196240753 0.47560464247794226 0.59400897937482489 0.54412805039722068 0.42899891657182948 -0.40870273643957294
1403715398.2121432 -1.7827306092466402 -2.3352566059048767 0.47129499434884514 0.59308467268034093 0.54353476226952913 0.43164961047492784 -0.40804307004665846
1403715398.2621431  -1.766730778140815 -2.3102178181753303 0.46704164256010239 0.59372555313135433 0.54343574577993126 0.43231761597016805 -0.40653294662222383
1403715398.3121431 -1.7505064488232289 -2.2888844114294336 0.46228594518280836 0.59515661330563552 0.54382102584331238 0.43259308609912472 -0.40362175281881041
1403715398.362143 -1.7358075323387598 -2.2690655365201793 0.45609315259699557 0.59606163045954497 0.54443000562690957 0.43282541194063018 -0.40120900344510735
1403715398.4121432 -1.7208884043080495  -2.249574215064849 0.45067819674802867 0.59802519551551658 0.54360890918167237 0.43172858744756687 -0.40058163483548387
1403715398.4621429 -1.7061608557746022 -2.2305748239022143 0.44517741616701212 0.59913449841141009 0.54420584984703702 0.43212797520061758 -0.39767230083900323
1403715398.5121431 -1.6918516047725118 -2.2126422658190088  0.4398239148467748 0.60009957774246547 0.54436254838744846 0.43293303401375377 -0.39511884385091445
1403715398.5621431 -1.6782243771847043 -2.1971827028023823 0.43442421221906052 0.60032973976081561 0.54448242959285498 0.43447122323949239 -0.39290945979977671
1403715398.6121433 -1.6648519918583435 -2.1836612651302523 0.42910709512223538 0.59967506252413993 0.54299583148031383 0.43718568323419049 -0.39295549971558552
1403715398.662143 -1.6525843666285314 -2.1691986542262538 0.42556944075094272 0.59774368740227057 0.54228021046158337 0.44174310047247373 -0.3917878133600427
1403715398.7121432 -1.6415012702721039 -2.1568797746868609 0.42056377618322932 0.59445865523904839 0.54214060599407154 0.44767815222219987 -0.39023934010640199
1403715398.7621431 -1.6309849250949922 -2.1449045624731209 0.41754738174680966 0.59131548173561099 0.54209020379261053 0.45387715880451895 -0.38791717766477646
1403715398.8121431 -1.6218247566933957 -2.1357062315222022 0.41300177737434496 0.58880199733045202 0.5425147390500521 0.45829142290793068 -0.38595198864904001
1403715398.862143 -1.6147449156810731 -2.1270946553003443 0.40991199720161492 0.58704074114974336 0.5430783993446453 0.46160608220714194 -0.3838865004985087
1403715398.9121432  -1.609682538811126 -2.1204919049736759 0.40712651128125421 0.58584936198800219 0.54337561381551602 0.46381921990057634 -0.38261625503849533
1403715398.9621429 -1.6072994507176703 -2.1147080178926103 0.40429977700310177 0.58529341243961308 0.54360195964652969 0.46435570250382024 -0.38249485274370632
1403715399.0121431 -1.6065157260373859 -2.1104909733067525 0.40198599552770931 0.58450292121214098 0.54368452195936912 0.46521112296841904 -0.38254684254709076
1403715399.0621431 -1.6078172469887924 -2.1080494785568762 0.39983666156492925 0.58492342073244075 0.54371028738770455 0.46404074864780209 -0.38328827122914561
1403715399.1121433 -1.6112354506247235  -2.107222150350732 0.39733818309286567 0.58633668914909953 0.54411128485835314 0.46106656169578675 -0.3841481775740837
1403715399.162143 -1.6155313411048156  -2.105987207619759 0.39493792667286043 0.58797659034223759 0.54342296343831853 0.45778504336187009 -0.38653313711970821
1403715399.2121432 -1.6225670129995466 -2.1080053828073861 0.39300530890422869 0.58865236893352901 0.5434845407373573 0.45543529163087187 -0.38819020810106847
1403715399.2621431 -1.6283353952828346 -2.1150791506472193 0.39463587102679681 0.58854605364738177 0.54335424723289771 0.45353498421831123 -0.39075020516969722
1403715399.3121431  -1.636099999492264 -2.1169757125850412 0.39295609876310694 0.58908214115561008 0.54456099884854248 0.45207947886397548 -0.38994832259502776
1403715399.362143  -1.646005251349447 -2.1233876008561126 0.39167251729451885 0.58999646138019979 0.54639976378549271 0.45008600357357931 -0.38829635986082123
1403715399.4121432  -1.656049372702548 -2.1313668019824452  0.3906593508026846 0.59106225075057406 0.54931391818985575 0.44754991008767331 -0.38548503602745671
1403715399.4621429 -1.6684875736128422 -2.1403250586935552 0.38970905401183553 0.59170042330044548 0.55146861504638633 0.44606100790170045 -0.38314821272532856
1403715399.5121431 -1.6820863337284391 -2.1496266422993031 0.38894936899462262 0.59137533871847281 0.55344992457507847 0.44650900713264668 -0.38026056368346883
1403715399.5621431 -1.6966341328424617 -2.1604850511520759 0.38745174291739776 0.59394731227317887 0.55613643132351809 0.44328022303859138 -0.37608709611081526
1403715399.6121433 -1.7128929764449212  -2.171877325566411 0.38532354099634597 0.59958226079407129 0.55743391086774374 0.43598582330788566 -0.37374444401262696
1403715399.662143 -1.7303002775480336 -2.1835377857379421 0.38353893777591253 0.60494184837472298 0.55846264238634202 0.42919697160875292 -0.37142266584810568
1403715399.7121432 -1.7487033397675036 -2.1947907407903826 0.38210676261868837 0.60990208858272843 0.55906121240834572 0.4231580940469899 -0.36933349504946761
1403715399.7621431 -1.7681767807544577 -2.2055702655835501 0.38250386811416304 0.61352612109820703 0.55949507148351241 0.41914183883733247 -0.36724798522511659
1403715399.8121431 -1.7880157225133955 -2.2142276570570907 0.38406803613325557 0.61626201182241247 0.5594525499483699 0.41651999940006923 -0.36571172696623461
1403715399.862143 -1.8093054643178743 -2.2214657602468812 0.38529986859722104 0.61797637307962161 0.55977359049697484 0.41480834061770128 -0.36427018852971005
1403715399.9121432 -1.8302631012642352 -2.2288209586901027 0.38760395263765235 0.61938697088736816 0.56007224030150882 0.41384022813762272 -0.36251225015662547
1403715399.9621429 -1.8506932076831923  -2.234815573374024 0.38995893032640533 0.62101520559855217 0.55965004991413303 0.41410882978966068 -0.36006362373438172
1403715400.0121431  -1.873246382390847 -2.2389517987552372 0.39396543441445953 0.62248124201521404 0.55818424103526043 0.41645646886025034 -0.35708747659857526
1403715400.0621431 -1.8945109932382751 -2.2420348068686984 0.39788417461019743 0.62392703142362127 0.55550134380180483 0.41999970320977575 -0.35458929171225267
1403715400.1121433 -1.9166488391840453 -2.2432530871254071 0.40181161918233632 0.62553142138237006 0.55232049320924659 0.42428821256967492 -0.35161346151545031
1403715400.162143 -1.9402893192371131 -2.2434750891583968 0.40542194418199096 0.62842009782517028 0.54795429927238992 0.42820969905653461 -0.34852649855099915
1403715400.2121432 -1.9633399541680021 -2.2420548293617726 0.40933873038682567 0.63155021964004654 0.54305438775030257 0.43322607927995915 -0.34431296265093991
1403715400.2621431 -1.9873395520958357 -2.2391006869621499  0.4135601161042684 0.63429204507166592 0.53944922421498998 0.43939028920534284 -0.33705238436286811
1403715400.3121431 -2.0124166527192933 -2.2353121464752927 0.41769553363154244 0.63810026504681538 0.53471922374022784 0.44487628120343009 -0.33013406054577127
1403715400.362143 -2.0407932569398435 -2.2283089998304422 0.42176128217784697 0.64211300436014329 0.52940442599527571 0.45076653603942674 -0.32284883979227758
1403715400.4121432 -2.0685356236228882 -2.2219943966468847 0.42486970051304529 0.64759996997744396 0.52304351417944117 0.45525549754749889 -0.31588319536311793
1403715400.4621429 -2.0976954061631239 -2.2153637591260562 0.42786818235225194 0.65406427273512457 0.51457839140888084 0.45872309844719139 -0.31141953242776799
1403715400.5121431 -2.1284102381228176 -2.2064976856700418  0.4308944121622646 0.66202441601834872 0.50447222587482587 0.46119676643162755 -0.30745566924269563
1403715400.5621431 -2.1598801159419185 -2.1953615057310825 0.43253596894198026 0.67063743818809995 0.49388744241292243 0.46328899913702876 -0.30279353362635536
1403715400.6121433 -2.1914884767541989 -2.1838358352708847 0.43588865321332659 0.67987202287473114 0.48196542661572633 0.46499988622707494 -0.29876155353082062
1403715400.662143 -2.2242884254221122 -2.1707913938095107 0.43658110358062269 0.68947215932419159 0.47000936457491199 0.46652968027308184 -0.29337586157184153
1403715400.7121432 -2.2572463376369143  -2.156487710753209 0.43698190625366273 0.69867559655476297 0.45764092276075352 0.46889285025422245 -0.2873268027421102
1403715400.7621431 -2.2905846581748204 -2.1418608488517954 0.43867179169165621 0.70803773591643671 0.44483355060339697 0.47062916538914351 -0.28162717457841246
1403715400.8121431 -2.3239308560186593 -2.1249714940884994 0.43835465345023034 0.71685829753310182 0.4305981675281943 0.4729354344092363 -0.27754544539489551
1403715400.862143 -2.3576535804483738 -2.1071857649631651 0.43768042120597211 0.72530338991944954 0.41579730855087921 0.4754026613316889 -0.2739341168455427
1403715400.9121432 -2.3902097979364796 -2.0874988093758726 0.43613630029845518 0.73366955947051093 0.40309167226136849 0.47593357427224381 -0.26969114583227727
1403715400.9621429 -2.4196784302093106 -2.0684799964114489 0.43605239002103019 0.74090110284443644 0.39234205354451773 0.47551434295283523 -0.26649461246055628
1403715401.0121431 -2.4506147757305716  -2.047162807992613 0.43517688604496402 0.74744463901115776 0.38258997764344044 0.4750842074319947 -0.26314713843966697
1403715401.0621431 -2.4804602840946002 -2.0249053979500711 0.43503120712964238 0.75277513568724153 0.37585873095690525 0.47471176401829973 -0.25827998481716297
1403715401.1121433 -2.5083319007425904 -2.0015941437126221 0.43542203218062198 0.75639607799755271 0.3702122511081134 0.47535167066988726 -0.25465398388937582
1403715401.162143 -2.5352098016984326 -1.9775305541675425 0.43655029906332288 0.7591624951371182 0.36659998747521044 0.47639517230005651 -0.24964854289492686
1403715401.2121432  -2.557208052913714 -1.9546561594094993 0.43639013716158681 0.76065143975038618 0.36496499897314744 0.47805749197754249 -0.24427642353353918
1403715401.2621431 -2.5796897047341112 -1.9274280060958711 0.43882680449018335 0.76153692507109405 0.36452747625117415 0.47975147782448818 -0.23878808667191148
1403715401.3121431  -2.600725018934047  -1.897749254711361 0.44119855030882271 0.76213067968266346 0.36394711207443398 0.48150414317222817 -0.23420735856735869
1403715401.362143 -2.6193134288300195  -1.866117601752483 0.44357588294787675 0.76182327954991924 0.36222070270998347 0.48401882068379087 -0.23269558330136733
1403715401.4121432 -2.6382413137388148 -1.8327874397689989 0.44822981762608916 0.76119606620413982 0.36060132852249704 0.48636017859624864 -0.23238116821071833
1403715401.4621429 -2.6531443160134058 -1.7987932138739413 0.44763680861263799 0.7600246551078792 0.35938843937842679 0.48916989378312803 -0.23219665864411451
1403715401.5121431 -2.6684985265015779 -1.7627150426081546 0.45279956112878578 0.75869411914474727 0.35746602768995572 0.49179180303985875 -0.23397028675783743
1403715401.5621431 -2.6808193239762916 -1.7304458069415289 0.45532100140925397 0.75776675467848997 0.35497004455047593 0.493727007537556 -0.23668429395266702
1403715401.6121433  -2.693162314800261 -1.6931864193188471 0.46088729708095594 0.75576864085652318 0.35181983918496479 0.49692399233423468 -0.2410458630558818
1403715401.662143 -2.7031052502163604 -1.6565126762182267 0.46486321210502568 0.75428203755216261 0.34897032943287043 0.49968580503509297 -0.24411557354684063
1403715401.7121432  -2.713083796966842 -1.6185811096063289  0.4712969876613376 0.75340020439018673 0.34232755118877356 0.50285589777565542 -0.2496716359424157
1403715401.7621431 -2.7220525318053492 -1.5804713272582989 0.47738168055035268 0.75390541012860324 0.33387578563330239 0.50492127651332963 -0.25535876110037314
1403715401.8121431 -2.7282561676241035  -1.547005445112988 0.48067413714536361 0.75399480287577336 0.32772402523656224 0.50806675508205767 -0.25682089653970386
1403715401.862143 -2.7343332111470025 -1.5108745026873016 0.48645676270380606 0.75478245549710532 0.32226456535088266 0.51042929134019277 -0.25673124728968189
1403715401.9121432 -2.7392265036814623 -1.4754156472981887 0.49167959975320635 0.75476617202326279 0.32076077632002237 0.5130896759275938 -0.25333680032802941
1403715401.9621429 -2.7433119576898428 -1.4431006946808822 0.49687418841453324 0.75395821117903461 0.32192142066832324 0.51598435165558465 -0.24834202938118316
1403715402.0121431 -2.7469704495486944 -1.4099386340048699 0.50087025852270795 0.75288336798199884 0.32373662467830605 0.51872477274236162 -0.24348684194708556
1403715402.0621431 -2.7478336467671705 -1.3820786181432849 0.50218107342279594 0.75177587832021919 0.32617705127518526 0.52058721846634071 -0.23964663145299295
1403715402.1121433 -2.7501048508195018 -1.3493025363869171 0.50562546878166759 0.74904015554467618 0.3270655919491614 0.52442855350437911 -0.23862446692210051
1403715402.162143  -2.752750390531669 -1.3215951830881616 0.50919756172514896 0.74356660039631239 0.32661320820335543 0.53202299935823172 -0.23954968410760505
1403715402.2121432 -2.7550658347929606 -1.2916243157252536 0.51305748096592907 0.73987028999755999 0.32479199909800471 0.53788190296705851 -0.24038546079450041
1403715402.2621431 -2.7597561420483783 -1.2655015482742882 0.51703199648468212 0.73810854047322383 0.32247617303610748 0.54186304204835656 -0.23997779890351295
1403715402.3121431 -2.7625263954991595 -1.2381060484163353 0.51818931217260455 0.73884045055139569 0.32197170299037242 0.54310527606643111 -0.23555396454166441
1403715402.362143 -2.7644620742888031 -1.2152598163731134 0.51659522356778809 0.74133738812938488 0.32161209943236591 0.54287922402405553 -0.2286190774700288
1403715402.4121432 -2.7680473191309751 -1.1948516955200414 0.51841174470492468 0.74326334435806651 0.31980072517518854 0.54432003543426133 -0.2213657519489643
1403715402.4621429 -2.7723900704593309 -1.1708532070885911 0.51828556714001395 0.74505027721558836 0.31677548542490136 0.54722559402855675 -0.21236177974128609
1403715402.5121431 -2.7778571829294707 -1.1468925183707737 0.51899470561415662 0.74495575515353818 0.31337521541922247 0.5526861157312043 -0.20340834472196945
1403715402.5621431 -2.7852984633948865 -1.1223602200441665 0.52348456037856672 0.74554798244578324 0.30989099209972326 0.55621108911865547 -0.19686290465171624
1403715402.6121433 -2.7924265604612359 -1.0982136071234698 0.52523569745710208 0.74486312396145882 0.30617721785126684 0.56077305497709817 -0.19227069106571257
1403715402.662143 -2.7962757151605442 -1.0730655697090916 0.52681085512848036 0.74476665615521032 0.30323090432125782 0.56373190075503743 -0.1886265904240747
1403715402.7121432 -2.8063399683662285 -1.0477507662719616 0.52710522233794399 0.74522592666202792 0.29954465179314155 0.56581408656747378 -0.1864557300129521
1403715402.7621431  -2.818600192424713 -1.0226087352224247 0.52688960231252402 0.74969550074507829 0.29384637347855103 0.56235817944853295 -0.18805382996211994
1403715402.8121431  -2.8321734584307006 -0.99691784150616158  0.52635162874860031 0.75408535986093161 0.28791053815446493 0.55862731011513156 -0.19078343863278133
1403715402.862143  -2.8464507426596541 -0.97095607962596642  0.52651346676349109 0.75839559014711511 0.28248652142499442 0.55443471086224394 -0.19400939526145464
1403715402.9121432  -2.8620609577463614 -0.94595362188352694   0.5259759114982191 0.76277550567051722 0.27725764437515144 0.54993325901645995 -0.1971677894894702
1403715402.9621429  -2.8850853706966428 -0.92706386945899699  0.52640576775956816 0.76757667356735759 0.27367924316437786 0.54411008393048477 -0.1996745818110166
1403715403.0121431  -2.9027213690672546 -0.90391866339339266  0.52634183949167146 0.77320446420770805 0.26972956148359745 0.5371197757940217 -0.20224531302879969
1403715403.0621431  -2.9199274393993533 -0.87898852387351667  0.52568422934711823 0.77894369986950551 0.26762377032485385 0.52990423270169285 -0.20205379025285786
1403715403.1121433  -2.9346567007176509 -0.85539600355645373  0.52668238036827186 0.78401425674522973 0.26535297405130309 0.5234253123942012 -0.20232495329886108
1403715403.162143  -2.9502231925886919 -0.83411318212457153  0.52776412524723604 0.78805755765938201 0.26464446526208657 0.51763071255294291 -0.20245255800805972
1403715403.2121432   -2.961616844244185 -0.81101752176882558  0.53023479575485566 0.79097820432881749 0.26331662287557245 0.51379293972715023 -0.20257011497428742
1403715403.2621431  -2.974456041189903 -0.7894863817831077 0.53221252197407776 0.79247927830429099 0.26473417025473678 0.51172142107083807 -0.20008398180536149
1403715403.3121431 -2.9821728705587116 -0.7661849640485846 0.53543053424835629 0.79255294501239359 0.26656307322900219 0.51161463067785728 -0.19762192949986943
1403715403.362143 -2.9880796562446612 -0.7420847164431208  0.5386072457465505 0.79191169196301714 0.26754492301854288 0.51318387395153087 -0.19477653302020953
1403715403.4121432  -2.9922736333215094 -0.71939604532315116  0.54230775145258681 0.79128826074275882 0.26745587977312962 0.51529217847145092 -0.19184423783795876
1403715403.4621429  -2.9940354558619968 -0.69604104837107161   0.5456738462502625 0.79096157698892933 0.26581360210242022 0.51776711888210658 -0.1887859191492966
1403715403.5121431 -2.9977215988836741 -0.6711270359214766 0.54759452568420486 0.79096022200052285 0.26196025093922032 0.52105648190502607 -0.185091590315448
1403715403.5621431  -2.9997194594840049 -0.65028607700557728  0.55000929933147069 0.79184803435694162 0.25672338047557769 0.52338969331135787 -0.18202479319499998
1403715403.6121433 -2.9991858691312685 -0.6286808060571859 0.55218386912526529 0.7942156106135555 0.25056553330889775 0.52437840106202038 -0.17738593482856488
1403715403.662143  -2.9961101553116594 -0.60561329043961876  0.55209144620340866 0.79694699483836806 0.24332092413972609 0.52542130483227301 -0.17205483928746565
1403715403.7121432  -2.9921073728678054 -0.58271799304103722  0.55281950438942207 0.80108463894947912 0.23520716401313055 0.52455969732390595 -0.16666767886886527
1403715403.7621431  -2.9888726950625801 -0.56195502112347007  0.55441738073824565 0.80551486025033925 0.2257720117974612 0.52326349995406574 -0.16238262906057704
1403715403.8121431   -2.981753939613824 -0.53875109609025384  0.55566731474745823 0.80947863755943561 0.21516126494466675 0.52297291470819862 -0.15795346113315159
1403715403.862143  -2.9737091502127879 -0.52050354289545075  0.55737511407772489 0.81252651357559047 0.20493254196504623 0.52370455576037789 -0.15341726192402763
1403715403.9121432  -2.9627487830503774 -0.49775044910441874  0.55947628646963987 0.81552821211357307 0.19464241120535611 0.52463747725182741 -0.14759263013390073
1403715403.9621429  -2.9498441744001478 -0.47494719911440675  0.56193858938598151 0.81799544424543491 0.1842126563175506 0.52613915835346803 -0.14186872979360154
1403715404.0121431  -2.934759268632309 -0.4519519902488956 0.56493227539063795 0.81965166197756356 0.17458078791202594 0.52865398356286486 -0.13497283864744186
1403715404.0621431  -2.9174893566848712 -0.43042731010201707  0.56792223572362555 0.81963319318205285 0.16509012976209106 0.53344334458945764 -0.12800342105795628
1403715404.1121433  -2.9003211721465791 -0.40943556241940293  0.57339155200756831 0.81928147309096988 0.15693747913504691 0.5382961798714474 -0.11994047785644928
1403715404.162143  -2.8800239448544698 -0.38795324155148975  0.57723554816793721 0.8179560543201736 0.1503215559058316 0.54448023373579391 -0.10905318932538648
1403715404.2121432  -2.8618290265723787 -0.36691764427480272  0.58212268364607211 0.81705790549934354 0.14380828436003462 0.54949990364000711 -0.09892124296667669
1403715404.2621431  -2.8392295245218899 -0.34268709231568384  0.58518004407000934 0.81581458157856812 0.1390441436612852 0.55426176498553581 -0.088922384540702934
1403715404.3121431  -2.8181034565491729 -0.31950539467477229  0.58793586894614047 0.81519053965165433 0.13507415503596981 0.55760373910171623 -0.079356328314436592
1403715404.362143  -2.8012658079086323 -0.30040917889992391   0.5912291235151802 0.81517382045672171 0.13153185585090302 0.55926948008373811 -0.073543606012183099
1403715404.4121432  -2.7796085836262456 -0.27430645967694728  0.59278447012630375 0.81487086005173837 0.12842178158900883 0.56120224362657545 -0.067419353308551352
1403715404.4621429  -2.7570269116894708 -0.24637913363311989   0.5932397585150041 0.81417174208492271 0.12519116980791464 0.56337479833873605 -0.063721126710979473
1403715404.5121431  -2.7363210165199301 -0.21921326686832585  0.59441447949229953 0.81333038194992313 0.12343455554692299 0.5653879689903708 -0.059950352918638608
1403715404.5621431  -2.714734918140445 -0.1899789258226055 0.59455761108968408 0.81258991349960075 0.12155166605052822 0.56710458632386707 -0.05757788750456122
1403715404.6121433  -2.6941796340363604 -0.15975689776063581  0.59394618384260556 0.81189338191159421 0.11924629629926263 0.56868262199347253 -0.056652737530432803
1403715404.662143  -2.6715266801835256 -0.12809119972233016  0.59284125876204152 0.81159098652523842 0.11555225467547724 0.56955427126711167 -0.059796982463946505
1403715404.7121432   -2.6519193380012878 -0.096432555419612653   0.59116090897605555 0.81102460359124096 0.11239726924347188 0.57069812486914873 -0.062526766325459324
1403715404.7621431   -2.6307193411756442 -0.063506697723814579   0.58842778820766517 0.81033506061681637 0.10825488991863567 0.57199447247845148 -0.06678541605727098
1403715404.8121431   -2.6120116770991539 -0.031196515359921614   0.58592967322990941 0.81068413434646613 0.10462890431318379 0.57189865342242518 -0.069108298450768185
1403715404.862143   -2.5921112762917637 0.0016051777805200327   0.58365892268254582 0.8112421285149275 0.10008681486688586 0.57186745255537308 -0.069544626824792968
1403715404.9121432  -2.5741358546264146 0.033512093594494106  0.58074222354094007 0.81114638965359387 0.094762752998163058 0.57293908072959221 -0.069299097893688155
1403715404.9621429  -2.5572940134750457 0.064595554272372638  0.57788251263400281 0.81082394963612292 0.087935290709471717 0.57455159801239575 -0.068719491890738255
1403715405.0121431  -2.5390147127915288 0.094564072517371672  0.57518810815051624 0.81025060511824243 0.079594640837390193 0.57670897030088319 -0.067567844645096783
1403715405.0621431 -2.5213658883561108 0.12535452352985696 0.57196300303506031 0.81012954736179632 0.069463488606843329 0.5784277633812448 -0.065469556220496133
1403715405.1121433 -2.5050432001519396 0.15524876576427971 0.56847755526223709 0.81046555648197582 0.057187487822761451 0.57949484394181272 -0.06372518213184665
1403715405.162143 -2.4888292008956787 0.18289849365089225  0.5639200363492709 0.81172445936375759 0.044159548959363658 0.57929023732068718 -0.059800980353692614
1403715405.2121432 -2.4740937652013328 0.20958381470182799 0.55959539164325267 0.8132485619506572 0.030102143645130915 0.57858486478526139 -0.054407643530820178
1403715405.2621431 -2.4603892363835529 0.23517085063230411 0.55519220192521523 0.81467831834001114 0.015517120101600987 0.57773435800758066 -0.04776471697825499
1403715405.3121431 -2.4475786239180959 0.25808731798666629   0.551788568326259 0.81591914718157044 0.001836691906138046 0.57685335639691282 -0.038894434549909984
1403715405.362143 -2.4331514179266089 0.27967099386323813 0.54619339222582253 0.81707227957525508 -0.011573148453361734 0.57567904688634142 -0.029199095201841416
1403715405.4121432 -2.4203117142887529 0.30031765066275756 0.54178354517659855 0.81828311342448412 -0.024267339749846212 0.57400800240442262 -0.018402599856622594
1403715405.4621429 -2.4069549117225142 0.31846272411220211  0.5370306757692912 0.81943079055082468 -0.037585154547011571 0.57187689407154874 -0.0087950942011108726
1403715405.5121431 -2.3943012327261148 0.33627278641459568 0.53285649133427837 0.8198387469612588 -0.05114358428281985 0.57030496193184266 0.0010065602906756776
1403715405.5621431 -2.3801635997298214 0.35204734255739661 0.52957253761649992 0.81995632171509081 -0.06454089951691179 0.5686670300435348 0.011131563702915568
1403715405.6121433 -2.3664365879313176 0.36793331548028946 0.52621020355031622 0.82019845431621696 -0.075852642747758423 0.56654456910244044 0.023412034213191713
1403715405.662143 -2.3533604962177956 0.38142661926804056 0.52196107933534552 0.82097189409079918 -0.086248530001762497 0.56322561293948292 0.036650363087486419
1403715405.7121432 -2.3402774809120928 0.39563204915755895 0.51731250194867595 0.82149280545271242 -0.09677970282359892 0.5598353584451633 0.048658310136947186
1403715405.7621431 -2.3264924220583989 0.40952195956122189 0.51288636136950883 0.82153084032641277 -0.10709815180639291 0.55674703710959317 0.060413582429138392
1403715405.8121431 -2.3063236485275715 0.42511725390715693 0.50689417108519907 0.82178136080324182 -0.11875699880043915 0.55278249198066431 0.070736743153268056
1403715405.862143 -2.2907561650247428 0.43930586969602908 0.50211643252353566 0.82154636247709634 -0.1299786281268456 0.54921494181670794 0.080808899362538142
1403715405.9121432 -2.2728388904610166 0.46112068099027276 0.50011803295267143 0.81960671680456298 -0.14287874753816601 0.547540711993732 0.089608381193764353
1403715405.9621429 -2.2545516652361703 0.47420277652738069  0.4946128717769453 0.81591117747784603 -0.15591212099124854 0.54802944065005676 0.09820434397475028
1403715406.0121431 -2.2364285846659837 0.48636079656261055 0.48958804963852881 0.81099486000906096 -0.16830188936267892 0.54986611850565315 0.10774536089949856
1403715406.0621431 -2.2160611563529033 0.49823540954090201 0.48769769757918696 0.80598213653316508 -0.18145964086265245 0.5513280458973433 0.11620060298659697
1403715406.1121433 -2.1964028851400634 0.51002846965614046 0.48176115767982924 0.8012602631012542 -0.19399818668013857 0.55188594760288379 0.1255730670892215
1403715406.162143 -2.1772611680807281 0.52151167918851471 0.47536473290973058 0.79679585951966736 -0.20685151524022774 0.55174281807131598 0.13382328497634166
1403715406.2121432 -2.1573456393700008 0.53302294710692744   0.467479397093438 0.7923003910537264 -0.22002165955795025 0.55114780437205035 0.14172740524452548
1403715406.2621431 -2.1377707858358015 0.54456841680490042 0.45973639246841475 0.78804876104691135 -0.23315431051398933 0.5494989003615286 0.1505628646202152
1403715406.3121431 -2.1183250372862314 0.55444715907482367 0.45160442059815453 0.78437683489134824 -0.24563608681168264 0.54722943441794947 0.15797417462447905
1403715406.362143 -2.1000820929151396 0.56456127968731551 0.44324837219408214 0.78110902769430601 -0.25891546557259909 0.54417161202396447 0.16342804290886037
1403715406.4121432 -2.0811729617380172 0.57369781573194911 0.43403257252812572 0.77800129957755937 -0.2719575561049451 0.54057821273633044 0.16890311260556826
1403715406.4621429 -2.0632733554231448  0.5821925241317758 0.42276307363896576 0.77428973154220615 -0.28577938441791989 0.53754372764174918 0.17277816975250712
1403715406.5121431 -2.0422771307472223 0.59195604722439532 0.41120639770975154 0.77098998633112037 -0.29837484093272554 0.53364082737522722 0.17825364690180237
1403715406.5621431 -2.0237245731698819 0.59880717564485775  0.4009557043959146 0.76726144894507242 -0.31087227551462221 0.53016922565044244 0.18327271878891072
1403715406.6121433 -2.0058304925926937 0.60503668005296629 0.39103425070627146 0.76300349808026102 -0.32249603306939756 0.52732283218421727 0.18908358265328853
1403715406.662143 -1.9907003745997167 0.61442373546409856 0.38190798529930953 0.75848840297522779 -0.33326197511202044 0.52466145308868184 0.19586260015479326
1403715406.7121432 -1.9729498840654252 0.61952065005599066 0.37243785037865945 0.75387038302775811 -0.34358141080395932 0.52208541949569787 0.20262792130785842
1403715406.7621431 -1.9564075279060131 0.62159528250638563 0.36226021704140854 0.74907063918886818 -0.35262736783897591 0.51957386778409087 0.21116371106801551
1403715406.8121431 -1.9407087963920857  0.6236878704341331 0.35174214614338112 0.74382515579412622 -0.36177672843497244 0.5172300712359732 0.21980625509744264
1403715406.862143 -1.9236838635844908 0.62486407221869267 0.34225033823352435 0.73860564187061684 -0.37097133870321491 0.51429217651442827 0.22879145271117712
1403715406.9121432 -1.9083993307865443 0.62413978266623482 0.33307961848057505 0.73387093070043508 -0.37972896962933916 0.51084223445085208 0.23723317263481189
1403715406.9621429 -1.8944845772279335  0.6257034913952384 0.32520513627755138 0.72881506433841792 -0.38812403532792766 0.50754485400711291 0.24614336547031263
1403715407.0121431  -1.880125253843659 0.62370079783322807 0.31687782745090348 0.7240335784754417 -0.39711819180418506 0.5038943903895986 0.2533040905949126
1403715407.0621431 -1.8648984608257861 0.62104115578534125 0.30977413722417968 0.71927372942511159 -0.40688147784996809 0.49991287619863728 0.25919082034733254
1403715407.1121433 -1.8519838021834671 0.61845760100781055 0.30362467796014619 0.71491090892564479 -0.41647391883706081 0.49536063388059709 0.26470683714068044
1403715407.162143 -1.8384678361442244 0.61469360728204903  0.2959070746445896 0.71123799267051102 -0.42578983463908121 0.49021248265898648 0.26932370178905318
1403715407.2121432 -1.8216569255428281 0.61233464597349507   0.288325563871007 0.70937367516914773 -0.43467411527481975 0.48319002276264655 0.27271744423432548
1403715407.2621431 -1.8067885119920712 0.60542124757694216 0.28219626932416497 0.70861364140101535 -0.44233243467800676 0.47631917809663238 0.27446086247326529
1403715407.3121431 -1.7925697031425805 0.59977323553248085 0.27648201894490054 0.70900955518566755 -0.44810460920807549 0.46915363528861359 0.27641015964934856
1403715407.362143 -1.7780635203610837 0.59188093683610599 0.27152160798676972 0.70876461603615792 -0.45262763067651429 0.46413251627616497 0.27814017030705585
1403715407.4121432 -1.7629252564193969 0.58199473033478988 0.26711626935178773 0.70808831021139962 -0.45551627645141146 0.46100174949586842 0.28034488365503407
1403715407.4621429 -1.7469473518463863 0.56978214116947568 0.26387448939100117 0.70622427079195715 -0.45704909953229911 0.46075526183787041 0.28294520432373221
1403715407.5121431 -1.7281443276153043 0.55363237843981694 0.26008262797935328 0.70509546126358125 -0.45766018478403142 0.4600520947341768 0.28590140940478065
1403715407.5621431 -1.7105929325220206 0.53678054656188989 0.25752690338188761 0.70317495702679678 -0.45839330869525508 0.46123470271366224 0.28754669771433455
1403715407.6121433 -1.6925894181881833 0.51983132414479027 0.25637406356097131 0.70160693603373248 -0.45767335603138687 0.46247359471974764 0.29051846873360765
1403715407.662143 -1.6735292155273953 0.50104460911816007 0.25549349119813058 0.70075073043562131 -0.45528881517476638 0.46330910734968672 0.29496640421840797
1403715407.7121432 -1.6534149779992655 0.48050779363385382 0.25267936546238834 0.7000580312180098 -0.45084109658905797 0.46452054389882053 0.30146595636901319
1403715407.7621431 -1.6339415996252638 0.45943759075769169 0.25347847894139974 0.70017786293327355 -0.44652833574306877 0.4652466976551255 0.30644561663975467
1403715407.8121431 -1.6161590060064719  0.4356321143978002 0.25400888262057864 0.70098336705750941 -0.4428896346399035 0.4657123367231345 0.30916518248523328
1403715407.862143 -1.5945963085418606 0.41496632379355125 0.25470158795042108 0.70115372551751443 -0.4403971247166652 0.46634113296229879 0.31138364350370734
1403715407.9121432 -1.5715932268436814 0.39180094282715139 0.25372389859784444 0.70037734902673476 -0.43991545235161322 0.46847616173466555 0.31060593947784426
1403715407.9621429 -1.5486330542695779 0.37045050807894342 0.25484361402487143 0.70046644929643953 -0.43949894195291739 0.46917772050235645 0.30993499321070117
1403715408.0121431 -1.5247206621801237  0.3476396465229647   0.258248493319577 0.6988280358903981 -0.44032992585620201 0.47211729961180449 0.30798407110806542
1403715408.0621431  -1.500498728275977 0.32452481286557472 0.26392664746472289 0.69859073914455094 -0.44074390590095092 0.47307543361971188 0.30645623292432045
1403715408.1121433 -1.4759382030781616 0.30221539785950963  0.2728685444095541 0.69776404207811393 -0.44106755999233344 0.47484778864973931 0.30513001609096729
1403715408.162143 -1.4518647185322353 0.27840845355593224 0.28465954542993571 0.69720144783230809 -0.44100091978488842 0.47672982572416722 0.30357371947258693
1403715408.2121432 -1.4266480854837269 0.25598039274381906 0.29996054795101745 0.6962079146961121 -0.44080276463468931 0.47897834138565804 0.30260074469232534
1403715408.2621431 -1.4017186157531552 0.23308093160824475  0.3158180785583109 0.69594473051270656 -0.44041592830811183 0.47997004088860884 0.30219778624848898
1403715408.3121431 -1.3776378886992668 0.20863489030289561 0.33211336143761205 0.69577611639805459 -0.44031645051712026 0.48118032001240668 0.30080312313339314
1403715408.362143 -1.3532817971170681 0.18510501731490631 0.34597927156811481 0.69522350840029279 -0.43997868335716828 0.48255716093563278 0.30036913621179939
1403715408.4121432  -1.328017615556307 0.16183045499653848 0.35707546402671536 0.69419996996034516 -0.43846022384826261 0.48554841622945799 0.30013625123775445
1403715408.4621429 -1.3045321670815935 0.13957027999212579 0.36615381437773181 0.69379877168711646 -0.43496170508705045 0.48914377536037013 0.30031641070613835
1403715408.5121431 -1.2795713838933251 0.11813456200416804  0.3715116275835747 0.69308517726125163 -0.43057935879229953 0.49448339501447319 0.29953384599692934
1403715408.5621431  -1.2536241225890221 0.097282367218175458  0.37477881514917105 0.69363395054575883 -0.42489867340040827 0.49907716256359436 0.29875582973446518
1403715408.6121433   -1.22825076133415 0.07577193238018122 0.37291552262367955 0.69389633588879718 -0.41808706110758531 0.50542355199980438 0.29708267781616771
1403715408.662143   -1.203122894945275 0.053817717394270076  0.36957013569874675 0.69589853700807636 -0.40910656251247507 0.5106106624119976 0.29603006288285422
1403715408.7121432  -1.1799286984787616 0.037029174460517018  0.36800735745829127 0.69832845309417602 -0.40016396656736652 0.51608510496116788 0.2930227566203471
1403715408.7621431  -1.1580083271277597 0.019312645123449806   0.3668508326850583 0.70169376250774063 -0.39096678263678275 0.52138794105583253 0.28796779933515632
1403715408.8121431   -1.1351416002010695 0.0026667741733071089   0.36546779395321854 0.70578308527665157 -0.38103899330426449 0.52607583025480786 0.28270787562563277
1403715408.862143   -1.1129409380565951 -0.012245556116141601   0.36379944750591248 0.71069654463721543 -0.37150151758888439 0.53013842388128773 0.27540932336168705
1403715408.9121432   -1.0917630539711696 -0.025255450929707345   0.36435195480898813 0.7159590518681328 -0.36133718930289427 0.53408198499646697 0.26757149507562006
1403715408.9621429   -1.0717022350065206 -0.036526532636681389   0.36391856749566825 0.72178583301622368 -0.35037322589846909 0.53740618037101484 0.2597275709847004
1403715409.0121431   -1.0514335292892611 -0.046510043143040102   0.36299379799174741 0.7270036146438803 -0.33905063597156349 0.5416737289368142 0.25119709775731369
1403715409.0621431   -1.0329251385709295 -0.056413813434359063    0.3632374782390444 0.73276409364377004 -0.327554405660269 0.54490849505884831 0.24256880758183538
1403715409.1121433    -1.015593268789269 -0.065108331189577234   0.36602852140929376 0.73776346313747387 -0.31696241853819446 0.54893618513972864 0.23218303628400896
1403715409.162143  -0.99661153903694188 -0.072607550246427913   0.37018791165761755 0.74178695188310428 -0.30826205300113929 0.55276382543996505 0.22176288684194129
1403715409.2121432 -0.98203291963062334  -0.0792685311192112  0.37401593386426052 0.74616637493060634 -0.30038616617373143 0.55487688271497893 0.21240418339306011
1403715409.2621431  -0.96864410270282886 -0.086342134668212264    0.3777324133656399 0.75071951442508178 -0.2941368198160465 0.55515878866257296 0.20421180490014931
1403715409.3121431  -0.95441621669821297 -0.093020687469488467   0.38321696754984902 0.75395045388937698 -0.28903458365261064 0.55602729716856947 0.19710750197843777
1403715409.362143  -0.94360862175536719 -0.098425323007743315   0.38970787659360118 0.75645381279690194 -0.28423970294312312 0.55688700377557443 0.19199553484833531
1403715409.4121432 -0.93460720180482415 -0.10358739878420097  0.39736854125051008 0.75838095477061529 -0.27980753208025344 0.55753705820183808 0.18899338920715839
1403715409.4621429 -0.93020028343525574 -0.10593992789153488  0.40778020851059932 0.75990745314246833 -0.27480941406255888 0.55823932772990137 0.18812044433497474
1403715409.5121431 -0.92085227998523334 -0.11064306434489342  0.41663616669089826 0.76072201937828154 -0.27038058555244016 0.55858519428323306 0.19020759426719017
1403715409.5621431 -0.91282594323080513  -0.1159932243721967  0.42647956445862628 0.76247663861110038 -0.26773896970332212 0.55621231358568646 0.19383777209351941
1403715409.6121433 -0.90694281280183708 -0.11956057161365304  0.43551232511967697 0.76427736462373619 -0.2695711938243805 0.55268943545082272 0.19428296200373793
1403715409.662143 -0.90223615164714588 -0.12452746198611998    0.443727200350791 0.76604349090154045 -0.27188939491105496 0.54921136320433839 0.19395980384995862
1403715409.7121432 -0.89601197569157087 -0.12989236186229028  0.45203820613530626 0.76843221514913485 -0.27525916614700841 0.54455570721495239 0.19288183925053892
1403715409.7621431  -0.8930299715145642 -0.13370724263487546  0.46198542284286842 0.77100719742030299 -0.27850967474685306 0.53950772761138932 0.1921241120892612
1403715409.8121431 -0.88726299364654759 -0.13733249024630839  0.47197746571362353 0.77348167562057646 -0.28208382214124189 0.53421521349425183 0.19175223710993447
1403715409.862143 -0.88792625848714313 -0.14187330492083838  0.48281820084695465 0.77566654023836246 -0.28449309353534852 0.52989943626496194 0.19134180288533856
1403715409.9121432 -0.88304559343831424 -0.14555738036678917  0.49404387350447959 0.77792548761470115 -0.28873215398607593 0.5244948104480267 0.19071149096758436
1403715409.9621429 -0.87776107829605243 -0.14977292728438149  0.50489942219614914 0.77982799657791335 -0.29183112727315413 0.51978935823534622 0.19110706939578392
1403715410.0121431  -0.8714698838984859 -0.15434993882276296  0.51660129429947921 0.78070571336805683 -0.295337267352415 0.51644526331971508 0.19120349793325397
1403715410.0621431 -0.86471069429349112 -0.15999514381597613  0.52883643048216089 0.78057857521858476 -0.29759402749898989 0.51503219915878917 0.1920331131245761
1403715410.1121433 -0.85599436669277029  -0.1652775331978025  0.54014433080100244 0.77857822570005486 -0.29911124479552703 0.51622572402055655 0.19457495101393985
1403715410.162143 -0.84611055730869733  -0.1730850956823404  0.55272202638769097 0.77566336876027897 -0.29883993515720536 0.51936914182725291 0.19823401836293283
1403715410.2121432 -0.83631799873700174 -0.18216128949141622  0.56152636257444533 0.77272963470776035 -0.2985195668739522 0.52304151173072078 0.20050575264625575
1403715410.2621431 -0.82630483377556607 -0.19097102952376724  0.56739719954894963 0.76983262995750001 -0.29828060737539946 0.52652909541337556 0.20286328598258935
1403715410.3121431 -0.81448901456970035 -0.19932270781099765  0.57005193595339709 0.76747986426019177 -0.29804254063541147 0.52922458561788088 0.20510153559719893
1403715410.362143 -0.80235978112804762 -0.20742820280660373  0.57046026188571308 0.7658156136890254 -0.29758260363596767 0.53128959085136196 0.20664561572008414
1403715410.4121432 -0.79380037385575408 -0.21417912368507877  0.56680015076713386 0.76507731131636303 -0.29669965001213672 0.53219860836053212 0.2083042646004
1403715410.4621429 -0.78544076182603473 -0.22059256902716143  0.55909181399421981 0.7653474344975616 -0.29503095244098559 0.532005394137683 0.21016731957698376
1403715410.5121431 -0.77286831492964347 -0.22789991801872364  0.55599420585044868 0.7661906038281826 -0.29300191069181486 0.53066561532180012 0.21329754722332414
1403715410.5621431 -0.75980674024036854 -0.23470859577832565  0.55352503545758525 0.7665987648311301 -0.2906479899281299 0.53022785920377924 0.216121486748312
1403715410.6121433 -0.74563584965876162 -0.24066340953942877  0.55059387122162629 0.76741007080373524 -0.28917309702336957 0.52948173265958254 0.21704791629206063
1403715410.662143 -0.73084697052407543 -0.24647348480208772  0.54764743084203837 0.76756347457448992 -0.28779073917681752 0.52977847639036946 0.21761794249715785
1403715410.7121432 -0.71458216174271394 -0.25253073302925222  0.54440490867732405 0.76714210479163836 -0.287749492275721 0.53085056189395041 0.21654307120708582
1403715410.7621431 -0.69886928032296713 -0.25739332556491357  0.54237087547633234 0.7650358556307324 -0.28657392576130236 0.53478788685281609 0.21586440361627102
1403715410.8121431 -0.68458497859262823 -0.26302925914000547  0.54209513526335573 0.76098125438150355 -0.28544534855501746 0.54150782108913287 0.21493664919589189
1403715410.862143 -0.67117528443529251  -0.2678593507294148  0.54061396747892099 0.75779903727698805 -0.28301218486018714 0.54707386028868521 0.21530191293058557
1403715410.9121432 -0.65648512911888612  -0.2701217999326056  0.53894499534455464 0.75556370102474413 -0.28218248862545187 0.55136809721795987 0.21328328152291806
1403715410.9621429 -0.64259071086122377  -0.2719163351915404  0.53624453587050169 0.7561339400626591 -0.28068318647204199 0.55175913886810746 0.21222692146083763
1403715411.0121431 -0.62961699859691211 -0.27364597270477348  0.53277069298892732 0.7581988068241623 -0.28052875114562986 0.55041851842283096 0.20851293410315308
1403715411.0621431 -0.61828548740564415 -0.27259021813472067  0.52855696404601793 0.76051962100600989 -0.28029512206119389 0.54864579943662839 0.20501789525336206
1403715411.1121433 -0.60829307336017613 -0.27123465307625144  0.52496605708412614 0.763230590739714 -0.28000583610153973 0.5462847517743652 0.20161539397329081
1403715411.162143 -0.59720786235490086 -0.26973370870653612  0.52172648704915525 0.76503371642065587 -0.28061853492828531 0.54503371618495822 0.19726859561500545
1403715411.2121432 -0.58665710468337895 -0.26786405261708118  0.51906305101249584 0.76571815065277327 -0.28199120032212949 0.5451043024091714 0.1924005618411547
1403715411.2621431 -0.57683004076363209 -0.26512751827954806  0.51697597565878139 0.76603425027620009 -0.28281845837521258 0.54562846262026599 0.18840071067990524
1403715411.3121431 -0.56800706299006853 -0.26292558825723022  0.51460047594694214 0.7651601086010682 -0.28301212057826941 0.5477192618223552 0.18557413084847518
1403715411.362143 -0.55920232441458195 -0.26079108136516593  0.51329428453143489 0.76326463964028179 -0.28252669507764411 0.55118972065106031 0.18383592764174533
1403715411.4121432 -0.55181439989654846 -0.25825814634236666  0.51142693239281245 0.76065659114509476 -0.28209259055083635 0.55560238404977291 0.18202008554566509
1403715411.4621429 -0.54190661497157877 -0.25581477479569137  0.50850370944738588 0.75786121401487272 -0.28122796368938191 0.56017035654309721 0.18101487337068906
1403715411.5121431 -0.53567961358619665 -0.25371764264225488  0.50669883755460843 0.75680952209351415 -0.2795821523663351 0.56231314837803359 0.18132040841553873
1403715411.5621431 -0.53101695422709982 -0.25129008680094922  0.50405078404387449 0.75814214120935286 -0.27797684780563098 0.56126330969063087 0.18147413865799678
1403715411.6121433 -0.52746797260390688 -0.24875532793840791  0.50099884186074861 0.76019143164708503 -0.27644235967008279 0.55903043293281751 0.18213616907505936
1403715411.662143 -0.52535649464087197 -0.24675143305560174  0.49825743602041411 0.76280491786557403 -0.27492307082526635 0.5561117062769636 0.18244377914805646
1403715411.7121432 -0.52298357736523582 -0.24426531151951306  0.49491199877954922 0.76463501043397542 -0.27360019146900733 0.55413534279357601 0.18278473107402349
1403715411.7621431 -0.52201519606761337 -0.24179764156849029  0.49261894991265909 0.76622575805517634 -0.27220842061888889 0.55249946663880156 0.18315294920033484
1403715411.8121431 -0.52162721426388636 -0.23903252037888581  0.49001149935855737 0.76674660652010973 -0.27091566300564296 0.55218505384330563 0.1838369147918191
1403715411.862143 -0.52195119148874936 -0.23599717582818128   0.4865025306742205 0.76757059191089416 -0.27017379742032166 0.55146504973508903 0.18365131238768323
1403715411.9121432 -0.52327683568501138 -0.23253132942231328  0.48297858964759172 0.76780450208035089 -0.26973405140402096 0.55142701684352524 0.18343400228247769
1403715411.9621429 -0.52492359133798816 -0.22873227965919662  0.48005070975823561 0.76776843541241457 -0.26993044021058271 0.55174289623752992 0.18234298309371991
1403715412.0121431 -0.52674754649707123  -0.2255821388425526  0.47692291948771037 0.76801599729287773 -0.27001398741512012 0.55155902496002007 0.18173199082045466
1403715412.0621431 -0.52865086744280265 -0.22200532601236209  0.47324473510070753 0.76829657074125546 -0.27046802626454564 0.55118576369445238 0.18100187859895722
1403715412.1121433 -0.52890371057644225 -0.21988796616223708  0.47154660674515492 0.76855097217248092 -0.27063458944942814 0.55090984857188607 0.18051221818141694
1403715412.162143 -0.53199867765244901 -0.21607526802611779  0.46873584607049285 0.76963323245449267 -0.2708387692687339 0.54924398852748879 0.18067121970325575
1403715412.2121432 -0.53677959336533965 -0.21117312817880035  0.46523930317248285 0.77036625551275295 -0.27098627450354384 0.54818305897723985 0.18054806907941714
1403715412.2621431  -0.5404454287028273 -0.20708050519198767  0.46270049656766216 0.77092228449716615 -0.27092293624370206 0.54730971076380297 0.180918971880795
1403715412.3121431 -0.54372737629701329 -0.20276905563982331  0.45951893930403043 0.77142282774341786 -0.2710448399136548 0.54649315357036232 0.18107111501631321
1403715412.362143 -0.5476049719384235  -0.198719889688072  0.4562168046604248 0.77187499381175162 -0.27146821271558369 0.54566965210931662 0.18099346446767792
1403715412.4121432  -0.5517290342461445 -0.19480509273821181  0.45284329420413361 0.77225385467436658 -0.27183930039274173 0.54501833617069717 0.18078272024806993
1403715412.4621429 -0.55623935315260475 -0.19050074242123891  0.44965229707828175 0.77303552714104984 -0.27283750493334352 0.54370037269865334 0.17990462586285119
1403715412.5121431 -0.56092081402037552 -0.18575481177807088  0.44677663198208856 0.77385981997640174 -0.27339626265172351 0.54239091966661868 0.17946462842956182
1403715412.5621431 -0.56539211450090232 -0.18191597144774557  0.44321350432413659 0.77465253622510621 -0.2739511888817901 0.54115257014543539 0.17893599429755233
1403715412.6121433 -0.56955352028874895 -0.17798112273576203  0.44083564520933483 0.77533593129426825 -0.27377005199689231 0.54002907719671855 0.17964617462036098
1403715412.662143 -0.57298516010814737 -0.17413015334776893  0.43914102652083808 0.77585525591519422 -0.27365465392258898 0.53934759069046434 0.17962719357510434
1403715412.7121432 -0.57381937019329465 -0.17172761436416098  0.43988330461559028 0.77722663103275624 -0.27345025870876682 0.53740373584995593 0.17983588273782045
1403715412.7621431 -0.57696025597347134 -0.16923732035126529  0.43795433244254317 0.77788189999079782 -0.27338501346803307 0.53640327577630786 0.18008861655928224
1403715412.8121431 -0.58007293490934653 -0.16577633606050643  0.43660260894457109 0.7784982316609077 -0.27346163379067651 0.53540690539007163 0.18027391327089082
1403715412.862143 -0.58227286688116631 -0.16320797124104167  0.43651737389437317 0.77903429204807939 -0.27348536447966554 0.53462776807130685 0.18023450511948338
1403715412.9121432 -0.58405164850711278 -0.16048338364948816  0.43625131077537149 0.77915424201894545 -0.27333585821018136 0.53438060969283729 0.18067523279270475
1403715412.9621429 -0.58518306034282885 -0.15875462671615301  0.43605255544912774 0.77857082076943884 -0.27338488252310733 0.53504741816369161 0.18114205301529779
1403715413.0121431 -0.58614752130199466 -0.15730623929986476  0.43531322644812964 0.77734818256144278 -0.2729042759703118 0.53668039226584741 0.18228333929056167
1403715413.0621431 -0.58712168624573147 -0.15525799121386905  0.43199273460930732 0.77656196420294055 -0.27236330413556775 0.53761448364057973 0.18368563714536879
1403715413.1121433 -0.58789838430325592 -0.15237719431445068  0.42622971875808252 0.77589552836822073 -0.27181014811240756 0.53854383145406626 0.18459662522398712
1403715413.162143 -0.58802965884694702 -0.15070438538477415  0.41830856440855813 0.775002115586505 -0.27165518950469991 0.53969804174172653 0.18520583843862146
1403715413.2121432 -0.58858368261102223 -0.14769008250259277  0.40805289222382962 0.77445711546144458 -0.27102931182738715 0.54047420963345061 0.18613682376845467
1403715413.2621431 -0.58860773699922975  -0.1447636677868715  0.39579634942087305 0.77370615902282447 -0.27128310826339058 0.54149161488802744 0.18593301392452535
1403715413.3121431 -0.59213442627158985 -0.14004092775224089  0.38099227165650512 0.77252650230507625 -0.27262478911894367 0.54314973402755995 0.18402960093400017
1403715413.362143 -0.59283131881150075 -0.13697983402651878  0.36477264390060332 0.77110167943486818 -0.27467301531779381 0.54514190365088655 0.18104485497479456
1403715413.4121432 -0.59425139389484316 -0.13345584177303751  0.34904344812611138 0.76983632500542076 -0.27670109375520363 0.54682186961668344 0.17825369652755393
1403715413.4621429 -0.59493281001237464 -0.13157724143702879  0.33595834830541832 0.76891335699895225 -0.27845949709148887 0.54800251815892043 0.17585732284906211
1403715413.5121431 -0.59631608720455032 -0.12948549512243751  0.32277442953005975 0.76825682543617391 -0.2792423154008421 0.54890228635727578 0.1746752973149438
1403715413.5621431 -0.59799471535557147  -0.1278226056298237  0.31143863350499323 0.76830079211793034 -0.27900745705164942 0.54878338155234763 0.17522994000028483
1403715413.6121433 -0.60071274203853997 -0.12618008430525596  0.30142202115382383 0.76828900930480515 -0.27816455635617171 0.54869891444412333 0.1768784301616679
1403715413.662143 -0.60432935920856812 -0.12518479859079504  0.29260638856208726 0.76821787660771368 -0.27663645851924196 0.54879240359849168 0.17927761051190358
1403715413.7121432 -0.60668205177120305 -0.12525027384353976  0.28467203770503652 0.76840794321859152 -0.27447014940967629 0.54866139322631102 0.18217037482688353
1403715413.7621431 -0.61112202621200784 -0.12390197925657685  0.27634388090842349 0.76906122742919492 -0.27331591176261383 0.54758014121068721 0.18438880062019763
1403715413.8121431 -0.61518551479541639 -0.12308421075975605  0.26621508092571627 0.76987263823473517 -0.27277687748662105 0.54632640842208602 0.18551644527308545
1403715413.862143 -0.61944469313244932 -0.12234706936287686  0.25388212873352084 0.77068004911413901 -0.27233350574396287 0.54504611947145176 0.18657827096353774
1403715413.9121432 -0.61729185034889078 -0.11982482996498348  0.24048154561369905 0.77044809763959055 -0.27229571353630999 0.54486610589252549 0.18811087125098139
1403715413.9621429 -0.62125749873501801 -0.11784527096623702  0.22753489025830093 0.77028474620166065 -0.27098833610528439 0.54512659436792266 0.18990452226517213
1403715414.0121431 -0.62573042299230852 -0.11544469507844332   0.2164901637567466 0.77039707315271155 -0.27056147713331047 0.54487919806320217 0.19076555319862812
1403715414.0621431 -0.62811498132467281 -0.11395147738959936   0.2097422770880836 0.77080933491484849 -0.27094355065682502 0.54421102222073392 0.19046502266575166
1403715414.1121433 -0.63046836235571524 -0.10933669127652385   0.2041924666457357 0.77215093158710957 -0.27159223169702501 0.54202603580187592 0.1903375292576108
1403715414.162143 -0.63487584809427089 -0.10563063430363889  0.20113122451261634 0.77453964945582077 -0.27269809279891871 0.5385720594837542 0.18884972424685792
1403715414.2121432 -0.63940574197537925 -0.10157227576644633  0.20010285821559703 0.77792149499266872 -0.27430035854313528 0.53348987929146852 0.18704547475160499
1403715414.2621431  -0.64151352184144861 -0.096817524878180294   0.20177074686596136 0.78079525660799731 -0.27585257404508357 0.52897201838630326 0.18561446176274568
1403715414.3121431  -0.64481013659154163 -0.093626753683053052   0.20529391833437413 0.78383953068207923 -0.27682005453100278 0.52456819619665807 0.18383268231882774
1403715414.362143  -0.64516157279844588 -0.090067449668059837   0.20921735871525907 0.78613171592229647 -0.27723623682343745 0.52090085855122314 0.18384583153730646
1403715414.4121432   -0.6437654550111982 -0.087269832262057492   0.21284842227226544 0.78680638543300363 -0.27696783187680146 0.51979924604695971 0.18448109864245701
1403715414.4621429  -0.63936148100542267 -0.084710929272073576   0.21840277360377433 0.7864698566049888 -0.27685617411755825 0.51996928357698746 0.1856010981679557
1403715414.5121431  -0.63416061447197536 -0.081993318346378213   0.21925846022224038 0.78547015961514 -0.27636056568785866 0.52118876211774434 0.18714630728129941
1403715414.5621431 -0.62935208946295407 -0.08038672349345799   0.2182239373414456 0.78346052811947253 -0.27530329619759497 0.52420909941321692 0.18868629010577498
1403715414.6121433  -0.62390792900690739 -0.078920684331902857   0.21562996591331407 0.78115376856406471 -0.27388730612237183 0.5277186171203947 0.1905192760529191
1403715414.662143 -0.61713958405569147 -0.07717500230581506  0.21181908973156049 0.77891921146326093 -0.27415281915947215 0.53092142476611548 0.19038785277607312
1403715414.7121432  -0.60976360165101651 -0.074512363560402015    0.2076984062145672 0.7762518246814093 -0.27495456113341066 0.53459393821686896 0.18984840060557492
1403715414.7621431   -0.6013512831204143 -0.071675025416932048   0.20217131544949674 0.77373934077910544 -0.27684909349557868 0.53790732955079923 0.18798328855757265
1403715414.8121431  -0.59323474919193331 -0.068927471815451821   0.19567712723480948 0.77185687697344774 -0.27989131474265916 0.54012226178651801 0.18483981097977251
1403715414.862143  -0.58539711152917073 -0.066339666252389726   0.18845872820345191 0.76967691214932388 -0.2838530680082148 0.5426447065114941 0.18044835599600312
1403715414.9121432  -0.57745335667305731 -0.064048230349873225   0.17948432838596579 0.76705898198505418 -0.28835574789471941 0.54550564196259499 0.17576995021648767
1403715414.9621429  -0.57018224579350918 -0.062432537453486932   0.16998989312383342 0.76512557799205771 -0.29226008556367489 0.54739542923135331 0.17182879952224414
1403715415.0121431  -0.56406926126027135 -0.061309590209859592   0.16042886703712453 0.76307594142622237 -0.29592340048596327 0.54933512308520427 0.16844990711268501
1403715415.0621431   -0.5599270424370143 -0.060354965255657311   0.14901266484684736 0.76124342966435954 -0.299162726521637 0.55070802525739126 0.16652559794244251
1403715415.1121433  -0.55535839092783845 -0.058721395937334941   0.13843028159332021 0.75993813521639619 -0.30165232305065881 0.55136606406395261 0.16581727907728047
1403715415.162143  -0.55104336925317465 -0.059341277128781629   0.12820153192272093 0.75883172438207347 -0.30402813201295903 0.55163858298647706 0.1656387115885396
1403715415.2121432  -0.54964904124318203 -0.060991648589144319   0.11846058142901542 0.75778220437987109 -0.30490323212074877 0.55217820480095448 0.16703107468462061
1403715415.2621431  -0.54828816709101058 -0.063073755100498313   0.10928124757776501 0.75735597859933967 -0.30544275082969774 0.55189060825322411 0.16891833579369125
1403715415.3121431  -0.54992250242545204 -0.066145101405411452   0.10083672685677758 0.75840420853447232 -0.30172049002083706 0.55021129690993498 0.17622522841941218
1403715415.362143  -0.55102461121842128 -0.070345487670647425  0.093155993558319244 0.75996453713913881 -0.29850961988575986 0.54739507107380259 0.18358797697741647
1403715415.4121432   -0.5525692545786175 -0.074628310007137988  0.087280743670194616 0.7607690199512892 -0.29479448099706962 0.5453931793862975 0.19202341559020741
1403715415.4621429  -0.55095623021621543 -0.077512076404091093  0.082843332063512284 0.76281888645354523 -0.29211589782767455 0.54112408563312975 0.1999009070860219
1403715415.5121431  -0.55294156628121283 -0.081306474109273094  0.079729844841740172 0.7632356211444784 -0.28921912584539877 0.53972982710097739 0.20619262256194945
1403715415.5621431  -0.55430955430953044 -0.084247170527400467  0.076752698689189214 0.76368837716281679 -0.2879526851986251 0.53850602526698743 0.20946258478419344
1403715415.6121433  -0.55549956721626104 -0.086295513963986159  0.072990947633040232 0.76320909221941824 -0.28676168115182277 0.53859677132461048 0.21258677685899793
1403715415.662143  -0.55640399091192128 -0.086588398471707823  0.065851923330332393 0.76276460010386227 -0.28665272705632505 0.53824074875283412 0.21521448669073295
1403715415.7121432  -0.55863723294296752 -0.086982718325003761    0.0564929678398505 0.76291657841246707 -0.28701495311269004 0.53758931217471184 0.21582039409808923
1403715415.7621431  -0.55848580280475979 -0.087293006687317057  0.052834335290972659 0.76350088523625781 -0.28834151354229998 0.53661868525993661 0.21439672675086127
1403715415.8121431  -0.55967232263127531 -0.087202156922414953  0.056535590179913268 0.76362861236220569 -0.28714440976370337 0.53666504621252797 0.2154299387200671
1403715415.862143  -0.55771735136642075 -0.085851496721833495  0.058729000054234703 0.7623849735208561 -0.28676153699522777 0.53818201901795382 0.21655735373220872
1403715415.9121432  -0.55749651047843263 -0.083888927303031754  0.059499231419772716 0.76088235311548691 -0.28712004520904827 0.54019257602301807 0.21636105279418866
1403715415.9621429   -0.5566514651881046 -0.081525368229248732  0.057629284665102011 0.76110563840737044 -0.2866520467586236 0.54009599428837551 0.21643735404789108
1403715416.0121431  -0.55661430195202255 -0.081098319990507955  0.057206675367376968 0.76327127140549045 -0.28588778207261217 0.53746038034574772 0.21638272081488633
1403715416.0621431  -0.55705674302033215 -0.081837670811196209  0.058735978149593027 0.76323397840801621 -0.28561794622647374 0.53706412778685741 0.21784950227481645
1403715416.1121433  -0.55708951467075263 -0.082011419007979008  0.060008578989051369 0.76271633798337546 -0.28602311858795459 0.53743962828351166 0.2182045126869086
1403715416.162143 -0.55694808786491246 -0.08109318456550986 0.058947785771725866 0.76239875190796802 -0.28631531017640582 0.53784421536465088 0.21793413281664795
1403715416.2121432  -0.55768971153986302 -0.081079690250506209  0.059244378606718454 0.76299672569205024 -0.28721533452845499 0.53698120470361632 0.21678222710815306
1403715416.2621431   -0.5591374724785334 -0.079523110066842456  0.056552418360402354 0.76363523625499341 -0.28765350568258785 0.53629226128879071 0.21565550561034444
1403715416.3121431  -0.55918822154409054 -0.079840984246276142  0.055278260593496553 0.76369568343897554 -0.28795614994047458 0.53622708611670455 0.2151991424772024
1403715416.362143  -0.55969682317713909 -0.079932719684545933  0.055262782771674679 0.76405874117738903 -0.28805635788852402 0.53570698115409454 0.21507162772711091
1403715416.4121432  -0.56001124832001259 -0.080087851979980126    0.0554282493694273 0.76411508986691523 -0.28830327361881658 0.53557233455040254 0.21487583931792284
1403715416.4621429  -0.56051700045528763 -0.079749731954358957  0.055253794246527266 0.76443561278364802 -0.28846398073803242 0.53512138427656419 0.21464349469478564
1403715416.5121431  -0.56140988627703636 -0.078944611762197206  0.054901191498464536 0.76423984777908782 -0.28866860404955103 0.53531078005285937 0.21459324514504088
1403715416.5621431 -0.56260896522923587 -0.07840199799807876 0.054843083783630363 0.76397146846300501 -0.28829895604856631 0.53578961113518497 0.21485064560152928
1403715416.6121433  -0.56352560742283142 -0.078008508203591218  0.054677776199271118 0.76424007393412163 -0.28843297731373968 0.53541652194439737 0.21464546354410774
1403715416.662143  -0.56472657151502714 -0.078301078691370041  0.052806188140447116 0.76423616128247573 -0.28878165573914122 0.53544244246168837 0.21412528086951235
1403715416.7121432  -0.56584893185521157 -0.077252326428855267  0.052292483562852543 0.76424590589452812 -0.28877030229091971 0.53542692109158119 0.21414462404798448
1403715416.7621431  -0.56646716949593434 -0.075577971483196532  0.052707545082355527 0.76429764693772217 -0.28878003248883516 0.53537104572418426 0.21408653185429916
1403715416.8121431  -0.56688760009548911 -0.074385773106988171  0.052445200527208649 0.76396156944467697 -0.28883132763115138 0.53573018009424167 0.21431835835187837
1403715416.862143  -0.56823881837300194 -0.073276956502087154  0.052227890222283059 0.76422908433156178 -0.28885413413192146 0.5354512802789495 0.21403065739345509
1403715416.9121432  -0.56941644833367255 -0.073158942498538646  0.052525897400164549 0.76448203592957797 -0.28892076026810365 0.53518785508798483 0.21369597748528354
1403715416.9621429  -0.57050407262845337 -0.071641684767159902  0.052460560136849535 0.7643286463432426 -0.28875790821347974 0.53542206720956143 0.21387800440513294
1403715417.0121431  -0.56947299196973578 -0.070764869320832105  0.052240133159458232 0.76402229449053716 -0.28910501765115576 0.53563921001445924 0.21395994715232594
1403715417.0621431  -0.56895100575047519 -0.070265847618488642  0.052138011094573319 0.76402806933474554 -0.28920857020720081 0.5355045632656229 0.21413634653888702
1403715417.1121433 -0.56957151604318124 -0.06922295389863424 0.052045964426971597 0.76414503071825457 -0.28947348815442386 0.53528766480656043 0.21390322014931884
1403715417.162143  -0.57055514077310021 -0.068169378654429791  0.052039716782150344 0.76417602124149631 -0.28947968479480024 0.53527820579326635 0.21380777126512751
1403715417.2121432  -0.57159804236726153 -0.066576643403316024  0.052084091115433315 0.76403546592333926 -0.28943097877209273 0.5354854105942366 0.21385717284920858
1403715417.2621431  -0.57292168392084819 -0.075176905678668388  0.053775276355209276 0.76449176945547437 -0.28873305914803921 0.53558430509446109 0.21292018956955699
1403715417.3121431  -0.57378122136303789 -0.074437071981414082  0.054102862790026324 0.76439391404188139 -0.28875703739277259 0.5356969719282263 0.2129555629675145
1403715417.362143  -0.57304698973788071 -0.074881269344199197  0.053910266926641491 0.76454762354302497 -0.28884526409126882 0.53549734882928801 0.21278612300514804
1403715417.4121432  -0.57285335538646798 -0.074584253784767768  0.054102035822227321 0.76451407312958508 -0.2890619007758421 0.53541501950452852 0.21281965697659144
1403715417.4621429  -0.57335343623974322 -0.074061091208339161  0.054264494796692118 0.76445282521924363 -0.28909357948803183 0.53549800808614545 0.21278783717328439
1403715417.5121431 -0.57390582682768987 -0.07396578275664259 0.054233604303490612 0.76442323060346784 -0.28900555837191605 0.53561773196951146 0.21271238079559751
1403715417.5621431  -0.57479973011776497 -0.073509020245737605   0.05454769460857286 0.76440163959142571 -0.28906398387071242 0.53561146774348245 0.21272635530278164
1403715417.6121433  -0.57396918272317943 -0.074065063464357109  0.054569942022333874 0.76442909288729433 -0.28929740533213438 0.53545431414401101 0.2127060193792594
1403715417.662143  -0.57399880591952024 -0.074181042840766181  0.054697855455357422 0.76445901506842806 -0.28937678286398599 0.53537147831802778 0.21269901744828984
1403715417.7121432  -0.57470003393760927 -0.074019151638269859  0.054901929920866087 0.76440366046169173 -0.28936685515532051 0.53548655936080525 0.21262175748077422
1403715417.7621431   -0.5752641276243311 -0.074114380439162159  0.055161866226264379 0.76440911320207083 -0.28924548173427966 0.53555856597110774 0.21258593877511972
1403715417.8121431   -0.5760250855836766 -0.073852061161399793  0.055529400933317888 0.76444495335115481 -0.28931814386268306 0.53548127206949181 0.2125528926894231
1403715417.862143  -0.57373807237607166 -0.075094876912658426    0.0548680367758618 0.76450304009137826 -0.28928173300124777 0.53540750211174426 0.21257936712037209
1403715417.9121432  -0.57428055357290375 -0.074872904894681125  0.055204571198802219 0.76452056318032557 -0.28928963502645066 0.53537258000672583 0.21259354674505734
1403715417.9621429  -0.57168745884181849 -0.076011072422925957  0.054306667715935779 0.76451638440783876 -0.28924481411568653 0.5354025118313116 0.21259418102071778
1403715418.0121431  -0.57179535278786553 -0.075956167032153826  0.054546230299438336 0.76447484283083555 -0.28927980354419369 0.53544069732031463 0.21259978737839147
1403715418.0621431  -0.57243601497885066 -0.076206241589048582  0.054773175181894847 0.76457562535341361 -0.28919160583905057 0.53538962267228674 0.21248595285922853
1403715418.1121433  -0.57181410601369209 -0.076161531603751692  0.054462722358290812 0.76461705825323401 -0.28921658360961372 0.53530659123732693 0.21251205935482209
1403715418.162143   -0.5720802420594161 -0.076020634508248475  0.054691626852611662 0.7645985302262498 -0.289231064633094 0.5353246753639469 0.21251346021734835
1403715418.2121432  -0.57191195343782708 -0.076128416835550369  0.054862440733790797 0.76458050985968273 -0.28928338909199669 0.53531355789571289 0.21253507821343118
1403715418.2621431  -0.57197055989902812 -0.076204802288058232  0.055057406628606302 0.7645315828365512 -0.28930104104396492 0.53536293172686711 0.21256269152682875
1403715418.3121431  -0.57227157453673516 -0.076328798990315444  0.055264347019782181 0.76457522398965716 -0.28932541464800915 0.53531040632424864 0.21250482390028502
1403715418.362143  -0.57239983690097751 -0.076655517854284358  0.055449547534888614 0.76461367408188341 -0.28928482880437589 0.53529478387212637 0.21246108253023652
1403715418.4121432  -0.57268601371207195 -0.076702456800598992  0.055715063868545502 0.76457860759005192 -0.2892912304679251 0.53534629330300343 0.21244877744234281
1403715418.4621429  -0.57230807999476085 -0.075770580593936515  0.054546950704400583 0.76453462208788636 -0.28933149980055223 0.53534550997457886 0.21255418086256025
1403715418.5121431  -0.57253098683439418 -0.075782700893875884  0.054693536100844473 0.76455515214145964 -0.28933450901653812 0.53533122430986868 0.21251221495482361
1403715418.5621431   -0.5711846013826003 -0.076427149483937765  0.054137191308535823 0.76457659476723661 -0.28935591432236873 0.5352900285942026 0.21250969593978714
1403715418.6121433  -0.57134254208371349 -0.076428659916160269  0.054204013171757763 0.7645666786584544 -0.28945041482020761 0.53527639194866494 0.21245101898557386
1403715418.662143  -0.57207704805292636 -0.076566364385037333   0.05428199752852414 0.76459474208135259 -0.28929639583276251 0.53534234877750364 0.21239360947332972
1403715418.7121432 -0.57167837263617671 -0.07649057311811433 0.054169066335429977 0.76460788424283155 -0.28927483800352055 0.5353162474379517 0.21244144294531456
1403715418.7621431  -0.57171573034020429 -0.076545732195474711  0.054298270995024836 0.76460781467162087 -0.28932924937926752 0.5353126904413813 0.2123765491977109
1403715418.8121431  -0.57188320236305856 -0.076607878993908168  0.054430510889643784 0.76461411550910308 -0.28939839851334198 0.53528935819827117 0.21231845021530282
