# time_in_imu_clock tx ty tz qx qy qz qw; Hamilton IMU-to-estimator-world; NO GT alignment
1403715278.862143 0.0011944891979325106  0.018520733704125228  0.095044265299163433 0.80851362024226159 -0.0084271301521014214 0.58841377097806102 0.0019858206186869781
1403715278.9121432  0.041477585048386778 0.0094451542457857588  0.099594616852909018 0.81186491334815547 -0.0060491909543938941 0.58381330034360102 -0.00089448583095328978
1403715278.9621429 0.053720043272043369 0.012207506028784964  0.11307651677821277 0.81105101264429691 -0.0066264613647630021 0.58493719241458042 0.00090875111554169965
1403715279.0121431 0.061450005818691041 0.013873829945593722  0.12755860534532074 0.8108476157049328 -0.0060217485605095575 0.58522378163277378 0.0017343763534120647
1403715279.0621431 0.068666197656684372  0.01549123587534266  0.13687834021285947 0.81111814572000462 -0.0058175807358948209 0.58484977463384535 0.0020616859274176814
1403715279.1121433 0.075639532201667567 0.016914965268544951  0.14083689815865513 0.81112615270893695 -0.0055774639113238371 0.58483942169000969 0.002471259842931024
1403715279.162143 0.082066574159974703 0.018152560064703005  0.14017284964595372 0.81157084608719132 -0.0049315811859010619 0.58422536966210681 0.0030263396210132095
1403715279.2121432  0.08787152565384293 0.019164783255871686  0.13532016021690882 0.81212256915663572 -0.0045576478454044589 0.58345777621264228 0.0036309626190770975
1403715279.2621431 0.093878956349401438 0.020054098634243601  0.12999656015519984 0.81263439870179066 -0.0041059379290928778 0.58274750862816282 0.0037170563583384369
1403715279.3121431 0.099466908742027918 0.020881729539910618  0.12472904500163395 0.8134742646357197 -0.0040951327802565846 0.58157544673689066 0.0035847476442992972
1403715279.362143  0.10469552672752828 0.021625343910473875  0.12049642170475151 0.8143465258431305 -0.0046046598560004742 0.58035278287260139 0.0030299120221007401
1403715279.4121432  0.10975275295211522 0.022333104951592651  0.11754312535227272 0.81460777791900973 -0.0051095471393132006 0.57998627591101815 0.0019951031935606755
1403715279.4621429  0.11453164080533128 0.022645292615690208  0.11554382173690625 0.81547723352372714 -0.0052031759918131377 0.57876360580631203 0.0015802399067686341
1403715279.5121431  0.11919783263488834 0.022845151469649081  0.11500493655727401 0.81582539852199576 -0.005343362477616821 0.57827258827697325 0.0010868538585295812
1403715279.5621431  0.12391095705764245 0.022983467017749445  0.11565770493008985 0.81583388734774187 -0.0048311069259216787 0.57826378821875279 0.0016492106717765681
1403715279.6121433 0.12837317974147319 0.02297069658542893 0.11725299191799368 0.81635896931734908 -0.0048416500229884561 0.57752171201015334 0.0018065981932459084
1403715279.662143 0.13263062807429499 0.02265646702649755 0.11962360340418697 0.81669479247203824 -0.0046502958310827187 0.57704843896231583 0.0017577795346025559
1403715279.7121432  0.13703944488714961 0.022136791265615026  0.12275528807542362 0.81665800799372112 -0.0047264132844193818 0.57710004974299633 0.0017004657665907136
1403715279.7621431  0.12445737785881482 0.018809383845678325  0.12875167849269781 0.81529557203949654 -0.0043943399055165018 0.57902726902477208 0.001114322798463796
1403715279.8121431  0.12743432047597461 0.023301969887412097  0.13429436692274041 0.81537762886819765 -0.005314254694482724 0.57890321634640696 0.0014653129711150121
1403715279.862143  0.12782695432271149 0.022857474947885568  0.13731734481772367 0.81537747345681155 -0.0051991148572219864 0.57890440136955856 0.0014963485025809536
1403715279.9121432  0.12629762062187247 0.017005651092651661  0.14308599488194607 0.81545604477442302 -0.00456064369044359 0.57879970040368189 0.0012435363247924171
1403715279.9621429  0.12694911516666021 0.016034864688165128  0.15045176032717142 0.81702862368994034 -0.0043907596720172944 0.57657817146812662 0.0016004647125504687
1403715280.0121431 0.12421108608513388 0.01870492760043678  0.1525285517203108 0.81994192459904913 -0.0047621199179021089 0.57242215477264446 0.0023322144278936224
1403715280.0621431  0.12391242037159371 0.017246532524686959  0.15930897605947661 0.82422266049671367 -0.0046696859514638233 0.56624167270424963 0.0023596715719038106
1403715280.1121433  0.12494301648736075 0.016040674261724428   0.1661821217960455 0.82808717582473934 -0.0029261716964303634 0.56056787450839085 0.0051696056866516286
1403715280.162143  0.12676203582997395 0.014979214707257476  0.17302713901553216 0.83021880932975611 -0.001024398249993168 0.55738561830015465 0.0075466386863194722
1403715280.2121432  0.12936699874642402 0.014342266522805444  0.17998742877778207 0.83091663532471549 0.002011463810007249 0.55627021336779459 0.011702515701469553
1403715280.2621431  0.13308768690484002 0.013759778705189823  0.18800475908737968 0.83043671521322193 0.0047104588082492842 0.55687789547464417 0.015481703246778448
1403715280.3121431  0.13777764413118002 0.014020609657447987  0.19616396124561444 0.82942799785148491 0.0068953207700738666 0.55827137321973275 0.018295485096302473
1403715280.362143  0.14327929270156911 0.015020889193013608  0.20449875162859155 0.82789329246715615 0.0083150678792569387 0.56044028484188779 0.020742301231994487
1403715280.4121432  0.14958848461487148 0.016632481133527666  0.21272090518798401 0.82619992379582374 0.0085780905657035153 0.56282359844335872 0.02344566734581708
1403715280.4621429  0.15687476832966554 0.018770539297737476  0.22049090864986021 0.82540708400123053 0.0053708451250166558 0.56402923735565291 0.023352068671305768
1403715280.5121431  0.16463257586025093 0.021609531672310538  0.22796116265691646 0.82417684901157073 -0.001236931706225733 0.56589281883472742 0.022277996871330974
1403715280.5621431  0.17513428658620747 0.024195172130556959  0.23725950873159912 0.82323105092273652 -0.0087656864217691872 0.56720539292169059 0.022177506143675651
1403715280.6121433  0.18550501243525028 0.027377301216759312  0.24540614130457614 0.82195528853722921 -0.017639659994288622 0.56879777409185339 0.023397397913427168
1403715280.662143   0.1947615965422205 0.030315498128712315  0.25235823157166526 0.82074863620387173 -0.026921179160818494 0.57000201946138673 0.027287801157599465
1403715280.7121432  0.20219453397093029 0.033073502095684618   0.2576226410810139 0.81942540997637958 -0.03710905058003762 0.57110268194820579 0.031727630255930492
1403715280.7621431  0.21437544065807213 0.035514710610349748   0.2657691551300112 0.81877158945987749 -0.047656329459426619 0.57091504436443363 0.03738944602635013
1403715280.8121431  0.23137065535425297 0.035762744099871228  0.27592662684932867 0.81862669014488243 -0.058607251332588352 0.56968352249729237 0.043315314482876961
1403715280.862143  0.23664063179903305 0.037427419971325294  0.27994376623355072 0.8170518369573756 -0.069237631989764112 0.57019747209993299 0.050072835468689215
1403715280.9121432  0.24776302682685344 0.045352764698332229  0.28566453125019153 0.81598793124825031 -0.078896620300033804 0.5698187869556538 0.056969899024137925
1403715280.9621429  0.26165414487264133 0.045793228719052545  0.29315781574188182 0.81493600835986979 -0.08718293312793908 0.56955265352807927 0.062355539519879953
1403715281.0121431  0.27262805243309401 0.050292294253263488  0.29949199094322632 0.8139777948765955 -0.094626395525612458 0.56919390305683304 0.067114048012275523
1403715281.0621431  0.28254987738683196 0.053875798347787433  0.30482819626050817 0.81342535878063982 -0.10058043007442993 0.56837328655460773 0.071934483453654191
1403715281.1121433  0.28983470424266683 0.053628152136262458  0.30834517994448218 0.81247169439216038 -0.10554533308809812 0.56838523475795366 0.07541984741432653
1403715281.162143  0.30036040210454101 0.057214004693367161  0.31220041243892033 0.81149794145749887 -0.10998541971317335 0.56849599902947934 0.078654927043594391
1403715281.2121432  0.31086714731705178 0.060556246623609637  0.31688957568111137 0.81088012887406069 -0.11395918277299728 0.56816776710916606 0.081682982787615543
1403715281.2621431  0.32171287521464381 0.064075293710142228  0.32147561347734638 0.8103923363169796 -0.1187069828403394 0.56749692512371575 0.084381001645979434
1403715281.3121431  0.33234553196527067 0.067303487762494868  0.32557046281104496 0.81019059191939069 -0.12391700190676969 0.56615447958053799 0.087777483756572253
1403715281.362143  0.34289446547932173 0.070262784451895613  0.32894933401312726 0.80990337356782449 -0.12974669030134037 0.56466302955274283 0.091531332862705983
1403715281.4121432 0.35372706244145702 0.07298044357915677 0.33184297564399129 0.80953775554856733 -0.13596660504293986 0.56299123640863202 0.095930038994911856
1403715281.4621429  0.36475289044424242 0.075227229558417888  0.33440582820512638 0.80842046640917342 -0.14294810156758989 0.56188645941493687 0.10151746881765297
1403715281.5121431   0.3758505474783988 0.077152444679780954  0.33673533559114338 0.80707861538315073 -0.15098083419536507 0.56056608999669855 0.10767801559604191
1403715281.5621431  0.38697150739564801 0.078663840270070229  0.33843167338253138 0.80561486674368255 -0.15979933930619528 0.55879758504852806 0.11486564579018128
1403715281.6121433 0.39814567989186622 0.07994177547054486 0.33947942279306659 0.8035510663608556 -0.16973230929921757 0.55725125612645743 0.12234240669437574
1403715281.662143  0.40276428672588371 0.081744886074472001  0.33733317925812778 0.80076798439862207 -0.18037347975852192 0.55602831287214083 0.13064669244390012
1403715281.7121432  0.40976682819219229 0.087197221566347141  0.33465689908885132 0.79840321036684747 -0.19124012021827275 0.55355737997513377 0.13983474950768615
1403715281.7621431  0.42075385193673442 0.087984921208216563  0.33349316356364511 0.79558374228726103 -0.20344091357700733 0.55114444499876536 0.14798008122092884
1403715281.8121431  0.42694774062355501 0.088934378999620534  0.33033789176924289 0.79238562139321966 -0.21556522115295196 0.54873146962301844 0.15668578966812119
1403715281.862143  0.43770789737932142 0.086402355798032487  0.32663902236893255 0.78847740001301614 -0.22805290216844856 0.54687081562314921 0.165007801333555
1403715281.9121432  0.45397908771837003 0.080143129435953919   0.3213610906483369 0.78531037102707224 -0.24032603906144509 0.54365970905631023 0.17310441027070084
1403715281.9621429  0.46602974794102153 0.081427607487371031   0.3170339783207527 0.78167142081400831 -0.25250664354375479 0.54074087851752173 0.18118909224612739
1403715282.0121431  0.47536912515513946 0.079873412383303463  0.31298164330800893 0.77750045877896357 -0.26459815268908177 0.53837682689924515 0.18876240740657785
1403715282.0621431  0.48692326254817003 0.080157225490907119  0.30843332069309565 0.77337618578012068 -0.2763516683932587 0.53571330539270701 0.19629132703630864
1403715282.1121433  0.49989737147338309 0.078585255559138617   0.3014764244905731 0.76957735743510813 -0.28666687226319471 0.53263047958533649 0.20464009256919219
1403715282.162143  0.51202105992002189 0.078485348669710894  0.29603740170615034 0.76547138252446689 -0.29764882773094542 0.52978789973387153 0.21162116903100406
1403715282.2121432  0.52943888884720691 0.078356811928349673  0.28978206162237363 0.76174792611294473 -0.30816952845192175 0.52614022820180195 0.21897054382748324
1403715282.2621431  0.54379418561504134 0.080663714870173597  0.28479886629108025 0.75792131938101714 -0.31918585987039144 0.52197402430854123 0.22631566104378084
1403715282.3121431  0.55719273330440289 0.080113914943571549  0.27936882558433307 0.75369910232353743 -0.32940606590235644 0.51858193182400081 0.23345682018119279
1403715282.362143  0.57124686849970396 0.079811447121587317  0.27365976081795179 0.74922934090471327 -0.33948530954708034 0.51517703699123596 0.24082719922413792
1403715282.4121432  0.58529697961969773 0.079439595115639958  0.26774068847525734 0.74556574022121114 -0.34853098570821184 0.51048305297240426 0.24912834370587672
1403715282.4621429   0.5999655156834609 0.079484099576062631    0.261700209496396 0.74083184380909006 -0.35889172251911355 0.5069561414254653 0.25565676477787819
1403715282.5121431  0.61523223160383678 0.078694245383170019  0.25546208575225149 0.73576154217864631 -0.36830062604286651 0.50382672505649961 0.26299854187081517
1403715282.5621431  0.63096380695057463 0.078249834308181249  0.24897582873525329 0.73074667182487552 -0.37773898451553939 0.50042541219924697 0.2699943851624525
1403715282.6121433  0.64780756383472282 0.076608445088645685  0.24289961132360033 0.72493974859807842 -0.38650180531757239 0.49825192497658111 0.27717094841621415
1403715282.662143  0.66420096163514608 0.076331387221759459  0.23639205081538883 0.7188568804652149 -0.39546718811025849 0.49638287064113018 0.28364508504477282
1403715282.7121432  0.68529128401967798 0.073302392231468588  0.23035210773081838 0.71266140208169793 -0.40520604440128682 0.49434324839603477 0.28904418404262572
1403715282.7621431  0.71244049925636777 0.073494281108066842  0.22082717435238408 0.70730296930921877 -0.41490886420477857 0.4916714250035692 0.29297159221607577
1403715282.8121431  0.73067021486713812 0.072739755855355484  0.21318935824785656 0.70139004066397381 -0.42449138134024722 0.48920362872821138 0.29755484816145794
1403715282.862143  0.74903522085830676 0.070308057222249337  0.20568162249014302 0.69519669235577997 -0.43314535197471049 0.48672010825123624 0.30362839001679726
1403715282.9121432  0.76837639894719589 0.069021721586473114  0.19823439511021304 0.68900889886824646 -0.44120304198718763 0.48410247142234897 0.31024411385938055
1403715282.9621429  0.78642814291070795 0.068090616769298631  0.19051084430460846 0.68292598405761629 -0.4497907904596159 0.48109004195072103 0.31599480478720537
1403715283.0121431  0.80389581471914051 0.067505653570425483  0.18352458374321551 0.67632360853312601 -0.458374712289152 0.478493376966734 0.32175003943051672
1403715283.0621431 0.82087462756026697 0.06754515348049861 0.17733530206085421 0.66943646472926344 -0.46706781001799641 0.47615181340704638 0.32708092442843528
1403715283.1121433  0.83966699803013189 0.068339601068753281  0.17153772570802367 0.66266370918438766 -0.47595670729217421 0.4735802666225834 0.33175857544193776
1403715283.162143  0.85677280237930786 0.068354526461613913   0.1645380669819175 0.65536935464666535 -0.4848329123183977 0.47181526281208253 0.33588452465161261
1403715283.2121432  0.87504459863681072 0.067910002125319183   0.1555384976854213 0.64805771633988329 -0.49361446353422345 0.46974246994608787 0.34015874178257582
1403715283.2621431  0.89117196668038667 0.068411670336591471  0.14873062056083178 0.64130299605185215 -0.50146697575351651 0.46708710159592337 0.34509560850039789
1403715283.3121431  0.90886932762897288 0.068274611316347891  0.14060030519484967 0.63458311557065561 -0.50994321804256104 0.46420213956317219 0.34896784583971374
1403715283.362143  0.92476382274265789 0.068577148379695252   0.1345907220751392 0.62819193885294422 -0.51684639422491874 0.46123235586489719 0.35427306790129509
1403715283.4121432  0.93808859124726385 0.069895747739493932   0.1293881904039918 0.62306519109908487 -0.52430502944094648 0.45671199802973633 0.35820127665779666
1403715283.4621429  0.95376357796175804 0.068372641722847544  0.12192417878676803 0.61857712543319798 -0.53201186781442855 0.45149228908734723 0.36122074316139696
1403715283.5121431 0.96646092739118095 0.06987581259752712 0.11540010924124348 0.6147354688405412 -0.53856629010762791 0.44543763767485667 0.36555706182721953
1403715283.5621431  0.9783095817520695 0.07171688979205465 0.10930095412896665 0.61120207280264793 -0.54467849049928097 0.43917316236977383 0.36997878539627582
1403715283.6121433  0.98968376581493156 0.073699924865197136  0.10351780731294342 0.60817230615049489 -0.55050616478433356 0.43304767787087484 0.37354935049692717
1403715283.662143   1.0009388610457113 0.075440327017814515 0.097993537608179707 0.60574689696495876 -0.55504249829582286 0.4280376354578535 0.37653991094504857
1403715283.7121432   1.0113677306954574 0.075078389118755903 0.094780344637551348 0.60321262795172759 -0.55865298379874262 0.42447427921253034 0.37929270419998262
1403715283.7621431   1.0222469303781678 0.076088336487384861 0.089778590674008785 0.60089880856275335 -0.56150793502147101 0.42224103793412543 0.38123741508422232
1403715283.8121431   1.0333023257612604 0.076962973767869841 0.085150640140888287 0.59804412180699851 -0.56363399588968444 0.42184861030819581 0.38301918624341424
1403715283.862143   1.0493846907894697 0.075167592163288791 0.082677881919030499 0.59634663599182547 -0.56495598763773869 0.42080286498483638 0.38486409366691282
1403715283.9121432   1.0614988088949282 0.074208316713775813 0.076817658140040795 0.59366815318554378 -0.56656413338152034 0.42142746021805289 0.38595608873688497
1403715283.9621429   1.0730340090420487  0.07372524930212157 0.072719262757471884 0.5922222263927357 -0.56724859644951253 0.42158572057419441 0.38699786123495139
1403715284.0121431   1.0877160354002482 0.071794959875406822 0.068694355160504275 0.59211192038263094 -0.56908512021213886 0.42022690684738695 0.38594681816981713
1403715284.0621431   1.0995939086167188 0.070634042164152894 0.063949760963940644 0.59286490182729179 -0.57017613358629926 0.4188957815947506 0.38462541391855187
1403715284.1121433   1.1118033753562997 0.069500488501380589 0.059085290315071967 0.59346361391878411 -0.5715200542943123 0.41822370066459613 0.3824326119675111
1403715284.162143   1.1236898624213205 0.067718405958731201 0.053553757124226477 0.593879199659752 -0.57272124373428135 0.41837104566088756 0.37982040669185468
1403715284.2121432   1.1325112297535931 0.061484843280188758 0.047473192411178554 0.59343238312262325 -0.57445488353101581 0.42030176377372452 0.37574728318042083
1403715284.2621431    1.142774904306137 0.058752113827876519 0.043535791887699321 0.59294908913809163 -0.57581705440932485 0.42229770791894766 0.37217031508179071
1403715284.3121431    1.153310202149459 0.054981610242825177 0.039221956507179245 0.5922281084113753 -0.57718838754392843 0.42481613236222998 0.36830786928427228
1403715284.362143   1.1619751245223937 0.050560566984719696 0.036129643410742866 0.5917243034434797 -0.57741157659628306 0.42721346734768223 0.36598753154130054
1403715284.4121432   1.1714730082544584 0.041845966543014076 0.028979601120225063 0.59286129279278421 -0.57540590178637274 0.42718032305940812 0.36734249316998363
1403715284.4621429   1.1790074159825406 0.033936378888002147 0.024261117709319789 0.59471929230850695 -0.57271893003555951 0.42665947566420898 0.3691391097688444
1403715284.5121431   1.1847077947776132 0.026544032649372436 0.021589627802763627 0.5972938707293296 -0.56902766270272798 0.42536732307797481 0.37216957361627923
1403715284.5621431    1.185276366242904 0.014046473412909738 0.011072830559807192 0.5993798411867568 -0.5650930153836855 0.42582002083142295 0.37428732252460611
1403715284.6121433     1.190204024322006 0.0051700115036761992 0.0083131868938279979 0.60113102340303848 -0.56139842843049648 0.42589790542187944 0.37694067360188155
1403715284.662143     1.1949240568688322 -0.0039004997380414266  0.0052858679871198811 0.6031819247997543 -0.55818062959866244 0.42538867412202053 0.37901243550101898
1403715284.7121432    1.1995811500655593 -0.013301547452699652 0.0024348974778870282 0.60451958732484445 -0.55572313453411393 0.4256584740727008 0.38018775589737064
1403715284.7621431      1.2041007045519974   -0.022778431961443531 -0.00026692258186767769 0.60527861362816804 -0.55379471842665284 0.42561324932744782 0.38184102938793624
1403715284.8121431     1.2083702538256005  -0.032156133047048202 -0.0029583706170814099 0.60467364687024172 -0.55312567981279415 0.42526690188920446 0.38414818139597434
1403715284.862143      1.212453771815561  -0.041277977488615385 -0.0052549080616490088 0.60216210087351763 -0.55364180984968359 0.42544130618754072 0.38714499305479544
1403715284.9121432     1.2169582282552898  -0.049916506730355144 -0.0071656084528028087 0.59752007008380181 -0.55636653235263589 0.42634725323676231 0.38942787160451192
1403715284.9621429     1.2226841242527804  -0.057210339660285443 -0.0072901318689249347 0.59107154714603083 -0.55981857269829849 0.42695900304201029 0.39362876106530914
1403715285.0121431    1.2252028894872369 -0.062323003282767062 -0.008607474164455944 0.58199757150996756 -0.5649758694845417 0.42878543745969522 0.39777398391446378
1403715285.0621431     1.2286909179193226   -0.06971587831300477 -0.0091001132757497754 0.57328992123399469 -0.57051223318857491 0.42884870048453361 0.40242173162794276
1403715285.1121433    1.2302130681168773 -0.070761772659429345 -0.012627613620944732 -0.56537505573726266 0.57638260377335115 -0.42593408811364408 -0.40830661640529159
1403715285.162143    1.2327308002632029 -0.075516039443069477 -0.012077033822762961 -0.55847408053266323 0.58348602313574716 -0.42126312652458869 -0.41253865323040328
1403715285.2121432     1.2388150867047567  -0.076922215936773064 -0.0082763310343242809 -0.55167185343817693 0.5921501339366223 -0.4156069716226401 -0.41507496930263699
1403715285.2621431     1.2425491200690861   -0.07900165740957571 -0.0057369194567778283 -0.54583283099737345 0.60032662664858072 -0.41059356157422638 -0.4160377256162241
1403715285.3121431     1.2426978199170347  -0.082272348085303162 -0.0024794379332256514 -0.54125566450803408 0.60851830708324428 -0.40637718242950321 -0.41425277450267883
1403715285.362143    1.2447557546583206  -0.08343655507730377 0.0045385031874496063 -0.53748862744537229 0.61614327773526034 -0.40190070562358793 -0.41224902606046476
1403715285.4121432    1.2478433974416387 -0.083391462723015577  0.012634734129111456 -0.53500720522014877 0.62276281152748092 -0.39716941939111228 -0.41011001358347693
1403715285.4621429    1.2489387054854864 -0.084693403112089768  0.027079484154063086 -0.5333575098396941 0.62733985593158237 -0.39352585455625627 -0.40879319178908835
1403715285.5121431    1.2518616585804516 -0.084915793927943309  0.044305935855194989 -0.5315299984417523 0.63126607596525486 -0.3909054262797052 -0.40764193822155015
1403715285.5621431   1.2508249919569543 -0.08482206110224895 0.063725684042408859 -0.52928906019645405 0.63425314231614793 -0.39015293284013469 -0.40664078892148553
1403715285.6121433    1.2495572490809108 -0.086950561643210134  0.083476860697283994 -0.52718089463929618 0.63652625240267169 -0.38994151250284209 -0.40602986485789155
1403715285.662143    1.2456301173923989 -0.087075686878974823  0.099432719179095783 -0.52579707470603065 0.63811681714511859 -0.38918560323318874 -0.4060528661925476
1403715285.7121432    1.2419237482803793 -0.089873383343571908   0.11843688036378741 -0.52449666526902627 0.63964913844703675 -0.38879636819480845 -0.40569645288585093
1403715285.7621431    1.2368425149777973 -0.093352751082767554   0.13728462416454326 -0.52373176271878552 0.63933388806060909 -0.38806220166290373 -0.40787859460545139
1403715285.8121431    1.2302451419127012 -0.097658982459575744   0.15553840306597522 -0.52323178649839475 0.63912752045448429 -0.38726893972897319 -0.40959404111461156
1403715285.862143   1.2225809651404107 -0.10219036770370057  0.17264324696514063 -0.52457671808618966 0.6379105208464263 -0.38437426922658319 -0.41248740028259484
1403715285.9121432   1.2140450841529813 -0.10720476932936734  0.18950752000564244 -0.52675408682849856 0.6358849881801506 -0.38081666743230058 -0.41612387533324863
1403715285.9621429   1.2047234845819172 -0.11265315460018721  0.20556378587146523 -0.52944337911859496 0.6346331815010523 -0.37665393131823049 -0.41840440875767321
1403715286.0121431   1.1951031409506985 -0.11862898993227411  0.22096277860253671 -0.53191707062985583 0.63292886012922689 -0.37305693416308983 -0.42106271725350675
1403715286.0621431   1.1817341311966512 -0.12457736125571771  0.23496785128927244 -0.53363036379413853 0.63167596618868571 -0.37009496786308754 -0.42338377784103381
1403715286.1121433   1.1705085781403726 -0.13099267753354535  0.24931315130069903 -0.5344149171422955 0.63138967058523876 -0.36896946704901484 -0.42380338908463583
1403715286.162143    1.160473694683229 -0.13855551329203503  0.26211683598881896 -0.53371569059769886 0.6324116400324844 -0.36942012258459456 -0.42276690053837945
1403715286.2121432   1.1504371901347543 -0.14656091809465951  0.27409043214570283 -0.53250685913403173 0.63422299522512759 -0.37037257125259304 -0.42073958188720417
1403715286.2621431   1.1410756341838038 -0.15437628870582787  0.28672891533934547 -0.53186791643842679 0.63530789427724599 -0.37094047800365693 -0.41940858445062462
1403715286.3121431   1.1299310668281197 -0.16485207444794214  0.29798197242279106 -0.53221696143775377 0.63496924689849221 -0.37044000366630198 -0.41992066528671412
1403715286.362143   1.1195439960989049 -0.17540208891431031  0.30971021856856007 -0.5324352943311651 0.63414974059744533 -0.370146809485916 -0.42113905456283157
1403715286.4121432   1.1095065127443391 -0.18619096940101781  0.32050808033831468 -0.53286188194346817 0.63358082478041911 -0.36943945823414537 -0.42207586988821155
1403715286.4621429   1.0992335589614781 -0.19784619695527739  0.33017297935525891 -0.53327814060224432 0.63248598658585542 -0.36872068141197534 -0.42381713111602604
1403715286.5121431  1.0883277986361337 -0.2096636561751069 0.33924973292644756 -0.53363133448801614 0.63174544655990184 -0.36773441567479426 -0.4253312698728921
1403715286.5621431   1.0760708055056256 -0.22048747653521963  0.35003375043504936 -0.53329009343684486 0.63080205624362118 -0.36774457926921195 -0.42714677395369754
1403715286.6121433  1.0653815038959102 -0.2301744741062916  0.3620292113144814 -0.53134483997028759 0.63089549075226348 -0.36833736466336875 -0.42891855471435908
1403715286.662143   1.0569419677650771 -0.24347659803893756  0.37159055703187976 -0.52745785472042905 0.63147957523850295 -0.36862520355861489 -0.43259359316995483
1403715286.7121432    1.046614584611083 -0.25636991027035927  0.38054028824263009 -0.5220134671814689 0.6319630930143465 -0.36949854875374766 -0.43771613132005566
1403715286.7621431   1.0414713702712977 -0.26960142992533409   0.3896514326187846 -0.51687797720135975 0.63359931254872737 -0.36824700588637527 -0.44247396587565563
1403715286.8121431   1.0332192725977805 -0.28232856221686892  0.39723712614530871 -0.51304673335367712 0.63710228048014905 -0.36436392886140395 -0.44510971787503822
1403715286.862143   1.0232547361099982 -0.30079163823320781  0.40502624848372537 -0.51141644630445326 0.64101645308056043 -0.36015175645480779 -0.44479415199826855
1403715286.9121432   1.0146750214112783 -0.31316119389980202  0.41080399427960668 -0.51004459854299933 0.64515372417889649 -0.35473340151557942 -0.44474194037036574
1403715286.9621429   1.0066440310486957 -0.32548944053919021  0.41684239761660336 -0.50859036941405089 0.64868791992878305 -0.35006894799109706 -0.44496241451402929
1403715287.0121431  0.99897234120353551 -0.33830337628257817  0.42318445264430055 -0.50716078563544442 0.65129893216091139 -0.34591342029192451 -0.44602863601078085
1403715287.0621431   0.9918273107293657 -0.35116071818541023  0.42981546379735108 -0.50500744657932373 0.65370882515735917 -0.34337624393042987 -0.4469060370089521
1403715287.1121433 0.98531009067502462  -0.364364712912018 0.43686596952160772 -0.50353569609562154 0.65466009742826026 -0.34086618240820155 -0.44909041994143845
1403715287.162143  0.98057147024378677 -0.38284378582578504  0.44381610294283463 -0.50088523808534957 0.65505601246830747 -0.34008648436716238 -0.45205838334012488
1403715287.2121432  0.97764165212042675 -0.39981724094476168  0.45104307747422417 -0.49816628363715276 0.65406811521738273 -0.34081798784050238 -0.45592582035620643
1403715287.2621431  0.97373193586937323 -0.41520686222247916  0.45860753210931793 -0.4956160755163434 0.65347285576795999 -0.34133093639968182 -0.45916350499659864
1403715287.3121431 0.97065559944166357 -0.4316315470549883 0.46600463491410093 -0.49285691372321583 0.65293062280191116 -0.34308191573494562 -0.46159339628982415
1403715287.362143  0.96884516749064242 -0.44761982337444878  0.47335309646852186 -0.49086745429763046 0.65292881916931556 -0.34396323707822013 -0.46305765402182825
1403715287.4121432 0.96689823194953273 -0.4629746965548806 0.48014874352717779 -0.48889483647788928 0.65371962576788767 -0.34588851080807648 -0.46259445288732359
1403715287.4621429  0.96490797225746139 -0.47802107064648192  0.48677301452982696 -0.48595987116443567 0.65568822563650409 -0.34858323405821623 -0.46087491070030367
1403715287.5121431  0.96304024965601753 -0.49244842568621966  0.49358265601467771 -0.48258782857739418 0.65829602346292126 -0.35040118329836195 -0.45931943562728583
1403715287.5621431  0.96258701637523802 -0.50668789395719382  0.50104637699473087 -0.47784767730847177 0.66192095638551229 -0.351132611869515 -0.45850641617133342
1403715287.6121433  0.95912907647895052 -0.51850239191211844  0.50963669440045023 -0.47204245803847317 0.66698226573647734 -0.35107278250413942 -0.45722912897893192
1403715287.662143  0.95584386270362875 -0.52995642264242937  0.51806611329641694 -0.46529418832502722 0.67240092121492989 -0.34988440060391929 -0.45712058110995624
1403715287.7121432  0.95120153238551164 -0.54114281592347568  0.52627514413115295 -0.45814504842409748 0.67781052202613179 -0.34731042282779073 -0.45831373646261747
1403715287.7621431  0.94748875328022331 -0.55513552246692321  0.53521508387246164 -0.45072910485066436 0.68288946085595703 -0.34344338026083487 -0.46103351596970787
1403715287.8121431  0.94487022506299179 -0.58246037679670748  0.54665688665688394 -0.44410732495482413 0.68690957457329505 -0.33802177345118894 -0.46547309369491846
1403715287.862143  0.93790983113674375 -0.59580139914906283  0.55892480943260281 -0.43612447423483919 0.69114182257969936 -0.332248281228468 -0.47088162384544741
1403715287.9121432  0.93030850263648202 -0.60590909435270157  0.56849617945459374 -0.42734017888675879 0.69526904636890907 -0.32516126313502614 -0.47775671384789059
1403715287.9621429  0.92251041729382821 -0.61846530502781749  0.57901995450998756 -0.41818331447633711 0.69963513065361183 -0.31730816598064787 -0.48471530536066865
1403715288.0121431  0.91315491839658247 -0.62684163032870777  0.58787799038562005 -0.40828276217771536 0.70441063036749763 -0.30960173564761878 -0.49117981963613067
1403715288.0621431  0.90384222403316494 -0.63444568275308366  0.59647971760590501 -0.39787437336651049 0.7090634733905421 -0.30275805704251169 -0.49725499757909902
1403715288.1121433  0.89503931652775504 -0.64164525853862719  0.60449428743857381 0.38831064266989651 -0.71378638992384558 0.29683129380038165 0.50161241747943952
1403715288.162143  0.88646566842083818 -0.64801815891681824  0.61087181175263361 0.3804990186461078 -0.71786765261404473 0.2911321959337998 0.50510253872903255
1403715288.2121432 0.87764697249726253 -0.6537530231622426 0.61360608438553121 0.3742757610384384 -0.72155262406724074 0.2858192615582319 0.50753011252839386
1403715288.2621431   0.8707032811182831 -0.65844055735243889  0.61394761357517613 0.36903770639242356 -0.72501877896639577 0.28115564062940757 0.50902892565056024
1403715288.3121431  0.86264684788512203 -0.66404521672661865  0.60991102184078738 0.36562360257903492 -0.72699575317681564 0.27642042965412333 0.51126148121077186
1403715288.362143 0.85454527783088341  -0.668374592643599 0.60227372297456516 0.3624628424228642 -0.72913811614379653 0.27325959588212706 0.51215963205562187
1403715288.4121432  0.84619883392750772 -0.67302464985851906   0.5926010207973843 0.35953159857115796 -0.73100666048852048 0.27172976041328462 0.51237606233705701
1403715288.4621429  0.83823629576435865 -0.67690671778819989  0.58304059715714174 0.35710527936746628 -0.73233275845687662 0.27110752109907477 0.51250879245369119
1403715288.5121431  0.83012935898382656 -0.68005672540962681  0.57584158356930604 0.35548803304852478 -0.73281982655668543 0.27062824013823911 0.51318974639445014
1403715288.5621431 0.82364249864818018 -0.6844781767818171 0.57423006238309382 0.35435712336596581 -0.73391900871852012 0.27062060199105842 0.51240453504962247
1403715288.6121433   0.8158326794911841 -0.69017551782323427  0.57584289600940064 0.35312903080044478 -0.73445854278344314 0.27166850347207594 0.51192456549730303
1403715288.662143  0.80713883063009639 -0.69550598490710935  0.58023292500499579 0.35273015133557284 -0.73528056110657014 0.27196979164349266 0.51085846301200344
1403715288.7121432  0.79690177725576128 -0.69852609854166525  0.58740013286559778 0.35311135765103663 -0.73495417823608633 0.27205084853592487 0.51102158545607856
1403715288.7621431  0.78570886345146917 -0.70375150024759903  0.59565355971125533 0.35538064163861111 -0.73453404256924215 0.26979075408538911 0.51125071038136749
1403715288.8121431   0.7833322119115419 -0.70344392849475368  0.61818670717495949 0.35693956136941551 -0.73431460317938035 0.2681221461452295 0.51135772980702521
1403715288.862143  0.77389575903007257 -0.70513537474471444  0.62151987700146105 0.35859217962337048 -0.73402740322283766 0.2653291853552916 0.51207015479287166
1403715288.9121432  0.76270757131456379 -0.69985636064289181  0.62891607995799292 0.35915183348163765 -0.73381108031844478 0.2617635143586533 0.51382012558799439
1403715288.9621429 0.75355920314703762 -0.6983159439671649 0.62614015431416925 0.35848682023821465 -0.73429743374054501 0.25822392334764138 0.51537838907786515
1403715289.0121431  0.74360383203238722 -0.69813816172401133  0.62041547231186078 0.35655709545270131 -0.7361583411862912 0.25476641670950373 0.51578290714328723
1403715289.0621431 0.73615566879791416 -0.6919147907933384 0.61287893138187999 0.35332721856163213 -0.73828788296893488 0.25132948010176837 0.51664724030669484
1403715289.1121433   0.7269248036429069 -0.69144093766476056  0.60104867986093335 0.34982560138737773 -0.74067913037417432 0.24694003007294049 0.5177229915598609
1403715289.162143  0.71800525190756892 -0.69123425889904133   0.5877601691717026 0.34685073293507751 -0.74265105786475127 0.24223817702460498 0.51911910088780366
1403715289.2121432  0.70927328173607906 -0.69153662574553465  0.57434354019345113 0.34400596001256939 -0.74409162356687775 0.23793675761055397 0.52093536508017479
1403715289.2621431  0.70111349026198422 -0.69209713738795542  0.56090986491317307 0.34063137105327679 -0.74619750818629715 0.23432671903259647 0.52177632811229047
1403715289.3121431  0.69227567158475622 -0.69318044648132482  0.54674209828823561 0.33700147058703106 -0.74827750637497314 0.22953851373365089 0.52328085478868536
1403715289.362143  0.68761171718397196 -0.68839287440146879  0.53215331214087902 0.3321824455845403 -0.75036566115119574 0.22458186750760201 0.52551801319973879
1403715289.4121432  0.68672608029736071 -0.67621715726411136  0.51343733401602565 0.32626753361964017 -0.7533999873284789 0.21993720260022495 0.52684493213050121
1403715289.4621429  0.68051775370335521 -0.67622722385145229   0.4970248844451805 0.31961866454109539 -0.75705497144826694 0.21528913604080299 0.52760048084249822
1403715289.5121431  0.67461545207615048 -0.67669260846318857  0.47974642589296057 0.31278915896780002 -0.76102322191538752 0.21001386686913356 0.52811056935116618
1403715289.5621431  0.66892711699468965 -0.67774250252042267  0.46185334397722677 0.30529100482213123 -0.76462296624912285 0.20511590874625671 0.52922262408015341
1403715289.6121433  0.66420891504446578 -0.67876093302348339  0.44281340022652588 0.298361063588374 -0.76832490209877569 0.20028794285138013 0.52966240238257745
1403715289.662143  0.65869234016082967 -0.68115802764091671  0.42374676480111995 0.29278850855142424 -0.77204438603143177 0.19554330336018991 0.5291362506657119
1403715289.7121432  0.65385952963124871 -0.68457644118482841  0.40440780189803222 0.28738005038510295 -0.77511591504741861 0.19285037213262329 0.5285988638364324
1403715289.7621431  0.64956831701250861 -0.68852269271229571  0.38611534977791601 0.2840882969381861 -0.77648992068465361 0.18998942763613341 0.52939707215321474
1403715289.8121431   0.6449134180032885 -0.69366916758693609  0.37044642384871845 0.28152412800550269 -0.77756427987899202 0.18869373924450714 0.52965330998392912
1403715289.862143  0.64451097091754139 -0.70135638187707705  0.35780199285654563 0.27954335904740768 -0.77784960003472514 0.1884376928158365 0.53037415667107579
1403715289.9121432  0.64026139404276505 -0.70902940383728419  0.34768218172950771 0.27790548608292331 -0.77796387297461556 0.1901320407387172 0.53046259079776881
1403715289.9621429  0.63619204502407456 -0.71708988249214556  0.34010986338984017 0.27835657302706945 -0.77822495320766372 0.19082419906976994 0.52959386845670375
1403715290.0121431  0.62409660668590583 -0.72638886347273968  0.33479557452302461 0.27909378017459563 -0.7783757850765326 0.19215991882665573 0.52850010848710283
1403715290.0621431  0.61270606027607044 -0.74051532547106069  0.33149844160225639 0.28052990648840737 -0.77765461563674931 0.19355151709848917 0.52829355530172661
1403715290.1121433  0.60915329793592787 -0.74943945892515351  0.33211157264451879 0.28276657654762932 -0.77545962047512895 0.19501208364624675 0.52978837985751626
1403715290.162143  0.60289155141768525 -0.76433404088330259  0.33771640642275363 0.286032981529871 -0.77409595736177572 0.19642523672678192 0.52950704305997298
1403715290.2121432  0.59668080525272171 -0.77681211575658204  0.34435255878625431 0.29009034974328851 -0.77373712670983452 0.19661021768303405 0.52775265990732456
1403715290.2621431  0.59039357194763786 -0.78991715864830592   0.3530584342080752 0.29334063899871049 -0.77417266711012622 0.19768907370652586 0.52490664041187129
1403715290.3121431  0.58434419597393794 -0.80281257636378223   0.3609378798072071 0.29599186441248504 -0.77446483600954164 0.19917962556040125 0.52241794642599459
1403715290.362143  0.57691085984437185 -0.81842576426617841  0.36885340840050834 0.29843646516729311 -0.77523999978092439 0.20052059787217383 0.51935547443644947
1403715290.4121432 0.56940118369655268 -0.8348015907360965 0.37577103366574266 0.29919392861491134 -0.77681472455627387 0.2030844715900271 0.51555656740219624
1403715290.4621429   0.5618096597829999 -0.85190720029456679  0.38208698334286667 0.30012073294089114 -0.77820192899388718 0.20475920908453751 0.51225283763419993
1403715290.5121431  0.55178918987561787 -0.87181606414552359  0.38400393524856841 0.29996293567846583 -0.77779151593012141 0.20685262039329222 0.51212751185882299
1403715290.5621431  0.54335590103129006 -0.88981887256623937  0.38985755995982513 0.30013766700501787 -0.77644552807973877 0.20777153434614323 0.51369320833081888
1403715290.6121433  0.53330692513448819 -0.90947356720846706  0.39514040250157945 0.29882852786448749 -0.77484057354173475 0.21032343983697202 0.51583684163018317
1403715290.662143  0.52292963084290389 -0.92888277963077703  0.39425878820553484 0.29735511050735036 -0.77451669096301745 0.21201154931683394 0.51648323944842078
1403715290.7121432  0.51225397507528103 -0.94930428006627443  0.39777263088132131 0.29673769525027316 -0.77252900627469778 0.21216055242417872 0.51974375867041567
1403715290.7621431  0.50202682535353638 -0.96926579039394423  0.40074675233868551 0.29601454067451788 -0.77041091370523984 0.2120795960559145 0.52332080093368327
1403715290.8121431  0.49141596394936482 -0.99008646009562307  0.40382937526992241 0.29435461998005519 -0.76913911267207047 0.21318364478198459 0.52567396421345236
1403715290.862143 0.48025613668232753 -1.0110276002168948  0.4062169136190461 0.29243628462714472 -0.76930556047789356 0.21465958792219969 0.52590040441545316
1403715290.9121432 0.46917515334880638 -1.0320019735036965 0.40777699519171867 0.29103747086494436 -0.77004267149246297 0.21478554943047817 0.52554604212108302
1403715290.9621429 0.45881988797129958 -1.0527994128572111 0.40881464089500347 0.28777949405202802 -0.77044289892619655 0.21651171537325414 0.52604503552784188
1403715291.0121431 0.45070105534864841 -1.0735160218975097  0.4100410630029464 0.28311084605676978 -0.77089049600899151 0.21923321069714513 0.52679492341465495
1403715291.0621431 0.44023177371854494 -1.0940709878587604 0.41088468043896026 0.27783902204513833 -0.77170499176528373 0.22285918920807293 0.52688771602597173
1403715291.1121433 0.43736378109009127 -1.1146903305040816 0.41145854333040399 0.27265529865572785 -0.77308701762090015 0.22549692314638697 0.52644723282822037
1403715291.162143 0.43089656401234427 -1.1326021968085003 0.41300086680481357 0.26726538918213222 -0.77412109837771603 0.22821251007803103 0.52652140225795818
1403715291.2121432 0.42007557637201687 -1.1506405410575571 0.41307423157053297 0.26204180526624893 -0.77525407105326294 0.22955116466545283 0.52689797912772618
1403715291.2621431 0.40927354957408962 -1.1671001198481008 0.41158445489792017 0.25718505491759863 -0.7763946477807967 0.2294290526345738 0.52766420025577498
1403715291.3121431 0.39724711039546834 -1.1814588745197983 0.40975047486626825 0.25322143633856042 -0.77772629365642298 0.228071493728599 0.52820839645208717
1403715291.362143 0.38454827877388437 -1.1951004144477644 0.40702017046129668 0.24931407943255535 -0.77873648172835841 0.2262117136523919 0.52937722129733145
1403715291.4121432  0.3714509030442954 -1.2074230525961349 0.40313225266971359 0.24564593866924989 -0.78051064322611496 0.22373011189850617 0.52953380029601649
1403715291.4621429 0.35798529413847607 -1.2183874702570709 0.39887378563971426 0.24227678106627051 -0.78236836343799909 0.22043455538317996 0.52972663897573935
1403715291.5121431 0.34417664207493381 -1.2278748930636871 0.39383036832282559 0.2399929603305489 -0.78500835951523495 0.21547209492698896 0.5289017212968341
1403715291.5621431 0.32988784574161972 -1.2359737310256709 0.38837852937165007 0.23638492142402356 -0.78769883022722964 0.21172145845953233 0.52804047743499838
1403715291.6121433  0.3143009081876858 -1.2444522866568681 0.38393625988229418 0.23239084516560768 -0.79023620328740019 0.2087961169825937 0.52718632344752692
1403715291.662143 0.29839455982104873 -1.2507046298704168 0.37841845176640843 0.22821220217023006 -0.79239007690146823 0.20650447083908488 0.52668117522099533
1403715291.7121432 0.28104386049987368 -1.2563908604190992 0.37295414359765172 0.2243410245188748 -0.79459203799003086 0.20428764164486882 0.52589082265414056
1403715291.7621431 0.26138132773489681 -1.2671669460941761 0.36926433817256021 0.22356492037515818 -0.79553789308016354 0.19919217725053176 0.52674534983558807
1403715291.8121431 0.23770576046654029 -1.2759138345277337 0.36941427324850834 0.22370560666477055 -0.79588207517579657 0.19372931001469526 0.52820117228367147
1403715291.862143 0.21693196892130431 -1.2803707724435438 0.36451089799943787 0.22665688993397864 -0.79529617556125476 0.18509128991530119 0.53091605907204198
1403715291.9121432 0.19537679524127888 -1.2846341404576112  0.3589522962094186 0.22954872889875844 -0.7946835674836692 0.17719138683239954 0.53328099634695769
1403715291.9621429  0.1734793315245142 -1.2889739937704563  0.3527445299962445 0.23038646483803379 -0.79489238637898529 0.17291789588231504 0.53401083526440596
1403715292.0121431 0.15099824129172687 -1.2935457216601818 0.34588357555508237 0.23158673483937467 -0.7951316760543935 0.16894381432743119 0.53440732553162729
1403715292.0621431 0.12818491261232406 -1.2991607187248766 0.33970254178456832 0.23235483625737116 -0.7951855936562755 0.16684301421173015 0.53465363584106629
1403715292.1121433 0.10580089345499955 -1.3054925611843959 0.33335779704613405 0.23397565766006934 -0.79492486334787449 0.16713884844085117 0.53424194761902355
1403715292.162143 0.083572102065256629  -1.3126836409440747  0.32691996296568548 0.23714048445422958 -0.79440984260564729 0.16848760507581978 0.53318788390200578
1403715292.2121432 0.053372998756073875  -1.3198248986269472  0.31960993092752515 0.242221517655966 -0.79302154110160472 0.17096189232550471 0.53218192669965692
1403715292.2621431 0.025399259976173462  -1.3313146274807033  0.31291788016083205 0.24862762090856722 -0.79143279762930863 0.17410678004135371 0.53057069472561635
1403715292.3121431 0.0021891979342884681   -1.3409439388753082   0.30665211256762864 0.25695091201017239 -0.78936644540844991 0.17796490861591308 0.52839884082168387
1403715292.362143 -0.023577006536117742   -1.3519794415466964   0.30001317287469681 0.26704758187246574 -0.78637322214563321 0.18132962737026601 0.52670894310437144
1403715292.4121432 -0.04714947293356371  -1.3637348209338882  0.29433724457856286 0.27664868312613683 -0.78293779451402057 0.18703697775229727 0.5248724464090132
1403715292.4621429 -0.071574288640893213   -1.3768392459562098   0.28966221061293779 0.28827830252931425 -0.77978736846319252 0.19201465252317801 0.52149559297511761
1403715292.5121431 -0.095418264014052151   -1.3909634331456837   0.28487333954400768 0.29855773261019103 -0.77482913128451703 0.1998988265790925 0.5201380170145653
1403715292.5621431 -0.1219072441090189 -1.4069421277051835 0.28094681351843198 0.30926872578683495 -0.76804198857553974 0.20903333251356129 0.52035509503933264
1403715292.6121433 -0.14596337259776465  -1.4230782197187319  0.27785555007891277 0.32111476352262563 -0.75976737302390074 0.21777895662120006 0.52173860657339788
1403715292.662143 -0.17007714252249367  -1.4399543940745969  0.27568418998223687 0.33313457077234748 -0.74889490643213819 0.22730431243292609 0.52584268220230801
1403715292.7121432 -0.19507980804782216  -1.4580188280043593  0.27283885699227439 0.34583293450121644 -0.73983015494080928 0.2359056556412939 0.52668723630916547
1403715292.7621431 -0.21693996652502787  -1.4759416351893972  0.27200446210423646 0.35868084589706745 -0.73010890469891088 0.24433185474733624 0.52781718693279356
1403715292.8121431 -0.23690185210993167  -1.4933785144089511  0.27319024221272503 0.37128682494959386 -0.72148339999658628 0.25274615982004145 0.52699826929928117
1403715292.862143 -0.25517115973516757  -1.5109344947880077  0.27680066828086763 0.38390367839093553 -0.71474705672044192 0.26041552217577701 0.52339121738647076
1403715292.9121432 -0.27156463741359754  -1.5288739226441979  0.28303716467439682 0.39616083233997035 -0.71004860955079774 0.26804268613649446 0.51675979468551314
1403715292.9621429 -0.2865573281878051 -1.5463769945064934 0.29201319156192512 0.40626008991511792 -0.70634556396176873 0.27763163735106883 0.50887066879066245
1403715293.0121431 -0.30560273259376658  -1.5643240625299424  0.30262524084757053 0.4146359155303011 -0.70203768110529308 0.28843338412121233 0.50202224530894757
1403715293.0621431 -0.31844184364438832  -1.5815008325031401  0.31796759094224375 -0.42293099782625621 0.69733246325504006 -0.29880916920311418 -0.4955500854287993
1403715293.1121433 -0.3306185769838581 -1.5985652114512405 0.33453818477536701 -0.43027358236476954 0.69226124438088577 -0.30937029469820759 -0.48982551444933914
1403715293.162143 -0.34449774168485114  -1.6139680558227838  0.34845423163793521 -0.43813571609489815 0.68757083115070583 -0.31839827543012816 -0.48363827871236442
1403715293.2121432 -0.35345902458287282  -1.6317909151132102  0.36377109338751978 -0.44660398047886246 0.68237632833765771 -0.32588369132666845 -0.47823346900040126
1403715293.2621431 -0.36669698880728036  -1.6480282520856846  0.37949219157451031 -0.45378074173076555 0.67656810886567964 -0.33440782987276635 -0.47382489995775989
1403715293.3121431 -0.38038591960072304  -1.6648557189497433  0.38947396675466017 -0.46154031137922674 0.66955711172862398 -0.34157470806554791 -0.47116932616154583
1403715293.362143 -0.39456199660869784  -1.6828808628003371  0.40313127663812509 -0.4685885981859943 0.66232334065018683 -0.34878944482099272 -0.4691465029833698
1403715293.4121432 -0.40563143747780117  -1.6992281487514289  0.41942080058766529 -0.47436576308203982 0.65463180741950666 -0.35758178419741476 -0.46751426410373564
1403715293.4621429 -0.41756212030207168  -1.7149525587041006  0.43555282070677093 -0.4806639365123026 0.64758356949034379 -0.36471638508480753 -0.46538119763620928
1403715293.5121431 -0.4283349329123467 -1.7279223432684188 0.45120723989512868 -0.48778547523318144 0.64235046498719395 -0.36971331521528661 -0.46126269612314968
1403715293.5621431 -0.43887487839096512  -1.7399327656094843  0.46705155482918964 -0.49476691233818237 0.63787978769771359 -0.37432463118737402 -0.45628516235847266
1403715293.6121433 -0.44939098159404894  -1.7510998440667127  0.48305086145843606 -0.50209236871694474 0.63411408959628235 -0.37763420529069136 -0.45077154041282774
1403715293.662143 -0.45825157526331389  -1.7633900624944805  0.49770356759092749 -0.50953906210256783 0.63096986155346568 -0.37960905047802185 -0.4451336280242269
1403715293.7121432 -0.46879902472864887  -1.7731736458228864  0.51411710203450667 -0.51672948675119568 0.62698418555706159 -0.38229920616749175 -0.44014632288240207
1403715293.7621431 -0.48105014151989545  -1.7820735683752831  0.53128952375603478 -0.5238394981976392 0.62335020454321843 -0.3848486189447603 -0.43464726286988609
1403715293.8121431 -0.49368451051052548  -1.7934084134903376  0.54724579880315571 -0.53085662933259525 0.61917772628179535 -0.38717444985501759 -0.43000712523120621
1403715293.862143 -0.50449115440036685  -1.8022986621770338  0.56327248927083307 -0.53723533901358889 0.61501914525689627 -0.39072066944116851 -0.42481407692527828
1403715293.9121432 -0.51777203680124728  -1.8132043264832376  0.57778501807819815 -0.54419982533839928 0.61064120299295654 -0.39351723393842297 -0.41965230596581155
1403715293.9621429 -0.52885028886873586   -1.821992376637902  0.59179579045313779 -0.5507542650753533 0.60492632980031191 -0.39749056756322004 -0.41561415244659428
1403715294.0121431 -0.54075393563805119  -1.8301374157145436   0.6039099944109807 -0.55729183548869721 0.59863379827020557 -0.40213370758947881 -0.4115238351378514
1403715294.0621431 -0.55183223804520454   -1.838777836066205  0.61243840578839814 -0.56394601149746282 0.59209049972664751 -0.40681007321318408 -0.40730737850158844
1403715294.1121433 -0.56320400030430873  -1.8475598602821921  0.61813631465904839 -0.56962094331823687 0.58502149468528686 -0.41295941106329054 -0.40341833932494325
1403715294.162143 -0.57532533221854298  -1.8545869663078398  0.61993077491256721 -0.57469556271279221 0.5775902970723551 -0.41978403549915261 -0.39986975687858911
1403715294.2121432 -0.58623758830652717  -1.8616236361096405  0.61899029028841235 0.57969981760656564 -0.57000363853711844 0.42661740127628583 0.3962847037795294
1403715294.2621431 -0.5970725161615541 -1.8676902865352332 0.61439827592333074 0.58477318292917524 -0.56282973546201964 0.43339669326922503 0.39170182495098937
1403715294.3121431 -0.6083861347202264 -1.8724962749864578 0.60608458709174362 0.59013793530464753 -0.55555443082459388 0.43954904786001769 0.38716033659309818
1403715294.362143 -0.6198440830914711 -1.8782463003766361 0.59507349209319038 0.59612492692830332 -0.54847186872681275 0.44468143165492624 0.38219380561616639
1403715294.4121432 -0.63122253847574283  -1.8817307438321962  0.58073148144271169 0.60200057258788542 -0.54084385734644147 0.44989893191161456 0.377722363170714
1403715294.4621429 -0.64406353949129114  -1.8856472663877721  0.56844925982992645 0.60849346722747233 -0.53285189843531355 0.45408715393461641 0.37364342802588041
1403715294.5121431 -0.65673767040739883  -1.8892333994990294  0.55503036078666368 0.61526229055318593 -0.52474995786300405 0.45787743055290792 0.36937522133501272
1403715294.5621431 -0.67013763841667628  -1.8882912292428449  0.54008944508462586 0.6229937005056424 -0.51789307256508932 0.46052780335920435 0.3627392408501226
1403715294.6121433 -0.68321834444016893  -1.8897092219328218  0.52636285653391512 0.6318384053954712 -0.51120734290902103 0.46144549208465813 0.35568994905388385
1403715294.662143 -0.69661901705495188  -1.8906392179247964  0.51295962847788423 0.64129539949114622 -0.50353998883869311 0.46126247765257389 0.34989229334415017
1403715294.7121432 -0.71166444034649767  -1.8899123432794007  0.50004547404413024 0.65068925800590993 -0.49586475917365486 0.46106785617342577 0.34371217919796365
1403715294.7621431 -0.72447009342579038  -1.8901033535720266  0.48664541359861951 0.65911788721503639 -0.48794654509701602 0.46168578837745611 0.33810946850296775
1403715294.8121431 -0.73829465715160525  -1.8897612366419352  0.47393778373493722 0.66654249670453147 -0.48032794990690897 0.46350483943500836 0.33191779772323582
1403715294.862143 -0.75521937129834693  -1.8967829765252997  0.46077367521894391 0.67362383617057786 -0.47232882473661097 0.46543155764986299 0.32635850503608549
1403715294.9121432 -0.7653386051507155 -1.8986178206901159 0.44747360904039035 0.67980777144698723 -0.46356285698075617 0.46822188646300378 0.32208560437428119
1403715294.9621429 -0.77706838562683889  -1.9004247296523922  0.43583361188952918 0.68447155345925448 -0.454104995964492 0.4729493583409361 0.31875735221334173
1403715295.0121431 -0.78234708436056166  -1.9016156681049736   0.4208090016497521 0.6882076724706494 -0.44515036118621826 0.47855076493548732 0.31496114183811763
1403715295.0621431 -0.79177728644463496  -1.9035160289523652   0.4090507151162841 0.69213201824903658 -0.43693227161896114 0.48367176520956767 0.31000819807139096
1403715295.1121433 -0.80076517854450224  -1.9049554698304489   0.3977699104966832 0.69451473029603472 -0.42918261697962568 0.4909110364767405 0.30406894769061615
1403715295.162143 -0.80994832320132659    -1.90592813426337  0.38783965727786784 0.69644889932723719 -0.42172663893330287 0.49821725181495174 0.29813611427308906
1403715295.2121432 -0.81319113621439054   -1.910209169344991  0.37728183384293007 0.69882251180809629 -0.4139686454717959 0.50461293260557305 0.29264798957736404
1403715295.2621431 -0.81989673025755083  -1.9102700779315518  0.37025209446103458 0.70199314064655471 -0.40680884917043897 0.50978592334173434 0.28606031371797302
1403715295.3121431 -0.82843028896705939  -1.9096228899878727  0.36741234322219407 0.70619541665564034 -0.39857364213912561 0.513941734036512 0.27980525245617205
1403715295.362143 -0.83701110554459612  -1.9080846364709323  0.36741878172305065 0.71253263478807105 -0.39006446238673781 0.51585877671868541 0.27209682472828739
1403715295.4121432 -0.84592196470847725  -1.9059807307224246  0.37018328160042141 0.71869141741369402 -0.38059818426868192 0.51796835714886269 0.26521019901162579
1403715295.4621429 -0.8540555888736886 -1.8987562265879372 0.37158722218212653 0.72481849614142557 -0.37029712063735276 0.52040788366438218 0.25825147573426771
1403715295.5121431 -0.85707310710533713  -1.8990007936922115  0.37873917225395598 0.73084611774690844 -0.35984012483223288 0.52236719227269079 0.25201498600706446
1403715295.5621431 -0.8648708289709458  -1.896879288970243 0.38181817208980323 0.73624288989201081 -0.34907268328920193 0.52400061934065478 0.24802826410582143
1403715295.6121433 -0.87365779669716326  -1.8937559198391292  0.38118392473865148 0.74050346167988923 -0.34013389706089769 0.52584535221924678 0.24382415971286373
1403715295.662143 -0.8823315052590035  -1.890442740081268 0.37725220752130478 0.74324146937080193 -0.33222817078428157 0.52828651053653852 0.24110147973413484
1403715295.7121432 -0.89135997690605939  -1.8865511458828133  0.37002073722274953 0.74507783689726459 -0.32579528697655946 0.5309865101042579 0.23826408465325943
1403715295.7621431 -0.89852775305976607  -1.8822759216117704  0.36125203999698935 0.74709488265309232 -0.31937914614878654 0.53350787678603739 0.2349798772790738
1403715295.8121431 -0.90709243174731891  -1.8766774581032919  0.35093981537729679 0.74835540484098406 -0.31381524852362547 0.5372695615247286 0.22983819547318102
1403715295.862143 -0.91297956955403814  -1.8835737264226591  0.33865064703341685 0.74908435808940155 -0.30859207443139819 0.54133095292297762 0.22495411859180714
1403715295.9121432 -0.92159313604840065  -1.8785949179749386  0.32658510336871505 0.75058236623879659 -0.30330889593771398 0.54470833952048026 0.21891242539713313
1403715295.9621429 -0.93285699230054853   -1.869780306001549  0.31597178490608252 0.75083386779978245 -0.29858722177234837 0.54938397429338848 0.21277082212721468
1403715296.0121431 -0.94257823755227488  -1.8631726481356363  0.30302553515522646 0.7512655848699421 -0.29452481149710869 0.55315864631662681 0.20705233253400815
1403715296.0621431 -0.9539846134510227 -1.8554887576090699 0.28923442092538343 0.752313001312925 -0.29254294864088404 0.55538991638344093 0.19996452694323191
1403715296.1121433 -0.96373378046218472  -1.8497648267611722  0.27529329928807228 0.75466203994817227 -0.29193765637076702 0.55517888292383111 0.19244224642591967
1403715296.162143 -0.97650304259946885  -1.8420783747933789  0.26021947242408683 0.75883304844415866 -0.2904343269618766 0.55264575247003367 0.18548039947115011
1403715296.2121432 -0.9905644938817848 -1.8348102928242391 0.24512007013220591 0.76349260130454488 -0.28773510020595888 0.54951074544949419 0.17979293784302947
1403715296.2621431 -1.0056090021483095 -1.8279149906058443 0.22961942107887529 0.76840051153507372 -0.28469648218674171 0.54614084278405162 0.17389291747008295
1403715296.3121431 -1.0201321318597019 -1.8228719199683519 0.21433935552787148 0.77481559375351639 -0.2814562231814613 0.54053614131830685 0.16811861894962363
1403715296.362143 -1.0310356874599396  -1.821610455795651 0.19897206922405566 0.78126208757148363 -0.27698678977993385 0.53490614256580404 0.16365600342250228
1403715296.4121432 -1.0459928126655849 -1.8183190302396979 0.18896599713979276 0.78586063747485668 -0.2720528211909371 0.53225546686298453 0.158475357529587
1403715296.4621429 -1.0600281075775113  -1.817225399186351 0.18166411237532076 0.7886295560300457 -0.26731303026940062 0.53219801877972717 0.15288046314351916
1403715296.5121431 -1.0746408253655437 -1.8186883451107205 0.17692826582662496 0.79078356842555331 -0.26375475891385941 0.53230585307440814 0.14746272017417442
1403715296.5621431 -1.0872921604492083 -1.8258959008970368 0.17502613749432877 0.79238097397541962 -0.25900613307363685 0.53305615384472993 0.14456608163836579
1403715296.6121433 -1.0984832763542023  -1.832644616554294 0.17684562988820404 0.79360438064691108 -0.25331072317526254 0.53391781835498253 0.14476715022930517
1403715296.662143 -1.1117342488323068 -1.8387731137747774 0.17817400655150217 0.79306527909704128 -0.24716617675288144 0.53711377856274123 0.14650983939022674
1403715296.7121432 -1.1239810788748235 -1.8467187772629521 0.17954960098879466 0.79248854810031433 -0.24218269845418719 0.53990444799288773 0.14769099070965497
1403715296.7621431 -1.1341514790182017 -1.8566500250140738 0.18067530341245341 0.79187389081156079 -0.23871474586647484 0.54228662850300591 0.14790613139321757
1403715296.8121431 -1.1455075565640709 -1.8667233535561023 0.18131967293891602 0.79172865079985333 -0.23393071218082004 0.5441104418701399 0.14961949220973703
1403715296.862143 -1.1559518918154461 -1.8777571250199285 0.18242928534979469 0.79135634585531467 -0.22836220740571284 0.54628076585713226 0.15226017521945473
1403715296.9121432 -1.1650009091098903 -1.8892414383039979 0.18350449578834915 0.79147125635202864 -0.22174305030928138 0.54838982427088601 0.15385665615833347
1403715296.9621429 -1.1655448531828774 -1.9087382589254747 0.18661933669201658 0.79164023070549761 -0.21476572117260864 0.5507622065548865 0.15440991538288065
1403715297.0121431  -1.175974121017656 -1.9180118912107547 0.18644848956869936 0.79334960779420272 -0.20864853824066112 0.55196015152923883 0.14967357290664229
1403715297.0621431 -1.1844539718800184 -1.9269723508028167 0.18426841333815147 0.79686661494760747 -0.20431811936323585 0.55100700225411992 0.14017484634819655
1403715297.1121433 -1.1928765228502198 -1.9361317175087418 0.18277997846260749 0.80001752353379296 -0.19894721319492972 0.55076680874968931 0.13056757170335848
1403715297.162143  -1.200288354179831 -1.9458104626180954 0.17922601447306569 0.80581213609532987 -0.19363683186339137 0.54682527553785887 0.11896930990946815
1403715297.2121432 -1.2078655883123013 -1.9560720960958133 0.17566746208325826 0.81182996232550375 -0.18652606158507484 0.5426919715980637 0.10782191142406314
1403715297.2621431 -1.2132624977922142 -1.9672202057893964 0.17158494209656602 0.81645370145417029 -0.1782804649296828 0.54065506235127503 0.096496283659938814
1403715297.3121431 -1.2175024098342069 -1.9799151501135788 0.16728457100207922 0.8199029799267088 -0.16857856620645101 0.54028739689330674 0.086196863523766501
1403715297.362143 -1.2203432780045476 -1.9941834756633781 0.16213322860771193 0.8228787732532159 -0.15794710246715846 0.54033845869351904 0.077185409296210872
1403715297.4121432 -1.2246110373627044 -2.0090028667433266  0.1562754620460082 0.82458797803989359 -0.14550208759753663 0.54202929147761258 0.071330611641259659
1403715297.4621429 -1.2274315184435676 -2.0269772888919038  0.1525834684244855 0.82602775478125057 -0.13417776688018479 0.54345562532153335 0.065806219405724092
1403715297.5121431 -1.2294252005490818 -2.0468018136320021 0.15027772216226118 0.82685276050576539 -0.12239806491325773 0.5454804570345021 0.061516641186887017
1403715297.5621431 -1.2255533037182107 -2.0644251965958285 0.14429419119368467 0.82787389792959354 -0.11304426740417214 0.54656142420196419 0.055824835944547811
1403715297.6121433 -1.2223262053226556 -2.0862485377760147 0.13946312017231804 0.83004944108640744 -0.1050745193587193 0.54555955556374791 0.048394649154246287
1403715297.662143 -1.2173354221852497 -2.1088786324603008  0.1339175774724779 0.83218620187299663 -0.098551638492960739 0.54416293412216976 0.040501865266923759
1403715297.7121432 -1.2136597497525994 -2.1313760994120874  0.1293126004006209 0.83335267059564089 -0.093353971545737505 0.54385951169913316 0.032018649911125949
1403715297.7621431 -1.2073963808989667 -2.1556300886655979 0.12510007206691132 0.83387236734054548 -0.087890498260966315 0.54439653170919933 0.023760293859887836
1403715297.8121431 -1.1985911195300178 -2.1812977386077179 0.12275926689380008 0.83142476088318773 -0.081154956930317018 0.54940146305303961 0.017457730412408338
1403715297.862143 -1.1884789385402967 -2.2083519579784201 0.12173719436600158 0.82765638342469694 -0.073767112417588696 0.55624588088700966 0.011569101009010208
1403715297.9121432 -1.1772952524858988 -2.2366944642489597 0.12099131682078387 0.82322248457009928 -0.065483756478362132 0.56388987140390945 0.006695630201689398
1403715297.9621429 -1.1649971809356139 -2.2671384443055373 0.12074867467429204 0.81661823562671643 -0.05751600539555244 0.57430516517031027 0.00037897750608975074
1403715298.0121431  -1.153653952507717 -2.2973253033500458 0.12018954405575273 0.80972837220962846 -0.047262188419253962 0.58488087561109303 -0.0045398379893579711
1403715298.0621431  -1.142422865135454 -2.3263279874858851 0.11398268268749923 0.80451205576100315 -0.03495983808000775 0.59284875913998447 -0.0082771156090255572
1403715298.1121433  -1.132135735889094 -2.3555327827260477 0.11242010364928443 0.80060100404649492 -0.020107445090617494 0.59879571278309363 -0.008798711511295642
1403715298.162143 -1.1241219351717135 -2.3869214582960403 0.11087322628761194 0.7994393990795049 -0.0029457459237693813 0.60070050652007045 -0.0068462578744605627
1403715298.2121432 -1.1178719207289594 -2.4185063498210866 0.10906323551335187 0.79969892521977448 0.015026042670128239 0.60020321035985458 -0.003457357045090381
1403715298.2621431 -1.1136119645518805 -2.4490171613192424 0.10774089091609157 0.80029118068054195 0.032203227984407078 0.5987449083203098 -0.0012300377361645811
1403715298.3121431 -1.1089914681552639 -2.4782178319005088 0.10626402996624079 0.80105813586418917 0.046336606518301265 0.59679009278747219 -0.00060581587847966564
1403715298.362143 -1.1071447188712313 -2.5059958966958824  0.1045692960003381 0.80318577084699916 0.057742365975510961 0.59292279656476932 -0.00099699261540765142
1403715298.4121432 -1.1065888736998399 -2.5319333444848229 0.10388997765531409 0.80560094823727024 0.06629763045771131 0.58873462459700199 -0.0018105787834326629
1403715298.4621429 -1.1071810186922046 -2.5559053248360213 0.10393463565776338 0.80764739132546315 0.07313832388385734 0.58510823822727509 -0.0021969121986079925
1403715298.5121431  -1.107786423250428 -2.5777352800262543 0.10402842175758559 0.80881627606534612 0.079400961804837036 0.582675456509131 -0.001015489108071333
1403715298.5621431 -1.1086883350630472 -2.5969972692916889 0.10534008321853318 0.80945376241742151 0.08540540625442529 0.58093449811252917 0.0023731821550665353
1403715298.6121433 -1.1079582363149445 -2.6133243189067707 0.10820277001361805 0.80927493535846695 0.090609511647732455 0.58036081941160766 0.0067316187797542178
1403715298.662143 -1.1076858483147083  -2.621500918801221 0.11636867127901186 0.80868065854811422 0.095194352408409719 0.58038964561199058 0.011022115319660254
1403715298.7121432  -1.109203549753919 -2.6310154873091003  0.1199495917645968 0.80821815809490838 0.098139589834056684 0.58046633672394032 0.014521079958666716
1403715298.7621431 -1.1107699990249467 -2.6369623073775288 0.12460453098107725 0.80761337891050067 0.099132948078766478 0.58108569766442963 0.016513654344811085
1403715298.8121431 -1.1120890580208398 -2.6390560900733289  0.1290585691246515 0.80836484721981605 0.097527597288566775 0.58034377837586226 0.015353841435644652
1403715298.862143    -1.1160596956241 -2.6378301922527538 0.13260636428186781 0.81317745250529516 0.090289713447157402 0.57493242398543765 0.0065502849447733212
1403715298.9121432 -1.1215231085861228 -2.6316305579412504 0.13614396309229529 0.81834868458416354 0.081671943933470048 0.56884792689373809 -0.0068673198697708692
1403715298.9621429 -1.1259590283149581 -2.6239558365862834 0.13940505744070136 0.8232229855515979 0.074220526844416712 0.56244658540674608 -0.021191225041110574
1403715299.0121431 -1.1292578441759529  -2.614849936752615  0.1429473122499646 0.82699415006522026 0.070948035663048123 0.5567894447114925 -0.032133568916738707
1403715299.0621431 -1.1316201375558181 -2.6043806947897727 0.14656132640211725 0.82946441144237282 0.070242046340438249 0.55252888236996023 -0.042031883415670442
1403715299.1121433 -1.1326251554551803 -2.5933109424541216 0.15071878937588329 0.83067151708269704 0.072471695883381995 0.54976324574494917 -0.049930528049436929
1403715299.162143 -1.1364989335779054 -2.5766363571927977 0.15319071775359497 0.83104406085938776 0.076087288523480442 0.5480241975335175 -0.056973435504866742
1403715299.2121432 -1.1380974015496568 -2.5635670090153568 0.15694375573918656 0.83100127597892337 0.081216873869266737 0.54664603811588297 -0.063394067013509303
1403715299.2621431 -1.1352546489727959 -2.5503060293842834 0.16098254428766931 0.83115685083072133 0.087277168814902162 0.54470916716122497 -0.069662818858685638
1403715299.3121431 -1.1306122716105433 -2.5368196771079576 0.16499478847990179 0.83030592353725197 0.094077863349342122 0.54397567202512898 -0.076366859378811006
1403715299.362143 -1.1239079407720673 -2.5233014573660153 0.16866182317399389 0.82965871386546897 0.1017128075017924 0.54259854618954384 -0.083112820732982845
1403715299.4121432 -1.1173331963530857 -2.5101030969062799 0.17373402901060375 0.82831725373644993 0.10970632229895244 0.54192685985529243 -0.090389869883335527
1403715299.4621429 -1.1071872642073328 -2.4966598918101122 0.17837192654441919 0.82641898092216504 0.11877994967634918 0.54167472173189135 -0.097526854574176688
1403715299.5121431 -1.0953866228612374 -2.4838856523686088 0.18372817769166794 0.82347741528580864 0.12827968606011517 0.54252558142989371 -0.10533405030035738
1403715299.5621431 -1.0817655059947573 -2.4704718295817178 0.18839856450062659 0.82035023581092403 0.13865230899721326 0.54312984679912535 -0.11318567634935735
1403715299.6121433  -1.067231525556217 -2.4574357967775073 0.19268706002619032 0.81625051120004088 0.14949795003452285 0.54480838734512615 -0.12070330144428701
1403715299.662143  -1.052006909417881 -2.4439044126289886 0.19567085431975909 0.81299691708073185 0.16052388144784824 0.54463363023457578 -0.12900505850411578
1403715299.7121432 -1.0356754882146206 -2.4306088481069024 0.19823355164869111 0.80905154699834225 0.17120398374666798 0.54500742416345738 -0.13817271024183078
1403715299.7621431 -1.0162555763666319 -2.4182248612329724 0.19929338095323679 0.8060129660881783 0.18349201878463986 0.54341604233203267 -0.14619433120427483
1403715299.8121431 -0.99828920796194165  -2.4054443212547678  0.20064813381281729 0.80192865680987524 0.19516024462672729 0.54272785069458618 -0.15578635493771703
1403715299.862143 -0.98030156000922808  -2.3928391539246161  0.20210560487943102 0.79838556732238108 0.20731367668156328 0.54070796396048582 -0.16503461170856906
1403715299.9121432 -0.96122411237011451    -2.38093542127086  0.20232274434764841 0.79382273953212401 0.22031001945750575 0.53969303689912851 -0.17332160699388621
1403715299.9621429 -0.94134723491553518   -2.369178692100395  0.20222709147131784 0.78907652447324106 0.23297818052131553 0.53858972051375908 -0.18166044941901568
1403715300.0121431 -0.91986533946426507  -2.3579140302062553  0.20494056282038678 0.78522070748709338 0.24456258083298818 0.5366238638223032 -0.18881846669804023
1403715300.0621431 -0.90033244426589609  -2.3461954822368036  0.20885848570671509 0.77893255148538187 0.25512075850451416 0.5386228404817528 -0.19509719251676264
1403715300.1121433 -0.87928044595274302  -2.3384008509780263  0.20979487754359039 0.77314616997151253 0.26346962686877667 0.54067850941215034 -0.20123494983691109
1403715300.162143 -0.85652141823909789  -2.3286936545272399  0.21221987023581246 0.76753669520627921 0.27234057781358884 0.54344615004492669 -0.20343134760732148
1403715300.2121432 -0.83409024696089573   -2.319732783506459  0.21255045926512248 0.762108746767858 0.28149975478772604 0.54673686016621503 -0.20255110932790202
1403715300.2621431 -0.81187842190537174  -2.3143714468607861  0.21815440228001048 0.75669186144352307 0.28783581542050163 0.55071197567683972 -0.20318535880437585
1403715300.3121431 -0.79547553417304362  -2.3086674376356902  0.22353435328437055 0.75328795812042471 0.28996233801924542 0.55287993456719042 -0.20688855123992111
1403715300.362143 -0.77625040836312265  -2.3014249297836344  0.22432978903283451 0.75057586833568579 0.29058998888761584 0.55448679676091406 -0.21151292265071492
1403715300.4121432 -0.75791680468510403   -2.294577901762727  0.22538439993431109 0.7491842778923451 0.28991709014513961 0.554750033322295 -0.21661809511121896
1403715300.4621429 -0.74061544551199665   -2.288715655810738  0.22627713183073034 0.74848066899294008 0.28846505857112315 0.55478269645079648 -0.22086366348094183
1403715300.5121431 -0.72444513626028517  -2.2838643461569661   0.2272864937797045 0.7480537196824012 0.28810385557193924 0.55485596940895099 -0.22259077717902018
1403715300.5621431 -0.7101019611804672 -2.2799636837559332 0.22844402479424872 0.74871282560852215 0.2867625992656187 0.55399042862004788 -0.22425637433327192
1403715300.6121433 -0.69582636876565251  -2.2768970256173442   0.2269401095943496 0.74970931335418411 0.28601542154636206 0.55283703554977737 -0.22472724853072212
1403715300.662143 -0.68280484381534845  -2.2750588966869092  0.22721131971415845 0.75080902459313859 0.28481636050766163 0.55199340935625041 -0.22465245470266429
1403715300.7121432 -0.67040100450860329  -2.2745859279639538  0.22779176359347056 0.75224595562464402 0.28298204816739048 0.55085780510344684 -0.22495079732681039
1403715300.7621431  -0.658888777404258 -2.2754145269651023 0.22861038955247986 0.75293221541178601 0.28119529365718082 0.55101924769689348 -0.22449960910367139
1403715300.8121431 -0.65229312622521451  -2.2768706642370602  0.23307179889621243 0.75279810073667608 0.28017135981748742 0.55237761537854435 -0.22288561796129061
1403715300.862143 -0.64571529538397199  -2.2853879904632497  0.23668800731506678 0.75233921120840408 0.28012525993439763 0.55423629674278974 -0.21985831209631551
1403715300.9121432 -0.63806753378589554  -2.2902315184832638  0.23725018892578731 0.75184557520990691 0.28090731482586007 0.55611078015666082 -0.21577792219817013
1403715300.9621429 -0.63087663186316756  -2.2958775303420298  0.23766099183291983 0.75137216791904515 0.28175442164492398 0.5578583074684641 -0.21177445537313838
1403715301.0121431 -0.62484384649052893  -2.3021557582710708  0.23772399578192785 0.75099312206979241 0.28218659299066901 0.55937819477017536 -0.20850921455859972
1403715301.0621431 -0.62295197597478758  -2.3124245304989968   0.2427300157153644 0.7502305880229394 0.28216226871867311 0.56164755454158743 -0.20515979962882713
1403715301.1121433 -0.62083605671475872  -2.3197760993498009  0.24294537590876164 0.74848605759211684 0.28233709352435338 0.56494024535929621 -0.20222983554314961
1403715301.162143 -0.61898290525101018  -2.3274829176410803  0.24355165169047652 0.74652393113988014 0.28299641257724628 0.56836217331258165 -0.19894594906975979
1403715301.2121432 -0.61903865490506582  -2.3364169959868626   0.2434219625166853 0.74443229575458436 0.28366559888070808 0.57197153797566525 -0.1954557361526145
1403715301.2621431 -0.62085131597010945  -2.3442217156112037  0.24279312994893915 0.74290874238055915 0.28486688257740495 0.57443530066027793 -0.19225385577538701
1403715301.3121431 -0.62521269571408034  -2.3526374166273962  0.24175726414835536 0.74142486115983508 0.2858181167015344 0.57653264713339936 -0.19028212267226483
1403715301.362143 -0.63180302693680346  -2.3610526213764498  0.24026890141062146 0.7407795323055123 0.28616377382871061 0.5774876557287949 -0.18937789349921008
1403715301.4121432 -0.64056636329716965  -2.3687365184476064  0.23819396247718702 0.74142518952596037 0.28603485765522468 0.57666022223536051 -0.18956723512784054
1403715301.4621429 -0.65198975279832039  -2.3771421479998582  0.23517372623710125 0.74354855938533948 0.28402209826733088 0.57380225051784106 -0.19291958125724276
1403715301.5121431 -0.66532374885362222  -2.3858198715411865  0.23106355376468674 0.7479910584950521 0.2818550889146107 0.5678569381154448 -0.19648303514181689
1403715301.5621431 -0.67854247919608091  -2.3959842560980609  0.22538316341110645 0.75347242574081463 0.28029563072580299 0.5605299375239583 -0.1987960064580383
1403715301.6121433 -0.69424013936517337  -2.4051885991872277  0.21989477378606342 0.75894940978092318 0.27880406761586424 0.55333925690801555 -0.20019928081419816
1403715301.662143 -0.71060219314594542  -2.4146079252062624  0.21426657456007273 0.76332897298955216 0.276826399949747 0.54770897585688016 -0.20176942546229831
1403715301.7121432 -0.72264536720688655  -2.4261472166559424  0.20776940500881244 0.76606653144858916 0.27582669082777744 0.54436852738228281 -0.20180340040983069
1403715301.7621431 -0.73889406974475458  -2.4366876634497547  0.20143645141264885 0.76745644724329531 0.27556214542577795 0.54324845173864433 -0.19989303458751986
1403715301.8121431 -0.75503570091996997  -2.4474634174077634  0.19549644909147298 0.76663239534556704 0.27673431299323692 0.5451210883232992 -0.1963056022738561
1403715301.862143 -0.77133381055063532  -2.4579783457721227   0.1896042705352535 0.76556889249416871 0.27801333708373671 0.5473641961451482 -0.1923675960945414
1403715301.9121432 -0.78823884783417641  -2.4732021938665789  0.17931723888251072 0.76498931342349707 0.27899514476407294 0.54874376758789123 -0.18929695475460545
1403715301.9621429 -0.80417127647462361  -2.4771251886633752  0.17324117065659311 0.76577072234858712 0.27809237253047786 0.5484809523883577 -0.18822454144253717
1403715302.0121431 -0.82176347266923078  -2.4866841488357831  0.16859088451095064 0.76541510590638306 0.27819335006135498 0.54972272060149496 -0.18588465801795351
1403715302.0621431 -0.84005047995223281  -2.4958731870570579  0.16442387386573662 0.76540371854011824 0.27825260072153113 0.55048463653762802 -0.18357369847747562
1403715302.1121433 -0.86033910758424414  -2.5072271029526125  0.16137701117799658 0.76630010662684189 0.27843113667551334 0.54991577435744843 -0.18125366155231284
1403715302.162143 -0.87881695791068093  -2.5125613335484029   0.1553412092616844 0.7681812532774186 0.27887966755046317 0.54800173915044126 -0.1783754103798208
1403715302.2121432 -0.90000651886081684  -2.5193432842093442  0.15233503074100305 0.76990197081101164 0.27884289646882898 0.54646038575409772 -0.17572319491654192
1403715302.2621431 -0.92146736318210642    -2.52517412243742  0.14969203645292711 0.77211813966893228 0.2786920338850668 0.54428817294484044 -0.17295870442264397
1403715302.3121431 -0.94376595576505595  -2.5305524186088837  0.14784328643614203 0.77350564747187589 0.27881238464216329 0.54325430804396302 -0.16978640785097937
1403715302.362143 -0.96528497243593914  -2.5340000712060951  0.14707923207576842 0.77442759563627717 0.278036414723769 0.5431536107632301 -0.16715802798379961
1403715302.4121432 -0.98716105346276517  -2.5360087522061021  0.14706782087455847 0.77472572892240388 0.27711094303519951 0.54386692066136866 -0.16497982545182022
1403715302.4621429 -1.0095464447176548 -2.5344604753598832 0.14715667698308121 0.77551486912669199 0.27400284590940921 0.54410672215543421 -0.1656713707984086
1403715302.5121431 -1.0327238740522873 -2.5312367852306843 0.14759958011217431 0.77739763626956093 0.26888495663541212 0.54274404612907001 -0.16965463627357222
1403715302.5621431 -1.0555953708227692 -2.5291095491997351 0.14885821762235482 0.77984693535267602 0.26437434663161613 0.54045481185906652 -0.17278182370413286
1403715302.6121433 -1.0789923281060629 -2.5263066164507015 0.15012678242873287 0.78178292849478104 0.26012904023794126 0.53862404446654821 -0.17616036404795932
1403715302.662143 -1.1058462290840196 -2.5260570284900576 0.14877636383877813 0.78352743652714041 0.25745720656609383 0.53711490109447624 -0.17694102412573162
1403715302.7121432 -1.1284880988072754 -2.5224709980460851  0.1492529234798109 0.7854866422805632 0.25424740403283314 0.53496785079256826 -0.17938336310748668
1403715302.7621431 -1.1505276504941779 -2.5184797332812767 0.14881377245563279 0.78740239515573007 0.25237141844323785 0.53270478960636325 -0.18036557982721638
1403715302.8121431 -1.1723016441958167 -2.5171553799688589 0.14600357735924954 0.79002660820477077 0.25096838279071598 0.5291544657994014 -0.18129638852560892
1403715302.862143  -1.191957137191235 -2.5124551167500844 0.14318793797095888 0.79242418771324863 0.25115204170179545 0.525786050892325 -0.18037623835492092
1403715302.9121432 -1.2104357447276604 -2.5077355803384642  0.1393038581633245 0.79430232462598871 0.25208184831279545 0.5221855003361453 -0.18127565220857689
1403715302.9621429 -1.2276766613821197 -2.5013684628195425 0.13622219389209814 0.79522980699376578 0.25495045345119571 0.51884883944011717 -0.18277226858944284
1403715303.0121431 -1.2438094363748278 -2.4999339506756222 0.12997787229580138 0.79510190752120136 0.26021199848262022 0.5158054642464236 -0.18451936363254495
1403715303.0621431 -1.2599480800558234 -2.4968581195098012 0.12588789989312271 0.79440190832330637 0.265937145296889 0.51281269430142284 -0.18768639632894513
1403715303.1121433 -1.2723719211896087 -2.4887970834251258 0.12229771600189088 0.79273297722336433 0.27390603821838072 0.50983334613266285 -0.19136318408007424
1403715303.162143 -1.2832519427106084 -2.4803936281029837 0.11892078184522628 0.78960966617416883 0.28343063293091364 0.50778290986091812 -0.19580645508735942
1403715303.2121432 -1.2934814924680587 -2.4709565625726624 0.11578473359458615 0.78482827988662618 0.2936342105921278 0.50705673691089659 -0.20178450637601358
1403715303.2621431 -1.3044911180642706 -2.4640687118844369 0.11142258435518844 0.77757676698282874 0.30429582309358105 0.50890264408975072 -0.20927618673607415
1403715303.3121431 -1.3116421740195654 -2.4517243695287729  0.1108520089308168 0.76919408998119065 0.31643275490580219 0.51124032002845277 -0.21643497577318199
1403715303.362143 -1.3183954435887171 -2.4396608283488641 0.11059913600817088 0.76035398446208213 0.32955112839019535 0.51325145963817032 -0.22322815966779946
1403715303.4121432 -1.3261518146761058  -2.424953988955842 0.10940263962001419 0.75191559772176308 0.34213605300572031 0.51472268571300539 -0.22940447238182046
1403715303.4621429 -1.3322687840015932 -2.4116469033070458 0.10875809632293688 0.74420576243819725 0.35488585329619393 0.5143771301291008 -0.23586009048621215
1403715303.5121431 -1.3389812743464538 -2.3979622819946598 0.10810576296653378 0.73748361279333052 0.366743544222352 0.51225185142197116 -0.24334160011655995
1403715303.5621431 -1.3457532779834487 -2.3838010393954714 0.10765203410774869 0.72992982621915314 0.37892233104008632 0.51120960538666471 -0.24956974014338099
1403715303.6121433 -1.3529187672637542 -2.3684930939828557 0.10590464121195872 0.72402164251369605 0.38885183140502755 0.50721069273753772 -0.2594691264051141
1403715303.662143 -1.3607969730246665 -2.3532963369536559 0.10571284409865732 0.71732448282405326 0.39760910643096536 0.50400253723661814 -0.27080256144177278
1403715303.7121432 -1.3691184500090252 -2.3383680943697618 0.10550569319441007 0.71126989394852602 0.40637490678344917 0.49962900435652458 -0.28164770743768441
1403715303.7621431 -1.3792871267678171 -2.3219368878272206 0.10245248017689598 0.70487499099320017 0.41457455606591093 0.49548372931428031 -0.29287379281851433
1403715303.8121431 -1.3885166129300446 -2.3073939326001351 0.10196900844472845 0.69801249393511633 0.42326809265782811 0.49197589204309849 -0.30262584439647744
1403715303.862143 -1.3982990511425986  -2.292536103670276 0.10074379470943655 0.69124739731271778 0.43037597208985606 0.48862742712636892 -0.31336367979708524
1403715303.9121432  -1.4098129536047339  -2.2750657376653778 0.096529970625314168 0.68526513000119982 0.4368331876098504 0.48562445399051141 -0.32211388901050764
1403715303.9621429  -1.4192987303843985  -2.2617178176416659 0.095413298654647094 0.68019646822886815 0.44238166968011439 0.48317777308091092 -0.32889278274322209
1403715304.0121431  -1.4269412386753328  -2.2471832567180883 0.094273872212415788 0.67637161828034376 0.44709121033899291 0.4805357379459988 -0.33423986623252711
1403715304.0621431  -1.4358995933074505  -2.2352355911070512 0.092309750179925931 0.6732320288469269 0.45081274048836878 0.47850391561142164 -0.33846788783066978
1403715304.1121433   -1.444407773903793  -2.2238457236362068 0.089770850021124893 0.67111295948264738 0.45270631278339679 0.47657301140186842 -0.34284479693274972
1403715304.162143  -1.4522869567193235  -2.2139350268356113 0.087915651976976886 0.66909437108608061 0.45407889587952072 0.47563635034036933 -0.34625877769762164
1403715304.2121432  -1.4587693652240745  -2.2067119217873468 0.086627259011257257 0.66849629325826654 0.45553058716232758 0.47388821408008108 -0.34790020209176958
1403715304.2621431  -1.4655588519373834  -2.1995110465716241 0.082438724099569177 0.66884376692792724 0.45664330787602869 0.4718907710694113 -0.34848817052120373
1403715304.3121431  -1.4725782771140112  -2.1934588619491842 0.078741547299605932 0.66970281854775571 0.45770537908306658 0.46985693691385316 -0.34819302063876822
1403715304.362143  -1.4789859327382155   -2.188198990975788 0.074383282229681713 0.67089486401724019 0.45808725143458634 0.4683662715157077 -0.34740349338322646
1403715304.4121432  -1.4854084089554247  -2.1837059271473134 0.070006169877491253 0.67233087934520031 0.45832720196937654 0.46716385483922351 -0.34592672250866791
1403715304.4621429 -1.4898787577186383 -2.1749926130184152 0.06247464701132243 0.6733257312235148 0.45837234987205111 0.46712629086889573 -0.34397714593292511
1403715304.5121431  -1.4943980246140081  -2.1715175371427118 0.057128627349514724 0.67294747127517152 0.45860334089287841 0.46973951256875845 -0.340836422581138
1403715304.5621431  -1.4988944350942781  -2.1686921631501939 0.048095775520123341 0.67318774909303059 0.45858223577392587 0.47173877386728269 -0.33761385743751593
1403715304.6121433  -1.5032571881432482  -2.1654959854209541 0.035865937209420516 0.67332259766658986 0.45827934751901661 0.4738699562179875 -0.33475959090520885
1403715304.662143  -1.5075900774241564   -2.163516995943751 0.022792278381202832 0.67347871001881632 0.45663108303615696 0.4759543762156806 -0.33373928884349241
1403715304.7121432   -1.5120705124199616   -2.1624726698894809 0.0090367003344832431 0.67391795836243262 0.45547546502287312 0.47759149198194589 -0.33208892324988348
1403715304.7621431    -1.5162701361546134     -2.160812284708415 -0.0050106399214742969 0.67488634900539402 0.45508438864289924 0.47870113299649347 -0.32904686658219645
1403715304.8121431   -1.5209636371209008   -2.1605231870465302 -0.017331725989179283 0.67577071655133991 0.45432043145521273 0.47937857550067026 -0.32729660182315723
1403715304.862143   -1.5292705879180353   -2.1639252667245974 -0.025005175168403993 0.67691835020504287 0.45375782445535962 0.47960136639454221 -0.32537349808137433
1403715304.9121432   -1.5365570999632043    -2.168016324325726 -0.029108432536934008 0.67762364403212771 0.45371077353177774 0.47993461193507608 -0.32347410915951863
1403715304.9621429   -1.5421906796452183   -2.1683299035119354 -0.031904356809673032 0.67888554719888772 0.45345430150813526 0.47924677900557866 -0.32220511333778362
1403715305.0121431   -1.5482868521432038   -2.1675972146124205 -0.032007246410866844 0.67941476054590177 0.45322387516724894 0.4792387646617835 -0.32142481014412172
1403715305.0621431   -1.5546134319532126   -2.1679701541005381 -0.030017836469864903 0.68061430491005681 0.45277824543346473 0.47793402758485048 -0.32145776346281757
1403715305.1121433   -1.5611824065229569   -2.1682578525153513 -0.026135583726124963 0.68118298915672093 0.45248905121709526 0.47729900863849195 -0.32160387150169772
1403715305.162143   -1.5679594722185115   -2.1683967333990832 -0.021879625163566774 0.68191722153597445 0.45277174263894904 0.47617199502925223 -0.3213205302967862
1403715305.2121432   -1.5736158964481362   -2.1692090020567543 -0.016224505063944926 0.68313574893477225 0.45302752790032652 0.47396152975953276 -0.32163966764043633
1403715305.2621431   -1.5797358432803914   -2.1689648216407496 -0.013057598582864231 0.68389019896645087 0.4531095225896426 0.47247443142680645 -0.32210847232590833
1403715305.3121431    -1.5856388091705482    -2.1687124485870637 -0.0098299845988446179 0.68379735154517152 0.4541094994197164 0.4718618604845724 -0.32179516649045803
1403715305.362143    -1.5915749487446849    -2.1683972802281359 -0.0077388895005974043 0.68446356811872144 0.4546601640793782 0.46986743981443913 -0.32251875622934811
1403715305.4121432    -1.5971383356036191    -2.1681716549390009 -0.0046320790025546968 0.68396379011997799 0.45615425394105036 0.46941256705545426 -0.32213145190528558
1403715305.4621429     -1.6028723090095431     -2.1674984375198081 -0.00095276294027612065 0.68275550724410805 0.45736865817077271 0.46924421240045189 -0.32321617685318205
1403715305.5121431   -1.6079623084612831   -2.1673590866495736 0.0073410184820949104 0.68150331141121911 0.45807577418156897 0.46886431671037626 -0.32540140466692991
1403715305.5621431  -1.6177258046031497  -2.1771738714876316 0.028161481700967425 0.67989659670536551 0.45962133640122899 0.4685185002602954 -0.32707684086014649
1403715305.6121433  -1.6234706164171198  -2.1790386760336271 0.042096608538552661 0.67889521063026381 0.46165004122166459 0.4672321205063541 -0.32813819952949863
1403715305.662143   -1.629114420354201  -2.1794472568989907 0.059654196863541946 0.67720749989842577 0.46316223737379197 0.46689844891045179 -0.3299645168154316
1403715305.7121432  -1.6346839348753743  -2.1797337974121005 0.079208587681105808 0.67720257317650012 0.4633444789560095 0.46450726073232207 -0.33307892973147646
1403715305.7621431 -1.6398697311860604 -2.1802401813929979  0.1001757429840535 0.67612471649465788 0.46447943125616925 0.46379477746545994 -0.3346769040144969
1403715305.8121431 -1.6447148749464349 -2.1806984966937866 0.12069514359637729 0.67573546871400814 0.46529911608570146 0.46261107473203128 -0.33596026911972754
1403715305.862143 -1.6483798893678221  -2.181449027211412 0.14062403570017146 0.67515438161062769 0.46680769187190385 0.46201375503456887 -0.33585775256803901
1403715305.9121432 -1.6519747710025026 -2.1824024904109205 0.15955681386139797 0.67518410326726996 0.46807612759242867 0.46101266393800527 -0.33540794439314175
1403715305.9621429 -1.6512367211409726 -2.1835835582337357 0.18012176724350296 0.67500457423394822 0.46880658855466067 0.46073088382615651 -0.33513618124540961
1403715306.0121431 -1.6542558757965937 -2.1835056522323102 0.20087629101434384 0.67519125531751434 0.46915631500413274 0.46035021552040639 -0.33479366765937707
1403715306.0621431 -1.6558692975548419 -2.1839447087613175 0.21757217009578211 0.67551642678327484 0.47015538170087562 0.45979682097404079 -0.3334941643055041
1403715306.1121433   -1.65762656036332 -2.1843981805121624 0.23366382779719286 0.67668559420583752 0.47061475201875919 0.45831180712948805 -0.33251864492433714
1403715306.162143 -1.6585491761963114 -2.1845234243865863 0.24866096642347957 0.67843928388529229 0.4689187195804253 0.45576130531976533 -0.33483877475807639
1403715306.2121432 -1.6586752100239737 -2.1844124231188946 0.26344614520303417 0.67987999511316488 0.46491859744643416 0.45472512151738814 -0.33887896637938447
1403715306.2621431 -1.6576896107542582 -2.1845124179897812  0.2777730175464232 0.68128920491077638 0.45948057971465567 0.45478934542036975 -0.34335006542774632
1403715306.3121431 -1.6555289037405889 -2.1849508569694329 0.29178892267654682 0.68305637915870443 0.45211996204758109 0.45565193739940363 -0.34842909573235153
1403715306.362143 -1.6520673473613303 -2.1860811205506705 0.30552561412307988 0.6849002051992753 0.44433314347631175 0.45754983261036081 -0.35231792064083406
1403715306.4121432 -1.6472038476979796 -2.1899890651216327 0.31958129581107969 0.68609552613261471 0.43553899289304021 0.46150786464410126 -0.35579376830148252
1403715306.4621429 -1.6401149489597695 -2.1928888386233307 0.33419829462552919 0.68799980876654698 0.4272948845933946 0.46589651252761061 -0.35639273891610418
1403715306.5121431 -1.6316248534097373 -2.1979647000927693 0.34787558243718997 0.69004017684435204 0.41976723531919685 0.47129600518495829 -0.35428815671680752
1403715306.5621431 -1.6201985101237151 -2.2035640588372982 0.36076474574343803 0.69229654282004849 0.41225991583007038 0.47755027981229853 -0.35030413764383017
1403715306.6121433 -1.6087224871435166 -2.2114766182433714  0.3761803155149675 0.69447437263053058 0.4033772631162264 0.48512003067264448 -0.34590560157428218
1403715306.662143 -1.5976373532407404 -2.2206190267749317  0.3905089199826049 0.69640213130654449 0.3948366008594652 0.49365429293502611 -0.33975516066759776
1403715306.7121432 -1.5837620649538362 -2.2343688534229442 0.40409468371541496 0.69816240630646387 0.3875127184747249 0.5026734913528893 -0.33124388074618588
1403715306.7621431 -1.5691736343948786 -2.2501628746408651 0.41760320995861577 0.70019569538804904 0.38074795560882274 0.51181559438371482 -0.32062716635586774
1403715306.8121431 -1.5539564225647979 -2.2667751146106578 0.43097686390627943 0.70120277783309815 0.3721985347349262 0.52245066129872519 -0.31117233426004542
1403715306.862143 -1.5396960169444256 -2.2868802931476822 0.44433569131419037 0.70198265678115856 0.36364912395615834 0.5332121168895505 -0.30110546761317541
1403715306.9121432 -1.5258050851489091 -2.3073891983204136 0.45617593197510603 0.7034614083880929 0.35604510485427576 0.54338792696815363 -0.28827676119174322
1403715306.9621429 -1.5138330387267731 -2.3317851368596747 0.46775639915150963 0.70584092451396696 0.35012566885690977 0.55188419505774411 -0.27317474358775568
1403715307.0121431 -1.5032865541337461  -2.357486870190614 0.47822849247838084 0.70846271764405444 0.3450801584925966 0.55980696333451385 -0.25615703333173484
1403715307.0621431 -1.4952398544293197 -2.3813373570639809 0.47985375215908771 0.71235591176973945 0.3393946535269326 0.56578751020587403 -0.23925889203763098
1403715307.1121433 -1.4902104002584349 -2.4102134837571501 0.48169026048937408 0.71837928763830738 0.33320187567455001 0.56817665268371009 -0.22379231551680825
1403715307.162143 -1.4863973939432529 -2.4388320284465608 0.48038649447880716 0.72586455171070574 0.32723332408240785 0.5679593070455079 -0.20847357079539003
1403715307.2121432 -1.4860362308912898 -2.4670514050414751 0.47361126296163247 0.73305254118717178 0.32062487542087886 0.56757855963215043 -0.1941345918847778
1403715307.2621431 -1.4876470965333715 -2.4953109706622376 0.46656086666190316 0.73996905865562546 0.31422478703846091 0.56677974836758804 -0.18019237576355776
1403715307.3121431 -1.4914888758181468  -2.522691858607371 0.45703034975830303 0.74683615452407726 0.30622756409959667 0.56564482754169909 -0.16883828462951628
1403715307.362143 -1.4976576762719991 -2.5486297246736056 0.44560246710228762 0.75473878675683237 0.29645641209945911 0.56273415825307516 -0.16066495145221762
1403715307.4121432 -1.5113260829908794 -2.5713384802838801 0.42691136125375651 0.76398537426285884 0.28366117807907332 0.55796575482649657 -0.15664258809190348
1403715307.4621429 -1.5197317223809377 -2.5932586769021246 0.41339536786686237 0.77239133062601661 0.27041374347237307 0.55352562614223555 -0.15458790676788209
1403715307.5121431 -1.5308235275394344 -2.6144842996332422 0.40072114158601657 0.77971214818309609 0.25779004904057801 0.54989020810979616 -0.15236146368528722
1403715307.5621431 -1.5428750897108905 -2.6341157089601248 0.38869021718036978 0.78616759295612093 0.24509046369171034 0.54705695383180752 -0.15033253026948276
1403715307.6121433  -1.555877778696652 -2.6542530650566967 0.37686417634510999 0.79148779897244825 0.2330724042467221 0.5453541439083387 -0.14769284403248936
1403715307.662143 -1.5666532434528235 -2.6719736743555353 0.36466660616311564 0.79622641953149043 0.2214036843267134 0.5443128417261105 -0.14397023212687513
1403715307.7121432 -1.5795465516897245 -2.6890368691814475  0.3532309450012952 0.80072218950076102 0.2105700266843841 0.54363880105719864 -0.13769928499573639
1403715307.7621431 -1.5881098291127063 -2.7042356591842607 0.33811154073445959 0.80432784072605623 0.19996853679219895 0.54419512889918187 -0.1300806311813941
1403715307.8121431  -1.597099149171769 -2.7206707041559155 0.32519266482154985 0.80760472877859013 0.18979871715418611 0.54494085869136621 -0.12161623884087877
1403715307.862143 -1.6053515516066437 -2.7370648951334369 0.31182341014498527 0.81037111238139337 0.17960154385656563 0.54611156710733788 -0.11315521169459718
1403715307.9121432 -1.6138577815815343 -2.7502228005989129 0.29854177756627304 0.81312230424358944 0.1696996310400733 0.54700734672526397 -0.104005366183893
1403715307.9621429 -1.6211783228877925 -2.7638355441791145 0.28580961464518817 0.81518149773817006 0.16005531765581002 0.54851708930356591 -0.094817845247587906
1403715308.0121431 -1.6287287962252477 -2.7775664985895157  0.2728043713345028 0.81682022405047372 0.14972139026717776 0.55045980943253781 -0.085919875919904395
1403715308.0621431 -1.6341103139801725 -2.7892673244894115 0.26070532398203905 0.81844495966812891 0.13958538673671678 0.55194862810156764 -0.077565970245935575
1403715308.1121433 -1.6389776513013397 -2.7999469934155039 0.24837912227125469 0.81985778396902542 0.12948986229548692 0.55338506245307095 -0.069502246596102699
1403715308.162143 -1.6430752875518904 -2.8054529900575287 0.23664781462999232 0.82131935650031496 0.12048649595153595 0.55415188306633534 -0.061912918080669219
1403715308.2121432 -1.6455897596140727 -2.8131147006156456 0.22394609607992069 0.82203950558372696 0.11238519840499084 0.55547778356803712 -0.055362897336337001
1403715308.2621431 -1.6480800508394191 -2.8203825891998733 0.21183277260942726 0.82312807999845439 0.10411367227346369 0.55603553900614355 -0.04944680501245078
1403715308.3121431 -1.6502792682971275  -2.824803381504724  0.2000767231722303 0.82395130832630759 0.096573353879694651 0.55671850679632995 -0.04292240694856473
1403715308.362143 -1.6529610783464015 -2.8281897120356718 0.18854421472846788 0.82433353452903246 0.088816500759268197 0.55780775269798255 -0.037899394108321507
1403715308.4121432 -1.6575872845679049 -2.8290744589831429 0.17777081937560488 0.82521026047747836 0.081433317028229646 0.55787613572979589 -0.03421780331439242
1403715308.4621429 -1.6578030314371375  -2.831347050936718 0.16549847205884177 0.82563169374250778 0.074798879078708455 0.55827531686372922 -0.032651256593726377
1403715308.5121431 -1.6579159317032957 -2.8315378625899279 0.15445690995968453 0.82578644206461016 0.06863174184038956 0.55882589691706297 -0.032864160556243339
1403715308.5621431 -1.6615053854348441 -2.8338037193250547 0.13695394897209801 0.82590963981950549 0.062670037065492026 0.559265699065154 -0.034170325672861927
1403715308.6121433 -1.6602626404096594 -2.8328558289062369  0.1302439226183747 0.82636730205762943 0.058489335941829923 0.55893967326466709 -0.035812306849264147
1403715308.662143  -1.658142214090768 -2.8317283837390255 0.12623276815271034 0.82647825184205193 0.055732520761050702 0.55898556883733985 -0.036915026660161644
1403715308.7121432 -1.6551750233166813 -2.8307137140324397 0.12449237561716496 0.82714916612512257 0.053381097421900274 0.55812585444346674 -0.038343787219029403
1403715308.7621431 -1.6504591009171101 -2.8294226543479049 0.12527522482773779 0.82735517985888829 0.052146740865494479 0.5578788814375768 -0.039182616346177979
1403715308.8121431 -1.6439406948037412 -2.8273468773238979 0.12888585473481148 0.82805170225597824 0.051521436433543011 0.55687279656803834 -0.039605661480318154
1403715308.862143 -1.6340868035169425 -2.8280621687535819 0.13349382798034989 0.82889332489597489 0.050811645139100164 0.55554833255815939 -0.041473881576276329
1403715308.9121432 -1.6269173421838223 -2.8273555944927895 0.13799166407204158 0.82958370885164789 0.050229061144014188 0.55439907580898096 -0.04369869753989488
1403715308.9621429 -1.6182940900177252 -2.8268809143323352 0.14251156391270142 0.82930006392643552 0.050073556655215359 0.55464583527305833 -0.046065608752718881
1403715309.0121431   -1.59196274239553 -2.8313766583948921 0.14915689561674761 0.82843239744805741 0.0502443727992576 0.55557787371262979 -0.050084849020701969
1403715309.0621431 -1.5797799800353918 -2.8318399700551278 0.15380642786940676 0.82674998716758252 0.050091892485895122 0.5577045899614006 -0.05422961701478058
1403715309.1121433 -1.5667264228544526 -2.8329166788806455 0.15790819345181778 0.82549244113864451 0.049967469359403265 0.55911287817870137 -0.05880706661199326
1403715309.162143 -1.5534497548190085 -2.8347373476110547 0.16164650763131908 0.82376845429213696 0.05074695430621598 0.56114868123974537 -0.06278883566909696
1403715309.2121432 -1.5394855372340681 -2.8372995632985796 0.16584098310943265 0.82075772079558695 0.050697481600545921 0.56490859606470989 -0.068299393891850413
1403715309.2621431  -1.524603654344054 -2.8410196343487657 0.17187267367408399 0.81591888175034855 0.050626644810975001 0.57119451985721159 -0.073825075167816695
1403715309.3121431 -1.5100943537881175 -2.8464514897411064 0.17656376560462514 0.81136499809830709 0.051993733599176181 0.5769977900122073 -0.077826999482061107
1403715309.362143 -1.4981245156843397 -2.8519132651985895 0.18180803000741463 0.80937238388634192 0.055950428491575832 0.5794188709818725 -0.077843854631186191
1403715309.4121432 -1.4840618403556682 -2.8597241694376887 0.18449424798010899 0.80883266662084263 0.061528103887497423 0.57990702471620237 -0.075576798846127419
1403715309.4621429 -1.4707801433983239 -2.8690126545359367 0.18818794428785021 0.80907573190157112 0.06732911849856206 0.57933437317355352 -0.072352843135218253
1403715309.5121431 -1.4581579865992591 -2.8785599205703014 0.19224173133570341 0.80910453585978503 0.072779657055662028 0.57897924905821851 -0.0695413598512679
1403715309.5621431 -1.4462668733789561 -2.8885611158322662 0.19641870957144358 0.80946909588080995 0.077444975186899842 0.57810689033545293 -0.067486902276496313
1403715309.6121433 -1.4341170798053211 -2.8987976920252296 0.20165371438366145 0.80948045803453461 0.081053542429708192 0.57773102405808729 -0.066321754806319702
1403715309.662143 -1.4223189724961351 -2.9086882950503115 0.20416098379682188 0.80955985994953827 0.083933081342138574 0.57724773295706067 -0.065978222246677612
1403715309.7121432 -1.4123964084944354 -2.9188826680803968 0.20812238711805095 0.81002152892075652 0.085672437645798141 0.57620677611096049 -0.067164777052563199
1403715309.7621431 -1.4035170370662098 -2.9290718706323253 0.21238373887751943 0.81063132315129127 0.086782899289164953 0.57497209891019352 -0.068939624250209081
1403715309.8121431 -1.3951836915877949 -2.9393420864254955 0.21685550511629648 0.81144016861682922 0.086952095500473767 0.57338180880761447 -0.072370485501181053
1403715309.862143 -1.3848363692871171 -2.9496669786163179 0.21916524579762728 0.81265734187249994 0.085231744935102924 0.5712492060536507 -0.077446361690619206
1403715309.9121432 -1.3778872028106892 -2.9602410742248879 0.22237389220384279 0.81409360061534342 0.083146257210362964 0.56866709109587288 -0.083402930725557309
1403715309.9621429 -1.3702945786699865 -2.9720311006974436 0.22459698714874268 0.8140324447264442 0.081012115796524994 0.56829601600186908 -0.088475161617612333
1403715310.0121431 -1.3626122540947094 -2.9844456284243654 0.22643578539167694 0.8124735625279057 0.079392235093317776 0.57007387511059882 -0.092732734870088179
1403715310.0621431 -1.3542255705917845 -2.9977699173879313 0.22804831715236845 0.80936419380169911 0.077404829798448094 0.57431649230870185 -0.095386900451937234
1403715310.1121433 -1.3396609725529773 -3.0148769156289643 0.22911983230140101 0.80607388146061676 0.075439712817338231 0.57908249408255941 -0.096006314397418122
1403715310.162143 -1.3311844178936045 -3.0315485988399402 0.23015293836914777 0.80274244974231213 0.07295392416049544 0.58432372881909989 -0.094064149760890503
1403715310.2121432 -1.3228449539089806 -3.0498451672508984 0.23135634890143328 0.80038327645438434 0.070816223725950908 0.5885805904746596 -0.089132271068573896
1403715310.2621431 -1.3156136423995259 -3.0699237459709314 0.23298467955042859 0.79866349695101368 0.069500765745374476 0.59224141306189615 -0.080971419977874048
1403715310.3121431 -1.3098787551223752 -3.0913718066491889 0.23489692826334174 0.79743452928553982 0.068420570032365582 0.595327049099453 -0.070728365668472584
1403715310.362143 -1.3044222648947117 -3.1138333329731736 0.23712159088797083 0.79702819824337912 0.065317034885951614 0.59724975416682591 -0.061420414409920875
1403715310.4121432 -1.3024661670612094 -3.1360458303449579 0.23968795291244102 0.79753347466151103 0.060854390879213863 0.59790255894796063 -0.052436913606133555
1403715310.4621429  -1.301550343981372  -3.158447023843642 0.24196636996476659 0.79879579541196422 0.054974644528409562 0.59744126586110902 -0.044350868508048459
1403715310.5121431 -1.3026125879544994 -3.1803902570653082 0.24415845679067055 0.80153263679940667 0.049472339414379944 0.5947454519059554 -0.037091336123678938
1403715310.5621431 -1.3044073650335439  -3.201918184480514 0.24637644789030336 0.8050123393867924 0.044221635982030341 0.59079970931184189 -0.030907666089819704
1403715310.6121433 -1.3074155619353958 -3.2234190681276385  0.2488720201388214 0.80896720537715694 0.039690164805900603 0.58595944463542582 -0.02546135669002474
1403715310.662143 -1.3107489004390949 -3.2438508013146374 0.25177386873858537 0.81291708253045569 0.035655115807001585 0.58091250767617464 -0.020861161816639773
1403715310.7121432 -1.3140708526762832 -3.2639738726639296 0.25420630268716349 0.81615933412885588 0.031985808954672616 0.57668283193836545 -0.017255743606255643
1403715310.7621431 -1.3182511770729242 -3.2856232326511421 0.25671416449061663 0.81864275092652883 0.028743021044251093 0.57339843189594786 -0.014564456596913945
1403715310.8121431 -1.3215661721478273   -3.30362945523264 0.25938094596393674 0.8202432290402506 0.0258437097189449 0.57128185059304137 -0.013045883050826913
1403715310.862143   -1.32508446583927 -3.3213459002963819 0.26239915686456011 0.82091809744649913 0.023159544288529416 0.5704526274045385 -0.011870664700283369
1403715310.9121432 -1.3281258375546305 -3.3385769013308129 0.26568843126072134 0.82116691757642912 0.02081932981328944 0.57020181439413176 -0.011015436704544071
1403715310.9621429 -1.3357916689186382 -3.3588579951559812 0.26728191851663963 0.82189348536605422 0.017752392660467929 0.56925832478216842 -0.010995950794156863
1403715311.0121431 -1.3399253283907657 -3.3752335492764778 0.27040465138920833 0.82309487003010096 0.014242432293113345 0.56759189400456944 -0.012305686198386821
1403715311.0621431 -1.3424190133308642 -3.3907811056381418 0.27206987622688428 0.82442713791298006 0.0097542294045008041 0.56568980204939789 -0.014825556942307853
1403715311.1121433 -1.3449179784131167 -3.4066725140954262 0.27384206192990312 0.82555560804657446 0.0065122183915666152 0.56404281129070655 -0.016469246058879592
1403715311.162143 -1.3464300257817028  -3.422621405107813 0.27575593080252897 0.82628571365498349 0.0033447345951134484 0.56293996417595338 -0.018420882002206807
1403715311.2121432 -1.3495947800176873 -3.4379591593762808 0.27121757447397982 0.82647328354386074 -0.00022968852522985099 0.56258588256785802 -0.020951934678084896
1403715311.2621431 -1.3500069483744133 -3.4544546027080298  0.2721010007494245 0.8268987568759304 -0.0023759218367883266 0.56191468151546087 -0.022015711885939447
1403715311.3121431 -1.3475418140052056 -3.4711941005692033 0.27211574058466437 0.82738314555519621 -0.0048717260331964966 0.561108611895345 -0.023885610595622664
1403715311.362143 -1.3426120729068387 -3.4897223564622446 0.27001828143600282 0.82824092180382891 -0.0066658042261884681 0.55977580204093291 -0.024971863226286882
1403715311.4121432 -1.3396694043039747 -3.5081156813647318 0.27209242733496647 0.82887171951020822 -0.0066128303674646161 0.55891185130664689 -0.023355631862544295
1403715311.4621429 -1.3367682486820704 -3.5276675848483166 0.27430095802970589 0.82938913977075868 -0.0048738591622224693 0.55830069297697038 -0.019754405802821524
1403715311.5121431 -1.3322264327742659 -3.5478136225588153 0.27739700676146406 0.82975993290937655 -0.0025724004343141539 0.55792088840526155 -0.014700978719676874
1403715311.5621431 -1.3267184946940556 -3.5681242366268462 0.28059786286928645 0.82959275266607568 -0.00081900565485352431 0.55826450108692915 -0.010767580035591362
1403715311.6121433 -1.3216056992035579 -3.5887314749678891 0.28378091203650874 0.82903106416999983 0.00032773594136456313 0.55914673979496943 -0.0078937067951115637
1403715311.662143 -1.3144580986679941 -3.6090358332417662 0.28735563210824344 0.82870315234879377 0.0010523439056104647 0.55966215555214016 -0.0053150260778679183
1403715311.7121432 -1.3073294752928124 -3.6297535306202922 0.28908788471760932 0.82820115269457117 -6.3929219639603018e-05 0.56040441692332077 -0.0054530799803079776
1403715311.7621431  -1.297806817283675 -3.6528889550246908 0.29021380548604042 0.82774813574396933 -0.001318540429560654 0.56106491186240603 -0.0061196323704554223
1403715311.8121431 -1.2882250860370021 -3.6732364574032337 0.29301694469648709 0.82734548245395856 -0.0032554675132927613 0.56164239066112964 -0.0068322475619400193
1403715311.862143 -1.2723219043263292 -3.6940939037513756 0.29196991744509204 0.82680872690005802 -0.0064993428314982851 0.56237834339668746 -0.008699801323112398
1403715311.9121432 -1.2607629922426868 -3.7145088261378838 0.29470780410178976 0.82593143991643947 -0.0083686667458625127 0.563642523322328 -0.0086213616843671265
1403715311.9621429 -1.2476553854511161 -3.7363619982899339 0.29811798581252075 0.82584296061566032 -0.0092625167393999581 0.563784921457124 -0.0066462412533499207
1403715312.0121431 -1.2341434572072263   -3.75717097698021 0.30058853901937832 0.82596114267240628 -0.0089685798803713773 0.56364757055790116 -0.0030284607308483846
1403715312.0621431 -1.2185878301948989 -3.7791135555245448 0.30239074684731487 0.82620178154776625 -0.0082564205124836549 0.5633129758349521 0.00096899101586113976
1403715312.1121433 -1.2036556299489487 -3.7999699450377977 0.30460724660328103 0.82558887509411671 -0.0083903707686471107 0.56419680243498993 0.0038182615584504425
1403715312.162143 -1.1880405455098761 -3.8206824215531783 0.30685896065253548 0.8251211171276509 -0.0082205470444050004 0.56485360014688546 0.0069264043637968734
1403715312.2121432 -1.1716850881061813 -3.8410743100385467 0.30919127158499321 0.82499138283549578 -0.00856881871760189 0.56500679002574661 0.0091170619040965468
1403715312.2621431 -1.1556962085314815 -3.8607834111964818  0.3111923605751723 0.8249908292893986 -0.0097468361758053061 0.56496820435912154 0.010298487082202684
1403715312.3121431 -1.1399440290130378 -3.8809705733117146 0.31432670985929839 0.8247671456582546 -0.012079888751638129 0.56526387204368445 0.0094861315964310678
1403715312.362143 -1.1231156362153272 -3.9001925180638808 0.31571308979947804 0.82494151776927682 -0.014596886906010036 0.56496926067501207 0.0082557643804494259
1403715312.4121432 -1.1055772771853951 -3.9196000265222191 0.31690056569883668 0.82467945806223009 -0.01688315596620496 0.56530432882105042 0.0070545241504405823
1403715312.4621429 -1.0886435082336638 -3.9397754817066764  0.3196696819000307 0.82411447449677466 -0.019185127805915237 0.56607056762072516 0.005601452447865903
1403715312.5121431 -1.0701790274235781 -3.9595359369969501  0.3229497867988424 0.82281617313511834 -0.020351610755406264 0.5679262811177237 0.0043699408155786221
1403715312.5621431 -1.0517770445901093 -3.9788956273698441 0.32296609695406964 0.821958985347233 -0.020122825813611307 0.56916597996698837 0.0053465443456693533
1403715312.6121433 -1.0335050363873333 -3.9984092969601797 0.32245078826137352 0.82010492111618971 -0.018811549386964003 0.57185810122701952 0.0072357467961561483
1403715312.662143 -1.0148972416106581 -4.0178586995593424 0.32152050084663103 0.81762368165529475 -0.016583074455393962 0.57543168748580609 0.0097411434280462797
1403715312.7121432 -0.99671867816157278  -4.0372036723790998  0.31962972389202532 0.81502736300041634 -0.014645755590126583 0.57912626491846186 0.011343222001414445
1403715312.7621431 -0.97898863789040924  -4.0563429484192532  0.31678525356132531 0.81302676825520048 -0.011844691524234157 0.5819512473488565 0.013413541378417757
1403715312.8121431 -0.96186103859342054   -4.074540133174783  0.31434970558321351 0.81133487715624641 -0.0080334200861503068 0.58430739125600173 0.016001681011187784
1403715312.862143 -0.94613520135103701  -4.0906127634056402  0.31466421978099818 0.80845871656817192 -0.0042127898319569935 0.58827710072107697 0.017515957695196201
1403715312.9121432 -0.93029848300602969  -4.1066147056672282  0.31355117783523162 0.80568736645318484 -0.00076695510218937333 0.59207328926149128 0.017790431717111227
1403715312.9621429 -0.91453030359816789  -4.1185155307870538  0.31501220456347973 0.80330690665256099 0.0027622181658373589 0.59528743160964959 0.01797936713804767
1403715313.0121431 -0.90196509753209719  -4.1327594703402957  0.31893900293520167 0.80158987680026372 0.0059804660240844465 0.59758587030003252 0.01757927914408151
1403715313.0621431 -0.8914141694768023 -4.1436448690211511 0.32605248262291725 0.80096560870400124 0.0093673003796966321 0.59837909853307636 0.017572757204499915
1403715313.1121433 -0.88261828651232366  -4.1546397031080025  0.33480901355659243 0.80150668834601735 0.012555554029468936 0.59759925442242867 0.01745043590775373
1403715313.162143 -0.87774009231350414  -4.1635720101344083  0.34691054742601168 0.80167287142467181 0.014959834211551745 0.59734891206650276 0.01646474521668178
1403715313.2121432 -0.87157561535954431  -4.1724760095440088  0.35762563419506954 0.80253518048731054 0.015690291181290703 0.59624697991125397 0.013440155860521297
1403715313.2621431 -0.86714359802165897  -4.1785446894291844  0.36944882692928055 0.80425823934053597 0.015576615753578892 0.59399610879703102 0.0097301710422921447
1403715313.3121431 -0.86469766394103975  -4.1852111111856676  0.37867526550182168 0.80633592384837294 0.015365777412655702 0.5912284388064829 0.0059332910382296844
1403715313.362143 -0.86313695702465099  -4.1910189167010596  0.38750538280974411 0.80867325493482856 0.015218936180829371 0.58805278942681638 0.0031412707578265388
1403715313.4121432 -0.86166180104583279  -4.1904965836801393  0.39800619602306531 0.81115944607572321 0.015224201859320699 0.58462427603688649 0.0017414328063888563
1403715313.4621429 -0.86139739729230014  -4.1955655006857251   0.4060675275301589 0.81308241395623615 0.01391085105049176 0.58198193499948581 0.00070969881298202375
1403715313.5121431 -0.8667925432288881 -4.1980900756531714 0.41960378749711491 0.81390643405672203 0.012371352654329325 0.5808578700724607 0.0027204796373831801
1403715313.5621431 -0.86823921414073113  -4.2017983501401623  0.42834385691005689 0.81489581731524441 0.0098646219758018686 0.579498903006472 0.0053401844247280873
1403715313.6121433 -0.87180560225150072  -4.2037556016171518  0.43764559308080619 0.81586969915000362 0.0079795628628356128 0.57809911257099378 0.0097147635087146932
1403715313.662143 -0.87384826757970979  -4.2071535198518717  0.44717025475232941 0.81622466423244999 0.0063696006736433846 0.57753052808163519 0.013971929703169612
1403715313.7121432 -0.87588963806273357  -4.2103089532330671  0.45673140676396207 0.81635697982657474 0.0047305731249586034 0.57727307587192433 0.017166800508841357
1403715313.7621431 -0.87862452555231896  -4.2122961669678363  0.46741293733015815 0.81679937100840305 0.0021663228006246087 0.57662159531840884 0.018483245879819209
1403715313.8121431  -0.882600553188849 -4.2110742089021382  0.4783280603750813 0.81675256562726861 -0.00022790982549982812 0.57665329971873591 0.019651120117684582
1403715313.862143 -0.88565425553223054  -4.2108668117282546  0.48979989199102886 0.81686159270926861 -0.0024135574202575043 0.57645337274273922 0.020804378158859518
1403715313.9121432 -0.88857091919184705  -4.2093147257921411   0.5013825812202195 0.81672968778631005 -0.0052556152184453841 0.57665070412097985 0.019974008959908498
1403715313.9621429 -0.89456774195302535  -4.2057377372430684  0.51185408201911331 0.81639920979103475 -0.0085378482706421656 0.57715474468062278 0.017658881395116333
1403715314.0121431 -0.89801371478188963  -4.2026452952570637  0.51969797985608768 0.81700876298523228 -0.011938963274738239 0.57625986273134733 0.016694698742819706
1403715314.0621431 -0.9013338300086472 -4.2004836879774645 0.52834270676160233 0.81773375306087448 -0.015236093552872912 0.57507562485170105 0.019167583563156395
1403715314.1121433 -0.90549269329199589   -4.198206762147791  0.53679074105547842 0.8182876048070048 -0.018911512638325117 0.57394353065775428 0.025230420627832508
1403715314.162143 -0.90943992980300947   -4.193618875330106  0.54120117395058898 0.81849228125579265 -0.024919614548927962 0.57305140697577117 0.032580412804482442
1403715314.2121432 -0.91109466756070601   -4.189453553958943  0.54245715201117917 0.81919242013429583 -0.031354995367700027 0.5711658662863105 0.041354519093025052
1403715314.2621431 -0.91570228489772831  -4.1868551564105765  0.54719031207179614 0.81896802711919592 -0.039155800261754602 0.57028053384347877 0.05038160955696469
1403715314.3121431 -0.91966760423163796  -4.1826058193461559  0.55254406067099604 0.81957281197294296 -0.048163313884821035 0.56793123145515534 0.058607315313246151
1403715314.362143 -0.92247193127064386  -4.1772470374548316  0.55504792515874501 0.81953239257467414 -0.057209266762658501 0.56626565948476293 0.066610511224548752
1403715314.4121432 -0.92571284766376472  -4.1704529459625643   0.5588536785473005 0.81911083391202022 -0.066698768520659271 0.56515850942185364 0.072142742350503442
1403715314.4621429 -0.9282764762146265 -4.1624087050764285 0.56217263734000078 0.8193962298767401 -0.074612079929276737 0.56303922018654473 0.077522206651638906
1403715314.5121431 -0.9317156823498165  -4.155528142797416 0.56362606455719921 0.81901152479887973 -0.082079192963034453 0.56204301063798601 0.081183634570888938
1403715314.5621431 -0.93116659434213556  -4.1461068989809524  0.56358920326843975 0.81911709596473314 -0.089796780352822694 0.56049889513978091 0.082611802326629027
1403715314.6121433 -0.9333949652876935 -4.1372138748945639 0.55947285936036095 0.81846539684830488 -0.096743165305395964 0.5601951093990466 0.083286214549768312
1403715314.662143 -0.93416336224361929  -4.1263359456944659  0.56036384795991523 0.81749680321246121 -0.10189919146847014 0.5604997792771742 0.08459035965000905
1403715314.7121432 -0.93203260322602022  -4.1148311078438127  0.55578051565147712 0.81688127755680384 -0.1059890685239008 0.56044174917234568 0.085885630435139707
1403715314.7621431 -0.93103948071262599   -4.102491502041075  0.55603959858448149 0.81611654399321942 -0.10867434898617231 0.56074881385500464 0.08777494091824109
1403715314.8121431 -0.92928732587495544  -4.0896037685565805  0.55636097909162463 0.81460208100955889 -0.11058540881945911 0.5623319235607166 0.08931475082892934
1403715314.862143 -0.92744360289685557    -4.07637660576576   0.5566477374270099 0.81395916411684155 -0.11139346806683707 0.56273342685406358 0.091613671050437273
1403715314.9121432 -0.92581416828974183  -4.0626950270615367  0.55479531333216192 0.81320548223332412 -0.11245587286999502 0.56344031982954457 0.092658115203660615
1403715314.9621429 -0.92359303473564858  -4.0481821303247134   0.5543200952726467 0.81241930108905502 -0.11358493434610709 0.56437688998262558 0.092477391621419713
1403715315.0121431 -0.92066814248001216  -4.0325580246062307  0.55349332044835597 0.8117141780432684 -0.11451023047212693 0.56537459966204728 0.091427907871401912
1403715315.0621431 -0.91740781888921108  -4.0167465553181279   0.5522305783666972 0.81001119901739149 -0.11597201752126482 0.56780637650862686 0.08960059940981914
1403715315.1121433 -0.91104255838566583   -4.003571892653369   0.5498439168630328 0.80948235680778147 -0.11637648366929285 0.5686436248981539 0.088539572668824382
1403715315.162143 -0.90697432112074061  -3.9874646341371358  0.54734607778923805 0.80975768186725905 -0.11696576629072178 0.56831824811765042 0.087326256243308281
1403715315.2121432 -0.90254116116961725  -3.9712128862064779  0.54492859629383983 0.81018296413932078 -0.11715187934345121 0.56784198730420199 0.08622342627810714
1403715315.2621431 -0.90212779151441158  -3.9569160660297062  0.54664768925558815 0.81020513027024677 -0.11747337327360149 0.56777986626627797 0.085986492649375301
1403715315.3121431 -0.89728098032176673  -3.9414059980737317  0.54597691544857541 0.8102529386759364 -0.11905180704687791 0.56723774521929315 0.086937811131950246
1403715315.362143 -0.89264249106104232  -3.9257434846324815  0.54586094848931888 0.80965079482544677 -0.12192392987356619 0.56713219503832446 0.089225663985873185
1403715315.4121432 -0.8891895196057763 -3.9097839597836814 0.54545572620906901 0.80902808912959023 -0.12633910943890214 0.56671712399989072 0.091343756167575882
1403715315.4621429 -0.88456699273782602  -3.8947454373398549   0.5453820690828084 0.80816513091359665 -0.13196728798058285 0.56626350454319907 0.093805114470979306
1403715315.5121431 -0.88196680166976527  -3.8799849168883997   0.5476226769899506 0.80685582126327726 -0.13817167601522307 0.56616518094747947 0.096691569039987699
1403715315.5621431 -0.87836957396318827  -3.8646141147040458  0.54841876210416751 0.80538262652631321 -0.14462587893954026 0.56616457837335044 0.0994979910644887
1403715315.6121433 -0.87557743867045856  -3.8492694929339746  0.54922388536057387 0.80392842247999319 -0.15144379019172102 0.56587706444064489 0.10269867516786232
1403715315.662143 -0.87393220585246056  -3.8334778199721993  0.55025553907832803 0.80203611446114431 -0.15865810533455491 0.56587639396364575 0.10653442385642499
1403715315.7121432 -0.87423450414774706  -3.8155176226619623  0.55422302528836764 0.7992875087676572 -0.16849529512062081 0.56667779473696678 0.10781971434879335
1403715315.7621431 -0.87332779111393088   -3.800598649110762  0.55577732611179531 0.79647043645413163 -0.17941576812045612 0.56719013230922466 0.10835211034103644
1403715315.8121431 -0.87492973359860748  -3.7849729447895033  0.55747909862391132 0.79393302424327328 -0.1905651699347802 0.56688593400259235 0.10952445778759648
1403715315.862143 -0.87504646898201111  -3.7712525160034547  0.55854137213183908 0.79172033837430844 -0.20088499537719007 0.56576208106145831 0.11286005524447079
1403715315.9121432 -0.87574876242910127   -3.759203750960959  0.55930622666699814 0.78995037998212358 -0.21017401298467897 0.56376789090540247 0.1181991819603207
1403715315.9621429 -0.88215027493598508  -3.7467123214823626  0.55775860634186603 0.78759248319529762 -0.21878205284972715 0.562239517524735 0.1253763083627743
1403715316.0121431 -0.88519617611253421  -3.7353980390290333  0.55644142435242028 0.78591888133203525 -0.22731114040677672 0.55951652403854224 0.13267409973540523
1403715316.0621431 -0.88866208700829585  -3.7251820682554082  0.55479608326940921 0.78397625754069622 -0.23470530591475244 0.55697081215917998 0.14169742901933635
1403715316.1121433 -0.89224613344345682  -3.7161084326566947  0.55150448458440071 0.7823991401313497 -0.24169843977884745 0.55359346779854024 0.15155105456902049
1403715316.162143 -0.89624166897965374  -3.7076647376794347  0.54716180822400473 0.78097526326377753 -0.24874302369475809 0.54957225715278157 0.16178652756413101
1403715316.2121432 -0.9014608838990702 -3.6995934985261152 0.54118320270763931 0.77986151672233173 -0.25595555775672951 0.54473148229241963 0.17196040064063969
1403715316.2621431 -0.90613628942164026  -3.6925597672083579  0.53499592752581127 0.78007442047926756 -0.26331310187750134 0.5373477223367964 0.18277728029774643
1403715316.3121431 -0.90731314466590851  -3.6861512523916837   0.5285396522457213 0.78048520768287788 -0.27172223865810752 0.52913083547956674 0.19243290922172682
1403715316.362143 -0.91373508924661517  -3.6789049063901578  0.52060881753933275 0.78178627167931458 -0.27930333756888881 0.5197460029719535 0.20165307692002724
1403715316.4121432 -0.91483312748459644  -3.6703295814290708  0.51322057774845764 0.78280155087037817 -0.28604715489069549 0.51132911966380057 0.20962177491308462
1403715316.4621429 -0.91575645071957423  -3.6616298045034315  0.50657995551878832 0.78250491711939418 -0.29219972977155728 0.50549317065823218 0.21629153248170921
1403715316.5121431 -0.91247864671529078  -3.6547290317224803  0.49898533413525309 0.78100380661555291 -0.29846530102120561 0.50237612773894058 0.22038544511007252
1403715316.5621431 -0.90631798068097247  -3.6484924116175583  0.49088256105949196 0.7783737069040032 -0.30364344025376178 0.50177191121417575 0.22396424426201303
1403715316.6121433 -0.90318845121379177  -3.6394781300874333   0.4830156083331516 0.77487735660909973 -0.30869698764600106 0.50305303018226799 0.22629383742651299
1403715316.662143 -0.89588798765529398  -3.6318423979628061  0.47435195678682812 0.77082152907116919 -0.31246243978390509 0.50584931955673385 0.22873097723890312
1403715316.7121432 -0.88748641853997123  -3.6231438657199302  0.46643276940073125 0.76666158036828269 -0.31677955938998381 0.50861104923526912 0.23064156723299825
1403715316.7621431 -0.87480824093057152  -3.6155820553353077  0.45790161483774705 0.76257068097182124 -0.32141076914708461 0.51060156373301135 0.23338191256362598
1403715316.8121431 -0.86633254038692464  -3.6022272069388013  0.45024441890567779 0.75871295635091174 -0.32615061689507041 0.51170846876089271 0.2369279805396721
1403715316.862143 -0.85474828483787357  -3.5968880714922684  0.43960500065427027 0.75447778775427821 -0.33181790232958047 0.51240872400212334 0.2410341200857736
1403715316.9121432 -0.84356404774273219  -3.5907287609151379  0.42948039097043544 0.74971233920516245 -0.33861248594019644 0.51291007797609245 0.24534923011797388
1403715316.9621429 -0.83104709835679136  -3.5831141771575981  0.41923900367728573 0.7443237715820451 -0.34527022609492869 0.51309858169583611 0.2519929354008914
1403715317.0121431 -0.8189841975561829 -3.5739667548886724 0.40989318041558837 0.73768139228301932 -0.35328703696297586 0.51402080959363239 0.25845123388758284
1403715317.0621431 -0.80567304825835706   -3.566486460925419  0.39740714760965545 0.73191169295590164 -0.36305802841979312 0.5128886787616509 0.2635134624881369
1403715317.1121433 -0.7932346125348988 -3.5574003881716796 0.38660079158275584 0.72702686993604615 -0.3734446958974193 0.50949107138956884 0.26905359628034847
1403715317.162143 -0.78087064590659383    -3.54852477224604  0.37586947166271056 0.72248939630055209 -0.38443178596241162 0.50480885575129109 0.27457110796674644
1403715317.2121432 -0.76882911367653062    -3.53788235508225  0.36629240075705777 0.71779275518844488 -0.39558305178732023 0.49953067428481523 0.28063626847962725
1403715317.2621431 -0.7564444623493759 -3.5278427546236908 0.35677287069591068 0.7129098930228478 -0.40581865595565542 0.49402690025374285 0.28811130615471431
1403715317.3121431 -0.74382715520988874  -3.5177683479216939  0.34752524247906713 0.70734761168956417 -0.41647708313824094 0.48882098028113491 0.29539845073175797
1403715317.362143 -0.73113951239595087  -3.5070065938131854  0.33860207329978748 0.70099574779959228 -0.4280414440428188 0.48411415795307006 0.30169349647948801
1403715317.4121432 -0.7162301628841472 -3.5005730785385256 0.32957504459422038 0.69360035505916895 -0.44017040859863027 0.48059599906289674 0.30691374120531939
1403715317.4621429 -0.70181996958567217  -3.4921740415626989  0.32180422369178208 0.68654627370748866 -0.45210095758907698 0.4762981978198374 0.31208807243945841
1403715317.5121431 -0.68844745517790695  -3.4817960645727632  0.31401303599767127 0.67938886925224307 -0.46308922776188111 0.47213273976054576 0.31791478026864978
1403715317.5621431 -0.67525683107080603  -3.4716049084263929  0.30656541530051484 0.67200504030932617 -0.47311530362779752 0.46813583300705586 0.32468442698538524
1403715317.6121433 -0.66164582280097062  -3.4616086593166608  0.29952917527428446 0.66452617626992849 -0.48303005442989116 0.46431709099009066 0.33090265424143123
1403715317.662143 -0.64841937646981995  -3.4517681161544247  0.29270366497235245 0.65648901719346631 -0.49320045003680302 0.46124890729693779 0.33619180820661398
1403715317.7121432 -0.63609667378767265  -3.4430427278099596  0.28569362774709151 0.64866123703915279 -0.50300080030075511 0.4577305387284975 0.34163071930807887
1403715317.7621431 -0.62360823296044232  -3.4326809758294803  0.28017822264394471 0.64048346983651927 -0.51327430951705877 0.45471697507590292 0.34577865844175476
1403715317.8121431 -0.61151686108522285  -3.4236542555041543  0.27343248637549594 0.6309835364591021 -0.5248887589042498 0.45357569141549597 0.34730485117613347
1403715317.862143 -0.59812503584177379  -3.4180725795447353  0.26777386907387096 0.62172667223408207 -0.53698290050732145 0.45149396180862328 0.34822192930059964
1403715317.9121432 -0.58843603602030548  -3.4132047477147465  0.26132959143519613 0.61346099319352598 -0.54682619230064133 0.44866689012048194 0.35120470804590609
1403715317.9621429 -0.58100292040401813  -3.4067834453508348  0.25721800179509074 0.60604099913416765 -0.5555391261978756 0.44479569396656471 0.35531306936357238
1403715318.0121431 -0.57359962049347524  -3.4000926169126893  0.25186161705438215 0.59913014377216467 -0.56356494507511978 0.4405885074360712 0.35961005355979342
1403715318.0621431 -0.56635369392227697  -3.3923753834461161   0.2465465784234124 0.59234916473165566 -0.57023053610714647 0.43807853456058243 0.36338244356314037
1403715318.1121433 -0.56044274163725005   -3.385869253853468  0.24096288894762088 0.58647956791564104 -0.5762864764881408 0.43605669759142041 0.36577338601930981
1403715318.162143 -0.55519705569558442  -3.3801443181693007   0.2363259481566683 0.58191170317097884 -0.58073701278033363 0.43375294565637251 0.36875693055730507
1403715318.2121432 -0.55239552396146008  -3.3745978612035645  0.23091804111509726 -0.57893729256192139 0.58420446764810086 -0.43063484740526292 -0.37160513917506244
1403715318.2621431 -0.5471689683727784  -3.369551523186352 0.22597363661561129 -0.57611186455677343 0.58724582273257631 -0.42834003854275504 -0.37384792975386216
1403715318.3121431 -0.54677476935502067  -3.3650770939363182  0.22039587226072574 -0.5741519062731355 0.58976828524919533 -0.42523476494244133 -0.37642841672952243
1403715318.362143 -0.55094603346138005  -3.3565564856970469  0.21457279866860682 -0.57165530769713724 0.59210226875456462 -0.42221933357613789 -0.37994203093618201
1403715318.4121432 -0.55402546745286996   -3.352299497781873  0.20902369345841385 -0.57037789118983684 0.59406292935232596 -0.41763954672124398 -0.38384307500024273
1403715318.4621429 -0.55778256548006222  -3.3463662427720027  0.20423051898957578 -0.56995711484201506 0.59545144920299431 -0.41097094791451566 -0.38947315549760897
1403715318.5121431 -0.56480534393445614  -3.3414781083812217  0.19767690057428786 -0.56970250814639756 0.59692323998029606 -0.40342958080625924 -0.39543175278879117
1403715318.5621431 -0.57429356644114515  -3.3409292578049081  0.18983503749894196 -0.56885729502569127 0.59995998816089824 -0.3957978036224804 -0.39974177808886691
1403715318.6121433 -0.58130875152706907  -3.3378369616067975  0.18299118337787745 -0.56832444373975644 0.6046734515523019 -0.38695753429832785 -0.40204627878576493
1403715318.662143 -0.58854159472224143  -3.3355008401093724  0.17585780001772566 -0.5672190092736682 0.61074876753658258 -0.37794623652968817 -0.40299526146617237
1403715318.7121432 -0.59612452926054804  -3.3340527696545785  0.16805807554101654 -0.56583639100450533 0.61808195149161038 -0.36874976894743822 -0.40227787380929858
1403715318.7621431 -0.60320485989070571  -3.3340343833762267   0.1610131240540898 -0.56203023339928504 0.62549656672198406 -0.36229366255656609 -0.40201910879397873
1403715318.8121431 -0.61061609674870843  -3.3344711966402305  0.15583637866416419 -0.55839776894381621 0.63195854426787801 -0.35471995694557373 -0.40372525572463652
1403715318.862143 -0.6176222519760366 -3.3364590470123119 0.15076883405434738 -0.5529640513938221 0.63739830615184312 -0.34973584610361325 -0.40698770882064933
1403715318.9121432 -0.62532597456086203  -3.3430458305152366  0.14479267223463385 -0.54743885134613757 0.64152219060317639 -0.34576616700002555 -0.41134625409578485
1403715318.9621429 -0.6324194057589686 -3.3589456263842297 0.14057241774711948 -0.54207629441257976 0.64476535440196292 -0.34268176079028678 -0.41593285470194119
1403715319.0121431 -0.6406810448751592 -3.3711184375339633 0.13533962285249598 -0.53549220886074722 0.64813035734999713 -0.34017277876997509 -0.42125718357639519
1403715319.0621431 -0.64924115012385586  -3.3856459336144584  0.13015710991059576 -0.52886799157521436 0.65099104741195413 -0.33709701652078394 -0.42763875541100393
1403715319.1121433 -0.65638719912974086  -3.4005684437761037  0.12636311492799226 -0.52239623855520945 0.65280886715008302 -0.33391657725440144 -0.43524989643686224
1403715319.162143 -0.66410339570141419  -3.4173097716665422  0.12217613686953474 -0.51576229787623673 0.65465648725348036 -0.33028305790727935 -0.44308829531570171
1403715319.2121432 -0.67113868821587563  -3.4350199558690098  0.11825545322485898 -0.50858651652845133 0.65732137187411577 -0.32660922359201522 -0.45010530362083817
1403715319.2621431 -0.67751372773388052  -3.4543543512139401  0.11462032499277609 -0.50157024017014507 0.66097611511758081 -0.32197789738978688 -0.45592554547007508
1403715319.3121431 -0.6829097437644972  -3.475115432284194 0.11147585379796045 -0.49478336899259556 0.66446826008513693 -0.31683473691343467 -0.46183016206476002
1403715319.362143 -0.68740234065634631  -3.4967411160299102  0.10836276931702725 -0.48777426580403904 0.66827894422851208 -0.31132613561743677 -0.46749925732739867
1403715319.4121432 -0.69085531236825193  -3.5192671580094705  0.10538923791123589 -0.48020614775230697 0.67213487743209799 -0.30686093822855842 -0.47272944354008345
1403715319.4621429 -0.69029051437472588  -3.5400815079041745  0.10293034557264766 -0.47172797654097365 0.67659982034283794 -0.30396490393808095 -0.47675018241686223
1403715319.5121431 -0.69197125976079144   -3.563538497420927 0.099322377559216413 -0.46268674878896765 0.68156881430441585 -0.30102403649143961 -0.48038469305044273
1403715319.5621431  -0.6928540687198641  -3.5877439244134401 0.095780031052421666 -0.45454014722772862 0.68629350560765023 -0.29694833221758465 -0.48395884815979129
1403715319.6121433 -0.69202705215760107  -3.6133144825940855 0.093714663577472962 -0.44624819007474315 0.69090080184091152 -0.29400295844819457 -0.4869095350209427
1403715319.662143 -0.69037516157150847   -3.637568922108918 0.095403528029166754 -0.44083014503588075 0.69410660766699961 -0.29017330976541206 -0.48957558223469499
1403715319.7121432 -0.68773319200915417  -3.6630744157871882 0.098435282124642018 -0.43593758640522029 0.69695993840144421 -0.28830779614222957 -0.49100293248233962
1403715319.7621431 -0.68422313038350546   -3.689344024501183  0.10440430252795715 -0.43336076374709737 0.69908886339236942 -0.28592322280097943 -0.49165142142416207
1403715319.8121431 -0.68005204684404508  -3.7166134593318532  0.11398101173393045 -0.4310877283423013 0.70061218907415967 -0.28537161145702533 -0.49180176328253306
1403715319.862143 -0.67546237728508052  -3.7443302741161459  0.12623396231656786 -0.4292436723411413 0.70181659641414651 -0.28455085089429927 -0.4921728842673927
1403715319.9121432 -0.6716792182018656   -3.77321024476309 0.14015672083713818 -0.42700693815334523 0.70368745214230655 -0.28381011532463168 -0.49187484475808857
1403715319.9621429 -0.66636148261488837  -3.8019087013379456  0.15609702551792282 -0.4251841945790597 0.70474987754704077 -0.2825555117769693 -0.49265443623501698
1403715320.0121431 -0.66066111367510783  -3.8313115023086524   0.1718120310485601 -0.42238972918369511 0.70609799987034905 -0.28096463495367985 -0.49403583388714117
1403715320.0621431 -0.65572121536097139  -3.8590165248361887  0.18780074746618952 -0.41890314368651493 0.70794143801939025 -0.27865007833534838 -0.49567450044186961
1403715320.1121433 -0.64925884440964476  -3.8889597012295942  0.20274215813367605 -0.41473055665836911 0.70933768178349643 -0.27513280036811283 -0.49913982082924885
1403715320.162143 -0.64227777209928993  -3.9188586983769671  0.21662430547506673 0.40927879317677363 -0.71185022314286195 0.27067164188698339 0.50249078752294174
1403715320.2121432 -0.63549092295100795  -3.9527067832746035  0.22778314496560517 0.40176018771714295 -0.71440228866827593 0.26654407615419379 0.50712165895189587
1403715320.2621431 -0.62592567819340283  -3.9831300219721024  0.24184781474450082 0.39222297841907577 -0.71635213804963438 0.26237031541546857 0.51396747669533949
1403715320.3121431 -0.61693905380691161  -4.0140084144476678  0.25492192594773255 0.37957022636638987 -0.71901132972347093 0.25992892503540604 0.52094731491331447
1403715320.362143 -0.60644278639477578  -4.0442753228378736  0.26744846818481272 0.36493491028067199 -0.72343271799166531 0.2575821693478485 0.52642097206673477
1403715320.4121432 -0.59430533583374412  -4.0735183257069556  0.28000927373155421 0.34984101370640691 -0.72946794184116615 0.25395830715600753 0.53008769574603576
1403715320.4621429 -0.58217006648976455  -4.1024838630814564  0.29351656573890084 0.33445361524138723 -0.73590532588793822 0.24889716223960226 0.53351132435104587
1403715320.5121431 -0.57133308497500024   -4.128107132038541  0.30395323685794717 0.31910968068524048 -0.74319488794069688 0.24300579359185565 0.53551709077542187
1403715320.5621431 -0.55752242305943478  -4.1524413216659521  0.30891843567416627 0.30346416346187477 -0.75017519428001389 0.2371464676792602 0.53750184394900224
1403715320.6121433 -0.54458745779442086  -4.1772891140492519  0.31814973868333557 0.28766880832869529 -0.75694923338038744 0.23205495051296859 0.53891095251629095
1403715320.662143 -0.53028116725413643  -4.2003413223858042  0.32901726480003674 0.27140966876012573 -0.76320916513387427 0.22772622525233366 0.54036036891272576
1403715320.7121432 -0.51669268774731525    -4.22233981736606  0.33724646806220981 0.25582562184399832 -0.76889275190501882 0.22426868820237039 0.54135084997443816
1403715320.7621431 -0.50419390917548068  -4.2432370763300566  0.34557327214284361 0.24051949764154174 -0.77369477385294572 0.22321071070736509 0.54196286477249778
1403715320.8121431 -0.49057264298461573  -4.2624418192237519  0.35379719946079585 0.22709519467791917 -0.77750323370391328 0.22293448285099593 0.54241746882831399
1403715320.862143 -0.47719632148676178  -4.2795643452000167  0.36081265472857654 0.21603751584381273 -0.78181716869472417 0.22236526272168408 0.540965245109994
1403715320.9121432 -0.46455105760924009  -4.2942783160272491  0.36717243132764443 0.2076891283948801 -0.78620329420956769 0.22069263109451642 0.53855767444274605
1403715320.9621429 -0.45316813013384738    -4.30654774198337  0.37330594744091372 0.20201810361785499 -0.78963891162172883 0.21745751330015953 0.53700214615288855
1403715321.0121431 -0.4430393472377156 -4.3163800206135923 0.37903461146782846 0.19878027469741347 -0.7924930971942431 0.21270358626291833 0.53590883336775685
1403715321.0621431 -0.43563148822073056  -4.3242129983804389  0.38590682254693859 0.19697616851283656 -0.79442547460186286 0.20778885695360305 0.53564199356241904
1403715321.1121433 -0.42855786681823638  -4.3299739842884524  0.39130074359562406 0.19599276399273913 -0.79571087741262925 0.20315071913013458 0.53587388567331706
1403715321.162143 -0.42326905389403424   -4.333293435904868  0.39580987443926369 0.19554594357302549 -0.79665143125225191 0.19914325596952576 0.53614386561605798
1403715321.2121432 -0.41916891955121377  -4.3355870915226093  0.39991368692451995 0.19587678837650679 -0.79769409166052729 0.19523865790289158 0.53590884146976825
1403715321.2621431 -0.41600607086868163  -4.3362752797369044  0.40368391144441246 0.19603050737566294 -0.79845248959962656 0.19265560386608768 0.53565798820627286
1403715321.3121431 -0.41392432650080158   -4.333934042151812  0.40692630422161441 0.19570427086651912 -0.79914869665774613 0.19190353385301762 0.53500862861224352
1403715321.362143 -0.40947481417756021  -4.3297410065556434  0.41107442191060717 0.1955231128473304 -0.79962659910753697 0.19171920994109531 0.5344265701495079
1403715321.4121432 -0.40968336437477471  -4.3253695627784117  0.41426734721708403 0.19498526758146129 -0.79938187224765256 0.19263598923938052 0.53465946489124161
1403715321.4621429 -0.41125973686599449  -4.3194689261699919  0.41737950496114429 0.19500640754385881 -0.7985830802508378 0.19344378454957756 0.53555304795422387
1403715321.5121431 -0.41413539216599371  -4.3121410270995071  0.42024974135676796 0.19651472885116492 -0.79815118149411601 0.19341819125204271 0.53565479192936216
1403715321.5621431 -0.41140442108804559  -4.3055640124752514  0.42947030574121886 0.19881711698286125 -0.79817400535080352 0.19369195407897741 0.53467133652548293
1403715321.6121433 -0.41630980622472596  -4.2957098670546419  0.43295675447420823 0.20234822495711946 -0.79753442840186128 0.19251304407251624 0.53472680803598471
1403715321.662143 -0.42324542305825752  -4.2842402913042079  0.43812096490060365 0.2043983942124194 -0.79639648086854975 0.19109644567930248 0.53614931703053725
1403715321.7121432 -0.43097117454302974  -4.2706084261802006   0.4431326805238216 0.20363985540297816 -0.79391533028915839 0.19103354989736659 0.54012539325319731
1403715321.7621431 -0.43988391778220737  -4.2568943193240045  0.44808466454380835 0.20198712761491902 -0.79230802429946656 0.19060219306302909 0.54324948127735395
1403715321.8121431 -0.44797803704465722  -4.2387029805452094   0.4533414581213614 0.19725978559467799 -0.79066914943748756 0.19274757048413937 0.54660703177639736
1403715321.862143 -0.45774202554017523  -4.2217157487806851  0.45887282419172326 0.19114700371512225 -0.7881659618851109 0.19615010413131359 0.55116456357944854
1403715321.9121432 -0.46839401229420047  -4.2025860484324484  0.46423399008370719 0.18612408695629076 -0.78616031118020302 0.19746990554487442 0.55526158320545815
1403715321.9621429 -0.47918731829682432  -4.1806477898703127  0.46890635159036004 0.18160468351255107 -0.78635777078562374 0.19625222310638507 0.55690776631069938
1403715322.0121431 -0.49000926936693689    -4.15612990132073  0.47307125275840101 0.17801450437276631 -0.78884659399647417 0.19233847465914297 0.55591168231912025
1403715322.0621431 -0.50088513414821667  -4.1296074567688246  0.47727863110705243 0.17420638572093228 -0.79277222506347356 0.18912616241668259 0.55262612047522497
1403715322.1121433 -0.51255871238586592  -4.1008544826119477  0.48229683655471162 0.17259840256655037 -0.79631350981331595 0.18321360392546243 0.55002487294386693
1403715322.162143 -0.52426929127011146  -4.0669502024002648  0.48459622377363054 0.17482993924935111 -0.79866829427545238 0.17360133025271715 0.54902279205484239
1403715322.2121432 -0.53726576439120122  -4.0345513223646297  0.48960070121150234 0.17768265519339016 -0.79998130393611455 0.16309591577223503 0.54941651745694442
1403715322.2621431 -0.54668574019679828  -3.9968964086719612   0.4942253269224301 0.17881642360649252 -0.80131043680669134 0.15296204317769002 0.55002625742791555
1403715322.3121431 -0.56053250088189599  -3.9623776211962443  0.49816578205994777 0.17835848837378723 -0.8036066884549613 0.14323776365304464 0.54944288416462628
1403715322.362143 -0.57508845129995478  -3.9280737044052314  0.50025355776382052 0.17610852317284045 -0.80607032531638712 0.133809581095272 0.54893662176732461
1403715322.4121432 -0.58971155889590365  -3.8912496097967937  0.49952314258387392 0.17227739028682465 -0.80863312519297048 0.12416279527839069 0.54864976980334845
1403715322.4621429 -0.60415747917941443  -3.8559679299547462  0.49593582542361836 0.16730173222353245 -0.81151165415071591 0.11557044594277806 0.54781606182838594
1403715322.5121431 -0.61939970753019469  -3.8214603565302547  0.49042889523481592 0.16198159234055967 -0.81413199500176536 0.10823972860881001 0.5470239662098485
1403715322.5621431 -0.63493967396301076  -3.7883336141347268  0.48060433018347298 0.15691571508923327 -0.81682539735614146 0.10306513924843801 0.54548263552904819
1403715322.6121433 -0.65077513329567349  -3.7562495629946238   0.4693402179971744 0.15325151210568325 -0.81874058859791998 0.097962542069507164 0.54459265783788635
1403715322.662143 -0.66802273001150914  -3.7249674304645466  0.45784294652057361 0.15007857634319755 -0.82049775291893823 0.094406769079933964 0.5434585727814587
1403715322.7121432 -0.6856424186314567 -3.6955703801019939 0.44579831145050453 0.1474574507258743 -0.82132036272775 0.091792387654724569 0.54338137579680479
1403715322.7621431 -0.70310628063116898  -3.6663060621862318  0.43534901536269049 0.14523447849903962 -0.82117251720192175 0.089952878063520245 0.54450998427527586
1403715322.8121431 -0.7206804172192377 -3.6374602681373918 0.42757806201925419 0.14411512894483161 -0.82136443547223625 0.088144724997347434 0.54481354719365338
1403715322.862143 -0.74170660131478872  -3.6118624708920226  0.41899040507258156 0.14381792215571881 -0.82165165740998791 0.086298975357552321 0.54475448230782653
1403715322.9121432 -0.76242816185662865  -3.5863095775168494  0.41726102633265533 0.14423372444593138 -0.82088308213628858 0.084278505343676965 0.54611787347780372
1403715322.9621429 -0.78519520889357119  -3.5640876657592191  0.41422926220615652 0.14429549983007078 -0.82013387635108381 0.082815534308644578 0.5474493774471838
1403715323.0121431 -0.81012322889196264  -3.5474503345161481  0.41338347271993325 0.1448692797782562 -0.81960525802803741 0.081670297934177127 0.5482609554077934
1403715323.0621431 -0.83399955901928113  -3.5281611626576743  0.41629215638774808 0.14538290589561531 -0.81932807577076783 0.081375343423163243 0.54858305516109407
1403715323.1121433 -0.86038175939597272   -3.512476841397401  0.42073097472189935 0.14615266267767274 -0.81901182216318458 0.080723670452798019 0.54894692218628438
1403715323.162143 -0.88694029371975192  -3.4975510866066171  0.42392075505673105 0.14723594460206255 -0.8188721731481603 0.079927997118837094 0.54898220001865194
1403715323.2121432 -0.91481123156008026  -3.4849162988658846  0.42469768473397013 0.14895529820758072 -0.8182174362073984 0.078628596867700476 0.54968180793682764
1403715323.2621431 -0.94509498606791154  -3.4754946942241607  0.42487675434427874 0.1498935748091067 -0.817366560401381 0.077620250355569784 0.55083474736376348
1403715323.3121431 -0.97435008380088295  -3.4658518640261819  0.41964190689150155 0.15085541724151638 -0.81699951838702545 0.077218544527604488 0.55117304580802473
1403715323.362143 -1.0047336602428356 -3.4594619527932515  0.4147698622961955 0.15047049616004105 -0.81672272556136649 0.078008183554762453 0.55157714114659462
1403715323.4121432 -1.0330053974697528 -3.4523066524600128  0.4107016451933726 0.15060065981411586 -0.81646992865284529 0.077963820308650317 0.55192204122688471
1403715323.4621429 -1.0627553490809649   -3.44751241457754 0.40876575801012821 0.15051032680619411 -0.81693642816221113 0.078096642500363522 0.55123717971162989
1403715323.5121431 -1.0988222001334995 -3.4487250044972431 0.40537762961957513 0.15036716270378028 -0.81707497425676812 0.078084300357046846 0.55107263120342587
1403715323.5621431 -1.1327454784780453 -3.4496541887296592 0.40960310307295528 0.15041391384204275 -0.8174228966146857 0.078159267672711807 0.55053300672134164
1403715323.6121433 -1.1646759562922395 -3.4507981026584189 0.41786459996209291 0.14907900623108308 -0.81382439165006304 0.079903949024409046 0.55595023912834329
1403715323.662143 -1.1971314603052121 -3.4534291833029966 0.42854131380044963 0.14692693795953954 -0.80804784210670533 0.082623633886768078 0.56448604490445664
1403715323.7121432 -1.2290408812919609 -3.4566517556185401 0.43940946901757361 0.14504539096384819 -0.80165338643061967 0.084318878582244891 0.57376302538512947
1403715323.7621431 -1.2607338917875488 -3.4595592594868974 0.44688290607022979 0.14325997353653441 -0.79445182263693581 0.086046562960878009 0.58388258279707383
1403715323.8121431 -1.2899554250713006 -3.4643510976879122 0.45589887813787439 0.1416570598721705 -0.78819558021145453 0.088120308548566728 0.5923814783944602
1403715323.862143 -1.3168494366201744 -3.4701124700269683 0.46529106799911829 0.14009759000746819 -0.78268676091013711 0.089812423521857865 0.59975647403861154
1403715323.9121432 -1.3432056308224065 -3.4794521971757817 0.46948900912173336 0.13907554630292732 -0.77701617239117615 0.091045859878658431 0.60713632049323485
1403715323.9621429 -1.3641710855843383 -3.4870418869326087 0.47883100139527579 0.13767938242645433 -0.76979173885597429 0.093613712669575647 0.61619926910374034
1403715324.0121431  -1.383965125644556 -3.4939925969691563 0.48612768185058952 0.13627936507639241 -0.76430941917318407 0.096525352407669074 0.62284982360124397
1403715324.0621431 -1.3979553443152672 -3.5012755867414134 0.49418909883659834 0.1353396313830596 -0.7621680894553009 0.098855803347565926 0.62530833813220621
1403715324.1121433 -1.4075252769982132 -3.5098046002703769 0.50046395467584071 0.13467000821571248 -0.76401876578911398 0.10129844145769219 0.62279847476330696
1403715324.162143 -1.4138351553015922 -3.5166941463331489 0.50650739584827675 0.13410264849750292 -0.76780634453175034 0.10333297849957795 0.61790953425008099
1403715324.2121432  -1.417095839239727 -3.5235651139471411 0.51216532777687096 0.13307221812725709 -0.77158607074153129 0.10584910903463299 0.61297853658746548
1403715324.2621431 -1.4174606563160526 -3.5303151718835499 0.51802099442086269 0.13165576933975959 -0.77498356371628829 0.10916503234639185 0.60839972886414839
1403715324.3121431 -1.4165713827624411 -3.5373558968181871 0.52220517387099663 0.12953322625576988 -0.77823196312724008 0.11384487912113854 0.60383399901031332
1403715324.362143 -1.4177043746077989 -3.5421097717249306 0.52681279100436118 0.12577221240410541 -0.78254829015790428 0.12020823685852951 0.59778717278750693
1403715324.4121432 -1.4120580330341597 -3.5466208414080476 0.53167595501836107 0.1233474640870483 -0.78908301240981638 0.12522474575338102 0.58860187366380767
1403715324.4621429 -1.4079857534710154 -3.5533690716719986 0.53554147653306805 0.12206822258742833 -0.79662984643103951 0.128179439644903 0.57797081938617234
1403715324.5121431 -1.4006432838829777 -3.5553933897696748 0.53974768832004283 0.12120763622381837 -0.80293027599720557 0.1297621453443476 0.5690109545902593
1403715324.5621431 -1.3967751430629234 -3.5555382655503589 0.54465849358562812 0.12113932257075496 -0.80811357887079305 0.12974774879087081 0.56164332975246689
1403715324.6121433 -1.4008658653381836 -3.5547129975993674 0.55293943159786674 0.12131216141607143 -0.8112233789012161 0.12898416692487388 0.55728186198668928
1403715324.662143 -1.3971540847039088 -3.5531287652787715 0.55857572937233024 0.12224522411775654 -0.81265681474738971 0.12715137768963142 0.55540753845861235
1403715324.7121432 -1.3974691751771662 -3.5517791381132633 0.56788297516291131 0.12330407473624966 -0.81295334060996705 0.12523069752762378 0.55517586721801682
1403715324.7621431 -1.3959640207862969 -3.5482580605952592 0.57316967526255158 0.12517586034175412 -0.81255377634965065 0.12215768801971585 0.55602595603559857
1403715324.8121431 -1.3951582549454538 -3.5442195672077688 0.57807845566402349 0.12901598859221497 -0.81131070161916163 0.11663283611723643 0.55814568139962084
1403715324.862143 -1.3904276145539014 -3.5392202909711297 0.58675356248470212 0.13334665344482835 -0.80896508158772273 0.11067667720420481 0.56173378028196796
1403715324.9121432 -1.3900145380088256 -3.5351719255476959 0.59157187281680423 0.13718925209798916 -0.80574901759643158 0.10589015112944614 0.56633462338529417
1403715324.9621429 -1.3895358673146825 -3.5315238966464864  0.5957686008874794 0.13921716930128225 -0.80229742244620672 0.10394133078890733 0.57108110235039478
1403715325.0121431 -1.3851637404484274 -3.5264437741811703 0.60169656010951811 0.14020878337395012 -0.79892720959852692 0.10349026292208344 0.57562711568186775
1403715325.0621431 -1.3830590819868114 -3.5234764354262698 0.60559462551208165 0.14067450691488828 -0.79635810542138163 0.10385131697092784 0.57899857944327016
1403715325.1121433 -1.3781154756113958 -3.5212219547407573 0.60950004275930236 0.14047058558189515 -0.79385390534786593 0.10583599159494163 0.5821191754557965
1403715325.162143 -1.3736095481740702 -3.5185377095294017 0.61228937371525094 0.14081989187144278 -0.79250531855093986 0.1068356240732921 0.58368761127049706
1403715325.2121432 -1.3658497805466396 -3.5112268906027935 0.61817366882404934 0.14102291286411425 -0.79133163231190251 0.10832908904343984 0.58495435225059988
1403715325.2621431 -1.3586806386386301 -3.5078985315359166 0.62047600335501862 0.14106803993577802 -0.79138281269474442 0.10984469198321403 0.58459147746366069
1403715325.3121431 -1.3501793846065617 -3.5045924969826978 0.62267021443086268 0.14125228271800169 -0.79224690624517069 0.11126434183941104 0.58310623252281579
1403715325.362143 -1.3404706945980136 -3.5008132485574044  0.6248338128041081 0.14156725452585026 -0.79417959061506871 0.11211195471563468 0.58023133309597708
1403715325.4121432 -1.3298758366706536 -3.4967456258882321 0.62681866206143333 0.14123114271717999 -0.79694554446646881 0.11416618970311615 0.57610558460278383
1403715325.4621429 -1.3181525178450926 -3.4919947145666757 0.62755799261262524 0.14075944729648301 -0.80035963776337371 0.11591632839031261 0.57111700469219007
1403715325.5121431 -1.3068367799540785 -3.4873836052103795 0.62883207601392987 0.14007281865713367 -0.80345999974793247 0.11757697578601697 0.56657505155408361
1403715325.5621431 -1.2955459992850791 -3.4813252840465849 0.62709329686933302 0.13816177381953318 -0.8056745041887714 0.12029679304309439 0.56331926927699238
1403715325.6121433 -1.2849501059433261 -3.4763506177283827 0.62919703717090936 0.13432134981057259 -0.80713162473255395 0.1255107867097624 0.56101992634945697
1403715325.662143 -1.2750461521652037 -3.4704250543943735 0.63071411824369505 0.1303423655587328 -0.80832729187090446 0.13075363701427839 0.55903608413477368
1403715325.7121432 -1.2719447275387621 -3.4600970543508529  0.6269424699000179 0.12756262451848088 -0.80965569730392084 0.13443317638166818 0.55687803847628459
1403715325.7621431 -1.2649864807424835  -3.451992891274148 0.62702586687519024 0.12547279607603418 -0.81120091741616129 0.13660694057214165 0.55457027761642586
1403715325.8121431 -1.2582711090176957 -3.4417240121264943  0.6259729162183576 0.12501203686625389 -0.81256770800363654 0.13647571305165651 0.55270253328106733
1403715325.862143 -1.2532936479638657 -3.4301368083371684 0.62613936623681044 0.12521275570798793 -0.81355331161580136 0.13536373363323892 0.55147931473795475
1403715325.9121432 -1.2481840237714958 -3.4170761836147037 0.62614889726885548 0.12563234881604335 -0.81443554503728099 0.13376479177234965 0.55047092238636086
1403715325.9621429 -1.2465058236593249 -3.4060941710699386 0.62223788561443261 0.12675673576145044 -0.81531749602242642 0.13163423250185138 0.54942018478799193
1403715326.0121431 -1.2438406302498652 -3.3910540125988704 0.62105231924928539 0.12785187416326194 -0.81536241569200174 0.12862341283671341 0.54981273813916076
1403715326.0621431 -1.2424678898491865 -3.3750159488932687 0.61952357339730091 0.12951623132702134 -0.81470892873630474 0.12455421518728212 0.55132672231560531
1403715326.1121433 -1.2450610241533855 -3.3597055049976983 0.61461761027796469 0.13189267373013722 -0.81382463715032882 0.1190102503465988 0.55329046882798483
1403715326.162143 -1.2457143558120796 -3.3428145138616792 0.61157802894092472 0.13445138448319732 -0.81243031955869782 0.11348283111171895 0.55587898693436222
1403715326.2121432 -1.2461880843175144 -3.3262070196887823 0.60803954145100325 0.13636653737764054 -0.81122678961241157 0.10885811298996595 0.55809065082210141
1403715326.2621431 -1.2477831573327143 -3.3093521063014539 0.60330471922053264 0.13808633400511341 -0.8094196835660169 0.10463558767736753 0.56109119936809693
1403715326.3121431 -1.2493386977089178 -3.2957937327832774 0.59953229227366811 0.13884607796862117 -0.80690274301044596 0.10230827570249348 0.56494490587820378
1403715326.362143 -1.2507447178689901 -3.2799077565577628 0.59494936390922271 0.13873001811241781 -0.80307584149082734 0.1006753484035504 0.57069050203429139
1403715326.4121432  -1.252044487751903 -3.2648579243952041 0.59055023135452078 0.1376472522521513 -0.79890379546249068 0.10046876105496168 0.57681191700166934
1403715326.4621429 -1.2532920300696948 -3.2506279272477125 0.58621525338318703 0.13627646407467034 -0.79565271073920496 0.10076286887755855 0.58156025783079801
1403715326.5121431 -1.2534097581727721 -3.2366362879020443 0.58204781538841344 0.13523108578890936 -0.79233086309691925 0.10074992292907024 0.58632227473483389
1403715326.5621431   -1.25207812250936 -3.2228142238508002 0.57761563093216728 0.13419427462011116 -0.79001090450885747 0.10050656892074815 0.58972289850408399
1403715326.6121433 -1.2486074471317066 -3.2089174721566862  0.5724376558733284 0.13393786416124281 -0.78802688917207808 0.099448346262818829 0.59260804661368915
1403715326.662143 -1.2436590603677482 -3.1947407987768535 0.56878677861680915 0.13294908323495583 -0.78740213288896521 0.099078892378195046 0.5937219850014005
1403715326.7121432 -1.2372349144971817 -3.1805924734421396 0.56405471885114344 0.13204422900805143 -0.7877799371657952 0.098351380881980796 0.59354367831132082
1403715326.7621431 -1.2296164198729411 -3.1668301905422069 0.55855690854389728 0.13022735407886746 -0.79020714698417738 0.099022092745665286 0.5905998021105433
1403715326.8121431 -1.2298658470465045 -3.1496014047090655 0.55532784903105392 0.12791483384621011 -0.7939637920374456 0.10058930332192825 0.58578245473283475
1403715326.862143 -1.2204468916623223 -3.1350635600735655 0.54909728381617962 0.12525770182934082 -0.79769177986135531 0.10220520339587753 0.5809926237680324
1403715326.9121432 -1.2110643157489325 -3.1188145782672709 0.54259641570782235 0.12384565927624644 -0.80152781351992253 0.10284638361299694 0.57588022904952429
1403715326.9621429 -1.1999687483422912 -3.1036357984904712 0.53696849498082855 0.1213620061578836 -0.8043389927843535 0.10417367717173846 0.57223936698946531
1403715327.0121431 -1.1888214373473229 -3.0882827919578508 0.53137715968053256 0.11848717065963875 -0.80667306835869645 0.10647354765078605 0.56912453366947335
1403715327.0621431 -1.1826267085129327 -3.0738310371203497 0.52586309795099528 0.11574204343449541 -0.80847003825564356 0.10881444597842095 0.56669162069941992
1403715327.1121433 -1.1724645496652026 -3.0572568721178017  0.5206056504808515 0.11341151408918822 -0.81024452177419692 0.11062688866953194 0.56427239424784903
1403715327.162143 -1.1626725469845387  -3.039916100047765 0.51532104955753821 0.11193696116306162 -0.81205142577412404 0.11172517771376105 0.56174734827021677
1403715327.2121432 -1.1553972359190545 -3.0190735073717225 0.51161464938899492 0.11059637635418196 -0.81380475595279878 0.11310723591544733 0.5591931812079769
1403715327.2621431 -1.1470899851907781 -2.9995379121534342 0.50688160713746444 0.1089790767670762 -0.81547657202157364 0.11397857766622252 0.55689353124643493
1403715327.3121431 -1.1409314836006892  -2.979858622957468 0.50342969986419328 0.1071343923546476 -0.81675722323387168 0.11504155438535849 0.55515340315510686
1403715327.362143 -1.1351304895771988 -2.9585885391620006 0.49952397512116525 0.10550804370142285 -0.81799076336673948 0.11588432382928215 0.55347085492519643
1403715327.4121432 -1.1284617661438199 -2.9359218120661468 0.49672406946447517 0.10403331609738514 -0.81886466948585346 0.11711099749613361 0.5521980953200275
1403715327.4621429 -1.1248491714413245 -2.9126461004980118 0.49273008145107672 0.10442797001437804 -0.81940175071941146 0.11707653032271127 0.55133352523153811
1403715327.5121431 -1.1224027015455234 -2.8882497526021393 0.48889129063746983 0.10539891996536004 -0.8194807436456033 0.11813714759481819 0.5508048591128667
1403715327.5621431 -1.1213790102457966  -2.862456761961357 0.48511290101611992 0.10959231810662962 -0.81905538921771381 0.11704827242710461 0.55085160899035679
1403715327.6121433  -1.121942706299063 -2.8359317232275072 0.48129191463718912 0.11547246761406453 -0.8182683183693894 0.1154939511094594 0.55114808865964182
1403715327.662143 -1.1240606003814628 -2.8094659294500639 0.47785831122287636 0.12212778147852343 -0.81739988942666864 0.1150981568988319 0.55108496625737824
1403715327.7121432 -1.1267604541417242 -2.7823049272094593 0.47386616226930567 0.13012288367106903 -0.81616218062146717 0.11538796520253039 0.55102898975893888
1403715327.7621431 -1.1316202050588027 -2.7562305584166569 0.47204686892170988 0.13831885604997962 -0.81473882227030969 0.11807123669575266 0.55057036663059644
1403715327.8121431 -1.1360911189410376 -2.7292705787550076 0.46783622752797072 0.14739404132205697 -0.81348029823450652 0.12115792369749885 0.54940473104293619
1403715327.862143 -1.1413414741652048 -2.7026143091326977 0.46325374805862568 0.15673290135056692 -0.81183033350110356 0.12586885692547714 0.54820008947280752
1403715327.9121432 -1.1455752255230953 -2.6772213507138134 0.45843954878301135 0.16670310830798168 -0.80919975298675528 0.13074476752040745 0.54800697004022347
1403715327.9621429  -1.152080900251351 -2.6514791244035898  0.4536892261275543 0.17667787045498881 -0.80606457777743656 0.13531634111620777 0.54839248205176494
1403715328.0121431 -1.1587081291482766 -2.6263145716148504 0.44903595791461598 0.18563507238414803 -0.80255617929327627 0.13859936365045691 0.54975759692322501
1403715328.0621431 -1.1665263083428243 -2.6008199612009157 0.44428990446058325 0.19253927813449523 -0.79949515965930007 0.14180511588145767 0.55102397875831532
1403715328.1121433 -1.1749961126258313 -2.5756405356319441 0.44009588601037014 0.1981579754430049 -0.79588128905247169 0.14407283543579763 0.55366904247392701
1403715328.162143 -1.1834847157309245 -2.5508111107932945  0.4373111873238319 0.20245581966374901 -0.79245246947903758 0.1453595015338284 0.55668782995022581
1403715328.2121432  -1.192051932080483 -2.5265931996765132 0.43468091972755174 0.20575754962629089 -0.78874474045234244 0.14553993181312189 0.56068145450726592
1403715328.2621431 -1.1998688402616178 -2.5027215614979812 0.43242903809128591 0.20758538599544388 -0.78544872861914372 0.14576979069588822 0.56456157357029746
1403715328.3121431 -1.2040361107611621   -2.47828446619403 0.42977472428277169 0.2087205758188071 -0.78258597035529809 0.14487016568275379 0.56833753644113083
1403715328.362143 -1.2097911538116657 -2.4550103079901042 0.42769586228121947 0.20880575809089394 -0.78076862471577002 0.14303312701417839 0.57126354218003284
1403715328.4121432 -1.2116110727976455  -2.431195551155473 0.42533012850183666 0.20825253368613142 -0.77938783609281481 0.14117230765281927 0.57380821074279187
1403715328.4621429 -1.2139589384469289 -2.4087176433570958 0.42386006472910348 0.20725858213978168 -0.77909014890730188 0.13891129295096005 0.57512265882653091
1403715328.5121431 -1.2165129384204016 -2.3886928196537589   0.423743528872014 0.20581291728841583 -0.7796046073341707 0.13696744498740918 0.57541082568386426
1403715328.5621431 -1.2159746346835862 -2.3674455218352128 0.42134655813599942 0.2046004662472406 -0.78184578009195826 0.13495729536129286 0.57327336741957036
1403715328.6121433 -1.2142357592858377 -2.3472439647238161 0.41860828864370453 0.20518527669960557 -0.78476071462130026 0.13319285211244908 0.56948159510112695
1403715328.662143 -1.2113788072050049 -2.3282588440583001 0.41589054273260562 0.20692670977426084 -0.78783375359968433 0.13229196921571396 0.56479921065105898
1403715328.7121432 -1.2074667790075007 -2.3106755059672506 0.41349640713290647 0.20930923450738562 -0.78937319101263836 0.13351853237534161 0.5614734287326445
1403715328.7621431 -1.2014281447887836  -2.294861453128473 0.41017982724209517 0.2128192071142706 -0.79110575675061912 0.13717877596253608 0.55681383796086092
1403715328.8121431 -1.1957504370166563 -2.2807051732850865 0.40748744650650831 0.21815792666312273 -0.79114186517682694 0.14250078457534701 0.55334907119646426
1403715328.862143 -1.1827902006423869 -2.2627325028468741 0.40684657997270479 0.22481058676019258 -0.78950767190723403 0.14972493510825782 0.5511082288325817
1403715328.9121432 -1.1761303589554433 -2.2513923777618943 0.40468945073998697 0.23328681117944819 -0.78719877947317318 0.15803992995331986 0.54856059452536388
1403715328.9621429  -1.169361468945312 -2.2411786012735768 0.40253706978821574 0.24378472122685785 -0.78379598611436041 0.16707846253306327 0.54618462922801891
1403715329.0121431 -1.1613658830224911 -2.2318801600415901 0.40085417311376847 0.25543841347490531 -0.77950639496397467 0.1772738600076407 0.54377842517856734
1403715329.0621431 -1.1530663406661432 -2.2235711569884926  0.3983565937812496 0.26804750755814433 -0.7752331985056754 0.1876806708815679 0.54031471144507193
1403715329.1121433 -1.1449750408586714 -2.2154547422753583 0.39550753317457971 0.28059699973584329 -0.77050399227897759 0.19970147057659121 0.53638441837076845
1403715329.162143 -1.1346614331399918 -2.2069182694384786 0.39256811987133472 0.29411254269715825 -0.76568822279323956 0.21093816157451475 0.53171839322662762
1403715329.2121432 -1.1250004180450726 -2.1985548936477635 0.38893141636694206 0.30751830479247855 -0.76097007232759173 0.22085866713311453 0.52685718215801536
1403715329.2621431 -1.1115473240817066 -2.1888531498670205  0.3858456823528934 0.32019100722298066 -0.75669048760228463 0.22957475682495831 0.52172086012973584
1403715329.3121431 -1.1033647591872295 -2.1820111813004219 0.38196656187699418 0.33084449056402149 -0.75265409821418561 0.23745463521773003 0.51736740109755552
1403715329.362143 -1.0954214870508314 -2.1751500053908415 0.37748031705311758 0.33951980831304895 -0.74932242154964257 0.2441197044779326 0.51346643338358267
1403715329.4121432 -1.0928047725911743 -2.1636009687690367 0.36992857851725297 0.34647857522164993 -0.74622386426690068 0.25024445169238874 0.51037266355882083
1403715329.4621429 -1.0863719141815744 -2.1569048398668147 0.36246323823992244 0.35235873788956634 -0.74417178336735834 0.25447528196730052 0.50724156724422775
1403715329.5121431 -1.0807040318139338  -2.149615540736177 0.35522102366975056 0.35716217530533456 -0.7421788840621123 0.25729141176518439 0.50537789228987617
1403715329.5621431 -1.0745054849425508  -2.142492178139114   0.347052452205388 0.36070771890292186 -0.7413496617833546 0.25997949561220862 0.50269402459028512
1403715329.6121433 -1.0698720769949774 -2.1433453891691379 0.34022113669681947 0.36384126795175481 -0.74050265875340848 0.26032789030111753 0.50150247621099742
1403715329.662143 -1.0647163368615409 -2.1372922205758944 0.33348735978809502 0.36543189757426026 -0.73939687784661834 0.26147892240096704 0.50137865770889922
1403715329.7121432 -1.0598487742458689 -2.1315576942698349 0.32621334566206966 0.36622850862245243 -0.73804408038818425 0.26225686443503149 0.50238327194766297
1403715329.7621431 -1.0547624234755755 -2.1259971953738979 0.31773162700447022 0.36590662311069816 -0.7369109643316889 0.26353342449232958 0.50361166387089507
1403715329.8121431 -1.0498561699632283  -2.120746164766238 0.30818027407502507 0.36546578215293302 -0.73608521483920097 0.26446241141816779 0.50465131676966823
1403715329.862143 -1.0437358122517204 -2.1163911813466765 0.29945182972238399 0.36474425559068169 -0.73584197349924696 0.26518770961549482 0.50514720302028915
1403715329.9121432 -1.0391265387587174 -2.1120833584078675 0.28875769713330784 0.363950681145155 -0.73554128728678436 0.26537072743856549 0.50606056298550339
1403715329.9621429 -1.0462756828476041 -2.1296348729318826 0.29328598359149488 0.36386467589132221 -0.7356858262659921 0.26498253485795936 0.5061157168969147
1403715330.0121431 -1.0426735722450644 -2.1278179514543361 0.28245048513971854 0.36384099722791408 -0.73527813432374789 0.26668730564519522 0.50582968964790098
1403715330.0621431 -1.0390052283873967 -2.1264358083681802 0.27083740778797472 0.36450790015643725 -0.7343038131129368 0.26913241971316632 0.50546972355491504
1403715330.1121433 -1.0391362384572842 -2.1281524889422245 0.26238081133277791 0.36604003846480926 -0.73403874730325558 0.27009464581685594 0.5042327736266411
1403715330.162143 -1.0369396429545146 -2.1274754523463364 0.24998007588631321 0.36884581778304754 -0.73319973623335788 0.26938136190389667 0.50379022554044395
1403715330.2121432 -1.0364822222607957 -2.1290780765016089 0.23825065758896177 0.37167494814368096 -0.73295402868655135 0.26785316651512314 0.50288249715253364
1403715330.2621431 -1.0339802271035015 -2.1276868985135318 0.22744993032243818 0.3740213577788481 -0.73349994854409906 0.26603620270528672 0.50130887510717637
1403715330.3121431 -1.0326605343598381 -2.1280431566288738  0.2163464211466338 0.37592932454203948 -0.73370495755998066 0.26426021866805088 0.50052044416865438
1403715330.362143 -1.0340086993407041 -2.1282095337342652 0.21017200869980454 -0.37721214196453884 0.73411763075128988 -0.26329972162715959 -0.49945526402841889
1403715330.4121432 -1.0331389276107115 -2.1296040489514119 0.20066250250724574 -0.37715787854665339 0.73418776209782177 -0.26372957528037339 -0.49916628067049357
1403715330.4621429 -1.0322931425042745 -2.1311580652913045 0.19354064743386803 -0.37627923104015876 0.73357794282083022 -0.26528794399382383 -0.49989963879374372
1403715330.5121431 -1.0350286098433021 -2.1311105863607538 0.19379140467973435 -0.37493279028383719 0.73374481230401511 -0.26753641411439605 -0.49946793721892946
1403715330.5621431  -1.035464810385708 -2.1320718757745407  0.1919305281299494 -0.37513445236165499 0.73330941248258374 -0.26769554961032527 -0.49987052417060474
1403715330.6121433 -1.0358521635379574 -2.1341032826739448 0.19392969798817583 0.3736221915554348 -0.7324315422014761 0.26969203326878244 0.50121522438672139
1403715330.662143 -1.0361442603408324 -2.1358447552116133  0.1993785190477107 0.37070585988697863 -0.73096095074288348 0.27336860676298946 0.50353039508154585
1403715330.7121432 -1.0364661603687637 -2.1362713680415824 0.20960919144206197 0.36765038177756082 -0.73008379187851069 0.27776784381417224 0.50463440088635947
1403715330.7621431 -1.0363863204637995 -2.1370464207187729 0.21854795727728499 0.3650512770280166 -0.72988691008936279 0.28361239828339807 0.50355403996031645
1403715330.8121431 -1.0360943164910585 -2.1374700042508841 0.22753233064129139 0.36428733916538697 -0.72938798884439304 0.29031176059279756 0.5010059659473568
1403715330.862143 -1.0357030430724878 -2.1373474724946799 0.23639013404987938 -0.36720417652238563 0.72805185197378408 -0.2951361089957566 -0.49799223964727102
1403715330.9121432  -1.035375380724044 -2.1367046145373907 0.24450820525954287 -0.37158816919784465 0.72616199428453321 -0.30135451663064622 -0.49375747677904924
1403715330.9621429 -1.0353237899786067 -2.1359377569645615 0.25369199522302505 -0.37751497890214486 0.72289592975281003 -0.308184666265095 -0.48982254636797345
1403715331.0121431 -1.0360711574108701 -2.1339392279246749 0.26199906192550182 -0.38480782686642639 0.71914961310219816 -0.31528013124772208 -0.48512391117910941
1403715331.0621431 -1.0378866312880675 -2.1330705793208748 0.28020786700260103 -0.39293728536352573 0.7153022686290611 -0.32288412880254824 -0.47925858743759731
1403715331.1121433 -1.0403729891432567 -2.1288149967142913 0.29097506022145686 -0.4022596076186018 0.71063514039294218 -0.32965283014585828 -0.47382899541296325
1403715331.162143 -1.0442706780136444  -2.123822214701069 0.30301575547398113 -0.41402166972105231 0.70556762026243447 -0.33332209867238038 -0.46867554744752471
1403715331.2121432 -1.0480103655000772  -2.117821843734919 0.31610519301579998 -0.42485041399405704 0.69998929711527225 -0.33666512420539235 -0.46494483952068255
1403715331.2621431 -1.0547152402885622 -2.1118289858201282 0.33139629073915083 -0.43485672773041345 0.69456344565386352 -0.3383402947079221 -0.4626090047610249
1403715331.3121431 -1.0615301905224541 -2.1040150393082531 0.34793801913793643 -0.44443006953173098 0.68949233988968572 -0.33774141031902094 -0.46153327754906864
1403715331.362143 -1.0727457781092287 -2.0982323484650856 0.36650721730363983 -0.45330959485529926 0.6843304786876746 -0.33640032680822851 -0.46155934317760222
1403715331.4121432 -1.0840310462769627  -2.092837196558031 0.38719872569832725 -0.45976505856770783 0.68039346089458219 -0.33588656475539774 -0.46136866485376193
1403715331.4621429  -1.094744489939727 -2.0851232004078852 0.40475947726956368 -0.46369814989628405 0.67733572012979726 -0.33703165616312242 -0.46109653085113883
1403715331.5121431  -1.106047384731079 -2.0777606349955744 0.42548057450743465 -0.46717677414380021 0.67501331806058629 -0.33752683661039895 -0.46062839329464644
1403715331.5621431 -1.1177883923950038 -2.0706395475419828 0.44625031621012728 -0.46933142780283765 0.67297848083026846 -0.33896215097048193 -0.46036141826330113
1403715331.6121433 -1.1295102727787998 -2.0731976116515916  0.4562779420053098 -0.47063330824512906 0.67229653786129873 -0.34004097194768379 -0.45923174078762374
1403715331.662143 -1.1410758777662311 -2.0678803502491383 0.47487551393222605 -0.47190615227627819 0.67071144717050857 -0.34044491476803063 -0.45994347270814584
1403715331.7121432 -1.1536483279557603 -2.0620916159140643 0.49255306136289162 -0.47362189600223764 0.66854487225427228 -0.33897969918115067 -0.46240979331413484
1403715331.7621431 -1.1664046453024994 -2.0564597697199924 0.51016586003999631 -0.4753651475762502 0.66723536413537332 -0.33648022711706532 -0.46433393379785826
1403715331.8121431 -1.1796610842800141 -2.0492516728365255 0.52347043939273663 -0.47566293329696135 0.66648581709746557 -0.33521750167728054 -0.4660157251257695
1403715331.862143  -1.192405957535621 -2.0439506048418266 0.53924806889371502 -0.47469300200596981 0.66659378368580691 -0.33502684540613809 -0.46698639622071619
1403715331.9121432 -1.2049862879973916 -2.0388754462602705 0.55383210468037936 -0.47376961351185348 0.66731815607925327 -0.33405321494689977 -0.46758665663538218
1403715331.9621429 -1.2172960113464437 -2.0340167124952764 0.56616955079841336 -0.47248741494007651 0.66999518891496712 -0.33368282602422811 -0.46531479792773212
1403715332.0121431  -1.229302013926443 -2.0294804713962304 0.57584699835720432 -0.469742724427967 0.67273692980356115 -0.33463883289213553 -0.46344756731054138
1403715332.0621431  -1.241087516038843 -2.0253812574257544 0.58061518885512287 -0.46802837812511927 0.67569870379138697 -0.33315363511736251 -0.46194085592454048
1403715332.1121433 -1.2535353626448498 -2.0214062104019814 0.58454922331820081 -0.46644189286760068 0.67846976764808953 -0.33122094689463943 -0.46087245448589759
1403715332.162143 -1.2644761380445362 -2.0086992779957615 0.57456598813555571 -0.46294208165494932 0.68240897701132786 -0.33217293175566887 -0.45789055519433802
1403715332.2121432 -1.2772277250517148 -2.0053779424046461 0.57537763456761248 -0.45863299222897053 0.68614179017871813 -0.33516608186663799 -0.45445452993188573
1403715332.2621431 -1.2902781162399584 -2.0027961151657316 0.57709415732290847 -0.45453798321396338 0.68814388789906811 -0.33984796251815219 -0.45205815304582031
1403715332.3121431 -1.2994524545164265 -2.0019444827677897   0.572647637127077 -0.45184729440032168 0.68865083490589463 -0.34432302152830024 -0.45059483682366475
1403715332.362143 -1.3136794543686439 -1.9996383975852339 0.57428456589801635 -0.45173295511889799 0.68909691998463241 -0.34703164581304635 -0.44794174725239577
1403715332.4121432 -1.3274886656579363 -1.9973061601896223  0.5749403916440361 -0.45369030899198753 0.68861585825604843 -0.34801845086355088 -0.44593324740769791
1403715332.4621429 -1.3417842204926116 -1.9939599229507787 0.57642460391112149 -0.45663234464458974 0.68811502550615744 -0.3473077751847452 -0.44425434470950032
1403715332.5121431 -1.3592634000641215 -1.9928187362100191 0.57929857418749742 -0.45944662832388211 0.68820683182955522 -0.34695334424149771 -0.44147879820505964
1403715332.5621431 -1.3726465619790447 -1.9886267863085207 0.57723928057838025 -0.46240128605811048 0.68767453225616992 -0.34561752216134678 -0.44026959549021139
1403715332.6121433 -1.3922964404425067 -1.9889576177190789 0.57985837098753146 -0.46370026286931759 0.68644158334327632 -0.34612982597688047 -0.44042497935666197
1403715332.662143 -1.4131357342450848 -1.9900383257740812 0.58307661378433584 -0.46438256952178059 0.68474265350190699 -0.34740670226233061 -0.44134443558600378
1403715332.7121432 -1.4338018857845014 -1.9946711597537787 0.58434222940937419 -0.46557663039033287 0.68250789940600309 -0.34846167363097524 -0.44271416342047198
1403715332.7621431 -1.4567645000713521 -1.9973679111297027 0.58800888808514773 -0.4676550874147713 0.68086260833484336 -0.34851160841380813 -0.44301747887343756
1403715332.8121431 -1.4808535688114655 -2.0008304282592109 0.59169123354242559 -0.470636506767176 0.67828929907264324 -0.34837875365659271 -0.44391119524316031
1403715332.862143 -1.5059527233437615   -2.00533473841198 0.59508773156017014 -0.47434294861468779 0.67548174740487132 -0.34820180329920197 -0.44438573357115019
1403715332.9121432 -1.5303376385490166 -2.0119036616686263 0.60057002501340206 -0.47594571071855585 0.66946520978160107 -0.35227838586382093 -0.4485442589019133
1403715332.9621429 -1.5562546989713399 -2.0182861943079176 0.60584652723807364 -0.47654948402941688 0.66102723954012921 -0.35894426018548031 -0.45508526227197399
1403715333.0121431 -1.5820179299953834 -2.0243208354638824 0.61167685756092804 -0.47716802462399166 0.65206384044011856 -0.36653315064426445 -0.4612774368487042
1403715333.0621431 -1.6080836578320785 -2.0293257326130552 0.61673696516068022 -0.47791459849824752 0.64422679178219566 -0.37351312733941439 -0.46589421653140201
1403715333.1121433 -1.6342886082093415 -2.0328430159718862 0.62068310753031508 -0.47898815287696539 0.63803143616721403 -0.37847641336464216 -0.46929930789694518
1403715333.162143 -1.6602958509603736 -2.0343952241799865 0.62327023838986351 -0.48064056001448352 0.63327838819183302 -0.38149372647769325 -0.47159905828604132
1403715333.2121432 -1.6861646797414824 -2.0346848965933479 0.62446561730488503 -0.48238671296182611 0.63030190063473623 -0.38297795669630558 -0.47259968038377531
1403715333.2621431 -1.7117363597836146 -2.0321174943734701 0.62427102435081827 -0.48468549508277803 0.62943782251589642 -0.38288911033601336 -0.47146996471557512
1403715333.3121431 -1.7363438485925931 -2.0289566895050566 0.62292784230753651 -0.48720615991207594 0.62991222408329328 -0.38187056373675876 -0.46905822692448096
1403715333.362143 -1.7604107515442129 -2.0243823186829175 0.62075140433421472 -0.48983611648761799 0.63080175263241367 -0.37967203541714639 -0.46690349472070242
1403715333.4121432 -1.7836746067787073 -2.0171692228610243 0.61927668911957379 -0.49220698232230531 0.63215734081226216 -0.37751773990041121 -0.46431642128060141
1403715333.4621429 -1.8065287443457922 -2.0100291221817375 0.61551122116904067 -0.49381109720082117 0.63340626711603398 -0.37592856626098231 -0.46219564486093412
1403715333.5121431 -1.8295525286780467 -2.0012717089164225 0.61232604950040259 -0.49406652001282469 0.6339524851728302 -0.37572336862104005 -0.46133986454420761
1403715333.5621431 -1.8518463069590558 -1.9935525283268485 0.60839214174377942 -0.49345887573164948 0.63403275962423 -0.37660428568631493 -0.46116158739387719
1403715333.6121433 -1.8735956104203335 -1.9837308767620263  0.6049412339921536 -0.49316508402579756 0.63328567107211697 -0.37711464635284886 -0.46208441027449987
1403715333.662143 -1.8988177583275183 -1.9793445047591458 0.60141420468414597 -0.49408479416410217 0.63462136960589599 -0.37608788838031126 -0.46010198177033773
1403715333.7121432 -1.9195957013406413 -1.9675497151233123 0.59631563428918855 -0.49590734394425212 0.63705702585925539 -0.37392804626906967 -0.45652170620783589
1403715333.7621431 -1.9406002694548372 -1.9552249909780022 0.59080274831133128 -0.49846875032653376 0.64083153948283322 -0.37050418859124429 -0.4512100278011445
1403715333.8121431 -1.9671899271893998 -1.9450474907835804 0.58686956399164592 -0.50124525718812296 0.64402250859101029 -0.36778278059296604 -0.44578473153963105
1403715333.862143 -1.9876085597480844 -1.9306042303798456 0.58056970309780986 -0.50457318668319384 0.64544555564755568 -0.3666791846308064 -0.44085406829661011
1403715333.9121432 -2.0086627003188364 -1.9181587885304514 0.57684040854854113 -0.50818510419160556 0.6454634712320062 -0.36684077176643304 -0.4365233732032045
1403715333.9621429 -2.0296737391180448 -1.9061404827483435 0.57428062310987327 -0.51238404349724109 0.64345893559975587 -0.36766481129097162 -0.43387299605370777
1403715334.0121431 -2.0538586809359205  -1.898451904422096 0.57565088320774449 -0.51629439978480507 0.64076703674379154 -0.37056746953866732 -0.4307405807364072
1403715334.0621431 -2.0750098894033826 -1.8885831372151796 0.57491748454942493 -0.52020006062036317 0.63815929397983262 -0.37374771191349265 -0.42715016127488609
1403715334.1121433 -2.0965319990330431 -1.8792020138340637 0.57504401453745657 -0.52373050730970139 0.63553874548219924 -0.37674383242414328 -0.42410015731476042
1403715334.162143 -2.1153063113229762  -1.867469882880622 0.57700661312518442 -0.52756501866218253 0.63314574554525349 -0.37848249086918467 -0.42136993258581457
1403715334.2121432 -2.1378056196560715 -1.8591128256287268 0.57817723822621403 -0.53058365799725316 0.63135147444086992 -0.38048351396338165 -0.41845978682505558
1403715334.2621431 -2.1600743109629681 -1.8512886948678495 0.57914244947221039 -0.53327502206135624 0.6299329883840673 -0.38186538068756415 -0.41590986045454653
1403715334.3121431  -2.183262247769223      -1.84370640454 0.57997205800906149 -0.53524323422850539 0.62813223556218789 -0.38340025108744696 -0.41469123733971075
1403715334.362143 -2.2078399140601204 -1.8399077687696561 0.58060800698153514 -0.53740466348782701 0.62657600727922835 -0.38423672582206569 -0.41347415069517285
1403715334.4121432 -2.2321382079159799 -1.8342996900254434 0.58195670771279062 -0.53871377291242362 0.62526789763035828 -0.38496870267905731 -0.41306975806148916
1403715334.4621429 -2.2564334077092583 -1.8296445081606636   0.583446707603135 -0.53965222340167385 0.62426493218783941 -0.3858871462341667 -0.41250440311515835
1403715334.5121431 -2.2807174254277531 -1.8278522161230084 0.58312543712060172 -0.54037030376786166 0.62327441815260121 -0.38651227672839561 -0.41247690168129103
1403715334.5621431  -2.305846515294169 -1.8242602078560972 0.58460065359565438 -0.54080269460689701 0.62177371494867106 -0.38731829146635843 -0.41341798944945457
1403715334.6121433 -2.3310433239511426 -1.8210275211953117 0.58554791314950516 -0.54216937818272648 0.6203472353137599 -0.38696113745966154 -0.41410475860035123
1403715334.662143 -2.3569252446474951 -1.8179148556350713  0.5860471689990816 -0.54371231902982453 0.61903996352011881 -0.38574063950925763 -0.41517538069014792
1403715334.7121432 -2.3825120844694316 -1.8163523831297101 0.58614466031415779 -0.54412166398993311 0.61815267141188357 -0.38559507736524434 -0.41609533272420846
1403715334.7621431 -2.4077048483784007 -1.8115408743381534 0.58552498221705851 -0.54449398921163072 0.61732303731477378 -0.38540644529290047 -0.41701371109300162
1403715334.8121431 -2.4325578941146508  -1.810273676199051 0.58565505652527305 -0.54490313370573873 0.6169987944365608 -0.3845913066263667 -0.41771113153580253
1403715334.862143  -2.457612177471336 -1.8092235953525244 0.58562613545027509 -0.54504743384190146 0.61648205103261122 -0.38405306344479051 -0.41877967963555085
1403715334.9121432 -2.4810082511988085 -1.8148784143335921 0.58511788772573214 -0.54527971154893962 0.61627000025052114 -0.38345006926063252 -0.41934158790697612
1403715334.9621429 -2.5057575794841784 -1.8152322935824723 0.58440064953788518 -0.54562185075501646 0.61650830876295903 -0.38225427445418403 -0.4196379044681402
1403715335.0121431  -2.529894231653655 -1.8159315202921933 0.58361988297607015 -0.5456611976854161 0.61623601617204804 -0.38223719306999798 -0.42000209278870221
1403715335.0621431  -2.553541055992226 -1.8172094548591839 0.58240190903925337 -0.54653353601467047 0.61591808766647071 -0.38200102934028557 -0.41954882538214872
1403715335.1121433 -2.5757675725258484 -1.8190294482927114 0.57965756365072441 -0.54723695175949305 0.61543911584078037 -0.38188766451713041 -0.41943798708718361
1403715335.162143 -2.5993960555291897 -1.8210060898612317 0.57827603705356656 -0.54814617182294689 0.61464833823227416 -0.38157600786059293 -0.41969387039760897
1403715335.2121432 -2.6220418768645297 -1.8238502676429984  0.5769889219037786 -0.54855344711998255 0.6145972667765216 -0.38144325151250935 -0.41935708077863471
1403715335.2621431 -2.6451189961019748 -1.8289520229263982 0.57719301616517837 -0.54990529804705002 0.61376043942463343 -0.38116450553377168 -0.4190655150430076
1403715335.3121431 -2.6668723593726509 -1.8327978209128224 0.57550047618166078 -0.55155735618273383 0.61234178389272131 -0.38187686938105908 -0.4183205459590939
1403715335.362143 -2.6879667902971076 -1.8376522952752574 0.57411118415940821 -0.55372994009001797 0.61026612046045514 -0.38336744254747807 -0.41711847197248014
1403715335.4121432  -2.709020642716419 -1.8423144004103393  0.5729014048305533 -0.55648074759935973 0.60747317612384921 -0.38535804719521333 -0.41569783894453005
1403715335.4621429 -2.7294857847149752 -1.8511128788145734  0.5723336800553801 -0.55935235811631312 0.60495714195996131 -0.38732723182404594 -0.41367790773605112
1403715335.5121431 -2.7492290283887781 -1.8578019344951417 0.57057518031085552 -0.56109918122287195 0.60351970479613271 -0.39019975553917685 -0.41070162591713488
1403715335.5621431 -2.7689794666587875 -1.8652687795895442 0.56889134866146041 -0.56193889825354804 0.60232811045085199 -0.3937084634186846 -0.40794505490665423
1403715335.6121433 -2.7926875545736611 -1.8674554350858916 0.56913659706691988 -0.56317187331850282 0.60106375367772225 -0.39672311127181686 -0.40517968618945377
1403715335.662143  -2.811977127990462  -1.875468489647973 0.56741362774447568 -0.56517152466137888 0.59899648419416651 -0.39997384197004882 -0.40225027703493071
1403715335.7121432 -2.8286116686152254 -1.8860945932135851 0.56784895784390943 -0.56916961162935509 0.59578433421637877 -0.40157861783556065 -0.39977693029652933
1403715335.7621431 -2.8471996659386525 -1.8956294357322108 0.56619927896260003 -0.57299409748685048 0.59185168610858019 -0.40431553029745437 -0.39738935297255867
1403715335.8121431 -2.8659752462701058  -1.905177235046865 0.56415718776849233 -0.57669003854316692 0.58811980317874835 -0.40658234559491396 -0.39526509181131708
1403715335.862143 -2.8863049377145851 -1.9132430935560949 0.56302384679606177 -0.57987595024188499 0.58463831267550681 -0.40889181739595148 -0.39338201198026762
1403715335.9121432 -2.9054068390204884 -1.9234799486673124 0.56069619684887118 0.58300526116036722 -0.5813508757879341 0.41064812970799641 0.39179604164317255
1403715335.9621429 -2.9242537026215674 -1.9342348152778401 0.55872673981247267 0.58456614388018258 -0.57788741450322989 0.41418449216013958 0.3908705233729875
1403715336.0121431 -2.9428088458367823 -1.9438562706599989 0.55673819104794053 0.586795499140077 -0.57373516169696293 0.41639574854036099 0.39129731281855268
1403715336.0621431 -2.9616409205849425 -1.9546399115995701 0.55531615575989302 0.58747597005005581 -0.570231171930912 0.41962352264034453 0.3919496069891546
1403715336.1121433 -2.9803465883856277 -1.9655883753442891 0.55400341010296661 0.58740754904356873 -0.56716162291071293 0.42315336467796888 0.3927101918535188
1403715336.162143 -2.9988065844569891 -1.9765439941568774 0.55219199142700692 0.58754688656583787 -0.5637856129508716 0.42568626634161555 0.39462088308214965
1403715336.2121432 -3.0172454936528026 -1.9876611187993463 0.55079923292050192 0.586944408470636 -0.56140284068019775 0.428802367935679 0.39553968333659545
1403715336.2621431 -3.0351853263273534 -1.9976515489801541 0.54824595589493053 0.58722659271926048 -0.5605883703539889 0.43048461889045619 0.3944472090482139
1403715336.3121431 -3.0532196317296485  -2.007187091112439 0.54545177728936267 0.58901594992619166 -0.56058837479169021 0.42960093853540621 0.3927389952506064
1403715336.362143 -3.0728452518494409 -2.0162921675290315 0.54404917939959074 0.59151916212009981 -0.56124025978915104 0.42803391299556137 0.38974532833922387
1403715336.4121432 -3.0923586558006426 -2.0209481506191214 0.54297359312476212 0.59365974762771279 -0.56183210067554956 0.42598499604888829 0.38787830287131053
1403715336.4621429  -3.110771892822096 -2.0295040222436125 0.54134549849647073 0.59623152966990567 -0.5613802820480881 0.42350078437662669 0.38730766528365496
1403715336.5121431 -3.1289011089354886 -2.0381332977855817 0.53987113758223415 0.59733102832922225 -0.56175776890383078 0.42266732336132123 0.38597433261024067
1403715336.5621431 -3.1460371912549947 -2.0475971847718042 0.53775867826108903 0.59762914686571267 -0.56175994951523434 0.42239295724837206 0.38580999417352657
1403715336.6121433 -3.1637046583710444 -2.0567056083908537 0.53684295129679493 0.59744393899333792 -0.56184221046751515 0.42281371445503241 0.38551606084032269
1403715336.662143 -3.1814486919118412 -2.0659291894307192 0.53611792347381659 0.59750380060562713 -0.56201953918152159 0.42245096932506032 0.38556247788956094
1403715336.7121432 -3.2027960516867013 -2.0742265113667679 0.53858089894474348 0.59751552018772325 -0.56206366643320216 0.42225052218176551 0.38569953918521466
1403715336.7621431 -3.2200136494941289 -2.0837613818191829 0.53850912757232772 0.5972744089890305 -0.56231208399608001 0.42202319196555249 0.38595961706115883
1403715336.8121431 -3.2314867458893617 -2.0906036863278081 0.54001542379652301 0.59714946597732221 -0.56205973633915329 0.42138286769611794 0.38721808697626281
1403715336.862143 -3.2475844458864267 -2.1006123511975754 0.54162530784050766 0.59693628449626335 -0.56174161560047109 0.42127770222515259 0.38812179423766519
1403715336.9121432 -3.2634424569249063 -2.1113041842626736 0.54385552535977355 0.59675559927646826 -0.56162615898451063 0.42139916054459065 0.38843475612875183
1403715336.9621429 -3.2775966132080412 -2.1233845509241207 0.54740323973324112 0.59664246182402747 -0.56098581664582781 0.42111457092166882 0.38983997284557215
1403715337.0121431 -3.2923591571443991 -2.1345736005886971 0.55145104948375046 0.59695129546309555 -0.56043691297234255 0.42106481496005332 0.39021024977006813
1403715337.0621431 -3.3004856723374796 -2.1390381821638211 0.55488602817455945 0.59811760092740751 -0.55929836845878322 0.42078604246541312 0.39035852362473283
1403715337.1121433 -3.3131764606871603 -2.1491132892922225 0.55948230265665666 0.60040179102871993 -0.5583452817445852 0.42099176380221015 0.38798733290375498
1403715337.162143 -3.3246229551168947  -2.159291920837052 0.56489214224429174 0.60436552102328711 -0.55580480265628618 0.42076426002356065 0.38572111146433646
1403715337.2121432 -3.3351597269849731 -2.1697991002475754 0.57032279074104208 0.60813968921311945 -0.55339913013553743 0.42205187851436315 0.3818215984088621
1403715337.2621431 -3.3447370954357716  -2.180959336132271 0.57568851938176402 0.61183265670369946 -0.55094622172438179 0.42474497453973709 0.3764449064096359
1403715337.3121431 -3.3537665384122413 -2.1924901641815269 0.58111823407992913 0.61603540023282621 -0.54808256032103808 0.4278316936444615 0.37022416809985426
1403715337.362143 -3.3630587965528922 -2.2036597797116717 0.58632162070809568 0.61965616522893308 -0.54576092415245436 0.43101245575034031 0.36386743952996536
1403715337.4121432 -3.3720465450739785 -2.2165506664242471 0.59121209434344979 0.6225769592083823 -0.54375803683665669 0.43435158226547343 0.35786007072858661
1403715337.4621429 -3.3835551237383177 -2.2313453320928618 0.59209786318182411 0.62414836404060592 -0.54138389295078748 0.43889017597268931 0.35315395163235441
1403715337.5121431 -3.3923079162291501 -2.2471802483426235 0.59363201745958372 0.6241847003748473 -0.54062504126756949 0.44415509275829279 0.34762663613318417
1403715337.5621431 -3.3988628295132388 -2.2626212104053418 0.59348365011694781 0.62409596337080597 -0.53876809161641992 0.44861654571597653 0.3449295100018725
1403715337.6121433 -3.4098567025702318 -2.2791642025153207 0.59718602644295116 0.62576613827221927 -0.53562273237680769 0.45036966742309659 0.34451733108551452
1403715337.662143 -3.4217888933892651 -2.2967531386248008 0.60047148449900545 0.62714888776097089 -0.53194198479339116 0.45181102758379754 0.34581612563314318
1403715337.7121432  -3.433872453074331 -2.3144817129977953 0.60348862975639017 0.62879193551865409 -0.52903493728580209 0.45212009138202636 0.34688637898657881
1403715337.7621431   -3.44646799852609 -2.3325237944136279 0.60658828709871604 0.62995593452613174 -0.52705617678928218 0.45229033232553911 0.34756404064348523
1403715337.8121431 -3.4593426652518864 -2.3511686557465272 0.60982315071410476 0.63039262594242096 -0.52562429121880705 0.45252494021328399 0.34863364743396408
1403715337.862143 -3.4725108374261517 -2.3701299753747742 0.61310279959412728 0.63036385409466256 -0.52468581923365065 0.45242814258745045 0.35022132764996694
1403715337.9121432 -3.4850185474165496 -2.3847208209595099 0.61591698573590981 0.63050511484902327 -0.52397359124099763 0.45128851366253159 0.3524963166722383
1403715337.9621429 -3.4981418268824553 -2.4040315270442969 0.61956463179142773 0.63040543079090428 -0.52370189692947455 0.45015893741519847 0.3545169206780176
1403715338.0121431 -3.5112284279471933  -2.423038055337702 0.62329217401183867 0.62915789791459942 -0.52436669374241862 0.45004189663648442 0.35589633498697759
1403715338.0621431 -3.5251113942077046 -2.4410761308519193  0.6281048080656495 0.62743314190120902 -0.52569566563255532 0.4503665964606266 0.35656927569771507
1403715338.1121433 -3.5379554129560944  -2.459578485335236  0.6321209169654417 0.62542516430054118 -0.52729049106304782 0.45083616870248122 0.35714821976848604
1403715338.162143 -3.5535359193352929 -2.4780965006219624 0.63309561102902867 0.62470940609001835 -0.52749177552111548 0.45159408342572394 0.35714614447746462
1403715338.2121432 -3.5665276611441126 -2.4960258477835695 0.63540262768327771 0.62416430052112148 -0.52776272713563954 0.45252557624266865 0.35651932997745339
1403715338.2621431  -3.578847391702721 -2.5132767729822842 0.63755431964989195 0.62392152445216353 -0.52753788681004288 0.45422569039444505 0.35511228011851781
1403715338.3121431 -3.5911177522772229 -2.5310927679583317 0.63978401201434698 0.62452036812156353 -0.52711674251890428 0.45578485597615209 0.35267891150501796
1403715338.362143 -3.6030943280311676  -2.548977671225523 0.64226099752739652 0.62557637988069559 -0.52634225949476765 0.45808639844737808 0.34896256298178502
1403715338.4121432   -3.61501406481386 -2.5671259477132544 0.64506938737566799 0.62756729231993147 -0.52360526857982082 0.46096460441414283 0.34569994186143022
1403715338.4621429 -3.6273704596169072 -2.5855963107917712 0.64839654195655372 0.63046167917885498 -0.52002326699468504 0.46376276568440478 0.3420788944613582
1403715338.5121431 -3.6405464344681273 -2.6036627451883647 0.65121131771266538 0.63429556906450169 -0.51582560196385607 0.46642151441302054 0.33770408691105575
1403715338.5621431 -3.6540374689173984 -2.6228160492344204 0.65375830526289447 0.6389289856715602 -0.50951873296441752 0.46906910645614164 0.33486502563791659
1403715338.6121433 -3.6682047090670045 -2.6423192031820406 0.65826599402505126 0.64419738714034891 -0.50230538508831368 0.47166020159303812 0.33201759101897438
1403715338.662143 -3.6835134455530087 -2.6621355671086824 0.66295164221281755 0.64977328639568976 -0.49432767023486013 0.47469202432798996 0.32878916157032217
1403715338.7121432 -3.6980611048541725 -2.6810990941767678 0.66642989756494087 0.65554814547763518 -0.48616475575964063 0.47747244366782304 0.3254543358996464
1403715338.7621431 -3.7134486959760622 -2.6998193349306883 0.67034450779732779 0.66106005812839164 -0.47903839022794498 0.48013581992844884 0.32092275496876638
1403715338.8121431 -3.7297610070763723 -2.7192366645931196 0.67422480704008791 0.66673345939328466 -0.47240167262639809 0.48105486179079204 0.31763087660472589
1403715338.862143 -3.7455192366369809 -2.7374968456961586 0.67774857492658092 0.67080519505048219 -0.46708127703598173 0.48267561438951528 0.31445146240624361
1403715338.9121432 -3.7619295545213047 -2.7558153123742266 0.68093391370995993 0.67459985096769481 -0.46294574423440216 0.48350431988299714 0.31115888485482773
1403715338.9621429 -3.7785033666610177 -2.7739399015079877 0.68298441067408311 0.67874459282012845 -0.45869843534339871 0.48301304102351261 0.30919237592827964
1403715339.0121431 -3.7951035606821075 -2.7888659924333994 0.68345417857880209 0.68213181552623192 -0.45591935447467602 0.48245143888348951 0.30671540160469973
1403715339.0621431 -3.8116395836681649 -2.8064567047096705 0.68452828037361746 0.68522624131119769 -0.45372475333362544 0.48152627607883142 0.30451813062036587
1403715339.1121433 -3.8283720335940803  -2.824457371596071 0.68468678309433295 0.68815964530359153 -0.45092866287453581 0.48020957045856688 0.30413551587050347
1403715339.162143 -3.8443341449879518 -2.8424637459477875 0.68589139606310146 0.69062369601630313 -0.4478270152412277 0.47914178229270704 0.30481638306082326
1403715339.2121432 -3.8601598972136264 -2.8610231019568206 0.68543845994298314 0.69288795045426244 -0.44494111045014745 0.47768453766828467 0.30618814284573204
1403715339.2621431 -3.8738561295602141 -2.8840163501918616 0.68646888510488657 0.69383467089384554 -0.44322982560837493 0.47759483844333339 0.30666584656444035
1403715339.3121431 -3.8884463008714709 -2.9031129735030836 0.68658466928204398 0.69293463085372309 -0.44266219419245822 0.47991356077340591 0.30589990745687312
1403715339.362143  -3.902245554235432 -2.9228686755327238 0.68593767835025576 0.69149900794708374 -0.44228093443906569 0.48248201973986299 0.30565961078894349
1403715339.4121432 -3.9163226175173413 -2.9438771257263721 0.68487649721890786 0.6900038776205718 -0.44285052239737699 0.48464525552168447 0.30479015729066211
1403715339.4621429 -3.9280167732584954 -2.9644130230552004 0.68502607085531741 0.68861859629522471 -0.44387876718029862 0.4857830764672646 0.30461594098289152
1403715339.5121431  -3.940749286342565 -2.9851387871778696 0.68334487059652327 0.68694272789306177 -0.44436397301163405 0.48722851905128028 0.30538290441223309
1403715339.5621431  -3.956323103950127  -3.003886548650113 0.68200308548430377 0.68578766602123664 -0.44606385362721129 0.48778237727241835 0.30461560702441837
1403715339.6121433 -3.9697665082493736 -3.0241765970348133 0.67752863415580944 0.68631282985396125 -0.44809071274571571 0.48552636747687361 0.30406176874706914
1403715339.662143  -3.982907149210885 -3.0429562236156085 0.67368384911864554 0.68696266953353047 -0.44891859262147932 0.48259136684640613 0.30603914865819559
1403715339.7121432 -3.9942470842477129 -3.0604197367836918 0.66628915210558359 0.68834654852400301 -0.44851771920565997 0.47853471156237948 0.30986354177856335
1403715339.7621431 -4.0070554149064455 -3.0790701483206213 0.66175868665102933 0.68907111247548547 -0.44682170580804859 0.47522669853801286 0.31573873719777124
1403715339.8121431 -4.0158587923221027 -3.0953512706243158 0.65286731360456873 0.68995379807020574 -0.44496123145841943 0.47142080491532995 0.32208024422570103
1403715339.862143 -4.0234720817122644  -3.115717661543755 0.64695733320736259 0.69071040955545004 -0.44245916976607652 0.4685132874296235 0.32809192724531311
1403715339.9121432 -4.0315542622593474 -3.1330458641147914 0.64092878045951096 0.69197594621117309 -0.43905847151028893 0.46673833449367469 0.33249402336624195
1403715339.9621429 -4.0374554627328587 -3.1497140271359565 0.63449769805492595 0.69449730096574114 -0.43491302615268068 0.46509333752001114 0.33498111294297717
1403715340.0121431 -4.0417436427579663  -3.166007338395902  0.6292211007995635 0.69781494528388388 -0.4293342716651718 0.46388377144629372 0.3369543469091168
1403715340.0621431 -4.0446049385732712 -3.1834181528576835 0.62166426450071266 0.70147808480966212 -0.42371056966699322 0.46451774935643991 0.33559068851365409
1403715340.1121433 -4.0434702734068937 -3.1978763701756825 0.61816077253561985 0.70505999748142445 -0.41836696964763648 0.46671291490241151 0.3317205657215751
1403715340.162143 -4.0394459355710559 -3.2101333453270038 0.61608597044496616 0.7082096015630549 -0.41235414893155509 0.47066225260750749 0.32692546563897235
1403715340.2121432 -4.0331474735173485 -3.2232764716239819 0.61707101890624716 0.71147373415598936 -0.40698921724520964 0.476108505163785 0.31856803663106303
1403715340.2621431 -4.0253201373802954 -3.2361796736208395 0.61941658297262592 0.71454534577577544 -0.4013440328609969 0.48258538593736555 0.30896482226417427
1403715340.3121431 -4.0148891470911749 -3.2460046151116249 0.62246022480002006 0.71837017178506168 -0.39425042508950037 0.48924982631459402 0.2985724469159684
1403715340.362143 -4.0029547030786423  -3.255035881155385 0.62731134716731884 0.72229521725446144 -0.38694652814359243 0.49664132499755814 0.28619817922834584
1403715340.4121432 -3.9907400567769522 -3.2654684843093595 0.63397206108363635 0.72726681712522256 -0.37804559053736114 0.50263165347248984 0.27481981207932776
1403715340.4621429 -3.9768160677258191 -3.2735354822470772 0.64324792680491871 0.73268139083315831 -0.36948107501451311 0.50670325189464405 0.26441166625605117
1403715340.5121431 -3.9633988253640231    -3.2831096778591 0.65228577202481874 0.7375271988855101 -0.36196985355537653 0.50979631932110314 0.25522376227116539
1403715340.5621431 -3.9495043416629279 -3.2911827105551716 0.65966744552374146 0.74191119432565322 -0.35680286338693984 0.51203458701392279 0.2451123785422617
1403715340.6121433  -3.937461019852027 -3.3036504526249941 0.66919213853476178 0.74537788439701214 -0.3512109073971289 0.51449803631848967 0.23739098256154934
1403715340.662143  -3.922987877079366 -3.3121020089098394 0.67698735964477708 0.74809987202972705 -0.34697514729372042 0.51630521032226895 0.23104925540603888
1403715340.7121432 -3.9096726478217998 -3.3216142492575575 0.68327644299570389 0.75029679892263357 -0.34369314524958089 0.51745359777165822 0.22621120570844117
1403715340.7621431 -3.8965466779392108 -3.3352776460653129 0.68616712065103347 0.75229370200022161 -0.34156263145338289 0.51773100636677138 0.22213455330473156
1403715340.8121431 -3.8834163154407664 -3.3457619070293192 0.69024667452365074 0.75365915342435608 -0.33995783613857822 0.51800562032901198 0.21930966101659594
1403715340.862143 -3.8708864546726689 -3.3567004508890093 0.69505317342440265 0.75347867765946763 -0.34135018983519638 0.51919543404290758 0.21490935642966438
1403715340.9121432    -3.8568913937686 -3.3696378864021912 0.69782467163099582 0.75277343235942362 -0.34359871780448253 0.5204580897236275 0.21070229590149345
1403715340.9621429 -3.8441595317852308 -3.3826236672090255 0.70229940649457245 0.75230539082046466 -0.34552770554001749 0.52079782777217165 0.20836704690163088
1403715341.0121431 -3.8307734253926671 -3.3971265343278287 0.70609047029337924 0.75168320020444568 -0.34811003977321264 0.52078897375538447 0.20632646838035384
1403715341.0621431 -3.8186971040064686 -3.4130075180310508 0.71107054165170058 0.75058319008835239 -0.34960709066464463 0.52104457069075016 0.20715287173362348
1403715341.1121433 -3.8066028231158096 -3.4297838641512004 0.71399552631539465 0.74962806152234296 -0.34899480892275442 0.52119127639572294 0.21123457608124113
1403715341.162143 -3.7949800152328854 -3.4460920497649199 0.71886072199416751 0.748798981613087 -0.34729948880170963 0.52081765140364222 0.21778917374302467
1403715341.2121432 -3.7833419210226618 -3.4639688786841996 0.72377069494494051 0.74498474139615389 -0.34803654938392564 0.52411373969298047 0.22175004677536092
1403715341.2621431 -3.7721758756634269 -3.4824061859230375 0.72822932465735846 0.74175173305309816 -0.34932424571375192 0.52636521626209132 0.22520345685314383
1403715341.3121431 -3.7614924658448734 -3.5021108942073305 0.73363902071400788 0.73893972605197233 -0.34992428744935633 0.52785116351077177 0.22998744203895316
1403715341.362143 -3.7458018178834078 -3.5209641832899079 0.73389982602061732 0.73618470550171022 -0.34942452297271515 0.5293027975570942 0.23616335581305686
1403715341.4121432 -3.7356795044166726 -3.5398916702435668 0.73892188044290241 0.7336137603736792 -0.35037549727907974 0.53028858007228563 0.24050339569691495
1403715341.4621429 -3.7265623288794441  -3.559258579903231 0.74357427280816035 0.73305453270240362 -0.35039551584461737 0.52892808392752222 0.24513081526647254
1403715341.5121431 -3.7165090946451618 -3.5780398258885318 0.74842018255914566 0.73265616842416892 -0.35188658319565963 0.5271420244366668 0.24801624444723874
1403715341.5621431 -3.7077806458480982 -3.5952842003776877 0.75279829907258355 0.73298226234223207 -0.35139046668081342 0.52459187065659174 0.25311086949896366
1403715341.6121433 -3.6987501200939783  -3.612323573685813  0.7572637492820512 0.732265176562232 -0.34987699085639984 0.52394252007567621 0.25856921340388489
1403715341.662143 -3.6905478056841328 -3.6279719857213881 0.76094265756070434 0.73123545037480031 -0.34805433565378191 0.52360652733326951 0.26455453139525226
1403715341.7121432 -3.6799206717349042 -3.6445425892574734 0.76583281218576593 0.7306105689114919 -0.3454686179553092 0.52287103357108122 0.27104522289681526
1403715341.7621431 -3.6704690389926697 -3.6594055307123967 0.76866470779627083 0.73147874649565869 -0.34428682213269313 0.52040038720694226 0.27493429128752944
1403715341.8121431 -3.6606912409134331  -3.672581967781948  0.7705257399699259 0.73258848039432101 -0.34336861349972791 0.51794733197720422 0.27774570195506149
1403715341.862143 -3.6498907804269085 -3.6847913900965583 0.77561601271427849 0.73396927157351466 -0.3415383635473962 0.51546815698640658 0.28095058950685314
1403715341.9121432 -3.6364321787660305 -3.6967120127122741 0.77911949897781396 0.73456635768225242 -0.34371413401988271 0.51527054871191991 0.27707241267673766
1403715341.9621429 -3.6233589350947724 -3.7058610699530719 0.78103028655838846 0.73460967621248374 -0.34694765749283446 0.51610819364299509 0.27130845735028125
1403715342.0121431 -3.6095531617822498  -3.712500010680083 0.78349326049089552 0.73489293224776331 -0.35072036654167893 0.51664230218754148 0.26459088082455096
1403715342.0621431 -3.5954765108523867 -3.7190999143381958 0.78521445604342444 0.73615913138916012 -0.35383462059996812 0.51589428071361232 0.25830967009428535
1403715342.1121433 -3.5814246066175426 -3.7248103281640463 0.78682993199885543 0.73808029798086716 -0.35596924233542071 0.51429561074866681 0.25302845098580656
1403715342.162143 -3.5676946431049728 -3.7291494024066396 0.78820639698688011 0.73938627904321252 -0.35961856300939077 0.51338600538165224 0.24579916391225548
1403715342.2121432 -3.5546281233869448 -3.7329049124150657 0.79036290644291463 0.74064331556517526 -0.36121799742162597 0.51267304505972067 0.24111280827970971
1403715342.2621431  -3.539989953712094 -3.7388069579496763 0.79194109390138545 0.7414066056134907 -0.36206420915984727 0.51279352346262286 0.23720994054407754
1403715342.3121431 -3.5249121126782623 -3.7458647516794112 0.79284234083290595 0.74195267397383724 -0.36176685142360276 0.51370197054360478 0.23396850269586128
1403715342.362143 -3.5113546518315779 -3.7551138439122784 0.79311821305190133 0.74403647894470315 -0.35893111003902878 0.51394978192308038 0.23115751752200744
1403715342.4121432 -3.4965492399643989 -3.7632385303298057 0.79379311147107856 0.74680660066419247 -0.35392803247393656 0.51419218094384611 0.22939322154268796
1403715342.4621429 -3.4866960082718421 -3.7670053251437881 0.79550141607077296 0.750494285653448 -0.3491987252874319 0.51394502602596415 0.22512016276274438
1403715342.5121431 -3.4713853502941014 -3.7752201051331293 0.79575841783824253 0.75496378714058765 -0.34186265910091862 0.51359629639015114 0.22221261609798568
1403715342.5621431 -3.4547416850903021  -3.786405908805055 0.79610116983753998 0.75979586572555258 -0.33231197139947127 0.51328264963177495 0.22095229729047838
1403715342.6121433 -3.4394802346807967 -3.7950305289405546 0.79765919986236977 0.76413911721731298 -0.32084764899949991 0.51358175291695252 0.22222056327124573
1403715342.662143 -3.4229636498833385 -3.8079493698212121  0.7961470892011846 0.76758284366820673 -0.30759225506545279 0.51549954673636222 0.22464149225951976
1403715342.7121432 -3.4042352586204987 -3.8200549315193029 0.79683646434893285 0.77069240326728228 -0.29536997551548055 0.51787543053554586 0.22493295791792756
1403715342.7621431 -3.3868897859377927 -3.8302312513419419 0.79684314850661753 0.77328602813632907 -0.28646975082499615 0.52031486670660232 0.22189240643946309
1403715342.8121431  -3.366637275587399 -3.8397862063928732 0.79606657672784886 0.77491671130048478 -0.28149876178164451 0.52361484699991645 0.21468588603794195
1403715342.862143  -3.345523830394368 -3.8489025288274061 0.79680043778263976 0.77529715953497103 -0.27730007600807016 0.52770440664600471 0.20867927896490443
1403715342.9121432 -3.3236619489974819 -3.8578438079013107  0.7968264806684624 0.77569903492152048 -0.27495515618263078 0.53081369072490969 0.20230544987569379
1403715342.9621429 -3.3011288522308462 -3.8669904540085951 0.79559760847101302 0.77490491672796968 -0.27256352593272809 0.5348990675093982 0.19777381510077024
1403715343.0121431 -3.2790516826855693 -3.8762641320469431 0.79521225860611866 0.77400284602103753 -0.27061256094136854 0.5384209518064802 0.19439988391944146
1403715343.0621431 -3.2562975680569246 -3.8856378714986781  0.7935495982402021 0.77325810996959787 -0.26941601445951435 0.54142408769982708 0.19064853468465492
1403715343.1121433 -3.2330499196179545 -3.8934477550453623 0.79175148650116856 0.77337137426062108 -0.26715961644682806 0.54265192640857152 0.18987191361359484
1403715343.162143 -3.2093956559719943 -3.9028477288781547 0.79033290597943318 0.77380487926810759 -0.26600516689118642 0.54328402214518634 0.18790883771076419
1403715343.2121432 -3.1860114468948013 -3.9123075108500163 0.78753829406945031 0.7734144450686472 -0.26462185239830999 0.54499987502914515 0.18649532865640361
1403715343.2621431 -3.1626829962587415 -3.9215200170395708 0.78397566978627731 0.77478320566502967 -0.26384107097081805 0.54391741777718106 0.18507489329186627
1403715343.3121431 -3.1403320439605369 -3.9293047471317557 0.78102854425075552 0.77606537663217201 -0.26352705564057516 0.54269378916422251 0.1837375120674947
1403715343.362143 -3.1179458263210575 -3.9382814561716954 0.77689314250078922 0.77774276846844248 -0.26391965995159539 0.54055010697640504 0.18239567164237783
1403715343.4121432 -3.0951399387563128 -3.9471228380381937 0.77186011838206414 0.77995746388216303 -0.26328633447148631 0.53747392600039146 0.1829438151039792
1403715343.4621429 -3.0716333868934171 -3.9573224799464302 0.76747415436013822 0.78113370532126769 -0.26292183642868172 0.5354675365042707 0.18432785923479955
1403715343.5121431 -3.0495002069627444 -3.9672286022281296 0.76464184821310455 0.78153751412111783 -0.26371280940945269 0.53455339971144133 0.18413943366834085
1403715343.5621431 -3.0272445873875244 -3.9779010735576668 0.76576369300736935 0.78198473235316068 -0.26384189478156761 0.53348270226178107 0.18515814676134545
1403715343.6121433 -3.0031303507668019 -3.9867037083786103 0.76224628489718582 0.78183317164818444 -0.26447688170616035 0.53307327738418098 0.1860692121024172
1403715343.662143 -2.9788157819855621  -3.995559246259464 0.75921347603519351 0.78147971323051157 -0.26430249383570603 0.5329354477890097 0.18818463819162234
1403715343.7121432 -2.9536211014415361 -4.0051156582309337 0.75668547362690342 0.78085404020444638 -0.26387372049973157 0.53314916955834646 0.1907605580964474
1403715343.7621431  -2.927468902646968 -4.0167404040559722 0.75630488026996057 0.77982398615084514 -0.26229242676790648 0.53396489619415555 0.19482998515724834
1403715343.8121431 -2.8986381486494741 -4.0260184720726846 0.75647583872916369 0.77756192854092121 -0.26138875291904928 0.536485842161458 0.19813204761335004
1403715343.862143 -2.8709556985764579 -4.0353599061075522 0.75547801260453107 0.77663134931798439 -0.26148885141630712 0.53725249589341217 0.19956724054264693
1403715343.9121432 -2.8420265332861669 -4.0449291167562427 0.75620779674301108 0.77558232828107221 -0.26141611164334194 0.53865414339471285 0.19996345274848387
1403715343.9621429 -2.8131774814739523 -4.0525806114981844 0.75627167012684626 0.77467401372145184 -0.26088708012293582 0.54080831559552123 0.19835440421719883
1403715344.0121431 -2.7829923955688867 -4.0622415698676866 0.75432336800120237 0.77498884624619935 -0.25882850176082056 0.5420630736400941 0.19638665704697911
1403715344.0621431  -2.753282632389193 -4.0677682533273689 0.75450179966293185 0.77474729629623074 -0.25538747805122342 0.54502637670632059 0.19362363396728199
1403715344.1121433 -2.7230932460452109 -4.0728094250031974 0.75477791437689279 0.77514629770514554 -0.25069970986414153 0.54795689871167508 0.18984496248866872
1403715344.162143 -2.6927617570954028 -4.0766824580424279 0.75403565635939329 0.77610244265117734 -0.2448599266316546 0.55078358008022921 0.18532690780030478
1403715344.2121432 -2.6630583146970928 -4.0815208932020095 0.75207809752104693 0.77792940940441002 -0.23650460142300483 0.55273689394834968 0.18268369811721688
1403715344.2621431 -2.6321689787254368 -4.0824617642090013 0.75034977753936061 0.77891442030360902 -0.22754439958717546 0.55523158813497675 0.18230127700242879
1403715344.3121431 -2.6000961278023405 -4.0900841553988885 0.75060001345627059 0.77980875293488172 -0.21764891285903037 0.5576676293374222 0.18312311368750367
1403715344.362143 -2.5708518159979299 -4.0902313668664707 0.74995210689344227 0.77977094402717451 -0.20912589825302655 0.56066006569672744 0.18407586551141158
1403715344.4121432 -2.5415715024829435 -4.0884996821089556 0.74923029130052399 0.77909446427804041 -0.20088691650968957 0.56415195531796947 0.18544226545600129
1403715344.4621429 -2.5126198347919448 -4.0856613755878533 0.74805727476267325 0.77882591624824404 -0.19451027912606128 0.56675429184228909 0.18543332001754756
1403715344.5121431 -2.4843831170967094  -4.080793190878051 0.74672841215679009 0.77868448487565156 -0.18801088610671729 0.56873558494833309 0.18666069252198111
1403715344.5621431 -2.4556482989869988 -4.0756298126155519 0.74416775635489363 0.779034397701588 -0.18388978262487526 0.5699010951125727 0.18574901569965474
1403715344.6121433 -2.4288958007434789 -4.0666008969850171 0.74108420522346086 0.78083024053900141 -0.18134697298427388 0.56910449878722669 0.18313241195753924
1403715344.662143 -2.4019758531044175 -4.0558603019374306 0.73630865942686285 0.78444534736228777 -0.17857880285218064 0.56537626090717985 0.18194722250190667
1403715344.7121432 -2.3743963310510834 -4.0441381830986325 0.72937055452205879 0.78792022303133002 -0.17708915046508583 0.56166365617309255 0.17987521302304951
1403715344.7621431 -2.3466426753815366 -4.0299546430836966 0.72348229042032597 0.79122685530864734 -0.17648654710006526 0.55777366496767344 0.17804802947411341
1403715344.8121431  -2.316958056332703 -4.0161439946181279 0.71918703224114688 0.79338629918027959 -0.17532730134912708 0.5556492211429509 0.17621708406929382
1403715344.862143 -2.2889927186668615 -3.9971546372425215 0.71557834134287557 0.79476642312590617 -0.17452941517040316 0.55430699856345578 0.17501304881494809
1403715344.9121432 -2.2623539157417563 -3.9730232179360438 0.71097830074351165 0.79567397842230392 -0.1744085069139644 0.5534701445856044 0.1736530789535701
1403715344.9621429 -2.2337386651572952   -3.94979107758701 0.70640854218583926 0.79516915565927082 -0.17518665517249987 0.55473807112326845 0.17111786050564565
1403715345.0121431 -2.2071024098711023 -3.9250933699249053 0.70297849001579849 0.79288169007830622 -0.17841616846526198 0.55864350552033992 0.16560111747415829
1403715345.0621431 -2.1764947409703952 -3.8983936251554243 0.69936177917693076 0.79028281925914023 -0.1810858548101503 0.56274927101068517 0.16116524671418747
1403715345.1121433  -2.147330711011298 -3.8723958623540278  0.6961107029939827 0.78771106498578736 -0.18332502439459258 0.56668022669499185 0.15740627116665848
1403715345.162143 -2.1188753189118597 -3.8438163201358302 0.69262888699007596 0.78642081238544204 -0.1853677689346889 0.56862845467953982 0.15441106377444522
1403715345.2121432 -2.0907111261648028 -3.8148560252454611 0.68917329271504413 0.7861655191624487 -0.18750830994096859 0.56901572138909262 0.15167570337786382
1403715345.2621431 -2.0626988286198351 -3.7858630666326949 0.68517419803765689 0.78689222729459785 -0.1881204892422908 0.56797630237084351 0.15104378204921987
1403715345.3121431 -2.0373916360336355 -3.7563667145729962 0.68139353644054945 0.78693297158180653 -0.1897416334716894 0.56783223108440617 0.14933575628973939
1403715345.362143 -2.0138480764691518 -3.7267612614609598 0.67669555472574072 0.78731830413513049 -0.19055190353673584 0.56724024599078471 0.1485205822794369
1403715345.4121432 -1.9895458485854691 -3.6964707930658167 0.67308331525847975 0.78783857469871565 -0.19112895706396837 0.56654625519771318 0.14766666079309812
1403715345.4621429 -1.9650784325871389 -3.6648413716598109 0.66895784202954045 0.7880749285392693 -0.19187082814889239 0.56631614067057523 0.14631992731432367
1403715345.5121431 -1.9405282391803351 -3.6332255909710502 0.66467332747788432 0.788369621763921 -0.19129040106989692 0.56590895697222698 0.14706588440877799
1403715345.5621431 -1.9154295972860711 -3.6001586158913104  0.6593194267204503 0.78804314464290204 -0.19135504881370385 0.56650713117545615 0.14642717576387901
1403715345.6121433 -1.8933669543390528 -3.5672025413742756 0.65515169900231529 0.78784175593229944 -0.19175388000418844 0.56694174763770944 0.14530269060946641
1403715345.662143 -1.8692837486827889 -3.5331394496745716 0.65001119638846816 0.7876936059899915 -0.19172006932550764 0.56734335347534648 0.14458117916124058
1403715345.7121432 -1.8466646807555089 -3.4983214011970976 0.64550254320385425 0.78760960777841971 -0.19201090736553636 0.56761590823629615 0.14357958735444215
1403715345.7621431 -1.8262030371319153 -3.4634813103516695 0.64084767429560774 0.78737915056354002 -0.19251215713289743 0.56798778821443963 0.14269903662304678
1403715345.8121431   -1.80515986366099 -3.4292945137624322 0.63568032419031595 0.78752508547895128 -0.19285982754384293 0.56788465013618905 0.14183212189355365
1403715345.862143 -1.7856450535682522 -3.3954059747474417 0.63111677206585881 0.78845526448972214 -0.1935955947374384 0.56665562626316757 0.14057184220531996
1403715345.9121432 -1.7707276114751305 -3.3616088055454889 0.62663831615055732 0.79196371684738309 -0.19461574755799588 0.56166554866426077 0.13946323330324514
1403715345.9621429 -1.7514713730453773 -3.3267814915357987 0.62094991236726471 0.7968991846958664 -0.19574769206362544 0.55461997372782368 0.13795367057449351
1403715346.0121431 -1.7345170293192782 -3.2923618461793072 0.61528363716692414 0.80062486175154179 -0.1973786745074316 0.54908085994054501 0.13620462122103508
1403715346.0621431 -1.7159247873487387  -3.257106581404793 0.61230823211792695 0.80427503199034056 -0.19947578197991753 0.54359843309788625 0.1336107362975002
1403715346.1121433 -1.6990190537570578 -3.2262827109271228 0.60745580889001971 0.80639215124449348 -0.20080445604909394 0.54019929723420457 0.1326423315151582
1403715346.162143 -1.6779777592169991 -3.1935350168424019 0.60528504934115857 0.80721166222256779 -0.20154812941036934 0.53880060565278454 0.13221796871549935
1403715346.2121432 -1.6556570073801322 -3.1615728982582141 0.60462835964910522 0.80568865083648245 -0.20195792036686619 0.54085555887453185 0.13249173841752204
1403715346.2621431 -1.6324812835197406 -3.1306937503791628 0.60452000782655801 0.803303319298868 -0.20204860074701 0.54411046813594022 0.13350632421156822
1403715346.3121431 -1.6101139913358804 -3.1008068340953767 0.60416711345386487 0.8008552131104032 -0.20297396188195704 0.54720316173220718 0.13416854408581991
1403715346.362143 -1.5858001626842912 -3.0712552777156845 0.60420800538549746 0.79867271044776633 -0.20329473113526833 0.55000730992296942 0.13522245712142672
1403715346.4121432 -1.5612545393162991  -3.041917684802264 0.60376968984100954 0.79596267999045667 -0.20411863948962958 0.55338496045606511 0.13617664490048118
1403715346.4621429 -1.5383251081515625 -3.0133839850694315 0.60453106313200833 0.79326474295788674 -0.20502247090531284 0.55660027162021875 0.13745170655956485
1403715346.5121431 -1.5119714770325914 -2.9818303009428084 0.60519772562725094 0.79057842368239173 -0.20685826625821266 0.55961830730471274 0.13792303584941615
1403715346.5621431 -1.4891568477287651 -2.9531009510520136 0.60608256528529758 0.7887481495002483 -0.20902319710088066 0.56139446852356945 0.13791994215775877
1403715346.6121433 -1.4662358478651236 -2.9251825949557921 0.60753861540639575 0.78652677972069418 -0.21220931708490276 0.56342514385377807 0.13745885856467596
1403715346.662143 -1.4447589274247175 -2.8972805787107383 0.60822781027732453 0.7851656199877628 -0.21506917182786714 0.56410910019343297 0.13798957785812269
1403715346.7121432 -1.4247057417535782 -2.8708570544886416 0.60986424419653062 0.78321516259755031 -0.21757486896446912 0.56561196020275095 0.13899027285385299
1403715346.7621431 -1.4035804086791805 -2.8430846717445966 0.61088083154694328 0.78200328934086238 -0.22023270750055446 0.56611372175702435 0.13958389608209515
1403715346.8121431 -1.3835751208258982  -2.816008962226646 0.61150884808952377 0.78152135876272233 -0.22288354659944121 0.56553402218217919 0.14042279091148127
1403715346.862143  -1.364418425381446  -2.789197440922174 0.61211169525559805 0.78212077465028551 -0.22452009573453771 0.56358479848815191 0.14230247849162814
1403715346.9121432 -1.3471566476489609 -2.7641431712210633 0.61259422979613032 0.78265974351650025 -0.22822367134485752 0.56161450306074967 0.14123325270058709
1403715346.9621429 -1.3307900756047799 -2.7404382743229334 0.61171705301499668 0.78369818524039081 -0.23220304113850793 0.55884503555996479 0.13996831200999896
1403715347.0121431 -1.3135581253853692 -2.7173453683509665 0.61023312146526565 0.7847284991856488 -0.23559022301973873 0.55626924727024751 0.13879104410854978
1403715347.0621431 -1.2975545763127407 -2.6946363129308977 0.61052980895095554 0.78613836596029996 -0.23814178167406577 0.55334033679063599 0.13816451449918976
1403715347.1121433 -1.2799619380008112 -2.6743113326101335 0.61282854872681369 0.78744651606220217 -0.23695503228150847 0.55147672353120958 0.14019172736381794
1403715347.162143  -1.263033495030663 -2.6521820049380289 0.61207460527395841 0.7892936061321012 -0.23329713863481158 0.54989392126045888 0.14214332128028181
1403715347.2121432 -1.2482750674230887 -2.6328692164346155 0.61482765646133641 0.7908492272002714 -0.22741918736192385 0.54963171432767011 0.14402427455676384
1403715347.2621431 -1.2326852593235142 -2.6129010219502682 0.61797905118348151 0.79203364042076108 -0.22037898311332879 0.55078134209968976 0.14406848870810096
1403715347.3121431 -1.2174750270656935 -2.5932649652217798 0.62266915519563404 0.79328282333077105 -0.21162645400971816 0.55258470041155183 0.14341113988358439
1403715347.362143 -1.1985485948156405 -2.5713490814306779 0.62805476391159865 0.79446988469935753 -0.20160788485602393 0.55498026248341681 0.14201679944114939
1403715347.4121432 -1.1840815935558915  -2.552050342988303 0.63306265463799116 0.79570900037876868 -0.18954905111867865 0.55759869936525275 0.14142854875309979
1403715347.4621429 -1.1673696170211765 -2.5338607608306494 0.63824950598992858 0.79753413392092987 -0.17815222633400213 0.55946720541564388 0.13855517149367075
1403715347.5121431 -1.1543377970595969 -2.5128406809458128 0.64346789261555626 0.79903099878290329 -0.16685166276792285 0.56129522532294462 0.13659302927031211
1403715347.5621431 -1.1380834205962616  -2.492309814105591 0.64863817705884597 0.79980698098153902 -0.15724304067346842 0.56335447526546045 0.13496353037519346
1403715347.6121433 -1.1211143985473602 -2.4711652927534322 0.65418218170444209 0.80034624392764242 -0.14907881568390136 0.56526315892590218 0.13303742971927232
1403715347.662143 -1.1049146327834183 -2.4488836914913739 0.65947496436043196 0.80018537786513089 -0.14329197984320149 0.56774712283828288 0.1297458056058273
1403715347.7121432 -1.0899352086836465 -2.4259933965956568  0.6641625068529059 0.79974620335550972 -0.1410534484657324 0.57032424786972169 0.12345115303717832
1403715347.7621431 -1.0756514798943317 -2.4035860568022622 0.66945232817433009 0.79980362954453699 -0.14044031825419312 0.57196737326930713 0.11594824315812163
1403715347.8121431 -1.0603907478425332 -2.3791012079131142  0.6740959170268056 0.80005935388024652 -0.13867087978424561 0.57337289987524309 0.1091738753422283
1403715347.862143 -1.0462502485034435 -2.3536956394081621  0.6772018162665715 0.80046149917898923 -0.1368865526088027 0.57484644720105904 0.1003744100222892
1403715347.9121432 -1.0326936292183884 -2.3277888895613024 0.68098032191380786 0.80098556920131947 -0.13401638992520903 0.57629757225646239 0.091339111961746058
1403715347.9621429  -1.019598138643915 -2.3036013265097055 0.68455597255873057 0.80142736198262354 -0.13185261608142512 0.57792729508564156 0.079555720680861572
1403715348.0121431 -1.0074747681887848 -2.2793381537517474 0.68837264685821153 0.80171422149735638 -0.12853559296104197 0.57986745983328614 0.066982366467105717
1403715348.0621431 -0.99642671900184254  -2.2579768011212544   0.6901267340261894 0.80307250390700269 -0.12288995914520073 0.5804236260515665 0.05550698812743738
1403715348.1121433 -0.98705637922557066  -2.2357611845549514   0.6942006030790927 0.80402460794272146 -0.11431704643292166 0.58172347285092862 0.045539475750838332
1403715348.162143 -0.97564108247379921  -2.2152694391171122  0.69599275573893227 0.80635428530559716 -0.10415922832419619 0.58108633608406279 0.035809101365536986
1403715348.2121432 -0.96768499188374979   -2.195740000315201  0.69985969206772003 0.80824872167918338 -0.092620739604780608 0.58090959838711231 0.026446946907972776
1403715348.2621431 -0.95869618693102043  -2.1739251739853498  0.70045725611764253 0.81125395810839573 -0.079635378198721435 0.57894358810101709 0.01869609021500997
1403715348.3121431 -0.94954061910142018  -2.1581735518802914  0.70295507464816875 0.81372206635790878 -0.066701117998614279 0.57729275631283583 0.01185044677128237
1403715348.362143 -0.93851500585854464  -2.1428854075247807  0.70352517363042488 0.81630826927344935 -0.055445427487220915 0.57492868683746812 0.0048599524575562289
1403715348.4121432 -0.92996663561982951  -2.1300721700355276  0.70200106075759539 0.81845536062545809 -0.045272571339452304 0.57278373819707218 7.8770257946032663e-05
1403715348.4621429 -0.92053910733364241  -2.1191756265301653  0.69916601763572639 0.82072485016434116 -0.037775257511621266 0.57005384565610173 -0.0047289845992495548
1403715348.5121431 -0.90690743756622594  -2.1041082220795038   0.6918197173164945 0.82221925069796009 -0.030844538021781585 0.56828672591763629 -0.0073698983521704843
1403715348.5621431 -0.89802485203408211  -2.0959490685663722  0.68322168518566018 0.82300543407120541 -0.026280004277617178 0.56732815953270299 -0.010496488254237091
1403715348.6121433 -0.88526068828176563  -2.0906401384013753  0.66928937703916158 0.82221845572728847 -0.023138564406976342 0.56853453541742649 -0.0137804185824767
1403715348.662143 -0.87518204763123419  -2.0854041673254606   0.6559717656876437 0.82062462324782337 -0.022409302443922856 0.57072038055248364 -0.018742948150522264
1403715348.7121432 -0.86484030340172768  -2.0820618818935777  0.64087465518045272 0.81932149388007935 -0.021852052685629432 0.57245976452036285 -0.022904049092471141
1403715348.7621431 -0.84912632016651834  -2.0811491017751016  0.62335682955750571 0.81900242691113301 -0.02122049030589299 0.5727671115875943 -0.026880316003651372
1403715348.8121431 -0.83774733158497616  -2.0808409411044928  0.60776957960746569 0.8183623559333012 -0.019124880657112035 0.5735861971553361 -0.030268263313708334
1403715348.862143  -0.824776755872485 -2.0809279490959192 0.59123640496570096 0.81732278418955651 -0.015802073326952791 0.57497913260445188 -0.033656470293743912
1403715348.9121432 -0.81390086977397502  -2.0831909208843524  0.57664455172493456 0.81671281806500695 -0.012366974243224338 0.57574111886142298 -0.036734109606457885
1403715348.9621429 -0.80838490439865685   -2.083139235564242  0.55934536522838174 0.8163958714838907 -0.0086083334990753341 0.57608221500503598 -0.039407602988749978
1403715349.0121431 -0.79725644096070747  -2.0895166880796596  0.54634122583605627 0.81564582374261874 -0.0041367508265460961 0.57715548943841821 -0.039953954934700817
1403715349.0621431 -0.7911896415245836 -2.0955313581502644 0.53374546930019329 0.8148216549262941 0.00030726827113664224 0.57832429773986016 -0.040082201699540007
1403715349.1121433 -0.78144791803772407  -2.1038837606033933  0.51965365671671526 0.81382650010174629 0.0066170694227483916 0.57976900156979805 -0.038865755404423448
1403715349.162143 -0.77128795686903673  -2.1140440392494844  0.50764900282798175 0.81269221229223254 0.011845470854391877 0.58125644780527541 -0.039140704957727548
1403715349.2121432 -0.76141291532351973  -2.1253544744385287  0.49642371825770604 0.81104571630361333 0.016941658942756389 0.58342517530197247 -0.039152152963646832
1403715349.2621431 -0.75197501556756308  -2.1375313854081686  0.48557690751770688 0.80941980473414366 0.021000353462408985 0.58547710322546476 -0.040188635922521768
1403715349.3121431 -0.74554424353309756  -2.1515659632442952  0.47659463950746611 0.80720030360610073 0.023233693001022078 0.58829066760884896 -0.0424494496087739
1403715349.362143 -0.7375523526624016 -2.1658937442428279 0.46638681735619736 0.80599201883576388 0.026701272005521682 0.58979926126814153 -0.042435115810981812
1403715349.4121432 -0.73362168363767133  -2.1819010682716078  0.45700671217121042 0.80429985555282379 0.029837179678210188 0.59203934869539354 -0.041241904210298268
1403715349.4621429 -0.72906618713827742  -2.1962709771446822  0.43892179774867335 0.803713800341741 0.032581896694239949 0.59280806003347453 -0.039511404776221171
1403715349.5121431 -0.72417873027522328  -2.2126418032750261  0.42740360370277031 0.80315776767146563 0.035139627787048371 0.5935890814299577 -0.036807732816828434
1403715349.5621431 -0.7205170116091868 -2.2290813286868931 0.41474374333320169 0.80419423240701771 0.038073131102690949 0.59211121722457183 -0.035019704284314418
1403715349.6121433 -0.71479664944969745  -2.2475274201252917  0.39834577476322308 0.80531709121017003 0.041661592779742546 0.59035508834552541 -0.034778786010907101
1403715349.662143 -0.71249216496988754  -2.2636967113697852  0.38497764374572258 0.80623805820109129 0.04549626755088481 0.58871039172104722 -0.03647407060808041
1403715349.7121432 -0.71468864364750573  -2.2813679678418799  0.37391305829526361 0.80760784035872146 0.049742854472747365 0.58623252304374451 -0.040331793237974027
1403715349.7621431 -0.71493751370400183  -2.2968653559842966  0.36206003233147804 0.80835314912573808 0.054953586295901156 0.5843914691481642 -0.045076606333791444
1403715349.8121431 -0.71158729268727294  -2.3133495347946758  0.34994238780314479 0.80942642050986369 0.059733256671007415 0.58186273617839168 -0.051928451498772066
1403715349.862143 -0.71248257879503896  -2.3283749000148659  0.33926899181398307 0.8095134903306126 0.065844249699998983 0.58039374622877882 -0.059123118090281923
1403715349.9121432 -0.71352561709351325  -2.3432874153455772  0.32912140056876693 0.80913180842184784 0.073742709573297052 0.57932051928781914 -0.065233927651722451
1403715349.9621429 -0.71511151122703376  -2.3580605572368794  0.31920305268393073 0.80880681936011956 0.082100532750426419 0.57786570439507978 -0.071848863335766205
1403715350.0121431 -0.71725513931582086  -2.3744350115401431  0.31031395847010301 0.80852353158265766 0.091076146752896839 0.5762805123016197 -0.076782846464132706
1403715350.0621431 -0.71645239374709369  -2.3958655790247598  0.29837261833360046 0.8081495549502461 0.099196962804585037 0.57496075865265805 -0.080463565752612681
1403715350.1121433 -0.71885879527717322   -2.413051804000395  0.28775902404328108 0.80994066967402423 0.10714538097376959 0.57077077891051275 -0.082077383522292421
1403715350.162143 -0.71964480435108558   -2.433721714271817  0.27470127117857024 0.81201732839868779 0.11288189261618638 0.56633958070354007 -0.084528196645758238
1403715350.2121432 -0.71741653541432748  -2.4548408063598712  0.26367326812564579 0.81411875265766998 0.11817608345012887 0.56226785210363084 -0.084261096374764588
1403715350.2621431 -0.71844486608869118  -2.4737008203297748  0.25269792028076615 0.81737209733857907 0.12405584821752193 0.5565858578808035 -0.082007218111904895
1403715350.3121431 -0.71867899235161348  -2.4922544591802951  0.24169240098507683 0.81992634222879135 0.12925566201486624 0.55206941749111804 -0.078950145202090594
1403715350.362143 -0.72592942547561345  -2.5140787824250843  0.24036404393435423 0.82237774303525069 0.13263266501967039 0.54797775873998078 -0.076313824804780606
1403715350.4121432 -0.72488006972854135  -2.5313733837915247  0.23022477064874666 0.82410849497159144 0.13643194401810799 0.54503587705325374 -0.071884670771235143
1403715350.4621429 -0.72404880189347909  -2.5498452316733426  0.22110378829835772 0.82534137804747265 0.13903134380661081 0.54305699105457195 -0.067609167934396641
1403715350.5121431 -0.72130169189410664   -2.564305539018096  0.21118352700183279 0.82576571413176625 0.14121572076507541 0.54232865055019275 -0.063629712915127118
1403715350.5621431 -0.72329559749501382  -2.5735751044525395  0.20573919042164335 0.82614223158528399 0.14217950914287897 0.54179141967026001 -0.061123301144990094
1403715350.6121433 -0.71804580445980259  -2.5833327701500606  0.19643474882110573 0.82623723974737617 0.14113394947106153 0.54199612976154843 -0.060443587623829537
1403715350.662143 -0.71150601948054715  -2.5907466966982042   0.1875296798906238 0.82630282893904727 0.13921870260801425 0.542306957520446 -0.061196009317489156
1403715350.7121432 -0.70443359347688317  -2.5974593244790256  0.17879568883097127 0.82621947062461276 0.13627627227170924 0.54291346218340253 -0.063522724725430593
1403715350.7621431  -0.695468447365021 -2.6011946960738523 0.17054245899088863 0.82623856235864213 0.13352549336594635 0.54327406783042065 -0.065985361375782273
1403715350.8121431 -0.68489399609223578  -2.6018805257872661  0.16415070470714707 0.82553349135234821 0.13168610064917116 0.54455697268547032 -0.067903822065144573
1403715350.862143 -0.67324745028393818  -2.6026910678576107  0.15759636440972893 0.82399742902840223 0.13202230192795858 0.54686724782899943 -0.067339156515076534
1403715350.9121432 -0.66068204318756762  -2.6020113588252922  0.15161967499717516 0.82256518467138362 0.13387365225488315 0.5488227092457918 -0.065253321866251005
1403715350.9621429 -0.64728070745310295  -2.5999456323518912   0.1463619719360604 0.82081533770280646 0.13548775539965652 0.55125186845898488 -0.063455709349660716
1403715351.0121431 -0.63331307902601297   -2.596290810517691  0.14144882883673568 0.81988456992471848 0.13681997087682551 0.5524222948654276 -0.062443540132176595
1403715351.0621431 -0.62046566326549535  -2.5900384016501912  0.13842575107326324 0.81948984063771002 0.13791099088206069 0.55277088126197138 -0.062139460203420184
1403715351.1121433 -0.60573251457833011  -2.5824468245099714  0.13527019910465529 0.8189561733162376 0.13854475101744551 0.55343643254894981 -0.061840547218070488
1403715351.162143 -0.59155171290851483  -2.5745538383209361  0.13205314766297446 0.81912387746955284 0.13787834037411129 0.55314707069971869 -0.063670674499695587
1403715351.2121432 -0.57603032267345666  -2.5635049051691667   0.1295628739688322 0.81951817114871872 0.13737670569173749 0.55245346854073307 -0.065671706142436448
1403715351.2621431 -0.55950727330694272  -2.5505266655695822  0.12787419566806146 0.81969952392960954 0.1371732356240723 0.55207582564825453 -0.066996094160721165
1403715351.3121431 -0.54301710126396152  -2.5361860669798499  0.12767061673125507 0.8174555910628617 0.13583830057903779 0.55536757956716398 -0.069865329753580077
1403715351.362143 -0.52596426733826473   -2.520492196460971  0.12730816613409909 0.81537399790822618 0.13545915713100534 0.55837724804840105 -0.070928902052747586
1403715351.4121432 -0.50892885907729457  -2.5035788160139405   0.1273492300691694 0.81304987099081427 0.13458872659089577 0.56177091836577553 -0.07245148193746434
1403715351.4621429 -0.49109906804408821  -2.4864138757160026  0.12619257005877196 0.81118556567679234 0.1346892908427047 0.56446223586651034 -0.072243735025897163
1403715351.5121431 -0.4742423327540507 -2.4673783121351462 0.12644494897968755 0.80985551600986827 0.13454675840260696 0.566446592954996 -0.07189902865420128
1403715351.5621431 -0.4564844967960941 -2.4460263632127766 0.12717228199822364 0.80660416829947057 0.1342532902421838 0.57116003518618397 -0.071707628235666815
1403715351.6121433 -0.44022658652639496  -2.4246639820020777  0.12958523538595809 0.80185015464197518 0.1341111818790926 0.57789087832548902 -0.071362827465203407
1403715351.662143 -0.42528545975931603  -2.4025301464083997  0.13152578752785185 0.79943492753481227 0.13472607713649484 0.58107783534058544 -0.071422895857841992
1403715351.7121432 -0.41115144521861186  -2.3784550059428273  0.13355333000361252 0.79888693383432297 0.13675455007440285 0.5813228163451718 -0.071705252103730091
1403715351.7621431 -0.39816381223736985  -2.3530257588761363  0.13546134207522406 0.79959440247220159 0.1395164252846248 0.57947566247814641 -0.073429661625501949
1403715351.8121431 -0.38722477525621257  -2.3274048617428051  0.13879462946917726 0.80001088071335491 0.14209239719290098 0.57758817275766194 -0.078639964971268503
1403715351.862143 -0.37589487135184796  -2.2993224359095192  0.14106783989410188 0.80072773737082914 0.14515752535989423 0.57485422777717032 -0.085480993461102842
1403715351.9121432 -0.36444511365615362  -2.2698920835265137  0.14415553583405519 0.80097290202905447 0.14924425593271221 0.57232032009194 -0.092833256412265086
1403715351.9621429 -0.35411537458471853  -2.2400567004771559  0.14728383189160457 0.8013974879182284 0.15299715647580067 0.56916042135302081 -0.10203112874963409
1403715352.0121431 -0.34423815565657934  -2.2100364868745084  0.15165703226522032 0.80129463456093297 0.1579601985552819 0.56627541435323958 -0.11093980077187704
1403715352.0621431 -0.33483586055335335  -2.1797479106312738  0.15661467299031881 0.8011692708884981 0.16348946670595141 0.56314539687742338 -0.11944143182315406
1403715352.1121433 -0.32528624524537408  -2.1496929522938717  0.16305606100647604 0.80063428220178734 0.16970223964329711 0.56077988004673907 -0.12534680753031832
1403715352.162143 -0.31105757793806044   -2.123055508204875  0.17085647625304656 0.79986056836415675 0.17445456143284618 0.55878533436038746 -0.13246745741951668
1403715352.2121432 -0.30149380082955057  -2.0944951306429296  0.17759274787452783 0.79898431930065994 0.17775142713090811 0.55747110992072069 -0.13876040237887222
1403715352.2621431 -0.29284234180145252   -2.068123064017322  0.18312720565258278 0.79888314073721522 0.18100518286125541 0.55560368230412671 -0.14257418922547427
1403715352.3121431 -0.28299443030159355  -2.0412897294054191  0.18946017868306628 0.79941424437770725 0.18405915603621095 0.5530868329744919 -0.14544431290189322
1403715352.362143 -0.27366635919132704   -2.015761855181093  0.19717400087273734 0.79932859681580803 0.18647906838932729 0.55173684347747853 -0.14793852410588784
1403715352.4121432 -0.26275714709951464  -1.9904429030319051  0.19825399042825864 0.79950603154865618 0.18585814422055946 0.55019583673659267 -0.15339946864943699
1403715352.4621429 -0.25159207398360733  -1.9655456757454546  0.20182852015634778 0.79992164421206613 0.18237697669322353 0.548372012776702 -0.16171622397438312
1403715352.5121431 -0.23937615974050822   -1.941610653149783  0.20557830295179641 0.79937676773549882 0.1794394345062047 0.54802995104960295 -0.16870520235431344
1403715352.5621431 -0.22673764239691632  -1.9186528898313271  0.20870453813352424 0.79835090638693296 0.179642010150041 0.54872765357088626 -0.17106297281119864
1403715352.6121433 -0.21260597870481004  -1.8974910333496233  0.21184750093190799 0.79667368493083612 0.18293210057881421 0.55092632907667005 -0.1683064652550528
1403715352.662143 -0.19933038956569968  -1.8827512653430627  0.21311559598777116 0.79543428248572001 0.18593246587504195 0.55263552695378848 -0.16524949237006101
1403715352.7121432 -0.19038013300855619  -1.8657388673861071  0.21484717804430131 0.79320620238465145 0.18822485231626987 0.55575363658206189 -0.16289021116952154
1403715352.7621431 -0.17854519897277532   -1.847997794428486  0.21747761036877605 0.79054287374480536 0.19150303279266398 0.55950345366276177 -0.15913654056174037
1403715352.8121431 -0.16448541124262259  -1.8312893424958736  0.21929292531943134 0.78772801559611283 0.19329895297117211 0.56343674745033723 -0.15703222550751728
1403715352.862143 -0.15089611854959084  -1.8153992456213446  0.22066440281659436 0.78569200610060663 0.19529167179143417 0.56619929174841988 -0.15481471668449029
1403715352.9121432 -0.13787261090257566  -1.7997391460498398  0.22245128830177557 0.78470029268775454 0.19733066438266397 0.56761822363186853 -0.15203819175145139
1403715352.9621429 -0.12609735103704972  -1.7847714255091509  0.22382377082589783 0.78396428267867879 0.19699071601419804 0.56852383677879503 -0.15288985676831635
1403715353.0121431 -0.1150901155907275 -1.7705532819293632 0.22528535424039012 0.78369873458759898 0.19553710418286424 0.56867573459218868 -0.15552955725395204
1403715353.0621431 -0.1082316944783918 -1.7561806147599968 0.22901872921868538 0.78347930773655639 0.19589323490717836 0.568631868109856 -0.15634517400976292
1403715353.1121433 -0.098618802334639752    -1.743002878634238    0.2314826951864111 0.78383302799089005 0.19721742951232227 0.56785700201892042 -0.15572249351095277
1403715353.162143 -0.090018098549862105   -1.7313253413984699   0.23609992329449234 0.78453112268297354 0.19868494920021221 0.56651073242394656 -0.15524431890277329
1403715353.2121432 -0.082176586512570052   -1.7196274556093896   0.24386518891558284 0.78474595093687172 0.20009154519325084 0.56580782031134769 -0.15491506222728668
1403715353.2621431 -0.07520363085546071  -1.7087705792423558  0.25395628745915483 0.78474448015280551 0.20143682761985465 0.5652066156602068 -0.15537305738797677
1403715353.3121431 -0.069053409489059525   -1.6985984777239582   0.26671948777221893 0.78514838481729643 0.20265473902657924 0.5640335039104124 -0.15601050296503305
1403715353.362143 -0.065382121595532472   -1.6903208044173712   0.28342430821906661 0.78565547603139452 0.20428587595583855 0.56258655952968262 -0.1565538785958166
1403715353.4121432 -0.060483938787701093   -1.6817530262422107   0.29616925729603311 0.78574367172082982 0.20722284411700961 0.56158308276817304 -0.15585254690033754
1403715353.4621429 -0.057033662183867503   -1.6751224355187093   0.30693373295470239 0.78532795645128417 0.2095986952212075 0.56131152291234032 -0.15574903538528428
1403715353.5121431 -0.052593958925102567   -1.6690980232689092   0.31380801075919057 0.78545885980117047 0.21161213988022021 0.56034345067892766 -0.15585217065024029
1403715353.5621431 -0.046109945636084851   -1.6615675609847149   0.31520235737183838 0.78548865600333395 0.21354778428384902 0.55974030160837041 -0.15522792877863661
1403715353.6121433 -0.042544339937935209   -1.6538614094865134   0.31380368034620276 0.78540222191687548 0.21506041052122879 0.55906963439519175 -0.1559920303467533
1403715353.662143 -0.039068778296237124   -1.6465870566559822   0.30980881616215089 0.78475833688317287 0.21732042964187237 0.55924896863477058 -0.15545666480911693
1403715353.7121432 -0.02871973706871471   -1.636169475058326  0.30316199697676077 0.78438161591176836 0.21902671222465117 0.55930175656930792 -0.15477184837750624
1403715353.7621431 -0.026098205462064206   -1.6299976668331593   0.29727064178855944 0.78378565765242048 0.22071936595290775 0.55947880874735334 -0.15474646010281348
1403715353.8121431 -0.02458602403064555  -1.6238846881993172  0.29152968734263718 0.78285609864472716 0.22274722380823342 0.56007536669106806 -0.15438778036602402
1403715353.862143 -0.02279784781671166  -1.6160917328653295   0.2832471167277093 0.78242759681146468 0.22398549820445607 0.56002229194118447 -0.15495994602115939
1403715353.9121432 -0.021790413167791241    -1.608076626321356   0.27549793529440347 0.78156082373599578 0.22508228720177198 0.56056619733015967 -0.15577606106181854
1403715353.9621429 -0.021564944318940602   -1.6000226213665703   0.26696957777259361 0.78168465775969886 0.2260706794390881 0.5598280662888917 -0.15637672434314506
1403715354.0121431 -0.021276371117946249   -1.5906424257295255   0.25691696637214023 0.78194160039427207 0.22677852803785792 0.55891957462919317 -0.15731415031760138
1403715354.0621431 -0.022009739834286231   -1.5821314508889344   0.24675557457007868 0.78370480744414672 0.22596706614906936 0.55595253454347482 -0.16019500347888946
1403715354.1121433 -0.023278646259102843   -1.5736624336251324   0.23672063481535274 0.78558279511469109 0.22266114791820918 0.55271770099456352 -0.16668781669581847
1403715354.162143 -0.02666066849683587  -1.5660791623323917   0.2272092859463378 0.7871859757658477 0.21954748391175241 0.5496491664346701 -0.17327127777927165
1403715354.2121432 -0.027915260888846809   -1.5588223157149379   0.21679410418820058 0.78882327824348442 0.21710136562723256 0.5466934059702826 -0.17818853109166474
1403715354.2621431 -0.028942387544030748   -1.5530615136340824   0.20718451133360716 0.79016563546839913 0.21650196356749002 0.54436044738422495 -0.18010239204377254
1403715354.3121431 -0.029174917778985791   -1.5476585136742733   0.19832069035595812 0.79044856833368127 0.21765630648343254 0.54368402063237498 -0.17951177893452844
1403715354.362143 -0.028771476101416848   -1.5431273209391654   0.18935668026471666 0.79092979506119332 0.22031267409881794 0.54292499741556044 -0.17642231178963874
1403715354.4121432 -0.027581804983363489   -1.5391050447489529   0.18067362755380439 0.79111593175166517 0.22376761924616906 0.54265024268350737 -0.17203008231448022
1403715354.4621429 -0.021596891915809473   -1.5316611307544337   0.17341168351266564 0.79119485505169285 0.22709523155105002 0.54240687871278126 -0.16802748308405979
1403715354.5121431 -0.018557347366178038    -1.527429523294779   0.16525761151892093 0.79085765240387962 0.229677234182495 0.54275755117790947 -0.16494478582805416
1403715354.5621431 -0.012534181820165847   -1.5233689593357895   0.15731125436483359 0.79070515586488288 0.2305884474808903 0.54298774859797594 -0.16364177110244577
1403715354.6121433 -0.0077053399267699649    -1.5184678882840446    0.15333636670623244 0.79016852899754619 0.23046413468513219 0.54376330023938346 -0.16383360985604076
1403715354.662143 0.00074837926316431453    -1.5143498783816054    0.14920308258052387 0.79014784311448694 0.23016850381897996 0.54398041749201864 -0.16362808822590835
1403715354.7121432 0.0061355931156986294   -1.5092790761430384   0.14968106689117636 0.79009602046154415 0.22955247798860537 0.54421666282440628 -0.16395780617094374
1403715354.7621431 0.012949173475351267  -1.5037033158155915  0.15355620697941802 0.79008771431478175 0.22898436442391437 0.54445926404756595 -0.16398681145446692
1403715354.8121431 0.025008232800030773  -1.5001990275035526   0.1603967461364445 0.79078950040513296 0.22778356002630926 0.54378979419233697 -0.16449703815873662
1403715354.862143 0.032753944518352597   -1.494108033730331  0.17009119838609926 0.79055465478124831 0.22792793221280996 0.54422442918841796 -0.16398770135420165
1403715354.9121432 0.04033682050117457 -1.4887575395273671 0.18227409033337852 0.79047267651879594 0.22591689764169975 0.54410957258351766 -0.1675090327717953
1403715354.9621429 0.047946583505706034  -1.4862980793121434  0.19625081322678645 0.79005960639769046 0.22436032455024968 0.54435996499759021 -0.17070586285847178
1403715355.0121431 0.056168473915872014  -1.4810236122812761  0.21165988627244842 0.78906530259271168 0.22337930082101709 0.5452500635562243 -0.17372393157224938
1403715355.0621431 0.06488280410272311 -1.4761898783606886  0.2264551859300406 0.78849128259848 0.2240811391793813 0.5456094662588199 -0.17429701850301502
1403715355.1121433 0.072598110600015808  -1.4747238259954079  0.24019441047816048 0.78809107830008296 0.22646929132230093 0.54537195108539105 -0.1737629055958182
1403715355.162143 0.081525283305260404  -1.4707295295168656  0.25341054824632014 0.78714294780629346 0.2302751690427606 0.54486575797290915 -0.17464430145227755
1403715355.2121432 0.090504814985720591  -1.4669365815280913  0.26577335250601108 0.78658509886146655 0.23498312179518679 0.54279950905982766 -0.1773006138875311
1403715355.2621431 0.10001341341443855 -1.4658027158293903 0.27816616566515356 0.78474798268961643 0.24149454594753436 0.54168563977545725 -0.18007680473405008
1403715355.3121431 0.10902694048320698 -1.4635072212498885 0.28936089697536477 0.78283406212959128 0.25006680659714725 0.53973713357954611 -0.18254109138307231
1403715355.362143 0.11842243604002155 -1.4603317690820976 0.29990802457443388 0.78041401899544438 0.25919547148932542 0.53766370591241952 -0.18625092176772651
1403715355.4121432 0.12711112479649336 -1.4582866856527354 0.31063525706205403 0.77694129896426667 0.26807392610863295 0.53632691897032636 -0.19196881020681034
1403715355.4621429 0.13605294713074872 -1.4564100175331411 0.32156896923616546 0.7733666504663812 0.27678183519697253 0.53434489201975366 -0.19942762101525466
1403715355.5121431 0.14535469976591947 -1.4540034627537786 0.33230944641109167 0.76884632307686906 0.28567739360551997 0.53326915556854115 -0.20709361649541647
1403715355.5621431 0.15446317924104208 -1.4524410443446905 0.34291540052243674 0.76453317716881852 0.29503278204737876 0.53150792224393206 -0.21434553206790707
1403715355.6121433 0.16365894449229038 -1.4503450028235059 0.35257858122398988 0.76054504016433366 0.30444130615177223 0.52889706560612804 -0.22170842785799155
1403715355.662143 0.17502298514822717 -1.4474156185946379 0.36281102675581167 0.75647225562398079 0.31424250698466999 0.52690277777007311 -0.22666017747574774
1403715355.7121432 0.18400084686037893 -1.4429769363238014 0.37159216733281775 0.75284823664324729 0.32270436931464586 0.52510277214771139 -0.2309729449333377
1403715355.7621431 0.19177709590783754 -1.4414100588666234 0.38047860363981517 0.74976500022669368 0.33010053877987872 0.52348052347571072 -0.23420977834816309
1403715355.8121431 0.20149986688400007 -1.4404572553474175  0.3883603250169203 0.74775537409641479 0.33624772190509455 0.52164675854426024 -0.23597463703506619
1403715355.862143 0.21136474726645513 -1.4396970276764138 0.39572625004704881 0.74655307445506436 0.34101912932254735 0.5196294752544911 -0.23738085201743891
1403715355.9121432 0.22275930846006178 -1.4339296169770857 0.40413487919208735 0.74532714260110211 0.34497222654645354 0.51847585118132644 -0.23804286411370915
1403715355.9621429 0.23272286188754709 -1.4320679742433866 0.41170922315139225 0.74445493527562001 0.34864450350368875 0.51759183937615239 -0.23734478576882642
1403715356.0121431 0.24271879396486237 -1.4301545134853173 0.41910041240829254 0.74345691237640854 0.3513445965701843 0.51778394694874819 -0.23606901148360751
1403715356.0621431 0.25126205200056995 -1.4295448573423719 0.42633618824103586 0.74277544564802289 0.35418783209744731 0.51823275966031623 -0.23296013339484606
1403715356.1121433 0.26071650239670574 -1.4267988810230252 0.43355737037877762 0.74241548656572365 0.35668692169990707 0.51911091602642023 -0.22829266755162128
1403715356.162143 0.26990499314842936 -1.4233884940686587 0.44041809951002359 0.74239192435756052 0.35812081715511002 0.52021473884927327 -0.22356282439801339
1403715356.2121432  0.2786627697585411 -1.4188232696688345 0.44649180183855364 0.74233313744179463 0.35788182188496998 0.52214629906380128 -0.21960272537947162
1403715356.2621431 0.28632844190685652 -1.4136216739218721 0.45280608510451686 0.74283338899665596 0.35663471099319072 0.52361651892330285 -0.21641621985698953
1403715356.3121431 0.29336603568349284 -1.4063861073519495 0.45799566814192705 0.74425595617596285 0.35517787405594559 0.52398631283127195 -0.21300256675258789
1403715356.362143 0.30003884524372315 -1.3930276706273865 0.45824998217186397 0.74697740889344943 0.3530776982299752 0.52254016453144292 -0.21050573879802872
1403715356.4121432 0.30391556825823907 -1.3838068300858748 0.46373753390798894 0.75017763945044269 0.35046946336070861 0.5204332098657668 -0.2086958039564607
1403715356.4621429 0.30850618859249479 -1.3729380040881396 0.46625207143582414 0.75358135529903447 0.34646419693493213 0.51818634292790555 -0.2087117993571668
1403715356.5121431 0.31259011982624196 -1.3608284964547375 0.46781379969554315 0.75747442417629796 0.34015863074830482 0.51518225827069397 -0.21239548820380436
1403715356.5621431 0.31663862739334864  -1.347494886148519 0.46885894826699648 0.75979006261701676 0.33549347920924688 0.51340443135232705 -0.21582186178489476
1403715356.6121433 0.32046488888908786  -1.332393439596719 0.46977127746283115 0.76113348205118947 0.33254810669638574 0.51175061726305016 -0.21954244456179323
1403715356.662143 0.32466111760280203 -1.3164348523416567 0.47019262457969918 0.7610818883308601 0.3312293823288659 0.51078415763430762 -0.22392186102875505
1403715356.7121432 0.32968923957937707 -1.2994078923346148 0.47084090288069086 0.76039490678345811 0.3323772670112678 0.50937764771069616 -0.2277264809472419
1403715356.7621431 0.33340375059737859 -1.2803045401745774 0.47284073122846482 0.75877808374515365 0.33487447031073192 0.50811426523323366 -0.23223867513536697
1403715356.8121431 0.33899983813155665 -1.2620643087926251 0.47252662618491892 0.75618538001740188 0.33864831041617105 0.50694019696259907 -0.23772385156675249
1403715356.862143 0.34596352366347416 -1.2431019620959947 0.47255050759950901 0.75384099999777177 0.34503633679241952 0.50405764111994178 -0.24207347530001649
1403715356.9121432 0.35343594088710267 -1.2236776718578224 0.47238007923564362 0.7510770719814418 0.35126912852098169 0.50063918078359637 -0.24870392428794483
1403715356.9621429 0.36179016808348152 -1.2044985405821704 0.47526208050826851 0.74709481263222888 0.35808302940467246 0.4975940056832841 -0.2569554251197107
1403715357.0121431 0.37081969265415998 -1.1844295088624164 0.47867159712019169 0.74125930751134284 0.36701947252966705 0.49599522330294465 -0.26423490358488144
1403715357.0621431 0.38095087143596573 -1.1642876723730087  0.4840465151221654 0.7357408817748845 0.37639868698041434 0.49291243387618305 -0.27211526207618925
1403715357.1121433 0.39194633544035284 -1.1440539724670487 0.49076232426917232 0.72919622004503126 0.38580378178604324 0.49113178845782846 -0.27967459841365733
1403715357.162143 0.40166160522854832 -1.1262330017938864 0.49653626206725238 0.72281677039449599 0.39583129102023057 0.4889050606419279 -0.28605130163039116
1403715357.2121432 0.41391876012700674  -1.106503576446485 0.50412968097881072 0.71691390747093442 0.40542564919781421 0.48666422153525224 -0.29124290158693045
1403715357.2621431 0.42570730459225303 -1.0871724670203398 0.51043695993724092 0.71055295070172197 0.41402923383784523 0.48652242667758694 -0.29494105532542442
1403715357.3121431 0.43845609128359869 -1.0696796511676721 0.51764713277950702 0.70524533291538871 0.42156006603770263 0.48682049921639686 -0.29651632782369419
1403715357.362143 0.45344463661627693 -1.0505947239961653  0.5265113268897641 0.70091181667093883 0.42785508079601736 0.48729616290239502 -0.29699344219810708
1403715357.4121432 0.46840243193700193 -1.0312033254912234 0.53507659549420128 0.69800142669114762 0.43218779177436134 0.48700964746840431 -0.29804248732525429
1403715357.4621429 0.48319904851689355 -1.0113534810826768 0.54228877856976132 0.69517232910636595 0.43634966862691416 0.48759625974352028 -0.2976311257549219
1403715357.5121431  0.50055508764294099 -0.99088071132677247  0.54810687157418225 0.69416228040942773 0.43988694592886829 0.48648250126860215 -0.29660239246776232
1403715357.5621431  0.51541595129499329 -0.97114658870174997  0.55325429771077761 0.6935326881810463 0.44288107730872073 0.48531488956556373 -0.29553040410794185
1403715357.6121433   0.5294938761439365 -0.95191915611657152  0.55801660427776967 0.69286839635241149 0.44580446276492697 0.48438379778177987 -0.2942177811781817
1403715357.662143  0.54317670004150609 -0.93284553566342432  0.56190315715695716 0.69145932917118613 0.44808079946510287 0.4848931939088908 -0.29323400852166259
1403715357.7121432  0.55674129113775628 -0.91389210444496705  0.56736778214243244 0.68876443842627832 0.44937978934509115 0.48755033726179137 -0.29318257438566936
1403715357.7621431 0.56985625690738995 -0.8933503494859778 0.57131160386583868 0.68694422470115268 0.45119065940994874 0.48931220353161575 -0.29173307746291388
1403715357.8121431  0.57758389746311101 -0.87432538449559027  0.58198259041351363 0.68423223894510454 0.45365274088836854 0.49218564062756376 -0.28944555452221915
1403715357.862143  0.58556926557432498 -0.85392658697706714   0.5836442900577864 0.6821807407021544 0.45642141726969021 0.49456614974797952 -0.28585529625327322
1403715357.9121432 0.59498714794134355 -0.8322492331118535 0.58525302588945038 0.68129185469477238 0.45831940921807718 0.49550069875858543 -0.28330863980878451
1403715357.9621429  0.60252229255792011 -0.80944580307509362  0.58663781463099685 0.68173125240762633 0.45956895415278631 0.4949334877424173 -0.28121116368446325
1403715358.0121431  0.60581383301509917 -0.78821241514146012   0.5888429358345848 0.68225601255339829 0.460782056016872 0.4940014324109151 -0.27958758013110246
1403715358.0621431 0.61167441393954902 -0.7651501944359097 0.58936566580298366 0.68312435875187183 0.46159027883494813 0.49298467380399319 -0.27792379595725397
1403715358.1121433    0.611983801126044 -0.73979693894973053  0.59168705778322428 0.68459232517929336 0.46065583431297696 0.49138095798500042 -0.27870110288401662
1403715358.162143  0.61430378729872492 -0.71365720894366114  0.59114024020609879 0.68634968895406823 0.45839750272749913 0.48956905124343664 -0.28127918165134008
1403715358.2121432    0.615627713938106 -0.68539027566045174   0.5896652363770376 0.68964321967819742 0.45565670414507764 0.48570290658300996 -0.28436224091174722
1403715358.2621431 0.61496691630685485 -0.6590067150825446 0.59031096302239083 0.69168630538294029 0.45323501396008248 0.48332193144105401 -0.28731165596681052
1403715358.3121431  0.61447753846817688 -0.62961709881935535  0.58795744079134571 0.69347583233755561 0.45237686081072637 0.48093296023417925 -0.2883573018447021
1403715358.362143  0.61389207480120922 -0.59861920400431357   0.5860214828952629 0.69375447314710437 0.45356889978212611 0.47961712828406877 -0.28800589298720719
1403715358.4121432  0.61263524502118438 -0.56726626875997999  0.58391987459769767 0.6915945048370935 0.45701897832093208 0.48026355402421333 -0.286666379280268
1403715358.4621429  0.61107431263037393 -0.53314781005700873  0.58164419548393476 0.68812610548995168 0.46085868262653235 0.4812534599842837 -0.28720523122694774
1403715358.5121431   0.6085968799742939 -0.49703160410713476  0.57906431551931981 0.68292455780762129 0.46499045619712215 0.48351845209083433 -0.289150186713654
1403715358.5621431  0.60552378108793037 -0.46221376380867818  0.57586022371768175 0.67790254745139344 0.46882483871475555 0.48523942376946538 -0.29188029803820592
1403715358.6121433  0.5998948024015337 -0.4251642802664185  0.5740809399714335 0.67318748731067535 0.47211078708792742 0.48636904687423921 -0.29559289891031099
1403715358.662143  0.59411224102182592 -0.38936622527255343  0.57050135023688708 0.66912587272245572 0.47358498438953489 0.48655413347797211 -0.3020809563836751
1403715358.7121432  0.58832588636538574 -0.35044117150482157  0.56683086629995483 0.66618201835151158 0.47265210480511116 0.48470807768826091 -0.31282516790078663
1403715358.7621431  0.58098852339072404 -0.31291567252788005  0.56421615474716602 0.66366048836937264 0.47207049635851978 0.48231840611258281 -0.32260371629936968
1403715358.8121431  0.57385801096736666 -0.27577469863031978  0.56173320558537865 0.66100518891206295 0.47217998373774989 0.48033092934155125 -0.33075731512186973
1403715358.862143  0.56754018318329891 -0.23739238046598785  0.55716305233929087 0.65867780846497292 0.47259274605486001 0.47811342572206383 -0.33794554762035206
1403715358.9121432  0.56493499458175744 -0.19897652960861381  0.55522775070802077 0.65590308495388794 0.47289653599343323 0.47765540203561396 -0.343519033387643
1403715358.9621429  0.55720193090211867 -0.16372212569821057   0.5504552976329935 0.65368414377560846 0.47435094880064371 0.47656737214402028 -0.34723444148877536
1403715359.0121431  0.54967198359490166 -0.13070161883244436  0.54515277839274756 0.65307381504689188 0.47579628448263245 0.47359477564074165 -0.35045752418576415
1403715359.0621431   0.54226175764118667 -0.097515029088246621    0.5390436185825922 0.65289250281795663 0.47811396594597827 0.4706874867358915 -0.35155611950549615
1403715359.1121433    0.5344029761759288 -0.067804306477780657   0.53299030806509573 0.65199799297313776 0.47980760813404638 0.46946173164167754 -0.3525463924927939
1403715359.162143   0.52723331900073755 -0.037005997396992549    0.5275127884118298 0.65047280111128791 0.48085296498442315 0.46967222868157998 -0.35365740298402026
1403715359.2121432    0.51955899727594923 -0.0095769885879889438    0.52866388405849096 0.64888440789834112 0.48106807948715219 0.47062554868245121 -0.35501284626377128
1403715359.2621431  0.51258240971512792 0.018149631129591608   0.5241222875746977 0.64738572805516881 0.48156134475679901 0.47211762252075068 -0.35509905780198375
1403715359.3121431  0.50561158993779276 0.044457374657855958  0.51963331228533916 0.6463670578674694 0.48264702650646002 0.47358541453855069 -0.35352274247150356
1403715359.362143  0.49848538129187264 0.067211752640245981  0.51452377341211875 0.64592828155833204 0.48386731214358986 0.47463464921669379 -0.35124212316432651
1403715359.4121432  0.49061839793298972 0.090693325677246028  0.51049037586278745 0.64490939035253103 0.48555051260531312 0.47701586968347665 -0.34754631060329322
1403715359.4621429 0.48317823974975965 0.11252274798053297 0.50866050013159525 0.64376641887385788 0.48713802603627498 0.47964300331372811 -0.34380798549771541
1403715359.5121431 0.47505704003042259 0.12887645766286202 0.50702023022172105 0.64290227647187126 0.48796705662233769 0.48203889077647477 -0.34088608410670512
1403715359.5621431 0.46458120596201252 0.14941611475277339  0.5059112891838744 0.64221426598324138 0.48784907873804761 0.4842593406628502 -0.33920053644242143
1403715359.6121433 0.45164680064417456 0.17149685718967789 0.50364672986587156 0.64206695171670036 0.48698954529471916 0.48528472041421 -0.33924910083796722
1403715359.662143 0.44004889309232598 0.19286824540967829   0.503314027307872 0.64319622670670784 0.48571900822154457 0.48472813341298832 -0.33972679564687391
1403715359.7121432 0.42735449170328815 0.20711979605442279 0.50368303087672073 0.64488306679842566 0.48432186818418793 0.4831576112162439 -0.34075927115641114
1403715359.7621431 0.41226676806336027 0.22318725722725483 0.50608465925407886 0.64694911513729625 0.4831818868198397 0.48105065180969786 -0.34144161589612049
1403715359.8121431 0.39686830210901863 0.24155640058578504 0.50633296486594803 0.64836477984886287 0.48152144247397027 0.47986077912956587 -0.34277375241183333
1403715359.862143 0.38171506354282425 0.26022810858905843 0.50345137282381125 0.64987493366115534 0.48128928223269324 0.4781843107863854 -0.34258278171063633
1403715359.9121432 0.36496454618635271 0.27748142765231593 0.50473488845492542 0.65245977018959311 0.48079559336978706 0.47482535000928972 -0.34303459398272546
1403715359.9621429 0.34719679938583009 0.29293063011542458 0.50632139395188569 0.65543483233687616 0.47920850430517342 0.4708997324698026 -0.34498961132329448
1403715360.0121431 0.32856766768287043  0.3072252946158095 0.50806190489020231 0.65700023624748605 0.47958946250582507 0.46859993884830908 -0.34461389167513629
1403715360.0621431 0.31115056025704141 0.32069185372509063 0.51047251129365168 0.65794579823852661 0.48041294721704147 0.46710781994809059 -0.34368737432417629
1403715360.1121433 0.29366394032785226 0.33647468705077116 0.51152874186014341 0.65836813319325305 0.48139048896442782 0.46625532405454273 -0.34266685150596876
1403715360.162143 0.27729424809599268 0.34781636503733643 0.51406602119879119 0.65835066707745271 0.48234431588475352 0.46597979257527739 -0.34173263379993979
1403715360.2121432 0.25903092885021639 0.35816123141853173 0.51340654738779978 0.65819780228622937 0.48329415773789808 0.46558697065643245 -0.34122013849853572
1403715360.2621431 0.24243936529063245  0.3696412421464555 0.51601164014738043 0.65870064143361939 0.48311906970187746 0.46540550910172168 -0.34074498024636884
1403715360.3121431 0.22499687256699771 0.38485469883667256 0.51692903796507972 0.66022285526218327 0.48126343612253158 0.46509843935085471 -0.3408441405604376
1403715360.362143  0.2091719506111589 0.39579157242638924  0.5192698703638855 0.66381658119168641 0.47647743421752103 0.46362178485381628 -0.34259544921879947
1403715360.4121432 0.19404367409390966 0.40594990423990684 0.52191576189967603 0.66867300643659189 0.46947301314218953 0.46174236893485837 -0.34534835329659275
1403715360.4621429 0.17980459949845667 0.41528895744647232 0.52483100503251789 0.67433606492334586 0.46144485135681013 0.46019316343705274 -0.34722006426153812
1403715360.5121431 0.16692885766187754 0.42512953224942251 0.52682517822889541 0.68031976740484612 0.45260884764400577 0.45946623018065408 -0.34813938076029188
1403715360.5621431 0.15798088244373054 0.43329155041961942  0.5296735657363485 0.68600873982002475 0.44380093078820754 0.4601842937229173 -0.34736602961832924
1403715360.6121433 0.15101367293273468 0.44118961378639066 0.53118259413231539 0.69144852399598689 0.43562085341662699 0.46266945246134028 -0.34361371988246397
1403715360.662143 0.14350544870300108 0.44810955104902139 0.53456020578681795 0.69589641480629238 0.42784509429535139 0.46742356521056405 -0.33792301761347365
1403715360.7121432 0.13630078005206769 0.45511820283475185 0.53620920874277345 0.70040343460719379 0.42020082108193696 0.47251976149518926 -0.331045878616608
1403715360.7621431  0.1296553260329992 0.46086085148173583 0.54020112736302595 0.70451269452412435 0.41389462748804617 0.47898994214603713 -0.32081417660980249
1403715360.8121431 0.12443421696648151 0.45945515929140174 0.54361609838004732 0.70888578670946034 0.40715914873341746 0.48548261131191145 -0.30985319607477974
1403715360.862143 0.12252311015493889 0.46168469625289554 0.54717292596410694 0.71320308899275908 0.40010403530476851 0.49203196672732696 -0.29860116962675437
1403715360.9121432 0.12063846463629294 0.46587879282912803 0.55202534193877606 0.71732345299281064 0.39212513321254677 0.49895849448411084 -0.28762017396501094
1403715360.9621429 0.12033219083717483 0.46780879662294311 0.55712402017734441 0.72236004900430206 0.38342252948689493 0.50439768712691835 -0.27706695347043681
1403715361.0121431  0.1172630203656229 0.47428602167465689 0.56216655064412469 0.72741826843374269 0.37427396287920622 0.50912975479698563 -0.26752300132869256
1403715361.0621431 0.11570985888539247 0.47653253383950045 0.56715709907132839 0.73281324792398472 0.36415892611211592 0.51361778735593322 -0.25801121818937728
1403715361.1121433 0.11543932197404178 0.47758541918992825 0.57472330221615919 0.73853873811074755 0.35348243406764518 0.51709791585070353 -0.24944026647327061
1403715361.162143 0.11370197847564145 0.47864554711517332 0.57881200295313284 0.74406727069217471 0.34289677939589291 0.52035137499149386 -0.2408737053085786
1403715361.2121432 0.11284128485227431 0.47990827786910439  0.5836321846348248 0.7493900381694637 0.33254349470003136 0.52368733177390825 -0.23147564313461721
1403715361.2621431 0.11201028845318661 0.48141646391218823 0.58863253824662443 0.75429504170754325 0.32206469528265952 0.52704063119444677 -0.22257918855558506
1403715361.3121431 0.10675496132777432 0.47939732019694553   0.586770015975142 0.75858452090636408 0.31234017694397997 0.53060813863147849 -0.21318569775175578
1403715361.362143 0.10528345551639932 0.48061290054724826 0.59122502089737872 0.76262741826425773 0.3020483994955126 0.53445174953000418 -0.20378300394809634
1403715361.4121432 0.10489583251523799   0.486484828604141 0.59473657803089885 0.76700332058647314 0.29150747808205429 0.53745447126248025 -0.19460726541301759
1403715361.4621429 0.10291582899370283 0.48892853858492585 0.59746560626424894 0.7708210746220252 0.28111883161475559 0.5403668975826682 -0.18657622953362324
1403715361.5121431 0.10040090170312764 0.49197343447657149 0.59968838704237692 0.77375186559624587 0.27202069077084434 0.54320694939705472 -0.1795522330844915
1403715361.5621431 0.09767259051154295 0.49582328215525279 0.60216615500556003 0.77650839019968743 0.26451933005441164 0.54504491225992602 -0.17317704119375826
1403715361.6121433 0.09438671348222627 0.50031904489222678 0.60344397483826628 0.77874553641762279 0.25899123599467583 0.54661921629302679 -0.16639219202467528
1403715361.662143 0.090868284786193604  0.50572017575064987  0.60424711337724801 0.78074984311631934 0.25382561252104235 0.54763024631628898 -0.16156532493614173
1403715361.7121432 0.088286942597579771  0.51554559921712495   0.6071485750447202 0.78371210212838094 0.24800702658312379 0.5472234387374294 -0.1575892250101345
1403715361.7621431 0.084738078565709835  0.52287405293976963  0.60657393200003162 0.78733654398512198 0.24148013090953213 0.54602671321341412 -0.15376391429342412
1403715361.8121431 0.082472091981815127  0.53348490813597726  0.60454601165720256 0.79136100865678294 0.23450964653157744 0.54431395114529635 -0.14991765156228223
1403715361.862143 0.085326494578032278  0.54852654431863768  0.60679457239529888 0.79571731457518113 0.22670717833067028 0.54244373787218336 -0.14557679012075436
1403715361.9121432 0.083367569599316169  0.55768210925664741  0.60335863285485325 0.79890615775076446 0.21908798663663148 0.54242034948209561 -0.13974823679438422
1403715361.9621429 0.082054141140205095  0.56864097898372579  0.60134537615696637 0.80111335865347133 0.20993325653079839 0.54401354340161201 -0.1348876531968409
1403715362.0121431 0.079194116644503834   0.5794938785688285  0.59634753953206077 0.80312985742773624 0.20026791730103255 0.54603736446227913 -0.12929961337567572
1403715362.0621431 0.078895002770624584   0.5915656179445411  0.59357970341627131 0.80505490542094926 0.1908202000826103 0.54820938975752476 -0.12223221948316777
1403715362.1121433  0.0816055445526703 0.60775801224204506 0.59082010739829671 0.80715158470401971 0.18044395005055078 0.55017563604186548 -0.11512197751026078
1403715362.162143 0.084525439560528728  0.62443878208865899  0.58276837767211054 0.80958396142752109 0.16990469669147268 0.55179969451447741 -0.10594008011716002
1403715362.2121432 0.08639404116011748 0.63872121016688543 0.57721803067921418 0.81143305157878898 0.15885482961054623 0.55403590044272899 -0.096880167916624294
1403715362.2621431 0.088763642976220941  0.65360322231737056  0.57196163770669783 0.81284332974933837 0.147304029660455 0.55672346945787576 -0.087442682270079494
1403715362.3121431 0.09514248362523052 0.67134305512535308 0.56503592085963184 0.81494917925123633 0.13532888272828825 0.5581487381756367 -0.077549434622013871
1403715362.362143 0.098785328620166354  0.68812280247391455  0.55877791095635021 0.81671445008760635 0.12304821251207737 0.55967437710622392 -0.067832411327048509
1403715362.4121432 0.10209824368935339 0.70541794411205294 0.55254712466170475 0.81821976078294856 0.11039031247280004 0.56118430703644751 -0.058331599604967081
1403715362.4621429 0.10583954983872089 0.72413995509105722 0.54588434563791066 0.81945235497523283 0.096994690219030469 0.56271239125086525 -0.049443227317728808
1403715362.5121431 0.11153278977161329 0.74277186576278376 0.54097511368371143 0.82043023694809658 0.083288853311521277 0.56421830128237271 -0.040185839712215989
1403715362.5621431 0.11592639263005683 0.76297522023339337 0.53434532803738855 0.82183457258486969 0.070573257940559408 0.56453110917594951 -0.030198962572777582
1403715362.6121433 0.12126296511517093 0.78341498713910507  0.5292645920704615 0.82271415077679788 0.057393400871073183 0.5651215628040509 -0.022023689563101453
1403715362.662143 0.12725688981290204 0.80697810108816725 0.52312637631317394 0.82329722970812258 0.044287751732589767 0.565719667694765 -0.013473091134852304
1403715362.7121432 0.13379965047966616 0.83074822993478292 0.51832418542705216 0.82362443477920289 0.03066588411930548 0.56627198759176012 -0.0061991979075968059
1403715362.7621431 0.14105535140310865 0.85645777521978683 0.51402185610438667 0.82391543388049204 0.015471770078625812 0.56649976317568507 -0.0014143783254479641
1403715362.8121431  0.1508805073380563 0.88382122083031633 0.51380946510538117 0.82401283047628482 -0.00098852401991824388 0.56656938099259191 0.0010072499167474071
1403715362.862143 0.15827039635210793 0.90946412988312941 0.51019366456585513 0.8231138957765245 -0.019458027815521032 0.56754283973269415 -0.00015748419874854548
1403715362.9121432 0.16694184389018091 0.93489048490547577 0.50780824615289022 0.82002454509757228 -0.038977952026534118 0.57098841726314531 -0.0035625896010363679
1403715362.9621429 0.17498076995018949 0.96041592097616857 0.51019682933427757 0.81598361736523106 -0.056055851151538397 0.57533457413088984 -0.0043134154513892759
1403715363.0121431 0.18154266355186588 0.97976944524211007 0.51275394104387995 0.81209131680129565 -0.071633143325670126 0.57909342840208966 -0.0052141283773717113
1403715363.0621431  0.1895334272135325 0.99993361955918691 0.51290243485719289 0.80939284083432028 -0.085393907221332235 0.5810106878938105 -0.0042059920095480685
1403715363.1121433 0.19715344950536773  1.0182709339441531 0.51434068333410143 0.80752110820746892 -0.097160215870731703 0.58177985617285155 -0.0013233302045712195
1403715363.162143 0.20401479864462296  1.0339144618913338 0.51557341302678927 0.80745536968215359 -0.10726961804414521 0.58008664479523975 0.0029222502153984932
1403715363.2121432 0.20864209067123804   1.048005902366598 0.51799133853606905 0.80719497624003633 -0.11647747285705773 0.57861811102681759 0.0083875050782729298
1403715363.2621431 0.21230402721613215  1.0620880926424674  0.5145915936830906 0.80664816812682938 -0.12488539782781968 0.57748841328797607 0.015149349331025488
1403715363.3121431 0.21626229606782621  1.0703382410607951 0.51791863145362826 0.80615526513670799 -0.13324191006227298 0.57612321031036107 0.021031605668728047
1403715363.362143 0.21970579526672776  1.0763021852377592 0.52182048280660542 0.80516815871730707 -0.14142831772613554 0.57528154209687132 0.02744839622969418
1403715363.4121432 0.21749021758830647  1.0772563489169302 0.52308929442083463 0.80348830254671133 -0.14909631202714579 0.57531782127995834 0.034441863018577205
1403715363.4621429 0.21887549698167527   1.076773135596738 0.52989985150602881 0.80194848452479961 -0.15688462527395627 0.57490767050529867 0.041797283586359167
1403715363.5121431 0.22020409299403973  1.0743237857967114 0.53528438754726126 0.80034602775218633 -0.16436657947609262 0.5744299207832706 0.049599692756624236
1403715363.5621431 0.22015594975979469  1.0715196684619026 0.54069220274675889 0.79930441413571263 -0.16970428735449172 0.57335285554145432 0.059828182649395933
1403715363.6121433 0.22021533627557918  1.0660183765734796 0.54780761475088913 0.7984306517662233 -0.17393350297458385 0.57175641635321239 0.073145274776204458
1403715363.662143 0.21933760758391865  1.0579123958984713 0.55368535305106881 0.79729490533271719 -0.17918345841186831 0.57015828741355901 0.084460934494554066
1403715363.7121432 0.21812962774352268  1.0495418610661884 0.56025755405776567 0.79547986543211813 -0.18508445568639861 0.56898457398929714 0.095979594277048233
1403715363.7621431 0.21692385348749976  1.0378150107618933 0.56615275508270557 0.79309009638933348 -0.19274812809331934 0.56805893829646736 0.10566598670891875
1403715363.8121431 0.21692675685162885  1.0268624975588729  0.5732968432501383 0.79033307575977152 -0.20157697078364634 0.56697876226874211 0.1152190841223522
1403715363.862143 0.21428754468299144  1.0169122290787651 0.57920251089862118 0.78736776320246316 -0.21202644924095801 0.56547118476480041 0.12385123936608118
1403715363.9121432 0.21059465937546293  1.0069474002696774 0.58569896722827708 0.78377791618509118 -0.22237567785761875 0.56427247654625778 0.13355825773898755
1403715363.9621429 0.20588126447098901 0.99835431351966886 0.58895605226873726 0.77921453245451755 -0.23299124705133512 0.56349713897112397 0.14495090748425535
1403715364.0121431 0.20125239425792937 0.98705443400986237 0.59406349832209837 0.77483760631479504 -0.24530430277287762 0.56180950985673994 0.15434557821978839
1403715364.0621431 0.19203510662536286 0.96996089516599793 0.59055345598663733 0.76990986322546728 -0.25719090852652732 0.56040018638469957 0.16444838150445837
1403715364.1121433 0.18375247102464612 0.96205562289926572 0.59579325907695013 0.76530045647987321 -0.26820634349667838 0.55901773508677899 0.17285757281151254
1403715364.162143 0.17626508666320326 0.95165401989684284 0.60093546278922472 0.76098779338961309 -0.27774088456135371 0.55778110533629144 0.18065939744422216
1403715364.2121432 0.16852831066323659 0.94183793353962331 0.60560304062913761 0.75829711529568844 -0.28599941762395792 0.55527303429234287 0.1867128154165352
1403715364.2621431 0.16069094158852387 0.93248989217432232 0.61042524069540838 0.75607469944825256 -0.29383921526559553 0.55298713920689879 0.19030183472080286
1403715364.3121431 0.15213057849746375 0.92350908873520854 0.61537077696690468 0.75457740072407087 -0.30099553041869087 0.55066246112662243 0.19179544022329406
1403715364.362143 0.14287412106593128 0.91517851757870294 0.62050376528055984 0.75394389008126672 -0.30703308104075677 0.54814232143198616 0.1919356486192702
1403715364.4121432 0.13555766624866039 0.90952060349969843  0.6315635032260688 0.7533372679839242 -0.31211922078269827 0.54648856172879756 0.19082663489174848
1403715364.4621429 0.12596560864488085 0.90123459913133031 0.63804286761758189 0.75246720706702375 -0.31530489200766243 0.5457999824340718 0.19099294892680291
1403715364.5121431 0.12342195287565186 0.88692922538967534 0.64784429669754229 0.75217592640737285 -0.31843332971788652 0.54509408399910431 0.18895510008244715
1403715364.5621431 0.11303899524041983 0.87733227459950158 0.65464213495526358 0.75164556164723928 -0.31968764691759605 0.54541007806671538 0.18803352043600166
1403715364.6121433 0.10192477681822451 0.86697407556582906 0.66176483019064802 0.75150881719234852 -0.32007533199125943 0.54539792038956103 0.18795581387013452
1403715364.662143 0.086193924993956617  0.85420192645478155  0.66971926245961888 0.75045364185269936 -0.32068404383807936 0.54620562195435729 0.18878690103693899
1403715364.7121432 0.073911368376242251  0.84032585066181187   0.6795703100140621 0.74934479764094386 -0.32015825399542386 0.54650330158896343 0.19317144716395623
1403715364.7621431 0.059470403998605134  0.82756045657727884  0.68803963131969736 0.7492743684337031 -0.31915466900995576 0.54469494207320013 0.20008907550712038
1403715364.8121431 0.048414021642390982  0.81085246504864594  0.69826494135956407 0.75039123832297749 -0.31845422927678479 0.54078662646253528 0.20748425950685478
1403715364.862143 0.032761509739096986  0.79847095251801314  0.70703644630621443 0.75128004108963287 -0.31918864763020227 0.53634161714370465 0.2145566983434401
1403715364.9121432 0.017762303251637006  0.78571103174349843  0.71513180501771378 0.75149448187194012 -0.32157537053741864 0.53235462452114246 0.22009970134168649
1403715364.9621429 0.0025251612682114285   0.76849582450247489   0.72427982227919041 0.7517868950127029 -0.32408496495772848 0.52791815293023603 0.22602615729652886
1403715365.0121431 -0.011983286994463917   0.75561799985061229   0.73225892452385177 0.75063171911823212 -0.32898617087090903 0.52492655333449612 0.2297220825991069
1403715365.0621431 -0.026386294966935491   0.74268106055829974   0.74023819167051619 0.74975239413660788 -0.33346174556485336 0.52114676064118592 0.23469270462556818
1403715365.1121433 -0.040531238407966144   0.73044084997312764   0.74899951284379873 0.74717378288752423 -0.33844246219279206 0.51940984137025303 0.23958600676616337
1403715365.162143 -0.048160171775494823   0.71433961944112667   0.75909084339653476 0.74288273325370424 -0.34392373599434045 0.51953428933060453 0.2447975299363635
1403715365.2121432 -0.057784386042993817   0.70199192573561564    0.7673482143118775 0.73878541512837115 -0.34940733957639802 0.51925918237199631 0.24996104289690818
1403715365.2621431 -0.069810191602789104   0.69043976492577441   0.77539393304641835 0.73546093995648221 -0.3536900574346401 0.51865762825116124 0.25494080435875477
1403715365.3121431 -0.081483456741319502   0.67947484713663786   0.78279079212183023 0.73268939969911429 -0.35740818955141368 0.51784263301000366 0.2593542693834035
1403715365.362143 -0.092575683642600687   0.66925977248809043   0.78965245207114043 0.73002055505506847 -0.36155831202682204 0.51713545867444521 0.26251951086152842
1403715365.4121432 -0.10337400128821442  0.65967835700220567  0.79610906199985532 0.72635935335071267 -0.3671827001837763 0.51710028637309091 0.26492687353032546
1403715365.4621429 -0.11429772795531495  0.65076563348122263  0.80198786106881781 0.7232211028647908 -0.37293949844213303 0.51553680419070536 0.26849426511119479
1403715365.5121431 -0.12104236615016814    0.643046498231862  0.80973219891870563 0.71904227378329744 -0.37973149191978495 0.51450365784398921 0.27215471449540446
1403715365.5621431 -0.13153539120178465  0.63539764725849601   0.8148430132940363 0.71511091642900548 -0.38678035436634656 0.51221322332475749 0.27686630082329222
1403715365.6121433 -0.13410336024884734  0.63776522713512396  0.82657736832566664 0.70970445367100576 -0.39621230804862551 0.51070493704068909 0.28020682124564
1403715365.662143  -0.144001322234073 0.63191313832243179 0.83168804274002017 0.70318577806933702 -0.40692680844274465 0.50987014323123403 0.28279457408688707
1403715365.7121432 -0.15434610245137184  0.62620251528529114   0.8363432166337651 0.69637317519873021 -0.41809922179213704 0.50858185656153965 0.2856605271591891
1403715365.7621431 -0.16494572005747105  0.62137790564448037  0.83989613353617232 0.68955541019887989 -0.42940646754873413 0.50653457866676033 0.28904349587503236
1403715365.8121431 -0.17459002595366141  0.61605610186568105   0.8445281238977691 0.68315451570871177 -0.44023185451966285 0.5036228596739788 0.293018492840943
1403715365.862143 -0.18663520391071575  0.61085923355609262  0.84848154275280452 0.67728292136357748 -0.44923656017309316 0.50090965475068461 0.29759683333431974
1403715365.9121432 -0.19715192408991103  0.60677786071604323  0.85241205163148348 0.67233952259398355 -0.45741848395704204 0.49767479039916329 0.30174111402605436
1403715365.9621429 -0.21031847775600293  0.60304669252777143  0.85595100453899464 0.66781460649189772 -0.46501429592233706 0.49496865643285881 0.30461678399749365
1403715366.0121431 -0.22361385608709825  0.59955338782129086  0.86033472714615566 0.66236116579143289 -0.47231733354596078 0.49473069169620382 0.30567231666810035
1403715366.0621431 -0.23949732205696814  0.59919966322757678  0.86678798347274899 0.65809817524217651 -0.47891422044443438 0.4938359077996094 0.30606217892244203
1403715366.1121433 -0.25482944119828738   0.5953345903072409  0.86901819098330169 0.65362432947059546 -0.48511878118853025 0.49419166385686164 0.30530247859566467
1403715366.162143 -0.27156303259740255  0.59158782334855409  0.87135438110982577 0.65049659474698363 -0.48888433947239562 0.49379136109457028 0.30662089711823293
1403715366.2121432 -0.28993784794296296  0.58819597543644453  0.87311749477131606 0.64818605266075791 -0.49154221767442297 0.49354035473737895 0.30766704020008023
1403715366.2621431 -0.30965714862145061  0.58640978577133906  0.87472847611872329 0.64644426317574533 -0.49316303889540775 0.49327075644637014 0.30916660962891879
1403715366.3121431 -0.32486528172535717  0.58860826525065235  0.87482244093779804 0.64610290236372314 -0.49367782293100182 0.49157324639150785 0.31175148778376915
1403715366.362143 -0.34673737256869563  0.58572281511115876  0.87662638548996186 0.64605835752818164 -0.49351145415032116 0.49045151070521736 0.31386678533638118
1403715366.4121432 -0.37197176021034861  0.58763204122477819  0.87810320581239831 0.64824244055290992 -0.49267395817319104 0.48723293223083636 0.31568683683946835
1403715366.4621429 -0.39683110244326092  0.58555095967470661  0.87951343589678022 0.65108879199363179 -0.49046719290330104 0.48318715901134424 0.31946124489893202
1403715366.5121431 -0.42214904381946916  0.58349867060817395  0.88094622298300995 0.65417731228690179 -0.4880372327892753 0.47927181782689865 0.32275412954348437
1403715366.5621431 -0.44774122987964415  0.58168945533313943  0.88177279916215279 0.65684445216876486 -0.48631405486856255 0.4764794345033504 0.32406998347236565
1403715366.6121433 -0.47357034382570529  0.57956936624953526   0.8818099055934826 0.65983836919482286 -0.48502923677118676 0.47327829693221801 0.32460378874624368
1403715366.662143 -0.49903581916623002  0.57754151949490096  0.88183368872836665 0.66242325082946307 -0.48368533147940895 0.47087660819295291 0.32483712338475235
1403715366.7121432 -0.52436363742443026  0.58122292416834931  0.88434515009076431 0.66519624630886043 -0.48254905439082901 0.46867588516669417 0.32404209397288863
1403715366.7621431 -0.54945711083727578  0.57907146361808381  0.88385262278412413 0.66752282421180165 -0.48207977612566905 0.46689729566578791 0.32252020697453776
1403715366.8121431 -0.57443945902409221  0.57674444525940394  0.88323472907502498 0.67044788770862662 -0.48163085121719179 0.46431266057510556 0.32085059802423782
1403715366.862143 -0.60122752113910316  0.56945349343872698  0.88155966530075469 0.67283250219806345 -0.48118386833378224 0.46269823278050903 0.31885553817210738
1403715366.9121432 -0.62542462734665405  0.56547050258894582  0.88160049319295442 0.67445770722376963 -0.48053743557898332 0.46202648414420316 0.31736745599222504
1403715366.9621429 -0.65334133382744508  0.56505637522591101  0.88567989902291799 0.67545619617765873 -0.4809134360219226 0.46206403414159331 0.3146077278955382
1403715367.0121431 -0.67685834909331644  0.55975388724255015  0.88703267263797714 0.67632861773837971 -0.48079206925895651 0.46238685826568154 0.3124371621126017
1403715367.0621431 -0.69987922845666994  0.55361813106123181   0.8887882537337185 0.67668854448727023 -0.4808151648728427 0.46327444589315653 0.31030014303958969
1403715367.1121433 -0.72432632476498571   0.5477340912187908  0.89239901324203419 0.6771914545598976 -0.48046600200083484 0.46391072251064142 0.30878956642354127
1403715367.162143 -0.74826842348461542  0.53926031383788009  0.89737587016559694 0.67799260919538196 -0.48041994626770201 0.46422153676908462 0.30662854058995515
1403715367.2121432 -0.77050231422298721  0.52996648775639332  0.90091835484869631 0.6786300031915784 -0.47916150524255718 0.46491005822575032 0.3061440974809323
1403715367.2621431 -0.79246845101669383  0.51973293982436397  0.90419631563253822 0.67860903053409882 -0.47946240729433348 0.46637845918740534 0.30347440827040911
1403715367.3121431 -0.81527936202745199  0.50905109725882858   0.9067550183925378 0.6797679458047905 -0.47922138924209817 0.4661355432740652 0.30162900266022319
1403715367.362143 -0.8376678312937198 0.49700486510620123 0.91060873653766805 0.68073505859242023 -0.47956077641067485 0.4659243020466125 0.29922531058375079
1403715367.4121432 -0.85933136106253283  0.48313409300351118  0.91590473362865654 0.68148130735030921 -0.47944348596949077 0.46601304587204062 0.29757186118751178
1403715367.4621429 -0.88190774869274013  0.46854687511157889  0.91877661359031382 0.68213404541245282 -0.47886882935421254 0.46631314309143229 0.2965296628372236
1403715367.5121431 -0.90358790862902127   0.4512606844087671  0.92235773936178755 0.68326401492423461 -0.4787020724585081 0.46566593625845293 0.29521153016452972
1403715367.5621431 -0.92669437167986324  0.43404215149167574   0.9255309734722742 0.68417587097266375 -0.4778744509593188 0.46569949061376531 0.29438643165269374
1403715367.6121433 -0.94872872000184849  0.41483957791670206  0.92989390655377613 0.68441493827771505 -0.4769627981769512 0.46654395568768126 0.29397179937676921
1403715367.662143 -0.97051532810556917  0.39426733337259562  0.93419413010954566 0.68458647534517714 -0.47641556682470848 0.46745726469422089 0.29300728855466396
1403715367.7121432 -0.99219604206800904  0.37194429586968192  0.93856074253060728 0.6848351298587485 -0.47486397504893679 0.46817900713334754 0.2937915373044408
1403715367.7621431 -1.0136779162897729 0.34834340662248647 0.94250724853394041 0.68507012969973158 -0.47384600774319879 0.46888704332862574 0.29375809595237534
1403715367.8121431 -1.0344967105224727 0.32227205269094317 0.94323339068298806 0.68546961370311565 -0.47224172501791878 0.46924394176338635 0.29483772648723489
1403715367.862143 -1.0558035000909367 0.29660428411780698 0.94779577562197659 0.68563699833277114 -0.47006134347221623 0.46986507269471101 0.29693610988210378
1403715367.9121432 -1.0771771437591502 0.27008265809920839 0.95247389407660099 0.68528466355216511 -0.46728574282577379 0.47090898109701285 0.30045581368003865
1403715367.9621429 -1.1000825619626888 0.23975423310713775 0.95443551238484647 0.68319877608845436 -0.46524376390102123 0.47404588088243632 0.30342738063801045
1403715368.0121431 -1.1204705007914013 0.21148103506862148 0.95829996779950699 0.68110706579378189 -0.46401217650511817 0.47690763525769608 0.30552409465323749
1403715368.0621431 -1.1410142590293779 0.18820881301911863 0.96008851352313873 0.67853378977247014 -0.46352257211847586 0.48024919385745896 0.30675630893747352
1403715368.1121433 -1.1621523700110887 0.15948063389540271 0.96245754210275769 0.67677431586400427 -0.46319290760650256 0.48240283169722692 0.30776023736074165
1403715368.162143  -1.183565889091506 0.13065327755541115 0.96447912223313637 0.67502709400540761 -0.46343276598086497 0.48431294649694856 0.30823605180021246
1403715368.2121432 -1.2045364323107406 0.10004061333330927 0.96553136889011426 0.6736997323793309 -0.46421111692459033 0.48567435554971167 0.30782646065115105
1403715368.2621431 -1.2251044678360652  0.0727545798866302 0.96502255230109424 0.67196542760234823 -0.46600897449666384 0.48757145769732002 0.30589569044802095
1403715368.3121431  -1.2477955527411118 0.044452961519067177  0.96524111702355853 0.67042825471621748 -0.46804974821103629 0.48910386752345991 0.30369852691665494
1403715368.362143  -1.2711223546740948 0.016096023737755254  0.96519779811166362 0.66795771428276185 -0.4706673310769352 0.49185790809742358 0.30063358699435017
1403715368.4121432   -1.2956236444874747 -0.012182296991179578   0.96483227995664878 0.66598376091870493 -0.47266046562990494 0.49399549831968126 0.29837252229886796
1403715368.4621429   -1.3211096582629405 -0.041255257976672954   0.96464872724467965 0.66345436593803242 -0.47384160018258575 0.49681517977023615 0.29745103698598491
1403715368.5121431   -1.3434366801808704 -0.061959808710989384   0.96480860005484226 0.66168881583163675 -0.47451456244736989 0.49822508606961402 0.29795235296878092
1403715368.5621431  -1.3711994839622217 -0.08996344672363428  0.96421086172291881 0.66142568980194205 -0.47342173888557754 0.49789545997739842 0.30081227527226329
1403715368.6121433  -1.3980628006278015 -0.11342559887932611  0.96259977422222376 0.66258290849223345 -0.47114850736967823 0.49556304191007333 0.30564725562342587
1403715368.662143  -1.4280169593433663 -0.14050467024981253  0.96151491936988098 0.66445447782214195 -0.46891181052439307 0.49228009382571453 0.31029384472751953
1403715368.7121432 -1.4586295419648523 -0.1669335769891703 0.95995106529451235 0.6656975027268941 -0.46786365298639443 0.48987412048108581 0.3130076407378683
1403715368.7621431 -1.4880480724337948 -0.1929778946307838   0.960046335145052 0.66696128438795321 -0.46659442232417281 0.48733738213889721 0.31615592063655856
1403715368.8121431  -1.5194797007082299 -0.21762613147693477  0.95902029642763853 0.66775620241733002 -0.46566526250392754 0.48542379556523857 0.3187808904708242
1403715368.862143  -1.5505532437417773 -0.24131895022285083   0.9572838990996031 0.66837810364289751 -0.46603037271143538 0.48370737351122123 0.31955215394680209
1403715368.9121432 -1.5812210621355247  -0.264432837258464 0.95603345128232675 0.6695396659289049 -0.46564714907866961 0.48237180513244005 0.31969799798558196
1403715368.9621429  -1.6122913435954118 -0.28773250534029177  0.95472290461799036 0.67172937795158838 -0.46471921974710462 0.4812016726664558 0.31821476995485237
1403715369.0121431   -1.642598225697278 -0.31043127476505222  0.95336325559135071 0.67485371638786695 -0.46332780157511594 0.48026450979333973 0.31503303064602223
1403715369.0621431 -1.6728184002707023 -0.3327290481345383 0.95219525365420332 0.67892352727738281 -0.46095104929457148 0.47961116108139279 0.31074122421981387
1403715369.1121433   -1.702569765673422 -0.35486925530053048  0.95172431423063719 0.68350202808581095 -0.45704274233743958 0.47985400319305793 0.30606705948019441
1403715369.162143  -1.7319369954719244 -0.38113782563312221  0.95031039051219113 0.68873709218520396 -0.45159099912653872 0.48049335100664736 0.30138501454877836
1403715369.2121432  -1.7610772977230482 -0.40451989045075432  0.95011386688683219 0.69418062564053318 -0.44523238244381713 0.48189085548756533 0.29607868549793176
1403715369.2621431  -1.7890649415267486 -0.42538778643881237  0.94870746426635255 0.70001418042181207 -0.43680051296923628 0.48388131173568588 0.29162361912427953
1403715369.3121431  -1.8194163980992977 -0.44957483300676426  0.94922873882452696 0.70619223832905842 -0.4285407549365714 0.48584022727534149 0.28566521916962917
1403715369.362143  -1.8429402134831065 -0.47314175878813075  0.94622066435122343 0.71189759173598266 -0.41939241611180184 0.48880887244338311 0.2799601871856815
1403715369.4121432  -1.8680447633873736 -0.49632871402534073  0.94722623371655645 0.71823185930271183 -0.40972373178843885 0.49129828624942262 0.27367033785250755
1403715369.4621429  -1.8930333183637991 -0.51995156696155531  0.94880575968675573 0.72422177174356339 -0.40003179182435689 0.49431917030304617 0.26669448575723625
1403715369.5121431  -1.9174129824075523 -0.54370491903336227  0.95069217662841343 0.73006132974899485 -0.38994646865751592 0.49762493878502001 0.25946411444719597
1403715369.5621431  -1.9416660660125946 -0.56760194500158334  0.95202201394747521 0.73567173587775214 -0.37969025896856379 0.50106017370876343 0.25211328128034788
1403715369.6121433  -1.9685292979075666 -0.59343662407461961  0.95025853021922602 0.74123457226143152 -0.36890936269419661 0.50457561161286146 0.24470521687630861
1403715369.662143   -1.992009775584723 -0.61722165196668766  0.95136573698779359 0.74640162026518897 -0.35878734876435053 0.50740796512849051 0.23810379366216267
1403715369.7121432  -2.0163820878756944 -0.64007211852010004  0.95042482499891567 0.75062333286515714 -0.34966380990823515 0.51011627379190783 0.23255369145967233
1403715369.7621431  -2.0387587702813348 -0.66515370287742426  0.95179295995411684 0.75470152010255687 -0.34099750399367079 0.51183399191107559 0.22841252712876664
1403715369.8121431  -2.0605584066591467 -0.69040129641443704  0.95337274941616623 0.7580862692073026 -0.33418220036236601 0.51302902506735981 0.22456332033249565
1403715369.862143  -2.0804451345319639 -0.71998035310801922  0.95015819512106414 0.76127788621714942 -0.32763426946433433 0.51331427686952136 0.22275596196564823
1403715369.9121432   -2.100850826497747 -0.74607042335752216  0.95004030821926611 0.76461417928092634 -0.32261317588123251 0.51217863973052413 0.22126666399204939
1403715369.9621429  -2.1296645748933649 -0.77314801783059406  0.94422060819271092 0.7679598112998578 -0.31860472753833236 0.51033325268252105 0.21974696135553298
1403715370.0121431  -2.1490091695423517 -0.80222551150011323  0.94045512890527128 0.77089723761290185 -0.31470025131123652 0.50809265729377417 0.22027948717389251
1403715370.0621431  -2.1661755486576162 -0.82840914052116921  0.93910655511933283 0.77327684663876006 -0.31089757277819441 0.50599949665949584 0.22214888492490756
1403715370.1121433  -2.1813059963399239 -0.85478087447730011  0.93806004097912032 0.77423315135784487 -0.30801135069212537 0.50543771821694539 0.22410878650102223
1403715370.162143  -2.1950084221600243 -0.88096197426457001   0.9371461329955123 0.77334208346027844 -0.30493284948964888 0.50744026103497031 0.22685316998490526
1403715370.2121432   -2.206861622055845 -0.90661893933173043  0.93623449771399225 0.7701576693523895 -0.3058097847993434 0.51234807677125604 0.22547059251146223
1403715370.2621431  -2.2085924409147122 -0.92965391740061842  0.92878799165181758 0.76644151514743886 -0.30789092157221837 0.51740828401373606 0.22373924981073265
1403715370.3121431  -2.2179451898027271 -0.95531756707989657  0.92739661853261457 0.76339060805937919 -0.31004063569351398 0.52153310749837112 0.22161408242389644
1403715370.362143  -2.2168591579378214 -0.98408425689624868  0.92976187553502787 0.76041533048827281 -0.31334618721516583 0.52512171564019905 0.21870042496351727
1403715370.4121432 -2.2231642138505507 -1.0111758067035299 0.92753147734163344 0.75742352082610165 -0.31726540481963023 0.52853869955473687 0.21517229393445536
1403715370.4621429 -2.2264577231441489 -1.0369142654798225 0.92404438241455689 0.75532979600361805 -0.32067916067320001 0.53046703485106883 0.21271224721529289
1403715370.5121431  -2.230506306579382 -1.0601642997266145 0.92249569364845363 0.75329550338671081 -0.32371197781277367 0.53205125371669704 0.21137148203197889
1403715370.5621431 -2.2332627408027026 -1.0840123418987859 0.92134360131925797 0.75198440476270512 -0.3262421048289556 0.53273351829506455 0.21042942407233653
1403715370.6121433 -2.2400695982675103 -1.1083437921597417 0.92035411540566892 0.75067180598969996 -0.32765943188441327 0.53358706559781033 0.21075099007137316
1403715370.662143  -2.247415522074685 -1.1328290918418562  0.9189502736645413 0.75012165434288647 -0.32950819257421704 0.53336729577017639 0.21038341787121242
1403715370.7121432 -2.2549502024750714 -1.1567411111196366 0.91832876792227824 0.74975292416311423 -0.33024990420454509 0.53314401043089787 0.21109954434675318
1403715370.7621431 -2.2624382623862114   -1.18167593149926 0.91730154503676831 0.74998303544788891 -0.32959628602195157 0.5321984887123018 0.21367382477329422
1403715370.8121431 -2.2695099870522815 -1.2067078280996379 0.91737250321031005 0.75087916733992344 -0.32857311628879432 0.53046466905188572 0.21639643757429822
1403715370.862143 -2.2775505309856228 -1.2315625110240229 0.91629322256915358 0.7520475464100459 -0.3280262730435764 0.52817977008654249 0.21874501732176235
1403715370.9121432 -2.2855065389507541 -1.2562447789845752 0.91487079545871042 0.7528241107123157 -0.32810058743337966 0.52650103501432644 0.22000573398192469
1403715370.9621429 -2.2914037978354478 -1.2814482229390585 0.91537729698623294 0.75463345653789626 -0.32884965265588656 0.52334509968704601 0.22021843441302952
1403715371.0121431 -2.2985328644323668 -1.3060923826382755 0.91265384428935781 0.75734711189385129 -0.33043693537190727 0.51872575516605934 0.21945472146997866
1403715371.0621431 -2.3021185435196219  -1.332933398952812 0.91449989500012918 0.76122091751182797 -0.33270146469221823 0.51212713290564649 0.21812439083226348
1403715371.1121433 -2.3079050945113377 -1.3587390387201947 0.91173351594513508 0.76500140078981438 -0.33436154707726601 0.50577375937422875 0.21718222062171427
1403715371.162143 -2.3122169169156708 -1.3845913075195861 0.90841429233155324 0.76811905536496705 -0.33589329882248642 0.50052374144496503 0.21597405594495028
1403715371.2121432 -2.3149763831157597 -1.4114539867600211 0.90471839117041453 0.7707970319659625 -0.33667008266694631 0.49605055249796787 0.21554359261169262
1403715371.2621431 -2.3161145784822077 -1.4396823525086881 0.90082829132053877 0.77224122553315311 -0.33708314903419451 0.49350827953799437 0.21556441787014299
1403715371.3121431 -2.3155375882871048 -1.4691477692700943 0.89671427708757789 0.77285101452501725 -0.33678957132393073 0.49255296800582482 0.21602237778468089
1403715371.362143 -2.3146917650307071 -1.5014092149254721 0.89773608449919706 0.77304477875403665 -0.33644543465713955 0.49248688238682081 0.21601599527905535
1403715371.4121432 -2.3110333403631556 -1.5330362760195049 0.89410884279253455 0.77234057923404698 -0.33577604243534959 0.49379448722438957 0.21659058931928099
1403715371.4621429 -2.3047022084225444 -1.5664061890868801 0.89222079437174096 0.76928366098304624 -0.33567670936471428 0.49867993018388668 0.21643041137139879
1403715371.5121431 -2.3002285436592946 -1.5986421169086646 0.89178503494435879 0.76452156975336605 -0.33649598851379142 0.50600463687086794 0.21502680428531817
1403715371.5621431 -2.2930301811125395  -1.629811517891153 0.89018626535257905 0.759762307276583 -0.33730566588123506 0.51362430001408754 0.21254694220623022
1403715371.6121433  -2.285873722891488 -1.6636802276724054 0.88845534761489686 0.75551221278487202 -0.33804833969426551 0.52014790186189563 0.21064371946850108
1403715371.662143 -2.2779598056996395 -1.7007560310637166 0.88576356121042932 0.75157089861255422 -0.33927573144532686 0.52605299698281449 0.20808990070725569
1403715371.7121432 -2.2704430342295434 -1.7370385617266346 0.88235199556447885 0.74851481328904002 -0.34099298614717471 0.53066257635662029 0.20456438531636081
1403715371.7621431 -2.2634038004550838 -1.7741997359692814 0.87887802972073981 0.74675751106442767 -0.34181213223283741 0.53356660390776045 0.20205040242880343
1403715371.8121431 -2.2602242970960695  -1.813136942861683 0.87841219524934044 0.74602346656366969 -0.34130768308236625 0.53518651785466054 0.20132919289530671
1403715371.862143 -2.2550409245094971 -1.8515440071334672  0.8744620909373112 0.74825673657969283 -0.33922888896185743 0.53281923056622504 0.20282821449598204
1403715371.9121432 -2.2505589545998164 -1.8903375802248805 0.87115960411530413 0.7507881302545496 -0.336167555329836 0.52995516446999569 0.20604873662320528
1403715371.9621429 -2.2466217916832991 -1.9298565631927884 0.86748962830151111 0.75328653976835169 -0.33283880073336769 0.52710468880104899 0.20961481048376907
1403715372.0121431 -2.2426143649894863 -1.9701243889519773 0.86372503164495296 0.75529440797632663 -0.3307702020851318 0.5247919748363683 0.21145877574505129
1403715372.0621431 -2.2395932993392442 -2.0098616026654166  0.8611674476061002 0.75548627761412368 -0.32875105859503045 0.52498314481307129 0.21343833646179813
1403715372.1121433 -2.2352822374345913 -2.0500079195981558 0.85846986893590382 0.75514779330203607 -0.32768195974900566 0.52586792380167524 0.21410107482829702
1403715372.162143 -2.2306818245331952 -2.0893336012852628 0.85650678810894065 0.75477454079639228 -0.32661932024052787 0.52707729864452546 0.2140671237364592
1403715372.2121432 -2.2256804717130514 -2.1296685770225321  0.8554707254328322 0.75437141048440526 -0.32529154755806911 0.5293489102976856 0.21189364147538353
1403715372.2621431 -2.2201231961511603 -2.1696631520477183 0.85545547426718815 0.75525932062249379 -0.3221681691274787 0.53043314229478955 0.21078830842618645
1403715372.3121431 -2.2143850460332244 -2.2098449210220239 0.85621357830199885 0.75654386515054617 -0.31816980018483371 0.5318811677650559 0.2085947787704569
1403715372.362143 -2.2085441587889898  -2.249892262000718 0.85796326145872104 0.7584443916171979 -0.31318095144736235 0.53327030067379166 0.20567591714692179
1403715372.4121432 -2.2021783500999548 -2.2899258195661782 0.86123088866539788 0.7604512216188557 -0.30627288270498843 0.5353496031020748 0.20325270801742742
1403715372.4621429 -2.2008673711976261 -2.3261521977704858 0.85953180999105805 0.7621673524414363 -0.30057132687844851 0.53734632562976681 0.20004182228506356
1403715372.5121431 -2.1962429669288639 -2.3649964966808117 0.86470753372064268 0.76410372602811039 -0.29499620902022128 0.53856947189905413 0.19765033891200445
1403715372.5621431 -2.1927790009136952 -2.4027071967942311 0.87079111965710232 0.7651322885771169 -0.28982790810360332 0.54060023681859393 0.19576452337620606
1403715372.6121433 -2.1894245982038769 -2.4363353302274589 0.87540381118129096 0.76605607225838723 -0.28574812921368964 0.54218432487500123 0.19375824799674551
1403715372.662143 -2.1837527793293647 -2.4720057328350591 0.88150273506083943 0.76716372235689478 -0.28184339483449267 0.54318918787621606 0.19227488151617389
1403715372.7121432 -2.1786028195993032 -2.5108087735314957 0.88730052622043265 0.76788771189310079 -0.27929890429513377 0.54423272657209476 0.19013501337475869
1403715372.7621431  -2.172519671478705 -2.5489967598968732 0.89163089901534098 0.76889823656867262 -0.2768981695241039 0.54431153040453095 0.1893353199602856
1403715372.8121431 -2.1670728044689271 -2.5868222471818312 0.89645336311178969 0.76916962475289308 -0.27531285630706359 0.5451706583405499 0.18806879803431373
1403715372.862143 -2.1618146056078871 -2.6243013629030205 0.90086092951984964 0.7696315778558217 -0.274498766432624 0.54545684439333109 0.18653281882445166
1403715372.9121432 -2.1551411536369516  -2.663613077272136 0.90427342146526868 0.76960333125893843 -0.27455332640455515 0.54618881314355106 0.1844151942551851
1403715372.9621429 -2.1500816455121763 -2.7004149536011077 0.90813055081324212 0.76915022815594403 -0.27528062225775018 0.54723690842351924 0.18209961997795071
1403715373.0121431 -2.1449291082246549 -2.7367753340419796  0.9115939772272339 0.76903561312992941 -0.27619631178770582 0.54764762335281014 0.17994972555900368
1403715373.0621431  -2.139612373021937 -2.7736220215440026 0.91482686559676085 0.76864045336952413 -0.27711189310156797 0.54830914714426038 0.1782075511966075
1403715373.1121433 -2.1345884851653389 -2.8104310171649258 0.91762229465455236 0.76816642779663968 -0.27814431337355172 0.54886146870430097 0.17693831782817171
1403715373.162143 -2.1301951904242098 -2.8474328596786829 0.92007250006268415 0.7678469392755406 -0.27893430923269114 0.54917418229237747 0.1761091890889411
1403715373.2121432 -2.1259579937036253 -2.8844161561256687 0.92248216830475716 0.76747275706520901 -0.27965533292166328 0.54938866915810614 0.17592769006579173
1403715373.2621431 -2.1229910273259192 -2.9191243442242372 0.92568517966901886 0.76749403254071336 -0.28003620917196959 0.5488540556941045 0.176895045479291
1403715373.3121431 -2.1197330169955086 -2.9558020257786999  0.9290656460177501 0.7676814337785397 -0.27873873412675049 0.54819169606327955 0.18015492970331801
1403715373.362143  -2.116588177433075 -2.9920485682682734   0.932115173783442 0.76756067724635979 -0.27868393240435657 0.54780888601977784 0.18191013430406683
1403715373.4121432  -2.114181419297378 -3.0277199996755608 0.93501621418581882 0.7674175100908085 -0.27873523409932099 0.54754945817951839 0.18321196829065606
1403715373.4621429 -2.1109995842280305 -3.0629317343637266  0.9361990315238613 0.76731328881095406 -0.27833089356798413 0.54734373286650662 0.1848704102649294
1403715373.5121431 -2.1081704292603161 -3.0979994513711691  0.9384623215770751 0.76769358858944492 -0.27721550066376294 0.54713189536194651 0.18559312839661696
1403715373.5621431 -2.1062545170317208 -3.1297150002067093 0.94444636784598535 0.76862730984443317 -0.27350309501236064 0.54707336604265544 0.18740023411599124
1403715373.6121433 -2.1030049432474094 -3.1634071365695071 0.94664799073083372 0.77098886525825516 -0.26770799086729286 0.54583463653173714 0.18966589265298078
1403715373.662143 -2.0995454040420398 -3.1959733897992164 0.94879235971136699 0.77329393106060329 -0.26076873827228997 0.54564526398985069 0.19049253846322514
1403715373.7121432 -2.0957324763769751  -3.229478677125035 0.95083501938268022 0.77590771885765397 -0.25197600739391468 0.5459345328577998 0.19086851324477166
1403715373.7621431 -2.0908277590227606  -3.260613353769632  0.9514200839761493 0.77863755194371553 -0.24312923910721992 0.54682550762787019 0.18866266191741288
1403715373.8121431 -2.0849859961597375 -3.2890497587034595 0.95236230616098716 0.78107874734854721 -0.23463097448152431 0.548698375015091 0.18383250395420644
1403715373.862143 -2.0787014446899965 -3.3158811356615616 0.95408781264316134 0.78379298170403855 -0.22620370587147637 0.55072395447937539 0.17664532613149544
1403715373.9121432 -2.0747887458977221 -3.3428370785559878 0.95451918431939764 0.78642435907048291 -0.21731347055009406 0.55321268069840857 0.16812885800044658
1403715373.9621429 -2.0679018659504269 -3.3671494556740913 0.95630460622099256 0.78888961889456788 -0.20815032483699139 0.55596887902745884 0.15882448496245599
1403715374.0121431 -2.0562400066738475  -3.393806520307336 0.95562938473621895 0.79181503374444717 -0.19790938669536562 0.55801756375833611 0.1499240658845529
1403715374.0621431 -2.0466132543884727 -3.4150727173719617 0.95637407648522677 0.79445612505873797 -0.18755326821527016 0.56027981401033933 0.14053386407185123
1403715374.1121433 -2.0378398592792029 -3.4348869559548949 0.95600918651201916 0.79687809371136786 -0.1766066251450143 0.56272608118947165 0.13089981385382132
1403715374.162143 -2.0287385395826916  -3.453103960938344 0.95564094317304549 0.79964072668153596 -0.16463627785626114 0.56424635326986661 0.12286438486200131
1403715374.2121432 -2.0202000540109069 -3.4715396427159755 0.95550782902512987 0.80218673943819452 -0.15322244705236937 0.56579425219783697 0.11356135332362204
1403715374.2621431 -2.0110204365106958 -3.4879831355877204 0.95180260085241963 0.80435900927132142 -0.14192978224964978 0.56736500195486006 0.1046875144006522
1403715374.3121431 -2.0015200285893044 -3.5061594130259381  0.9520445468095563 0.80713184584014019 -0.13107861886292743 0.56773502257724251 0.095044848607874322
1403715374.362143 -1.9893743970555566 -3.5261383379682556 0.95333617148704097 0.80985581348032021 -0.11992888739019469 0.56755896804419703 0.087335222757402464
1403715374.4121432 -1.9809768682491513 -3.5440761370878708 0.95443488368945206 0.81271454417820888 -0.11021473099888414 0.56645958626887194 0.080444514270076165
1403715374.4621429 -1.9716521613408939 -3.5634449774421268 0.95802318097725425 0.81540615863327914 -0.10205104675271114 0.56491160334825352 0.074654274640513385
1403715374.5121431 -1.9623732507178975  -3.579936732711023 0.95823504649926228 0.81904129317833685 -0.095531919261514497 0.56136428096005719 0.070108177363036914
1403715374.5621431 -1.9526255020954097 -3.5960131571953013 0.95862481654641429 0.82177510312384661 -0.090394287283567923 0.55864968710977458 0.066521273322433946
1403715374.6121433 -1.9420694674584202  -3.613158987100717 0.96223468844487148 0.82460707594330052 -0.08613684768700107 0.55542225712295679 0.064107176409715597
1403715374.662143 -1.9293487669626146 -3.6310222110951158 0.96579402307755857 0.82651647169936526 -0.083936917945356557 0.55317294218851321 0.061845063230388859
1403715374.7121432  -1.916899269283481  -3.645295845136145 0.96595251045955277 0.82783924872793369 -0.081883987658680199 0.55161463465536009 0.060815176269719988
1403715374.7621431 -1.9027953778344164  -3.660441618736225 0.96699656104118381 0.82874872694690849 -0.080502639692194441 0.55046406000430914 0.060697538912542995
1403715374.8121431 -1.8882011221965873 -3.6760721744180049  0.9683335413600509 0.82919810681442574 -0.079782141293439038 0.54983430745298134 0.061217186587644738
1403715374.862143 -1.8709354900166124 -3.6906518577906442 0.96921636703405034 0.82932629555051063 -0.079836696582413422 0.54958301399488374 0.061664480177605951
1403715374.9121432 -1.8522321545760454  -3.704788096590796 0.97005538295870308 0.82887585763904414 -0.079356161390328209 0.55011408864220346 0.063575952607014555
1403715374.9621429 -1.8320973968810279 -3.7177975845798135 0.97113994731581932 0.82654147058250971 -0.079222087200720631 0.55342437835506197 0.065379780889637459
1403715375.0121431 -1.8106733943252813 -3.7302492138671037 0.97174632466264999 0.82431041397326155 -0.079724187565550483 0.55647113648527347 0.067054228733402929
1403715375.0621431 -1.7880162263928883 -3.7419818129271629 0.97246822168699787 0.82215552577753825 -0.079690741055762529 0.55930346480858217 0.069923611724212215
1403715375.1121433  -1.765945580095601 -3.7493499557137682 0.96847169231413255 0.82042516317341541 -0.080506943651026411 0.56147579035256723 0.071875729587985576
1403715375.162143 -1.7421688465965479 -3.7587228027045212  0.9675690280461815 0.8188491274628974 -0.082127481513003087 0.56335224128549688 0.073317361328613773
1403715375.2121432 -1.7206421641691918 -3.7677235673683729 0.96892292023392279 0.81755496628944646 -0.084117675795969349 0.56480644108911793 0.074308665836436014
1403715375.2621431 -1.6960954778461548 -3.7742192173260487 0.96793984566038815 0.81698177724518284 -0.086873669177437357 0.56517635592301707 0.074628600137821938
1403715375.3121431 -1.6715630627296725 -3.7795084169321975 0.96668668707692185 0.81648779422348283 -0.089312732868637917 0.56535547725593216 0.075789853993290066
1403715375.362143 -1.6462711753867025  -3.784411940779568 0.96593067625743734 0.81558666500548471 -0.093293325953184375 0.56615525520224164 0.074719302758450235
1403715375.4121432 -1.6208127090383586 -3.7884296019124073 0.96434962193197593 0.81616356429135517 -0.095104378492535113 0.56470444853516555 0.077078397228889345
1403715375.4621429 -1.5959363047911457 -3.7920664572280018  0.9661931730627441 0.81552291988064762 -0.098429061038710769 0.56511366503135241 0.076685283380927477
1403715375.5121431 -1.5703188719501733 -3.7960085598393905 0.96596347709046571 0.81556097214053347 -0.10089063725989085 0.56459326040297086 0.07691443519928011
1403715375.5621431 -1.5444809108017494 -3.7979150023126378  0.9643540156448166 0.81538862323925654 -0.10444467148066083 0.56430238918545161 0.076128294679953593
1403715375.6121433 -1.5179727633625932 -3.7995158623269596 0.96255036151157014 0.81508349418968595 -0.10719905728462731 0.56422409178553101 0.076147448188446973
1403715375.662143 -1.4915213359222264 -3.8008723140675262  0.9603705815445468 0.81441173754493557 -0.10949610152175442 0.5647017800279851 0.07652467009926936
1403715375.7121432 -1.4633934719796531 -3.8020848458872845 0.95802253895004896 0.81346674897416993 -0.11074412213387633 0.56561034136516608 0.07805465692047063
1403715375.7621431 -1.4372156036687764 -3.8025536371842494 0.95351369933281449 0.81250403627316981 -0.11204633992739318 0.56665267519556284 0.078661009670577334
1403715375.8121431 -1.4100976900418982 -3.8037313954929686 0.95097606239956034 0.81173764169373319 -0.11301726271271181 0.56741190993158985 0.079704603720286482
1403715375.862143 -1.3824359320546598 -3.8039240965179091 0.94924323881074379 0.81080235000251677 -0.11276240412998699 0.56847965618574881 0.081945530373259717
1403715375.9121432 -1.3533329148692008  -3.807031243592474  0.9435485717754678 0.81059088552019265 -0.11158746352361115 0.56864872818755141 0.084435053305112584
1403715375.9621429 -1.3256558431426437 -3.8062443317258077 0.94171470085522768 0.80951229455405949 -0.11110898034857004 0.57004360219794614 0.085993784920264341
1403715376.0121431 -1.2961344200913272 -3.8085546745196575 0.93686920449511535 0.80899837934240115 -0.11005185440118685 0.57074727504580491 0.087508625814926827
1403715376.0621431 -1.2715751597686458 -3.8062457395247851 0.93306858640011747 0.8083079234166417 -0.11072246381105835 0.57173396215620642 0.086597421824503668
1403715376.1121433 -1.2458579204934221 -3.8028715617406421 0.93004235274296665 0.8077822967434134 -0.11166407324787807 0.57260787449340922 0.084493300809996882
1403715376.162143 -1.2193248858465211 -3.8004550557796701 0.92640547096179526 0.80713486044753124 -0.11285870935175006 0.57373125702922811 0.081416665870468932
1403715376.2121432 -1.1942381103532962 -3.7943954609060833 0.91670486343484081 0.8063768543090557 -0.11436429796991691 0.57487707139904232 0.078698976893860476
1403715376.2621431 -1.1693695795735177 -3.7906955424528257 0.91151578275074974 0.80576006981444592 -0.11552773869886362 0.575891842752556 0.075846139880760499
1403715376.3121431 -1.1442540004493136 -3.7870866201544389 0.90762669096837301 0.80230992369466969 -0.11471027871243357 0.58085912421278696 0.075782690091625748
1403715376.362143 -1.1198260280841479 -3.7829106961329533 0.90349648636378666 0.79742676833133808 -0.11401835884767776 0.58766533453823089 0.075893462013470331
1403715376.4121432  -1.096417293965354 -3.7785872418261377 0.89928583919648997 0.79394713297588515 -0.11133191087311703 0.592533746447654 0.078466011631915661
1403715376.4621429 -1.0742155528719317 -3.7735001560022501  0.8921390679300325 0.79429290476668246 -0.10851963246768483 0.59216223797407874 0.081646523036288707
1403715376.5121431 -1.0535426198574622 -3.7679768060895857 0.88617302876040627 0.7967505743858786 -0.10607879651480456 0.58899151419672802 0.083814123809707042
1403715376.5621431 -1.0326656965392627 -3.7620627853141952 0.88091333586179643 0.79997027389521025 -0.10398453819139949 0.58484717065923475 0.08478539775829165
1403715376.6121433 -1.0138444513747984 -3.7548123478070838  0.8748013430680508 0.8025793310297733 -0.10228965603397056 0.58147536629503427 0.08537940070244919
1403715376.662143 -0.99562802782086979  -3.7470824847567434  0.86858349360327547 0.80540593762699697 -0.10104895122074882 0.57783856899395181 0.084929225095880301
1403715376.7121432 -0.97797427051233787  -3.7382077260826096  0.86309379546514864 0.8064657605106319 -0.10008533518098832 0.57664204092330529 0.084141900653139118
1403715376.7621431 -0.96076684662422918  -3.7284152456044741  0.85801383585290736 0.80685869518074549 -0.098196456891552847 0.57635880527052774 0.084540105584866965
1403715376.8121431 -0.94400211235437081  -3.7177723518302548  0.85331963835422109 0.80600662378005905 -0.096563615848635584 0.57783584183569048 0.084466149473895677
1403715376.862143 -0.92538532244190164  -3.7062426456873809  0.84757782412213234 0.80418319147762374 -0.095345045165936074 0.58072963651616927 0.08337749204052157
1403715376.9121432 -0.9116002449618732 -3.6929782383433736 0.84505554154699625 0.80050353045384248 -0.093746879313241605 0.58615473000052165 0.082633242995650669
1403715376.9621429 -0.89845439680867212  -3.6787724087880203  0.84200042111269902 0.79601431610713236 -0.091048447748163466 0.59257316953673689 0.083237175951194051
1403715377.0121431 -0.88713304216324307   -3.662712519239999  0.83751068231940329 0.79303383208353073 -0.090406116221342758 0.59699638411858369 0.080742756145800107
1403715377.0621431 -0.87422183393560171  -3.6471381148144704  0.83335352611956881 0.79322462488621737 -0.08849944118922845 0.59714986078508314 0.079841011689919805
1403715377.1121433 -0.86401202137921806   -3.631824276878389  0.82210549706106895 0.7965110021869487 -0.087022088463203501 0.59309612669284473 0.078957988934560061
1403715377.162143 -0.85457941674733318  -3.6143099189321184  0.81690176153622085 0.79974308941233352 -0.084690823846201885 0.58904643037950732 0.079137589997599719
1403715377.2121432 -0.84886661145746134  -3.5945378157747911  0.81198221530685011 0.80263565182260133 -0.082744851124588806 0.58538935421971527 0.079048111943944704
1403715377.2621431 -0.84256956989772325  -3.5749127269619008  0.80752696592440121 0.80463223345265888 -0.081315551202409395 0.58299010275806828 0.077956976004534065
1403715377.3121431 -0.83930756861209377  -3.5593159650814763   0.8038175106137081 0.80575166301227363 -0.08035213605187852 0.58192208025256964 0.07532917296358492
1403715377.362143 -0.83387044851068914  -3.5376313623451319  0.79961550733466602 0.80584122677241121 -0.07969177805969585 0.58208008624442442 0.073837056694472464
1403715377.4121432 -0.82753936696297814  -3.5135192970052991  0.79505376488690915 0.80478581983979325 -0.079552328010819198 0.58385896878851573 0.071413695171598679
1403715377.4621429 -0.82708721041322875  -3.4897275266565866  0.79104687597714929 0.80378293605553841 -0.078989930055609878 0.5853934739997686 0.070767670967966503
1403715377.5121431 -0.82432620026450953  -3.4659848528624706  0.78644870649699683 0.80327319596839786 -0.078411871423049062 0.58632258531702475 0.069495158146531746
1403715377.5621431 -0.82112523966278228  -3.4378364192062438  0.78138578855283658 0.80314156545846049 -0.078518114023721941 0.58665369258620503 0.068088006124880682
1403715377.6121433 -0.82023213582449817  -3.4116213481740743  0.77683542934013716 0.80359124007028737 -0.078278710266134741 0.58614074132692495 0.06747291129105934
1403715377.662143 -0.82012311981377839  -3.3845802548385819  0.77213083099713853 0.80497768400577219 -0.07809180284287312 0.58434010217234134 0.066777567900236687
1403715377.7121432 -0.82111449007903681  -3.3586123818059948  0.76776001111181247 0.80631983706576393 -0.078335339171400925 0.58253563538469166 0.066061550830231117
1403715377.7621431 -0.82235157975255446  -3.3309245372809229  0.76420455090205952 0.80679458522528225 -0.078251942287216297 0.58190319312034944 0.065937884526153748
1403715377.8121431 -0.82437944078827552  -3.3019076088767005    0.761008381039878 0.80739390254552412 -0.078491744692203727 0.58107078840096882 0.065657223628167269
1403715377.862143 -0.82459131423227516  -3.2732451715272659  0.75786584937698709 0.80797627896306234 -0.078658341884113345 0.58028852873169068 0.065210591988230301
1403715377.9121432 -0.82807440494075668  -3.2436182445720894  0.75253671785360121 0.80818034003716632 -0.078757305119965676 0.58001605460595829 0.064986162119245544
1403715377.9621429 -0.83178937349167759  -3.2140682629658333  0.74843802269807647 0.80810623944629312 -0.078932868030427844 0.58016159173644077 0.064392822475033237
1403715378.0121431 -0.83487276453505455  -3.1829294572737461  0.74518489192175363 0.80807824013483409 -0.080204324096823376 0.58024295545968696 0.06240942922482913
1403715378.0621431 -0.83890102670179756  -3.1514329621806834  0.74065673682813693 0.80752641183145779 -0.081813219745816929 0.58110491882359705 0.059369727879233558
1403715378.1121433 -0.84374269889225528  -3.1187339505825036  0.73697878932911232 0.80718459001199871 -0.083245290991982815 0.58165876745739553 0.056536160240726406
1403715378.162143 -0.84888744508555547  -3.0872252340539892  0.73168501512742878 0.80662028546446651 -0.084694272306927901 0.58253353446755229 0.05334113362466001
1403715378.2121432 -0.85439058888133357  -3.0549736154870968  0.72826572785329524 0.80587222931414237 -0.086574017318665611 0.58357932526485679 0.050100505675854438
1403715378.2621431 -0.85890304546997887  -3.0247259519266891  0.72377011133628488 0.80688136941774224 -0.088202873887972932 0.58221276262125232 0.046808201902878953
1403715378.3121431 -0.8650410212846793 -2.9951481409908705 0.71794634653024458 0.80803136355933636 -0.090423268095416079 0.58055879638547803 0.043132725752371329
1403715378.362143 -0.87071373728061896  -2.9660713224302953  0.71218046759080744 0.80997328516770917 -0.092368690683938479 0.57776626007673459 0.039968124961111025
1403715378.4121432 -0.86915514246413128  -2.9363875396028432  0.70563222804437653 0.81265416085655884 -0.093923035878035327 0.57382768516684213 0.038645386659199241
1403715378.4621429 -0.87667515409335828  -2.9092311322187885  0.70084907893461879 0.81464129610074243 -0.093699481257397133 0.57099041746677104 0.039368884420564222
1403715378.5121431 -0.88157438099688834  -2.8852543849723133  0.69648706648717873 0.81670331107099314 -0.092172810687706427 0.56812614850300713 0.041623959959906032
1403715378.5621431 -0.8889805188318668 -2.8602915385800429 0.69314428306483622 0.81807614557321584 -0.089888801866118223 0.56624647974793929 0.045125907372716718
1403715378.6121433 -0.89618331401557993  -2.8360375155631701  0.69055960768139013 0.81905674994202138 -0.088844743600579867 0.56485058336063954 0.046866516684148492
1403715378.662143 -0.90352993567997586   -2.807501660307302  0.68645999058278251 0.8203813073445938 -0.087703691080024418 0.56293525766427033 0.048851497510071007
1403715378.7121432 -0.90965715351906096  -2.7838643195607826  0.68435965785208608 0.82175228742757134 -0.086797663616442811 0.56096199496891896 0.050109718605991588
1403715378.7621431 -0.91446722950339454  -2.7616515555552885  0.68342829102231706 0.82334723069568816 -0.086473582505010971 0.55862594839976787 0.050583663459169009
1403715378.8121431 -0.91877009322698477  -2.7426819601770984  0.68197004814442608 0.82538114616228164 -0.08651006809558201 0.55563549406145885 0.050310728647224988
1403715378.862143 -0.92285109574655522  -2.7208293992788652  0.68104765386025734 0.82693283674193352 -0.086959895453807626 0.55330899009283629 0.049691262642914777
1403715378.9121432 -0.92678661337676471  -2.6996578907396036  0.67988006163618142 0.82801474728040914 -0.087233260020566888 0.55170427229742991 0.049033993933881526
1403715378.9621429 -0.92855027557590675  -2.6788717980988421  0.68046540210169848 0.82859167461732719 -0.087710052617575446 0.55080111309688962 0.04858927078999218
1403715379.0121431 -0.92891858476704692  -2.6587897753698169   0.6819868996039069 0.82861725182147372 -0.088011941455818837 0.55074588557596382 0.048231915431107941
1403715379.0621431 -0.92881809480159794  -2.6389162668216346  0.68349866807892579 0.82837337429684998 -0.087663208972676848 0.55104767325658321 0.049590083153485058
1403715379.1121433 -0.9271813182832831  -2.619925504183652 0.68609607567331232 0.82758530747725922 -0.086433081941971523 0.55229119079562927 0.051052147489882162
1403715379.162143 -0.92488349156138494  -2.6007649177041032  0.68962533098856937 0.82590537796824604 -0.083984275312144405 0.55479240781990091 0.055066617553827239
1403715379.2121432 -0.92145187513306537  -2.5824645996522957  0.69276684883642403 0.82501352197581401 -0.08168871978090167 0.55608836134269801 0.058697325295223521
1403715379.2621431 -0.91912436520352492  -2.5665153578483255  0.69757874889139559 0.82426461398442497 -0.079509030361724645 0.55715084599836429 0.062041075323952789
1403715379.3121431 -0.91521751861638623  -2.5485982265514755  0.70053566021843794 0.82378903577497897 -0.0778124950002686 0.55775443053617735 0.065014116744198172
1403715379.362143 -0.91060133317559366  -2.5301441028879506  0.70395595565887836 0.82320337672505561 -0.075914158824700359 0.55856393003240912 0.067672572768843212
1403715379.4121432 -0.90432677669796413  -2.5122867227681036  0.70819269207325397 0.8231576644022558 -0.074696095150803721 0.55852213966662834 0.069892577626360128
1403715379.4621429 -0.89778453731209085  -2.4947564531755178  0.71352322197228857 0.82383611990490868 -0.073669733109768737 0.55746377405894909 0.071420995341101343
1403715379.5121431 -0.89266710925139081  -2.4746791102868269  0.71901465695405142 0.82443418914479116 -0.072743086427630166 0.55651068675737225 0.072887356043357221
1403715379.5621431 -0.88512070278963539  -2.4536915010031848  0.72223903938705436 0.8252288896153771 -0.073033965137019943 0.55531658734138478 0.072710436005119894
1403715379.6121433 -0.8764835733211418 -2.4320826333107934 0.72612018644628196 0.82599648698267403 -0.072431956617962756 0.55415530188607154 0.073452818491408334
1403715379.662143 -0.86703145328355646  -2.4096869576060609  0.72962345623329128 0.82744480931913056 -0.072505075953117143 0.55194110824663101 0.073750352672655631
1403715379.7121432 -0.85641794441760988  -2.3865284553111237   0.7336692185832816 0.82725023727826863 -0.0716842881915708 0.5522108956123345 0.074709668159748582
1403715379.7621431 -0.84292295392273353  -2.3599258217216943  0.73849499760522663 0.82707494496369771 -0.071550181376638017 0.55241040181969359 0.075301759074215852
1403715379.8121431 -0.82957848824208125   -2.335034419481167  0.74386827795901733 0.82557412203035618 -0.070874210926903936 0.55465393501682481 0.075915924743410745
1403715379.862143 -0.81271223742311871  -2.3112829472293521  0.74979632610785696 0.82362049018567463 -0.069585218874203283 0.55751274593895483 0.07737392051683091
1403715379.9121432 -0.79751407405054531  -2.2859698817398351  0.75449945062778401 0.82115968632848635 -0.068561021687554027 0.56113503812706622 0.078253593145598183
1403715379.9621429 -0.78144283403857973  -2.2578623079588827   0.7593993034202019 0.81928682572602241 -0.068123624134936889 0.56379408704529066 0.079148571934479064
1403715380.0121431 -0.76440620336516607  -2.2289536369534866  0.76360492335227714 0.81805571316090886 -0.067363977173489797 0.56544084887340207 0.080768751194338836
1403715380.0621431 -0.74693840490125207  -2.1990583600718434   0.7680050782913902 0.81625295962248456 -0.068136811376875023 0.5680434324617063 0.080094567106949455
1403715380.1121433 -0.72971105054999685  -2.1675609442683217  0.77139353186140036 0.81474979589675722 -0.071018458452989972 0.57030991584083002 0.076718632279120499
1403715380.162143 -0.71267548086323118  -2.1350419433243899  0.77444899821244506 0.8131733176714 -0.074887156414868053 0.57271407990496337 0.071691365658597933
1403715380.2121432 -0.69618928520267176  -2.1019607012282813  0.77690887840435174 0.81216091774749755 -0.077205518260248795 0.57421118640064606 0.06866924381461896
1403715380.2621431 -0.67994921010202447  -2.0684090901938719  0.77958305869031896 0.81184470854973201 -0.079961282555139887 0.57470009698546809 0.065070431202131768
1403715380.3121431 -0.6640610860894649 -2.0350071656121966   0.781744648943828 0.81206651862106805 -0.082178987551543403 0.57435708833171872 0.062518144748322541
1403715380.362143 -0.65024015231186583  -2.0019491447622086  0.78502941707575213 0.81262246174688357 -0.084217273701603146 0.57340286125539452 0.061329798457445829
1403715380.4121432 -0.63456782810874246  -1.9701868004594496   0.7864965624290009 0.81372546668677426 -0.085028046791733897 0.57171785619663151 0.061317118573054871
1403715380.4621429 -0.61907691520118613  -1.9378108830145013  0.78894872562547846 0.81399614953900479 -0.084445826010326602 0.57125948435696294 0.062783537152065139
1403715380.5121431 -0.60406199154551354  -1.9053385721309575  0.79202805813262112 0.81394893725406481 -0.083556234927219211 0.57129310973875314 0.064262476709123842
1403715380.5621431 -0.59157397914432597  -1.8726383571564784  0.79341682923171741 0.81402209684815985 -0.082511072319479933 0.571197416321511 0.065524502098414941
1403715380.6121433 -0.5769899723068691 -1.8399254427183627 0.79708596374115881 0.81434814430729918 -0.081405291546717759 0.57083795654496883 0.065987163441207669
1403715380.662143 -0.56360956495265158  -1.8071062783567575  0.79990583427370887 0.81438575959368253 -0.08085754311533204 0.57085850043838948 0.066018669856384674
1403715380.7121432 -0.55054910985391114  -1.7737038503094233  0.80284692833661764 0.81408468028499603 -0.0804513625602888 0.57138008115380423 0.06571540495303177
1403715380.7621431 -0.5372810579511097 -1.7403784557450244 0.80574735081514437 0.81372221828462177 -0.079812449689234718 0.57195726008309333 0.065962239067504744
1403715380.8121431 -0.52491976565894616  -1.7058592717491849  0.80885760461195311 0.81326217053252081 -0.079459350208994556 0.57267683984993678 0.06581862004469248
1403715380.862143 -0.51176352822357374  -1.6680498304063236  0.81295196067525677 0.81273861627284261 -0.07900920154491077 0.57344730876042349 0.066118618902457849
1403715380.9121432 -0.49954710543794206  -1.6337595493859665  0.81483622069433348 0.81261625924828718 -0.07839211216547376 0.57363987002449912 0.066684267063769315
1403715380.9621429 -0.48434341885131332  -1.5991455256818403  0.81887548660862408 0.81232766693424363 -0.077934566339898287 0.5740521998325 0.067186581770827994
1403715381.0121431 -0.47275214329680193  -1.5638021875039694  0.82054477395456404 0.81237409214279754 -0.077193060969988486 0.57397102824430812 0.06816762053512522
1403715381.0621431 -0.46357600909779395  -1.5292352904914908  0.82461754067521764 0.81171305886778555 -0.077615420737419033 0.57479286274409713 0.068636152760058383
1403715381.1121433 -0.45336091214993324   -1.493041729449935  0.82610177032642074 0.81166342176000772 -0.079352749308111481 0.57475276028192557 0.06756401040781454
1403715381.162143 -0.44215308864576891   -1.456873818701742  0.82768150261134077 0.81104021133394766 -0.081756897285766295 0.57547211301813461 0.066041142358634938
1403715381.2121432 -0.43217884583598443  -1.4206525076881047  0.82873755610752686 0.8103567960827488 -0.083846303127087379 0.57627196998698227 0.064824972824872831
1403715381.2621431 -0.42268511919776786  -1.3845002126074368  0.82912022530452278 0.80955416556976945 -0.086074285250306207 0.57718276719980233 0.063822595331606752
1403715381.3121431 -0.41420783569290825  -1.3483829457025729  0.82980129609542186 0.8088320116248281 -0.087775504336682797 0.57797909081465604 0.06345398640305068
1403715381.362143 -0.40236626514466178  -1.3124717381874047  0.83215044329004795 0.80846614385815552 -0.090737685976373689 0.57814404824215104 0.06243897869884299
1403715381.4121432 -0.39408120310993572  -1.2775089189249262  0.83208672063671263 0.8075040477472184 -0.09339953992581318 0.57914329901938899 0.061699092492866051
1403715381.4621429 -0.38918714935277537  -1.2430293901437695  0.83510128179158682 0.80666755258657008 -0.095382828048677787 0.57995059524871773 0.062023243933928031
1403715381.5121431 -0.38245308693431668  -1.2091508271291691  0.83580979467457805 0.80472595513589606 -0.096996281605768508 0.58229099045834143 0.062809719919119378
1403715381.5621431 -0.37682454370881524  -1.1763501432751007  0.83537509949071331 0.80440896206858481 -0.096233980063142682 0.58249862699385091 0.066034781556596714
1403715381.6121433 -0.37154366878687728  -1.1443041676861661  0.83616924165433948 0.80462402501699148 -0.096020877401116853 0.58195589388918934 0.068465371073340359
1403715381.662143 -0.36969964650096548  -1.1101002862409741   0.8370637477392685 0.80606634963310242 -0.095197712215127836 0.57972698509216869 0.071491666186454889
1403715381.7121432 -0.36416101683856938    -1.07418620245357  0.83572553142048456 0.80885419068213127 -0.094404226999523139 0.57561840053793722 0.074203753966518932
1403715381.7621431 -0.36088332383910843   -1.041315701723228  0.83421151361711166 0.81160267333704561 -0.09348243844396853 0.57162977131407555 0.076167833644841573
1403715381.8121431 -0.35718054847173653  -1.0084215680268078  0.83277059720581126 0.814453112261736 -0.092694520383799911 0.56749747722633304 0.07759166939650923
1403715381.862143 -0.35387535135042825 -0.97462053777349655  0.83067105401916153 0.8177018786089022 -0.092633845705415593 0.56262752288101392 0.07894858355962911
1403715381.9121432 -0.35125165904435629 -0.94264505050202008  0.82842880619221393 0.82036526035889679 -0.093721338322771228 0.55824189211991926 0.081136552931712833
1403715381.9621429 -0.34731465583299309  -0.9090297097504767  0.82633352781651515 0.82225046045112216 -0.096187740107200118 0.55448753352628166 0.084827319331262863
1403715382.0121431 -0.34226932093156487 -0.87569552679867446  0.82472509692655349 0.82293478436552192 -0.10119276711601861 0.55213321886523459 0.087677096155097639
1403715382.0621431 -0.33880746897627501 -0.84028502365254687  0.81969976525343091 0.82323512973111657 -0.10731987469814223 0.54989035418004739 0.091580369354512553
1403715382.1121433 -0.33184090793196491 -0.80644731683210158   0.8178154890830126 0.82257882507989788 -0.11528451945018486 0.54872970771511043 0.094706198193171887
1403715382.162143 -0.32650897499687426  -0.7735321291632965   0.8118033557671408 0.82135779791710961 -0.12398726060027571 0.54807940138059608 0.098017839151265648
1403715382.2121432 -0.31737619422743202 -0.73934046095123829  0.81075104161059364 0.819660480873872 -0.13389541200736771 0.54766800291349826 0.10143211188637764
1403715382.2621431 -0.30807846329989957 -0.70554434936876831  0.80967601630151864 0.81772093166606075 -0.14349993878601855 0.54718664809087003 0.10642846252143676
1403715382.3121431 -0.29792080712740365 -0.67209403726103523  0.80860975999244933 0.8154475222329497 -0.15382167994514678 0.54681509661506311 0.11125412071853927
1403715382.362143 -0.28948796137149702 -0.63652605026368581  0.80964348532793418 0.81303076029287435 -0.16363417222955437 0.54634493090635927 0.11709849260030926
1403715382.4121432 -0.27791639110826449 -0.60383476218704679  0.80851899105146852 0.80995930874680877 -0.17378881980394237 0.54634163522585666 0.12358876123775013
1403715382.4621429 -0.26546969793706299 -0.57097344623160484  0.80739463629927744 0.80793261487589263 -0.18342835171658936 0.54489489960586568 0.12918389214546627
1403715382.5121431 -0.25205871192766643 -0.53850272969165869  0.80610563818101078 0.80557373570052271 -0.19230067480862395 0.54417088846276884 0.13397556108221081
1403715382.5621431 -0.23861945118557445 -0.50528003265188914  0.80584796365242239 0.80365064626555571 -0.20040921005035858 0.54304818295297641 0.13813203203969995
1403715382.6121433 -0.22378442612600827 -0.47340563910222183  0.80460296844869605 0.80156621709293985 -0.20862434364274757 0.54219961143503126 0.14137561393199388
1403715382.662143 -0.20831705812680743 -0.44207408721221947  0.80304761482124476 0.79988869870941948 -0.2162265791478305 0.54046301088594118 0.14602694960548038
1403715382.7121432 -0.19111418590892756 -0.41221942580142501  0.80217644321553017 0.79765419371362056 -0.22455940918757394 0.53936214778462943 0.14969747003056996
1403715382.7621431 -0.17009300459750379 -0.38043121723626377  0.80254146048253105 0.79641982770179531 -0.23207256510144877 0.53648962379623066 0.15503762810897051
1403715382.8121431 -0.15210928400220539 -0.35061237086561264  0.79961605588595353 0.79398330017090957 -0.23914815861743763 0.53531136247692901 0.16074956448679434
1403715382.862143 -0.13353875338040194 -0.32156437101268509  0.79789158136713123 0.79187742665192007 -0.24674852677609158 0.53344444182486794 0.16577796349067808
1403715382.9121432 -0.11417491179858928 -0.29284732656649026  0.79621367866148107 0.78963797673835578 -0.25386111970842562 0.53171774272823491 0.17118013804449056
1403715382.9621429 -0.093905282535692483  -0.26473864915244166   0.79442461787674101 0.78758888671843541 -0.26165946746207897 0.52963624957743083 0.1752812361282011
1403715383.0121431 -0.072830185773829909  -0.23725451160548577   0.79285809821356523 0.78516647472714829 -0.26949791068949158 0.52804941206260048 0.17902039414235271
1403715383.0621431 -0.051173658202075319  -0.20983162154382193    0.7907878863253841 0.78321892189378117 -0.27715328969550695 0.52629096231417782 0.1810303769672881
1403715383.1121433 -0.028680246330056832   -0.1835873977872273   0.78883987411156176 0.78138331396117133 -0.28391431877908752 0.52517886502179945 0.18171388496666671
1403715383.162143 -0.0049254152602518069    -0.1624784382430364    0.78867517922009212 0.78014781250691334 -0.28872847605231511 0.52423873949751876 0.18215104108195027
1403715383.2121432  0.01912297843875168 -0.13790908094778273  0.78658086746122591 0.77937508627476082 -0.29385706661776911 0.52279730877906816 0.1813986582816228
1403715383.2621431 0.045790241688951482 -0.12628829019378957  0.77879601839994317 0.77877338825043618 -0.29614619825163035 0.52211268264624278 0.18223003493931927
1403715383.3121431 0.071860011613012198 -0.10488319292089483  0.77573764894433028 0.7779836474624936 -0.29900705884441448 0.52184969678744864 0.1816841132433302
1403715383.362143 0.098297041827018219 -0.08474945294846449  0.77313929956428551 0.77696744447155863 -0.30129899349087141 0.5223962986018319 0.18067267076076887
1403715383.4121432   0.12487015206037334 -0.066014123946450357   0.77031310281039445 0.77611235743611307 -0.3021027790157485 0.52314530343157728 0.1808383561178431
1403715383.4621429   0.15434481988569826 -0.052596442973193602   0.76352390706011886 0.77465406530155512 -0.30328218762170184 0.5246189444217445 0.18084788341858829
1403715383.5121431   0.18137345675193153 -0.037212598518122614   0.76069256216982073 0.77205480059555376 -0.30487455391483337 0.5271591951679121 0.18189577840761012
1403715383.5621431   0.20869407274475257 -0.022998083380451648   0.75792831854060982 0.76943543322673613 -0.30639422544197642 0.52913407257079359 0.18468574919479497
1403715383.6121433   0.23372358051445408 -0.011875734886152876   0.75421884081995527 0.76590686868784119 -0.3085858655685208 0.53136082430033604 0.18925407912903805
1403715383.662143     0.26111709810877409 -7.1680113078129398e-05     0.75062554489665545 0.76295310727351562 -0.31266875054131466 0.53166750479507341 0.19357291360518697
1403715383.7121432   0.28676177706449602 0.0099498015881072273    0.7470335062232154 0.75978268980504238 -0.31789706507614351 0.53125985063905745 0.19858169952831869
1403715383.7621431  0.31198505974676588 0.018782381276869337  0.74357832103335897 0.75586029546611455 -0.32446735450757463 0.53069921179565327 0.20433916951041556
1403715383.8121431  0.33739841345443145 0.026905807095832082  0.74073380096542751 0.75166829095079102 -0.33241237642204663 0.52943705469791069 0.21022178168155201
1403715383.862143  0.36460492199830563 0.034302759519903955  0.73736285601739182 0.7477464832751155 -0.34130809156903696 0.52673994607522756 0.21663105176282041
1403715383.9121432  0.38951235691934599 0.040245039800347424  0.73282351827247783 0.7428606070403726 -0.35117996102336391 0.52430234139079357 0.22346768960046451
1403715383.9621429  0.41271760327709561 0.046046598393749236  0.72925117590308097 0.73810160832106908 -0.36120655279823261 0.52052147745259469 0.23193368345291465
1403715384.0121431  0.43562204248208131 0.051312968099551354  0.72615540622670238 0.7323391300386024 -0.37212025066158205 0.51747896601870758 0.23962770580647352
1403715384.0621431  0.45756099095982677 0.056429749875366447   0.7227568674027316 0.726994474752227 -0.38313567021115152 0.51328818592780034 0.24742944464742561
1403715384.1121433  0.47868736245996013 0.061236831992847192  0.72016967004929322 0.72093369496780835 -0.39432108527530052 0.50946619526556836 0.25536187078144268
1403715384.162143  0.49873392620164936 0.065533896612898615  0.71664352787953589 0.71464294537637585 -0.40523865508541052 0.50582730566900624 0.26307000948032749
1403715384.2121432  0.51838216092510958 0.069870766398321599  0.71395324315266406 0.70860032147645657 -0.41631899191603372 0.50168992363863218 0.26994685012598896
1403715384.2621431  0.53766415767294229 0.075026715041227973  0.71064996452677631 0.70185978803128557 -0.42721292105982545 0.49829330611188249 0.27674128551464827
1403715384.3121431  0.55614791776060413 0.078066566728329276  0.70888630439041556 0.69490618829708573 -0.43837391947229809 0.49498210605587073 0.28271259412591698
1403715384.362143 0.57548264254389392 0.08247996274842985 0.70386399941984745 0.68758677916662669 -0.44921180301453922 0.49152206854362829 0.2895500531553814
1403715384.4121432  0.59244536325296615 0.084897854839716569  0.70251754855063919 0.68078068038993467 -0.45925825228387634 0.48782894401017468 0.2960446660605372
1403715384.4621429  0.60853591230752968 0.087123240066132729  0.70095711910188996 0.67408774366799273 -0.46966538035170557 0.48381326903766037 0.30157066342529903
1403715384.5121431  0.62309084790015079 0.087671871505986002  0.69938966629917587 0.66765333316551789 -0.48029715343055068 0.47940301337101943 0.30614771253476664
1403715384.5621431 0.63964365341651042 0.08851184928823419 0.69652733691623592 0.66232320244336695 -0.49031760896220333 0.47335653975873643 0.31120765433129433
1403715384.6121433   0.6532064580081528 0.088176497270401388  0.69525876355080807 0.65634011358002442 -0.50053559972735018 0.4680854317979467 0.3155594987476571
1403715384.662143 0.66719477389762216  0.0873669049769005 0.69546724238321966 0.65085551854148493 -0.51031705172206743 0.46199724796775832 0.32019079245976034
1403715384.7121432  0.67874855825447833 0.085256903415106444  0.69461820397435992 0.64584318546771213 -0.51904401996052596 0.45529904647083513 0.32585681427719748
1403715384.7621431  0.68811270645060374 0.083548635954549935  0.69679390204338076 0.63946390920123752 -0.52781726025792486 0.45065410640953529 0.33076536242344462
1403715384.8121431  0.69733901346135452 0.079427999940237165  0.69817115192010037 0.63364429054537907 -0.53613167144994045 0.44537236797380592 0.33570999057660028
1403715384.862143  0.70795632459108504 0.072492255373740253  0.70002033629992166 0.62776082798617239 -0.54409370970824444 0.4406899615839775 0.34010400712303934
1403715384.9121432  0.71641764110635819 0.065968579480545617  0.70052273169177359 0.62158067097606928 -0.55098980625673599 0.43738071955536495 0.34459513785214002
1403715384.9621429  0.72482969623961047 0.061111035117129155  0.70283846372792957 0.61579818770402561 -0.55603728611833714 0.43551351072963412 0.34920353726521863
1403715385.0121431  0.73201198419275504 0.052569325855405774  0.70469968905122593 0.61171020023988731 -0.55909341467517903 0.43346762610767381 0.35402118821604911
1403715385.0621431  0.73837072335921228 0.043077907618339045  0.70707623287777366 0.60880380446654736 -0.56135563120804033 0.43057410048283801 0.3589480839501385
1403715385.1121433  0.74427219147900137 0.034563908267327158  0.70852059424174541 0.60618804564658646 -0.56319779400653924 0.42700522945831854 0.36470650139062316
1403715385.162143   0.7493827625606212 0.023645925304518842  0.71180241980438896 0.60343547128261099 -0.56535308168244158 0.4232825285811328 0.37023428532222996
1403715385.2121432  0.75392132177627191 0.012205849658142842  0.71534408870375554 0.60062062989466858 -0.56767937469391283 0.41941983880513439 0.37560881953001934
1403715385.2621431    0.75758877972235039 0.00060923676778911048    0.71791962359079664 0.59830574481646637 -0.56971674373709902 0.4159801939567207 0.38001782308325888
1403715385.3121431   0.76369850853103494 -0.011351554897274532   0.71728568179446595 0.59607172827692068 -0.57221943011604359 0.41285590761671281 0.38316239128157631
1403715385.362143   0.76644906744569541 -0.023742620942047966   0.71754748646305011 0.59386268485566185 -0.57400874031160731 0.41168876287130624 0.385166769214843
1403715385.4121432   0.77269924087452102 -0.036099998695328081   0.72190772671787451 0.59280102493537068 -0.57584055567217107 0.40949592512904154 0.38640352816899809
1403715385.4621429  0.77352866514061369 -0.04854660912904956  0.72364698552283202 0.59043819485429827 -0.57749313931128887 0.41028391317465485 0.38671891949539045
1403715385.5121431    0.7778315752917403 -0.062101730133308684   0.72723325331115762 0.58781509274567056 -0.57859295911650743 0.4125816473365797 0.38662642005201431
1403715385.5621431   0.78134619819361006 -0.076422276354620497   0.73079353315458595 0.58461561069931367 -0.58045995271148132 0.41601099187212021 0.38500089047485109
1403715385.6121433  0.78496332296257232 -0.09096491812002018  0.73467476221600025 -0.58132003533792997 0.58241418946814272 -0.42047907395780787 -0.3821754528805566
1403715385.662143  0.78610882386322412 -0.10736507886568752  0.73526362352156294 -0.57936988627702324 0.58482943443945024 -0.42349097131558205 -0.37810113025851527
1403715385.7121432   0.7878437222198712 -0.12287870985452627  0.73916269846274929 -0.57779479376337872 0.5860023396896441 -0.42646185968217498 -0.37534612881261836
1403715385.7621431   0.7888631797030401 -0.14096428451217441  0.74422785741911257 -0.57682186909449018 0.58603980485166274 -0.42882511185374494 -0.37408943036042469
1403715385.8121431  0.78641753934788239 -0.15572912853380191  0.74960978804538403 -0.57530738847575413 0.58544040590357549 -0.4320986013364701 -0.37359301201137429
1403715385.862143  0.78229439392929812 -0.17075809813803106  0.75780545115853526 -0.57442897202031085 0.58408137993903575 -0.43451537931607859 -0.37426819641803027
1403715385.9121432  0.77624721005284036 -0.18740079650897545  0.76504849638406403 -0.57366082602266177 0.58155722101862883 -0.43662370009767371 -0.37691404839976977
1403715385.9621429  0.76953202964059897 -0.20336711045061856   0.7721665716897409 -0.57407097060959178 0.57729741456971784 -0.43707803729219741 -0.38227346906538145
1403715386.0121431  0.76135750482304931 -0.22056311981106649  0.77913327175094271 0.57515053408772676 -0.57302774513276533 0.436218189678798 0.38801386243279185
1403715386.0621431  0.75206902178614055 -0.23721924724056298  0.78643716613999881 0.57649162287543032 -0.5698724216692157 0.43470243904898304 0.39234757710502249
1403715386.1121433  0.74250534700367365 -0.25234543791097919  0.79313574218375427 0.57784715688080768 -0.56744452237736731 0.43316800276051143 0.3955563912935276
1403715386.162143 0.73185572603508775 -0.2653647325617865 0.79911273477781708 0.57919469860529793 -0.5662373881380649 0.43114738673993286 0.39751811567452794
1403715386.2121432  0.72237021269229362 -0.27844305695609722   0.8052874474036591 0.5807287552888748 -0.56580376679281741 0.42866109550876763 0.39858484098233915
1403715386.2621431 0.71130745075270851 -0.2902035424022027 0.80949329050423702 0.58162952573351967 -0.566355716855243 0.42686892103464225 0.39841086962469435
1403715386.3121431  0.70001870731045623 -0.30091130789167442  0.81355385778832578 0.58144837119493875 -0.56746751118759753 0.4263804471432861 0.39761555512227897
1403715386.362143  0.68887413508187201 -0.31144453995043136  0.81803603882091547 0.58071671877165165 -0.56766747839942222 0.42682362849898448 0.39792375734767221
1403715386.4121432  0.67573358837932473 -0.32171206205216657  0.82226060527537914 0.57967492984549696 -0.56709909522736024 0.42827438245050814 0.39869367343558848
1403715386.4621429  0.66418269070375757 -0.33135436237877125  0.82559394236926786 0.57808956566672953 -0.56691923278472922 0.42964648250510101 0.39977360797959122
1403715386.5121431   0.6521639410729041 -0.33955729812309415  0.82866003275431122 0.57628781964395137 -0.56667105628874581 0.43162012980509157 0.4005999581148923
1403715386.5621431  0.64356239300069773 -0.34745536996769633  0.82762042255737134 0.57403623679118143 -0.56760883064010814 0.43412365663620145 0.3997990307376959
1403715386.6121433  0.63071964533865443 -0.35314846988618098  0.82894125243303074 0.57274069774444658 -0.56824983745481961 0.43576644145535554 0.39895842375003393
1403715386.662143  0.61796910215783052 -0.35807531917065055  0.82934431938581965 0.56998351960824423 -0.56957016427529816 0.43938972319337766 0.39704569824449076
1403715386.7121432  0.60417514893510937 -0.36097836686677998  0.82904549069077382 -0.5684060237175339 0.57086967690100543 -0.44176585308633665 -0.39479784098126125
1403715386.7621431  0.59514790861765388 -0.35910392455942819  0.82098350248589158 -0.56765419518168325 0.57280195914733933 -0.44291768391138464 -0.39177870739510595
1403715386.8121431  0.58025322876138385 -0.35958344735109676  0.81822334490565107 -0.5677447557452634 0.5769405705260835 -0.44300278326833353 -0.38542704163213343
1403715386.862143  0.56286358013519144 -0.36112512295711141  0.81541896677868309 -0.5676296272972321 0.5807971591579475 -0.44368830805344867 -0.37896167540416437
1403715386.9121432  0.54451064122515669 -0.35987173145059809  0.81228784147079758 -0.56752934813494482 0.58443410182750466 -0.44393582360526429 -0.37318655408055385
1403715386.9621429   0.5236854090935219 -0.36311039630212566  0.80856663948362395 -0.56767397514006379 0.58719566577231497 -0.44384933026871404 -0.36870758070169918
1403715387.0121431  0.50053676973502048 -0.36259437266633193  0.80480677776443976 -0.56817124309093381 0.58906600933559228 -0.4433227689158159 -0.36557844265048944
1403715387.0621431  0.47550407978900189 -0.36096451826532844  0.80055253780197277 -0.56942678231412402 0.5894430837733261 -0.44184786909674317 -0.36480193413665191
1403715387.1121433   0.4482066908783357 -0.36193127446133422  0.79643207185594866 -0.57144953020353417 0.58809357520920269 -0.43953080357470242 -0.36661158456436499
1403715387.162143  0.41934138688873263 -0.36183357913706254  0.79202738127252781 -0.57411310893842571 0.58613796338139601 -0.43623875047359123 -0.36950260975181848
1403715387.2121432  0.38624535886649292 -0.36095720821542282  0.78846914718625805 -0.57739291406721627 0.58278507072349373 -0.43318232693529707 -0.37327209346226531
1403715387.2621431  0.35379306972540703 -0.36030561397409328  0.78360119603670031 -0.57980209229778368 0.58049232664258621 -0.4308830322029647 -0.37576323002093792
1403715387.3121431  0.32051864245782791 -0.36046023886524753  0.77899245434179365 0.58168180073938169 -0.577965377819735 0.42930381652761762 0.37855057501620953
1403715387.362143  0.28659378169614802 -0.36057570590159721  0.77387086835472574 0.58319065421529892 -0.57588663726600942 0.42837713506651054 0.38044220586915428
1403715387.4121432  0.25205541243464002 -0.36080799423745097  0.76852813995244373 0.58484833966652561 -0.57402100717944982 0.42718290776413675 0.38205636523970549
1403715387.4621429   0.2168679392286828 -0.36111169998014592  0.76313159470269543 0.58641087780975887 -0.5727909727322098 0.42625090806465665 0.38254796734126395
1403715387.5121431  0.18239538916394837 -0.36106634101286378  0.75650890846197982 0.58890135020212053 -0.57249289799881886 0.42396720123011622 0.38170524459605693
1403715387.5621431  0.14677221075512267 -0.36145578926777733  0.75216491780034611 0.59088884251907903 -0.57268822959823729 0.42228386456709599 0.3802037679881386
1403715387.6121433  0.11057136011355659 -0.36216130470785068  0.75004615421792697 0.59261894490966227 -0.57400172587119758 0.42104643173471823 0.37688818919476169
1403715387.662143 0.079249789730408179 -0.36244404611127029  0.75105089899289423 0.59450340849730698 -0.57498116580317349 0.41939262583055176 0.37426218304239928
1403715387.7121432 0.042196780639966285 -0.36380886727976108  0.75449653283832663 0.596817957401377 -0.57486227423503644 0.41800636769941424 0.37230681963578377
1403715387.7621431 0.0066268951355990431  -0.36618574014458977   0.76162286315098293 0.59876130827251128 -0.57487112039135146 0.41723313491380415 0.37003324416298378
1403715387.8121431 -0.030227784989115884  -0.37027907013540123   0.77121380507832604 0.60031097260712496 -0.57442371181347818 0.41703679842612851 0.36843512893370872
1403715387.862143 -0.058628541480468144  -0.37447086740729324   0.78570405183664271 0.60164950526585237 -0.57439098434755409 0.41680668546398392 0.36655839489245173
1403715387.9121432 -0.096024919972207051  -0.38056834546284607   0.79635001334749356 0.60272566769030311 -0.57396343899465074 0.41724561599753685 0.36495730727791736
1403715387.9621429 -0.13281177198285438 -0.38771877290997275  0.80434242937520584 0.60370261853170681 -0.5732832492554033 0.41758025395492876 0.36402774071224986
1403715388.0121431  -0.1712486867014352 -0.39379596651972471  0.80920366822522072 0.60408585450956143 -0.57257238948488542 0.41867267520481127 0.36325518608530338
1403715388.0621431 -0.21498957878688754  -0.4063992497810554  0.80955964536729008 0.60507226485407617 -0.57122108727664167 0.41908358945565422 0.36326707641047623
1403715388.1121433 -0.25450478678474403 -0.41649208610811894  0.80778780893005719 0.60515647551949436 -0.56997011922524632 0.42017326590080933 0.36383255757206517
1403715388.162143 -0.29290486526263954 -0.42720111373303166  0.80238252743660332 0.60519881736616343 -0.5685300523725636 0.42144465203519343 0.36454406630582009
1403715388.2121432 -0.33129049448753922 -0.43882085907203111  0.79407341347749794 0.60491729096870317 -0.56641836446498506 0.42300734679862551 0.36648341304659876
1403715388.2621431 -0.37119104544362147 -0.45085190173988415  0.78420384732035975 0.60433238519201415 -0.56407786356330669 0.42497775764415846 0.36877152486835196
1403715388.3121431 -0.41180156639213356 -0.46367551683831726  0.77196461694623009 0.60413441205176177 -0.56185936649292212 0.42638585833374582 0.37085140457067095
1403715388.362143 -0.45095887229000009 -0.47738528526393131   0.7596793365237845 0.60401504330875377 -0.55979408091268668 0.42721829912266329 0.37320361644360206
1403715388.4121432  -0.4900109269171633 -0.49128540331111453  0.74712654505314746 0.60392699879052647 -0.55864980059001801 0.4280670715631455 0.37408710573334891
1403715388.4621429 -0.52889325807023302 -0.50579696203398439  0.73479027462953683 0.60416727013986471 -0.55709732087941233 0.42806201108992309 0.37601515850079154
1403715388.5121431 -0.56804276919741081 -0.52049318503801068  0.72161927259554226 0.60434539454770719 -0.55680412145306701 0.4279146067712753 0.37633084345245899
1403715388.5621431 -0.60676934304610863 -0.53481841810991393  0.70879019383569719 0.60384375238481536 -0.55661948181847332 0.42902744949374888 0.37614215763039482
1403715388.6121433 -0.64425685701774804 -0.54836972985551102  0.69496416295445507 0.60342558874230356 -0.55654907562394662 0.4295869788522404 0.37627877016082073
1403715388.662143 -0.68266279783446193 -0.56309625167868527  0.68300846158912365 0.60320015036657126 -0.55608512236872054 0.43011993805750787 0.37671707442498081
1403715388.7121432 -0.72109562050150922  -0.5777986655151669  0.67130220579736088 0.60290376862257378 -0.55546037116263036 0.43101142332397013 0.37709411930288228
1403715388.7621431 -0.75287623957770633  -0.5914137094216394  0.65853489450299918 0.60302853662492739 -0.5549150536831664 0.43090254115923338 0.37782121067288216
1403715388.8121431 -0.79082951694585513 -0.60645845767116446  0.64751708642087891 0.6031407937792177 -0.55450779637914804 0.43127805771253797 0.37781149210924919
1403715388.862143 -0.82841030173505792 -0.62127937941077216  0.63767694592486357 0.60364704168598315 -0.55379220565155096 0.43137428602458006 0.37794267737334858
1403715388.9121432 -0.86597953819274465 -0.63581975069832486  0.62977727585305965 0.60436575650444624 -0.55223294666129707 0.43097146924769009 0.37953181379309558
1403715388.9621429 -0.90325080985296702 -0.65052064318967506  0.62416708845279834 0.60464221233461646 -0.55121929163100125 0.43152968854131885 0.3799305403680393
1403715389.0121431 -0.94042046265603974 -0.66560520388211109  0.62105046517982598 0.60523094186952853 -0.55020529943597574 0.43154106644451207 0.38044965954541893
1403715389.0621431 -0.97715960711482386 -0.68103738270278358  0.62112199855531225 0.60552801612577323 -0.54900186983287236 0.4322138557480168 0.38095137682679137
1403715389.1121433  -1.013554202711382 -0.6965051839168348 0.62439874371941728 0.60639496442699803 -0.54791529829656571 0.43197092785522229 0.38141196952647383
1403715389.162143  -1.0488265742669496 -0.71431883401960883  0.63169446003787999 0.60742796154014467 -0.54674680151847155 0.43142852544302512 0.38205841700263959
1403715389.2121432  -1.0853906181967936 -0.72911446336592278  0.63824531916154292 0.60823261219819602 -0.54543215723259464 0.43127164754783648 0.38283366797674945
1403715389.2621431  -1.1205178095286061 -0.74473759160462649  0.64469371135216813 0.60970859780652653 -0.54365269277811401 0.43019993805596785 0.38422023462142946
1403715389.3121431  -1.1559720354604786 -0.75805244485410461  0.65094953369863939 0.61074403007462807 -0.54244077171909433 0.42953388603089804 0.38503295918166619
1403715389.362143  -1.1898142004275305 -0.77258760935552606  0.65674041285590723 0.6120170795572063 -0.5410401368388722 0.42898851751379902 0.38558982935362263
1403715389.4121432  -1.2221825070131804 -0.78835610489760555  0.65835199784723142 0.61310450211052814 -0.53962693075949897 0.42843582591701496 0.38645619177558715
1403715389.4621429  -1.2543467882930375 -0.80227075779027768  0.66316598112794223 0.6138715141377511 -0.53906773805465324 0.42826911184001437 0.38620371018755079
1403715389.5121431   -1.285490734762893 -0.81613278906074793  0.66705991387674757 0.61415604068807161 -0.53895106675530657 0.42864369208727104 0.3854979773792096
1403715389.5621431   -1.316398400806583 -0.83017605613456358  0.67050934330210343 0.61368183906356377 -0.53941699911146623 0.42986077786304699 0.38424421027273631
1403715389.6121433  -1.3464771877358848 -0.84410194592924703  0.67372972654018026 0.61290594223649086 -0.5398466181185293 0.43236870189730492 0.38205921072109422
1403715389.662143  -1.3759941163463452 -0.85802580983827004  0.67599036941396584 0.61329882343844011 -0.53932764479019824 0.43492806188129568 0.37924639183815972
1403715389.7121432  -1.4046808392047749 -0.87112671864348046  0.67770572149974662 0.61456451429634817 -0.5378788660479038 0.43770908305042033 0.37604194159943782
1403715389.7621431  -1.4327098597020282 -0.88487418891390213  0.67869653402803731 0.61669714306885781 -0.53565261926923968 0.44055439032952531 0.37238788159940422
1403715389.8121431  -1.4601990705608252 -0.89862542526088462  0.67987121049406329 0.61970142096199488 -0.5320880260525328 0.44383962108612079 0.36859038531048594
1403715389.862143  -1.4887952078698192 -0.91206281861093585  0.68187106473413817 0.62410728095091761 -0.52837875243335486 0.44614563471158014 0.363675773827217
1403715389.9121432     -1.5164752710559 -0.92671153099760351  0.68265191412590365 0.62979259479611616 -0.52405215548480011 0.44754201651806791 0.35838076025737109
1403715389.9621429  -1.5444873069048692 -0.94019424837556043  0.68243559559127542 0.63591413858095236 -0.51959238607521474 0.44850549269731266 0.3528169266147122
1403715390.0121431  -1.5741617190401238 -0.95308093688935724   0.6820271238058373 0.64308294138569 -0.5147152149764791 0.4484083158758303 0.34704835430217473
1403715390.0621431  -1.6011178418954219 -0.96752883138104528  0.68007142564483658 0.65032444924251753 -0.5094024510588927 0.4484337502782042 0.34131279668953785
1403715390.1121433  -1.6276983919599328 -0.98283738301360801  0.67779582231173385 0.65747369008651713 -0.50338344716822825 0.44889837899814161 0.33589238945515087
1403715390.162143  -1.6542495896204028 -0.99923886885555713   0.6756009443763783 0.66485082462683798 -0.4964549211178908 0.44919442010440702 0.33125558899120183
1403715390.2121432 -1.6804647371581425 -1.0264417400148158 0.67629526766192227 0.67215949015284804 -0.48890457303909718 0.44995092478735876 0.32667736919156504
1403715390.2621431 -1.7031563192684802 -1.0451973309329441 0.67097408119174262 0.67942431370973633 -0.48162771975713986 0.45027436856778508 0.32197877959964122
1403715390.3121431 -1.7285113941423629 -1.0698773813864069 0.66486700680749611 0.68529143470813314 -0.47304811517711381 0.45292619115443472 0.3185262871559979
1403715390.362143  -1.750204390512502  -1.090087953414034 0.66196146314903248 0.69092988492386564 -0.46464817046261803 0.45580095911327739 0.31458457920923588
1403715390.4121432 -1.7687791899656726 -1.1109975509025491 0.65802843524646126 0.69667993205858503 -0.45537471545191271 0.45826726831703213 0.31186864475798159
1403715390.4621429 -1.7857416445162611 -1.1307705208311285 0.65231180540654554 0.70250898520343297 -0.44527210634438064 0.46055516922026501 0.31000453726449639
1403715390.5121431 -1.8024645692694257 -1.1540700618641861 0.64917078665712746 0.70811516339251301 -0.43557003015651136 0.46297317507385577 0.30742072696076195
1403715390.5621431 -1.8184094983252124 -1.1792656490371725 0.64534300787978438 0.71343385627210043 -0.42525086708652421 0.46572475755230558 0.30540838719610419
1403715390.6121433 -1.8328076630918984 -1.2035173544829796 0.64253483578565529 0.71811340697303438 -0.41486130244066743 0.46917644003661629 0.30344143187340411
1403715390.662143 -1.8452333105774232 -1.2280931360151075 0.63914872833164815 0.72237524982394474 -0.40593887034906306 0.47290152026315679 0.2995860212264837
1403715390.7121432 -1.8567539218113245 -1.2522904300844877 0.63561049833599115 0.72585740221574746 -0.3989787049743419 0.47745726002473804 0.29322617460805472
1403715390.7621431 -1.8654434113663505 -1.2761587744468679 0.63243674224782298 0.72841379608766965 -0.39462082540437182 0.48284089917977102 0.28381756800027974
1403715390.8121431 -1.8746703928731399 -1.3018972055237799  0.6277918249252199 0.73159245955955832 -0.39007886333888947 0.48642807494334833 0.27567858349669511
1403715390.862143 -1.8818870827144731 -1.3272804666428033 0.62294212745597344 0.73401858419467825 -0.38684912389625198 0.48945270126565238 0.26832913859903185
1403715390.9121432 -1.8850015821786796 -1.3534068026148476 0.61853442760164878 0.73640593395107767 -0.38391633374564105 0.49072048880899077 0.26364360600631254
1403715390.9621429 -1.8892618611230301 -1.3803312998934922 0.61385614766483787 0.73827568759526419 -0.38210787985846301 0.49195001888454182 0.25870399335014038
1403715391.0121431 -1.8933400222486219 -1.4061003636973113 0.61141026049339253 0.74010603773981232 -0.38057203935284289 0.49280844521680572 0.2540626145006159
1403715391.0621431 -1.8957208416557181 -1.4334579108676466 0.60727199823308531 0.7418181149114369 -0.37865541205171899 0.4943178833013927 0.24894937951643076
1403715391.1121433 -1.8974453809862908 -1.4614518574085704   0.602955482310225 0.74365527571726153 -0.37641985743435141 0.49605383018457216 0.24334239126424762
1403715391.162143 -1.8992202673601062  -1.489634901356139 0.60050255962861199 0.74464039848961761 -0.37398559035778128 0.4994761954741706 0.23699996898019518
1403715391.2121432 -1.8978656345154841 -1.5221238223474587 0.59801884455004595 0.74590719026716323 -0.37082479352636283 0.50248474812044652 0.23156103713752865
1403715391.2621431 -1.8969670057798318 -1.5536284599262631 0.59523322246949883 0.74576840919877097 -0.36808396890831729 0.50673942393873461 0.22706569071542898
1403715391.3121431 -1.9033025433375448 -1.5869598558939688 0.59404955117095926 0.74566572806590148 -0.36547670695810913 0.5104364767036369 0.22330248970708594
1403715391.362143 -1.8991374057167456 -1.6231886426446203 0.59095052352282318 0.74598868991247402 -0.36249814198220459 0.51271976676504516 0.22184321569639684
1403715391.4121432 -1.8979411921145473 -1.6586933574744074 0.58854308861620397 0.74645890737453779 -0.3601014831877945 0.51407430960575207 0.2210285628839207
1403715391.4621429 -1.8967996228581552  -1.695245392175518 0.58616114227953564 0.74705122085642917 -0.35914863629342858 0.51440758048648871 0.21979893449133461
1403715391.5121431 -1.8952934013219818 -1.7328015834150672 0.58357965153867442 0.7476441741211951 -0.35820744040109603 0.5143703698060248 0.21940542657269138
1403715391.5621431 -1.8934444135292932 -1.7712832391781053 0.58114097638835494 0.74757509196964056 -0.35771419321302739 0.51534541351595464 0.21815394245487782
1403715391.6121433 -1.8912248536000595 -1.8095375276367753 0.57912159901654647 0.74752413718657174 -0.35775847846638198 0.51697657774618422 0.2143636010864125
1403715391.662143 -1.8894192422923926 -1.8503010130555999 0.57824136856398567 0.74750374817920606 -0.35667617276622654 0.51905497357890984 0.21119230251567486
1403715391.7121432 -1.8867322275043859 -1.8925453072356546 0.57920872640288046 0.74805289808553832 -0.35367967377079024 0.52107691133752221 0.20929979096540605
1403715391.7621431 -1.8845204852964854 -1.9353297178206954 0.58324830228154467 0.74895759039830967 -0.34955284895749072 0.52335592310600165 0.20730149859642749
1403715391.8121431 -1.8825784418211506 -1.9803623007053357 0.59023245737182561 0.75096618670397608 -0.34320343120948449 0.52480247065381802 0.2069868547250629
1403715391.862143 -1.8802295819059993 -2.0272537292293511 0.59812247331408885 0.75413772804155188 -0.33540341740455254 0.52508914137246088 0.20751440516360736
1403715391.9121432 -1.8788693442063371 -2.0736077084152189 0.60998498894507192 0.75720450196066713 -0.32838367109027039 0.52523362606846191 0.20720797479525352
1403715391.9621429 -1.8769211812901134  -2.120087959229136  0.6229569326282558 0.76059572471617443 -0.32236681172576181 0.52430973768995326 0.20657463833863249
1403715392.0121431 -1.8741801482775402 -2.1671229132451995 0.63518797763073154 0.76469188608672534 -0.3185220683426831 0.52142412648441294 0.2047117281735289
1403715392.0621431 -1.8708286161632586 -2.2149018532575351 0.64782621800708695 0.76763721339534285 -0.3150131740641447 0.51985510238399801 0.20310214499603121
1403715392.1121433 -1.8713380981821095 -2.2601427519774737 0.66173919051083085 0.76976335746337876 -0.31322433041590159 0.51863207265634359 0.20093696910823047
1403715392.162143 -1.8670222084081733 -2.3088312538488509  0.6736336340244673 0.77146016502300419 -0.31113331007622963 0.51795588814771798 0.19941658676448318
1403715392.2121432  -1.863295219038771 -2.3576759165372434  0.6858804180216056 0.77233955540723498 -0.30846571932797306 0.51903178730913668 0.19734871399508555
1403715392.2621431 -1.8571898946757217 -2.4071385393828679  0.6981226523501336 0.77293516762543457 -0.30409267111245608 0.52137763031296169 0.19561247565728981
1403715392.3121431 -1.8492729243131947 -2.4563611210077987 0.70987866649586662 0.77337030768638393 -0.29899685669636328 0.52469410375453007 0.19286094565772738
1403715392.362143  -1.841248839679007 -2.5065860235534392 0.72148070670818076 0.77309385465449842 -0.29127626288761099 0.53010076425780694 0.19099007907995005
1403715392.4121432 -1.8319289177420786 -2.5570880787771841 0.73428612088346468 0.77073366701779444 -0.28283878140876867 0.53889624913214429 0.18858067485246841
1403715392.4621429 -1.8287084959353015 -2.6032785902878786 0.75046354689609829 0.76739890008148248 -0.27313894924290133 0.5493417160914088 0.18632692108753568
1403715392.5121431 -1.8198644588332826 -2.6526963281332705 0.76210981450445703 0.76593217370418121 -0.26245342615185763 0.55721948688285483 0.1843164339497364
1403715392.5621431 -1.8117066057533102 -2.7001855142289708 0.77270370478325001 0.76677325328184331 -0.25260498761965156 0.56179454562357978 0.18065543664348865
1403715392.6121433 -1.8038328411267091 -2.7470935365710152  0.7818671459123282 0.76976714000927748 -0.24319486641829996 0.56329862784157703 0.17609503962780781
1403715392.662143 -1.7968806418069825 -2.7927200193393924  0.7907200306002109 0.77206413548385766 -0.23357352406445656 0.56586486830734617 0.17075517670391127
1403715392.7121432 -1.7913546759166867 -2.8319179297429509 0.79759924340453148 0.77383640892626659 -0.22388951756245518 0.56901828258424125 0.16513294713845411
1403715392.7621431 -1.7866909369950945 -2.8754090131567787 0.80543069654176747 0.77655707542671459 -0.21437551185624432 0.57068397575539798 0.15912903046613996
1403715392.8121431 -1.7811324233415717 -2.9179479692778312 0.81259699506543415 0.78153479507768642 -0.20473755589916665 0.56921087926804259 0.15259381445594822
1403715392.862143 -1.7764914024789444 -2.9589403371693836 0.81830493583782715 0.78752824822921641 -0.19575252530377379 0.56606488877591954 0.14508876170580193
1403715392.9121432 -1.7723054790626005  -2.999117030493414 0.82420184603579527 0.79290299158133226 -0.18607834045383381 0.56362795009586431 0.13785220718601104
1403715392.9621429 -1.7664763518466877 -3.0378887662440239 0.82422097791532101 0.79831346941192083 -0.17558067851040099 0.56092829323801263 0.13124968470217271
1403715393.0121431 -1.7624916894024996 -3.0772862382360242  0.8283821203705477 0.80260045359436916 -0.16476027166460055 0.55966463807589162 0.1243465225026464
1403715393.0621431 -1.7509292357684512 -3.1157214737379535 0.82968879797993178 0.80605897814737715 -0.15485967118534241 0.55919910159584318 0.11654943484537211
1403715393.1121433  -1.745085159500021 -3.1516414729210722   0.833733437885121 0.80899404076017123 -0.14287219008040927 0.55945878156212647 0.11010018641754794
1403715393.162143 -1.7388603068675379 -3.1867902867548605 0.83820377100278587 0.81108616791426635 -0.12931391257586947 0.56067355783978712 0.10517747749278847
1403715393.2121432  -1.731180219217469 -3.2199633584420604 0.84196152958637227 0.81270256429332466 -0.1149760316755646 0.56232480749724723 0.10042840735757046
1403715393.2621431 -1.7239558363123098 -3.2523248560339328 0.84474034253983243 0.81321158307517971 -0.10117467960258522 0.56529313543156579 0.094309471388742044
1403715393.3121431 -1.7162526321089913 -3.2827666170465779 0.84736467981924724 0.81332415321713203 -0.087066392019574362 0.5685100399020695 0.087861252579715221
1403715393.362143 -1.7104640139340657 -3.3124022733752345 0.84929162214569764 0.81356488957576634 -0.07311932152271354 0.57119620927731651 0.080626458292878025
1403715393.4121432 -1.7024794521732265 -3.3406397867803723 0.84852301259265617 0.81393139476466891 -0.058636896394239274 0.57322884257492468 0.074068164807186046
1403715393.4621429 -1.6964851092009114 -3.3616614753444889 0.85098073557954446 0.81414393434849286 -0.043866166315795242 0.57502470220605184 0.067764337738617286
1403715393.5121431 -1.6877181766037712 -3.3847694805967903 0.85238701821829976 0.81365218794099092 -0.029659270057587041 0.57739852668002256 0.060839018287845811
1403715393.5621431 -1.6819862276513777 -3.4069315944860654 0.85140017420586966 0.81304306383526148 -0.014768899134544582 0.57951769212782234 0.053871146995095577
1403715393.6121433 -1.6757248140025434 -3.4262744419165165 0.85153900787566061 0.8125403344685731 -0.001127949859557236 0.5811420888678912 0.045285816069469603
1403715393.662143 -1.6680691379264421  -3.448007436871761 0.85177305648882873 0.81239409528782813 0.01042628171151516 0.58204257171695584 0.033668550611152558
1403715393.7121432 -1.6617327269775679  -3.461465809716898 0.85108152765046374 0.8132477949161464 0.020935219698736782 0.58117511990392756 0.020620878857284784
1403715393.7621431 -1.6553360553135492  -3.474244612768981 0.85002954174968992 0.8144118846594276 0.030804812938390068 0.57942827092694038 0.0068720066884624988
1403715393.8121431 -1.6503749230592215  -3.472433604270448 0.84812449092515307 0.81580085396508739 0.04099339989777169 0.5768510534616651 -0.0056008887529539093
1403715393.862143 -1.6447647676644925  -3.481942205813076 0.84665976541704158 0.81684612647470223 0.0509263778038411 0.57430288216493697 -0.018577116140611701
1403715393.9121432 -1.6391889479788626 -3.4900153242162975 0.84608629882022313 0.8170499624343559 0.062631517092140432 0.57244816723158853 -0.028456067647339562
1403715393.9621429 -1.6368152091904327 -3.4991590307533156 0.84591085217862394 0.81719961808403374 0.073127821774040883 0.57030211614967607 -0.039907420376354384
1403715394.0121431 -1.6326818383354371 -3.5056062454558181 0.84460188250864809 0.81627469675390696 0.083947199551919871 0.56925628834127695 -0.050948653668380209
1403715394.0621431 -1.6246312947438544 -3.5125850600256303 0.84070633067801659 0.81507350728962302 0.095445549396625334 0.56817361638118657 -0.061025129768756625
1403715394.1121433 -1.6204097348115643 -3.5172326390996878 0.83872337249257123 0.81372999329329343 0.10772598047318024 0.56675015816745311 -0.070942718887533701
1403715394.162143 -1.6174268306718911 -3.5221400293339089 0.83831257970386053 0.81149675377414177 0.12125597016746675 0.56609610681041356 -0.079405328327946834
1403715394.2121432 -1.6127247477987912 -3.5255638593638015 0.83573943160255759 0.80943939886989602 0.13459132764563406 0.56466396533091201 -0.088586908380966417
1403715394.2621431 -1.6091833217712341 -3.5284812244956498 0.83381715684127455 0.8070105483528619 0.14831275115590267 0.56320240375236674 -0.097674741357920633
1403715394.3121431 -1.6060769936573545 -3.5305705721862775 0.83167981309376227 0.80365768454096242 0.16137846808777431 0.56257301468293164 -0.10771684764446231
1403715394.362143 -1.6018674981393795 -3.5328284538830563 0.83135889802101715 0.79928722307750577 0.175652072011212 0.56292397333280053 -0.11577082909969211
1403715394.4121432 -1.5990071391047105 -3.5335476869201368 0.83050879400073674 0.79454171316049638 0.19005599590897487 0.5631279079252921 -0.12437501269433193
1403715394.4621429 -1.5958502542544981 -3.5334359064365946 0.82960680758326244 0.78875372473452598 0.20456777474644142 0.56436856505472943 -0.13231670352138583
1403715394.5121431 -1.5934257633626356 -3.5324493605742533 0.82855881832660383 0.78324839843842831 0.21904165691824229 0.5647404753202061 -0.14003890321355683
1403715394.5621431 -1.5878334978383073 -3.5325790279597453 0.82926182450991004 0.77847120144844772 0.23326127305317554 0.5634121871655956 -0.14879003448585648
1403715394.6121433 -1.5875947628765854 -3.5305788875765409 0.82752715806717103 0.77396613324392038 0.24643360890189278 0.56129237776043173 -0.15873804730777075
1403715394.662143 -1.5924653338560271 -3.5326579353822036 0.83060054879028655 0.76996695857022046 0.25921555958370285 0.55767923726661461 -0.1701530037982262
1403715394.7121432 -1.5958629597415295 -3.5315165814179257 0.82979260465415505 0.76638657409407229 0.27222960357809223 0.55304211672696701 -0.18079568332850671
1403715394.7621431  -1.599549308067026 -3.5283577235636447 0.82754772495181905 0.76337433225216189 0.28563336290005559 0.54697063340683671 -0.19104014512006443
1403715394.8121431 -1.6046328189814074 -3.5248858345486864 0.82504131294457406 0.7600535564058416 0.29933606148412467 0.54067883670527839 -0.20095499304329736
1403715394.862143 -1.6105873158105672 -3.5232929696524238 0.82654982733478322 0.75601048937219806 0.31351987604298881 0.5343310135184004 -0.21129078370245533
1403715394.9121432 -1.6171040215661756 -3.5204791863551099  0.8253760290982789 0.75135825559286995 0.32857658732692335 0.52782145135420944 -0.22113957923304536
1403715394.9621429 -1.6236946187505561 -3.5160020871436788 0.82362565493276885 0.74571266274796588 0.34371524151643229 0.52174176513237924 -0.23142598791663027
1403715395.0121431 -1.6302598726978459 -3.5113601332262556 0.82241085178842432 0.73948803964814902 0.35948588029076523 0.5156762167387865 -0.24084306213566434
1403715395.0621431 -1.6375959934137776 -3.5059308079292966 0.82059686246329255 0.73250118191231228 0.37499907642286101 0.5097687878927033 -0.250905348825949
1403715395.1121433   -1.64517318694403 -3.4997459016345807 0.81884111746146726 0.72510521935596839 0.38988768429006487 0.50409260712053328 -0.26096102764222778
1403715395.162143 -1.6531215959932219 -3.4931228171264239  0.8197677367309838 0.71785751161779643 0.40423693603466465 0.49835620861932522 -0.27002626148170028
1403715395.2121432 -1.6567264849182126 -3.4830994778196946  0.8178960552532426 0.71170243208136919 0.417032997276165 0.49136565406691129 -0.2795047787708087
1403715395.2621431 -1.6657231081681694 -3.4769652633998596 0.81825045789598605 0.70470774985501494 0.42944754073971325 0.48590407780926526 -0.28785243479119943
1403715395.3121431 -1.6734478494192635 -3.4679881645833648 0.81606231541441332 0.69743857694762024 0.4414986790389821 0.48104367829365718 -0.29539012740073251
1403715395.362143  -1.681402713001295 -3.4588943858649861 0.81367250251839041 0.69065345365907882 0.45269467920519363 0.47614494801628859 -0.30224381357880503
1403715395.4121432 -1.6894699845137053 -3.4494303268956634 0.81083976457905893 0.68433295230778968 0.46301158495769157 0.47096398304334991 -0.30903334651233705
1403715395.4621429 -1.6965535901485929 -3.4394361634986201 0.80854746104034469 0.67888876024984679 0.47244280410032408 0.46515545677861303 -0.3154968289687376
1403715395.5121431 -1.7064052529034353 -3.4330772314876836  0.8049817637592509 0.67317782393137693 0.48131353437887914 0.45979738732897552 -0.32211063564585374
1403715395.5621431 -1.7147777078353015 -3.4225948403559134 0.80029504375426341 0.66764012284985885 0.48948401054460206 0.45458910235262145 -0.32864999285628371
1403715395.6121433 -1.7238887326369257 -3.4124868376631361 0.79508908229436248 0.66252358861142557 0.49641211348973052 0.44966254180433846 -0.33532239205301989
1403715395.662143 -1.7383986827426456 -3.4050760860881382 0.78545119393889895 0.65694287240619242 0.50326744818939229 0.44591778835298301 -0.34103557588325445
1403715395.7121432   -1.74769990581422 -3.3939011669480368 0.77876256102416175 0.65162141829039644 0.51113460563756152 0.44195059895708427 -0.34468915014317075
1403715395.7621431 -1.7582286793509903 -3.3832896039713023 0.77339995145909279 0.64556215292638697 0.51820527309513953 0.43908576913526964 -0.34916541780126026
1403715395.8121431 -1.7689752391110471 -3.3714945474817344 0.76501183475369994 0.63973599787808133 0.52514821069831319 0.43699922446481665 -0.35212055838369399
1403715395.862143 -1.7789004606043983 -3.3614717355519876 0.75242598657197624 0.63549405209124576 0.53007877647948209 0.43319444327879919 -0.35708034781409592
1403715395.9121432 -1.7876856598824105 -3.3473780956577386 0.74436361642551674 0.63307775518737586 0.53302779268208489 0.42948103966929935 -0.36144150934826941
1403715395.9621429 -1.7963759474471688 -3.3327361224631491 0.73641097163804337 0.63220012799685532 0.53403476300386155 0.42532421473242948 -0.36637300995899158
1403715396.0121431 -1.8047724476928402 -3.3174126350111726  0.7283110361362769 0.63204221941293492 0.53388270188102049 0.42111380481871197 -0.37169215340507328
1403715396.0621431 -1.8130119224071191 -3.3024558599650375  0.7186429525427569 0.63275631800106591 0.53182055749757251 0.41704974996601157 -0.37796275306700872
1403715396.1121433 -1.8224261554018846 -3.2877839443340111 0.71004218658452123 0.63358899594508833 0.52957159596891068 0.41412349730763542 -0.38291074408787301
1403715396.162143 -1.8282170203804098 -3.2722175716201618   0.703109292141742 0.63406853686468423 0.52706420429392598 0.41280060623859166 -0.38698330015562737
1403715396.2121432 -1.8324419542275403 -3.2566896341550251 0.69665935546119551 0.63415879177363776 0.52544020910897771 0.41292213048682003 -0.38890940798846635
1403715396.2621431 -1.8351930069840201  -3.242028918941223 0.69098349813829218 0.63321804572015117 0.52514707284026074 0.41549638004187067 -0.38809562820748195
1403715396.3121431 -1.8481535498700992 -3.2361988668738682 0.68840252969567206 0.63085026317974213 0.52710556526473407 0.41945894655828253 -0.38502189634514428
1403715396.362143 -1.8494191752850986 -3.2208243215478256 0.68317724124935342 0.62824433807518232 0.52905477337304396 0.42471592966495919 -0.38082342041489847
1403715396.4121432 -1.8504866377004854 -3.2055440348335473   0.677803696079328 0.62650696353961477 0.53030081253054151 0.42844374143742586 -0.37776452095044516
1403715396.4621429 -1.8509949067228841 -3.1905794081806604 0.67192343087566431 0.62478839466000058 0.53256126877003551 0.43166705563633478 -0.3737398961610694
1403715396.5121431 -1.8517899743603763 -3.1754815991894754 0.66617938057525516 0.62211408979592131 0.53510801094884397 0.43423160898184854 -0.37158630983500907
1403715396.5621431 -1.8531284967952346 -3.1601627754818429 0.66037537954621239 0.61944916652960558 0.53716971843037009 0.43562058094044465 -0.37143792637306627
1403715396.6121433 -1.8556797369991809 -3.1466461931597753 0.65543606600943338 0.61622205400757057 0.54047027638850487 0.43593050033650393 -0.37165422017190869
1403715396.662143 -1.8589054569714063  -3.131828942729364 0.64913219137769262 0.6124239581671892 0.54336835385940752 0.43581667606285851 -0.37383358911750025
1403715396.7121432 -1.8626270235176823 -3.1174133142316323 0.64187781222042783 0.60916068734812334 0.54629780056696264 0.43445885672453721 -0.37646709271710477
1403715396.7621431 -1.8659260292221742 -3.1051456379283993  0.6357828902938929 0.60750331870405505 0.54904101290989182 0.43103946773139046 -0.37907606250497944
1403715396.8121431  -1.875639132114467 -3.0910723861753939 0.63447628048598814 0.60654569656837809 0.55116862003355971 0.42710680125981293 -0.38196236801849132
1403715396.862143 -1.8812217712322066 -3.0773037190286714 0.62681559835645984 0.60577129890065062 0.55429619795340535 0.42281371733713974 -0.38343893750396191
1403715396.9121432   -1.88713362378065 -3.0636187796985261 0.61876870005813656 0.6052369009905052 0.55722221751591017 0.41881412586310218 -0.3844299961808218
1403715396.9621429 -1.8903822484183128 -3.0540097927059908 0.61382300140108914 0.60564015138942728 0.56149684551468704 0.41394271169851532 -0.38284818261776699
1403715397.0121431  -1.896160990887543 -3.0400414322629024 0.60468308067565923 0.60695982711935859 0.56485620163422923 0.40850701147909696 -0.38165332608403424
1403715397.0621431 -1.9018257684135886 -3.0255133461198223 0.59534771647467888 0.60775739406538609 0.56845053681865687 0.404021055320124 -0.37981827761107728
1403715397.1121433 -1.9074040773565846 -3.0101450061887283 0.58596942632882021 0.608633313601323 0.57069220904746354 0.3999690871756873 -0.37934235383232273
1403715397.162143 -1.9124191560026742 -2.9932799324884396 0.57661200692676662 0.6100596475796618 0.57158365484428264 0.39570362972468626 -0.38018152155587365
1403715397.2121432 -1.9153356606820648 -2.9754130811477002 0.56721789332774242 0.61192921300278358 0.57112503834146011 0.39093250169812416 -0.38279316604310737
1403715397.2621431  -1.920091420876971 -2.9557727941465459 0.55779399590268486 0.61436733147201894 0.56967856938408534 0.38567546655869744 -0.38635934581576187
1403715397.3121431 -1.9240690863715679 -2.9346366949109433 0.54920405963949637 0.61630447923235609 0.56712163176890817 0.38198081885978102 -0.39068209285954825
1403715397.362143 -1.9267260315619503 -2.9121317310803523 0.54070470334781517 0.61770321369257619 0.56505157767261849 0.3791689905123547 -0.39419580286627909
1403715397.4121432 -1.9198775114171496 -2.8908474162378868 0.52828782559916132 0.6185343465042038 0.56374967559992084 0.37699138969769591 -0.39683631077486031
1403715397.4621429 -1.9189607372549393 -2.8657754477373762 0.51989730661111766 0.61931941164372406 0.56308146558156336 0.37505380814300304 -0.39839348699146881
1403715397.5121431 -1.9163979629566308 -2.8394818502595238 0.51218269881598055 0.61966978346841717 0.56277433836336366 0.37426499501378419 -0.399023955475377
1403715397.5621431 -1.9120772863225992  -2.811821688811003 0.50478608521403834 0.61937915590708059 0.56204466849567247 0.37416644254839393 -0.40059296688047502
1403715397.6121433 -1.9054891501684119 -2.7829269698421744  0.4982280817477055 0.6187709738539463 0.56100422788378623 0.37467311408376774 -0.40251310015343345
1403715397.662143 -1.8969560812176096  -2.752541912055098 0.49260095051144676 0.61696277990348714 0.56004561278333709 0.37723217951535715 -0.40422978929563236
1403715397.7121432 -1.8867579600327067 -2.7210010297242486 0.48808928299010834 0.61413867367676223 0.55853518472682129 0.38140876612090596 -0.40669336119839838
1403715397.7621431 -1.8749722150243098 -2.6900443851891089 0.48501574359548921 0.61147098050105442 0.55782122411630264 0.38567498384318827 -0.40766840540815208
1403715397.8121431 -1.8622886607058662 -2.6590984272774039 0.48294654555614436 0.60922761642958068 0.55663634196178624 0.38948299430575356 -0.40902407182653377
1403715397.862143 -1.8484543042643224 -2.6275341010976438 0.48146939631379831 0.60731954726464255 0.55608461553247979 0.39285485082383237 -0.40938726661017216
1403715397.9121432 -1.8344138707685109 -2.5981760846256634 0.48012492788376759 0.60476555652873332 0.55630316828732951 0.39717975250231691 -0.40869750524338766
1403715397.9621429 -1.8188188675018473   -2.56638474701065  0.4798862128209132 0.60126386941070475 0.55518273184361411 0.40322810100177464 -0.40946427459111928
1403715398.0121431 -1.8024134454204981 -2.5350116536188705 0.47970941146216972 0.59744464129369623 0.55388415860196105 0.40984534531213146 -0.41024265059257792
1403715398.0621431 -1.7877785742407997 -2.5023437928542749  0.4776444883752673 0.59403075368918423 0.55228471953387692 0.41596654179384968 -0.4111944653675586
1403715398.1121433 -1.7714243898191853 -2.4724704676974687  0.4762898690404333 0.59132900094045726 0.55077307265535347 0.42097239850679458 -0.41202096400544702
1403715398.162143 -1.7547615469238973 -2.4450346695052065 0.47490546455615146 0.58901081008868572 0.54948342035796083 0.4253536217926302 -0.41256336819727352
1403715398.2121432 -1.7387279513097147 -2.4186636180990604 0.47197757303171056 0.5881226791315366 0.54890497210022049 0.42793330085626147 -0.41193219819900467
1403715398.2621431 -1.7229934368409805 -2.3935230404613694  0.4678636899819365 0.58875171984332419 0.54882027075046136 0.42861407326581757 -0.41043598647462987
1403715398.3121431 -1.7075451220430466 -2.3708382322821451 0.46271725108327699 0.58992091375866518 0.54953545747625676 0.4287190377706982 -0.40768135000201977
1403715398.362143 -1.6923996160669612 -2.3488846657466547 0.45751520823120606 0.59104058936917447 0.54992010770075173 0.42912860537775738 -0.40510188460568008
1403715398.4121432 -1.6776008215721243 -2.3279395220765844 0.45245909001659212 0.59304572496165187 0.54908780482289876 0.42805869924143475 -0.40443182454303711
1403715398.4621429 -1.6632694912509374 -2.3089674893259025 0.44711745295143313 0.59415406209913657 0.54968028238515521 0.42850279585256268 -0.40151947847471653
1403715398.5121431 -1.6522872011152241 -2.2996841869619562 0.43768852610829684 0.59502945568580989 0.54980798810298759 0.42948583947723584 -0.39899002089391655
1403715398.5621431 -1.6389538147278324 -2.2828861746487257 0.43258859909939734 0.59529966721204219 0.54991155432253358 0.43105057678678588 -0.3967505373551326
1403715398.6121433 -1.6266841466356381 -2.2650369319418253 0.42704118137949992 0.59471931373039721 0.54841544053001756 0.4337842776488226 -0.39671229238454586
1403715398.662143 -1.6146197832877478 -2.2505997302927061 0.42333155190636695 0.59277248142214323 0.54770186159061895 0.43833815624082795 -0.39560474828065068
1403715398.7121432  -1.603553336816687 -2.2372828889974907 0.42010626691806463 0.58962999604494848 0.54735497090507101 0.44438619637470334 -0.39403034408680593
1403715398.7621431 -1.5935217435144688 -2.2253261353487583 0.41726520655420629 0.58647864622206181 0.5472804036568113 0.4506108364240487 -0.39176119179417762
1403715398.8121431 -1.5846941912260992 -2.2159833409816252 0.41437621235406435 0.58406386520277997 0.54756304164451475 0.45514749191181259 -0.38972410420165582
1403715398.862143 -1.5776390735245205 -2.2069280805653473 0.41134344446571813 0.58228700843574654 0.548123029245979 0.45847007495831305 -0.3876959826782827
1403715398.9121432 -1.5729492057782299 -2.1996620012969892 0.40850136200514664 0.58108002643819745 0.54843016020203916 0.4606803362949744 -0.38645050136660281
1403715398.9621429 -1.5707096323563929 -2.1940831059499097 0.40588024898245934 0.58064730987077862 0.54849483709098346 0.46133481252283531 -0.38622830810141806
1403715399.0121431 -1.5695419249894631 -2.1904228440674629 0.39970041336199036 0.5798312448342674 0.5486177704412768 0.46219164791943668 -0.38625529130809572
1403715399.0621431 -1.5691601241510584 -2.1880203493137973 0.39786705125320604 0.58026618926690487 0.54857018188379669 0.4610578963125016 -0.38702392870407054
1403715399.1121433 -1.5726047305166502 -2.1874666258463509 0.39527540936105698 0.58167127275572561 0.5489876025534689 0.45807682808521799 -0.38786178242347402
1403715399.162143 -1.5767384321940265 -2.1878642789075324 0.39478756878209265 0.58288264904679532 0.54883698082892318 0.45440235624298991 -0.39056918024288795
1403715399.2121432 -1.5826228159767579 -2.1897016954941804 0.39320192322732256 0.58351433345540693 0.54893382319681638 0.45199771144183959 -0.39227636846228464
1403715399.2621431 -1.5909367725575125 -2.1939097849555651 0.39197413170908213 0.58374665846718743 0.5484853308582115 0.45034191327770495 -0.39445638758565837
1403715399.3121431 -1.5974491960570123 -2.1981864522895376 0.39156389749737452 0.58382791211598528 0.55021837457516831 0.44844707952508128 -0.39408111624331171
1403715399.362143 -1.6076724431939642 -2.2051403746244049 0.39020536033501702 0.58470193447233776 0.55208665832747228 0.4464750679577702 -0.39240792960032761
1403715399.4121432 -1.6181907671901761  -2.214152744434335 0.38918285811535708 0.58574317584009283 0.55499741028550065 0.44402430492933259 -0.38951922053368943
1403715399.4621429 -1.6306104087138527 -2.2234376344530307 0.38820457169834588 0.58635507317550062 0.55716314208249562 0.44255620369348675 -0.38717046354096163
1403715399.5121431 -1.6440794292375203 -2.2335510349521939  0.3876379771426432 0.58600538264235524 0.55913043484686642 0.4430512267788545 -0.38428694850579181
1403715399.5621431 -1.6588606725035302 -2.2448047251095939 0.38614199924681181 0.5884837015233263 0.56192289046463884 0.43980962746966468 -0.38012772826809821
1403715399.6121433 -1.6740037536322314 -2.2545747034251158 0.38403123296847413 0.59412655029057992 0.56328841050151013 0.43247825259642919 -0.37773319931617949
1403715399.662143 -1.6912684429942388 -2.2664280830773427 0.38223071703620309 0.59947147076351792 0.56437339861117197 0.42571137117513286 -0.37534843963028319
1403715399.7121432 -1.7095545914368011 -2.2778153269781964 0.38072848417679056 0.60440448063042862 0.56506090978546553 0.41965477756564662 -0.37321744291044512
1403715399.7621431 -1.7285885165847614 -2.2902296410016967 0.38226302103325266 0.6080353937330889 0.56553365090632857 0.41566636510762073 -0.37106080711741096
1403715399.8121431 -1.7477843038208243 -2.2999279983437004  0.3830817772741042 0.61079300496718558 0.56546128715735866 0.41309228715209434 -0.36951346403744262
1403715399.862143 -1.7673839574822756  -2.308973774903456 0.38437388837454128 0.61261936341962075 0.56560595325815921 0.41151449950180669 -0.36802613752564528
1403715399.9121432 -1.7874261306469812 -2.3167382004868493 0.38629807981992631 0.61408167603935182 0.56583786480929665 0.41061319396300183 -0.36623491210459325
1403715399.9621429 -1.8075028798709893 -2.3233496631369714 0.38858674791204478 0.61570809571263163 0.56543547380562909 0.41090300515174927 -0.36379250431171645
1403715400.0121431 -1.8277680430219578 -2.3286455640818589 0.39171138353583634 0.61714668479471724 0.56398805887612702 0.41322463870496029 -0.3609609907721098
1403715400.0621431 -1.8484469972500048 -2.3324165086354367 0.39545474485448584 0.61861183551126975 0.56132317045144631 0.41678899678221948 -0.35850052641660884
1403715400.1121433 -1.8724345836798588 -2.3320515172955156 0.40135955479968982 0.62050368556741753 0.55787149344335873 0.42130811064870516 -0.35532245763833509
1403715400.162143 -1.8957975371947846 -2.3325560782194987 0.40643408254499097 0.62353312843405417 0.55337018829565177 0.42536833498551307 -0.35220683133995095
1403715400.2121432 -1.9185976197687784 -2.3319417655709498 0.41062576455445443 0.6267000149044144 0.54850058898628562 0.43041958817966669 -0.34804191315379063
1403715400.2621431 -1.9462004075014783 -2.3270909040511247 0.41331264273653806 0.62950565790452673 0.54494130243209904 0.43661982662460808 -0.34077078890082974
1403715400.3121431 -1.9714680765625734  -2.322091609244854  0.4176627669218208 0.63337278954824128 0.54025350744189216 0.44214141474133378 -0.333880257767878
1403715400.362143  -1.997829361282137 -2.3170372149909411 0.42121114576866886 0.63743863875228324 0.53491456817251004 0.44811270360543715 -0.32670076744611254
1403715400.4121432 -2.0261343541576058  -2.310327041986207 0.42507120157981959 0.64308671228654568 0.52846442169719077 0.45274176066970856 -0.31967128996271765
1403715400.4621429 -2.0551719116846652 -2.3029152014617145 0.42760051400813037 0.64971804672790012 0.51992986747901793 0.45630350760611743 -0.31516107247832315
1403715400.5121431 -2.0856378161779419 -2.2945082068681519 0.43023879469781512 0.65773167669611021 0.50997294371440172 0.45877543023516115 -0.31119405965142383
1403715400.5621431  -2.117386056452466 -2.2843769708550252 0.43179691214232419 0.66638278237420656 0.49953182666090834 0.46086562200755327 -0.30660205472178154
1403715400.6121433 -2.1502870473701088 -2.2736183876183023 0.43313781460802631 0.67568596387356983 0.48765074016496052 0.46269514627128117 -0.30258624466060707
1403715400.662143 -2.1836560946862451 -2.2613908910371805 0.43384491752342386 0.68535894955772603 0.47580657881526522 0.46425963760906086 -0.29724434175329029
1403715400.7121432 -2.2145881899719417 -2.2483367410876167 0.43749958175221271 0.69465277745718557 0.46361697051330675 0.46650529528309642 -0.29135825523899694
1403715400.7621431 -2.2479484213385357 -2.2332007745110634 0.43724839311785574 0.70418781708189515 0.45078346476298792 0.46831986494547528 -0.28564014120421372
1403715400.8121431 -2.2814076057642363 -2.2169025937195177 0.43677092493459746 0.71312499335912427 0.43662784152557305 0.4706585074029298 -0.28158380859082499
1403715400.862143 -2.3161747860788457 -2.2014562774874418 0.43910411373686847 0.72166356713019364 0.42190664395845712 0.47311352464101503 -0.27813678732305791
1403715400.9121432 -2.3485269624102374 -2.1816928619242453 0.43759223695246163 0.73018689738929665 0.40918208710316217 0.47370770333259438 -0.27385785779898986
1403715400.9621429 -2.3808547414453907 -2.1617504397786083  0.4358615416462211 0.7376772031580614 0.3981542539234062 0.47354494972666999 -0.27029745580001574
1403715401.0121431 -2.4120079012968154 -2.1409485671364141 0.43471743997111201 0.74429197645520873 0.38846477598755436 0.47313718265460858 -0.26695650954977251
1403715401.0621431 -2.4422675998048424 -2.1182416446930503 0.43439031505210107 0.74970653483713079 0.3817444300208746 0.47279826415917259 -0.2620555345315434
1403715401.1121433  -2.470652504726679 -2.0954234236580493 0.43465714170117009 0.75338635440316537 0.37609271558272267 0.47348685232540566 -0.25840563260057076
1403715401.162143 -2.4974784708397464  -2.071400390481962 0.43573755732157526 0.75621445768115636 0.37242540009203595 0.47459295693459014 -0.25337825595019781
1403715401.2121432 -2.5224389773914222 -2.0462735021289551 0.43826149621816241 0.75785231314041657 0.37078837830813166 0.47619010932218325 -0.24782822632434981
1403715401.2621431 -2.5438029115327101 -2.0195170948755443 0.43965527304306062 0.7587077017188244 0.3703749393378184 0.47791082840188365 -0.24245879600309866
1403715401.3121431 -2.5655381213724096 -1.9908951399127393 0.44257966771216023 0.75930764856540733 0.36973871868043412 0.47976064320684292 -0.23785478756665593
1403715401.362143 -2.5837955643885939 -1.9635890110948773 0.44606399076721376 0.75882112779297983 0.36826468995060868 0.48227712250485305 -0.23660175666932687
1403715401.4121432 -2.6033377574614729 -1.9307006945887997 0.45012878663561068 0.75820793204461756 0.36657670518287955 0.484684047493049 -0.23627023745627557
1403715401.4621429 -2.6209142226193234 -1.8962889289986677  0.4553580264404653 0.75715071083762309 0.36548705533571141 0.48726556075854349 -0.23603873995337094
1403715401.5121431  -2.635768789062209 -1.8640769844192586 0.45552378598246468 0.75562087097980857 0.36351295451952864 0.49015491425163155 -0.23799914132444769
1403715401.5621431 -2.6505794760886374   -1.82813734210303 0.46138535405198389 0.75489248663907438 0.36102855251796712 0.49186533280038641 -0.24054981245434709
1403715401.6121433 -2.6652531443402063 -1.7916305244975668 0.46572480416994405 0.75291934394101467 0.35772946705017966 0.49518093323490436 -0.24482224834364147
1403715401.662143 -2.6759604742699579 -1.7542372384446152 0.47244995112775523 0.75153838300312459 0.35478369188248632 0.49787632049122149 -0.24786641632420564
1403715401.7121432 -2.6865009969308966 -1.7169094771092102 0.47929893585630218 0.75068895254459089 0.34816005120892574 0.50100081152795617 -0.25347359254571789
1403715401.7621431 -2.6952917022883707 -1.6790775746193356 0.48540333157636789 0.75124636926057475 0.33973096764381666 0.50299661791020489 -0.25924151802420736
1403715401.8121431 -2.7016129105846658 -1.6458936006003686 0.48562565062887886 0.75145941519434523 0.3334383824358132 0.50623532893559742 -0.26048682149358082
1403715401.862143 -2.7082089053652427 -1.6100326614170066 0.49141530572145187 0.75228944061531489 0.32800824542312479 0.50857816737039574 -0.26042165068847423
1403715401.9121432 -2.7142039995094631 -1.5748615834669215 0.49677937322931681 0.75225385573764769 0.32660739981150266 0.51120963871308134 -0.25711174263936803
1403715401.9621429  -2.710164754770541 -1.5446379717957948 0.49312734379827039 0.75119762095783515 0.32790890454559818 0.51412573082110524 -0.25269075466795177
1403715402.0121431  -2.714153428629658 -1.5116714782277074 0.49670073655182706 0.75011843299615033 0.32970047183287188 0.5169103311712534 -0.24783794076171406
1403715402.0621431 -2.7176502292772811 -1.4788101999156973  0.5001624063236253 0.74919962112332672 0.33197985811669251 0.5187724720459711 -0.24364815566877679
1403715402.1121433 -2.7203172012052246 -1.4461799788537493 0.50341075063494389 0.74645085268326838 0.33285880739347434 0.52261979422834925 -0.24266167713451076
1403715402.162143 -2.7224420777565843 -1.4142256268691342 0.50656475639871723 0.74113146302230526 0.33220547453173715 0.53017416373727855 -0.24347285950396658
1403715402.2121432 -2.7250701011505578  -1.383461055609633 0.50899495595936095 0.73746010526338757 0.33034777559972367 0.53604193146856061 -0.24429897259031427
1403715402.2621431 -2.7296590819967563  -1.354994568652351 0.51078087522339821 0.73573818458827256 0.32812763220201124 0.53993631809601528 -0.24390644338592901
1403715402.3121431 -2.7335960606960072 -1.3269454459482959 0.51067348465780171 0.73648790902767713 0.32761218219101557 0.54123705679430179 -0.23941233528939684
1403715402.362143 -2.7387569618680843 -1.3012308470755509 0.51263508114106993 0.73912479105593021 0.32704998771870675 0.54111646480120013 -0.23221933662116262
1403715402.4121432 -2.7423544054502895 -1.2792346138188571 0.51402798601459532 0.74115818377234233 0.32495997051528686 0.54276365203306987 -0.22470688067282549
1403715402.4621429 -2.7469823871678498 -1.2564939942288087 0.52088576933856945 0.74292481551046141 0.32200840696657401 0.54567516137105054 -0.21589794488200736
1403715402.5121431 -2.7491151705867285 -1.2348043020530548 0.52221419334560937 0.74268659902326617 0.31899903598776697 0.55101991908257142 -0.20744464187914327
1403715402.5621431 -2.7554502036391928 -1.2102622605271833 0.52340303096950302 0.74329763856293218 0.3155757341454492 0.55456466387801884 -0.20094429602053804
1403715402.6121433 -2.7626574253995626 -1.1866488314113854 0.52707434047486001 0.74262077628792478 0.31196198029457617 0.55910547878454298 -0.19645653226429907
1403715402.662143 -2.7696494402459679 -1.1615059184725638 0.52776781629374458 0.74258526999974239 0.3087352554668798 0.56231903237063519 -0.19247588068369176
1403715402.7121432 -2.7795204993773814 -1.1354897814548872 0.52889286278837255 0.74306671637925537 0.30508657979082959 0.56439231976117255 -0.19035583320583502
1403715402.7621431 -2.7918864207374479   -1.10983774925054 0.52842403992601561 0.74761158496083924 0.29933600264391258 0.56094714794898182 -0.19186759174339171
1403715402.8121431 -2.8051525483740321 -1.0847557600265048 0.52672006363031909 0.75202563151015356 0.29351607510079336 0.55716271955495711 -0.19461620473975064
1403715402.862143 -2.8244061256632182   -1.06330634200913 0.52595828669669797 0.75619343506025627 0.28865918722119877 0.55284845078543798 -0.19800493142522541
1403715402.9121432 -2.8414668456623007 -1.0377975149928638 0.52669375055314971 0.76067414644527676 0.28320282056954488 0.54847189726731926 -0.20087205693971261
1403715402.9621429  -2.858336905002866 -1.0128076561139601  0.5262330712215274 0.76579045995881878 0.27882063176445332 0.54280374138802212 -0.20294857741235195
1403715403.0121431  -2.8750225122135049 -0.98801068121860736  0.52595634493304955 0.77151213657330997 0.27471378673016106 0.53583994900727683 -0.2053701720025109
1403715403.0621431  -2.8911517144414729 -0.96485702100942972  0.52594628506752084 0.77723112815626427 0.27253284899785141 0.52873917045928542 -0.20511584352282924
1403715403.1121433  -2.9038788845016175 -0.94326746917058868  0.52519406610462605 0.78222453743659215 0.27071052420812031 0.52201609479389433 -0.20576632837081513
1403715403.162143  -2.9188842437981712 -0.92319222246737964  0.52593508424915536 0.7863111694882593 0.26976808553856962 0.51632623098618557 -0.20578422669986471
1403715403.2121432  -2.9304014638359668 -0.90013074276279459  0.52831930210112399 0.78924619913510219 0.26844937776015021 0.51248970528407112 -0.20586323301849876
1403715403.2621431  -2.9399143931590279 -0.87718508161949915  0.53132756668552461 0.79077985548333329 0.26989184845112113 0.5103168893718002 -0.20347550890287916
1403715403.3121431 -2.9475565377893815 -0.8541104396437037 0.53463940945945476 0.79082431825128963 0.27177169617471103 0.51021422829724261 -0.20104348799141203
1403715403.362143  -2.9534681714112367 -0.83121556250395023  0.53830708437321284 0.79011532313971022 0.27291730936192393 0.5117618596683986 -0.19832729862331497
1403715403.4121432  -2.9572683733082448 -0.80824119523453253  0.54199075887716075 0.78949851202864796 0.27279937776491281 0.51389804422340979 -0.19540061192069416
1403715403.4621429   -2.959231216241935 -0.78509337490635456  0.54580400261499018 0.78916870850517973 0.27120967419355946 0.51638278578398367 -0.1923717252770335
1403715403.5121431  -2.9592949578897065 -0.76194403954402967  0.54997844018112674 0.78916603856123146 0.26758728837383861 0.51950515533024011 -0.18901957641369441
1403715403.5621431  -2.9693469416758642 -0.73981730812296953  0.54663154341180797 0.79005304187217373 0.26241373506857518 0.52198401493561286 -0.1857092104005153
1403715403.6121433  -2.9673403120332158 -0.71673758940769583  0.54863435470088695 0.7925175301765941 0.25617235220600493 0.52298349413292722 -0.18105235483845081
1403715403.662143  -2.9649585092456161 -0.69357316177836792  0.55043278860806721 0.79533200396615555 0.24901015065560739 0.52398339031183028 -0.17573376173908961
1403715403.7121432 -2.9620437627530194 -0.6710335620372434 0.55131382091560599 0.79950390554534345 0.24102115797200444 0.5231516370455721 -0.17033693399880942
1403715403.7621431  -2.9610356590318143 -0.64854341163970319   0.5544578795035634 0.80404923117251292 0.23122683907383887 0.52208920508811796 -0.16571615694695893
1403715403.8121431  -2.9543872166451366 -0.62518259477474303  0.55576211735025671 0.80808235652268878 0.220643378578738 0.52183077674925926 -0.16128250061107882
1403715403.862143 -2.9449452515699601 -0.6016706051249946 0.55770283122444086 0.81133676804281485 0.20995369890663196 0.52267305596348257 -0.15641281823129838
1403715403.9121432  -2.9340580284731717 -0.57885360740238201  0.55986480408719086 0.81439528574999009 0.19969670914791401 0.52363757901963226 -0.15061616361514402
1403715403.9621429  -2.9233750962399561 -0.55763603660575845  0.56070872782570003 0.81688064031744667 0.18942726238418492 0.52516379816611425 -0.14500454074246169
1403715404.0121431  -2.9086169756766096 -0.53730716996260619  0.56500966254284402 0.81857521042105985 0.18021607233146314 0.52755171723274108 -0.13836899147686427
1403715404.0621431 -2.8919876064661336  -0.515327596114457 0.56916816841028484 0.81862700185325377 0.17069705251623352 0.53239734229232427 -0.13139793765159649
1403715404.1121433  -2.8746921490731525 -0.49441424586660598  0.57380523497946034 0.81831413703745859 0.16248499997246471 0.53735705717201199 -0.12332068365048382
1403715404.162143  -2.8559182795879057 -0.47251967078994123  0.57831715945073248 0.81702854653280776 0.15593255622799779 0.54359563322840743 -0.11248635292201757
1403715404.2121432   -2.836209155633985 -0.45056128889381591  0.58258737108965464 0.81619220144637061 0.14927747952680459 0.54870017156839701 -0.10234571864549745
1403715404.2621431 -2.8141007680636507 -0.4266407069360596 0.58574450496791741 0.8150128953829594 0.14455936105040409 0.55346780952406027 -0.09235775718813731
1403715404.3121431   -2.792698426665766 -0.40228999249059749  0.58850642477373005 0.81442193248252059 0.14042404438334838 0.55691383211726875 -0.082734438095142235
1403715404.362143  -2.7718882825570978 -0.37941737955416704  0.58992640705316701 0.81451260111374069 0.13631546828036384 0.55868542380851438 -0.076537003849995261
1403715404.4121432  -2.7511824180540287 -0.35382912532471977  0.59178070649264913 0.81420834224070615 0.13328509349841414 0.56065354292680247 -0.070480238935352074
1403715404.4621429  -2.7306702593385244 -0.32613102814511513  0.59367185866526351 0.81349430692221725 0.12999305952963816 0.56291720229093545 -0.066731105522174927
1403715404.5121431  -2.7077652737723752 -0.30097104289651744  0.59337328600799233 0.81264034852387435 0.12829415898863739 0.56494914918497685 -0.063156405499086674
1403715404.5621431 -2.6854474299177977 -0.2726448797239589 0.59305749622876902 0.81189923639984574 0.12651445333752803 0.56665443627994028 -0.060962881118900226
1403715404.6121433  -2.6708825217186667 -0.24557241097865951  0.59433276229990206 0.81116158145965966 0.1249092489697206 0.56812012677198687 -0.060449068167061602
1403715404.662143  -2.6501547337399294 -0.20980752042443024  0.59466798413933541 0.81086661698725448 0.12073385953720506 0.56913388770975204 -0.063287301074380131
1403715404.7121432  -2.6299505265963594 -0.17732748658300573  0.59288948077292325 0.81034869401460141 0.1176077265975381 0.57020667752895327 -0.066089043379226053
1403715404.7621431  -2.6110562144000795 -0.14471623811816844  0.59099839547571009 0.80965893980435133 0.1136212523098523 0.57147500023637865 -0.070419715444366593
1403715404.8121431  -2.5929786257220031 -0.11203520132187565  0.58875873819840208 0.81002780495663762 0.10999473407745125 0.57137145656079891 -0.072737695179002013
1403715404.862143   -2.5744726000644977 -0.079376281552585998   0.58623574070033169 0.81062487051610332 0.10560335984974639 0.57129689654826699 -0.073178587602621359
1403715404.9121432 -2.5567685190697378 -0.0467321056570911 0.58354591554115642 0.81056584174934587 0.10021363588360227 0.57238580928507943 -0.072902185846707948
1403715404.9621429   -2.5394015603724065 -0.014398565361943788   0.58071226211771065 0.81030422343215158 0.093169705698090383 0.57403471319820887 -0.072184620741534394
1403715405.0121431  -2.5222257955991814 0.017333277550626039  0.57772873308552319 0.80979493389482093 0.084687045640212552 0.5762303196537456 -0.070844110910911862
1403715405.0621431  -2.5027389733336425 0.047935468052727886  0.57254420096538994 0.80974186190361819 0.074541878330059555 0.57794765553758787 -0.068834097034056782
1403715405.1121433 -2.4860663352595198  0.0780560303206871 0.56902879319558031 0.8101442784510976 0.062183201079145767 0.57905116174869986 -0.067076446491909858
1403715405.162143 -2.4703369768723138 0.10626714843378304 0.56540290063075627 0.8114792483550145 0.049156014957103832 0.57887689362620975 -0.063139985020489398
1403715405.2121432 -2.4550476764913718 0.13308080035402123 0.56098140825140796 0.81310754493584214 0.035130488496936542 0.57817088950519169 -0.057796121627229621
1403715405.2621431 -2.4421963557059274 0.15863694040705251 0.55480459160908524 0.81468919449299781 0.020643920204831093 0.57726096127401294 -0.051235998320805429
1403715405.3121431 -2.4289179935111256 0.18250577598468284 0.55020008591570302 0.81601304117757312 0.0069118639548878761 0.57644179006352381 -0.042306092151817049
1403715405.362143 -2.4152291265564383 0.20373062852494109 0.54429751560619799 0.81723370411872631 -0.0064385217142781843 0.57534306725676232 -0.032679860007374897
1403715405.4121432 -2.4024318610285991 0.22469570251839446 0.53970861292344297 0.81850584733635712 -0.019237985465500988 0.57376145453105587 -0.02181446964352942
1403715405.4621429 -2.3875956424645062  0.2435094009211044 0.53591259365906829 0.81978490078012511 -0.032430962577651566 0.57162094674965114 -0.012265494537118407
1403715405.5121431 -2.3722699671865923 0.26095835488567359 0.53283148512226264 0.82040874115819062 -0.045627140467432478 0.56994723369590694 -0.0027950467583512609
1403715405.5621431 -2.3597206523055529 0.27782289175362646 0.52782684187932294 0.82061068112601299 -0.058909161882966958 0.56839477768955871 0.0074294928080460877
1403715405.6121433 -2.3474097595818861 0.29364655067900225 0.52312767257379689 0.82082686078461664 -0.070410784638981191 0.56647106184968332 0.019902816581755259
1403715405.662143 -2.3330734688834416 0.30687941119112511 0.51814010450724513 0.82166025270547782 -0.080880513388602179 0.56323649319800917 0.03312739663745852
1403715405.7121432 -2.3177047610647308 0.32072664338712131 0.51182475298544716 0.82224769049161683 -0.091555284773603016 0.55989476830818108 0.045212981900722496
1403715405.7621431 -2.3013145925655354 0.33768503050855248 0.50983905516865069 0.82235433486857745 -0.10219168146008929 0.55680607633750279 0.057071897785638925
1403715405.8121431 -2.2869240606633809 0.35131352028109231 0.50450746421618065 0.8226825600638763 -0.11338253598470208 0.55300933778144257 0.067219626798686191
1403715405.862143 -2.2716341101613411 0.36436803890907338 0.49928685241176962 0.82252334974230001 -0.12452103830556453 0.54953581894855097 0.077202550738662473
1403715405.9121432 -2.2551273235642286 0.38493771909451197 0.49578098345286598 0.82066983484191913 -0.13745849176029401 0.54790442861275535 0.086063478491472764
1403715405.9621429 -2.2404410739731162 0.39494528151086788 0.49263074689416692 0.8170006217070237 -0.15031061925319536 0.54863419525523516 0.094431041859645778
1403715406.0121431 -2.2225726078477752 0.40728972242260753 0.48746892799116637 0.81216429992547601 -0.16273260707783377 0.5505423743400546 0.10397279728961895
1403715406.0621431 -2.2023044294223921 0.41947281705896988 0.48381082299182665 0.80711650398197321 -0.17618764047767441 0.55211479860521873 0.11265040392269404
1403715406.1121433  -2.183267456713633 0.43102348788682199 0.47748892684659855 0.80251278358513456 -0.18864402062324775 0.55273546805764129 0.12194329836704894
1403715406.162143 -2.1623275913811497 0.44199419790705347 0.47006877473604014 0.79809377202313758 -0.20174603652328801 0.55260965401012163 0.13025911906595272
1403715406.2121432 -2.1429214635319322 0.45207585193164523 0.46329336019836098 0.79367316417888512 -0.21503859701612049 0.55204485873342035 0.13815854733462177
1403715406.2621431 -2.1233774270319454 0.46291671893667857 0.45552063402614573 0.78989835896812577 -0.22747341023916764 0.55033773789379759 0.14644044654248733
1403715406.3121431 -2.1040498171604023  0.4737070820780111 0.44625741007036202 0.78626161413640649 -0.2400507154811419 0.54814442732419544 0.15396757751563947
1403715406.362143 -2.0874640820085886 0.48170293115097268 0.43792855069513853 0.7829145506406241 -0.25367683507247074 0.54517572934558445 0.15961295021179897
1403715406.4121432 -2.0691493931867271 0.49336979906552492 0.43164192344085528 0.77986680314439283 -0.26673262558952254 0.54162862391137212 0.16522684273246266
1403715406.4621429 -2.0508047131003049 0.50223237838695833 0.42221519681943354 0.77620702465191349 -0.28073026451042571 0.53861524638489644 0.1690762840574262
1403715406.5121431 -2.0318561236044403  0.5096760262806298 0.41283394168714693 0.77298975962101457 -0.29330433739012968 0.53483776468307842 0.17437879073439849
1403715406.5621431 -2.0071034469713482 0.53457960468542531  0.4027887200029136 0.76894933011410682 -0.30648937256502001 0.53115906231402321 0.18069654878678326
1403715406.6121433 -1.9907702431950707 0.54109480398697241 0.39215219393007494 0.7647030630931112 -0.31811935642494649 0.52841545240390808 0.18656476093990612
1403715406.662143 -1.9739800763097006  0.5462440186936921 0.38247034744931985 0.76024284457590052 -0.32902918187009739 0.52586351891508465 0.19297195190825575
1403715406.7121432 -1.9571181720112614 0.55003722292601864 0.37287589881376926 0.7556882474777501 -0.33932154443987461 0.52339803538862173 0.1996262975017975
1403715406.7621431 -1.9420838668095526 0.55008463203184932 0.36323664441829245 0.75098554792598415 -0.34848913417584881 0.52080191036341139 0.20818597534295585
1403715406.8121431 -1.9262331494008824 0.55131258442112685 0.35351632697498997 0.74587014429436838 -0.35761682623658742 0.51848190212826439 0.21671282981915377
1403715406.862143 -1.9107875271308219 0.55142437078177831 0.34415866550697322 0.74090756304000327 -0.36648578650295183 0.51564494246241843 0.22550930054959067
1403715406.9121432 -1.8956955901810204 0.55081635410516971  0.3351057157769417 0.7362155122892271 -0.3752761691819923 0.51224921688333303 0.23399841048864345
1403715406.9621429 -1.8805691926260648 0.54979807456456886 0.32639683848917123 0.73137157236007311 -0.38362005849080161 0.50895320031257885 0.24268892384831287
1403715407.0121431 -1.8628606095999674 0.55109148088050763 0.31816091835663612 0.72663276008286937 -0.39278475427950305 0.5051652503593218 0.25006606848860047
1403715407.0621431  -1.847906449301838 0.54852644923957516 0.31064263480340171 0.72191506697573293 -0.40252553051429724 0.50126895118592574 0.25601029654013635
1403715407.1121433 -1.8337291424190088 0.54524331135222015 0.30314716706761941 0.71750747916886037 -0.41226017220319816 0.4967936503400322 0.26157338689851978
1403715407.162143 -1.8179362823442582 0.54216535366662955 0.29488320693924136 0.71372345101953338 -0.42187570650176937 0.4915821860117805 0.26639571716579796
1403715407.2121432  -1.803618227666884 0.54152661994631135  0.2894275158774558 0.7121589407769372 -0.43035040004897995 0.48461389440107183 0.26977314470232333
1403715407.2621431  -1.789879952901257 0.53649537105501643 0.28296502563431097 0.71134166750912009 -0.43795484592448952 0.47785531553629029 0.27174046884907227
1403715407.3121431 -1.7760816414721829 0.53061717265268571 0.27655237728461129 0.71177344363194095 -0.44368441204087167 0.47074519580624619 0.27371822752168573
1403715407.362143 -1.7617072179708406 0.52291349049518976 0.27155715124025809 0.71156327992101398 -0.4481959362915427 0.46574251964988472 0.27546688866354319
1403715407.4121432 -1.7462634678649238 0.51338753662615366 0.26739067536487665 0.71088420305421607 -0.4511224238180605 0.46261245925239786 0.27770833822724689
1403715407.4621429 -1.7293024249978877  0.5037422216326165 0.26333620243758221 0.70916685834947735 -0.45271634592431675 0.46215675454315003 0.28025240655846173
1403715407.5121431 -1.7150769067520091 0.48883444718013741 0.26154275650336778 0.70825053922766534 -0.4528713510386464 0.46171408597932928 0.28303500825944677
1403715407.5621431 -1.6944371877189139 0.47482238522310138 0.25885323811457517 0.70602707246478869 -0.45406104378670964 0.46273505481287114 0.28500984282907299
1403715407.6121433 -1.6775486563106141 0.45478387370783885 0.25598843871761368 0.704530441982823 -0.45317161900875202 0.46424360653608204 0.28766336894857902
1403715407.662143 -1.6583351360180876 0.43518979342240582 0.25607297772927767 0.70375041446668696 -0.45070825525072561 0.46509461734619212 0.29203496315066879
1403715407.7121432 -1.6383557097273507 0.41662185042887001 0.25700524262167779 0.70322353554754136 -0.4462789817793561 0.46605223318987543 0.29850803240905777
1403715407.7621431 -1.6183904374329272 0.39445564619514145  0.2564277825622992 0.70318226187607213 -0.442061566976931 0.4669384257186654 0.30345474814562706
1403715407.8121431 -1.5964907181332013 0.37326373739288332  0.2568243205555899 0.70361434913358367 -0.43897407853900983 0.46719591105404468 0.30652338696832265
1403715407.862143 -1.5751612811112281  0.3527394559116433  0.2568091480706477 0.70372729248840715 -0.4365087134840443 0.46784295359018385 0.3087895912032233
1403715407.9121432 -1.5522513517794023 0.33139914251835029 0.25667332727610148 0.7029761127945201 -0.43598381177248646 0.46992575863925518 0.30807869462194204
1403715407.9621429 -1.5305886056245972 0.30925844247436207  0.2563572143225632 0.7031171074024879 -0.43542643518460322 0.47074457359241251 0.30729415753262335
1403715408.0121431 -1.5062717003290684 0.28634482663150485  0.2584554455400298 0.7014483211660355 -0.4362997500357681 0.4736901736656064 0.30533653601350164
1403715408.0621431 -1.4822715042210202 0.26338798018337234 0.26402337488958877 0.70119054691474747 -0.43671397665290007 0.47466644841592387 0.30381652730162767
1403715408.1121433 -1.4578535665115031 0.24130821279540426 0.27278350599672835 0.70040052968237865 -0.43698894528124677 0.47645235497146432 0.30244489277349823
1403715408.162143 -1.4326894573827642 0.21906531821600386 0.28465336605006675 0.69970721255399648 -0.43708783582356864 0.47827434798298168 0.30102772054486809
1403715408.2121432 -1.4072491997201235 0.19650132717759816 0.29932953607363405 0.69869870112503885 -0.436926194459825 0.48052109164157319 0.30002517582467897
1403715408.2621431 -1.3817946747757444 0.17368214990064174 0.31450978740504959 0.69845029648310897 -0.43653884215122346 0.48149759348851451 0.29960155223345492
1403715408.3121431 -1.3562932965918799 0.15077339869107168  0.3288000030792731 0.69813578764888373 -0.43666290489266341 0.48259380314654876 0.29838758462631065
1403715408.362143 -1.3305441204841342 0.12765534809204962 0.34119803092029471 0.69758946352260642 -0.43635250140254395 0.4839260714868247 0.29796139387060511
1403715408.4121432 -1.3049205151871732 0.10493277734227656 0.35171208104735979 0.69651222085448006 -0.43492241000323856 0.48688141480298586 0.29775780660929435
1403715408.4621429  -1.2785940891952305 0.082936872688118404  0.35858202101060171 0.69591483726800663 -0.43175304542049675 0.49032342436247617 0.29811874574039365
1403715408.5121431   -1.253264686276327 0.059641224483611276  0.36316400419835415 0.69517866869295253 -0.42741019742400244 0.49566561466405862 0.29725870916084252
1403715408.5621431  -1.2276613087294865 0.037568728204781986  0.36716317183750496 0.69568708335840723 -0.42174597702810906 0.50028668563096035 0.29641701214550237
1403715408.6121433  -1.2050258828931366 0.017334571139490593  0.36806911649154167 0.6961935339128088 -0.4144216275046001 0.50687383113732876 0.29436065855103682
1403715408.662143    -1.1823893978173619 -0.0022691576199762205    0.36902803246618215 0.69837477960183991 -0.40498344699595451 0.51227519072842753 0.29297645611808054
1403715408.7121432  -1.1589787386586141 -0.01863474313221513  0.36764566913979752 0.7007403873048107 -0.39607521553510389 0.51771988027726079 0.2899197454545373
1403715408.7621431   -1.1357069468844037 -0.035910560192943711   0.36409274738630187 0.7039804486157466 -0.38706873845659723 0.52287987191684582 0.28493149917236871
1403715408.8121431   -1.1136226648114258 -0.051730742419737498   0.36381283422230848 0.70801764756958641 -0.37705623525582044 0.52757114268835581 0.27965746116854978
1403715408.862143   -1.0915950940111609 -0.066283615920889993    0.3620939799596794 0.71289078331917988 -0.3674697075204641 0.5315991110339543 0.27231439598614748
1403715408.9121432   -1.0705320902569415 -0.078688048390974041   0.36251669364881878 0.71811035244518828 -0.3572371101916384 0.53549999328451892 0.26445968691892324
1403715408.9621429   -1.0496585044345015 -0.090855318424267653   0.36140922397539271 0.72396119011836702 -0.34612821973004748 0.53878522992619104 0.25648767362640867
1403715409.0121431  -1.0300093723976516 -0.10076876096816964  0.36178762273166032 0.72910168705887124 -0.33481128470397875 0.54299724070381916 0.24792363774117604
1403715409.0621431  -1.0117406062148038 -0.10940013186094834  0.36359933258369376 0.73478197331226758 -0.32326039068226975 0.54619829505820927 0.23930230668922092
1403715409.1121433 -0.99415126326164149 -0.11709121115650795  0.36571952952687947 0.73962737488653685 -0.31285609386605823 0.55010607961451907 0.22903212006281312
1403715409.162143 -0.97812203388188124  -0.1247155281044903  0.36811309951065729 0.74359214838077659 -0.3041672805117912 0.5539067753636574 0.21849546113994503
1403715409.2121432 -0.96245472943431065  -0.1320939599228404  0.37146868388776394 0.74794035869994524 -0.29622874869567006 0.55597230280067067 0.20911371737051193
1403715409.2621431 -0.94954462273115048 -0.13751835758312866  0.37684782353138568 0.75240022280045304 -0.29003540379678644 0.55620953819373609 0.20100825579208065
1403715409.3121431 -0.93338200836964291 -0.14363180543697332  0.38550370435955039 0.75552600100581246 -0.2850701337290707 0.55699370331176412 0.19409661287848762
1403715409.362143 -0.92315753146863999 -0.14818862308316907  0.39254613913534808 0.75798075106496143 -0.28029600304856983 0.5578263806916206 0.18902132338569752
1403715409.4121432 -0.91282247916653669 -0.15593399119715601  0.39926847170766205 0.75973958749296522 -0.27626169064813133 0.55837498245865447 0.1862595405356528
1403715409.4621429 -0.90424866187512987 -0.16039861937130187  0.40772952048049632 0.76109533119624417 -0.2717461203858676 0.55891974338314732 0.18573277401424307
1403715409.5121431 -0.89102675996557057 -0.16286288902714044  0.41201827253701745 0.7617996403642936 -0.26744139047230125 0.55928032681806339 0.18799448565677521
1403715409.5621431 -0.87759501719762967 -0.17039738753616593   0.4243683443904086 0.763524070670901 -0.26490200642875406 0.55684375097615713 0.1917888356890485
1403715409.6121433 -0.87038247875727559 -0.17875663616555576  0.43176747849506647 0.76557891892179697 -0.26625194009838749 0.55335312812818016 0.1918310164888235
1403715409.662143 -0.86713104458325518 -0.18293806747950778  0.44138607827461285 0.76752869966644177 -0.26802982844973317 0.5500139690425192 0.19116573988987218
1403715409.7121432 -0.86261942763264599 -0.18578250837777743  0.45145995321230703 0.76987734034356103 -0.27145326604325304 0.54537995099506786 0.19016496583911827
1403715409.7621431 -0.85713253876880269 -0.19003017152617227   0.4606291183618918 0.77234179813802184 -0.27510159749710839 0.54020865522165362 0.18968886822130304
1403715409.8121431  -0.8538290293974099 -0.19268343719536837  0.47168777803848744 0.77488787241489632 -0.278506457968554 0.53496728451885667 0.18919022847030464
1403715409.862143 -0.84905140774307164 -0.19623299751173007  0.48307434516394931 0.77673746045269787 -0.28198174309337615 0.53033361505063625 0.18950322118327825
1403715409.9121432 -0.84368236183248446  -0.2001393985762415  0.49416071464686173 0.779014699125124 -0.28619352472867621 0.52492887126833798 0.18888897548379585
1403715409.9621429 -0.84146961011496368 -0.20116689924529346   0.5074557035227969 0.78100092199579729 -0.28893032751067499 0.52040278331731593 0.18904435670466149
1403715410.0121431 -0.83670190415656343 -0.20608664134751645  0.52013700404397256 0.78192734166094513 -0.29227564171665477 0.51713514663194493 0.18903920688609022
1403715410.0621431 -0.83011549623629199 -0.21207454547715032  0.52863837273535907 0.78181245865705407 -0.29452181423725371 0.5157776684428611 0.18973554533258913
1403715410.1121433  -0.8206233646930593 -0.21942923263347094  0.54046647955313276 0.78002954300225147 -0.29553900785067128 0.5170228284012458 0.19208852593092468
1403715410.162143 -0.81104840006771994 -0.22766849729808164  0.55217071647847871 0.77712225394740997 -0.2952146913017778 0.52024104017731942 0.19564904439969583
1403715410.2121432 -0.80158547095449573 -0.23652104232970853  0.56049180089803008 0.77402303190732447 -0.29527425933342816 0.52393198311606715 0.19798165298873963
1403715410.2621431 -0.79146993053651016 -0.24472661477445037  0.56710763031096934 0.77109233728655224 -0.29510376363742319 0.52742772645133185 0.20037557095456771
1403715410.3121431 -0.77944075994072426 -0.25342125665969517  0.56920211156837319 0.76883987031137757 -0.29460326127556274 0.53018062651678788 0.20249117395988558
1403715410.362143  -0.7791524517607219 -0.25982289022683297  0.56678494839227322 0.76759635539477422 -0.29274248183959978 0.53284665388782204 0.20290913718115952
1403715410.4121432 -0.76665215612798232 -0.26678937744503783  0.56507662419558036 0.76684142670180955 -0.2921359698939861 0.53351535664753924 0.20487109510441529
1403715410.4621429 -0.75488636529985431 -0.27403879930228781  0.56246746822479887 0.76709498941648668 -0.29072084248605423 0.53313032458527732 0.20692686138806643
1403715410.5121431 -0.74273885331000267  -0.2810394933829013  0.55960225758501503 0.76798938995255517 -0.28849843208048753 0.53185670942347063 0.2099747419301673
1403715410.5621431 -0.72964444152315899 -0.28725894634989058  0.55758593821732827 0.76838432205535223 -0.28612146846536135 0.53144722140449996 0.21280011692712583
1403715410.6121433 -0.71523160691726351 -0.29292991455088663  0.55405313136707013 0.76907676691178206 -0.28502640867915024 0.53057966106453136 0.21393011993787531
1403715410.662143 -0.70076033926775216 -0.29818474149711693  0.55161455945147342 0.76922277896551172 -0.28361262173011198 0.53090496564551493 0.21447637298519076
1403715410.7121432 -0.68566683229009906 -0.30294979397235794  0.54838478666146284 0.76881483223203495 -0.28347642847780669 0.53204056798222921 0.21330190402019811
1403715410.7621431  -0.6704440303848036 -0.30797106796921203  0.54667406392087448 0.76674224720484985 -0.28220770880800461 0.53600576136276779 0.21251578582898958
1403715410.8121431 -0.65515897025900871 -0.31264298814496511  0.54547463793886053 0.76268560583214673 -0.28106397513751757 0.54272867113120438 0.21156393376118079
1403715410.862143 -0.64304791627410884 -0.31921029651160515   0.5433736346166721 0.75953254793220937 -0.27857936687229728 0.54831959107254979 0.21177693696592179
1403715410.9121432 -0.62855327283403573 -0.32166713792427165   0.5413173685525795 0.75735480008845379 -0.27763952833541583 0.55261228164195408 0.20964175458896467
1403715410.9621429 -0.61482985392212297 -0.32303100605214524  0.53856409593588783 0.75793966356988884 -0.27607111732176959 0.5530099671480313 0.20854779021415404
1403715411.0121431 -0.60390675571096708 -0.32590020648325579  0.53519171298465018 0.75987678642012912 -0.27620185284831589 0.55166130380218059 0.20486486236115042
1403715411.0621431 -0.59246736886559703 -0.32522869209699418  0.53114471850776923 0.76223040307641943 -0.27591997222673581 0.54984027915285349 0.20136695104576788
1403715411.1121433 -0.58118700098622278 -0.32434021917628403  0.52733147247334378 0.76496294743245352 -0.27560505313631717 0.5474130925424201 0.19802133686632034
1403715411.162143 -0.5704132133699199  -0.322274539838179 0.52398151312979913 0.76678416183799614 -0.27613467792488161 0.5461520710275759 0.19367396343859347
1403715411.2121432 -0.56218553407850969  -0.3199604330185109  0.52074197750406659 0.7674573453978718 -0.27746056679997916 0.54624258037156759 0.18879592224117903
1403715411.2621431  -0.5522133469803896 -0.31790571090873559  0.51870288565528622 0.76783872868122205 -0.27817276962664444 0.54673696570746744 0.18472218952913608
1403715411.3121431 -0.54300337829753254  -0.3157931844015171  0.51732178238309645 0.76697011511706015 -0.27838268040258535 0.54879015269870546 0.18190462905085
1403715411.362143 -0.53455348704795824 -0.31365957758170948  0.51612296738430274 0.76507294367929102 -0.2779059540583268 0.55225103949633048 0.1801401146998019
1403715411.4121432 -0.52674371327054714 -0.31166591389722076   0.5145689848898316 0.76246575998450561 -0.27752672068145728 0.55662453123075972 0.17830876420182959
1403715411.4621429 -0.52121038139208153 -0.30778587821995002  0.51216371054650101 0.75961206551760896 -0.27668167770912794 0.56127618815275271 0.17721681566050645
1403715411.5121431 -0.51284136273619785  -0.3053103341200995  0.50978909499044323 0.75851752606683354 -0.27517234990747336 0.56336005245950582 0.17764231418407245
1403715411.5621431 -0.50848562064758396 -0.30312832755993474  0.50722322462399549 0.75984233685004798 -0.27355757916536066 0.56230766614105343 0.17780878102739336
1403715411.6121433 -0.50560077716172003 -0.30048953707423048  0.50444052551799479 0.76189953023912615 -0.27196788060295285 0.56008713704303525 0.17845160873658014
1403715411.662143 -0.50381545020497587 -0.29783472685755608  0.50208773920097316 0.76447601212305882 -0.270489977641658 0.55716787188749306 0.17881711724609148
1403715411.7121432 -0.50161015603602965 -0.29558652474985392  0.49974907975199284 0.76632156046171873 -0.26910149784896448 0.55519893774873597 0.17913623125888217
1403715411.7621431 -0.49763398253738494 -0.29356048384021421  0.49684360499370578 0.76795233100465321 -0.26763853004478849 0.55353090258555704 0.17950591751472472
1403715411.8121431 -0.49622487952373023 -0.29053184819904276  0.49486710869444422 0.76850440657210273 -0.26626194593575192 0.55320057608522755 0.18020731351623759
1403715411.862143 -0.49628863077497704 -0.28725055704880059  0.49132246348567282 0.76933010997011875 -0.26551330464547296 0.55247370913449367 0.18001852033827032
1403715411.9121432 -0.49767034394946952 -0.28332759867364177  0.48765716048430297 0.76953603072139742 -0.26511959293280113 0.55243489196104523 0.17983767405271558
1403715411.9621429 -0.49717420343472757 -0.28032959716418904  0.48180173601936549 0.76953370415789035 -0.26533122213981614 0.55266887278482468 0.17881369572149486
1403715412.0121431 -0.49905842473230089 -0.27658341156951971  0.47876384077706863 0.76977265374924153 -0.26541344931030958 0.55248931087565156 0.17821706942153967
1403715412.0621431 -0.50148707955605354 -0.27274645029135858  0.47554669618227469 0.77005478123628024 -0.26584438564311114 0.55212808897150933 0.17747385690813894
1403715412.1121433 -0.50219043024184651 -0.27009430575795007  0.47230777731813073 0.77022671566651268 -0.26618487723079615 0.55184963220323124 0.17708303432108211
1403715412.162143 -0.50532359297218676 -0.26635378035669321  0.46937097681668699 0.77131073321459809 -0.26638559387579269 0.55018293024317688 0.17724900979252881
1403715412.2121432 -0.50865211772608765  -0.2624397909994487  0.46632448989963826 0.77206577722961001 -0.26655587960302257 0.54907213949041767 0.17715017447158379
1403715412.2621431 -0.51222038971189432 -0.25833626225847156   0.4639675347037947 0.77263816009265818 -0.26643614714701086 0.54819227984987895 0.17755922216286157
1403715412.3121431 -0.51585099753622743 -0.25502594800892536  0.46059283227500114 0.77314577828084063 -0.26656200858499757 0.54737472533308962 0.17768289499040049
1403715412.362143 -0.52001601330888336 -0.25121553993461737  0.45705479377784602 0.77359699331799825 -0.26699048290562405 0.54655491499970799 0.17759926479813029
1403715412.4121432 -0.52436217513628658 -0.24736918917442649  0.45350485828708792 0.77395829834402796 -0.26740689526727052 0.54590028787128198 0.17741189500703494
1403715412.4621429 -0.52889061749084376 -0.24349139871405714  0.44989670426049949 0.77474876425594275 -0.26840120870865763 0.54457377280020847 0.17653483912748907
1403715412.5121431 -0.53286176303646748 -0.23943330420345976  0.44637842876805711 0.77555794520837751 -0.26904366116720219 0.54323397894855141 0.17613127526260627
1403715412.5621431 -0.53611468162850229 -0.23544214230385568  0.44591614729373397 0.77635045194375418 -0.26964588978031945 0.54196075414052358 0.17564057294014726
1403715412.6121433  -0.5383440544072855 -0.23131225339808087  0.44589503043857992 0.77719645366595225 -0.26910196081305715 0.54078106527315239 0.17636792944770247
1403715412.662143 -0.54184909038501761 -0.22800667733616251  0.44324737112901996 0.77768130667464297 -0.26908870943379415 0.54009123615171728 0.17636470263685183
1403715412.7121432 -0.54535695588510547 -0.22501830186633498  0.44058315164093592 0.77896223071307014 -0.26893036158438843 0.53827171969483423 0.17651589026876247
1403715412.7621431 -0.54842958295172661 -0.22270829008081713    0.438456880399196 0.77961250318256958 -0.26887684880182022 0.53726971462834927 0.17677906777382671
1403715412.8121431 -0.55195529214391426 -0.21962715275169897  0.43731228614774981 0.78023232750780769 -0.26891921005017999 0.53628214618651082 0.17697862373554105
1403715412.862143 -0.55464880977917119 -0.21755492633146759  0.43584739769426378 0.7807603461281637 -0.26894760855104416 0.53551473567035834 0.17693058991709376
1403715412.9121432 -0.55667699321748765 -0.21523692537102423  0.43560524254762367 0.78086614702763812 -0.26882035725212705 0.53526398196213121 0.17741517851382693
1403715412.9621429 -0.55801066338930871 -0.21352032168842089   0.4348339016151212 0.78029381688573873 -0.26883834818967411 0.535942503505489 0.177857062858919
1403715413.0121431 -0.55914854812674064 -0.21233565464862506  0.43348522835855957 0.77905584500370617 -0.2683877439261198 0.53759080716226038 0.17898640543471042
1403715413.0621431 -0.55889274777771014 -0.20798453415065526  0.43181450929987281 0.77826307801110195 -0.26780569168690138 0.53853959881185243 0.18044886648675523
1403715413.1121433 -0.55934066680463923  -0.2064557697172581  0.42583713743652618 0.77758002587801789 -0.26735527687949773 0.53944383695191767 0.18135822577104388
1403715413.162143 -0.55948257926030776  -0.2048902915702431  0.41778859948414165 0.77668797975761206 -0.26720131165438937 0.54060237269352907 0.18195690640462109
1403715413.2121432 -0.55987540163572125 -0.20044214651376005  0.40919083428565073 0.77611573680483692 -0.26659051828960356 0.54140513019330483 0.18290528598795716
1403715413.2621431 -0.56027027986382283 -0.19765079906283825  0.39669634369919565 0.77537903441742162 -0.26680279729177342 0.54244191690567156 0.18264826067305437
1403715413.3121431 -0.56068995906431029 -0.19455217975986661  0.38180480104665232 0.77421296367508707 -0.26829328712288852 0.54398774790684457 0.18080467109417619
1403715413.362143 -0.56189156943183416 -0.19054429675387538  0.36669260429378681 0.77277463675222313 -0.27034426306669485 0.54597012303766601 0.17790437029379352
1403715413.4121432 -0.56304001025009409 -0.18686230733407791  0.35142626803715793 0.77152203515640694 -0.27238928998691603 0.54762807015882775 0.17510374280025495
1403715413.4621429    -0.56416154201696 -0.18397179657234719   0.3370369976396374 0.77058823504565921 -0.27414046693351862 0.54882844807301501 0.17270816710408946
1403715413.5121431 -0.56584701591404307 -0.18138584243406525  0.32400011647119875 0.76993202128574323 -0.27489780451098905 0.54974083873704427 0.1715251873591131
1403715413.5621431 -0.56851704539685111 -0.17894212895049769   0.3123772717516764 0.76995548391880453 -0.27465592123107685 0.54965754223444296 0.17207342613215976
1403715413.6121433 -0.57363672922771913 -0.17604809241953012  0.30123616112787466 0.76990321610933876 -0.27379563749972397 0.54964588883298826 0.17370775342399367
1403715413.662143 -0.57629678299414555 -0.17984342189923072  0.29507303976143706 0.76988198384501683 -0.27233225905173614 0.54967740909711904 0.17598754944290171
1403715413.7121432 -0.57737376650768335 -0.17846567914456954  0.28497423131529531 0.76997779638561148 -0.27038072421217296 0.54954106711570894 0.1789778550575091
1403715413.7621431 -0.58000782157812814  -0.1778352809955549  0.27687413417810924 0.77064682740181789 -0.26921700180918834 0.54843982588133167 0.18121652998454335
1403715413.8121431  -0.5843422617267382 -0.17607335601649945   0.2666275574722709 0.77143549842727488 -0.26868792960576454 0.54720162332898559 0.18238544809428406
1403715413.862143 -0.58877693199280445 -0.17462579136950662  0.25522456642121888 0.77224173778224692 -0.26820581375978164 0.54593370291416821 0.18347951361101203
1403715413.9121432 -0.58903455502550806 -0.17483257951641565  0.24230761757017957 0.77237530668448096 -0.26717664752491277 0.54598128956585978 0.18427548964906715
1403715413.9621429  -0.5934187253009432 -0.17272112741980042  0.22897575443065343 0.77222977473215026 -0.26577935466864544 0.54628681614263852 0.18599253790889006
1403715414.0121431 -0.59795738860471404 -0.17024502819656551  0.21863505062679708 0.77235236530534712 -0.26528887796437733 0.54605647352408249 0.18685813538104395
1403715414.0621431 -0.60269367289193998  -0.1671026671301207   0.2092633312200427 0.77267797340235822 -0.26580956775164871 0.54542112820927757 0.18662747925593667
1403715414.1121433 -0.60716981463297415 -0.16356362984487247  0.20327506617307026 0.77407254709054307 -0.2662919348821105 0.54330453277354651 0.18633432835958919
1403715414.162143 -0.61179053236031533 -0.16158602852801429  0.20001592462149045 0.7763096807581612 -0.26782683090541498 0.53978532588347494 0.18505099342936498
1403715414.2121432  -0.6158631974145311 -0.15686025067025197  0.19940203235235382 0.77961666905254057 -0.26961136558058379 0.53465135968072386 0.18345431168753573
1403715414.2621431 -0.61912427312256901 -0.15244582907403462  0.20183173114448172 0.78254231482307834 -0.27101319435710891 0.53016617459739623 0.18194285176521038
1403715414.3121431  -0.6214583600462219 -0.14651221874278011  0.20584994047400465 0.78547420976923332 -0.27222896119079154 0.52569292354410935 0.18046774950674246
1403715414.362143 -0.62162330075444805 -0.14375353571967367  0.20869541237113906 0.78776423408893304 -0.2726768730565694 0.52199691794159342 0.1805382287767493
1403715414.4121432 -0.62060379489773398 -0.14050895353769197  0.21282354611426887 0.78845954868132739 -0.27234633836091621 0.52090804409866864 0.1811458574407335
1403715414.4621429 -0.61860916492209872 -0.13815581554250206  0.21472588648178204 0.78824165672098823 -0.27184588453368574 0.52120502901350685 0.1819896244374368
1403715414.5121431 -0.61424431836607862 -0.13682504712785062  0.21611134134408821 0.78735007706826776 -0.27103658016191934 0.5225073639939527 0.1833168920934875
1403715414.5621431 -0.60962507515370279 -0.13512277831691433  0.21475109134418782 0.78532693101791384 -0.2700160515231862 0.52553252400782902 0.18484726004940816
1403715414.6121433 -0.59600313518416992 -0.13360540285742883  0.21634350580058434 0.78289518132521663 -0.26927816403965005 0.52870861576582739 0.18716731831218372
1403715414.662143 -0.58891338413821093 -0.13190055599909681  0.21251028280748399 0.78065643006890384 -0.26959142472016145 0.53189597502002317 0.18703655703345082
1403715414.7121432 -0.58136947093077029 -0.12940270624721162  0.20834394230048139 0.77794760964267129 -0.27051379424724764 0.53557059670656793 0.18650453001625106
1403715414.7621431 -0.57154940350075778  -0.1268696235082182  0.20252725391583601 0.77537398063192264 -0.27263221799020848 0.53882114932965497 0.18476642797818021
1403715414.8121431 -0.56381833259049441 -0.12362039783234091  0.19600989860358725 0.7734670008911565 -0.27582150202002614 0.54100781036907808 0.18160904899126643
1403715414.862143 -0.55551114597254159 -0.12135988232838844  0.18858797862865048 0.77129895455025488 -0.27987587504438488 0.54346441394443601 0.17723952170397653
1403715414.9121432 -0.55061999845656773 -0.11735287895387295  0.17995208687569675 0.76869314641636066 -0.28431468395330151 0.54636180301073622 0.17252474417285002
1403715414.9621429 -0.54301209616037116  -0.1128595341664087  0.17118851294770099 0.76663035637299326 -0.28854008422982463 0.54819321464159321 0.16883931977172661
1403715415.0121431 -0.53745904419279211 -0.11110811475396554  0.16133051703415874 0.76460079650511559 -0.29223195663249318 0.5500912518505493 0.16548631406851472
1403715415.0621431 -0.53237247485613159 -0.11034211185939101  0.15111003557980898 0.76303824651201579 -0.29518596397167929 0.5513336328178805 0.16330678601275964
1403715415.1121433 -0.52801786610121693 -0.11047500078455169   0.1407679327851287 0.7618611726543254 -0.29753435130387951 0.5519768778043993 0.16236498934580476
1403715415.162143 -0.52438230388077545 -0.11148196653641719  0.13046734098025559 0.76082727877471301 -0.29977267492687226 0.55227668595927426 0.16207608517389027
1403715415.2121432 -0.52297386431827053 -0.11316572884163352  0.12069084581372605 0.7597676105357154 -0.30066499611735881 0.5528351485339803 0.16348405621347373
1403715415.2621431 -0.52202110308068961 -0.11545536682133085  0.11172187840327373 0.75930178451695973 -0.30127670603102907 0.55257417975038148 0.16539323536845926
1403715415.3121431  -0.522617877829885 -0.1189978152378076  0.1038965346215304 0.76022853751916175 -0.29784808142831454 0.55087011950486331 0.17286180193335429
1403715415.362143 -0.52379881302883446 -0.12301704592635603 0.096361880259415819 0.76174874937280479 -0.29463189784330757 0.54810713460423766 0.18030378974982966
1403715415.4121432  -0.5267576089676167 -0.12713991638785163  0.09052403566045536 0.7626918867213156 -0.29046674785915516 0.54625544339703069 0.18850767856169534
1403715415.4621429  -0.5272082686938252 -0.13214276896003876 0.085415159310127414 0.76482570919032067 -0.28747757684642344 0.54212943911824363 0.19619874773649842
1403715415.5121431 -0.52916232076624636 -0.13613477701736051 0.082203832435715427 0.76522345184549401 -0.28459459212618654 0.54076642134424746 0.20251089952082157
1403715415.5621431 -0.53116838557331891 -0.13995300325992038 0.079403428501174461 0.76571637001652515 -0.28313986632299498 0.53963310435038858 0.20568512215635615
1403715415.6121433 -0.53294193922562683 -0.14168179276270987 0.075576227192940076 0.76527388877778313 -0.28182435425542612 0.53977417441152453 0.20874565658187552
1403715415.662143 -0.53341618178377093 -0.13994736743093733 0.068431164672192027 0.76487989294563463 -0.28173427464654399 0.53930818667975366 0.21149758305251692
1403715415.7121432 -0.53419862421187081 -0.13604937242158027 0.061636135100910872 0.76483904830162075 -0.28255484764026767 0.53854185591420356 0.21250095928381474
1403715415.7621431  -0.5345209265806552 -0.13619163582256177 0.058358803746343724 0.76545964155498392 -0.28377788627191791 0.53759950505672049 0.21101758357143444
1403715415.8121431 -0.53375104380088956 -0.13537553629310517 0.062169708390490241 0.76546444046957696 -0.2829580359824681 0.53751993597268044 0.21229992623990077
1403715415.862143 -0.52970304477060448  -0.1342026135308034 0.063864145955902368 0.76407587107279362 -0.28301619304403308 0.53890494013952683 0.21370859414732843
1403715415.9121432 -0.53006131948752011 -0.13221540767641748 0.063940208351618566 0.76262783339242046 -0.28327902162521734 0.54096329274575095 0.21333189996790669
1403715415.9621429 -0.52912471052058729 -0.13064583304486743 0.060863904540656412 0.76297073491522949 -0.28260912017783341 0.54087729893778191 0.21321231284565823
1403715416.0121431 -0.52896424541607756 -0.13003400144213262  0.06037188645150194 0.7651333443610242 -0.28182943329990684 0.5382403116142459 0.21316778092893721
1403715416.0621431 -0.52959510076091709 -0.13150558514912153 0.060873300260767524 0.76517580795511431 -0.28144998411397937 0.53788719765555681 0.21440441217645381
1403715416.1121433 -0.53007634335223763 -0.13166420156123571 0.061556818575331962 0.76470848387176982 -0.28173802398973924 0.5383045430771789 0.21464584653648947
1403715416.162143  -0.5298688305912862 -0.13143791708338365 0.061301237590058046 0.76436896082335959 -0.28206486908584061 0.5387216134438032 0.21437939398624725
1403715416.2121432 -0.52997136118482391  -0.1314075367240479 0.061357931763507512 0.76493461009959718 -0.28304987995170189 0.53783620623446993 0.21328390233305783
1403715416.2621431  -0.5300004647044928 -0.13071424420186439 0.061045137341807762 0.76554566441470062 -0.28358690353269583 0.53706817549138319 0.21231127787978918
1403715416.3121431 -0.53029637662760598 -0.13017428748841497 0.060985933443097287 0.76558234558029614 -0.28388816044442133 0.53699782224974801 0.21195405963152167
1403715416.362143 -0.53080382007434168 -0.13036535318978781 0.061194269875210129 0.76601117914540595 -0.28393890378336439 0.53643096812556335 0.21177202076392687
1403715416.4121432 -0.53112945075138762 -0.13046127488316886  0.06159221612174981 0.76607179071576104 -0.28414861271044262 0.53631981172144838 0.21155291753920188
1403715416.4621429 -0.53155127907354138 -0.13007362997597532 0.061668565585422483 0.7663958948178673 -0.28428598016517509 0.53588034743870638 0.21130799113336335
1403715416.5121431 -0.53232628669721882 -0.12931136512464841 0.061394710452682508 0.76624153650166937 -0.2844339575156698 0.53605988330929411 0.21121324072595743
1403715416.5621431 -0.53271702566198686 -0.12874173035403463 0.061449770631788705 0.76592777630810494 -0.28422277293920201 0.53648499847528863 0.211555910419544
1403715416.6121433 -0.53338779724679908 -0.12837768308778694 0.061490343694975982 0.76619940774972928 -0.28435287010070559 0.53610957396584091 0.21134908926139237
1403715416.662143 -0.53460314450952806 -0.12820481882975432 0.059179351470420853 0.76617915806220793 -0.28467803649909929 0.53616416708968173 0.21084567630172449
1403715416.7121432 -0.53503385510854296 -0.12751488307297537 0.058842646426595188 0.76618889504183685 -0.28471798403011495 0.53611296982785095 0.21088653410485536
1403715416.7621431 -0.53596077502260964 -0.12630892214148298 0.058542926018438357 0.76621493616648528 -0.28477847955296698 0.53608762867228643 0.21077462741851571
1403715416.8121431 -0.53684838417979719   -0.125156422897721 0.058311123441473857 0.76592381585997293 -0.28471396574250113 0.53647519475080396 0.21093371334796918
1403715416.862143  -0.5375631608487188 -0.12410140941215811  0.05807661206327671 0.76617183547100742 -0.28482341556299801 0.53615739625077807 0.21069311076445124
1403715416.9121432 -0.53839335697671564 -0.12300745952856407 0.057875481141991147 0.76635184970081216 -0.28502065998414844 0.53587680861358578 0.21048541952463765
1403715416.9621429 -0.53745146862185234 -0.12434294751357293 0.057934542774144636 0.76618324394927029 -0.28502323459824314 0.53604338454172284 0.21067150334011073
1403715417.0121431 -0.53718281164047543 -0.12506604446678155 0.057851898258577977 0.76595232696419147 -0.2851998877618403 0.53630777028748966 0.21059922214489657
1403715417.0621431 -0.53889568541244448 -0.12784680818539138 0.055931261390355785 0.76613402722719748 -0.2847725208023692 0.53639677452299783 0.21028971444610473
1403715417.1121433 -0.53948153986184022 -0.12737611202320351 0.055821793806603917 0.76627112627214711 -0.28497785017525362 0.53619421531060185 0.2100284490695345
1403715417.162143 -0.54017957112190895 -0.12675002176296163 0.055803459673134159 0.76627438069367448 -0.28504820482824816 0.53617522668260265 0.20996957091106933
1403715417.2121432  -0.5397195939892141 -0.12695127866635192 0.055955094438398509 0.76618461436587237 -0.28485163144507536 0.53643192754553892 0.20990824634081476
1403715417.2621431 -0.54034067609574954 -0.12608323952114486  0.05605330310802864 0.76619883939033495 -0.28484460582629101 0.53643521121927551 0.2098574592734315
1403715417.3121431 -0.54100889430098809 -0.12531916879516244 0.056242524693190528 0.76610288566711171 -0.2848665421638894 0.53654815651374788 0.20988925048656565
1403715417.362143 -0.54164725933687641 -0.12467625281559908 0.056406895335201455 0.76624739318003487 -0.2849170937318441 0.53638448362959368 0.2097113918355771
1403715417.4121432 -0.54237180054475864 -0.12395392237982468  0.05660838843003356 0.76624882494263069 -0.28501152475714747 0.53634787599274736 0.20967146908368886
1403715417.4621429 -0.54337657485278879  -0.1230230120177037 0.056854126752080736 0.76612108960385794 -0.28510508511015137 0.53647780679828527 0.20967863344039744
1403715417.5121431 -0.54433648758196607 -0.12216800954360239 0.057086049177825962 0.76606044036990195 -0.28508147768191117 0.53658935011576669 0.20964689867801273
1403715417.5621431 -0.54531057616110279 -0.12151264805398315 0.057397158013128079 0.76604052497701158 -0.28513738615970557 0.53658373427790862 0.20965801013872631
1403715417.6121433 -0.54567868695033095 -0.12162408433713105 0.057282447320262775 0.76609553173824274 -0.28527050882266952 0.53647111033960038 0.20956412101729299
1403715417.662143 -0.54649615664564377 -0.12134172393464505 0.057473062037279955 0.76612321561120533 -0.2853280495200391 0.53641147907909448 0.20953722287654558
1403715417.7121432  -0.5475126498937819 -0.12064570211229894 0.057819301942794651 0.76604237410562304 -0.28535987365291482 0.53653015248964342 0.20948560583690057
1403715417.7621431 -0.54308499832973256 -0.12425671464582902  0.05732380138863323 0.76605284252814165 -0.2853359599768881 0.53652074044747167 0.20950400346608847
1403715417.8121431  -0.5416551563871741 -0.12538139060215658 0.057354441668521744 0.76606926122272179 -0.28552162876293419 0.53638498151337788 0.20953863158169167
1403715417.862143 -0.54221770772455646  -0.1252551274713955 0.057660037854926849 0.76608046730782309 -0.28554572457534305 0.53635007752100217 0.20955417230249776
1403715417.9121432 -0.54277301309449411 -0.12507295980425892 0.057998566715235907 0.76609923728782792 -0.28555134711990693 0.53631581289436803 0.20956558788233356
1403715417.9621429 -0.54335856349359013 -0.12482836487850063 0.058364318600858951 0.76606538294238213 -0.28552317513263958 0.53639350060841295 0.20952889544062919
1403715418.0121431 -0.54398475753787268 -0.12466667745265707 0.058793835681841017 0.76602935782524473 -0.28553270406794945 0.53644498383653194 0.20951581604764608
1403715418.0621431 -0.54303218129709141 -0.12614645197507265 0.058739050488528885 0.76609256678436322 -0.28560353624006374 0.53632487286826169 0.20949565615486979
1403715418.1121433 -0.54235166201036789 -0.12720473516011788 0.058416534806611027 0.76615741910059521 -0.28565534498972001 0.53620251030750143 0.20950107631191991
1403715418.162143 -0.53831291852792462 -0.12883954879180914 0.056815788811602749 0.76620742348934878 -0.28542928006632773 0.53626370789442279 0.20946967767664365
1403715418.2121432 -0.53845750566428263 -0.12885049885531885 0.056987870265458894 0.76619560897792971 -0.28544712611033679 0.53627079608983075 0.20947042807868635
1403715418.2621431 -0.53860083589798702 -0.12893056683320217 0.057157140645450265 0.76614970830760631 -0.28545004271116392 0.53632810967475186 0.20948760428500751
1403715418.3121431 -0.53714100532111619 -0.12966265154865425 0.056447166225073592 0.76621453853765287 -0.28541101617398279 0.53627982139030106 0.20942728081521012
1403715418.362143 -0.53716207454828324 -0.12985961985642921 0.056535803029156048 0.76623512392239024 -0.28540453966454971 0.53626221530172802 0.20940587395340407
1403715418.4121432 -0.53720648320010878 -0.13001521072269728 0.056629426804360124 0.76620138608057176 -0.28540856851554081 0.53631427865948467 0.20939049522859737
1403715418.4621429 -0.53720732155169237 -0.13020829217261912 0.056742093474842409 0.76620462336352457 -0.28541222904564689 0.53630987344799885 0.20938494284390688
1403715418.5121431 -0.53721073898302074 -0.13045054875177761 0.056878637893315161 0.76622654068112084 -0.28541264720104575 0.53629591040752789 0.209339928474467
1403715418.5621431 -0.53803593137650907  -0.1300685784507683 0.057130034520271857 0.76624327083810639 -0.28532806102206021 0.53634293479401463 0.2092735142947027
1403715418.6121433 -0.53808349406514133 -0.13021809645036853 0.057296860084038559 0.76623161690813557 -0.28542701889734662 0.53632964136755512 0.20921530040670464
1403715418.662143 -0.53812869493988091 -0.13037042721811637 0.057476003728895469 0.76620541282800914 -0.28542528193844335 0.53635590786465592 0.20924629956608853
1403715418.7121432 -0.53823870829582277 -0.13026676892140188 0.057684361143845474 0.76623348110750056 -0.28536228067382097 0.536344785684019 0.20925795580594042
1403715418.7621431 -0.53827185640977371 -0.13035564524884602 0.057911465366263688 0.76623773810257167 -0.28540277395087593 0.536343827759029 0.20918958806162688
1403715418.8121431 -0.53827072417157396 -0.13062081901992398 0.058187731143402394 0.76623832828702088 -0.28548897151972219 0.53631740111459802 0.2091375544138509
