# time_in_imu_clock tx ty tz qx qy qz qw; Hamilton IMU-to-estimator-world; NO GT alignment
1403715528.862143 0.012481991532307522 0.018611176135660511 0.050186362739680496 0.81600943326162056 -0.00013642074110795717 0.57791805690230336 0.011802784573835027
1403715528.9121432 0.025922745038366439 0.030855634717401704 0.073282134578925073 0.81448064270752363 -0.0013722077456956186 0.58006445581812116 0.012026088186480502
1403715528.9621429 0.025605590954529262 0.035618546344362255 0.083191173685970149 0.81501949767475868 -0.0011302356364556914 0.57929268346435969 0.012725087899555688
1403715529.0121431 0.028644410487189711 0.041022207824794397 0.095586154318983055 0.81572037938440578 0.00067918583244856116 0.57828180704742371 0.013782343833052541
1403715529.0621431 0.031506073695286324 0.047837405829014995  0.10762019139249759 0.81673205594698273 0.0018805887880089082 0.57690233330424623 0.011353854083162371
1403715529.1121433 0.03443881423585491 0.05608974790271265   0.121787518127108 0.81675395662305406 0.0044292784715567746 0.57692443708269803 0.0071798140379863854
1403715529.162143 0.036980843903068578 0.064413648084362812  0.13858979518173081 0.81707143580337926 0.0092177667324943643 0.57645599823593996 0.002789922664818222
1403715529.2121432 0.039564123857303887 0.073140795445017961   0.1573921246382258 0.81813205520526378 0.015189945597041076 0.57482595352869847 -0.0020806124561724864
1403715529.2621431   0.0429148455989782 0.082188356835481827  0.17840438463952329 0.82031703498231467 0.021125802107725591 0.57147379718835334 -0.0071667098625512841
1403715529.3121431 0.046210225873969613 0.091340096577915988  0.19802713365349076 0.82196598211332217 0.029302916906506864 0.56865034426560479 -0.012249460227341772
1403715529.362143  0.05036421517627384 0.099348000651743193   0.2172557198900156 0.8240750902183861 0.037711041150749185 0.56497497022289189 -0.016775162548473995
1403715529.4121432 0.055090009759764899  0.10896248074508319  0.23338269200984915 0.82432327404679329 0.046973482607546101 0.56375339481476316 -0.021604204019672467
1403715529.4621429 0.062549724643285426  0.11733265638475029  0.24852009707324701 0.82484074553179998 0.055478021060108323 0.56199674358031493 -0.026825247341272791
1403715529.5121431 0.069855842650773783  0.12739441663887177  0.26054856613498323 0.82399620209645119 0.062498205562864909 0.56231626233978982 -0.030408129509311221
1403715529.5621431 0.079052499873633941    0.136109007134562   0.2736897240847711 0.82332783098707119 0.068779346143588202 0.56231546673672284 -0.034669873591449824
1403715529.6121433 0.08638509982082436 0.14490924683556178 0.27903608163147742 0.82203580662329512 0.074104943916154548 0.56332326209763639 -0.037848279961576949
1403715529.662143 0.093055408575296275  0.15414833011127993  0.28415460059441106 0.82030027956970963 0.079070893316307803 0.56495624798762545 -0.040983936216060605
1403715529.7121432 0.10133164535590773 0.16582359628144849 0.28956503152095597 0.81881687913034595 0.084028029317544703 0.56633948921136101 -0.041686828855945775
1403715529.7621431 0.11228701908648424 0.18012228535069713 0.29727527758103373 0.81888999051661748 0.087032499950339168 0.56579481464920656 -0.041481985248517324
1403715529.8121431 0.12338935954792726 0.19243327490911355  0.3050958758330653 0.81837165458166994 0.089207657001137211 0.56604049903902998 -0.043680457383974795
1403715529.862143 0.13374293053918357 0.20525693135877479 0.31417312465546227 0.81790704712862261 0.091235901626854632 0.56626993403316317 -0.045193299522706509
1403715529.9121432 0.14454826673911383 0.21812999962259802  0.3245792945270301 0.81689470403828912 0.091739498967764802 0.56743494914025894 -0.04779628999756462
1403715529.9621429 0.15503310996515343  0.2321723640040024   0.337831651949834 0.81531780211670768 0.092146724214365372 0.56946093242194018 -0.04980069490757294
1403715530.0121431 0.15872465227063565 0.24631255154546955 0.34836069057639979 0.8124090383870195 0.093489848427623937 0.57345799619722349 -0.048960485960860889
1403715530.0621431  0.1698075161725687  0.2606160204147282 0.36300219958291768 0.80906472630291115 0.095775271029260325 0.5779038830736577 -0.047628437304360262
1403715530.1121433 0.18027754535652962 0.27269003920628798 0.37864465163031052 0.80539800569173958 0.10056583434268158 0.58228106737065666 -0.046576002108573183
1403715530.162143 0.19160297176708435  0.2846559084851869 0.39582284575514098 0.80460187926699056 0.10232229193360444 0.58329483428185258 -0.043739007231390972
1403715530.2121432  0.2007437712500941 0.30100387018660912 0.41433557762676021 0.80548907936248071 0.10448626890401484 0.58191073439137642 -0.040618466716383424
1403715530.2621431 0.21281052049635871 0.32629253625493432 0.43647399079996119 0.80771381223880045 0.10544211947848606 0.57893560223932228 -0.036248109169193674
1403715530.3121431 0.21785344562432629 0.34691795003880233 0.46141679408080855 0.80911147858818488 0.10639238865541981 0.57694193612003186 -0.034018777154749776
1403715530.362143 0.22425896243543397 0.36878288640339985 0.48947670313615005 0.81070018370808239 0.10472900718358193 0.57492810725098997 -0.035422008452615089
1403715530.4121432  0.2280258279811597 0.39302964765503096 0.52027413081296081 0.81179818214926502 0.10246953844792306 0.57357245259442391 -0.038708484525176064
1403715530.4621429 0.23252410930902412 0.41773301779463579 0.55360290797160627 0.81264821274228949 0.10122397768789684 0.57224872360644197 -0.043450972355068444
1403715530.5121431 0.23168855812196731 0.44385458982910037 0.58605623866320344 0.81242928211918031 0.10290811742393088 0.57191149088748283 -0.047810328532992635
1403715530.5621431 0.23597469546061212 0.47055137441334605  0.6183182385585213 0.81264454408059561 0.10492360017986324 0.5708751801444093 -0.051975107469108398
1403715530.6121433 0.23982728717397753  0.4975596658353017 0.64756816754736213 0.81237075893841704 0.10718854098495471 0.57052255997045909 -0.055392917129279018
1403715530.662143 0.24302511463962317 0.52469762258087504 0.67308443027021125 0.81162649498496442 0.10903081154589078 0.57086768546171174 -0.059032198567005097
1403715530.7121432 0.24619948176549697 0.55196880896750955 0.69565452995299248 0.81111517445828829 0.11122830414650645 0.57077085914478298 -0.062777897952378717
1403715530.7621431  0.2489211500140644  0.5793398007661491 0.71674729856184016 0.81071328644028351 0.11472370174905368 0.57014250426561119 -0.067230679573588886
1403715530.8121431 0.25216148436367464 0.60861555591349237 0.73736295234969351 0.81015428042979865 0.11998654425071846 0.56919598435287744 -0.072589272600052351
1403715530.862143 0.25195495060134437 0.63421403711997415 0.75733734122816354 0.80903413487004783 0.12590698803785222 0.56865945133424156 -0.078978651460688026
1403715530.9121432 0.25534335659381374 0.66510225055954686 0.77636797468114382 0.80838642153232176 0.13179810993892283 0.56750598360122373 -0.084128534252670278
1403715530.9621429 0.25859154360123948 0.69412742185954523 0.79596191571402064 0.80809063604831111 0.13817516379858794 0.56602753695124941 -0.086660114546264169
1403715531.0121431 0.26165417830318927 0.72298770430364478 0.81405862986612909 0.81042230282140204 0.14285613741742509 0.56094658235137529 -0.090259331041956117
1403715531.0621431 0.26063256704972199 0.75802807653472837 0.83037896672762124 0.81453177715143066 0.1478700473381879 0.55335845841491083 -0.092015485715219419
1403715531.1121433 0.26389623416765701 0.78843948975965805 0.84579352678897168 0.82056567451001206 0.15126946311610143 0.54313935278279601 -0.093750556281981409
1403715531.162143 0.26801780210005283 0.81777631616092483 0.86012996319582502 0.82557678373785048 0.1541361026999036 0.53435101433948295 -0.095572116602683374
1403715531.2121432 0.27379981846877272 0.84936257380142111 0.87359131253987155 0.82982109754540589 0.15250921368166254 0.52685827046054146 -0.10275333891444204
1403715531.2621431 0.28183646748308699 0.88024745815213823 0.88816059694651905 0.82907139458338763 0.14911917794570484 0.52714085802573407 -0.11192233580589243
1403715531.3121431 0.28863411139921064 0.91267253137837079 0.90302194173423467 0.82514704275285167 0.14554994078556463 0.53235627640869343 -0.12060003126787652
1403715531.362143 0.29815569790794477 0.94187240378285042 0.91219743230210626 0.82040972635749332 0.1433305023176023 0.53874020980357884 -0.12705602836624041
1403715531.4121432  0.3205614856180703 0.97176661241797635 0.92968457958434192 0.81630869014638197 0.14142700259338595 0.54454678642804133 -0.13079496442845823
1403715531.4621429 0.33666493281346271 0.99929428691940947 0.94155345008633529 0.81248121751614799 0.14194612703441789 0.54985040714053834 -0.13187152069643793
1403715531.5121431 0.35379000764747121  1.0234646917695494 0.94972263065564233 0.80956341491931982 0.14250433597747772 0.55373986987174117 -0.13293512690863424
1403715531.5621431 0.37078847546927851  1.0476925353592907 0.95426152972043188 0.80781164308649067 0.1428675162380918 0.55600801151962698 -0.13373224451811636
1403715531.6121433 0.39366733587841746  1.0658477354933191  0.9575735631733916 0.80793215506745608 0.14189385976604688 0.5555873163626901 -0.13577370609088366
1403715531.662143  0.4117623367012207  1.0874933904573132 0.95563748711623675 0.8085769547710927 0.14111432202365595 0.55443379062055098 -0.13745263966558605
1403715531.7121432 0.43409475913692064  1.1100981434035566 0.95230087815999243 0.80808910452248472 0.14262662765277928 0.55541822046038924 -0.13475995182938671
1403715531.7621431 0.45265268429077954  1.1283999854221503 0.95083419911445544 0.80704324226892588 0.14580312150839528 0.55727498982420498 -0.12987394112330736
1403715531.8121431 0.47510052560701688   1.151169669263151 0.95064111002200802 0.80419255186455108 0.14835368818624978 0.56188793906785028 -0.12468948094046334
1403715531.862143 0.49531467265237872  1.1680932100391483 0.94943838780315526 0.80034003632319006 0.15058565646321867 0.5676838580594461 -0.12047748181498072
1403715531.9121432 0.51526307825421835  1.1843323295906338 0.94841218339330358 0.79671579891236677 0.15146689020442661 0.57304694344721152 -0.1179784621913578
1403715531.9621429 0.53421231610300679  1.1998164670044891 0.94719517588764612 0.79355657151229286 0.15227496035688354 0.57777498411482242 -0.11513631915725621
1403715532.0121431  0.5516775282770805  1.2165813091130455 0.94757412890163462 0.79186787773706369 0.15209530532373755 0.58039476920955635 -0.11381649344828558
1403715532.0621431 0.56794605622126526  1.2316507591921488 0.94552375706496616 0.79033128096413319 0.15289384335561051 0.58272175906504087 -0.1115136337211155
1403715532.1121433 0.57387681206470631  1.2588358587202568 0.96015443487009178 0.78896447928505609 0.15304831987591141 0.5848783277383155 -0.10967499237133686
1403715532.162143 0.58586918475791849  1.2711036397875479 0.96102860723124761 0.78839213972577271 0.15331042519574595 0.58568847199763041 -0.10909977687419024
1403715532.2121432 0.59366036394542088  1.2742777677078687 0.96465256751404349 0.7879466712079245 0.15300441174567439 0.58611384284848689 -0.11045477146819151
1403715532.2621431 0.60390893971937276  1.2873987015170345 0.96410554733578002 0.78715087246970494 0.15386291912979383 0.58659445370989338 -0.11236838062298754
1403715532.3121431  0.6103939906075283  1.2990120084881038 0.96435938820130385 0.78765124928595975 0.15455212194137943 0.58505349450080069 -0.11589460588865014
1403715532.362143 0.62095268236024803  1.3131274866420617 0.96223478051877009 0.78973790130133481 0.15436253254941404 0.58147435363292865 -0.11989091650438875
1403715532.4121432 0.62693430948212847  1.3253092025924951 0.96058464924505982 0.79100709560255911 0.15290048586079888 0.57900548990516953 -0.12522722862704488
1403715532.4621429 0.62557727497038917  1.3247060135241313 0.95860430595813184 0.79201810171172271 0.15274958788762832 0.57660689299020484 -0.12999761889089156
1403715532.5121431  0.6311071147417151  1.3365173409334012 0.95712078898176112 0.79312249113441768 0.15138594540542682 0.57442268144927411 -0.13445293833556243
1403715532.5621431 0.63538872344035457   1.347652865267315 0.95418282184157033 0.79394158060897191 0.1484158509010387 0.57258328393143332 -0.14063386769816094
1403715532.6121433 0.63879486132503538  1.3554182236040506 0.95191798429519847 0.79379980026925201 0.14471330832660498 0.57185145302108809 -0.1480738030960739
1403715532.662143 0.64030384117056316  1.3583029650011322 0.94891107260573226 0.79289324530653127 0.14037388666235118 0.57208042706489193 -0.15601108441336214
1403715532.7121432 0.64305198296006993  1.3563583238935963 0.94675681243530985 0.79142467002119887 0.13661286946776688 0.57298704311629078 -0.16330879951328253
1403715532.7621431 0.64522597557442962  1.3560838505762711 0.94358699118966083 0.79023193538163539 0.13404068155106327 0.57365054284533712 -0.16879466426866505
1403715532.8121431 0.64769711829356957  1.3521602904003998 0.94016165595290635 0.7894411310469337 0.13162219599404687 0.57428351771924901 -0.17221132195372013
1403715532.862143  0.6510726113344607  1.3430785975270383 0.93316353949309605 0.78925120469805166 0.12862740781057178 0.57480704525019655 -0.17359258789863616
1403715532.9121432 0.65784154363000824  1.3333006462697676 0.92792085018012826 0.79022950498486888 0.12401303512296968 0.57466301715378931 -0.17297547018771764
1403715532.9621429 0.65974958424462915   1.319312496334631 0.91968516249489751 0.7918900844880381 0.11758044495234189 0.57421857299428525 -0.17134165717286637
1403715533.0121431 0.66166147417928145  1.3019105588476889  0.9085794751857067 0.79380432599157202 0.10959667230813123 0.57406691220594608 -0.16825707047961161
1403715533.0621431  0.6596915679854447   1.277884181167855 0.89500038707183593 0.79600989975094594 0.10093084002417015 0.57391409483655365 -0.16371871236497018
1403715533.1121433 0.66098933809022609  1.2537943772464428 0.87820812749876898 0.79802340218297285 0.091011126470816328 0.57462866482853192 -0.15709080808311129
1403715533.162143 0.66387179137611019   1.225491383441625 0.86247947397424141 0.79815224109689586 0.081001807682328508 0.57836925003753203 -0.14792132299036745
1403715533.2121432 0.67370350187253703  1.1927070555003703 0.84994487092062632 0.79560159903858541 0.071742155266719371 0.58594471296615369 -0.13616149276481934
1403715533.2621431 0.67484218408865915  1.1569000192660435 0.83932448295398632 0.79316145826220708 0.062380580464439783 0.59267751403894819 -0.12544691570900035
1403715533.3121431 0.67565760843650313  1.1193243522612453 0.83258118508307621 0.79170089850470415 0.054709188650439416 0.59766008879328358 -0.11410087750608726
1403715533.362143 0.67440936993683021  1.0783404724294297 0.82866179738727963 0.79248801436784411 0.048582210929879077 0.59896076081030136 -0.10415624260706233
1403715533.4121432 0.6724820219725447 1.0352791497880955 0.8286403613858121 0.7941735586013513 0.043371605060959668 0.59861360170674405 -0.095231394742395517
1403715533.4621429 0.66908487463070176 0.98819629626512206 0.82927271855591356 0.79718867406783178 0.038409405130544673 0.59595941696792665 -0.088585037465359437
1403715533.5121431 0.66504613242973343 0.93971171833282952 0.83732752763693608 0.80074068451925351 0.031722999180934366 0.59190188730800142 -0.086372236742080499
1403715533.5621431 0.66108007793423584 0.89568447231369375 0.84149557337546765 0.80409611686884985 0.023560914016614719 0.58762609704569035 -0.087005104666265917
1403715533.6121433 0.65161640054061509 0.84441118068274745 0.85221759447605083 0.80694773402055153 0.016692177264398308 0.5836379631769113 -0.089013783853836792
1403715533.662143 0.64358776361762393 0.78966530389163136 0.86997084232311128 0.81026806253597072 0.0091646838408408048 0.57857000849662155 -0.092943104491517603
1403715533.7121432 0.63553134402014055 0.73139480518702027 0.89195607627241125 0.81277023794071002 0.0032649505557706747 0.57469142161093267 -0.095517801181117343
1403715533.7621431  0.6280999594317116 0.66973922171060707 0.91819188715374689 0.81441570114354411 -0.0017964706988738599 0.5720016767354118 -0.097662276421222202
1403715533.8121431 0.60609954815379541 0.60245577031928077  0.9284600832989397 0.81535085252979966 0.00057885365141698269 0.57129571002637958 -0.093935424163805209
1403715533.862143 0.59558150792424136 0.53552602500920587 0.95443127829981245 0.81643628585893613 0.0020620551224930584 0.57054739277555233 -0.088900009328217164
1403715533.9121432 0.58794663029254624 0.46389739408722858 0.97917717909784829 0.81770161109872708 0.0060484713363171995 0.56984925236892925 -0.081236203601671345
1403715533.9621429 0.57355981300442416 0.39148332662020102  1.0005297217870319 0.81764422536967618 0.0094234533587469176 0.5708530018942255 -0.074134806095174782
1403715534.0121431  0.5690477760584749 0.31654324673630774  1.0174119222886171 0.81809557945495071 0.013162033863322195 0.57092991293008377 -0.067715716510246646
1403715534.0621431 0.56159744158626945 0.23995493997066153   1.032693407585529 0.8182716173881881 0.01693113270869603 0.57121959681279588 -0.062073095131031951
1403715534.1121433 0.55458150802970718 0.16174272825858976  1.0445869165127903 0.81778320845964247 0.021976123124349111 0.57247827880762203 -0.054920799951737917
1403715534.162143  0.54661731714345851 0.082222808167728437   1.0523038637582549 0.81755270829395754 0.027252451554712107 0.57313663394020653 -0.048777780609240276
1403715534.2121432   0.54196024278308264 0.0029379547525588711    1.0574585110060655 0.81771880724703694 0.032345916420067872 0.57317663662892782 -0.04193133897431988
1403715534.2621431   0.53476808938119291 -0.076318104423415259    1.0590582468094738 0.81766009883650859 0.037116487015634768 0.57335962401449747 -0.036236317586691345
1403715534.3121431  0.52900927827990263 -0.15498275141352788   1.0580316506988063 0.81763948162928524 0.040408821499148262 0.57335717415362808 -0.033081053075891459
1403715534.362143  0.52307924592136279 -0.23349613810614919    1.053980916072945 0.81759995534483199 0.042698925348653216 0.57342155207926859 -0.029913849722185946
1403715534.4121432  0.51695022902804522 -0.30757396009156868   1.0474502084028343 0.81825215079302838 0.041898534170442849 0.57270656123943464 -0.026741826232573318
1403715534.4621429  0.51099058983660062 -0.38464333457494687   1.0374713785195679 0.81856232138545337 0.040225841063836844 0.57251128002611906 -0.023842020921465069
1403715534.5121431  0.50587387797167138 -0.46362366300532831   1.0255114138341626 0.81871971999715498 0.037032381211345694 0.57265037369168259 -0.019954256196967796
1403715534.5621431  0.49889696185366533 -0.54637010076329351   1.0125820364104001 0.81865827931230117 0.032187950333172108 0.57315675965281387 -0.015933814077550817
1403715534.6121433  0.49416183996254498 -0.62154478131832613  0.99899946666639228 0.81918464184970552 0.025100191594911874 0.57285053739622227 -0.012196915361179065
1403715534.662143  0.48994801599010412 -0.69768756663640741  0.98612135722060423 0.81994015008031795 0.017487232676895573 0.57214303509948239 -0.006685384560537415
1403715534.7121432  0.48581852954961424 -0.77399832885935305  0.97183987327785759 0.82082569878552059 0.0085133530161381719 0.57111463033769472 -0.00087979993346471797
1403715534.7621431  0.48603976343001576 -0.84710965265485516   0.9581819734481587 0.82343733999492896 -0.0022465213008464337 0.56736931898781762 0.0061608534652856884
1403715534.8121431  0.48488716133837323 -0.91744116742934101  0.94383478613065397 0.82627470006145798 -0.013093146656736823 0.56291409997731778 0.015046780243598189
1403715534.862143  0.48174891135890224 -0.98984059975143446  0.92841670479170002 0.82886953836433763 -0.02495897869467532 0.55835373295433877 0.024360760459468282
1403715534.9121432 0.48156218588194838 -1.0620671245662372  0.9139759959259941 0.83118707712804663 -0.03727334780628596 0.55371806988251571 0.033690346454553488
1403715534.9621429 0.48065730356989422 -1.1318644311029695 0.89886485153583273 0.8325909324348918 -0.049100110335388025 0.54999303210409822 0.043464733165989144
1403715535.0121431 0.49442475936776803 -1.1989556567060733 0.88563969210355564 0.8335372287104843 -0.059784807686154573 0.54675155153231259 0.052001980929426553
1403715535.0621431 0.50592796320235356 -1.2629478705079789 0.87016494997167992 0.83476511465835723 -0.070500780107910915 0.54284900470934472 0.059260454264793226
1403715535.1121433 0.51617476788318406 -1.3294720469053525 0.85458170254518961 0.83670563727498848 -0.079278333493899275 0.53791855580702685 0.065438900580373799
1403715535.162143 0.52392713297242821 -1.3941404965078692 0.83961856164676552 0.83869203989715091 -0.087632627744426539 0.53296674698820889 0.069732570385503484
1403715535.2121432 0.54014801251894673 -1.4570421339593556 0.82600339499984909 0.84141175854539063 -0.094571758036950199 0.52706768405559401 0.072677999336981949
1403715535.2621431 0.56138029871262896  -1.515216694669403 0.81065902933450928 0.84348662431218258 -0.10155609261401648 0.52216994940330663 0.0745333388461875
1403715535.3121431    0.57830924843636 -1.5772248743362476 0.79723739395268167 0.84486104290370612 -0.10702353495216962 0.51862607944225247 0.076044532166108417
1403715535.362143  0.6010825073719388 -1.6353936362492896 0.78166293173261858 0.84539300087175717 -0.11268305583654811 0.51655876936898204 0.076027894830683895
1403715535.4121432 0.62507899825557656 -1.6956538509487875 0.76815565815370335 0.84423068866648698 -0.12125322012967282 0.51732764324348768 0.070315790957886287
1403715535.4621429 0.65286128363521434 -1.7571529342193206 0.75659810132899796 0.8408231791742955 -0.12882547976990305 0.52174714755590734 0.064809653158764247
1403715535.5121431 0.68684742107898356 -1.8197025369687707 0.75454282521647176 0.83626591463185596 -0.13381129150710677 0.52833499471266199 0.060133116101837331
1403715535.5621431 0.71871108604346312 -1.8829650152120772 0.74499100129274454 0.83108812169253443 -0.13572848149150982 0.53611973381545974 0.058702166120380532
1403715535.6121433 0.75339790475764501 -1.9465839717728017 0.73613526591332723 0.82515801290516422 -0.13532665308350644 0.54529988655445016 0.058728054857292142
1403715535.662143 0.78935097237508345 -2.0110389592140034 0.72627025130426337 0.82146016882533035 -0.1327502068690555 0.55142242927861529 0.059277973127911388
1403715535.7121432 0.82728307213461749 -2.0744887386101296 0.71841338172274494 0.81951201098418391 -0.1272877690183345 0.55550905169407494 0.060063143415439106
1403715535.7621431 0.86426622434733091 -2.1388003893681975  0.7086448179093886 0.81884853850880601 -0.12034263299008109 0.55811122494219423 0.059300777908309663
1403715535.8121431 0.90066763176768716 -2.2023246860261056 0.69953220130346561 0.81845950807096035 -0.11000279305362551 0.56066537195061505 0.060644536968480642
1403715535.862143 0.94663844103764183 -2.2631911893651835 0.68366142795850837 0.81976563707303318 -0.097501939566636706 0.56088575624452286 0.062328488646828099
1403715535.9121432   0.985202835660136 -2.3279640107158848 0.67262066466005788 0.82246731258122363 -0.085659991116095582 0.5589536111055371 0.061487773495957417
1403715535.9621429  1.0239942679736413 -2.3910888365581759 0.66127007636910662 0.82560446443679514 -0.073644178391080575 0.5562356478690762 0.059629752060566629
1403715536.0121431   1.064203212886067 -2.4538446227930684 0.64909051168563792 0.82929149802489832 -0.064435490404390075 0.5523070509766046 0.055503155959747842
1403715536.0621431  1.1029124517220423 -2.5145988585391703 0.63985631753638061 0.83314835501788098 -0.055842453076269713 0.54772272089063212 0.052395228652869705
1403715536.1121433  1.1444685451396712  -2.573473873559311 0.63051388572361122 0.83650542563060004 -0.048426494122248982 0.54365417152243933 0.048514836327115167
1403715536.162143  1.1893404153498974 -2.6266876622374236 0.62231286237321914 0.83949692964118039 -0.041351908646602216 0.53986596095144468 0.045603387815899968
1403715536.2121432  1.2338700369334854 -2.6841720665526339  0.6146345776962574 0.84213671556076408 -0.033974086720722899 0.53631278284808925 0.044945663748129118
1403715536.2621431  1.2815419771591858 -2.7393450609241699 0.60754216860407773 0.84402325017751367 -0.026799304199099434 0.53373420049947939 0.045103809943416472
1403715536.3121431  1.3304480731651802  -2.791702812807304 0.60262940992376579 0.84475398298920379 -0.01978877546089871 0.53284475120096397 0.045558574464273048
1403715536.362143  1.3825426818261088 -2.8440754077884201 0.59639124316926106 0.84388064960943088 -0.012334574610503387 0.53431647229898915 0.047108543958677182
1403715536.4121432  1.4364020514838949 -2.8943988384026866 0.59317155279221701 0.84182824107259924 -0.003857985378393808 0.53730686991831245 0.051104364001712574
1403715536.4621429   1.490688303269359 -2.9390701973580744 0.59269212781334535 0.83904027394300751 0.0047522568992265125 0.54117884104919911 0.055805884605948992
1403715536.5121431  1.5475189189027938 -2.9836569772258321 0.59133769441183281 0.83613575761182057 0.011553481610105467 0.54508981252301092 0.060171489837136376
1403715536.5621431  1.6066258962093405  -3.025882137665366 0.58977617059783793 0.83288218484777266 0.017127006793104107 0.54953538013599468 0.063441293967711351
1403715536.6121433  1.6641930773039229 -3.0608174535660813 0.58819501453380874 0.82947470989760475 0.021336728427722045 0.55429014498694762 0.06541318544937752
1403715536.662143  1.7258554673575541  -3.094705694932459 0.58521921407494093 0.82535854716469326 0.024744733744507225 0.56001709445817915 0.067467182309022572
1403715536.7121432   1.786437074139714 -3.1249657903652412  0.5855006328536313 0.82041730392064272 0.026521978363957071 0.56712430289819959 0.067690894169577145
1403715536.7621431   1.846829077604623 -3.1478528333659539 0.58522460828262712 0.81344842200669709 0.028050743471313751 0.57714686268329374 0.066455394215612099
1403715536.8121431  1.9060244335707059 -3.1690606994545494 0.58536751905544482 0.80681143955474177 0.030669674826801233 0.5864090863215552 0.065108029682540786
1403715536.862143  1.9632725269330429 -3.1853392019168099 0.58636394043649676 0.80043003672053514 0.03468433458297554 0.59480148630516316 0.065726289559566442
1403715536.9121432  2.0194606740865684 -3.1985088463236968 0.58853724115658224 0.79391114557490972 0.039619339113311232 0.60285829891693343 0.06853664951790675
1403715536.9621429  2.0717014792408515 -3.2075363626603597 0.58807381040392304 0.78726615227628727 0.045220981366937522 0.6104759776439872 0.074068542876978838
1403715537.0121431  2.1224495640382126 -3.2125543197265172 0.59124661257924738 0.78064470189839574 0.05042825946373268 0.61787239569293861 0.079275107606940717
1403715537.0621431   2.169236533588097 -3.2117186948873968 0.59598034301641023 0.77264192174249025 0.053857445047127327 0.62708596531650818 0.082988122536484396
1403715537.1121433   2.211595396459948 -3.2046164554156666 0.60253527617833702 0.76328185122741155 0.056931409351018661 0.63773110392590671 0.086363587822686494
1403715537.162143  2.2466949793510342 -3.1894262900476988 0.61334653222331137 0.75312091398898695 0.058996146934552157 0.64919266048968138 0.088753778091972879
1403715537.2121432  2.2759232452408913 -3.1698539237137409 0.62043524354775959 0.74361940412484639 0.059240794417152985 0.65996809323356009 0.089234668148046703
1403715537.2621431  2.3033695573587116 -3.1477482949021458 0.62897616550005842 0.73547854650981226 0.057798768107352384 0.66945527595313614 0.086949660882586446
1403715537.3121431  2.3192699624483688 -3.1177200519397266 0.63616447765540085 0.73145493980461262 0.050272126157485907 0.67576573961205522 0.076072659567077011
1403715537.362143  2.3318479130450234 -3.0842301438177566 0.64484767054868763 0.73301022567350371 0.040470595847255431 0.67623909405316318 0.061309278286441844
1403715537.4121432  2.3298739000945687 -3.0416341110060996 0.65259678548663991 0.74061294958365631 0.029893152397240656 0.66957462166931681 0.047630708215849138
1403715537.4621429  2.3330833589411761 -3.0051279415052918 0.66043689952561913 0.75213434822933978 0.018697729019243391 0.65792259254152785 0.032896494746157794
1403715537.5121431  2.3263001636235296 -2.9630173105130151 0.66533676494349692 0.76631253071201422 0.0082957435326799778 0.64208427236037102 0.020593035241096652
1403715537.5621431  2.3156395027596099 -2.9178264224382557 0.67181793695159031 0.78058654400067662 0.00033777913985509557 0.62495646186163278 0.010674924249011024
1403715537.6121433   2.299877297119449 -2.8736933740373081  0.6807182568797393 0.7926007635152168 -0.0070808334372978836 0.6096935724664253 0.0027639041330312425
1403715537.662143  2.2816191735148248 -2.8296096070581362  0.6909143506606602 0.80096406782022089 -0.012734957651773106 0.59857348409159938 -0.0020413370461784901
1403715537.7121432  2.2622952046542242 -2.7862156507890199 0.70310984353343897 0.8025071210908522 -0.017666009806676767 0.59635272794660432 -0.0058014279816451068
1403715537.7621431  2.2479193886075874 -2.7468863298084361 0.71356237981588422 0.80006876372971758 -0.020681928803542075 0.59950932368568199 -0.007127547888495833
1403715537.8121431  2.2260256800820208 -2.7051073963316465 0.72711294704342222 0.79461950832923844 -0.023306602615529547 0.60659935553861499 -0.008594249080541766
1403715537.862143  2.2044153490975558 -2.6666116605021162 0.74074454554527325 0.78984216196028112 -0.023969887802837073 0.61279913850503998 -0.0072124556227033164
1403715537.9121432  2.1778072677669926 -2.6271726591369511 0.75280685402905034 0.78687260546292737 -0.025185736516660454 0.61655554811410429 -0.0075124921174070268
1403715537.9621429   2.154541382484072 -2.5909817256444176  0.7621818140440344 0.78808607713589796 -0.024809918710275804 0.61503633396722623 -0.0059254416118548411
1403715538.0121431  2.1236455392358695 -2.5536383798049771 0.77114360774432245 0.79140377730320333 -0.026369180270445106 0.61067103334458028 -0.0081004096161379855
1403715538.0621431  2.0891552173781003 -2.5195758025568682 0.77991824226847262 0.79448536775567713 -0.02891372275457715 0.60652970791537042 -0.0088718923964092918
1403715538.1121433  2.0566993088283176 -2.4872676203526951 0.78820756299878481 0.79815418922650716 -0.033217212770349003 0.60143060092110134 -0.011302179950321544
1403715538.162143  2.0202574201793082 -2.4551579400023815 0.79549929228325977 0.80153043253383638 -0.038627434613647545 0.59658037875588987 -0.012195847685526017
1403715538.2121432  1.9824784004383504 -2.4247759164116225  0.8004959463537995 0.80432954852192107 -0.04445054690528423 0.59241975059527674 -0.010815052425849346
1403715538.2621431  1.9432511884292665 -2.3963895072999732 0.80258939317538824 0.80594780633209784 -0.05055126169190164 0.58977522386851178 -0.0076084637531557836
1403715538.3121431  1.9004845897736056 -2.3716208175794944 0.80099211286837324 0.80565075176731227 -0.057711903613418936 0.5895630351343264 -0.0034102729042153556
1403715538.362143  1.8634923723514154 -2.3499641626430798 0.80106640703209153 0.80415569918431229 -0.065026594994436915 0.59084690918888105 0.0022546207587012183
1403715538.4121432  1.8237696156858025 -2.3292159954406326 0.79816834082157506 0.79936870619645517 -0.070922006604078672 0.59654327759773129 0.010763757987458584
1403715538.4621429  1.7810547858418386 -2.3084852612706843 0.79357328972711205 0.79359199712847484 -0.074892785863225272 0.60336738122207789 0.023465208213348597
1403715538.5121431  1.7368302225675614 -2.2877566340578488 0.79023064148820255 0.78714444751333512 -0.079577931464135776 0.61054202997258344 0.036185649224145737
1403715538.5621431  1.6914662492991441  -2.271362228196653 0.78700267921603695 0.78203435613784644 -0.084598023416062457 0.61545672759166659 0.049784101039555141
1403715538.6121433  1.6386630913338296 -2.2537310538406765 0.78346263483850753 0.77806388558453676 -0.091980168783538124 0.61840832572368787 0.061052282310083715
1403715538.662143  1.5872629377015519 -2.2341591625373849  0.7800986636128715 0.7761562833401886 -0.10085315213797372 0.6183253088302646 0.071301318328186578
1403715538.7121432  1.5324131644562027 -2.2146097488483298 0.77615971861653033 0.77581167305154197 -0.11183208008792175 0.61568415277271016 0.080887933863626041
1403715538.7621431  1.4753360239450519 -2.1938794179315422 0.77119243559895723 0.77811174109955417 -0.12426563349297015 0.60905958139862992 0.090258500996510838
1403715538.8121431  1.4158642922089313 -2.1732499005254668 0.76571573109319602 0.78191662625391301 -0.13817915183667551 0.59969968210354574 0.099363991819480441
1403715538.862143  1.3535236358617384 -2.1507785031144948 0.76096427035868763 0.78444655415933962 -0.15310563160018667 0.59082379184841627 0.11013408294304582
1403715538.9121432  1.2913221342592907 -2.1296667756909748 0.75464743447653082 0.78591234955704303 -0.16877662374815308 0.58243435937994015 0.12093984911343909
1403715538.9621429  1.2313242150373849 -2.1095674181751365 0.74589720717993446 0.78550954383984406 -0.18495007744047939 0.57551649960079754 0.13247257859091452
1403715539.0121431  1.1704391295208381 -2.0897690799172581 0.73446970391719613 0.78317422095831057 -0.20167157250152684 0.56995916911260391 0.14530403303272432
1403715539.0621431  1.1070995486384732 -2.0686445194842848 0.71967185329745587 0.77985147027796609 -0.21970074380191595 0.56456069904406725 0.1575896080744344
1403715539.1121433  1.0432383002178376 -2.0462330090526377   0.702030021234056 0.77580616470919395 -0.23778723014451417 0.55908809768043211 0.17030128305883865
1403715539.162143 0.98127193826655046 -2.0250212937408785 0.68203280750334916 0.77040111119778409 -0.25635223975043836 0.55446078420393774 0.18258941869699855
1403715539.2121432 0.92344838515433969  -2.005161175211311 0.65930665239894526 0.76503652829072077 -0.27476893055970603 0.54923513940042323 0.19380894413765951
1403715539.2621431 0.86005080375372045 -1.9817266119171051 0.63344014884391731 0.76044229160952548 -0.29245296457221331 0.54231656812302997 0.20516219092180771
1403715539.3121431 0.79617715432541758 -1.9577538084942341  0.6043283213396895 0.75650200874070572 -0.30966444154805006 0.53413725316741467 0.21566186308844892
1403715539.362143 0.73246511735768249 -1.9332843870359497 0.57288915893139081 0.75280749950817105 -0.32600803821306718 0.52565619679103659 0.22513371688822104
1403715539.4121432  0.6690776574751045 -1.9090148884807467 0.53995783710524625 0.74884941341375699 -0.34061222971745353 0.5179480312178667 0.23438793047917916
1403715539.4621429 0.60862934131555546 -1.8886927292013458 0.50932917663909238 0.7434192489228556 -0.3528974942241544 0.51341226020660868 0.24330850780610178
1403715539.5121431 0.54733074639500623 -1.8657697764039272 0.48400332907795396 0.73946461607902514 -0.36418598009875192 0.50852735743085553 0.24891882253257286
1403715539.5621431 0.48947392424130332 -1.8435460070995837 0.46227832095116361 0.73513460938824671 -0.3765216821602454 0.50551938798327123 0.24951688783693154
1403715539.6121433 0.43299824759344607 -1.8223506431981153 0.44542378338779942 0.73017607602818779 -0.38706703922919289 0.50482464931066295 0.24934730515245374
1403715539.662143 0.37904710738940306 -1.8022382290178813 0.43352006612954552 0.72538908530701618 -0.39544610914316025 0.50526839168561066 0.24927274629293655
1403715539.7121432 0.33184780688590926 -1.7827987711306199 0.42746029321736989 0.72051318505834205 -0.40123410816915583 0.50699931333281367 0.25064643799352343
1403715539.7621431 0.27810727894349196 -1.7607754708776417  0.4260501404645044 0.71742082637007287 -0.40446556724167992 0.507625482438683 0.25304413129974451
1403715539.8121431 0.22508161823748205 -1.7425384727469133 0.42693453754987754 0.71502586449384187 -0.40593713161780259 0.50873236089178431 0.25523409501909444
1403715539.862143 0.17301770915562559 -1.7251864347111097 0.43070377617129402 0.71600628993784554 -0.40598107177765025 0.50685947624967942 0.2561402613093326
1403715539.9121432 0.12001182120971916 -1.7086104362829009 0.43775454074520154 0.71965575488760902 -0.40652543966575733 0.50256271815227593 0.25350222027647873
1403715539.9621429 0.099199267262741961  -1.7074883708289919   0.4456166124541312 0.72353229621911486 -0.40851868765500271 0.49864362484335095 0.24691705807337994
1403715540.0121431 0.048640998372603897  -1.6945046781868973  0.45813396783489391 0.72883398494370344 -0.4099271012979277 0.49256266947482069 0.24112820376803437
1403715540.0621431 -0.00054433864415447206     -1.6839718768280854     0.47163472161296055 0.73309144112370817 -0.4134136154395735 0.48750194234494176 0.23239616548096115
1403715540.1121433 -0.049190081019646545   -1.6753055978775486   0.48541747828179993 0.73787644872084279 -0.41722436487618608 0.48148279634449731 0.2227924877572488
1403715540.162143 -0.096789801888755703   -1.6703786205434865   0.50107064008528668 0.74007990167381665 -0.42046916156170255 0.47932378597077485 0.21386007462057025
1403715540.2121432 -0.14225754601059884   -1.669794146368937  0.51795384978529857 0.74192979463469988 -0.42252340802554722 0.4773085926514008 0.20782361965120344
1403715540.2621431 -0.17626966165707206   -1.682110334386872  0.53935609461663081 0.74146878281694939 -0.42229321542754489 0.47903784266276145 0.20594958025891696
1403715540.3121431 -0.22484691432742226  -1.6861055871721558  0.55899437287501819 0.74229277783670755 -0.41857075997284571 0.47991120326482573 0.20853102370660789
1403715540.362143 -0.2750934915950074 -1.6890115919860902 0.57510949222748065 0.74383476941947679 -0.41358066129895904 0.47917964556074966 0.21458737074316361
1403715540.4121432 -0.3166646350795897 -1.7061286704329093 0.59198552320602327 0.74672888851596897 -0.40847724541854441 0.47700735137484668 0.21910338601979101
1403715540.4621429 -0.35946000189664912  -1.7227112380318306  0.60848750805616614 0.74964844533222919 -0.40356619826451207 0.47423387319399862 0.22419581964148877
1403715540.5121431 -0.38353000425020517  -1.7586794535447561  0.62973905086792581 0.75534227017026079 -0.39961857363329756 0.46690291270422174 0.22751861596282491
1403715540.5621431 -0.42759823099179228  -1.7736466222844818  0.65150248506304553 0.75901077352538193 -0.39929311402009027 0.46008725824358393 0.22975502077308865
1403715540.6121433 -0.46577192458439581  -1.7977408954476932  0.66531411093994641 0.76259092613207757 -0.3992642090301346 0.45346500389144478 0.23111179332585671
1403715540.662143 -0.50084861743256837  -1.8258117999679593   0.6785512984015909 0.76429350332557899 -0.40237569633108689 0.44919531050036376 0.22841368785794758
1403715540.7121432 -0.53335029637026909  -1.8568106827985593  0.69101058883038757 0.7629426673327323 -0.40879810849817161 0.44862522469407529 0.22257133827095404
1403715540.7621431 -0.56454256862508545  -1.8912901417679229  0.70336206350812425 0.76094730652952758 -0.41456096272468324 0.44922232579342142 0.21748035975460009
1403715540.8121431 -0.59290882287354274  -1.9282891229632726  0.71464470583414874 0.75663753455750971 -0.41838086702097471 0.4535727690015095 0.2161685329316316
1403715540.862143 -0.61939269426333821  -1.9694496590125703  0.72577475860250085 0.75275111795307215 -0.41989957210146955 0.4580625897402214 0.21732180665981174
1403715540.9121432 -0.64447962679945736  -2.0146514525339172  0.73686080029371293 0.7486619289794032 -0.42080100025782624 0.46323049700274505 0.21874492205635773
1403715540.9621429 -0.6690111581327286 -2.0635503389843937 0.74664627762839808 0.74542610853019042 -0.4191956350379562 0.46794130407491746 0.22281353690323011
1403715541.0121431 -0.69171230557786989  -2.1155969856565906  0.75689373753603406 0.7432953486660725 -0.41669784972295854 0.47124112010539188 0.22761092550547743
1403715541.0621431 -0.7192954920989334 -2.1674682936843719 0.76569266340317399 0.74177534635021736 -0.41417469066345058 0.47391117042786507 0.23159633784786235
1403715541.1121433 -0.74201542877240023  -2.2242091151679886  0.77554830954895471 0.74204850645010068 -0.41167653657636044 0.47411117084633647 0.23474462930253259
1403715541.162143 -0.76281341950429205  -2.2815889243941521  0.78299215684070556 0.74067922666781538 -0.41201748002401994 0.47629851569434112 0.23404188361229455
1403715541.2121432  -0.782833622748484 -2.3414476057193476 0.79170142394045617 0.73585350168242036 -0.41492236875729932 0.48338012854169576 0.22957069346405154
1403715541.2621431  -0.802089890034414 -2.4033463071026078 0.79992769550990106 0.72936593348134371 -0.41764042825428599 0.49248036440797971 0.22597543768526762
1403715541.3121431  -0.823137836029882 -2.4668519737022816 0.80864255620177916 0.72345455059601771 -0.41880875166133513 0.49987885448599662 0.22656979849829101
1403715541.362143 -0.84287513177304063  -2.5326818528289694  0.81276321242000438 0.72068004604558922 -0.41683323174515152 0.50286473028988965 0.23237338740720095
1403715541.4121432 -0.86295726772493608  -2.6028143534668118   0.8173758609756947 0.72011385189036692 -0.41418886246715958 0.50311652859337497 0.23823808507442865
1403715541.4621429 -0.88427862736488849  -2.6705498896169764  0.82130438580392895 0.72377494384389274 -0.41239929573351547 0.49732746028752706 0.24236759021418
1403715541.5121431 -0.90495222782314744  -2.7387882747402039  0.82399453723248384 0.72846665528280419 -0.41202535852192551 0.48980172815759926 0.24426564058375527
1403715541.5621431 -0.92555560416529903   -2.808250063296057  0.82709728438840924 0.73375106028401804 -0.411816362783406 0.48136269573547252 0.24557406220976249
1403715541.6121433 -0.94484465100302228  -2.8806381876510407  0.82965038019155368 0.73785529618928736 -0.41285704194458589 0.47460519923686789 0.24468046440106037
1403715541.662143 -0.96662929813188814  -2.9546361438649189  0.83668725361161089 0.74200271443526666 -0.41083660283175649 0.46849686047315059 0.24729728925153846
1403715541.7121432 -0.98235958783316779  -3.0292905791496096  0.84001108548159231 0.74554150772240579 -0.40713501205883434 0.46340352424133824 0.25232145358562441
1403715541.7621431 -0.99700030649537863  -3.1045013798617296  0.84527426521286364 0.74776982513446644 -0.39916560579622573 0.46092847293068751 0.26277756869543889
1403715541.8121431 -1.0096213032925729 -3.1808781078351194 0.85045271867560646 0.74956113078088782 -0.390323182420105 0.45885369391131392 0.27433412487669206
1403715541.862143 -1.0157517298871486 -3.2613665326700771 0.85735402871912025 0.74975155377084834 -0.37998991003707788 0.45983758522754947 0.28640822456819981
1403715541.9121432 -1.0212017414249961 -3.3385841994264687 0.86231517556146697 0.75052827463279259 -0.37060891689921038 0.45981837812270393 0.29651880013267934
1403715541.9621429 -1.0227815408666889 -3.4161800336800279 0.86596607488581923 0.75189864654408844 -0.36151558827978175 0.46000131294601021 0.30389751042718061
1403715542.0121431 -1.0198763081204008 -3.4907789474271427 0.86836646085616487 0.75445606667469201 -0.35225614802038641 0.45949350711889581 0.30915589361221929
1403715542.0621431 -1.0124109534667536 -3.5633698434766061 0.86922812554171569 0.75563940827175291 -0.34137740179425452 0.46284225156084285 0.31344473895889324
1403715542.1121433 -1.0019253954363911 -3.6319875327944899 0.87125523993955611 0.75518885607782649 -0.33192079080772235 0.4698256527826985 0.31429641466735042
1403715542.162143 -0.98793605136566698  -3.6979651034094423  0.87722351574844781 0.75445249069662135 -0.32108294318287695 0.47804397726822573 0.31493037115569233
1403715542.2121432 -0.9693672896187796 -3.7605254192350119 0.88258612875801945 0.75250996950059845 -0.31104587865352645 0.48933499416524529 0.31229868821396528
1403715542.2621431 -0.94444946724761303  -3.8183188259224901  0.88718236841873654 0.75065884849975861 -0.30134901132645781 0.50112414008900441 0.30752993799244754
1403715542.3121431 -0.91828406582896138  -3.8660430310776683  0.89354168595452721 0.74867727218513558 -0.29465432125254454 0.51362139484339076 0.2980842764047722
1403715542.362143 -0.88899546429918963  -3.9146924135386878  0.90173487514673134 0.74695722324531166 -0.28656813249439683 0.52615181938157007 0.28826702038525165
1403715542.4121432 -0.8603042173282992 -3.9596766524889793 0.90855023675354907 0.74433036439232514 -0.28068222355104538 0.54062379189514476 0.27370735039992022
1403715542.4621429 -0.83236429099152476  -4.0163086215348702  0.91100686485066618 0.74037559559349642 -0.27430513592673428 0.55677089850968753 0.25808300297870596
1403715542.5121431 -0.80357496815144447  -4.0544919659686354  0.91874919358507956 0.73724063735784384 -0.26895690204143369 0.56957140446497823 0.24439075818914874
1403715542.5621431 -0.77858193163349021  -4.0973111550689376  0.92640981202581552 0.73628544365936699 -0.2631943892828652 0.57808749129107762 0.23329661660242099
1403715542.6121433 -0.75303282932884674  -4.1283987293252871  0.93193165735093442 0.73962595045177115 -0.25909699764968458 0.57962020935538927 0.22329937781831891
1403715542.662143  -0.730276989722634 -4.1471214959577258  0.9392452151008488 0.74443420530227755 -0.25541002260023088 0.57817461936539416 0.21516864049623408
1403715542.7121432 -0.70839930794678985  -4.1762220890510617  0.94378788548775239 0.74760911965290866 -0.25276139974284584 0.5781530981915437 0.20719863431827792
1403715542.7621431 -0.68778441380647026  -4.1984265116140271  0.94634445035144421 0.7514825707653503 -0.24956171655590217 0.57620062099164815 0.20244935128177391
1403715542.8121431 -0.66946874928964373  -4.2193264367388581  0.94919134623427759 0.75599675940559874 -0.24704861983316598 0.57277178408408969 0.19841462285801859
1403715542.862143 -0.65253568035120735  -4.2384198460343745  0.95060574217478355 0.76017687649744614 -0.24610028948459445 0.56925745714275777 0.19367940376185233
1403715542.9121432 -0.63697791033000317  -4.2527721701528574  0.94810925780785982 0.76286210344700289 -0.24632877072532705 0.5672437526146481 0.18867451591832812
1403715542.9621429 -0.61988564735881613  -4.2521661404688569  0.93508654479883357 0.76385791918259316 -0.24865808008597939 0.56670353569565401 0.18313203198795774
1403715543.0121431 -0.6058894180669937  -4.270947785188806 0.93097122961348777 0.76378086474341533 -0.25082805931339125 0.56774167263201292 0.17718202072976463
1403715543.0621431 -0.59324296464680171  -4.2772238165217491  0.92659181737846108 0.76267617641675367 -0.25246274128346252 0.56975073477202909 0.17312340805533288
1403715543.1121433 -0.57987416354532373  -4.3034966063569327  0.91318001140844773 0.7618693532685914 -0.2544982980197093 0.57100115015050557 0.1695387607067172
1403715543.162143 -0.57197115105525531  -4.3148155870193481  0.90399485725017403 0.76047579032866941 -0.25528799499972166 0.57273281184509761 0.16876533461886012
1403715543.2121432 -0.56440600720084677  -4.3271690129844611  0.89622203525824562 0.75840192803986528 -0.25646291014692058 0.5750384552255472 0.16847571420297927
1403715543.2621431 -0.55769461693384925  -4.3435019883226573  0.88703699442066908 0.75571381790497172 -0.25813746072661159 0.5780014100867108 0.16785722127713881
1403715543.3121431 -0.55425092001151743  -4.3567058062281054  0.87664004811574536 0.75374932827446828 -0.2601058755308589 0.57994115209989427 0.16695850904090093
1403715543.362143 -0.55053810158116234  -4.3690306554051306  0.86747139689759067 0.75325979348078465 -0.26060429027078413 0.57993301620880844 0.16841254148281362
1403715543.4121432 -0.55088979972053087  -4.3789353979313281  0.85950713670265999 0.75226349819523675 -0.26094208306693661 0.58048551856199804 0.17042717303165381
1403715543.4621429 -0.54961942255974761  -4.3880483914670778  0.85349757854495267 0.75275225522890299 -0.25930358712746759 0.57931840096056886 0.17468795682335425
1403715543.5121431 -0.55260693208179268  -4.3991047941905004  0.84348422240216248 0.75313238597748189 -0.25767681727338815 0.57825908675251814 0.17891533086872652
1403715543.5621431 -0.55042643361315635  -4.4087205132782508  0.84167102845551911 0.75176926326463878 -0.2560247701307628 0.57934448724120202 0.18345096618241427
1403715543.6121433 -0.55836582943491508  -4.4141386589225622  0.83342818765296522 0.74919174920817355 -0.25424918991883533 0.58202107504087852 0.18793759749521499
1403715543.662143 -0.5647915662891223 -4.4217487188312186 0.82546333865940269 0.74626415968578319 -0.25016257688617916 0.58545662559798306 0.19429109253272975
1403715543.7121432 -0.57703746188981409  -4.4236732825324694  0.81660410486831514 0.74357690892084716 -0.24746834062374926 0.58732931259563859 0.2022302634982735
1403715543.7621431 -0.58905342560621277  -4.4261246194333381  0.80773905068943497 0.74109098553496389 -0.24469737020342389 0.5877264801610399 0.21327196883758429
1403715543.8121431 -0.6036960282377527 -4.4254970018285702 0.79778986315043887 0.73910366519580273 -0.24319404183961341 0.58615091401795882 0.22585290811445105
1403715543.862143 -0.61952584743588968  -4.4228721103495552  0.78672567357833378 0.7377251521715541 -0.24432206921410463 0.58255175997701902 0.23812134153845449
1403715543.9121432 -0.63749207903858141  -4.4160850960061264  0.77438889761932861 0.7362836898467835 -0.24784733418757199 0.57779268533129691 0.25022717634055786
1403715543.9621429 -0.65668269380288702  -4.4054848438749286   0.7608734539890819 0.73578917430258139 -0.25420194830151743 0.57062927280832954 0.26149166998792794
1403715544.0121431 -0.67838823691647721  -4.3898024917662468  0.74729742411216049 0.73503457093579849 -0.26237684137814793 0.56241960423804749 0.27306915132685911
1403715544.0621431 -0.69652195188991128   -4.370535733588925  0.73452882166570765 0.73358737000169061 -0.27300434722142058 0.55390130443640306 0.28374555840728166
1403715544.1121433 -0.71858581172880931  -4.3427724989784826  0.71724715318330801 0.73035114337888996 -0.29082033698575299 0.54662701434167893 0.28846082256095568
1403715544.162143 -0.73901179701383202  -4.3163515723267469  0.69877375139260667 0.72596860598189106 -0.31142511467722567 0.53917872853377202 0.29201075283915778
1403715544.2121432 -0.75891188382714081  -4.2855384178377536  0.67560374578736448 0.71983976967833108 -0.33327079416608912 0.53204044739685374 0.29613214293471629
1403715544.2621431 -0.77898357730778467  -4.2527508954739144  0.64923941908791882 0.71229410589270559 -0.35574987296758837 0.5243418013960105 0.30190198724560058
1403715544.3121431 -0.7974572224683375  -4.217607870337309 0.62002741327216249 0.70346243712595058 -0.37938399125604694 0.51626852708647653 0.30769334518544578
1403715544.362143 -0.81630648379130111  -4.1820701659205044  0.58527998168156725 0.6936786871703472 -0.40292364409823345 0.5082503510126497 0.31327942270079279
1403715544.4121432 -0.83240833078736365  -4.1438832460672943   0.5506725771658082 0.68280220142541614 -0.42592029910436335 0.50094873819137331 0.31847042915147705
1403715544.4621429 -0.85432668140348722  -4.1041530699004145  0.51160986300783573 0.67119916505870669 -0.44635352768561132 0.49417397078697856 0.32565671456878598
1403715544.5121431 -0.8720288306990861 -4.0636746335839895 0.47336611332027806 0.66034580936779164 -0.46434539625037213 0.48696314719625861 0.33345713113411779
1403715544.5621431 -0.88881883541942175  -4.0232559592111814  0.43955670354303716 0.65010069416192751 -0.48004309718731647 0.48055215064674817 0.340583826394874
1403715544.6121433 -0.90567976460549726  -3.9811762458049702  0.40698871825273369 0.64114378619415502 -0.49247286018195363 0.47509737094611926 0.34740123132901435
1403715544.662143 -0.92595334348556912  -3.9368880790669496  0.37903326416732508 0.63393604196660747 -0.50216295600973238 0.47025520222020284 0.35329520955160898
1403715544.7121432 -0.93526787484214002  -3.8963312104122361  0.36076577876418392 0.62724109137433259 -0.50647950565719979 0.46828980277122756 0.36159616184530979
1403715544.7621431 -0.95480151157269366  -3.8528056118541065  0.34398254764047426 0.62099467852092216 -0.50880489525163064 0.46840727007488486 0.36888726890158152
1403715544.8121431 -0.96952393261111458  -3.8065685937277594  0.33822073850758683 0.61658628989086384 -0.50960366387282885 0.4685844512920383 0.37490540792758376
1403715544.862143 -0.98625691314773356  -3.7589074237395299   0.3373429703475993 0.61364952799828132 -0.50959888433093592 0.46872595609416146 0.37952498199692514
1403715544.9121432 -1.0007344349446985  -3.709676805046775 0.34313275723640985 0.6130185913995907 -0.51022869046141806 0.4677645547010062 0.38088214895667871
1403715544.9621429 -1.0139740317643222 -3.6592087100249433  0.3525840033018568 0.61431149741884317 -0.51175480830976738 0.46491765298366738 0.38023673711914058
1403715545.0121431 -1.0278414518864141  -3.607242135794626 0.36216201159508016 0.61657567697918969 -0.51419549472812809 0.46035905344054445 0.37882313772296894
1403715545.0621431 -1.0524152834515186 -3.5452106897323334 0.37279888010448464 0.61639329842049861 -0.5176738611217967 0.45668007145014344 0.37883556791019624
1403715545.1121433 -1.0668113813111268 -3.4900708266422509 0.38238615370311063 0.61657414867346538 -0.52122450240020923 0.45206352726502175 0.37920957873180439
1403715545.162143 -1.0807241549648532 -3.4342440572404853 0.39009793504803458 0.61590328000640127 -0.52539033358159803 0.44691696702512879 0.3806486196499782
1403715545.2121432 -1.0958196267791067  -3.379339425888551 0.39458180127192083 0.61331013078226138 -0.53080724992140493 0.44270265597224318 0.38224168441686551
1403715545.2621431  -1.111341764226764 -3.3170537358053176 0.39792577715591337 0.61067474944331201 -0.53669942188742081 0.43717104712698879 0.384592715079145
1403715545.3121431 -1.1250613240646752 -3.2607105486010308 0.39582758621678948 0.60678392112365653 -0.54340972081691563 0.43244172106130596 0.38666950522767835
1403715545.362143  -1.136505934133246 -3.2062113056990023 0.39124232548415117 0.60208131208492566 -0.55001784919781449 0.42984552508826374 0.38757100480234502
1403715545.4121432 -1.1492502316864412 -3.1498229204504313 0.38607603396005968 0.59528861263422239 -0.55758739232754795 0.43090144303125222 0.38607216162133789
1403715545.4621429 -1.1613709441629358 -3.0911456625221181 0.38406267224738067 0.58836251011085228 -0.56553243000957309 0.43287196159488317 0.38291577686029404
1403715545.5121431 -1.1754002433139539 -3.0348403617825399 0.38011240240555338 0.58134262613232257 -0.57304571606127241 0.43619871468940696 0.37866877300446594
1403715545.5621431 -1.1920876191578094  -2.977869872804181 0.37949520283703497 -0.57491489432829435 0.57968242850690876 -0.43907840043551727 -0.37503507120108986
1403715545.6121433 -1.2078301835001413 -2.9249534575005334 0.38172423216183776 -0.56934960669256307 0.58515714395763141 -0.44219523162405167 -0.37134285958305813
1403715545.662143 -1.2247154932894897 -2.8660817299691232 0.38453189164701662 -0.56551949272478375 0.58868002397184682 -0.4444091701114723 -0.36897699419562957
1403715545.7121432 -1.2434478010398213 -2.8108235151106995 0.38733012606208683 -0.56398200727757608 0.59010868449882892 -0.44609216525202539 -0.36701201076664686
1403715545.7621431 -1.2636502053429726 -2.7552508915218596 0.39150634445852928 -0.56505001901400442 0.5896877739414802 -0.44615823210359778 -0.36596398347707304
1403715545.8121431 -1.2866333610124747 -2.7002076971472646 0.39497176752390756 -0.56828221460836315 0.58720399491193664 -0.4452579663625913 -0.36604936321475279
1403715545.862143 -1.3104814649849637 -2.6458303782145318 0.39864092380370891 -0.57278776486354377 0.58235940297619671 -0.44562838386805759 -0.36631550018935399
1403715545.9121432 -1.3366243448667041  -2.593085376286294  0.4006644857107764 0.58028349053139994 -0.575150566777335 0.44471522362785121 0.3670167108266808
1403715545.9621429 -1.3669882137023504 -2.5432775951723521 0.40695826409143482 0.58958683772403053 -0.56485736580605161 0.44519971946789205 0.36758771315556277
1403715546.0121431 -1.3950874577158923 -2.4903679030943442 0.41089205605769635 0.60018773786962798 -0.55369180251387662 0.44557417418520878 0.36696556029012095
1403715546.0621431 -1.4213593481629014 -2.4367832995277223  0.4160222754121698 0.61090998232403548 -0.5412082078875019 0.44786422507664447 0.36510314310964515
1403715546.1121433 -1.4487417218913614 -2.3831419251509183 0.42096551628014311 0.62250718217863565 -0.52777811823854182 0.45133560505160308 0.36087565401021759
1403715546.162143 -1.4791118746434373 -2.3279916085729613 0.42484633358694485 0.63335417845185549 -0.51455541782502179 0.45729767503599356 0.35351667999002151
1403715546.2121432  -1.506274515399096 -2.2759180804153059 0.43052069574139123 0.6452787663250138 -0.49921806837963723 0.46375481691264836 0.34543900145132433
1403715546.2621431 -1.5298917247104959 -2.2091800782385862 0.43225196616719719 0.65679981792251918 -0.48460940113587142 0.47044489116502969 0.33533465655133421
1403715546.3121431  -1.556135287089891 -2.1551508131538739 0.43767478539596755 0.66836483446304873 -0.46910604539420253 0.47796308475532129 0.32369624007543152
1403715546.362143  -1.582842000328059 -2.0992652110459922 0.44204996973672289 0.67921513977899972 -0.45312214414109603 0.48545892365685478 0.31253279800030248
1403715546.4121432 -1.6075487561520767 -2.0394084737623279 0.44795344194330627 0.69085953267518829 -0.43725997098278213 0.49172119750409565 0.299544801011627
1403715546.4621429 -1.6320722801005334  -1.991208932552307  0.4547429901338052 0.70201741788773175 -0.42004946315256381 0.49879641998587732 0.28623788165921898
1403715546.5121431 -1.6570890296482601 -1.9401293477073256 0.46175657340818299 0.7134303334776374 -0.40252618288907682 0.50465786753635677 0.27259909775418106
1403715546.5621431 -1.6821295889929264 -1.8865315671354224 0.46918234561827082 0.72365505366889959 -0.38452621249448882 0.51112152771512709 0.25926384073036485
1403715546.6121433 -1.7070191567085289 -1.8345190517524346 0.47604113942332754 0.73509092571399337 -0.36517452788443416 0.51510495767571096 0.2468922390340145
1403715546.662143 -1.7309674796515959 -1.7867263248246121 0.48196069570341166 0.74735582664394007 -0.34560857517213162 0.51718798312447745 0.23351781786509876
1403715546.7121432 -1.7566610452504297 -1.7412889848346398 0.48632506361401961 0.76004673478937579 -0.32635524382471642 0.51729424947463598 0.21960845890946742
1403715546.7621431 -1.7779731348484662 -1.6959498277172274 0.49431617575424208 0.77433205688705908 -0.30809755143995055 0.51355447060732873 0.20432222148603846
1403715546.8121431 -1.8007956924927482 -1.6466372764219805 0.49812444180799198 0.78764396448811702 -0.29098415976404923 0.50982262489882113 0.18715259846747584
1403715546.862143 -1.8223872707257409 -1.5959848510475252 0.50294131173181245 0.7985602818944515 -0.27432157757909714 0.50802841915847585 0.17016543004532303
1403715546.9121432 -1.8422979279311504 -1.5474105318411269 0.50867452974352989 0.80690455815587092 -0.25739149332806988 0.50891454842314821 0.15382014040069045
1403715546.9621429 -1.8599254108846794 -1.5104131195394426   0.517345707742494 0.81572435810631794 -0.23521144402747193 0.50873872753275295 0.14301837399055553
1403715547.0121431 -1.8757127604092958 -1.4747163949334212  0.5234974221551485 0.82298156513973086 -0.21199617667468371 0.50959560116030489 0.13442949004419669
1403715547.0621431 -1.8894810597826313 -1.4318506850623469 0.53102029783995375 0.82930774717469979 -0.19055173402237421 0.51014283244661651 0.12527165537516474
1403715547.1121433 -1.9002759038874082 -1.3944938624204681 0.53817430131619093 0.83445695775605599 -0.16948952758631403 0.51163595136734796 0.11481959309936869
1403715547.162143 -1.9086409920929273 -1.3554570508018609 0.54348603842797616 0.8385989281269115 -0.14835153149780458 0.51358229606068262 0.10477063529295101
1403715547.2121432 -1.9139854788545361   -1.31807125185771 0.54911191402498949 0.84200994803451046 -0.12730560255732631 0.51568648334320299 0.094233655694542562
1403715547.2621431 -1.9164620342736618 -1.2805484210807991 0.55496316917534494 0.84485482497742681 -0.10619678536766763 0.51741836279078735 0.08497532192840701
1403715547.3121431 -1.9150716811013631 -1.2430199006431673 0.56174200612600866 0.84746305002168099 -0.086382899586835524 0.51823894593206077 0.075978736671171165
1403715547.362143 -1.9143626672673844 -1.1949632343118073 0.56982222778441705 0.84983388953628336 -0.068254357577293631 0.51839938364424576 0.066225236161218864
1403715547.4121432  -1.907976808204821 -1.1577356319379368 0.57426883672532414 0.85260305971685002 -0.052238669824844708 0.51696730294605386 0.055533337924883831
1403715547.4621429 -1.8990718745852324 -1.1193804733066137 0.57796926756285305 0.85596434992047798 -0.037391289482117777 0.51375322531824619 0.04454825037167684
1403715547.5121431  -1.887520651368056 -1.0796431049593573 0.58050384865985283 0.85872361428803834 -0.022709802995078836 0.51085016199650168 0.033318629926232329
1403715547.5621431 -1.8714259423953359 -1.0406893724572075  0.5832144212485213 0.86091674318702738 -0.0063787340266040623 0.50818888658740702 0.022928772350725983
1403715547.6121433 -1.8517283307747154 -1.0003476921308838 0.58647290279990683 0.86212865535059269 0.010638135696471034 0.50643104037655895 0.012190694623309017
1403715547.662143  -1.8256962306668516 -0.95846850466433764  0.59209920180502384 0.86295157706586167 0.028101713180099745 0.50449928214334239 0.0023116385396401247
1403715547.7121432  -1.7966823582877369 -0.90890612900213363  0.59164111936877339 0.86309898218255332 0.045909217989324583 0.50290207510134777 -0.0064802405671134976
1403715547.7621431  -1.7638241401647825 -0.86507255253404236  0.59664845739849115 0.86261944905776644 0.063329228652485067 0.50161772777650226 -0.016023423039277798
1403715547.8121431  -1.7340989106235447 -0.81369301798327287  0.59772924823184925 0.86145976459654894 0.080139484486220935 0.50078041615304836 -0.026147883377457645
1403715547.862143  -1.6989945652527987 -0.76592158516629139  0.59976200579830141 0.85972726773430297 0.096106335162740988 0.50025549010884718 -0.037108517508171152
1403715547.9121432 -1.6586100473046441 -0.7140657373028354 0.60146753715703993 0.85586932306227237 0.1116737281313252 0.5028000397122997 -0.046997876031673547
1403715547.9621429  -1.6142371254772356 -0.66462096606721932  0.60406161734848673 0.85088442940828113 0.12489144428629294 0.50698041734020438 -0.058040256444814781
1403715548.0121431  -1.5683646152971646 -0.61160668860723744  0.60732589744346133 0.84471648252618536 0.13425383847320649 0.51341704782248709 -0.069519105352710164
1403715548.0621431 -1.5185070162573435 -0.5587854428893182 0.61118563640568235 0.83738701890190481 0.14290009907322593 0.52185186515857429 -0.077673503139491132
1403715548.1121433  -1.4678456651831808 -0.50791645448867095  0.61297021854452483 0.82927464290955111 0.15034713835266275 0.53169708654620962 -0.083651137318474719
1403715548.162143 -1.4162627157017256 -0.4542710198313466 0.61592492040620783 0.82252893438068253 0.15604482535998881 0.53976552819273804 -0.088030330907955923
1403715548.2121432  -1.3630195435402672 -0.40006084821096105  0.61834249518370077 0.81666997846611811 0.16089294856673986 0.54684429224216369 -0.090138368167046207
1403715548.2621431  -1.3081593440867829 -0.34240517725646652  0.62166928249838249 0.81174798157644212 0.16443784315672158 0.55302164591263647 -0.090512260476779169
1403715548.3121431  -1.2568439438457679 -0.28428424148803194  0.62359983050842638 0.80796743130914517 0.16673677771403067 0.55773915376762029 -0.091183952841619412
1403715548.362143  -1.2035224360957117 -0.22694757534769305   0.6204208332833393 0.80650718552458267 0.16749193905196277 0.55963997071357063 -0.091080806043555382
1403715548.4121432  -1.1505987606610144 -0.16970664273466249  0.61539563855109691 0.80537138103459593 0.16841109593628747 0.56127326073329176 -0.08936983921762745
1403715548.4621429  -1.0995643075907346 -0.11929862836421069   0.6140219620884898 0.80584846892656903 0.16756573461778396 0.56083149726628989 -0.089431545803249052
1403715548.5121431   -1.0468817874717415 -0.060932437418810957    0.6040565277362675 0.80640068149589494 0.16578012886198706 0.56053951273805713 -0.089612188997038392
1403715548.5621431 -0.99518725956202991 -0.00196577059992903  0.59426200674574226 0.80745434368889701 0.16191473812536283 0.55982621442647607 -0.091628107459714406
1403715548.6121433 -0.94461237986083402 0.058218817528688363  0.58502446002190278 0.80862468444578373 0.15825490388504895 0.55892004578158472 -0.093219566212260574
1403715548.662143 -0.89429692648694536  0.11381736825069926  0.57215805403062159 0.80957160130990236 0.15439217068088959 0.55847838895998003 -0.094121034044622146
1403715548.7121432 -0.84370759465638412  0.17410970596972872  0.56237867495907912 0.81009958776880964 0.15070237438559789 0.55858784325489019 -0.094905603729168578
1403715548.7621431 -0.79520348842777988  0.23160351022275763  0.55255784632983729 0.81026394230614451 0.14749595905794763 0.55912599232228299 -0.095369861957033078
1403715548.8121431 -0.7449425669051426 0.29130083017994324 0.54343988192405868 0.81117312855156742 0.14446624712957601 0.55863118007725932 -0.095178062607132782
1403715548.862143 -0.70094232277826451  0.34900059274431805  0.53269404692275024 0.81101722421630806 0.14151539361433721 0.55978729864457488 -0.09414157248986077
1403715548.9121432 -0.66430641011321667  0.39763762900080624  0.52504158542902968 0.81068839750200106 0.13967628961378681 0.56052028806257315 -0.095351260849623906
1403715548.9621429 -0.61581047300227565  0.45734458791877008    0.517648828453113 0.81023608413035819 0.13911095113448563 0.5612072338298566 -0.095979539197698985
1403715549.0121431 -0.56779694950155934  0.51862396251349052  0.50762603279225871 0.80927311869321783 0.14024140491914042 0.56202631254315871 -0.097651378464405567
1403715549.0621431 -0.5218281908648793  0.5792863053042927 0.49929802905552417 0.80739471931944384 0.14335877422942614 0.56344904282846231 -0.10043507953998339
1403715549.1121433 -0.4775469412406449 0.64014499342155717 0.49206165244269728 0.80378309532934533 0.14672294462574897 0.56685146013577259 -0.10528311984866717
1403715549.162143 -0.42982446197130325  0.70033285824024583  0.48361803074850174 0.7986309934064727 0.1504579235343278 0.57240396064701726 -0.10910845728877755
1403715549.2121432 -0.38476033961948236  0.76102734726020771  0.47675701910246826 0.79312980275037137 0.15355846485844943 0.57847799737054661 -0.11281897188698113
1403715549.2621431 -0.34083897921128825  0.82031058773626053  0.47080380729451154 0.78757151016168514 0.15598329659483839 0.58456703703556212 -0.11696882822578535
1403715549.3121431 -0.30401768138105401  0.87826037000294943  0.46058757085004981 0.7827625611851009 0.15928474314291538 0.58947906824111296 -0.12010650071676369
1403715549.362143 -0.26252912595098105  0.93918735918482843   0.4515089212607919 0.77986369423618329 0.15820921200814247 0.59197668156591732 -0.1278517584167701
1403715549.4121432 -0.22561800746267813   0.9964057030943283  0.44269285017282506 0.77948768677801183 0.15639731481145819 0.59117837743546908 -0.13581955725887185
1403715549.4621429 -0.19078572789893228   1.0511408762131549  0.43610294657441012 0.78089926516625618 0.15412110877133595 0.58790147157773043 -0.14427363310956839
1403715549.5121431 -0.15741761254450204   1.1036052790445152  0.42990655588478871 0.78329778718645315 0.15257073245383593 0.58342645651977587 -0.1509315010860367
1403715549.5621431 -0.12384378730317895   1.1556306553239339  0.41948106398703738 0.78788090860213311 0.15128901983832665 0.57608177843526476 -0.15647712577721454
1403715549.6121433 -0.093362811040531637    1.2035112783095772   0.41117674654908137 0.79251371000923676 0.14820533068322528 0.56912600912908862 -0.1614087517369111
1403715549.662143 -0.06386223723182019   1.2458588632267149  0.40408434484591971 0.79792158021167203 0.14368634819059678 0.56174725537126369 -0.16466756286230552
1403715549.7121432 -0.02952559149227325   1.2916647308298994  0.39440124675989152 0.80135329678671208 0.13622587293435917 0.55811314843521653 -0.16668868832668143
1403715549.7621431 0.0012054807280929463    1.3286322500820618   0.38921519078825967 0.80341211995334771 0.12768610273919329 0.55707490615059774 -0.16701129787127214
1403715549.8121431 0.039476826141706466   1.3693834343368432  0.38280653887365157 0.80418583322398007 0.11740064528815222 0.55874316779689814 -0.16525225132525698
1403715549.862143 0.070792485213290027   1.3996741027281938  0.37814536614647742 0.80481042154075488 0.10595873406015842 0.56091617049059717 -0.16256070170223977
1403715549.9121432 0.10314861337114567  1.4250581709756029 0.37447437293711272 0.80654466781117951 0.091600896260607065 0.56145906082298402 -0.16080639803621091
1403715549.9621429 0.13833446589099024  1.4506619669826954 0.36962802959771063 0.80819261143220023 0.074287768266427537 0.56217097433025054 -0.15896485754081385
1403715550.0121431 0.17554643897240216  1.4772948234248426 0.36628072407476575 0.81061135392360628 0.056114334867385797 0.56169072073981219 -0.15576889467194485
1403715550.0621431 0.21054097622076498  1.4915933684745331 0.36346520513030323 0.81404135095292152 0.038624338243108194 0.55998194422000269 -0.14921481689701707
1403715550.1121433 0.24890850017056845   1.502645938482597 0.35955792724745717 0.81718879495871155 0.023252727373831387 0.55927546373972425 -0.13737809040135771
1403715550.162143 0.28502690560727256  1.5060897563184898 0.36087419357544187 0.82020967751275198 0.010166257254562367 0.55887890555076336 -0.12168443227562971
1403715550.2121432 0.32141431085583944  1.5048114365512775 0.36505611833606305 0.82225066279769177 -0.0025053729340104984 0.55923389842923033 -0.10561731620744509
1403715550.2621431 0.36018755488584314  1.4996465523029288 0.37223811270406176 0.82455368597229395 -0.014750935901568644 0.55849214553873527 -0.089331697683811842
1403715550.3121431 0.39721128925021104  1.4894920794400688 0.38401389017076787 0.82633503217890736 -0.027120832261169268 0.55764544014913109 -0.073935364557345992
1403715550.362143  0.4343520431538187  1.4752876333862786 0.39867605952353652 0.82646984106580468 -0.039500424352042103 0.55851363012407618 -0.058735366265130852
1403715550.4121432 0.46617758694028788  1.4496835936393571 0.41455201753198023 0.82559658982835982 -0.052003738647829562 0.56028962798058757 -0.04196921261837238
1403715550.4621429 0.50186152602054424  1.4259687120848663 0.43351394979537006 0.82435351136120261 -0.06379188182322526 0.56192352055199035 -0.024775818258215725
1403715550.5121431 0.54131051747361925  1.4036563595935103 0.45314560522737718 0.82258986255869526 -0.076758622786286687 0.56336702170678687 -0.008463492000598519
1403715550.5621431 0.57832095193855892  1.3780858653089021 0.46960280684035466 0.82109598242475601 -0.090804588067347605 0.56348556205372236 0.0063194769439336414
1403715550.6121433 0.61518468802633708  1.3513594659297499 0.48279227843077888 0.81904229552399532 -0.10683025528502055 0.5634090760005932 0.018089438318520914
1403715550.662143 0.65246906026934703  1.3237123235970194 0.49386720008499485 0.81628265476934425 -0.12467150696202152 0.56335424727652861 0.0277783179841045
1403715550.7121432 0.69358677671961388   1.296445981448221 0.50196499365332325 0.8130625291534056 -0.14329595524767244 0.56307584463108462 0.03662220759751221
1403715550.7621431 0.72919179566298431  1.2648126056322599  0.5060490857320149 0.80920706613829785 -0.16302826875640408 0.56283191523934895 0.042731052949167452
1403715550.8121431 0.76386451620860685  1.2282439329203745 0.50775769346217836 0.80499039840086617 -0.18329467795809345 0.56226563210096103 0.047443423914812009
1403715550.862143 0.80537018764305268  1.1929970724526071 0.50815878573778805 0.80057751629283413 -0.20357509578890687 0.56109585424059449 0.052955293738700171
1403715550.9121432 0.84368943791998063  1.1564197413928814 0.50541504459431974 0.79582542437495074 -0.22332520650849794 0.55983426881875942 0.05808044001668386
1403715550.9621429 0.87702168900424193  1.1158493890468391 0.49866787188289308 0.79062509836098027 -0.24178961585622477 0.55876384553423752 0.065059207108452186
1403715551.0121431 0.90801214966483634  1.0701160439932076 0.49201409372219407 0.78573677179970192 -0.25873707848483163 0.55694181978383073 0.07408548464302811
1403715551.0621431 0.93749819230606002  1.0221908055243432  0.4875827493525044 0.78111520767783471 -0.27223237779395965 0.55502466419572627 0.087727914311702834
1403715551.1121433  0.9667367343181974 0.97023209448535563 0.48722331282923753 0.77603047265664005 -0.28549634049279254 0.55311945987833078 0.10162385634012848
1403715551.162143 0.99671651000746031 0.91688364213878204 0.49166495092588025 0.77071950241064913 -0.29881400464448693 0.55077770161440698 0.11552299613738103
1403715551.2121432  1.0227002504540652 0.85888261990326353 0.50011993806914501 0.76452116856975338 -0.31386429893822199 0.54874026001404397 0.12601869583707312
1403715551.2621431  1.0466613659382624 0.79778282277608037 0.51000685626075859 0.75679654283364095 -0.32949919365008945 0.54794073259725551 0.13583161524392226
1403715551.3121431  1.0613640115786214 0.73658065146420637 0.52318654513579899 0.7488645342281921 -0.34663935786584871 0.54633302200230538 0.14339907260290666
1403715551.362143  1.0793767778145777 0.67050109095407362 0.53467702696771813 0.74081349692207277 -0.36376840538562866 0.54405317127808406 0.1512417166113465
1403715551.4121432  1.0920643543738167 0.60268513395594947 0.54569063497376902 0.73201902364137517 -0.38039650077193454 0.54221046707731169 0.15954454117706166
1403715551.4621429  1.1059420893921534 0.53264579477993101 0.55621482980240311 0.72271170647491967 -0.39608020101089525 0.54032410424857324 0.16987679670648217
1403715551.5121431  1.1150111979643116  0.4610933798096658 0.56639905460716911 0.71371348083504915 -0.410589124075809 0.53772498366440058 0.18133251337831888
1403715551.5621431  1.1196980111814498 0.38713714227098162 0.57682878940037585 0.70438376576991302 -0.42299364995100369 0.53524626050432911 0.19603908599321762
1403715551.6121433  1.1198084517331428  0.3104410173754234 0.58713680550304148 0.69613332344157608 -0.43336573941962686 0.53130188806049528 0.21286342014263282
1403715551.662143  1.1187679649559812 0.23119747405993676 0.59872112562390967 0.68667940144796114 -0.44177975504651579 0.52852901516164541 0.23229104113239415
1403715551.7121432  1.1139844983580343  0.1515997817976677 0.61062587007572722 0.67594502346443774 -0.44994160897254359 0.52659147143574037 0.25169881998134447
1403715551.7621431   1.1073026800468977 0.072183232612193574  0.62267441078146868 0.66527728377886408 -0.45885827321469297 0.52376684820869657 0.26930189287818806
1403715551.8121431     1.0962575048936054 -0.0062029635625315774    0.63350134907353206 0.65236380469738064 -0.4684174675395158 0.52306509488685504 0.28532341112434156
1403715551.862143    1.0828155852966423 -0.083449045504971481   0.64463978404345701 0.63862271373302071 -0.47833196424252455 0.52282894710277494 0.30001575551887971
1403715551.9121432   1.0672567866751344 -0.15949968364453282  0.65582827834663526 0.6232213545576657 -0.4877553781362311 0.52416238372965518 0.31455306357645973
1403715551.9621429   1.0473920179351535 -0.23271074995266486  0.66683251364320495 0.61006973339962522 -0.49631429450508419 0.52205939986541539 0.33006215243767828
1403715552.0121431    1.024798724924765 -0.30086744005233673  0.67720247684248713 0.59943144399164117 -0.50391033628549564 0.51618993576883521 0.34684905528154514
1403715552.0621431   1.0002720645053038 -0.36845081368731558  0.68670422112459983 0.59269708147724109 -0.51143897059073684 0.50520411011955402 0.36319300115469949
1403715552.1121433  0.97295146914010588 -0.43207541495236074  0.69545279784622649 0.58476250897754667 -0.52107598885755924 0.49580299951190993 0.37511599220160496
1403715552.162143  0.94370915676423495 -0.49304931264070673  0.70214885500770852 0.57761842433001764 -0.53078588872813248 0.48497174083733202 0.38655621427006176
1403715552.2121432  0.91626534287057004 -0.55151419974228344  0.70818906611731003 0.56796279261733973 -0.53907768257449662 0.47692247029255047 0.39919728917225156
1403715552.2621431  0.88841960827778821 -0.60513858193729453  0.71775119932821518 0.5572117087374282 -0.54593866943969305 0.46866199054472379 0.41451419695227637
1403715552.3121431  0.85872143869148887 -0.65243057831008278  0.72804668429143127 -0.54432970126965385 0.5529819080502536 -0.46229484870389526 -0.42918487688481388
1403715552.362143  0.82469307290745375 -0.69535935655040881  0.73440032746631645 -0.53200246556130359 0.56104087916128975 -0.45438258151514749 -0.44242850062157085
1403715552.4121432 0.79480050386530121 -0.7421163826940117 0.73702502875670617 -0.52009006225697185 0.57053283991676884 -0.44453179745763499 -0.45430175738943618
1403715552.4621429   0.7644952873096037 -0.77914714558288123  0.74276008023254747 -0.50699614490270106 0.58071626845017943 -0.43473273714545152 -0.46554373786479203
1403715552.5121431  0.73185590650548193 -0.81472001609791589  0.74929452253694562 -0.49210819230592795 0.59136436660192881 -0.42620228651158981 -0.47588793213443009
1403715552.5621431  0.70115383546492682 -0.84328317620672055  0.75432193484292787 -0.47571004091533581 0.60276612505962412 -0.41839663628531476 -0.48509505274540698
1403715552.6121433  0.66848575207103822 -0.86510132297532116  0.75786558481180466 -0.45770563259056041 0.61383247300599142 -0.41146997675218083 -0.49437607871921124
1403715552.662143  0.63964177077762774 -0.87971584115746704  0.76264642386250103 0.43859032138246717 -0.62628560885624485 0.40438372862193511 0.50187514996760718
1403715552.7121432  0.60943197227283685 -0.89177291879354093  0.76755323816139864 0.41951932761167604 -0.63953420018592932 0.39575191352023187 0.50831089256267736
1403715552.7621431  0.57474515527537706 -0.90753115565516651  0.76995180399073793 0.4005973135993065 -0.6534795160769401 0.38604641308179438 0.51327817151282362
1403715552.8121431  0.54516553104096988 -0.91084142225755427  0.77173933192682498 0.38125540929157153 -0.66704411924273088 0.37519728303999805 0.518578301386598
1403715552.862143  0.51714537184350995 -0.90627155675234583  0.77227975603092214 0.36212322272228648 -0.6809570507065773 0.3630409294362959 0.52284371490174364
1403715552.9121432  0.48754500658950051 -0.88951440121764247  0.77533220292357963 0.34117915665529086 -0.6955776205828631 0.35199776104078861 0.52522960029927768
1403715552.9621429  0.45773807521201881 -0.87873880824139994  0.77399821718314188 0.32065336932963495 -0.71054219702123866 0.34181066520774811 0.52485871636090875
1403715553.0121431  0.42668946168438748 -0.86396778469898061   0.7709858670634212 0.2991935160629377 -0.72462035288640902 0.33257921662517936 0.52421336190300871
1403715553.0621431  0.39525944296828847 -0.84539962941310154  0.76781476442775431 0.27771763239329778 -0.73728675841148883 0.32329745866107146 0.52417545321412451
1403715553.1121433  0.36265972330922802 -0.82340571697272968  0.76625829130726131 0.2574415420451599 -0.74818597053387215 0.31226596980010118 0.52576760078051643
1403715553.162143  0.32974735342174943 -0.79392645727419253  0.76202004107958332 0.23880499876968506 -0.75591460286541223 0.29924501491146605 0.5310533935378563
1403715553.2121432  0.29326420922068142 -0.76274462332946447  0.75815321491065091 0.22046965742838245 -0.76125498434085059 0.28640749081832595 0.53838158231200084
1403715553.2621431  0.25318993732716444 -0.73114914852241519  0.75412569278986219 0.20071321885038629 -0.76530426288090714 0.27631375111724393 0.54559536282720189
1403715553.3121431  0.21052575248940264 -0.68577070364653159  0.75028522498229722 0.18176455097810476 -0.76709205503624323 0.26401992736601482 0.55572016794574364
1403715553.362143  0.17295296119239426 -0.63771353937848851  0.74608334413224431 0.16397349690277713 -0.76575741685077081 0.25019435349904062 0.56932508844131124
1403715553.4121432 0.13586153884739063 -0.5848055149155692 0.74129793475994898 0.14777771739520623 -0.76376126250999898 0.2340471282784678 0.58314013913912444
1403715553.4621429  0.10028903135010668 -0.52792135032187426  0.73645242798361565 0.13413934247913115 -0.75926477623982203 0.21392964593570321 0.5997980851508149
1403715553.5121431 0.068893051903496219 -0.46123761995379298  0.73162345203309509 0.11949197968734446 -0.75539124314642014 0.19504224380167245 0.61405558355975753
1403715553.5621431 0.038119691118384882 -0.39545276681704433   0.7242851688262304 0.10682627171415372 -0.75233495122698502 0.17578308397002723 0.62584389125718121
1403715553.6121433  0.01103732226926807 -0.32597357990894227  0.71582287535897404 0.095484456046606145 -0.75144127991626763 0.15765799823836774 0.63353190691768335
1403715553.662143 -0.011413392426698204  -0.25351773828662338   0.70681434644192598 0.087110001150909347 -0.75125210355667271 0.14042077441532919 0.63899462494903847
1403715553.7121432 -0.032587975290862957  -0.17977806403962579   0.69777030333742573 0.080569770323632342 -0.75461032753876311 0.12649228412017843 0.6388047180006563
1403715553.7621431 -0.046926378218494408  -0.10331419526340505   0.68637822150048544 0.077942776362251276 -0.76289304583433015 0.11158394598358069 0.63203492564042385
1403715553.8121431 -0.057356382707927783  -0.02551594255453599   0.67432073763461575 0.077234804962341586 -0.77389543583916121 0.097789175196358755 0.62093310147242098
1403715553.862143 -0.064109183008221243  0.052794882016948881   0.66317594106840649 0.07818337733863652 -0.78428644072940734 0.085335042703589353 0.60950805481363324
1403715553.9121432 -0.063363360188359585   0.13304905985753657   0.65461443882187809 0.080179309763303397 -0.79325209511854977 0.074197869915483453 0.59901341218366422
1403715553.9621429 -0.065178412572194144   0.21116760522036321   0.64498930636530372 0.081687162883639711 -0.8026463130913134 0.066697113947629283 0.58705842851627643
1403715554.0121431 -0.066966998811867462   0.28723321433331006   0.63542275491876221 0.082138923878325776 -0.81281878123563434 0.062313259210222911 0.57332005353147064
1403715554.0621431 -0.068910881316178493   0.36139433865014203   0.62656091358036503 0.082314515587000162 -0.82370395355326476 0.060611992973153672 0.55772959732492344
1403715554.1121433 -0.069906361976281972   0.43560656789336483   0.61711534060086748 0.082680685353162295 -0.83437245088861189 0.059379881322771014 0.54171998962725765
1403715554.162143 -0.070685114956210979   0.51026193156383304   0.60876433248200157 0.084396753748006828 -0.8442495262405616 0.057247249228033467 0.52615841517095308
1403715554.2121432 -0.075077903392193251   0.58269556643279119   0.60099479165319358 0.085228944526226758 -0.8519103624040234 0.056749939845720188 0.5135797949404729
1403715554.2621431 -0.092393400022666536   0.65172025259594357   0.59229991022057715 0.087919076602162402 -0.85767593980200019 0.054603004311650771 0.50366728122275406
1403715554.3121431 -0.10801103343881494  0.71818188825557561  0.58439606615353867 -0.09265676575894706 0.86159189252078583 -0.050201211052372359 -0.49654201525189939
1403715554.362143 -0.1253950849110903 0.78549769899253807 0.57673674013100595 -0.10229562957030951 0.86243753680089852 -0.040918506032860881 -0.49402709961261398
1403715554.4121432 -0.14432750608819372  0.84993256181558463  0.56793418396400352 -0.11781086089811654 0.85859421794908919 -0.027623962406403937 -0.49817013826584006
1403715554.4621429 -0.16762969106147732  0.91144662091065876  0.56090695414828251 0.14293155691657383 -0.84674816119710139 0.006418026490755192 0.51239333571261059
1403715554.5121431 -0.18432672425611624  0.97179319498747885  0.55209772904703447 0.17076787091275536 -0.8310575887617403 -0.016164802497351676 0.52907496405109578
1403715554.5621431 -0.20532648246283558   1.0274970533864163  0.54004380037520483 0.19895608743625814 -0.81305579634450653 -0.04099686925505077 0.5455969244909108
1403715554.6121433 -0.2320005213049478  1.0694407521736908 0.52240368782094015 0.22399956972195365 -0.79406345141398071 -0.063702835410036393 0.56145291579403001
1403715554.662143 -0.2614725765848952  1.1026641089637561 0.49812824759799612 0.2442185759825749 -0.77773085917281137 -0.082752379141934312 0.57327483948077951
1403715554.7121432 -0.28179471303532405   1.1261273151514872  0.47566418451040454 0.25894122803469055 -0.76420339377804691 -0.09703940287527002 0.58268856832068794
1403715554.7621431 -0.29776037121867799   1.1387317101250412  0.45193195900754335 0.26948717800542654 -0.75282874345079354 -0.10835116803438444 0.59066536068281139
1403715554.8121431 -0.30971967666023992   1.1385631719923937  0.42775313519608321 0.27727875147965619 -0.74182520296571164 -0.11656894868862626 0.59935260275099522
1403715554.862143 -0.31384962132365624   1.1222447052684372  0.40580497400836485 0.27894065511890526 -0.73424448890358285 -0.11648635469110244 0.60787175506625657
1403715554.9121432 -0.31087315233944401   1.0809753567053109  0.39098493404253842 0.27538365960221473 -0.73055243688446603 -0.11188226237266241 0.61476770926312863
1403715554.9621429 -0.28993346886544896   1.0298203687086434  0.38535146810358845 0.26774969619492622 -0.7267063546045599 -0.10297769927848593 0.62418231937166102
1403715555.0121431 -0.26807394785004929   0.9640952107618791  0.38891695345871763 0.25036510533453232 -0.73236631239338956 -0.082727283583719308 0.62778427429571348
1403715555.0621431 -0.24082532598674208  0.88694029262351914  0.39284699584150229 0.22558696403721798 -0.74535402336816003 -0.053188359172101365 0.6250831144367498
1403715555.1121433 -0.19626813288500686  0.80034291112883649  0.40600958581068136 0.19605897132095884 -0.76157511049907134 -0.01781925859837357 0.61745178342596041
1403715555.162143 -0.15412139798197619   0.7075193253733385  0.42114455231943942 0.16514423924312574 -0.77944632366261535 0.019045854459686502 0.60400998683924367
1403715555.2121432 -0.10852046040716587  0.61148058015640117  0.43299169955817735 0.13570665204946109 -0.79496641166702398 0.055991590632488722 0.58862301236804027
1403715555.2621431 -0.062617529993492127    0.5151216153927084   0.44177727376736942 0.10328849606356669 -0.81045351446495129 0.097568823388144502 0.56831057721547706
1403715555.3121431 -0.01679849520911475  0.41857028168100224  0.44719166933462479 0.074061298112531107 -0.82120812561147638 0.13507623014530409 0.54944203570650219
1403715555.362143 0.030812569143461289  0.33316531799334531  0.44925207453372967 0.054914199356274729 -0.82618327285485893 0.15648895705861979 0.53843925997516062
1403715555.4121432 0.071515253456049102  0.24508010294760754  0.45077546473306157 0.043718415560590397 -0.827485146521864 0.16984168489752127 0.53339557037693142
1403715555.4621429 0.10763522244279271 0.16349596488509766 0.45623386248276837 0.042256492604300415 -0.82468484428369238 0.17029916031544434 0.53768716967900543
1403715555.5121431  0.14075924349121161 0.088891019990399722  0.46536585691411003 0.044984275109035576 -0.82124809715857883 0.16581926192025082 0.54408818245074142
1403715555.5621431  0.17162512526270415 0.021222181824942059  0.47829603807073023 0.051955056769340154 -0.81746950124180473 0.15652800910743367 0.55185439110369761
1403715555.6121433    0.2016107194614736 -0.040458045017262328   0.49312831571031168 0.058789098595737249 -0.81430546761731704 0.14839206601698307 0.55805935350825786
1403715555.662143   0.23187720928438246 -0.096253328520785733   0.51173437849767978 0.06648310280302093 -0.81291952384401944 0.1396335994482234 0.56146620797696178
1403715555.7121432 0.25986002290931809 -0.1479761323280275 0.53318469756875964 0.073115077161882952 -0.81349102986371558 0.13337473559005864 0.56133564801210101
1403715555.7621431 0.28980827952366772 -0.1945317436270588 0.55532900957468223 0.074467295068474187 -0.81584141700499457 0.13510690614572105 0.55731815704873533
1403715555.8121431   0.3151599138629031 -0.23881616368794228  0.58156155837152923 0.073921460044324594 -0.81891066353980413 0.1405057757870963 0.55152431483677966
1403715555.862143  0.34176253448291138 -0.27863530461734065  0.60894165116772792 0.071131994852748931 -0.82175087210086162 0.14783180667393417 0.54572108301334898
1403715555.9121432  0.36288425696339821 -0.31390188130798957  0.64051311441944769 0.070494441786270928 -0.82327580105134612 0.15238160857202349 0.54224287404216687
1403715555.9621429  0.38252276842657762 -0.34461671662714627  0.67327361147806253 0.069939414160218524 -0.82531563250735507 0.15647196322894641 0.5380326289447408
1403715556.0121431 0.39922275006396979 -0.3718951840604468 0.70529265914423223 0.06708417229594639 -0.8278200275637484 0.16326528536752663 0.53250179566418643
1403715556.0621431  0.41871306049512308 -0.39324949899120859   0.7340732075951133 0.060820589251025098 -0.83100453626665749 0.17319722815561897 0.52510478648228498
1403715556.1121433  0.42902099213998707 -0.41065239273568099  0.76065230463756695 0.057175092106496829 -0.83234505535455172 0.18002747893907517 0.52107852047103487
1403715556.162143  0.43477824292025607 -0.42152215450518982  0.78249298579750715 0.055479647969051589 -0.83057819722566906 0.18300022903802055 0.52304185599875275
1403715556.2121432  0.44042119285398551 -0.42919066218762092  0.80680308617058405 0.054602236138663884 -0.82736065833451666 0.1849665089233041 0.52752282171073717
1403715556.2621431  0.43915323352953489 -0.43292798005731292  0.83131530113832752 0.056221920235219637 -0.82354841774014365 0.18428163442885614 0.53352355012220398
1403715556.3121431  0.43087184553911984 -0.42880782651499377  0.85414914631716976 0.059631107143978651 -0.82040387242231427 0.18251596147046298 0.53858104402565743
1403715556.362143  0.42529056264461185 -0.41904988206942467  0.87815820819063539 0.063508098075447897 -0.81839501901158784 0.1806704341397489 0.54180670775066708
1403715556.4121432  0.41949164691114921 -0.40446160634670753  0.89858308848807944 0.06822393742283657 -0.81669030831132516 0.1777366806616483 0.54476793868605822
1403715556.4621429  0.40716510281951579 -0.38683226126715542  0.91592665011079566 0.076321797343058495 -0.81587726997719345 0.17082887262845747 0.54711676985939417
1403715556.5121431  0.3968231435450465 -0.3632118307121045 0.93023551023592277 0.088734131550811585 -0.81597267187017197 0.15743536447369147 0.54911652558633861
1403715556.5621431  0.38589781188410027 -0.33807344015324692  0.94101662922478868 0.10148484236266324 -0.81599136799274452 0.14364825694308916 0.55065787237554953
1403715556.6121433  0.37224803732645334 -0.31072857962590367   0.9480906843756618 0.11231427651074793 -0.81610911341363646 0.13246324607410467 0.55118500227653755
1403715556.662143   0.3596053320614564 -0.28187713915437029  0.95102969614917887 0.12095784604985062 -0.81796116235209038 0.12377293346248512 0.54862464153981372
1403715556.7121432  0.34630953688028682 -0.25231749504684653  0.95023297721545885 0.12795221910919741 -0.82089479424964984 0.11723530457522925 0.54407338637357594
1403715556.7621431 0.33322080448373981 -0.2216437133971175 0.94778267775901159 0.13464328712444554 -0.82301943396112009 0.11085959042695553 0.5405740909116985
1403715556.8121431  0.31479416235448859 -0.19259365909130438  0.94178751116718196 0.14218234864794738 -0.82175520293202808 0.10378078916852114 0.54197058406029175
1403715556.862143 0.29606588087290803 -0.1673768844487836 0.93830801829355881 0.14839877293592682 -0.82016678064637616 0.098756023430398909 0.54364648803380033
1403715556.9121432  0.27700344396802001 -0.13882700903954551  0.93258550437642085 0.15435989806610126 -0.81814580385761271 0.092838069318912669 0.54606918827593687
1403715556.9621429 0.25920160300475509 -0.1118571090654891 0.92831771810846708 0.1581590201999564 -0.81701481711167967 0.088324991562565403 0.547422331308133
1403715557.0121431    0.2392170928674304 -0.086540193993284206   0.92304046510511595 0.15904153522011552 -0.819525982780963 0.087996990012358875 0.54345145447453769
1403715557.0621431 0.21725451435149207 -0.0627962029038307 0.91419734523147078 0.15811521278638907 -0.82415877891558165 0.089703924310091263 0.53639080210725265
1403715557.1121433  0.19438128705421498 -0.04044948415584132  0.90647781681308714 0.15615344969218894 -0.82985760288330168 0.092486630458930047 0.52763498962100952
1403715557.162143   0.16948396646692515 -0.019940181225215028   0.89844309193797312 0.15327538229423901 -0.83610613920458199 0.095823597065306534 0.51792955062675172
1403715557.2121432     0.14266866756452901 -0.00075121661785991771     0.89178920106020809 0.1507093689722501 -0.84145409183909436 0.09860857315757024 0.50942913808601409
1403715557.2621431  0.11353132844481523 0.016780547860643164  0.88624816389166938 0.14874591286696343 -0.84619566861067308 0.10071555495831444 0.50168109473982414
1403715557.3121431 0.079738892353930321  0.03310326330131616  0.88105785452049623 -0.14728626392572333 0.84910084996135271 -0.10098788815403649 -0.49712769938909923
1403715557.362143 0.042574478250625949 0.047835334340804142  0.87418545889066324 -0.14613724995322841 0.851555449045307 -0.10131236491922224 -0.49318660372300027
1403715557.4121432 0.010332473660837505 0.063682134095380982  0.86545235187605873 -0.1450415919418144 0.85106837183208051 -0.10207595056786631 -0.49419233441013855
1403715557.4621429 -0.034635021946080813  0.076370992001722066   0.86057628645360718 -0.14449663367100077 0.84846989136581796 -0.10133348543816788 -0.49894998850824551
1403715557.5121431 -0.081247656000495355  0.089698153394674532   0.85669140621106887 0.1448554123407543 -0.84287825805713701 0.099635887586732211 0.50857235622373409
1403715557.5621431 -0.1332049223309662 0.10028041508430635 0.85145291567840919 0.14581212385455211 -0.83652804609862086 0.097141270765721377 0.51915626370243217
1403715557.6121433 -0.1864514906922225 0.11014868696441826  0.8451020590904661 0.14756569839714098 -0.83081447917950457 0.093312422155107363 0.52845478303616455
1403715557.662143 -0.24117376024801543   0.1187717640568834  0.84000136833393635 0.149168895474731 -0.82498526506611636 0.089733494631041091 0.53767634594423019
1403715557.7121432 -0.29726003555175518   0.1259340965602545  0.83351637528031708 0.15068367240210057 -0.81981656849972573 0.085407576589581397 0.54580286802640199
1403715557.7621431 -0.35342670621962619  0.13164388136440641   0.8274768935808583 0.15005331147118969 -0.81677354002690039 0.083894063751971573 0.55075109994954696
1403715557.8121431 -0.40967686394118091   0.1355201977765349  0.82205339296075475 0.14704359385281235 -0.81587439506933457 0.084615999180757101 0.55278140856919078
1403715557.862143 -0.46605189328481872  0.13808128641874126  0.81938238577046407 0.14325145874829284 -0.81633769848931104 0.085529518412379463 0.55295251430100889
1403715557.9121432 -0.52247283168903214    0.140033810719143  0.81952792807395036 0.13936015739896293 -0.81733247485480243 0.086101635208535893 0.55238834210352072
1403715557.9621429 -0.57840868315170102  0.13911104002803534  0.82231960487598466 0.13542396133126106 -0.81787167160185981 0.086388493347928058 0.55252448606881122
1403715558.0121431 -0.63521003954105182  0.13782406596980792  0.82938814778612235 0.13174846050107494 -0.81813617774791991 0.086848011737119785 0.55294932920922335
1403715558.0621431 -0.69145133112422552   0.1365358783539635  0.83875270243940214 0.12949413948494443 -0.81835844643562861 0.08564067352319947 0.55334112085133447
1403715558.1121433 -0.7488073542781063 0.13419056376489938 0.84992493288207394 0.12712296811895657 -0.81965771157326506 0.085006418430431024 0.55206421334907718
1403715558.162143 -0.80706708167253649  0.13084837530189142  0.86378268241458711 0.12580732291567825 -0.820814215945736 0.083831218208797867 0.55082562327455875
1403715558.2121432 -0.86280658891990414    0.127331188245246  0.88018631987042562 0.1269558733108978 -0.82193027860122569 0.07935478395516711 0.54955949779237523
1403715558.2621431 -0.92103794592940647  0.12312613657126807  0.89654762340423411 0.12849468811521428 -0.82205268839217416 0.075178618334708541 0.54960592061827118
1403715558.3121431 -0.98149746839818242  0.11735556231457774  0.90961658097800946 0.13245929859837099 -0.82035955391607973 0.06794419723816951 0.552130711494207
1403715558.362143 -1.0387107549965513 0.11208710898687567 0.92605721333449764 0.135048381600683 -0.81672258775663209 0.063120174097899218 0.55744236733226304
1403715558.4121432 -1.0971482893779858  0.1031052749410513 0.94249287553583083 0.13716769974905399 -0.81198061560849988 0.059937388147807684 0.56416310719827656
1403715558.4621429 -1.1554461601894224 0.08992602498856786 0.95465796303631689 0.13471356886773084 -0.80637835645976097 0.06386391477584713 0.5723002716980633
1403715558.5121431   -1.211904708306957 0.080148485495273106  0.96644313846315677 0.13128965815328139 -0.79909076039279636 0.069116603785827402 0.58261469033828006
1403715558.5621431  -1.2700860011622122 0.064700929594542309  0.97346893333586049 0.12777886790300497 -0.79217002024318861 0.075386663703842963 0.59199330307101983
1403715558.6121433  -1.3252653505441556 0.051121445929987575   0.9777911094339431 0.12458604673168561 -0.78592182869243943 0.080187345979806382 0.60031257332261267
1403715558.662143   -1.378019044133143 0.036708403391670419  0.97865753593000304 0.12186995659527927 -0.78303700739267379 0.08446745844436869 0.60404139526769141
1403715558.7121432 -1.4277993469545527 0.02303890112863767 0.97555038914136638 0.12071645994249901 -0.78067885132393811 0.087539539482789544 0.60688128692655274
1403715558.7621431   -1.4743030821712957 0.0099323216951599722   0.97043564592277198 0.12288255598161958 -0.77985359658908393 0.089301053165751751 0.60725082727484392
1403715558.8121431     -1.521827534991218 -0.0030942726418993465    0.96362960184135338 0.1278832474223584 -0.77857545742757628 0.09053438135084764 0.60767561898892386
1403715558.862143   -1.5640629340214423 -0.016331917506717003   0.95825563297463212 0.1350956501897744 -0.77735895094681406 0.091545661657669558 0.60752087907686803
1403715558.9121432   -1.6053229150646373 -0.028510591314817486   0.95392717824158657 0.1449349258880982 -0.77569521688072751 0.091497980898575776 0.60738695841914203
1403715558.9621429   -1.6399526982664672 -0.040018325309146063   0.94948979234401176 0.15480606430955673 -0.77309618297240812 0.093179850450804846 0.60800895535875465
1403715559.0121431   -1.6718568738324004 -0.053137488384225232   0.94749799840692839 0.16624474790502289 -0.77046859778219812 0.093741107154991815 0.60823797025085946
1403715559.0621431  -1.7101188034480335 -0.06730742751163217   0.9473065811465079 0.17727883383287099 -0.7683907856319433 0.097727498852899025 0.60712202364824397
1403715559.1121433  -1.7349414882808474 -0.08144341162225964  0.94586718190749741 0.18703578186961775 -0.76562739106600508 0.10446314714183638 0.60656390037580254
1403715559.162143   -1.7552363269728548 -0.096596211163625753   0.94602997556470381 0.19719746164895169 -0.76289814082864116 0.11172806504668781 0.6054885856234915
1403715559.2121432     -1.7755133725912 -0.11185745965868638  0.94718599859725194 0.20818118614126613 -0.75942962996043739 0.11871578279582248 0.60484195769650761
1403715559.2621431  -1.7913147671899585 -0.12735777746052954  0.94950989753403703 0.21959922157276507 -0.75573185538683474 0.12520024822595274 0.60412783620883415
1403715559.3121431  -1.8022850026361386 -0.14335939670440018  0.94978060906860062 0.23190578589278082 -0.75190187553995336 0.13133625425260756 0.60300419927878346
1403715559.362143  -1.8102565562061346 -0.15973288414411826  0.94990999016388289 0.2446181568816149 -0.74869230261497277 0.13675421091055145 0.60076624333193374
1403715559.4121432 -1.8120088129225145 -0.1756538848226544 0.95330567295495672 0.2569911428521704 -0.74716361736938353 0.14246295246088109 0.59615970054270007
1403715559.4621429  -1.8046496166400168 -0.19129798051484179  0.95370758211298212 0.26987509958242617 -0.74804666881183413 0.14530090461234674 0.58862658708533333
1403715559.5121431  -1.8034946695145337 -0.20884280078307205  0.94965857875247972 0.27864339769628704 -0.75228538065856398 0.15114883916774402 0.57756262983845486
1403715559.5621431   -1.799241354827565 -0.22590188240380249  0.94589859565503165 0.28350593056024076 -0.75724755964896506 0.15948033064777548 0.56636255603573882
1403715559.6121433  -1.7953678304377247 -0.24351382326106591  0.93887372390854162 0.2868465629354221 -0.76120267404273789 0.1683838725618618 0.55671932768980736
1403715559.662143  -1.7855655725288184 -0.25993591530152166  0.92737417414623868 0.2910378528446107 -0.76303095286029599 0.17410703254822532 0.55024310482363947
1403715559.7121432  -1.7787229831099094 -0.28028703946887523  0.91337403272426465 0.2974299243155562 -0.76292250418308061 0.17688505365093704 0.54607359442438264
1403715559.7621431  -1.7659977045837332 -0.29971763011228647  0.89703329013734023 0.30487058323592348 -0.76089323661851682 0.17865429856286302 0.54422242837887247
1403715559.8121431  -1.7558145575652326 -0.31978590778999039  0.88092274050159158 0.31238426624090793 -0.75867478044046099 0.18114913169200614 0.54223024612795256
1403715559.862143  -1.7440283803395396 -0.34137553850033703  0.86512353016021482 0.32043984881191268 -0.75615079610703972 0.1844587256307276 0.53993449174763486
1403715559.9121432  -1.7334612982748923 -0.36492843367822614  0.84907267396475394 0.33066515769677873 -0.75243888341126519 0.18648073739255497 0.5382575729125435
1403715559.9621429  -1.7204435880506623 -0.38999768535454898  0.83327293263249247 0.34171902973760332 -0.74823805738652727 0.18864608945162598 0.53645183113513195
1403715560.0121431  -1.7057879655168939 -0.41785247309323059  0.81533122638625044 0.35358001241497572 -0.74354656618989534 0.19083614691077003 0.53451028405456547
1403715560.0621431  -1.6889785003843407 -0.44594950246545356  0.80068540136106647 0.3638065232935262 -0.73917006988838474 0.19564740788624146 0.53197228609925917
1403715560.1121433  -1.6718980649744037 -0.47807889206344689  0.78683164699020958 0.37500838230706818 -0.73501735304337634 0.19931237316704695 0.5285761835601982
1403715560.162143  -1.6491171219917242 -0.50555412604420247  0.77508256769169348 0.38331564616497815 -0.73146541566178924 0.20704852345235775 0.52455540225227848
1403715560.2121432  -1.6273047704699324 -0.54039349801055214  0.76802567370789965 0.38975584327498686 -0.72936847939307503 0.21795539365297983 0.51827352843687857
1403715560.2621431  -1.6047904991276658 -0.57751770149566961  0.76420842422908053 0.39510516134705093 -0.7268561008165032 0.23039581934260756 0.51233766854702278
1403715560.3121431  -1.5833183773677595 -0.61763004166543989  0.76344437089568284 0.40156532865675992 -0.72469617211990878 0.2411432561843723 0.50538171210713423
1403715560.362143  -1.5583970678145431 -0.65928718944760456  0.76568910382700328 -0.40782722664773619 0.72160765669016136 -0.25155566777324706 -0.49967898597210003
1403715560.4121432  -1.5328415361128449 -0.69954701704058753  0.77057903563604702 -0.41460459764084845 0.71752279185899326 -0.26089780731728324 -0.49517310600938297
1403715560.4621429  -1.5138841030650834 -0.74560842681489481  0.77084708572080873 -0.42305516904235463 0.7136354551536952 -0.26736525705162728 -0.49016791043053842
1403715560.5121431 -1.4932068293643423 -0.7936564530715764 0.76931508571288643 -0.43091764219722362 0.70877717031996146 -0.2748042435971117 -0.48623814759583922
1403715560.5621431   -1.469494902986884 -0.84180318911642404  0.76949883918208828 -0.43853973985548761 0.70393041019832603 -0.28259391352693447 -0.48198086497601661
1403715560.6121433  -1.4458454047109326 -0.88718211320281104  0.77036326138045363 -0.44770606279304015 0.6983235955208722 -0.2888783569617846 -0.47796729193137849
1403715560.662143  -1.4217194168298883 -0.93684855572555981   0.7712930162389775 -0.45667264358008808 0.69199972127616904 -0.29598591727934181 -0.47431932190412074
1403715560.7121432 -1.3970168939319201 -0.9848933474895446 0.77346073112369018 -0.4661004376614144 0.68563720227042502 -0.30283313791253158 -0.4700469119744029
1403715560.7621431 -1.3727615450092649 -1.0339050471785749 0.77570028915827394 -0.47639367000954996 0.67796182328143217 -0.3087226792750058 -0.46701942641501537
1403715560.8121431  -1.348089398063713 -1.0850939346769815 0.77741670152788411 -0.48695647970854172 0.67006642569746033 -0.31434562860630805 -0.46375769298093561
1403715560.862143 -1.3231084104326805  -1.135641330696892 0.77907289590872364 -0.49927698092061984 0.66073980479363736 -0.31773099682210593 -0.46172764736637556
1403715560.9121432 -1.2984571434593954 -1.1867387768006179 0.78104071231991157 -0.51102336470522103 0.65242239509836275 -0.3218396388117542 -0.457842097222383
1403715560.9621429 -1.2698859187358453 -1.2379872619138454 0.78374670976051719 -0.5222737295251213 0.6434659189769556 -0.3269445742443941 -0.45419049740743611
1403715561.0121431 -1.2418675843910461  -1.291225326917572 0.78579645579947621 -0.53336964190628955 0.63441556971477564 -0.33371562576035679 -0.44907414879906693
1403715561.0621431 -1.2117378483742756 -1.3464134466265851  0.7869046485808151 -0.54394606349732066 0.62570675093931882 -0.34119335826802094 -0.44294563335529102
1403715561.1121433 -1.1812185195012106 -1.3996711210045314 0.78844697904698047 -0.55346272302527066 0.61771734891860941 -0.35000742794957873 -0.43542977785922982
1403715561.162143 -1.1499310642406866 -1.4548244647431829 0.78926856580165872 -0.56190341626609541 0.6103189174603596 -0.35967308165042444 -0.42709559130783958
1403715561.2121432 -1.1179024847381909 -1.5101300814095975 0.79007146326521938 -0.56970488438761313 0.60348753554149914 -0.36825301175618752 -0.41908096888720853
1403715561.2621431 -1.0849761077890685 -1.5658944228981215 0.78975354498877437 -0.57298151879760795 0.59967416238378302 -0.37986754474100642 -0.40961411906590112
1403715561.3121431 -1.0497652062232639 -1.6202300629044799 0.79118136449378684 -0.57497327618947536 0.59722560180463502 -0.39192982693186806 -0.39889638125481741
1403715561.362143 -1.0175259005316362 -1.6771861460672692 0.79161761987989276 -0.57657355688218781 0.59538702894926798 -0.40241918502062407 -0.38876216224128973
1403715561.4121432 -0.98602941755150253  -1.7340501032705131  0.79257312616421782 -0.57884116666249297 0.59206742420565861 -0.41189981833642925 -0.3804439625302225
1403715561.4621429 -0.95456665884536773  -1.7924038810459011  0.79355780510437957 -0.58317123986527519 0.58667669070617467 -0.41796655389600007 -0.37553392043908795
1403715561.5121431 -0.92562819163616561  -1.8499475600426829  0.79549817483510443 0.58967350768318016 -0.57797528286409661 0.42158362430463037 0.37482926040125819
1403715561.5621431 -0.89970033062142041  -1.9091587879532617  0.79764944651640757 0.59624293715624399 -0.56870361927686885 0.42489169567773899 0.37488344889682884
1403715561.6121433 -0.86864523531524862  -1.9663521107311517  0.80464959374663847 0.60384349480658994 -0.55826284328030096 0.42670773115214367 0.37634577686928816
1403715561.662143 -0.84201210471664356  -2.0222076808587812  0.80896592707052817 0.61181106310473299 -0.5473459094929376 0.42759795142898721 0.37849659226700988
1403715561.7121432 -0.81506007720870055  -2.0791747320990135   0.8124688813074914 0.61680076863153777 -0.53630196491864135 0.43293219294002983 0.38014040900183871
1403715561.7621431 -0.78973048243714827   -2.134633206950685  0.81676013421556115 0.6230310284099706 -0.52452813110065999 0.43713463233891348 0.38159650225386782
1403715561.8121431 -0.76352162012180469  -2.1869024333312894  0.82109123671324846 0.62730674097143568 -0.51376312618884634 0.44428766877481723 0.380975288273528
1403715561.862143 -0.73415777491350898  -2.2397798777676967   0.8259855243788371 0.63268546011037152 -0.50248140715998846 0.45058149046266438 0.37973393906245656
1403715561.9121432 -0.70568032304171591  -2.2896221351092922  0.83034170536107332 0.63721853968542541 -0.49100246755400512 0.45915569231599607 0.3768887896327911
1403715561.9621429 -0.67571474370736639  -2.3408223594030599  0.83583195426579371 0.64092880323211432 -0.47825156966387677 0.46804210296665216 0.37606155766315902
1403715562.0121431 -0.64439653033238309  -2.3884772866936244  0.84044654939604635 0.64361957512748258 -0.46584761283023157 0.47777338869125302 0.374796522384574
1403715562.0621431 -0.61349281483329643  -2.4348321346132913  0.84592361198907118 0.64496329027948063 -0.4548598476718928 0.48750103560705965 0.37345362958446826
1403715562.1121433 -0.58414089530849078   -2.475169178025304  0.85331666950060359 0.64586948609699835 -0.44425414924411177 0.49510676374918067 0.37464670063675048
1403715562.162143 -0.55351622235153675  -2.5153395710258528  0.85770864060175689 0.64645952701320553 -0.43506457063294657 0.50133613896524853 0.3761262754464908
1403715562.2121432 -0.52672652868443071  -2.5448408124190967  0.86415008649028313 0.64779966443032944 -0.42702107917186199 0.50497644664460095 0.37816316721891818
1403715562.2621431 -0.4978026110605302 -2.5752313501666886 0.87062597538274211 0.65189883583430352 -0.42072053199186221 0.50352074198851904 0.38011709273024719
1403715562.3121431  -0.468383016107218 -2.6000850596332326 0.87656535816015635 0.65687883621069587 -0.41647452822749448 0.49957147468699964 0.3814282416854109
1403715562.362143 -0.44329476016766661  -2.6177431449533608  0.87838118046631897 0.66377119723335065 -0.41438079536455052 0.49227712976852761 0.3812605167904316
1403715562.4121432 -0.41167868806343333  -2.6370790003021041  0.87971418098817844 0.67222290040976651 -0.41415488512400306 0.48209649591028003 0.37970392666343911
1403715562.4621429 -0.37948782991103597   -2.648656635714941  0.87233948624181201 0.68092264460733143 -0.41319300781442414 0.47180351492585543 0.37817632614672675
1403715562.5121431 -0.34533284717891644  -2.6570578794505444  0.87504231239457864 0.68908815693621306 -0.41138605995856548 0.46313367960776525 0.3760667712720609
1403715562.5621431 -0.30852934497653656  -2.6624519993611528  0.87784799451463391 0.69563867033136118 -0.40514501443197687 0.45828393607346529 0.37672296393708349
1403715562.6121433 -0.26611612138192703  -2.6694715052430116  0.88147847318219874 0.70053039334559086 -0.39844757287480304 0.45779904553165479 0.37538877657643971
1403715562.662143 -0.22217580393167849  -2.6704770405251912  0.88410338695050672 0.70429387935793364 -0.39791255615910698 0.46016060360837169 0.36590702102673167
1403715562.7121432 -0.17513259197407621  -2.6709815829105348  0.88594744193004826 0.70564328460142223 -0.40261969857478075 0.46578370618559367 0.3507284879625287
1403715562.7621431 -0.12611217796495708  -2.6679123938796478  0.88780012175315992 0.70598317585152504 -0.40749282112650115 0.47182443255888279 0.33603431519035148
1403715562.8121431 -0.072960955064425292   -2.6654725146711122   0.88991185790238836 0.70603434276090571 -0.4109962119253166 0.47777744548865353 0.3229958718119364
1403715562.862143 -0.021085711995723407   -2.6596574010484919   0.89145554994435594 0.70684538903200977 -0.41333907393954811 0.4833026418226602 0.3097401529770093
1403715562.9121432 0.030335198286285427  -2.6511076261427493  0.89391872386465454 0.7079682829051912 -0.41330237735628811 0.48916240499376701 0.29779556211036706
1403715562.9621429 0.082653681689075276  -2.6437975496216506  0.89600872900763417 0.71009168943483558 -0.41044943945217649 0.49440313661451812 0.28786557410482627
1403715563.0121431 0.13661329708758962 -2.6385345751855951 0.89694031626396753 0.71284637996668876 -0.40566916568000444 0.49957766612807675 0.27875566737001101
1403715563.0621431   0.188988014154643 -2.6280688971727599 0.90033518176620053 0.71536482622927156 -0.39758254371528312 0.50610637879748921 0.27209854771266523
1403715563.1121433 0.24052090966356915 -2.6145651323449433 0.90081330954749961 0.71908081844800098 -0.38475118216107468 0.51246044391877366 0.2688374932638346
1403715563.162143 0.29331818071401278 -2.6063903032628062 0.90481052996537814 0.72222184538448597 -0.37116657835551642 0.5199551386280461 0.26509928512837511
1403715563.2121432 0.34711602852883938 -2.5994000439812512 0.90705377987298985 0.72532512562556972 -0.35497051409783198 0.52874351444361256 0.26139948774087129
1403715563.2621431 0.40212655428661953 -2.5922420116792191 0.91069114919942651 0.72801149250276265 -0.33790414106552152 0.53924194238913581 0.25502585320524707
1403715563.3121431 0.45417960496244791 -2.5804474367176655 0.91411292940798239 0.73200898829591876 -0.31932313362942727 0.54847411019930226 0.2477331786906071
1403715563.362143 0.50375577936706062 -2.5665901752914793 0.91804954552671603 0.73693023097237187 -0.30013913305210266 0.55706741617341748 0.23775245388346969
1403715563.4121432  0.5537238325296725 -2.5514047368082955 0.92082475198502112 0.74251086324301807 -0.28036186301728216 0.56459601862322573 0.2265086741967938
1403715563.4621429 0.60444454452166818 -2.5378596075381377 0.92346848488433841 0.74925654471346526 -0.25938752003718013 0.56961118053819515 0.21650830852160033
1403715563.5121431 0.65217332133558104 -2.5197989488584982 0.92369173173075314 0.755596864266464 -0.23897966577024723 0.5740110257521408 0.20609085465881991
1403715563.5621431 0.69608200642914841 -2.4962916705193958 0.92154132934692745 0.76074340718346012 -0.21825500047725879 0.57890770675650072 0.1962143986854723
1403715563.6121433  0.7398675618134275 -2.4731664470347914  0.9161812136058638 0.76548218372213339 -0.19781807736630427 0.58286800613788303 0.18753645536785996
1403715563.662143 0.78094209428138817 -2.4514904037761465 0.90581638000876552 0.76884032494161181 -0.17898664569736514 0.58725507436887048 0.17882900501231705
1403715563.7121432 0.81980455272962105 -2.4226080658568439 0.89386474233802349 0.771562624037052 -0.15929606699436713 0.59167982049858825 0.17097037826460829
1403715563.7621431 0.85850045876280323 -2.3950398352564068 0.87944267026483081 0.77314194031593186 -0.14133818455579691 0.59658505329975542 0.16236173160666825
1403715563.8121431 0.89405432391791961 -2.3620292961221852 0.86389905929092625 0.77415755571273714 -0.12507386346160732 0.60197503430829302 0.1505412424593246
1403715563.862143 0.92832205926143918 -2.3273696433904978   0.845127429847082 0.77425245975470602 -0.11233235150377556 0.60852940273566969 0.13268962798798134
1403715563.9121432  0.9544484489834576 -2.2914713268148348 0.81994339044216369 0.77560095105264615 -0.099435719375805989 0.6126217619931339 0.11510985696661603
1403715563.9621429 0.98186511094765527 -2.2508346938263788 0.79102771260438542 0.7769463266097385 -0.086858589468340047 0.61634931435599927 0.094464351456480466
1403715564.0121431  1.0081427125170943 -2.2093857988814696 0.76452718493668459 0.77955301995140291 -0.075855524829480839 0.61754529046485296 0.071978070703318964
1403715564.0621431  1.0297645152802628 -2.1672849495951816 0.73797846451015159 0.78235673997595268 -0.064508632393692866 0.61756026722274759 0.048743041643538314
1403715564.1121433  1.0507761593053857 -2.1236472837660529 0.71099784108294606 0.78442809032685223 -0.051819270423789185 0.61745358984136545 0.027173492799507926
1403715564.162143  1.0692335045855621 -2.0807319292684037 0.68362690256079484 0.78521582007699064 -0.038198068537517643 0.61800367314888316 0.0069630047616476964
1403715564.2121432  1.0833930588657756 -2.0377322273451552 0.65772354821447432 0.78701734192356898 -0.023422085070309694 0.61636642404120856 -0.012146635631828218
1403715564.2621431  1.0930385940474134 -1.9974114546560979 0.63420790279053763 0.78816921036283027 -0.0066287894848390547 0.61472954388905898 -0.0292051854290982
1403715564.3121431  1.0956507392172807 -1.9533674482592243 0.61438747168181729 0.78874340642560703 0.014170973132361301 0.61305658096924964 -0.04294939895860761
1403715564.362143  1.1044676181080451 -1.9143980573534374 0.59569336916476745 0.78894253720276097 0.035371998745895278 0.61074383792697262 -0.057536589497662279
1403715564.4121432  1.1058367585100117 -1.8778656254400865 0.58107759214171695 0.79242542205368294 0.058342997374361445 0.60299871008350636 -0.071067578951622842
1403715564.4621429  1.1076294130680775 -1.8409564491468973 0.56928722695698697 0.79664196675419396 0.08273498174001219 0.59291692469901169 -0.083462686321230647
1403715564.5121431  1.1068427125367559 -1.8042185195471707 0.56347597753585055 0.79907044485081058 0.10646720965823928 0.58380566284159474 -0.096551051095276313
1403715564.5621431  1.1043575635555782 -1.7720939493914325 0.55949643536227844 0.80016680646583493 0.13059753775142308 0.5753431199900404 -0.10797064065596113
1403715564.6121433  1.0988079738773344 -1.7407671920309247  0.5597590636840758 0.79894304149028195 0.15471552690609028 0.56868872605518384 -0.11977585335183699
1403715564.662143  1.0929513932022386 -1.7047910096711398 0.56394509366944234 0.7959980407919548 0.17864085579986988 0.56335983073300766 -0.13076798083222288
1403715564.7121432  1.0860371591183946 -1.6743003461131576 0.57191305640789003 0.79158529167960945 0.20256750602598908 0.55914129276803581 -0.14042843807650973
1403715564.7621431  1.0776437770992819 -1.6434063574159228  0.5825227266307117 0.78628346427416274 0.22549737087521823 0.55503175140490091 -0.15115887162119862
1403715564.8121431  1.0684788996192518 -1.6142869481618649 0.59883615607626939 0.77944996579651327 0.24802588304339282 0.55223843934241801 -0.16116332794097479
1403715564.862143  1.0597608153442644 -1.5829105629960851 0.61613510611357802 0.77246748663714426 0.26888987218004851 0.54899001888422172 -0.17205283459737769
1403715564.9121432  1.0472259527618943 -1.5617688414701993 0.64489299923157006 0.76359325014093937 0.28855671266732902 0.54782439550917561 -0.1831633249284029
1403715564.9621429  1.0419107971432311 -1.5301624786857246 0.66911798184779014 0.75362539621838887 0.3075743929063014 0.54758466842935738 -0.19390148504874158
1403715565.0121431  1.0280935205456021 -1.5038394793695788 0.70332676832555563 0.74427902940781299 0.32552444793869179 0.54581509202351985 -0.20534956902153575
1403715565.0621431  1.0169543470601154 -1.4721514611953799 0.73357307356410273 0.73518889594089609 0.34373744283425112 0.54258112408320447 -0.2166739058298961
1403715565.1121433   1.002619749629341  -1.440875134057982 0.76585785725290512 0.72674174640248057 0.36031790672819214 0.53740836343014442 -0.23067225893509705
1403715565.162143 0.99003831979710466 -1.4076447620089243 0.79516490217070557 0.71906490916120969 0.37565518242277024 0.530289113349802 -0.24621595519904396
1403715565.2121432 0.97251601537301025  -1.377225529465036 0.82383906456037659 0.71156637366291353 0.39049263479244772 0.52242640139725971 -0.26126510132080832
1403715565.2621431 0.95569390760211304 -1.3450690370337834 0.84730923727109131 0.70345372442768861 0.40409447546083732 0.51523567892389466 -0.27639230751719152
1403715565.3121431 0.93783822859390775 -1.3141503008666997  0.8681888798402323 0.69411436246445535 0.41564737632805271 0.51003419810884576 -0.29207469443900042
1403715565.362143 0.91811634935600617 -1.2812149101646859  0.8868421092231985 0.68311198185256761 0.4271741906562958 0.50675476290572785 -0.3067243735977882
1403715565.4121432 0.90319901793067658 -1.2492850874103139 0.90186171433969031 0.67173336833782049 0.43766234085138883 0.50371549500791346 -0.32170896374043051
1403715565.4621429 0.88541626204744994 -1.2171262626643018  0.9176270483368778 0.66068646969207934 0.44732827201250525 0.49964914103864033 -0.33725589940499517
1403715565.5121431 0.86478772815471394 -1.1899458410639567 0.92821612158726574 0.64886610616744822 0.4586507729657695 0.49536129211940216 -0.35104050335366188
1403715565.5621431 0.84276531000889499 -1.1655416120350666 0.93819848910563219 0.63674384494764125 0.47138925558520278 0.49000447650892087 -0.36365513696542384
1403715565.6121433 0.81684577374919409 -1.1444306054758144 0.95375375364675119 0.62436340627918241 0.48487498207444601 0.48314809378574214 -0.37634360381035586
1403715565.662143 0.79387058963039647 -1.1233862699344324 0.96535122214138114 0.61190302814216124 0.49883197399476836 0.47463572425287204 -0.38918154521236981
1403715565.7121432 0.76868452606279292 -1.1069663725325445 0.98164253109651389 0.59901710087499249 0.51394823123787026 0.46489153370688169 -0.40113786950928376
1403715565.7621431 0.74420204291296588 -1.0919821053336183 0.99520461950940864 0.5854903159091851 0.53067554350788426 0.45348156368940162 -0.4122366176032759
1403715565.8121431 0.71830239569624799 -1.0803986308345335   1.009882940549014 0.57138975599974684 0.54916286630686417 0.44090193412180967 -0.42135421855705502
1403715565.862143 0.69104622327855125 -1.0747003755578424  1.0256471041756339 0.55717150645961222 0.56691343536139172 0.42524339112849435 -0.43282459206682072
1403715565.9121432 0.66242899525108911 -1.0728206564556735  1.0447323913687077 0.53977985479133939 0.5853845075482712 0.411324967386968 -0.44359267113875817
1403715565.9621429 0.63459843671062932 -1.0693554636941458  1.0619149182144214 0.52127818324990294 0.602900470634674 0.39675686938810112 -0.45537244621246292
1403715566.0121431 0.60003254998578348 -1.0720360112810849  1.0811937446297206 0.50099996124139534 0.61949126685915556 0.38241128978196981 -0.46796497151886191
1403715566.0621431 0.57285601133975594 -1.0732821272538269  1.0972425888559834 0.48176491153340689 0.63528881666797166 0.36674914315782997 -0.4793805955864448
1403715566.1121433 0.54478818589407696  -1.074192426800056  1.1117299821908726 0.46127666769914144 0.65116720154703567 0.35213446788952169 -0.4890873418827576
1403715566.162143 0.51731468741910902 -1.0810857935561986  1.1281762415881245 0.44041557968464162 0.66522076388183937 0.33808521475496667 -0.49921322101441912
1403715566.2121432 0.49196973023338536 -1.0880303478227027  1.1424549602237557 -0.41970516144144937 -0.67890521977980911 -0.32334835941519213 0.50831202865822478
1403715566.2621431 0.46744252311852164 -1.0968399037370193  1.1574534794019398 -0.39874415701979776 -0.69123663283377945 -0.30823504450020067 0.51786694431402847
1403715566.3121431 0.44381256151626974 -1.1088379414851441  1.1722882902234106 -0.37779661882126059 -0.70286240370925468 -0.29265838501299557 0.52688255421949315
1403715566.362143 0.41435357815056378 -1.1298344697348299  1.1873108663865011 -0.35612307764049506 -0.71426566796364799 -0.27758640308473298 0.53473984138343933
1403715566.4121432 0.39271405504483814 -1.1460824775319025   1.199141767821609 -0.33503290983702538 -0.72488261045378 -0.26317242032862764 0.54133023891726328
1403715566.4621429 0.37202046722204429 -1.1639277133601624  1.2080652165983061 -0.31432341957002236 -0.73362661135042384 -0.24841737661938626 0.54889123696944198
1403715566.5121431 0.35163966998192758 -1.1822080714188077   1.213655292522533 -0.29348989534891812 -0.7409066225424622 -0.23498462098388539 0.55650991536706895
1403715566.5621431 0.33257272985571568 -1.2026728972508534  1.2167228552045508 -0.27390874882234545 -0.74729736068736019 -0.22093041443335859 0.56365805592272644
1403715566.6121433 0.31367880216159894 -1.2221947873982459  1.2129277510173477 -0.25414766404350697 -0.75309322158498615 -0.20773148757331411 0.57018171974779563
1403715566.662143 0.29801532557651522 -1.2476059367179466  1.2092024925421061 -0.23377992922558805 -0.75877277452657776 -0.19503935573101958 0.57582156180933963
1403715566.7121432 0.28095005871156481 -1.2734412047909438  1.2036091179221111 -0.21249712095746368 -0.76476699054661945 -0.18155003290625657 0.58053079961944587
1403715566.7621431 0.25967745961409483  -1.302167307631845  1.2005198405936945 -0.19086549244009152 -0.77043710900128204 -0.16679207302537702 0.58495933982221837
1403715566.8121431 0.24665473981917202 -1.3332425224832518  1.1950519434749907 -0.16929146202591358 -0.7764802922741606 -0.14962100025584041 0.5882451129226699
1403715566.862143 0.23526960420577145 -1.3663794234426756  1.1904371791855268 -0.14716229731540911 -0.78091340347914595 -0.13142805108077082 0.59265857110530185
1403715566.9121432 0.22722264520258245 -1.4055994335970083  1.1881443481671055 -0.12363426539489093 -0.78434667804318359 -0.1126829950663641 0.5973419453594081
1403715566.9621429 0.21728808657387658 -1.4430398711660926  1.1852167313383459 -0.099198369424868454 -0.78741303083794922 -0.093430153047775827 0.60117485715182017
1403715567.0121431 0.21296561453116977 -1.4840285513776563  1.1841347554018657 -0.074536181704122087 -0.79142557009649195 -0.072797463640595347 0.60232088947828233
1403715567.0621431 0.20805288308370057  -1.520305020650323  1.1798515567698764 -0.049840187382485204 -0.79513490048287083 -0.049751730744745523 0.60232981915531636
1403715567.1121433 0.20723259189233192  -1.562736988124829  1.1767737032763348 -0.025402500484295119 -0.79779588382951916 -0.024272396111834432 0.60190305822516976
1403715567.162143 0.20827854007678415 -1.6065690102936705  1.1737151644858004 0.0013449326468142797 -0.79926934216556245 -0.00055886096095717028 0.60097121187693414
1403715567.2121432 0.21114093822704225 -1.6486445641540821  1.1702035533182007 0.028505323381045142 -0.80026460773467556 0.023600934038466428 0.5985039682898684
1403715567.2621431 0.21833985835029621 -1.6942801953065159  1.1678669337748218 0.057243498080617135 -0.8024612678617159 0.045987875977708183 0.59216907279283082
1403715567.3121431 0.22352379009355458  -1.738709088465213  1.1623233762823495 0.086882924076421217 -0.80268419244270084 0.06839735109090439 0.58606420046807806
1403715567.362143  0.2289848391831375 -1.7849959789335894    1.15849752114014 0.11870866337212403 -0.80147827566208729 0.087916570387470389 0.57949245338782096
1403715567.4121432 0.23672650086552369 -1.8264064361880419  1.1510430655256969 0.15085158129345211 -0.79929044221100676 0.10621374000718148 0.57192414780728151
1403715567.4621429 0.24600766000779156 -1.8685006511746038  1.1412425984753414 0.18246544353171559 -0.79559526176355877 0.12425483157854345 0.56417663741556734
1403715567.5121431 0.25613316105810946 -1.9097016203743136  1.1269825999993781 0.21352535289633431 -0.79071499237378817 0.14078764345516012 0.55619741455364469
1403715567.5621431 0.26680568280846578 -1.9513509116175114   1.110639793974789 0.24266750821759706 -0.78384716915473407 0.15793547835658908 0.54932001651118412
1403715567.6121433 0.27937373079780103 -1.9933542497297929  1.0902512283039374 0.26986272214784929 -0.77592049733364632 0.17549153223262856 0.54251655746816052
1403715567.662143 0.29225671414091048  -2.038767873438772  1.0689600225955727 0.29603037144421546 -0.76597823034214252 0.19317320370093033 0.53696134236687687
1403715567.7121432  0.3093822479841225 -2.0793095537617097  1.0417614772048078 0.32158154443269366 -0.75475231239230856 0.21108183495573765 0.53139318415883474
1403715567.7621431 0.32574410197311399 -2.1230335780286143  1.0177891117613629 0.34547150273303334 -0.74131222838963884 0.2302248796541746 0.52735389031236768
1403715567.8121431 0.34151872676168626 -2.1654954048767823 0.99288740488668814 0.36865585382251015 -0.72772191173136869 0.24888621959852145 0.5220817276273847
1403715567.862143 0.35967317698774159  -2.212932188819293 0.97092275364769642 0.39196988611804168 -0.71350599414046434 0.2662362963180831 0.5161269603741574
1403715567.9121432 0.38172327634850739 -2.2638914562459003  0.9522700307443297 0.41522088164620108 -0.69929315685480653 0.28243171028032077 0.50873669933387322
1403715567.9621429 0.40842685204435841 -2.3091603636832794  0.9323725345233963 0.43855812767695829 -0.68402290117458386 0.29742145042532148 0.50131818253887872
1403715568.0121431 0.43763887744465096 -2.3546033485244995 0.91367236761782533 -0.46070532025881528 0.6674837902098345 -0.31180763726224747 -0.49496666053106114
1403715568.0621431 0.46100529942034829 -2.3963710363769497 0.89241468167286508 -0.48029111237038363 0.65062699191385276 -0.32772540861491828 -0.48846803510499615
1403715568.1121433 0.49302706794084367 -2.4374887752223593 0.87483680060475666 -0.49877399995955662 0.63321537809408657 -0.34358616169920791 -0.48188310968357556
1403715568.162143 0.51659398180542104  -2.476345534278857 0.85725386772719847 -0.51644966530870817 0.6159625985623608 -0.35937535682310023 -0.47404553925028842
1403715568.2121432 0.54753771254249317  -2.512202171087361 0.83906831460923881 -0.53435682047260546 0.59840583727901031 -0.37357939447967681 -0.46563040960080399
1403715568.2621431 0.57892217046564287 -2.5478523068462633 0.82198571299519196 -0.55054876324585245 0.58284027180537112 -0.38867814677377982 -0.45400724120965685
1403715568.3121431 0.61152204843614011 -2.5815975749415756 0.80800720449799113 -0.56647783070780877 0.56701208034592077 -0.40254869003097898 -0.44221569421800166
1403715568.362143 0.64943649721898555  -2.614144439370897 0.79278093363823354 0.58150678262976996 -0.55059307051962247 0.41634052337537475 0.43053188156844613
1403715568.4121432 0.68594082960375158 -2.6431608272718008 0.77926562051029913 0.59639415267845053 -0.53438160890407382 0.42871353685082103 0.41827624130101654
1403715568.4621429 0.72167225914252753 -2.6676335658471144 0.76870389204700407 0.61071530357724935 -0.51693605309191093 0.44086593924228029 0.40674458644993344
1403715568.5121431 0.75752305886005911 -2.6904867234751575 0.75553074421724753 0.62544217656947276 -0.49904744640574139 0.45181884230812125 0.39450407315932517
1403715568.5621431 0.79779429896954523  -2.704273485768331 0.74801468410470884 0.63901980619723708 -0.48151758725574839 0.4630016059131154 0.38134500570077551
1403715568.6121433 0.83536621625184315 -2.7198058595582348 0.73791926378938066 0.65298018123755408 -0.46267560803948971 0.47249085585864481 0.36918905152540055
1403715568.662143 0.87283962561246664 -2.7347052880561913 0.72924229994984724 0.66644227407297296 -0.44395934672550497 0.48127881899854213 0.35654661990667613
1403715568.7121432 0.91075596861513652 -2.7457839400806026 0.72191407671455632 0.67873847912631902 -0.42572321647380723 0.490694238898567 0.34248063276664753
1403715568.7621431 0.94942478388476681 -2.7551251548310329 0.71654492674437786 0.69073345214225501 -0.4070218487724378 0.49931059941664852 0.32849571994730342
1403715568.8121431 0.98890811718414362 -2.7639426689569917 0.71098763664803533 0.70263628760996932 -0.38866746907452443 0.50674753387626759 0.31376230290971063
1403715568.862143  1.0282463552508589 -2.7697352853963446 0.70180196745985068 0.71406886810284309 -0.36990932139483973 0.51303562237742339 0.30011197197603373
1403715568.9121432  1.0681121268037383  -2.774094208135836 0.69704892688787889 0.72455045032418552 -0.352053248754916 0.51893575890952992 0.28599096681734487
1403715568.9621429  1.1081000654216662 -2.7764875945457144 0.69164978921047027 0.73541545012048259 -0.3366360875540868 0.52242173114433677 0.27002924861673688
1403715569.0121431  1.1452969309238266 -2.7771788917433287 0.68659105920998098 0.74539017530752882 -0.32114847913713995 0.5250555302994403 0.25607387802133785
1403715569.0621431  1.1881295633175708 -2.7762427159814269  0.6807375067863688 0.75415446623989324 -0.30523242693329455 0.52830948795531985 0.24284417130172295
1403715569.1121433  1.2267399859608661 -2.7708909177648655 0.67588049744431178 0.76239922764619039 -0.28946053590148429 0.531436970289906 0.22920463007802366
1403715569.162143  1.2653937485937417 -2.7629822482553181 0.67105829163034603 0.76925165194852851 -0.27475189960131113 0.53531518522760668 0.2149440441246612
1403715569.2121432   1.304789485729752 -2.7569789420838982 0.66594130198485979 0.7748489894286692 -0.26128684699683657 0.53944253612164172 0.20084814510090296
1403715569.2621431  1.3458323329539974 -2.7541062605522035 0.65915878020583252 0.77781850817356069 -0.24809403423904011 0.54574539130715083 0.18870528976332196
1403715569.3121431  1.3847765029725867 -2.7468019997740787 0.65562378413904565 0.77771465332188949 -0.23464122837799836 0.55476361266081298 0.17983533029191109
1403715569.362143  1.4243176816374334 -2.7382766592714676 0.65277045495045172 0.77671865927780448 -0.22151452521677453 0.5638551199179157 0.17235673236061833
1403715569.4121432  1.4594246401662587 -2.7251219405776705 0.65092325792064187 0.77532661058873942 -0.20925075205437349 0.57253310377557731 0.16519265951839554
1403715569.4621429    1.49732238101309 -2.7160955579010864  0.6483984756460045 0.77479942129820178 -0.19707593923362299 0.57932876103311115 0.15882417187253753
1403715569.5121431  1.5315866845289456 -2.7039807764864787 0.64748678063312415 0.77554895576740945 -0.18372719590720743 0.58403505716855908 0.15385443344367131
1403715569.5621431   1.568353711193395 -2.6912362544708954 0.64467510013339047 0.77734385115327143 -0.17065007328518589 0.58717149888965148 0.14779959558010053
1403715569.6121433  1.6003110242999969 -2.6778908663115932 0.64355941528139249 0.77977585837602315 -0.15730277052801125 0.58914111022883797 0.141838645356195
1403715569.662143  1.6322264195974927 -2.6586125283186441  0.6397685353286845 0.78333384549400287 -0.14407914659716844 0.58954346334584784 0.13441648278984408
1403715569.7121432  1.6633350125538859 -2.6403546797354425  0.6372252610463699 0.78753501647089508 -0.13098633066785195 0.58894891386657444 0.12558007750332698
1403715569.7621431  1.6924118302382922 -2.6185822018072984 0.63592312130273321 0.79129182831356237 -0.11778328574893071 0.58896634013537108 0.11446829355726314
1403715569.8121431  1.7219153041533053 -2.5928838700820278 0.63336257848084787 0.79488669170665582 -0.10370711735472367 0.58896292177491272 0.10258000746724312
1403715569.862143  1.7469088879689731 -2.5664500401974122 0.63295844855963668 0.79781004737517913 -0.089613944489226674 0.58971350209041251 0.087786415307594262
1403715569.9121432  1.7728780161058766 -2.5387833099220911  0.6330920854034312 0.79848304030969486 -0.072754844644165234 0.59278156144384508 0.075773262637864158
1403715569.9621429  1.7976387587142704 -2.5128556855162714 0.63158462648069236 0.79846840667188146 -0.056134319473355676 0.59605659366995756 0.063353601844705856
1403715570.0121431  1.8176858621276597 -2.4812521591844092 0.63189467400056798 0.79831757761684963 -0.039138853948497955 0.59885413895906503 0.050308206399755209
1403715570.0621431  1.8358501182443154 -2.4485121639103644 0.63195974875504646 0.79780599321175649 -0.02171417451502752 0.60134592275469645 0.037645358370407521
1403715570.1121433  1.8527209373305173 -2.4154142544789727 0.63203342587182221 0.79725043213973046 -0.0039331194190897097 0.6031410880735768 0.02443577095305775
1403715570.162143  1.8680657113585155 -2.3807975764503548 0.62999936540582779 0.79652311485756111 0.014060676103406111 0.60434454252110859 0.010995399495952147
1403715570.2121432    1.88226050269905 -2.3452324919110605 0.62878913857109475 0.79548657487952434 0.032191575912812867 0.60510902129876731 -0.0028078407256446119
1403715570.2621431  1.8949944315585139 -2.3082296352484031 0.62733790415762947 0.79429993605957105 0.051042367956760877 0.60513397363732802 -0.017180285184646409
1403715570.3121431  1.9038095284470908 -2.2697628353348738 0.62597113674090432 0.7916210341820451 0.070177123966071842 0.60615032283870718 -0.031513419918047805
1403715570.362143  1.9121956127363968 -2.2279779177657124 0.62290555761432653 0.78835309586155455 0.09031333185517175 0.60678045047900742 -0.046479923098185161
1403715570.4121432  1.9152341438452345 -2.1891028479651875 0.62016509327430547 0.78460029293995426 0.11051343979341788 0.60698319639320253 -0.06132339879569388
1403715570.4621429  1.9155562859186563 -2.1489550912602362 0.61733891121674089 0.78015351945853562 0.12992447256417194 0.60693926810952192 -0.078133490463821051
1403715570.5121431  1.9132287779833852 -2.1081702100247921 0.61425817884156586 0.77518050018882334 0.15034588611066055 0.60632443124073143 -0.094138147088253049
1403715570.5621431  1.9063572082579701 -2.0683222751722279 0.61065826194191131 0.76927584882775835 0.17171373093825887 0.60568312935720525 -0.1089816949292762
1403715570.6121433  1.8968366167819386 -2.0273819031795148 0.60604316609773745 0.76381221922725873 0.19317190371832027 0.60325302057056107 -0.12394072190149827
1403715570.662143  1.8790360443279481 -1.9890901897328548  0.5991084684782535 0.76059527003207661 0.21417273370430021 0.5967153956977207 -0.13984138114225031
1403715570.7121432  1.8623587498841723 -1.9495979128619583  0.5923929423353913 0.75780407736188504 0.23499498845420835 0.58847335271712242 -0.15559385873799136
1403715570.7621431  1.8452067075172203 -1.9083271055228266  0.5861942351476972 0.75316623415059858 0.25674945597857707 0.58112809987392655 -0.17061791267926757
1403715570.8121431  1.8249671584603979 -1.8692236297639897 0.57909089601258956 0.74731027403082317 0.2785131582086407 0.57389474130536089 -0.18601774360172696
1403715570.862143  1.8030211277109531 -1.8299893802355627 0.57066152326989472 0.74129808900228844 0.29958655739332612 0.56595642452996808 -0.20104318790753725
1403715570.9121432  1.7854129655300173 -1.7903183081054335 0.56553976945645823 0.73458923607310589 0.31972956483100634 0.55795095236978143 -0.21643103836594207
1403715570.9621429  1.7546125414113241 -1.7554962378445482 0.55794517615463002 0.72917647315507306 0.33947653118276588 0.54818762344923877 -0.22923281892067998
1403715571.0121431   1.725592221569513 -1.7180568272303425 0.55048355302752683 0.72373526008546119 0.35675031475564639 0.53868133745624514 -0.24240235747023595
1403715571.0621431  1.6956690133463199 -1.6813507981903193 0.54351742963180671 0.71865408728581637 0.37068702779069351 0.53040705876527006 -0.25455015668246506
1403715571.1121433  1.6630746436073776 -1.6474217451134054 0.53733281527622412 0.71424708114756985 0.38093302910898746 0.52315254644571607 -0.26655683737880587
1403715571.162143  1.6346110187846883 -1.6139091576092739 0.53105926572120798 0.70940888159250748 0.3879281118922564 0.51865466622807199 -0.27793552475569566
1403715571.2121432  1.6022504954546604 -1.5804119189680452  0.5244494980546589 0.70250711175958047 0.39257920230345156 0.51868802554076354 -0.28866600078052579
1403715571.2621431   1.569597784219543 -1.5487123148955204 0.51912422404876979 0.69456343258478981 0.39622015460504784 0.52219240833130232 -0.29648999288667471
1403715571.3121431  1.5359029914195863 -1.5186815134959224 0.51381304400294603 0.68725990089557609 0.39917835963364939 0.52652917507913466 -0.30182361340968333
1403715571.362143  1.5008430171314098 -1.4905421506058276 0.50863348263403174 0.68143398176360903 0.40075385686151271 0.53039746586040015 -0.3061414753300854
1403715571.4121432  1.4648151829878298 -1.4652812428258881 0.50365283087876211 0.67971761048075907 0.40312951505065381 0.53005818679224292 -0.30742297037123234
1403715571.4621429  1.4279172247573531 -1.4415839342425611 0.49799064091078277 0.68172793921369423 0.40662815989457057 0.525860980609688 -0.30556633575775727
1403715571.5121431  1.3900782602461255  -1.419792001938732 0.49232773944423247 0.68554554549813818 0.40914537927986744 0.5198798918858657 -0.30389514914577737
1403715571.5621431  1.3535421650759714 -1.3992768399014495 0.48918638652385937 0.69269758997914377 0.40915893016841071 0.50936970051606034 -0.30545298639349827
1403715571.6121433  1.3073898061643656 -1.3859982788402632 0.48409143214791639 0.70173070492006873 0.40720652254990231 0.4963392172310887 -0.30887577956782147
1403715571.662143  1.2766109205909812 -1.3707383301587515 0.47172649923557247 0.71297579760330221 0.40133469897915025 0.47998298859678717 -0.31656326711251032
1403715571.7121432  1.2416591347610628 -1.3524843408103746 0.45725008529290029 0.72547404433009788 0.39456438251587261 0.46112967502611113 -0.32460095789062687
1403715571.7621431   1.209106670476751 -1.3352097884614831 0.43938767049827809 0.73862954587222418 0.38731550701525302 0.44078258017948757 -0.33184907563593274
1403715571.8121431  1.1906087683533735 -1.3181487663606641  0.4194234371894543 0.7509268980531123 0.38206791636947363 0.42115754499651509 -0.33579640163933855
1403715571.862143  1.1643120003027205 -1.3024031450801394 0.40069023861011366 0.76119421282421706 0.37780332749775131 0.40441648187822532 -0.33807591644449669
1403715571.9121432  1.1512024258498996 -1.2901395283458115 0.38014237008222557 0.77058926227605506 0.37440682461542274 0.38950174096678958 -0.33808299621554672
1403715571.9621429  1.1395021728557604 -1.2743673957197457 0.36251939151212997 0.77900722786966869 0.37371936303591746 0.37601483687678278 -0.3348050463588752
1403715572.0121431  1.1364485036145255 -1.2565135508107199 0.34507533352370268 0.78546031912111847 0.3756634794967354 0.36594113916235338 -0.32865805927607489
1403715572.0621431  1.1541518646149067 -1.2469675998167307 0.32400988310429313 0.79003574096851026 0.37967655575000692 0.36050930879614751 -0.31893930343793131
1403715572.1121433  1.1650894760990997 -1.2275972820801329 0.30997926857913921 0.79009376445596524 0.39034434317033762 0.36095948705041736 -0.30510880982203537
1403715572.162143  1.1858714718282701 -1.2025861624670888  0.2957434137099878 0.78526781820457736 0.40408299127324276 0.36830659349806827 -0.29055402774998662
1403715572.2121432  1.2127851712472839 -1.1768437361531132 0.28357551558944805 0.77625827534833969 0.41743569628367366 0.38109322470015095 -0.27917464696677968
1403715572.2621431  1.2436595794190777 -1.1450227697844724 0.27194644570351767 0.75995857105868836 0.43300128078535444 0.40216336584407386 -0.27062425664682183
1403715572.3121431  1.2771702576688193  -1.110036521802177 0.26144547656255818 0.73922858435066496 0.44848432733409882 0.42668754291012195 -0.26521811578381238
1403715572.362143  1.3097273971426062 -1.0709481139522636 0.25014033332215596 0.71787190222603503 0.46065674120358646 0.449186005569578 -0.26587070387410722
1403715572.4121432  1.3433837520587892 -1.0279295749847139 0.24028785548410794 0.69567382506605591 0.4715521747822376 0.46999472019517685 -0.26978035244391319
1403715572.4621429   1.3763377595334523 -0.98523638293975957  0.23013831350370895 0.67653216511525349 0.48050182732232882 0.48444614421494753 -0.27700930825450693
1403715572.5121431   1.4061147743935807 -0.94151354243303631  0.22024268428057731 0.66179962803776982 0.48751575628813992 0.4920893463748951 -0.2867014385806268
1403715572.5621431   1.4319952915385741 -0.89499317869143402  0.20777570952332589 0.64991925697095898 0.49450606360105709 0.4945293302530151 -0.29750538482455768
1403715572.6121433   1.4545357009728979 -0.84793739978415605  0.19518058671928198 0.63951825291092634 0.50229943170206659 0.49434951977791913 -0.307132279972129
1403715572.662143   1.4759523844203359 -0.80179184289712646  0.18697233130464502 0.6294595216333837 0.51045107142469781 0.49289178086655427 -0.316667185954981
1403715572.7121432  1.4913716555404857 -0.7549305184606957 0.17447036785794914 0.62058247763663932 0.52059640829856269 0.48819914051268709 -0.32483590829783587
1403715572.7621431   1.5042966016714823 -0.71099117565642911  0.16515659762703036 0.61271003465666329 0.5315259456873358 0.48198373287422619 -0.33129784746786439
1403715572.8121431   1.5148745949790932 -0.66541960508661191  0.15870501732061462 0.60697780231430098 0.54132036716227605 0.47223475636953383 -0.33991843502464997
1403715572.862143  1.5223906706207069 -0.6240354360827951 0.15901460759092079 0.60107762892952976 0.55016710957024861 0.4624805636221383 -0.34947612768159414
1403715572.9121432   1.5239067360081562 -0.57653691953616715   0.1559319219255422 0.59452485665324062 0.55778223513578962 0.4525596813406712 -0.36139854428760021
1403715572.9621429   1.5238775955848458 -0.53146170261633663  0.15770536450386743 0.58636891939005953 0.56534326643077859 0.44449803134868165 -0.37280018991660674
1403715573.0121431   1.5233230979680774 -0.48695986077117648  0.16442376635679296 0.57729643277187925 0.57279424456519301 0.43716656569207013 -0.3840845947741901
1403715573.0621431   1.5191126827442543 -0.44566069033899969  0.17331049139888324 0.56868313161403361 0.57983880881016192 0.42912000327463728 -0.39527518819784718
1403715573.1121433   1.5125638749819046 -0.40299482500963185  0.18453780770394163 0.55958000994395451 0.58739623552535369 0.42065763007040025 -0.40605791856005113
1403715573.162143  1.5055122131331935 -0.3635330500613333 0.19712562049560747 0.55209075494767557 0.59402855188030457 0.41067562730619767 -0.41673901543886538
1403715573.2121432   1.4974011758880583 -0.32253335426163682   0.2102259709512351 0.54258806991034514 0.60282293650115659 0.40196472097830194 -0.42500241964949453
1403715573.2621431   1.4901656896321387 -0.28010565341347515   0.2209833396482947 0.5343618410269021 0.61093334227774476 0.39091544380019061 -0.43405413250674607
1403715573.3121431    1.481136926751154 -0.24254967831743859  0.23308447950975933 0.52570924166619659 0.62000468638772732 0.37982953496012278 -0.44153539660596336
1403715573.362143    1.470288951670168 -0.20627418811972684  0.24443743944561047 0.51712444043827854 0.62897176998984583 0.3682320551478207 -0.44875603530075259
1403715573.4121432   1.461148838899649  -0.170554650814811 0.25519096233487265 0.50862656519728289 0.63769479720644184 0.35633082448585518 -0.45571120933402548
1403715573.4621429   1.4521218524079837 -0.13520724155088781  0.26546063497607025 0.50198566474597883 0.64495274064473951 0.34153959520585703 -0.46410888768800429
1403715573.5121431   1.4437151801003651 -0.10150603900367522  0.27565783176117925 0.49478141975441892 0.65213455731889758 0.32749046495195805 -0.47187059792048647
1403715573.5621431    1.4343945795703454 -0.068294557656739099    0.2863791660295667 0.48682077694705289 0.6595067067516982 0.31397144647804193 -0.47903900225209584
1403715573.6121433   1.4232407776290621 -0.03233187001429632  0.29722008631804031 0.47676079214657874 0.66804529520678468 0.30442531589713095 -0.48346650107818084
1403715573.662143    1.4170466540862368 0.0035387499470548025   0.30808254661042689 0.46503258701123967 0.67801751459584536 0.29699941789706741 -0.48562154882965153
1403715573.7121432    1.411545270142067 0.038841251940944503  0.31854349763769985 0.45167242767365395 0.68985380004063734 0.29168531985423091 -0.48478183426198573
1403715573.7621431   1.3998992235034149 0.078682311725251267  0.32621660606266717 0.4383090192773712 0.70246141554565844 0.28433901837475817 -0.48330578924670226
1403715573.8121431  1.3942753672871324 0.11532095315644522 0.33613830424787949 0.42424253871949991 0.71511788068975413 0.27855289535341404 -0.48065889105358117
1403715573.862143   1.387159734653973 0.15398822855108604   0.346271081177012 0.41070972183597521 0.7272630792702186 0.27072337650807349 -0.47865936879150656
1403715573.9121432  1.3781365390751885  0.1903325894160123 0.35771231334723008 0.39709090698096822 0.73873246212716859 0.26102936511625752 -0.47797158026347863
1403715573.9621429  1.3670036566737978 0.22798903866722994 0.37021142142216207 0.38327067644888629 0.74886776229156216 0.24998021835140435 -0.47938560012564596
1403715574.0121431  1.3561109711055752 0.26752950047490737 0.38050596637711814 0.36949091026866487 0.75885430439714141 0.23716634728183458 -0.48100804114251194
1403715574.0621431  1.3436097774790106 0.30883583201377085  0.3903860208221423 0.35469963086728518 0.7689647106407278 0.22364596719049573 -0.48255976522215477
1403715574.1121433  1.3295027473881851 0.35303576326910907  0.3999350071069826 0.33907774088598008 0.77743856348857387 0.21012142152537561 -0.48627621148133332
1403715574.162143  1.3115861268347502 0.39704842729488271 0.41113149664245768 0.32240985059898553 0.78415458157347306 0.19734469440943195 -0.49214688053722222
1403715574.2121432  1.2913865720751552  0.4389890183807581 0.42284020764493874 0.3030240624186924 0.78997723282210774 0.18705025036135681 -0.49912382537577954
1403715574.2621431  1.2715999465701988 0.48518212553826784 0.43608832346155302 -0.28128998066821675 -0.79320851523214386 -0.18027061338741157 0.5091156097467634
1403715574.3121431   1.251961833738169 0.53530881518061446 0.44777979413824881 -0.25817172853141729 -0.79592348086833753 -0.17815935721436338 0.51779572673641694
1403715574.362143  1.2318651827521954 0.58263765962220038 0.45992846316335723 -0.23495047834960539 -0.79816227245354077 -0.17790808579848461 0.52543693490523724
1403715574.4121432  1.2087613555170824 0.62960894749045038 0.47117734207661327 -0.21296397927533556 -0.80045431337599549 -0.17928387249522482 0.53082626987753168
1403715574.4621429  1.1841769002019273 0.67519230274955222 0.48138115046635027 -0.19477599600044382 -0.80308599657512492 -0.18061467025828365 0.53337935315726748
1403715574.5121431   1.162379811612116 0.71726023834941954  0.4911478659336605 -0.1800312887586368 -0.80484064717894033 -0.18165664734694045 0.53555684123271019
1403715574.5621431  1.1365771487992742 0.75936010851197244 0.49502960532107276 -0.16838590808870729 -0.80716611806504124 -0.17989319996482406 0.53643963352027724
1403715574.6121433  1.1116597816153801 0.79764700388770138 0.50340490866407772 -0.15807821225294164 -0.81067684138904295 -0.17789431484963261 0.53494667995098188
1403715574.662143  1.0819530214220876 0.83166160444683424 0.50974452473769472 -0.14930362665203814 -0.81378491893926119 -0.17547998719678207 0.53354410021008225
1403715574.7121432  1.0499295724461519  0.8634482164892241 0.51528440487403382 -0.14157922606856641 -0.81652372504130211 -0.1708379067632938 0.53297161162977347
1403715574.7621431  1.0120398627441622 0.89477634711774678 0.51963099852036265 -0.13589649045889443 -0.81911498387662218 -0.16382268631170888 0.53267712032653713
1403715574.8121431  0.9754796220039379 0.92138368091421974 0.52458438001287211 -0.13422073420961675 -0.82067238244064666 -0.15395032820265148 0.53364869685376393
1403715574.862143 0.93990375756616051 0.94424869454665028 0.53084888882430004 -0.13621623187683909 -0.82117182778029518 -0.14165973723734049 0.5357746599822466
1403715574.9121432 0.89723285407187758 0.96393748321097261 0.53071404202963945 -0.13837759030506494 -0.82030445942466912 -0.13176358824569481 0.53906455379850748
1403715574.9621429 0.85560826140626622 0.98403495064644042  0.5374925269982912 -0.13975301141152194 -0.81744487730414717 -0.12480139411539529 0.54468117316231213
1403715575.0121431 0.81258354878683137  1.0018013150445855 0.54442526983130424 -0.14146181123933232 -0.81471937610064382 -0.11999810668274377 0.54938269772502135
1403715575.0621431 0.77300385834034624  1.0239504431556841 0.55530230425468863 -0.14144814784922388 -0.81074584871843802 -0.11894655573251407 0.55545954590340385
1403715575.1121433 0.73122636151992948  1.0422502105126248 0.56497918441510986 -0.14071639168934277 -0.80685925555082405 -0.12018036267524883 0.561011336132477
1403715575.162143 0.68894209695936826  1.0611002088281882 0.57615999466210321 -0.13988033318919399 -0.79978438112667338 -0.12274664761945234 0.57071157040215159
1403715575.2121432 0.64679104449872482  1.0764728698981643 0.58710753722786591 -0.13835150347221087 -0.79131646188544258 -0.12731686476657395 0.58177962716315001
1403715575.2621431 0.60499495524248714  1.0875061355466957  0.5982457599592671 -0.13639679341275948 -0.7845745898215275 -0.13357494433781195 0.58991216464677987
1403715575.3121431 0.56431536323149301  1.0960525709995332 0.60868739855636789 -0.1356547981868246 -0.78176050446549872 -0.13943205404541525 0.59245843034884516
1403715575.362143 0.52655421424477211  1.1033137676113842  0.6171761048456782 -0.13923556956234268 -0.78446851603436374 -0.1405595211778925 0.58776323849466372
1403715575.4121432  0.4884555396986609  1.1097210727659277 0.62499057302293404 -0.14418398496653331 -0.78849773144325785 -0.14009009205074852 0.58125473941914607
1403715575.4621429 0.45393576360514526   1.113551417746709  0.6326369095019363 -0.14778746874314061 -0.79268370801579369 -0.14188495508429466 0.57417772740637973
1403715575.5121431 0.42068499237956808  1.1158595777773852 0.64143558870576978 -0.14979065650645088 -0.79535091667279079 -0.14654499759467476 0.56877433332657934
1403715575.5621431 0.38358010169987933  1.1135060784274229 0.65280082450701915 -0.14722961158364475 -0.79548590357680227 -0.15646627651261824 0.56660737993588162
1403715575.6121433 0.3511577066396176  1.111664649216568 0.6644031728912333 -0.14343253967790626 -0.79335755413230524 -0.16906675309800939 0.56694561543383426
1403715575.662143 0.31775916298844725  1.1048842301512272 0.67724956759758659 -0.14020116409863351 -0.79160431617740312 -0.18006171474491636 0.56681921198722141
1403715575.7121432 0.27985323326182238  1.0962238269709597 0.68858953973260084 -0.13671736347011346 -0.78976063063867008 -0.19075091950616507 0.5667456180038305
1403715575.7621431 0.24522763322354313  1.0825616532932487 0.70055607777349693 -0.13541030888065875 -0.78903686896729563 -0.19786229035189484 0.56562830703195355
1403715575.8121431 0.20998878337978602  1.0641023680058617 0.71131431889600272 -0.13696409967099141 -0.78986676427466973 -0.20089820032759823 0.56301975382814973
1403715575.862143 0.17472686726000408  1.0407045864587758 0.72172910790626532 -0.13971722809092182 -0.79049690649314275 -0.20130096145390367 0.56131244411387771
1403715575.9121432 0.13954907858937068  1.0125818496695069   0.733022372232491 -0.14411971617821651 -0.79056447398271812 -0.1984532223923593 0.56111820359637898
1403715575.9621429 0.10334492710042614  0.9794009112219082 0.74209338208233577 -0.15232100035836607 -0.79108060392919255 -0.18988392574836005 0.56118970560697379
1403715576.0121431 0.065449569576777833  0.94067892350201121  0.75260185075370456 -0.16094863666595396 -0.79109802858248468 -0.18055388681366652 0.5618360432410463
1403715576.0621431 0.023018963072973121  0.90523184336241624  0.76042678889192772 -0.16787498177933244 -0.7911458816343776 -0.17239692644656779 0.56230372950686436
1403715576.1121433 -0.014593778235189104   0.86446316688248392   0.76859680619906245 -0.17275811449770589 -0.79058637750605165 -0.16645101999547071 0.56340205139804367
1403715576.162143 -0.052866821745519453   0.82246246150092761   0.77747073902346375 -0.17759251098543519 -0.7894635422928904 -0.16044978921909089 0.56521153612766906
1403715576.2121432 -0.092158878839548042   0.77858211870455074     0.785264206128927 -0.18142468831396091 -0.78882306494414201 -0.15461327296692554 0.56651389259643681
1403715576.2621431 -0.12933134052871323  0.73358973164047769  0.79258309606894084 -0.18309186766062335 -0.78817039594971516 -0.15160984337977898 0.56769644206686098
1403715576.3121431 -0.16671926495001005  0.68768167116926615  0.80134494546965485 -0.18301624406962516 -0.78590137861065401 -0.15079024702873306 0.57107475772050598
1403715576.362143 -0.20458190554882874  0.64106454709578164   0.8122892419835106 -0.18101692509082204 -0.78260476314621086 -0.15214726924264713 0.5758592414761895
1403715576.4121432   -0.24132538066796 0.59376926500269289 0.82307526252177698 -0.17894624220051086 -0.77679787630924957 -0.15289321562388661 0.58411211798758611
1403715576.4621429 -0.27522391506634503  0.54432710051618438  0.83464740923969327 -0.17681935021687026 -0.7710442379878415 -0.15428858950862734 0.59196345461698141
1403715576.5121431 -0.31005793141272558  0.49300387799938222   0.8487048706428918 -0.17471023721512413 -0.76565969790662769 -0.15631707302071013 0.59900461825932927
1403715576.5621431 -0.3435963387886975 0.44049191221871087 0.86207935624970744 -0.17349638468672682 -0.76034816208731004 -0.15930456701775883 0.60530300828458594
1403715576.6121433 -0.37147950761031701   0.3875383769684716  0.87392665383615209 -0.17241277123461635 -0.75492435992112594 -0.16365446959913904 0.61121212495589683
1403715576.662143 -0.39675613633690177  0.33096263584134128  0.88569118943229341 -0.17306295776450309 -0.7531917618535251 -0.16706908672771353 0.61224121291019973
1403715576.7121432 -0.41782931569268933  0.27158675276253125  0.89637301168646977 -0.17481283809008635 -0.75261880899644495 -0.17139060853443103 0.61125335114816293
1403715576.7621431 -0.43292322808193873  0.21092922226236005  0.90670830581164075 -0.17935815968888236 -0.75389416048360747 -0.17381130754259513 0.60767086050926244
1403715576.8121431 -0.4459821571422527 0.14790884220484116 0.91740332366345867 -0.18550797769270641 -0.7575060026812015 -0.17575096494944567 0.60073541965964394
1403715576.862143 -0.45821925321098234 0.082330365468106251   0.9283146730705899 -0.19200371592402449 -0.76263003247542227 -0.17687444428292107 0.59181537458696609
1403715576.9121432 -0.46351214952425401 0.015782643649995112  0.93928060919334355 -0.19857660218116721 -0.76763615672481411 -0.17782047442033749 0.58282239390046198
1403715576.9621429   -0.4735928512656043 -0.054133437949195264    0.9512919191585576 -0.20484205717040177 -0.77163321342762281 -0.17836321712507244 0.57515952424206018
1403715577.0121431 -0.48272359168436135 -0.12654469995546697  0.96332470619244936 -0.21251798868795579 -0.77298483180210453 -0.17677382201283154 0.57103552441058691
1403715577.0621431 -0.48913409516326223 -0.19756494089388107  0.97543839334894977 -0.2219220552072052 -0.77278297855832323 -0.1732231633906921 0.56881526449987074
1403715577.1121433 -0.49400474325248694 -0.26878399891605326  0.98490181243079233 -0.23287762115439498 -0.77167863528654523 -0.16980719532255925 0.56696173929503535
1403715577.162143 -0.49880430549838978 -0.34020233593820465  0.99362042679194051 -0.24347601016600773 -0.76981086090121043 -0.16726753302154931 0.56580230055123004
1403715577.2121432 -0.50374642917067569 -0.41285522329343333   1.0016239988594313 -0.25281321307927512 -0.76768817445236726 -0.16549758747902343 0.5651114002010118
1403715577.2621431 -0.50778360163713843 -0.48411688144608256   1.0052773885733259 -0.25987391983115543 -0.76538279243170659 -0.16557725540400942 0.5650123001616062
1403715577.3121431 -0.51490843623867211 -0.55003221634407395    1.000408740445039 -0.26404763384510282 -0.76415624000871241 -0.16765246721239907 0.56412475406965179
1403715577.362143 -0.51822204015280371 -0.62060909723400859  0.99186737387301238 -0.26576772356181017 -0.7633490176271126 -0.1722029987770379 0.56303811737100995
1403715577.4121432 -0.51975366318074412 -0.69046635962794689   0.9783879707114842 -0.26616065572753606 -0.76307649309653758 -0.17660773128928112 0.56185628080055416
1403715577.4621429 -0.52118563123270267 -0.76004477884918176  0.96444642046351081 -0.26675644340350269 -0.76301752183099703 -0.18020245839304128 0.56051078069088234
1403715577.5121431 -0.51302395837684567 -0.82555512514612306  0.94455076588476827 -0.26814193865010677 -0.76234221237194622 -0.18361361224555517 0.55966087353945682
1403715577.5621431 -0.51294127238150733 -0.89666083293044896  0.93114647727423516 -0.26823694345296517 -0.76240776494974616 -0.1855537726391612 0.55888562297729405
1403715577.6121433 -0.51101062871258385 -0.96536138773753011  0.92009724184922981 -0.26926351844538737 -0.76243476984776049 -0.18629787734920814 0.55810705089326962
1403715577.662143 -0.51203958982116571  -1.0306414941536677   0.9121162023688566 -0.26983296868817797 -0.76245984667690214 -0.18618922350187406 0.55783395761295218
1403715577.7121432 -0.50879310259683053   -1.099718642770702   0.9084996680420212 -0.27177594218761991 -0.76267523180004404 -0.18420933318166643 0.55725330830381481
1403715577.7621431 -0.50576163158801102  -1.1652193633066918   0.9074339933234925 -0.27485304794255949 -0.76210235064917642 -0.18039742273337592 0.55777466690666455
1403715577.8121431 -0.50041709425628866  -1.2335559338635116  0.90695110901894327 -0.279204766545463 -0.76029096612572145 -0.17676263441558332 0.55924709765932046
1403715577.862143 -0.49438689795196877  -1.3006207668756522  0.90475988609889924 -0.28531421049659239 -0.7583319363015093 -0.17312344741254362 0.55996138048074895
1403715577.9121432 -0.48700257952701292   -1.366410532140276  0.89942632808298317 -0.29228750060924946 -0.75597803624431636 -0.17124153482470644 0.56012638078800048
1403715577.9621429 -0.47634028269294293   -1.419594568508181  0.88863782047376583 -0.30126167474765725 -0.75364314697158874 -0.16940072330711592 0.5590767436533407
1403715578.0121431 -0.4647255721502152  -1.482356699319525 0.87204691772426046 -0.31200603391914677 -0.75128509814260303 -0.16732382144794211 0.55697906144033871
1403715578.0621431 -0.45295771559208675  -1.5393766826213438  0.85336647635832008 -0.32432169694738638 -0.74913786802875004 -0.16506364862325351 0.55349966890476632
1403715578.1121433 -0.43967795710188751  -1.5972482648989412  0.83282805540801585 -0.34012794909341637 -0.74762335890193621 -0.15935624059926196 0.54770236447523513
1403715578.162143 -0.42382080158763602  -1.6543499190799282  0.80902630382786933 -0.35937484118503116 -0.74581287474026492 -0.15117068725342342 0.54014840804192255
1403715578.2121432 -0.40271337471943974  -1.7049772397997851  0.78345796123606071 -0.37640035195615457 -0.74196590147435437 -0.14957726836969132 0.53426212375920212
1403715578.2621431 -0.38207243671239222  -1.7509916383706809  0.75793310955978099 -0.3889765053242229 -0.73747317041426563 -0.15693173133136201 0.52934207552982948
1403715578.3121431 -0.36014110658512521  -1.7937307943312317  0.73413218920767631 -0.40044598407487247 -0.73210939430130517 -0.16752204990716588 0.52497162914674178
1403715578.362143 -0.33538862755715948  -1.8346168451727949  0.71016629962094191 -0.41032517669591412 -0.72667229282830137 -0.18135965729835149 0.52027810150894382
1403715578.4121432 -0.30892015266066841  -1.8547914727540213  0.68762308952728191 -0.41982982191191254 -0.72165816146431683 -0.19574414304841953 0.5144284683875826
1403715578.4621429 -0.27934577980947856  -1.8875188970905752  0.66332398667190318 -0.42902398157577315 -0.71806499074834296 -0.21081270548921122 0.50584493226558291
1403715578.5121431 -0.24780226628498386  -1.9146471455335385  0.63932601984612603 0.43810161562584066 0.7168600131352173 0.22494977613288353 -0.49353449136972155
1403715578.5621431 -0.21654886994947947  -1.9386699958973685  0.61480081335237846 0.44615793445468005 0.71910849138348365 0.23870138012519188 -0.47628534122900773
1403715578.6121433 -0.18668341064919358  -1.9534900825748789  0.58964399127118061 0.45545240128025533 0.72396724043816552 0.24700395261673136 -0.45543780292385494
1403715578.662143 -0.15553235573287721  -1.9686837673340098  0.56443489036168204 0.46348222929101773 0.72953523677356902 0.2528676446064243 -0.43476489709768451
1403715578.7121432 -0.12459431594493368   -1.982902671049668  0.54140210159251401 0.47138353581801368 0.73406553251823403 0.25562280167010182 -0.41665614047408028
1403715578.7621431 -0.10064061955648469   -1.993249299158232  0.51679146268472609 0.47867711812367386 0.73653917751728293 0.25806063417064523 -0.40222253250958384
1403715578.8121431 -0.077592112432103191    -1.997363983075866   0.49342422806977226 0.4850781761941525 0.73695811585777471 0.2587341689891845 -0.39325377080072549
1403715578.862143 -0.060507045486067362   -1.9957313226514213    0.4708897733325762 0.48934847222921019 0.73595783675342596 0.26139273500344529 -0.38804377760192738
1403715578.9121432 -0.044629989122364225    -1.988293044810429   0.45005676354090157 0.48968765207005799 0.73407375302892153 0.26749376803905278 -0.38702559680777854
1403715578.9621429 -0.032746707458307926   -1.9749962048471517   0.43081194905245429 0.48475364765738438 0.73167195010709685 0.27926806837074275 -0.38946040170704488
1403715579.0121431 -0.024632553418333054   -1.9564375828693183   0.41435440624642289 0.47712980371546992 0.7283110867101219 0.29382077143555385 -0.39443562929149101
1403715579.0621431 -0.02079624502122213   -1.932962237588935  0.39921098260986204 0.46653398071836844 0.72662562637966743 0.31060066228084748 -0.39735182460148361
1403715579.1121433 -0.020977218021250819   -1.9074712742236939   0.38964106680456173 0.45357524373276298 0.72512089595139262 0.32971816778318958 -0.39969377573476284
1403715579.162143 -0.027336576342343457    -1.884510858401693    0.3796269856782189 0.44024416597433719 0.72271537064300884 0.34877055691313635 -0.40277371561759018
1403715579.2121432 -0.045976608469969066   -1.8515200179257958    0.3788223616993458 0.42500967596688255 0.72000078114698485 0.36905437264641983 -0.40591196152960868
1403715579.2621431 -0.065252933070915564   -1.8264271063894408   0.37739978962173915 0.41607942131463893 0.71587536392115281 0.38165859606623109 -0.41077620980040408
1403715579.3121431 -0.090170417720184137   -1.8001945046957673   0.37628676208314105 0.41083717197215958 0.71252282593601102 0.38918352103047521 -0.41480143153610355
1403715579.362143 -0.12023066040592154  -1.7756324640346663  0.37221432352080969 0.40870214700064966 0.71105941672018014 0.39239770281730108 -0.41639056636086463
1403715579.4121432 -0.15494037101598909  -1.7505756259323548   0.3712212391007943 0.41107002284069116 0.70956909424701819 0.39189367456737778 -0.41707611373141246
1403715579.4621429 -0.19631375795450295   -1.730317928457386  0.37079935276466691 0.41354573376807446 0.70917931299697079 0.38828052091908316 -0.41866796530684658
1403715579.5121431 -0.24040916575349378   -1.713125456576204  0.36545389650696092 0.42013623239261066 0.70911663065581254 0.38078222760699376 -0.41909908792187323
1403715579.5621431 -0.28866956406530175  -1.6984931000607308  0.35983878382888396 0.42885232571888421 0.7081601413152615 0.36972867109486035 -0.42177672618137874
1403715579.6121433 -0.34143197526947466  -1.6840977256060954  0.35571702307601138 0.4323106897548889 0.70729377612712852 0.36446965143480875 -0.42426979029677436
1403715579.662143 -0.39745668303754517  -1.6709895061611049  0.35450039204253858 0.43364909594434481 0.70533606118498204 0.36093440098411067 -0.42915715136176968
1403715579.7121432 -0.45797299936153374  -1.6570483704768721  0.35345843239265595 0.43463915391189206 0.70259796845368316 0.35737684910543344 -0.43557627154722783
1403715579.7621431 -0.52042215309532647   -1.645165029511142  0.35453813085342556 0.43411566918489652 0.69989863452563439 0.35484071319000166 -0.44246305542961772
1403715579.8121431 -0.58587923141068388  -1.6325284145413843   0.3580300115519508 0.43186353055121068 0.69898160409531473 0.35539504622933027 -0.44566014992574382
1403715579.862143 -0.65412870333930395  -1.6207410178742565  0.36545414359135325 0.42900894221121266 0.69794085298432118 0.35848526809038245 -0.44756921900472701
1403715579.9121432 -0.72444886320880397  -1.6106203564909758  0.37449183332158287 0.42894339335542059 0.69672754668584291 0.35970199072944048 -0.44854516924289928
1403715579.9621429 -0.79713286874727007  -1.6018537351067812  0.38452570153225224 0.43294055147773425 0.69261380194585642 0.35871408061300208 -0.45185485347645676
1403715580.0121431 -0.8712112448532856  -1.595879499019921 0.39384805408304652 0.43899665147650146 0.68757940562027486 0.35757008603104684 -0.45459887212248828
1403715580.0621431 -0.9465085570500561 -1.5890347793581028 0.40084695188173924 0.44702943792857397 0.68097588748939708 0.35827122784204291 -0.45615594875420201
1403715580.1121433  -1.022616675819557 -1.5827426153611548 0.40453352995932557 0.45641338223417532 0.67350307127756348 0.35992235878424389 -0.45665778559489806
1403715580.162143  -1.099161654942572  -1.577937195760734 0.40464156734045881 0.4667140445312577 0.6655253434767866 0.36255946895209967 -0.45585595235836485
1403715580.2121432 -1.1760720595780634 -1.5740038462007899 0.40194097773204773 0.47759700214756001 0.65698868580627523 0.3660203271931296 -0.45419829407830403
1403715580.2621431  -1.253480746639325 -1.5708770256807396 0.39717217210483491 0.48877904385834264 0.64840381691936189 0.37016165194238854 -0.45127362865628323
1403715580.3121431 -1.3312051568435797 -1.5684935931351431 0.39212741115335864 0.50104258847148697 0.63832409014072622 0.37354851139232054 -0.449399810992826
1403715580.362143 -1.4090860180070364  -1.566843765690882 0.38635316888214433 0.51476594820987809 0.62638882681076524 0.37576722781908767 -0.44883409708641347
1403715580.4121432 -1.4856239807267644 -1.5666515892168582 0.38099450728597833 0.52836504316264954 0.61479139723927623 0.37840157350388715 -0.4468491559957255
1403715580.4621429 -1.5613391218220816 -1.5689726700630715 0.37663370632241427 0.54213073227342645 0.60251390331895649 0.37999473650465077 -0.44573003674959427
1403715580.5121431 -1.6364717265296371 -1.5712378256150896 0.37169413681430591 0.55499186655309807 0.59152196224561859 0.38103411278302696 -0.44373280376444202
1403715580.5621431 -1.7104048480880714 -1.5737610289176145 0.36824489943588751 0.56679405571587194 0.58188118328391192 0.38056274608757823 -0.4419624228772725
1403715580.6121433 -1.7822700576261954 -1.5774422054322585  0.3643548306356334 0.57841066285493425 0.57347909289108057 0.37718817424065143 -0.44078556728362045
1403715580.662143 -1.8525179190620689 -1.5800168709498319 0.36016220249516012 0.58997098412396387 0.56530757999670234 0.3720677628305657 -0.44037161324537211
1403715580.7121432 -1.9199292333940294 -1.5836682821732304 0.35644916206836741 0.60074109831511824 0.55800186126778228 0.36600013418488592 -0.44021353613159364
1403715580.7621431 -1.9836139531058239 -1.5857374706683778  0.3523687888615839 0.61013345769922589 0.55176271913927932 0.36032694660505304 -0.43984037685766747
1403715580.8121431 -2.0443169960785386 -1.5888653164568114 0.35037405734845745 0.61894613924327702 0.54463942961907952 0.35376838184052839 -0.44172559403998746
1403715580.862143 -2.0951207592107117 -1.5978071651250239 0.33684858905251785 0.62823825448205117 0.53747294519496813 0.34573774534162938 -0.44373972127236821
1403715580.9121432 -2.1466997201303522  -1.599708016803405 0.33442625423381539 0.63783827615925748 0.53014355043686834 0.33473731878246377 -0.44728187623768711
1403715580.9621429 -2.1905515500652606 -1.5988730255119719 0.33304216419955057 0.64636000987034004 0.52463214135375369 0.32427259524923568 -0.44925175332914902
1403715581.0121431 -2.2286323349020436 -1.5980221475030991 0.33250563195393407 0.65067475025648525 0.52442999785476885 0.32020070996608635 -0.44616930874492278
1403715581.0621431 -2.2585898564561968 -1.5930024980420969 0.33180983072366488 0.6540857727990621 0.52729112454654636 0.31665753135885066 -0.44029976110601171
1403715581.1121433 -2.2839533194346084 -1.5846163912078104  0.3341242883793451 0.65608889509063695 0.53178351271394553 0.31564160955757259 -0.43257835320352006
1403715581.162143  -2.303615288454405 -1.5740602889592272 0.33675591460007043 0.65551786591642225 0.536238875313366 0.31908777820699352 -0.42535536421439463
1403715581.2121432 -2.3150702870042377  -1.563831186203795 0.33979793353633242 0.65191747784594389 0.54111088874337887 0.32746967550372519 -0.41828963624242332
1403715581.2621431 -2.3214028403174587 -1.5518906636260175  0.3443026833293143 0.64772948171318534 0.54294544194585459 0.33524338363456718 -0.4162554976442181
1403715581.3121431 -2.3260954615909948 -1.5389491022808401 0.34787292568235922 0.64338921631634394 0.54360231659613012 0.34047007532731066 -0.41788391393517044
1403715581.362143 -2.3241399586428781 -1.5159123400022625 0.35308234665176302 0.63794021656992395 0.54584222042988262 0.34380912942029518 -0.42057559725470645
1403715581.4121432 -2.3200439838088314 -1.4967587523877435 0.35677477520742829 0.63096704250361579 0.55035691930581088 0.346398206097636 -0.42307934889190402
1403715581.4621429 -2.3131029823849052 -1.4766770718754711 0.36104585200337358 0.62157756948710174 0.55823107614921708 0.35007520799362768 -0.42363514901388033
1403715581.5121431 -2.3027492524422373 -1.4444990316410313 0.36622050724625183 0.60837705717073909 0.56899784670015974 0.35711492771871989 -0.42259642113878126
1403715581.5621431   -2.29440362901587 -1.4270365560764127 0.36901551899036644 0.59253777870856605 0.58152163119219058 0.36474864163807669 -0.42153291885909738
1403715581.6121433 -2.2829189282353144 -1.4041323427873269 0.36664113057403902 0.57652322833674052 0.59447064267303051 0.37052305033194355 -0.4206403349190479
1403715581.662143 -2.2699919180414732 -1.3785779084951435 0.36126389536671738 0.56017439557230053 0.60742902002015031 0.37415540388237034 -0.42100162223937804
1403715581.7121432 -2.2596239119935331 -1.3556728828949793 0.35550531053260537 0.54361794350764958 0.62126094185733816 0.37598244129845809 -0.42089378405281608
1403715581.7621431 -2.2472914182289365 -1.3301309448389007 0.34930942224491202 0.52605352303756769 0.63550677616328988 0.37698620697498136 -0.42104658661592548
1403715581.8121431 -2.2369970016748586 -1.3035198979300597 0.34185079843583416 0.50759250366923414 0.64963739318393843 0.37749659903103372 -0.42168403493134349
1403715581.862143 -2.2276348150687912 -1.2769845713106855  0.3370307979678282 0.49058692227011486 0.66263126265775962 0.37539862120007156 -0.42346210768757642
1403715581.9121432 -2.2215632887122276 -1.2511469961803035 0.33411240111284024 0.47664780144866059 0.67276717117479157 0.36865265074804049 -0.42928595348563442
1403715581.9621429 -2.2216582266783984  -1.219889270378707  0.3367653746693281 0.46690797753663238 0.67985968150709009 0.35766359135900877 -0.43802341191984917
1403715582.0121431 -2.2203001260793491 -1.1945575737164298 0.33903254536318078 0.45515532699441691 0.68382685352222305 0.34934255485733523 -0.45074853530128217
1403715582.0621431 -2.2199465278905102 -1.1718742442078527 0.34343454848279348 0.4432668261123322 0.68509286174638651 0.34087729190642002 -0.46686717973636954
1403715582.1121433 -2.2229487044349785 -1.1465280964204956 0.35120025252907505 0.430814707201229 0.68550054226632628 0.33635681315346855 -0.48099042491190475
1403715582.162143 -2.2258214571607935 -1.1237814428758826 0.35934518095758411 0.41965335448166763 0.68565474140703631 0.33208560865307185 -0.49344481574321242
1403715582.2121432 -2.2294688902673356 -1.1060432510584648 0.36403011709851429 -0.41039789797176157 -0.68549237104096006 -0.32801259959803569 0.50406498498699648
1403715582.2621431 -2.2334345103201119 -1.0880423348076389 0.36549798271077882 -0.40398252085320585 -0.68827971714449787 -0.32406608858901176 0.50798653923032044
1403715582.3121431 -2.2363188687082682 -1.0712685246141973 0.36215206893625118 -0.40087334146617515 -0.69377468916436957 -0.31858666820782633 0.50643832755515483
1403715582.362143 -2.2388257134065328 -1.0552819744273856 0.35698394986567639 -0.39957745475828277 -0.69979299449998877 -0.31360231521173298 0.5022760300785537
1403715582.4121432 -2.2416714162342388 -1.0411074791543566 0.35046769668052818 0.39911014341817186 0.70557803595689828 0.30944526336713424 -0.49710598223676339
1403715582.4621429 -2.2457548719852318 -1.0274725301351095 0.34361784289468866 0.40026969300059811 0.71156944154399959 0.30479564154002997 -0.49046174124407421
1403715582.5121431 -2.2499427251384629 -1.0162328010733441 0.33816506558612974 0.40204340221374152 0.7171600905122093 0.30074102674550018 -0.48331908936538176
1403715582.5621431 -2.2552614705549767  -1.004440731655033 0.33542590708302195 0.40438654762031911 0.72078365227950314 0.2972245874435957 -0.47812131444783335
1403715582.6121433  -2.2622377079055203 -0.99438698590579944  0.33607965437584009 0.40662319121891949 0.72379276711497031 0.29504904635500556 -0.47299859500848246
1403715582.662143  -2.2733228337668288 -0.98512838484526477  0.34171126152901826 0.40948686085896985 0.72547471265145635 0.29364129923131777 -0.46880885174332765
1403715582.7121432  -2.2847141394012076 -0.97248861809223686  0.34844255246732464 0.41293965194165744 0.72645709436873018 0.29257999192070361 -0.46490631553392103
1403715582.7621431  -2.2964207564636463 -0.95924148823527122  0.35425280573268614 0.41638930408943142 0.72674473452974142 0.29235151632657164 -0.4615112449060903
1403715582.8121431  -2.3120304107441645 -0.95092253579973318  0.35737034536443996 0.420387883819484 0.7274857584693073 0.29167167846198871 -0.45712813339946512
1403715582.862143  -2.3302974794090319 -0.94690142607817995  0.35587682533754184 0.42492701682596939 0.7287429625032571 0.29026854554902809 -0.45179076621618858
1403715582.9121432  -2.3464612481228508 -0.93416426189121338  0.35153262889697651 0.42936531966144686 0.73065847471569922 0.28910827933568495 -0.44519660647596049
1403715582.9621429   -2.364627326330687 -0.91887265046846689  0.34442239982756118 0.43407608027195344 0.7323279160717826 0.28736956914776024 -0.43896755074324978
1403715583.0121431  -2.3845766269013784 -0.89278883501229223  0.33543901451412794 0.43887612005021542 0.73336822295535586 0.28607268381388912 -0.43326806988802113
1403715583.0621431   -2.407663827009991 -0.88148685021912854   0.3236654391373765 0.4419754434967797 0.73379959730356825 0.28569333900316868 -0.42962212977472036
1403715583.1121433  -2.4331594752391457 -0.86292157198579822  0.30814327490351956 0.44455005644349166 0.73144018569178748 0.28673542953086817 -0.43029442887748437
1403715583.162143  -2.4623200953319166 -0.84187480838901252  0.29417731887341581 0.44334918245337235 0.7249746982584554 0.29232963178801213 -0.43863034058495443
1403715583.2121432   -2.492191479655586 -0.81736176966043561   0.2826704245025029 0.44167993143403517 0.71632553032655666 0.2984137992897592 -0.45027300292628547
1403715583.2621431   -2.523968092486446 -0.78979468177163903  0.27243567675718272 0.43971541735174635 0.70557992274841386 0.30400068374840328 -0.46517836217737513
1403715583.3121431  -2.5557187179835172 -0.76068701347459156  0.26201234956544223 0.43782944823456449 0.69482612779697495 0.30883817170779632 -0.47973014298193167
1403715583.362143  -2.5873193487493076 -0.73349055049226131  0.24984078474402699 0.43537062972698359 0.68363562473455541 0.31314576860132354 -0.49500957058627687
1403715583.4121432  -2.6195563436468916 -0.70597547616394729  0.23770281050012243 -0.4329916360506843 -0.67303906340798292 -0.31663734440488728 0.50919294414325689
1403715583.4621429  -2.6515986635775475 -0.68028124882571062  0.22636204610101132 -0.42982712064688211 -0.66422111478717571 -0.31962552389381155 0.52143885691699154
1403715583.5121431  -2.6813162925218856 -0.65598842380779165  0.21417023687613704 -0.42584402637912244 -0.65621185050336317 -0.32382257993716224 0.53214829622860693
1403715583.5621431   -2.707890615940856 -0.63387004317831197  0.20391641756330833 -0.42139154232634995 -0.64777531018819368 -0.32788332538938098 0.54342326090995663
1403715583.6121433  -2.7326204784271764 -0.61641317371750814  0.19280893657471432 -0.41396543100945449 -0.63645349224773617 -0.33470806365463723 0.55814880297227265
1403715583.662143  -2.7542075905581722 -0.60223070827156311  0.18186112798955734 -0.40457762302342581 -0.62437042299790724 -0.34448356028831861 0.57254659070263769
1403715583.7121432  -2.7714575694624606 -0.59317764562570774   0.1715407038942813 -0.39479264463986896 -0.61242037098307511 -0.35361336809801608 0.58654722132628656
1403715583.7621431  -2.7856217561916057 -0.59161140599461626  0.16030612663706117 -0.385370964328479 -0.6020782291497988 -0.36197949776840127 0.59829914677501972
1403715583.8121431  -2.7953064621474546 -0.59758707922125343  0.14954465036761921 -0.3771314037590523 -0.59319947988405941 -0.36896478284138645 0.60807176417493425
1403715583.862143  -2.8003181994962172 -0.61228424750370636  0.14178917917679298 -0.37168705330088825 -0.58659952916969682 -0.37213776439216617 0.61584349562173135
1403715583.9121432   -2.799096973796992 -0.63700281666298753  0.13712297006541346 -0.37063672929586045 -0.58411627277657541 -0.37121323387302985 0.61938463798515042
1403715583.9621429  -2.7933362791734804 -0.67238221019684485  0.13983306869413503 -0.37283202700965296 -0.58394967643335749 -0.36633896664183774 0.62112383350588085
1403715584.0121431  -2.7805590176737089 -0.71846948259585963  0.14522828531148901 -0.37812759954890862 -0.586107443635009 -0.3578110805452358 0.62086134813987714
1403715584.0621431  -2.7617084268620635 -0.77200270631009471   0.1555138023205396 -0.38585747825468542 -0.59133119929558453 -0.34757481989073463 0.61695475019850854
1403715584.1121433  -2.7403603313138949 -0.83420977152859732  0.16503836262550559 -0.39600500200713351 -0.5996225763665789 -0.33456841532737469 0.6096694020222484
1403715584.162143  -2.7077924637243216 -0.90378830521275777  0.18483310275203862 -0.40705220245186619 -0.61039561857059643 -0.32144370297252489 0.59866488048675037
1403715584.2121432  -2.6667749855882357 -0.98116249043145509  0.20752387418809945 -0.41907352014079952 -0.62272950806921867 -0.30607861094851052 0.58557768777208208
1403715584.2621431 -2.6221110760793658 -1.0627178382263522 0.23218032877023406 -0.43083187485532831 -0.63849995435039064 -0.29124218630466403 0.56734442168727728
1403715584.3121431 -2.5744021495320282 -1.1433802544673926 0.25545184853894731 -0.44050602154564278 -0.65355189428528215 -0.27776356751611214 0.54924654484017599
1403715584.362143 -2.5254739174809711  -1.222925242208531 0.27523245108183558 -0.44873001303006704 -0.66558087123737941 -0.26566780803627893 0.53391393971512469
1403715584.4121432 -2.4723756009042877 -1.3021169000705568 0.29001231152333534 -0.45386362259081592 -0.67650804594902603 -0.25799895555509639 0.51940467343628238
1403715584.4621429 -2.4196624580490962 -1.3775985192812592 0.30149631514277953 -0.45730006832182685 -0.68508366812336852 -0.2534543432448369 0.50724541503478482
1403715584.5121431 -2.3642729152175574 -1.4541617390411699 0.30877424846386325 0.45910095473835566 0.69103519204941655 0.25057364939218718 -0.49890833119706235
1403715584.5621431  -2.306377109466871 -1.5308267749615394 0.31432928659113679 0.46072521775807546 0.69585805502707487 0.24852004118554524 -0.49168244844090742
1403715584.6121433 -2.2490761556420948  -1.600435345560427 0.32121596601928631 0.46091331496753368 0.69980275739099707 0.24869150819427802 -0.48578549853371678
1403715584.662143 -2.1904454884041509 -1.6665174568322281 0.32667880641178354 0.45871141037498836 0.7050342889794543 0.25204558367606239 -0.478522222163629
1403715584.7121432 -2.1320639269594235 -1.7296842743022971  0.3343416174656294 0.45417521324821675 0.71170429372839228 0.25831716631441531 -0.46954671284846422
1403715584.7621431 -2.0724334275508216 -1.7896393831233535 0.34505715939615095 0.44980879708226063 0.71785713650271965 0.2641627347807024 -0.46105447312948378
1403715584.8121431 -2.0141895122947822 -1.8427256299989958 0.35375352897688744 0.44692737109113245 0.72160159675432101 0.26976316069100648 -0.45472507921290412
1403715584.862143 -1.9591000504984917 -1.8953799376439322 0.36411752917614415 0.44519612925919599 0.72434036270371593 0.27405183389307186 -0.44947417922581806
1403715584.9121432 -1.9053050878283717 -1.9438237071674396 0.37361484472772355 0.44379644159059267 0.72834020509982966 0.27735134979843407 -0.44231379453014158
1403715584.9621429 -1.8548710398552923 -1.9931041873379913 0.38208369584669094 0.44103040441287517 0.7340478335147782 0.28207734327569145 -0.43254864802262905
1403715585.0121431 -1.8056462216712599 -2.0358156082062342 0.38850081324051394 0.44149067363177974 0.73959793411677421 0.28243567729510782 -0.4222688351479551
1403715585.0621431 -1.7614290908458361 -2.0779906562096597 0.39218714745860495 0.44442679040188371 0.7440485487891868 0.27953288599102905 -0.41320449013449922
1403715585.1121433 -1.7201383278880888 -2.1168927604847552 0.39712889372850868 0.44888493098077437 0.74715964103596721 0.27494110078996969 -0.40578588028884144
1403715585.162143 -1.6832377253662913 -2.1510927664446924 0.40517441101113494 0.45224414096817983 0.75003081186269305 0.27139159068868174 -0.39909350122497589
1403715585.2121432 -1.6514747440977191 -2.1797388106403597 0.40746548603370142 0.45521495770056697 0.75065668359568261 0.26806752011530161 -0.39677914551805105
1403715585.2621431  -1.621997128893564 -2.2053064337716188 0.41393088394507693 0.45444378867366042 0.75010179253476061 0.26923881937580635 -0.39791783311783158
1403715585.3121431 -1.5995534922150829 -2.2234486660885602 0.42269544698203348 0.45257589114213592 0.74689582325846759 0.27178509574722542 -0.40429513190938754
1403715585.362143 -1.5803798572478249 -2.2385340928874897 0.43066478616069814 0.44803067271114455 0.74397024913661669 0.2772368792274949 -0.41099452247663731
1403715585.4121432 -1.5625074767964908 -2.2503089595833128 0.44035423113260286 0.4439709391651192 0.74059883426223394 0.28210863460347918 -0.41811229370639535
1403715585.4621429 -1.5492779256576434 -2.2575710546101946 0.45057118247887906 0.44020174470139412 0.7380832918416308 0.28576552056183624 -0.42402068997172015
1403715585.5121431 -1.5392538055194775 -2.2628616301035875 0.46121111272531423 0.43544744082017856 0.73526607471568439 0.29078107861482444 -0.4303669248152629
1403715585.5621431 -1.5314045975158255 -2.2687834830409552 0.47172042868310166 0.42996461469132347 0.73213469114286389 0.29620879481683687 -0.43745808257665353
1403715585.6121433 -1.5235750291242942 -2.2756488259062833 0.48118063705757586 0.42593554985981402 0.72991009306284915 0.29997705767117377 -0.44251997500852541
1403715585.662143 -1.5199255855215326 -2.2777487079820768 0.48912820284898223 0.42278037830500953 0.72818852768163955 0.30265115467395948 -0.4465428293541821
1403715585.7121432 -1.5198092756673098 -2.2779442866178634 0.49484949181403975 0.42136406642763846 0.72813433352529289 0.3033638903703873 -0.44748526890232487
1403715585.7621431 -1.5215102963498885 -2.2777993101474179 0.49776097616022086 0.4208403796469149 0.72806426598905938 0.30310136585053171 -0.44826929570069263
1403715585.8121431 -1.5255298401636002 -2.2765131958076488 0.49511813990283199 0.42259490172498021 0.72704648379336934 0.30007501056689684 -0.45030206247920873
1403715585.862143 -1.5320106233660018 -2.2740810798232873 0.48516334003878564 0.42547390823075415 0.7259973954616098 0.29555956239332065 -0.45226571866069576
1403715585.9121432 -1.5338484280322706  -2.276619728823519 0.46941441985754329 0.43106251543719598 0.72338924653908454 0.28705293301867252 -0.45661112494326095
1403715585.9621429 -1.5415174595592136 -2.2730372277174933 0.45277469015160415 0.43807305539393576 0.7196460831246233 0.27793846163779545 -0.4614669270095369
1403715586.0121431 -1.5501853632760954 -2.2677498573774395  0.4358742996503438 0.44663430266064863 0.71430367052656074 0.26669062848676756 -0.46814973527329024
1403715586.0621431 -1.5589585807689574 -2.2599313223119588 0.42162221544553763 0.45358239436581971 0.70709484049434812 0.25823271901903333 -0.47706997484192987
1403715586.1121433 -1.5626693164476384 -2.2560817513024598 0.41698097255337124 0.45396995838405685 0.69845612049443873 0.25711609389446216 -0.48985879484713757
1403715586.162143  -1.568572314965144 -2.2440410922665461 0.41145514354084739 -0.45138537435226639 -0.69095268319331582 -0.26156013976056075 0.50042174882518631
1403715586.2121432 -1.5729519084723309  -2.230249169731735 0.40895778012214651 -0.44597825535567892 -0.6860927476865728 -0.2701492449125385 0.50734556546300758
1403715586.2621431 -1.5750699738576979 -2.2164134738235526 0.40867767931971904 -0.43792733444343324 -0.68415297048022905 -0.28237050894683668 0.51031486202877996
1403715586.3121431 -1.5747189625417575 -2.2042844995446913 0.40856920115867834 -0.42879203577489322 -0.68467909570237451 -0.29513715093389475 0.5101431055133695
1403715586.362143 -1.5742619054517111 -2.1914831120750851  0.4087317606622905 -0.41900704577756304 -0.68528935280987058 -0.3089984759463742 0.509246050919402
1403715586.4121432 -1.5730455278017841 -2.1816227340198671 0.40992000350107649 -0.41000642702241813 -0.68531011102081529 -0.32089340938260968 0.50918778593732317
1403715586.4621429 -1.5729720219097583 -2.1730021074623687 0.41080849027443389 -0.4029135878045072 -0.68444914270232782 -0.32971611291286079 0.51036976468260908
1403715586.5121431  -1.573204204348428 -2.1661749074557632 0.40994770730268337 -0.39789889371171017 -0.68355482635559273 -0.33589346488874744 0.51147321532413059
1403715586.5621431 -1.5732375216725429 -2.1626039078319357 0.41006083952382749 -0.39521411286905783 -0.68237121925477928 -0.33867418589043075 0.51329827579422427
1403715586.6121433 -1.5735321470288492 -2.1618685290052775 0.40936162361620126 -0.39403895552448553 -0.68145603884987827 -0.34005749542567182 0.51450157283435483
1403715586.662143 -1.5737000941130146 -2.1639981738757892 0.40871152603747346 -0.39491348843064872 -0.68204711088235637 -0.3393900951100709 0.51348752519778273
1403715586.7121432 -1.5744329985904868 -2.1662860033262104  0.4099403751081459 -0.39836511284645693 -0.68297950784517836 -0.3353166258251894 0.51225676098573614
1403715586.7621431 -1.5757493995150609  -2.174880655183395 0.40900527308462553 -0.40407642180218634 -0.6852027320967965 -0.32798298027204503 0.50955532174877216
1403715586.8121431 -1.5764787026977021  -2.185132105985796 0.40647162986614988 -0.41209086233081871 -0.68841943819310447 -0.31843089233544236 0.50483815734132731
1403715586.862143 -1.5770175189404712 -2.1969373790425557 0.40411578425148659 0.42022183182115069 0.69234350821537083 0.3086403360139891 -0.49881381464237862
1403715586.9121432 -1.5774978010926817 -2.2094882531831135 0.40257456340806957 0.42700757704669379 0.69608554547723045 0.30091861246666396 -0.49252150328033018
1403715586.9621429   -1.57920265515747 -2.2222281532276056 0.40582943460774001 0.43148257730915601 0.69901718744179198 0.29607667035150204 -0.48737702286133966
1403715587.0121431 -1.5826447257543006 -2.2285511551361599 0.41243262174978634 0.4347764884872482 0.70028997647977742 0.29324004162175349 -0.48432802096339933
1403715587.0621431 -1.5835514373641966 -2.2399837868663588 0.41339449457300298 0.43704179683576494 0.70049345284291276 0.2917445083824402 -0.48289598483676399
1403715587.1121433 -1.5845958169494185  -2.250451549468429 0.41532712728069682 0.43742373035257909 0.69944396465167591 0.29261093805402055 -0.48354674993006175
1403715587.162143 -1.5857121103481793 -2.2603748409981108  0.4189480461156721 0.43399842378274522 0.69791307059946017 0.297703689876194 -0.48573164100625016
1403715587.2121432  -1.587868491546242 -2.2617167442633033 0.43669434385209199 0.42918414651887482 0.69541398489804629 0.30385662814169206 -0.48976678891023878
1403715587.2621431 -1.5893785721557532 -2.2709701647513625 0.44360120620998861 0.42466697768899686 0.69369729604399299 0.30850620377687343 -0.49321997298662601
1403715587.3121431 -1.5916968482113831 -2.2804551101053265 0.45126930441644625 0.42096597504027899 0.69234352183973591 0.31105029504799453 -0.49668481915143531
1403715587.362143 -1.5944511869402371 -2.2910364279374242 0.45859534229333992 -0.42022244995509517 -0.69076313703046688 -0.30867739204317174 0.50097669478229423
1403715587.4121432  -1.597272377725407 -2.3024476493114574 0.46583157517619378 -0.42111972662265035 -0.68816871420600345 -0.30416256539431485 0.50652456055957373
1403715587.4621429 -1.5995688487710189 -2.3150587723545688 0.47281825978467029 -0.42390923459896818 -0.68602698439246812 -0.29818343644878476 0.51064133766733655
1403715587.5121431 -1.6006457084504244 -2.3270991469945241 0.48036495217107977 -0.42871324554942836 -0.68395919291061258 -0.2920775416771228 0.51292834311567115
1403715587.5621431 -1.5998209704183415 -2.3398137049030456 0.48771205252033195 -0.43576092223626101 -0.68048452713661289 -0.28597805178365149 0.51504347474508494
1403715587.6121433 -1.5965533337205378 -2.3538989638174699 0.49550519419218353 -0.44450667813528105 -0.67657412924317872 -0.28038914811408922 0.51579374400222011
1403715587.662143 -1.5905722729041973 -2.3681607607553654 0.50595861649373719 -0.45438992477322487 -0.67233628072638385 -0.27660332009125316 0.51476628211071884
1403715587.7121432 -1.5824906692943146 -2.3809551554348087 0.51400368088443016 -0.46478187831622303 -0.66889811621394724 -0.27520971975810166 0.51069827282353686
1403715587.7621431 -1.5713498619735473 -2.3927949468498091 0.52219963805192715 -0.47574975370185468 -0.6640682443548287 -0.27685806930675261 0.50598927671627336
1403715587.8121431 -1.5568279698638117 -2.4059902057243989 0.52976255537525874 -0.48717690078116782 -0.65742622268026618 -0.28146973970524658 0.50122271966449605
1403715587.862143 -1.5392341882028904 -2.4160037096784452 0.53914821310154948 0.49832854774740981 0.64942167822674401 0.28946522081938625 -0.4961149345515623
1403715587.9121432 -1.5191269353495789 -2.4250229941272847 0.54956093856611177 0.50845726763030008 0.64113596648658067 0.30143243477231757 -0.48944291468819928
1403715587.9621429 -1.4961899023297316 -2.4330613156084593 0.56046940264463285 0.51727496714584453 0.63129394078961543 0.31711025655842628 -0.48304829351942863
1403715588.0121431 -1.4696731286737461 -2.4411208045250743 0.57114839471590217 0.52520669273934462 0.62064893139637967 0.33403360387652453 -0.4768379025828306
1403715588.0621431  -1.437598359794019 -2.4481882444458494 0.57722612123810546 0.5329485272827823 0.60871128498920324 0.35164972873116795 -0.47093407933298093
1403715588.1121433 -1.4061435513092257 -2.4583107868976048 0.58299042696179548 0.54037653585157452 0.59683278864141731 0.36864882895326334 -0.46463088878694786
1403715588.162143 -1.3778892053235392 -2.4678747480479921 0.58524242420166517 0.54820597723508591 0.58396181742077291 0.38527758620913932 -0.45827937318104517
1403715588.2121432 -1.3464372443646568 -2.4794930850590902 0.58428762278747615 0.55620993325720236 0.57076288798769825 0.40055908392263484 -0.45212017885626399
1403715588.2621431 -1.3148538446396185 -2.4930305008036426 0.57711986600226084 0.56548961422166388 0.55720966570109487 0.41327867800924689 -0.44602647786834032
1403715588.3121431 -1.2904260631120874 -2.5032333327566945 0.55825532034914738 0.57667233377775651 0.54309471910447049 0.42425739896818077 -0.43875141590302114
1403715588.362143 -1.2588488890122373 -2.5200828293450575 0.54156258862907469 0.58706703553290629 0.52997646912821084 0.43371661679711021 -0.43170259933786448
1403715588.4121432  -1.227113444673148 -2.5399268654757607 0.52387461775922151 0.59684760549053062 0.51777585477428423 0.44298506103524976 -0.42360988625452939
1403715588.4621429 -1.1938402169384805 -2.5630602368066056 0.50766299955482042 0.60593249470936594 0.50625198728289589 0.4516002604745849 -0.41546593358143108
1403715588.5121431 -1.1618603935112546 -2.5877513639810719 0.48856544047620687 0.61597611591526258 0.49533124782440657 0.45816386137157927 -0.40657872015606972
1403715588.5621431 -1.1283153310658085 -2.6164586228771713 0.47250987904670233 0.62538793141025151 0.4841425838344815 0.46469874783437981 -0.39818458976414206
1403715588.6121433 -1.0959772806397752  -2.646420380754483 0.45528575380049308 0.6358505806531225 0.47411679120783579 0.46904095339430529 -0.38846864920715773
1403715588.662143 -1.0624408542938237 -2.6791265166609746  0.4379697095355054 0.64736564003522534 0.4650710323315691 0.47088666733101031 -0.3780111235370277
1403715588.7121432 -1.0288230861446566 -2.7136476367039641 0.42097364637836499 0.65894236319091692 0.45753235182470248 0.47210545651342994 -0.36547988584376595
1403715588.7621431 -0.99548272313795694  -2.7499836860074445  0.40520289537748866 0.67087937108394691 0.45040086980832317 0.47223531408815056 -0.35221262620465471
1403715588.8121431 -0.9597762485140261 -2.7878285257957285 0.38827918413585583 0.6831681879992888 0.44476402344082788 0.47149116795005336 -0.33639600013018817
1403715588.862143 -0.92610036383879279  -2.8182157368600187  0.36518003603110849 0.69614331448676581 0.4400736599126947 0.46915175726594532 -0.31877309830144274
1403715588.9121432 -0.89096400286862465  -2.8553248235566335  0.34752576498009402 0.70926068347340154 0.43586782053514528 0.46567005942410167 -0.3001998028925727
1403715588.9621429 -0.85495268613183595  -2.8908447340313645  0.32957578611577515 0.72201127415189115 0.43087236631777998 0.46181884942903806 -0.28243950547563118
1403715589.0121431 -0.82295269109615143  -2.9194935131189466  0.30812342606322002 0.73404534355743478 0.42518909266199439 0.458310755996161 -0.26522239728413788
1403715589.0621431 -0.78389712435862524  -2.9453373607793898  0.28494946131571214 0.74493940937402603 0.41768688117188146 0.45527071340722841 -0.25165755139088802
1403715589.1121433 -0.7442240204832643 -2.9722553674609427  0.2706223598146637 0.75331918476566584 0.40946147391848969 0.45516183427100715 -0.2401649680189491
1403715589.162143 -0.7053019582986142  -2.994772169253884 0.26129484352039889 0.76093880990362162 0.40096544084066899 0.45498572967997858 -0.23062269754186276
1403715589.2121432 -0.66620922243676106  -3.0076547201164123  0.25095501303124573 0.76687891840344657 0.39237595440187073 0.45643172436981166 -0.22272834553415388
1403715589.2621431 -0.62439644930507276  -3.0215914006356375  0.24900462554557004 0.77235596187370181 0.38406897096126047 0.45804930158927226 -0.21482116054171052
1403715589.3121431 -0.58136718730836712  -3.0316245358360727   0.2511400065435791 0.7786899498931622 0.37594732431269573 0.45754520766325774 -0.2072630073647872
1403715589.362143 -0.53529888854245922   -3.037912753863663  0.25234565306119522 0.78563562617721783 0.36832400669025561 0.45580754246816652 -0.19837735053654224
1403715589.4121432 -0.48781754222619989   -3.042836463172621  0.25766147677139972 0.7924040574545127 0.35966106665113051 0.45397862072158629 -0.19142397653565382
1403715589.4621429 -0.43704157857695997  -3.0389503754137466  0.25432492570590004 0.79922716829420337 0.35014182389430148 0.45215473271341078 -0.18491277485686425
1403715589.5121431 -0.38686363972181659  -3.0257481326732143  0.26027659109210127 0.80525054287338871 0.34235357007024431 0.45040326516365176 -0.17748942219803529
1403715589.5621431 -0.33132570125240929  -3.0074899275322684  0.26677423990339044 0.80978010304266479 0.33650876199068314 0.44936467864188617 -0.17055621773709531
1403715589.6121433 -0.2723428754740066 -2.9857363949580722 0.27649103990887319 0.81360382200957693 0.33175695779374381 0.44809041624328588 -0.16492762242198172
1403715589.662143 -0.20972075047469305   -2.950192380955746  0.28947040302492982 0.81568996469122801 0.3271904256062822 0.4486531488602008 -0.16219327640635842
1403715589.7121432 -0.14467063089900317  -2.9220833981289234  0.30680681493627171 0.81479267043681647 0.32366159049865051 0.45332211288702906 -0.16079533888134048
1403715589.7621431 -0.074660202532090936   -2.8845545854032402   0.32646178364790518 0.80965340584272594 0.31983824664909216 0.46450088388230143 -0.1624924221626029
1403715589.8121431 -0.0020943713231426982    -2.8455699519499444    0.35473290922011119 0.79947174937917509 0.31611895426076375 0.48274744234262762 -0.16693901764816452
1403715589.862143 0.075204186854170477  -2.7992734680448921    0.384980318978693 0.78753196574811413 0.3120489806694613 0.50202259181444642 -0.17433345604320197
1403715589.9121432 0.14938978659074398 -2.7535483733406476 0.41628061369548353 0.77806657284379932 0.30730290906817376 0.51681723358245613 -0.18187159584036122
1403715589.9621429 0.22291659258764424 -2.7060029441929654 0.44659205150343578 0.76992441279281021 0.30344941367593392 0.52870840921745366 -0.18868563789575502
1403715590.0121431 0.29736769632328097  -2.657203699474874 0.47642338594118344 0.76368724698732526 0.30122169078013755 0.53668185028037352 -0.19498685435718469
1403715590.0621431 0.37004356785876358 -2.6084839773583393 0.50225027826203494 0.75927068190647362 0.30052545418272009 0.54212012475584848 -0.19823787055013431
1403715590.1121433 0.44209311638366988 -2.5592465936637505 0.52353841166528037 0.75663648321187194 0.30132301001657219 0.54505179847358343 -0.19905831529487913
1403715590.162143 0.51134855211727881 -2.5105418640638724 0.54675912086582668 0.75557317800824697 0.30340826217053601 0.54558906404256857 -0.19845697850750177
1403715590.2121432 0.57932506815749885 -2.4612518548049516 0.56818918755807624 0.75638603853101027 0.30744992876643989 0.54261769281079553 -0.19728340392837224
1403715590.2621431 0.64079442689816013 -2.4151351908866414 0.59289539634498722 0.75600264449890286 0.31281780471263593 0.54076575863972209 -0.19539042158774997
1403715590.3121431 0.70448117277405098 -2.3655436238180085 0.61587338151745241 0.75413934827878881 0.32138945005881181 0.53890007140750784 -0.19382821725827543
1403715590.362143  0.7672972738211109 -2.3156734085066781 0.63651312529217197 0.75039764970242784 0.33258888647953694 0.53817291911682397 -0.19146255258052633
1403715590.4121432 0.82658083894328993 -2.2645992464555231 0.65954893539247528 0.74583306068870237 0.34532156097773614 0.53709452733520391 -0.18977759038989905
1403715590.4621429  0.8843210648922597 -2.2093945511706128 0.68033994495305394 0.73941440626804034 0.3590720874418431 0.53669481703532929 -0.19050523664942423
1403715590.5121431 0.93943192329653369 -2.1517292690791172 0.70031343257444056 0.73312533939242519 0.37356080783283008 0.53471768673281561 -0.19250079243247645
1403715590.5621431 0.99172067405555064 -2.0913007002588593 0.72656556108292059 0.72527268486645657 0.3899101595911636 0.53269110522677876 -0.19542207256721997
1403715590.6121433  1.0413683740443664 -2.0282917205122644  0.7460320997272275 0.71906814718546519 0.40555910428009567 0.5277819759896919 -0.19977236660560729
1403715590.662143  1.0891579169184067 -1.9645996486404897 0.76523993643143884 0.71502040499534103 0.41848605055062288 0.51939694017802029 -0.20938496715034297
1403715590.7121432  1.1329636318318352 -1.8980495255890171 0.78218166865512273 0.71264115503585546 0.42915293005180871 0.50800481322394608 -0.22338633914904685
1403715590.7621431  1.1699066171627821 -1.8272009351078928 0.80559423622218174 0.70842513686952324 0.43894009381360477 0.49805389948735251 -0.23959910830331455
1403715590.8121431   1.204630633396844 -1.7560684337199102 0.83070465305474028 0.7017260733911006 0.44833135904731736 0.49027535596687299 -0.2573122339677017
1403715590.862143  1.2380002338464569 -1.6824072766778231 0.85329164439907901 0.69286745637238312 0.45824651339532024 0.48459667778094773 -0.27406364360265811
1403715590.9121432  1.2724601622113831 -1.6091724058189791 0.87211364857939389 0.68228734154152271 0.46903465078359913 0.47983789433061691 -0.29025174435456624
1403715590.9621429  1.3086810410495386  -1.537131983766399 0.89023128660449491 0.67171934736006245 0.48174272303313298 0.47398399313879341 -0.30340771485741463
1403715591.0121431  1.3392926075453779 -1.4640467847715233 0.90969654741524164 0.66115007565658601 0.49607036294735274 0.46686720522185227 -0.31437204893709852
1403715591.0621431  1.3649217541102416 -1.3900089832344666 0.92932450437039871 0.65028008479765864 0.51170089217163517 0.45818784578227695 -0.3245949880138308
1403715591.1121433  1.3920083355977577 -1.3157519391733081 0.94683097869093058 0.63854528978954672 0.52771462992510088 0.44975080966223629 -0.33391824067990145
1403715591.162143  1.4170396380337269 -1.2415417497984105   0.965340430173113 0.624824367848689 0.54568110932697622 0.4422782404290071 -0.34090555042297049
1403715591.2121432  1.4413948992212016 -1.1664309349615727 0.98138247417443414 0.6103245199955174 0.56398705677852357 0.43468467302683228 -0.34709049989029628
1403715591.2621431  1.4628632169961291 -1.0916224617335124 0.99627879899881144 0.59396942582152645 0.58271532123255743 0.42850653917053544 -0.35217228948083618
1403715591.3121431  1.4821892760486624 -1.0153361833748233  1.0081282072900606 0.5768166311316355 0.60089395815534663 0.42240964896921745 -0.35746204492232986
1403715591.362143   1.4994787602425073 -0.93885041074196596    1.022288663040253 0.56077233328129206 0.61675577650298141 0.41486203323008564 -0.36474127235707693
1403715591.4121432  1.5125695984589715 -0.8610653089049044  1.0344629685506852 0.54444212038565243 0.63207081362497164 0.40731771400447758 -0.37170087970249371
1403715591.4621429    1.520049773851359 -0.78423232141779942   1.0456262743027578 0.52859643879112872 0.64577502993572755 0.3990727637131451 -0.37987016844074356
1403715591.5121431   1.5264050724043257 -0.70688895392952389   1.0555937111217777 0.5143019858640604 0.65905872523049736 0.38860351241822438 -0.38745628678607658
1403715591.5621431   1.5316255635660081 -0.62871959872109129   1.0637610422870742 0.50021007178365584 0.67129608603410473 0.3772577683421226 -0.39601518302585698
1403715591.6121433    1.534139054497299 -0.55031995603134332   1.0693914741115169 0.4874236982937149 0.68235087715402254 0.36413802774388676 -0.40523933118541966
1403715591.662143   1.5320633328459412 -0.47240837618263848   1.0709041500799272 0.47415975409519046 0.6918170982464138 0.35252727822875501 -0.41507366608221063
1403715591.7121432   1.5299336555245968 -0.39241059285647362   1.0709741156362398 0.45845874384796337 0.70110330865115678 0.34468713236868176 -0.42362779838816422
1403715591.7621431   1.5287692018969488 -0.31232689157151533     1.07056874606522 0.44302386777714869 0.70969496112967156 0.33720756846721239 -0.43168735271647668
1403715591.8121431   1.5168984131819894 -0.23995209703684434   1.0656044863886276 0.42779594305351643 0.71814620106603833 0.32997858287616288 -0.43860095741392235
1403715591.862143   1.5060334028664766 -0.16183722682217766    1.054990943875632 0.41363733646544659 0.72600834166166228 0.32248780691066037 -0.4447669683254441
1403715591.9121432    1.4904880420175526 -0.086843102301946473    1.0457562628255381 0.398640786135951 0.73395713703299037 0.31580928438009914 -0.45017434458949002
1403715591.9621429     1.4659089544685344 -0.0088265510469121324     1.0302587369981488 0.38204359834215423 0.74222750225487855 0.31091423328083129 -0.45439340158683644
1403715592.0121431  1.4440431912604934 0.06589530272718791  1.0109977090729627 0.36412769818466378 0.7511569972778479 0.30723848663783704 -0.4569230757838319
1403715592.0621431   1.415629631323386 0.13713440515820977 0.99413565022350059 0.34646775726368495 0.75939088308490577 0.30280495046575373 -0.45999428457061492
1403715592.1121433   1.391438223992538 0.21079813203334136 0.97496032897263951 0.32832090137385972 0.76694758208330449 0.29786413550446816 -0.46397602183497066
1403715592.162143  1.3587901244844105  0.2730905994614175 0.95651137435700484 0.30969940889280317 0.77218221031620182 0.29269974126741671 -0.47132554743470123
1403715592.2121432  1.3220379715416095 0.33880159937443421 0.94014027204922246 0.28962027729889794 0.77577462850868584 0.2872290523274143 -0.48144915851896053
1403715592.2621431  1.2811692495940827 0.40094303699450329 0.92695257452770385 0.26984164844064501 0.7798190410491167 0.28056687811833642 -0.49025501005803307
1403715592.3121431  1.2370655144429734 0.46108405825392079 0.91915547374012574 0.24993978115255147 0.78380135973756893 0.27350432213253217 -0.49837829010278623
1403715592.362143  1.1890962097417186 0.51219539698465244 0.91394724951421591 -0.23066217926180441 -0.78833475164742139 -0.26552274247449398 0.50479793148547791
1403715592.4121432  1.1383021350017843 0.55958471156296985 0.90721749193777601 -0.21077510437943436 -0.79330862678100522 -0.25709431221555717 0.51003705029643098
1403715592.4621429  1.0830736503138532 0.60340013520411762 0.90642558045317567 -0.19202489833798542 -0.79846488873099608 -0.24816358365574168 0.51380453056510145
1403715592.5121431  1.0267351177149291 0.63990308949955654  0.9028181719405145 -0.17227078288791725 -0.80252179720133943 -0.23991315505129646 0.51838520466275728
1403715592.5621431 0.96688215702358971 0.67108287120083032 0.89917813851975747 -0.15232613457521324 -0.80582424309767198 -0.23178847049959075 0.52318079370796711
1403715592.6121433 0.90456341561279519 0.69946512395640792  0.8988848454792927 -0.13271094156674601 -0.80869439162485945 -0.22352839469950558 0.52767058256646104
1403715592.662143  0.8397798220387902 0.72091804291748895 0.89705639948919291 -0.11216124028352613 -0.811435240033897 -0.21597913839659444 0.53136213563506574
1403715592.7121432 0.77283111085343448 0.73705410361730161  0.8959292677444336 -0.092099947333369486 -0.81388651404073009 -0.20695278351520877 0.53504849066147853
1403715592.7621431 0.70639771518449568 0.74969932118930005 0.89462833189039037 -0.074133104648188675 -0.8165987574674558 -0.19416246352634969 0.53849019476236248
1403715592.8121431 0.63548007016965224 0.75157422121295681  0.8946372484630507 -0.060735803580140198 -0.81915980756155959 -0.17554066192006557 0.5426544460813425
1403715592.862143 0.56424147328287255 0.75316380202961541 0.88368168526838298 -0.053167032863050689 -0.82209323333742501 -0.15036198762927003 0.5465594706832303
1403715592.9121432 0.49104962305457617 0.74981411303514078 0.88058145024383394 -0.046845506550296172 -0.82471214823838557 -0.12255094247471382 0.55012420194228229
1403715592.9621429 0.41808639342663545 0.73799624582021395 0.87844771188982917 -0.040766026723470579 -0.82668552376772209 -0.094372443358286623 0.55319347229758165
1403715593.0121431 0.34344872402892562 0.72522658133639128  0.8769204151521155 -0.033226333852268523 -0.82719639599259809 -0.067197013297780064 0.55689019976962462
1403715593.0621431 0.26993966784429968 0.70846506524664254 0.87493985888854664 -0.023701946479347594 -0.826759752469306 -0.04175644680361932 0.56050238945103392
1403715593.1121433 0.19535567451806024 0.69264833142962201 0.87352180353096709 -0.010562095984470558 -0.82590997210366024 -0.019998901377355445 0.5633482085281224
1403715593.162143 0.12053326047188563  0.6771710247298548 0.87176440222218077 0.005262171218421827 -0.82474964306724841 -0.0018241016347662193 0.5654706079609626
1403715593.2121432 0.047927766971061235  0.65667933589075311  0.86895231310313559 0.02269108343285528 -0.82240679199068578 0.013518609685531353 0.56828639822927518
1403715593.2621431 -0.023328246008784623   0.63801114330490427   0.86863635150680085 0.040862901704909964 -0.82053606419081593 0.026723754175138805 0.56950560277251627
1403715593.3121431 -0.094325117097113276   0.62034056424384787   0.86651432699437103 0.060564270249031389 -0.81894328787582793 0.036047834959196702 0.56952999394859416
1403715593.362143 -0.16832492352641973  0.60296659058276658  0.86606778747183932 0.083174506293854658 -0.81642850412641343 0.040223619810842735 0.57000750833826164
1403715593.4121432 -0.2335674398825881 0.58306161301202397 0.86431028594617276 0.10573072322095338 -0.81396496452906975 0.043338121150372555 0.56956462139209463
1403715593.4621429 -0.30344889319823265  0.56290376605215664  0.86337581440135958 0.12846046380879722 -0.81070540352802545 0.046585609930175298 0.56928414599031629
1403715593.5121431 -0.37208422973924343  0.54080170584687082  0.86143539479057329 0.14993816075293834 -0.80757002589604765 0.050812261607435828 0.56812614382249693
1403715593.5621431 -0.43878344226834309  0.51580556916782416  0.85997639938456261 0.1684928164719256 -0.80316114358094692 0.058954322298688987 0.56838959888566387
1403715593.6121433 -0.50562315782632306  0.48864997905162544  0.85964670283733136 0.18714247746733134 -0.79668834970901714 0.067425045146609644 0.57071817024893279
1403715593.662143 -0.56836748617244781  0.45550774850706227   0.8603353372854643 0.2037500878689015 -0.78891028403748664 0.080478340964873579 0.57413387120849146
1403715593.7121432 -0.62972627463510711  0.42326200409944903  0.86107220630067383 0.21902534552257277 -0.77963989316526849 0.092337971231550242 0.57936450881358614
1403715593.7621431 -0.68821303934356348  0.38880483707660246  0.86148117348892361 0.23379228945793831 -0.77137122168057948 0.10501884058586247 0.5824934736759092
1403715593.8121431 -0.7453968477540458 0.35152017604574609 0.86168973870823928 0.24980047003435055 -0.76333547958182457 0.11784711280232198 0.58397836328614117
1403715593.862143 -0.79909829445364045  0.31412393106777875  0.86088720887970727 0.26750592002757451 -0.75638111548759623 0.12786570869203895 0.58307679719280825
1403715593.9121432 -0.84730268755723692  0.27406466078322017  0.85806303910595216 0.28449485244641903 -0.75046059223456052 0.14065639723339651 0.57973041696271566
1403715593.9621429 -0.89133282165964622  0.23291018441410705  0.85541187883466951 0.30235431496371901 -0.74579105928099887 0.15250475264802418 0.57368969359673094
1403715594.0121431 -0.93505774304359435  0.18917002627532842   0.8514308238885856 0.3209257621258344 -0.74131370247694661 0.16376748682195008 0.56625158718002355
1403715594.0621431 -0.98042546039685141  0.14384593415605018  0.84941502495162802 0.33752586505407317 -0.73788495485749883 0.17643021295397493 0.55720235442024257
1403715594.1121433  -1.0170934765698014 0.098001143445644479   0.8464575620693362 0.35331776926304193 -0.73454023681061287 0.18883813538477678 0.54768362496389977
1403715594.162143  -1.0512612450703167 0.050560339940351105   0.8437608758792654 0.36820615659354394 -0.730236397664073 0.20119041177543243 0.53916736546534449
1403715594.2121432    -1.0873470810981365 0.00076835745494162029    0.83942057236332712 0.38287568436439628 -0.72491834625276985 0.21289085800041613 0.5315798003766613
1403715594.2621431   -1.1142899846875125 -0.048744458443749972   0.83790941144309505 0.39662288054147921 -0.71917369015597465 0.22399125458870242 0.52469744795090922
1403715594.3121431   -1.1432541367017468 -0.099939209558556202   0.83754782238579151 0.41133487161693866 -0.71211820638895285 0.23416108292065066 0.51851699178202981
1403715594.362143  -1.1654097880942751 -0.15117032990493881  0.83876461790169954 0.42560335581982894 -0.70362574477124973 0.2435468049785034 0.51425436176542749
1403715594.4121432  -1.1851291064388061 -0.20379095586040483  0.83907577427235569 0.44086966077558104 -0.69439262353238018 0.25180887768573923 0.50994618903379474
1403715594.4621429  -1.2013043285063627 -0.25749706288288693  0.84019530485937044 0.45691068175783378 -0.68436858053745842 0.25963421459586489 0.5054328337968601
1403715594.5121431  -1.2149886653143394 -0.31158793047763089  0.84157166485506785 0.47402887847005715 -0.67279538819767959 0.26625985714942024 0.50174562924566057
1403715594.5621431  -1.2266419619215576 -0.36785751020422475  0.84278882828781854 -0.49120806738022493 0.66099607485382383 -0.27331436345826776 -0.49708961193714818
1403715594.6121433  -1.2385452837014841 -0.42586923638092322  0.84245472140448985 -0.507918051393907 0.64958453298404262 -0.28083567176332425 -0.49111150774682732
1403715594.662143  -1.2461779709357732 -0.48583459364090437  0.84107335934711391 -0.52537237688219551 0.63902208456266774 -0.28807147996787524 -0.48233749955757438
1403715594.7121432  -1.2476463812273506 -0.54570764500051328  0.84022375718789233 -0.54202707073275058 0.63148167564636237 -0.29561407553116176 -0.46909473058604367
1403715594.7621431 -1.2465709319964005 -0.6082220157232896 0.83654538061201833 -0.55637060163989005 0.62708449761240659 -0.306081430693455 -0.45114403938178127
1403715594.8121431  -1.2418479468515593 -0.67179130262771269  0.83419607981525989 -0.56921185232934324 0.62216205504793298 -0.31790578572482792 -0.43341453116965384
1403715594.862143  -1.2348200593474834 -0.73527674035705837  0.83161951221627761 -0.58058096263201475 0.61648728395221331 -0.33055501213430155 -0.41665640341581012
1403715594.9121432  -1.2300205677572369 -0.80479594492467155  0.82884810388816532 -0.59300877397498797 0.60903030595697527 -0.3417287638560389 -0.40080435672290093
1403715594.9621429 -1.2176736256544414 -0.8712391419850396 0.83084996469466443 0.60526896240192929 -0.60009163715356972 0.35238246809689622 0.38647911502328358
1403715595.0121431  -1.2078343900137583 -0.94427349076628264  0.82931142115043521 0.61734596970107369 -0.58954874622816356 0.36169542654061271 0.37482348903750151
1403715595.0621431 -1.1960814375626372 -1.0184463027513209 0.82781509620395188 0.62965712724463796 -0.57796566329083321 0.3701850674742696 0.36393764573878251
1403715595.1121433 -1.1816819112821446 -1.0940034868627728 0.82590325251999008 0.64015511080864906 -0.56612195452992464 0.38065003712987139 0.35328871470485973
1403715595.162143 -1.1672251689912492 -1.1734736000013248 0.82449026700140293 0.64801742646824489 -0.55436457360980107 0.39431130484049393 0.34244989326160308
1403715595.2121432 -1.1521822123417704 -1.2551525063870066 0.82365112797530904 0.65674015976743327 -0.54076049782609781 0.40647655173002761 0.33323754205248746
1403715595.2621431 -1.1342356505739761 -1.3379278473269876 0.82281720877403064 0.66546968607081614 -0.52607552775494304 0.41889727332890231 0.3239131217097857
1403715595.3121431 -1.1175256647953349 -1.4224751164822818 0.82157653068739545 0.67331379735056063 -0.51052161049227485 0.43160750442369011 0.31580243451071827
1403715595.362143 -1.1003346207044218 -1.5075567824182905 0.82021755045238176 0.681004514592641 -0.49370397051895387 0.44397120686062502 0.30883459663221269
1403715595.4121432 -1.0830235551293925  -1.594646270506761  0.8163943279124537 0.68828547836799547 -0.47790936713517079 0.45612293096529949 0.29969586069851739
1403715595.4621429 -1.0632656283772659 -1.6774845190775187 0.81445321621637223 0.6946428280390029 -0.46029962498255272 0.46921434132312378 0.29229009321495081
1403715595.5121431 -1.0390832173464191 -1.7609583995635563 0.81513823306470068 0.70268582751798236 -0.43956287870325289 0.48093499854133209 0.28586470689738325
1403715595.5621431 -1.0223821509872091 -1.8483471200446848 0.81250778986095484 0.71043007676186287 -0.41859034907590381 0.49074891704828277 0.28149018829896083
1403715595.6121433 -1.0048179313431478 -1.9339859677093636  0.8097533081715117 0.71844201203622893 -0.39314192047767049 0.49928702716509471 0.28283028516958042
1403715595.662143 -0.98764505782828405  -2.0180133610958295   0.8104877254822721 0.72517082360496965 -0.36581814431828508 0.50835305203392289 0.28614950002998796
1403715595.7121432 -0.96937630151529275  -2.0983704350730568  0.80695628587608792 0.73095805499055633 -0.33626485888803193 0.51687571397862453 0.29234528014066175
1403715595.7621431 -0.94941954653233063  -2.1775176169630495  0.80625832708844458 0.73496364888664001 -0.30697387965657069 0.52637569542256946 0.29752999729814683
1403715595.8121431 -0.92836989856134644  -2.2515535075632247  0.80665889785587197 0.73813736101391003 -0.27766425233719788 0.53477300859266574 0.30343636652549444
1403715595.862143 -0.9056854834948419 -2.3199072499220792 0.80952170481541763 0.73835289312875818 -0.25254425559947796 0.54566245696079185 0.30546503439118883
1403715595.9121432 -0.88327519665692478  -2.3821193747251761  0.81146397558038974 0.73634550849685443 -0.22816456056673884 0.55733039353529468 0.30841377702639905
1403715595.9621429 -0.86022259682460389  -2.4371669634888242  0.81416809496407549 0.73091028383051926 -0.20745297355010175 0.5725370736499954 0.3081147838911833
1403715596.0121431 -0.83603687918489955  -2.4817047584411442  0.81396751735564654 0.72271647900320812 -0.1911042346122647 0.59040890555726455 0.30426532291593678
1403715596.0621431 -0.81469965870304384  -2.5149190395760916  0.82063785763948704 0.71262637046368149 -0.17865083910400775 0.61025087808212664 0.29638049802101873
1403715596.1121433 -0.79722805394702334  -2.5402906222158594  0.82919454149064165 0.70373425795455791 -0.17076632402886843 0.62747716643178286 0.28612822713873609
1403715596.162143 -0.78735120683151361  -2.5524500675674648  0.84118965536385648 0.70045228015202055 -0.16515431170832579 0.6361351687123511 0.27824935522170263
1403715596.2121432 -0.77738560745558982  -2.5614860727389361  0.85368229861524469 0.70428539527234246 -0.16301097457607511 0.63625260861817579 0.26942925268130252
1403715596.2621431 -0.77167944311499703  -2.5589678144399679  0.86716495308105024 0.71658990729118988 -0.16403458791231987 0.62607273900196803 0.26004708076695066
1403715596.3121431 -0.77104070095279031  -2.5358522449174838  0.88453392921539764 0.73611339223730698 -0.16813924208780134 0.60737256972033493 0.24691057205057329
1403715596.362143 -0.77024550824316129  -2.5157721269802842  0.89848084718684529 0.7571452945803645 -0.17300345974125345 0.58540641263422821 0.23259436334333905
1403715596.4121432 -0.77019124145747009  -2.4970290378756057  0.91192861759706911 0.77692418674827235 -0.17927770704583632 0.56400803231404639 0.21480980258628932
1403715596.4621429 -0.7662047543375734 -2.4718953032277713 0.92594938599797727 0.79421366015635109 -0.18388275180735347 0.54469192716751025 0.19678033460524222
1403715596.5121431 -0.76536862620910839  -2.4416755344426218   0.9420807129942973 0.80933119397026732 -0.18715605338746741 0.52695492701265201 0.17965003491282647
1403715596.5621431 -0.75896589732714104  -2.4095549831690404  0.95678966429698775 0.82179241221521093 -0.18778933926623048 0.51249059977938083 0.16354137220051659
1403715596.6121433 -0.74979493390782492  -2.3778835860487262  0.97289106727042407 0.83299824873271489 -0.18703915307833732 0.49898978404253619 0.14879337433216477
1403715596.662143 -0.73731280295404533  -2.3444103494559427  0.99034883509875105 0.84288473953041065 -0.18438091106622426 0.48713661529063956 0.1350811368930557
1403715596.7121432 -0.72046561905517703  -2.3149218672283065   1.0065449637695654 0.85066458823422308 -0.1797869651774312 0.47835588847842841 0.1233776699188404
1403715596.7621431 -0.70061519570581876  -2.2834959556041894   1.0231383078392147 0.85726169028048105 -0.17338387083748388 0.47135222370600172 0.11343504272609417
1403715596.8121431 -0.67336980510456712  -2.2542778480688965   1.0353385779561164 0.86342532851685538 -0.16782518556605014 0.46456256731578605 0.10253306888144437
1403715596.862143 -0.64387542652256691   -2.225843738893996   1.0512477474887905 0.8691076495273401 -0.16329205930300403 0.45778300089752971 0.091773204100645114
1403715596.9121432 -0.60953363861978715  -2.1987076979961691   1.0652685738075087 0.87431225574423854 -0.15824553575650979 0.4513204214985978 0.082742413591122443
1403715596.9621429 -0.56760278079115012  -2.1752639583424411   1.0792375622054085 0.87907879682464007 -0.15364514179641253 0.44483502860234991 0.075732666030254706
1403715597.0121431 -0.51934958905007711  -2.1542639824674445   1.0928257846926803 0.88222062691622416 -0.14877176679051909 0.44105748969335828 0.070866195290597539
1403715597.0621431 -0.46010909018025259  -2.1408978753190446    1.107383232872488 0.8837945032251916 -0.1444758427040802 0.43988158240613356 0.067366166610239434
1403715597.1121433 -0.40120307799107818  -2.1222723928884011   1.1185114511441701 0.88231882437648912 -0.14163557303578714 0.44409746835458969 0.065040719574421244
1403715597.162143 -0.33006887100446292  -2.1111456043624206   1.1326013810148292 0.87797091331882371 -0.13832040500635465 0.45403057309426287 0.062376114183907129
1403715597.2121432 -0.25516800729309774  -2.1010065691025819   1.1470645884454733 0.8707293423811816 -0.13593008073185442 0.46898955754475313 0.058328555465084107
1403715597.2621431 -0.17582944793597149  -2.0926090141335321   1.1626436176719066 0.86217031168830693 -0.13269778640434551 0.48590635449583897 0.054301618642896225
1403715597.3121431 -0.090590700933963889    -2.088615060251767    1.1769450738402967 0.85246435591802405 -0.12905679557286642 0.50426117872688869 0.048677808441843558
1403715597.362143 -0.0056792202599107462    -2.0835054050832946     1.1909323014697379 0.84368683932380717 -0.12427621081149232 0.52047270377172361 0.043082539464306846
1403715597.4121432 0.083553038711743341  -2.0815354732255367   1.2010410634375872 0.83433078864373866 -0.11845834998660705 0.53719250950994779 0.035832417808074939
1403715597.4621429 0.17313982230498751 -2.0817264540928817  1.2143992174742617 0.82429132908746583 -0.10893742703158864 0.55464765549679651 0.032286530238836902
1403715597.5121431  0.2608805402991386 -2.0816554452829061  1.2264020802833235 0.81620664053054337 -0.097723191879520707 0.56872336722460781 0.028471552388778406
1403715597.5621431 0.34800688665757423 -2.0827797274103097  1.2380471377137232 0.81066336542286732 -0.085151942515186638 0.57877984782507053 0.024247523559105557
1403715597.6121433 0.43265876916316987 -2.0849681928311727  1.2476398408870291 0.80774317864067602 -0.072254365542288909 0.58478163978348685 0.01899204548422077
1403715597.662143 0.51657597117666998 -2.0875046769597745  1.2555315196911268 0.80643786646309168 -0.059002936473659055 0.588224323258557 0.012991018010720452
1403715597.7121432  0.5999565669224709 -2.0933505231385383  1.2596671907223902 0.80790127938839185 -0.046095669625149806 0.58746886605529225 0.0071444677980954515
1403715597.7621431 0.68083611245630216 -2.0978216397969356  1.2671436695638709 0.80919656853635225 -0.034094009991106553 0.58654657257017206 0.0012767763715288991
1403715597.8121431 0.76070793636535372 -2.1027575147226432  1.2730611346534959 0.81050149708206043 -0.024775295958711849 0.58518971465784542 -0.0051483780520374259
1403715597.862143 0.83881122594569613 -2.1087988152290382  1.2788663567847351 0.81028336838184056 -0.015910404576379912 0.58574681173717535 -0.0094018343810374997
1403715597.9121432 0.91647470773237982 -2.1144522293576178   1.290481748581791 0.80788793523375024 -0.0083790852692721633 0.58913658419127202 -0.01284368332054674
1403715597.9621429 0.99494990786875448 -2.1228853497248377  1.2938792261016931 0.80387986272119694 -0.0025267511734010342 0.59458585245608164 -0.015441693525387589
1403715598.0121431  1.0684652056746462 -2.1328180942137158  1.3013039886929862 0.80098418945955896 0.001851970928700847 0.5984294276308606 -0.017410301114377819
1403715598.0621431   1.139592088560581 -2.1420537182439467  1.3071705235646045 0.79886284403977204 0.0060728896532411545 0.60122432166127682 -0.017623605388344409
1403715598.1121433  1.2081792015730985 -2.1518899921008283  1.3108759041586986 0.79739651412179702 0.010642523730561236 0.60316482138220817 -0.015418631652004685
1403715598.162143  1.2750439815980499 -2.1602395482374281  1.3142695026470863 0.79469697190458488 0.013971417753712531 0.60668714957419279 -0.013864518497796862
1403715598.2121432  1.3405470570324942 -2.1686328923973859  1.3153801621358894 0.79040949336783506 0.015325453713833802 0.6122287069929756 -0.0139274404029128
1403715598.2621431  1.4013175714460822 -2.1763952308953258   1.314247418976958 0.7844029158732545 0.015454184437476698 0.61990148525972422 -0.013977922796204812
1403715598.3121431 1.4619287937983299 -2.183912114389428 1.3093675117112005 0.77772913172597757 0.015030331619059902 0.62826620193540783 -0.013894830039825142
1403715598.362143  1.5194201758297934 -2.1918980157454047  1.3008549987200313 0.76978872790432218 0.013747240453388565 0.6379754359362475 -0.014955631491757262
1403715598.4121432  1.5721398104361946 -2.1992631644775886  1.2870813745637668 0.75911178154139713 0.011135361837999833 0.65064632126298971 -0.016872209953684152
1403715598.4621429   1.619646686177908 -2.2065146861340144  1.2797396367311094 0.74960003527312424 0.0084378172905092141 0.66156126071098975 -0.019112526897004694
1403715598.5121431  1.6591371056642694 -2.2148710464504338    1.27201542829028 0.74126540763471449 0.005167387502961771 0.67082727985477908 -0.022128130358727814
1403715598.5621431 1.6923427494280836 -2.224961384982354 1.2669978242983555 0.73599859291585801 0.0021679935591043791 0.67655241530777421 -0.024045797367151275
1403715598.6121433  1.7178570726615143 -2.2357693475762579   1.259454453707882 0.73403678530214678 0.00069785031612297791 0.67867980344925805 -0.024150263317466059
1403715598.662143 1.7399999782188151 -2.245654843092761  1.250647915226055 0.73887294354775968 0.00017404202918307334 0.67348417078109002 -0.022041204816184577
1403715598.7121432  1.7529461693930812 -2.2567984429341217  1.2408311698631425 0.74741820220057364 0.00028253310074078644 0.66409072010595505 -0.0186940274810867
1403715598.7621431  1.7591659042440522 -2.2681924731854055  1.2293181952590626 0.75870128855330854 0.00071210248772321494 0.65124958737604333 -0.01567873082011648
1403715598.8121431  1.7563013865269401 -2.2763384358430621  1.2187293476820418 0.77043825750636263 0.00060597338686761454 0.63739702804331144 -0.012229178564743766
1403715598.862143  1.7539762209353378 -2.2872915522279178  1.2057473195671506 0.78010287831909864 0.0011804264480193909 0.62557522318171477 -0.0096822503998972142
1403715598.9121432  1.7463069583208339 -2.2983896945250475   1.192393649743815 0.78821089840440917 0.0023293486871972069 0.61536448396105081 -0.0066862284254725936
1403715598.9621429  1.7388309699372295 -2.3104723209461238  1.1766306134650395 0.79389362025615717 0.0027532062694934213 0.60803628773421714 -0.0041487793629865757
1403715599.0121431  1.7510302438343215 -2.3163188171375317  1.1568240104998724 0.7982097580243992 0.0037044808222568577 0.60236544137675396 -0.0018259385137458148
1403715599.0621431  1.7409903328348735 -2.3253075798846514  1.1406529727353834 0.80013884667470037 0.0040368473107691566 0.59980042157586311 -0.00099206012269418631
1403715599.1121433 1.7306223405499574 -2.333742297795701 1.1237347653594381 0.80061351710547268 0.0050227414974983522 0.5991597345137889 0.00061711686126888078
1403715599.162143  1.7190816800912854 -2.3415236163908477  1.1056620598619393 0.80106993412610616 0.0043916758748089009 0.59855465012509712 -6.808692409493554e-05
1403715599.2121432    1.70314186715472 -2.3473083263731276  1.0845099741622692 0.8037428802954405 0.0023917990023449914 0.59496394487455229 -0.0030928904332891945
1403715599.2621431  1.6941145301468477 -2.3539315850530214  1.0637500639068891 0.80678978292930015 -0.00029231160832929624 0.59079978089010254 -0.0067660634805863156
1403715599.3121431  1.6819976584465859 -2.3601222124373931  1.0413847427237142 0.80954510796900203 -0.0039552103210914423 0.58692322456967672 -0.01192488723240866
1403715599.362143  1.6662293942503019 -2.3660973658949995  1.0170596440461406 0.81151698131207795 -0.0086348954837098309 0.58398498525627529 -0.018087692427339052
1403715599.4121432   1.652654859983371 -2.3741099383439437 0.99334474650256577 0.81210594308077344 -0.013990261563183726 0.58278724428979412 -0.025440866482677779
1403715599.4621429  1.6387649591234066 -2.3818275568340002 0.96811843515382379 0.81191880887645207 -0.019362513185432337 0.58251074982791406 -0.033078198419937671
1403715599.5121431  1.6293212002618758 -2.3930206543201162 0.94392972275324338 0.81092254655640472 -0.023945252500516431 0.58335583632976573 -0.039079618590278434
1403715599.5621431  1.6021688005149417    -2.4090333870606 0.91901975946663572 0.81029384055762388 -0.027747749358640009 0.5837316063181448 -0.043719173655785849
1403715599.6121433  1.5846111090461252 -2.4232511684007143 0.89560308152308643 0.8078066079185251 -0.03067444434076862 0.58670533170412431 -0.047795569015387764
1403715599.662143  1.5656248157807591 -2.4402452010266402 0.87345174102036116 0.80509953861636274 -0.033715559555447139 0.58990927922916159 -0.05181733535134906
1403715599.7121432  1.5453067197815464 -2.4607280014445241   0.852256184414795 0.80207622136399248 -0.033415106561601293 0.59410546077994997 -0.050949654045733928
1403715599.7621431  1.5261504583948367 -2.4824274000834143 0.83012923921578297 0.79895420143404894 -0.032122539801991208 0.59859931822520962 -0.048157893100352102
1403715599.8121431   1.504009933671961 -2.5067584908330507 0.80897626192369854 0.79691770545240059 -0.029170110306188407 0.601871045645339 -0.042690980487592858
1403715599.862143  1.4808079075338199 -2.5325660862908057 0.78751564956921993 0.79642984127979777 -0.023637190874067626 0.60332589446942164 -0.033743980045210363
1403715599.9121432  1.4550924381568071 -2.5614677572480469 0.76869346970544528 0.79907472998825202 -0.018157559079949908 0.60044500202897144 -0.024812869259493622
1403715599.9621429  1.4287768865897945 -2.5898374595984435 0.74663263627349097 0.80338345077111639 -0.013232812995120221 0.59507975317614714 -0.016733530624032784
1403715600.0121431  1.4005313681130136 -2.6199679171118619 0.72733360337367148 0.80734321422166555 -0.0093304020553860046 0.58993189655469958 -0.0094992355002995101
1403715600.0621431  1.3727372485592209 -2.6487705174262328 0.70589041280228304 0.81046231082975806 -0.0027090810151222488 0.58578281468881543 -0.0014133717808958927
1403715600.1121433  1.3440116154199444 -2.6770105540388776 0.68584080222865174 0.81244246160712441 0.0077123105635194871 0.58293620633940213 0.0079464572077230719
1403715600.162143  1.3156396952995468 -2.7038123459271257 0.66563642854368565 0.81361240856623662 0.02155150988584013 0.58073359045377915 0.017857154514369752
1403715600.2121432  1.2871181954381554 -2.7273686601760372 0.64472461803231496 0.81416104943205192 0.037528647971851896 0.57882389703000081 0.026387163472186202
1403715600.2621431  1.2587385204863808 -2.7478871153386271 0.62358070695600509 0.8142499174864174 0.053518761464238854 0.57722023120327604 0.030815884448333369
1403715600.3121431  1.2304635541247138 -2.7645568056763219 0.60261403930482305 0.81424203758388469 0.069025642683392618 0.57559864806756011 0.030521487941864205
1403715600.362143  1.2016767054680317 -2.7775988266811029 0.58067531487837898 0.81369862949646177 0.085566014993063405 0.57428191458877542 0.027807912723488159
1403715600.4121432  1.1737339765513182 -2.7864859663771018 0.56019605272262396 0.81432610661013172 0.099280859246025976 0.5715579254381159 0.018380450196673153
1403715600.4621429  1.1450008985451443 -2.7905715767763333   0.538242269925303 0.81613855143512526 0.11297245440569621 0.56666988791601913 0.0063503965368098174
1403715600.5121431  1.1159819845513068 -2.7900504179527923  0.5169290049747759 0.82036781944292703 0.12303137559191846 0.55830683333209496 -0.012385527728191282
1403715600.5621431  1.0879395578804845 -2.7857174125385722 0.49646712367704793 0.82414623840135681 0.1317737232277173 0.54980027972028644 -0.033738939151872344
1403715600.6121433  1.0617150397939914 -2.7773470778792961 0.47759542378152492 0.82672268245353042 0.14241533284993033 0.54164207815288512 -0.05358487156190947
1403715600.662143  1.0402868357801838  -2.766351700767185 0.46226878947703059 0.82742013861304808 0.15474370844444429 0.53508066851636715 -0.071547027153495035
1403715600.7121432  1.0168751147542132 -2.7536942793589589 0.44897372261317237 0.82567855033222315 0.16889883976814235 0.53113027207939167 -0.087342701624836358
1403715600.7621431 0.99650852617592067 -2.7378034062814565   0.439289038455418 0.82174336652770796 0.18495059035065187 0.52936180381837927 -0.10152437813060597
1403715600.8121431 0.97757047353090654 -2.7206225152335191 0.43331112200729877 0.81777368856951194 0.20066222288984228 0.52707682350714424 -0.11476449237434461
1403715600.862143  0.9578662253891943 -2.7042007933265189  0.4287666127899829 0.81164784060540851 0.21785267614495951 0.52725599386431377 -0.12557512202347829
1403715600.9121432 0.94058503799485838 -2.6837104800863107 0.42829932435183471 0.80645874281025287 0.23295137738256305 0.52598011203875472 -0.13675845005034332
1403715600.9621429 0.92367118376517365 -2.6632570879984794 0.43075190599538937 0.80061555273196972 0.24737719570533775 0.52580434122864184 -0.14611315653889559
1403715601.0121431 0.90904914259195801 -2.6383045008785517 0.43807638227318024 0.79508470559842226 0.259743616695846 0.52588763029696617 -0.1543235717895135
1403715601.0621431 0.89588332792954273 -2.6138536140770809 0.44806067220541973 0.78913236201804404 0.26991198581620562 0.52742777629755189 -0.16198017137413698
1403715601.1121433 0.88625118596237495 -2.5911197174165586 0.45899126859289935 0.78468681690344921 0.27873292110915715 0.52782599760443927 -0.16725511747258359
1403715601.162143  0.8753156533439318 -2.5661273502769966 0.47268966228021536 0.78081307506440456 0.2860671125590219 0.52872166774452045 -0.17014683945952541
1403715601.2121432 0.86526809848976538 -2.5382673590314289 0.49255111946643493 0.77718819367657632 0.29182291495460805 0.53048810395609225 -0.17146506780742957
1403715601.2621431 0.85617229012495699 -2.5072726719597025 0.51710583994539683 0.77454030605253721 0.29650198529486077 0.53203338839245773 -0.17062930771672399
1403715601.3121431 0.84543594473434525 -2.4772722919134793 0.54012005323130396 0.77166212682428115 0.30152452343285674 0.53379916446214848 -0.16934868116737084
1403715601.362143 0.83440458415332297 -2.4456657562654112 0.56326736780858344 0.76920716274313716 0.30608902025828749 0.53496045161247974 -0.16866288172726815
1403715601.4121432 0.82236290978910642 -2.4123952428760176  0.5852099083899478 0.76786078068999686 0.30805348897036161 0.53527914873673144 -0.17020312082631106
1403715601.4621429 0.81015914096236585   -2.37756308426223 0.60618929791003207 0.76725364964212239 0.30849176079103618 0.53518907684123407 -0.17241613226353639
1403715601.5121431 0.79751648802692998  -2.341537461989728 0.62681307330100722 0.76742450389871453 0.3081334351492318 0.5343756873218708 -0.17480286541765946
1403715601.5621431  0.7843003011420594  -2.303794682077827 0.64554045184800779 0.76706802581841349 0.30699206454387795 0.53465321950143951 -0.1775061997533455
1403715601.6121433 0.77193472661469564 -2.2635419099091165 0.66307266758752903 0.76738017450537321 0.30571519329829994 0.5340754445646394 -0.18008139236403364
1403715601.662143 0.75858045880019109 -2.2231113473715971 0.68031907423029137 0.76821640956088233 0.30391411071145275 0.53309681038467982 -0.18244876582080344
1403715601.7121432  0.7450755532590202 -2.1820104113689411 0.69758277576695693 0.76757518847590234 0.30178358058801324 0.53417431119309833 -0.18550688878055208
1403715601.7621431 0.73336757367841188 -2.1384985892657462 0.71238218054920266 0.76538676921457649 0.29985931984849218 0.53751266318667135 -0.18800962402293198
1403715601.8121431 0.71972505635727924 -2.0950941132402354 0.72885007862414097 0.76407481410353706 0.29875377747727044 0.53954470784275799 -0.18928118536869953
1403715601.862143  0.7053194534320969 -2.0525228373337314 0.74553678346500407 0.76245561263550254 0.29581910445993154 0.54307459315128559 -0.19032204935506128
1403715601.9121432 0.69069740835652604 -2.0087818518304688 0.76160459792373603 0.76073604514950477 0.29130667714105435 0.54796394900057832 -0.19014888918692074
1403715601.9621429  0.6757525818932627 -1.9652232197930961 0.77794151895732799 0.75744561411251488 0.28449558302666039 0.5560874244236379 -0.19001363450531836
1403715602.0121431 0.65986247290309685 -1.9213159472986332 0.79320130974100456 0.75154046053979839 0.27602884002021144 0.56816058502605948 -0.19023292373185571
1403715602.0621431 0.64267913924431075 -1.8782911696354805 0.80773389808613016 0.74655662452961535 0.26672769659956469 0.57926393704364887 -0.18963869193371211
1403715602.1121433 0.62302676933447232 -1.8371531507013104 0.82048451412762746 0.74278213901426771 0.25641391200139335 0.58911243756712495 -0.18834313259912366
1403715602.162143 0.60122453593300429 -1.7976318776914759 0.83340632226602007 0.74232220736148791 0.24539203687378944 0.59510954607877353 -0.18597074195372013
1403715602.2121432 0.57530920354700865 -1.7608660830197915 0.84372259805131011 0.74500080746308051 0.2344084219704381 0.59726443021391062 -0.18248750365419483
1403715602.2621431 0.54913578910945648  -1.725054977311141 0.85292087599029265 0.7489242392711507 0.22239217679990844 0.59807304498826774 -0.17878153257198562
1403715602.3121431 0.52095405135756623 -1.6924959423346615 0.86110440672656463 0.7545529487359659 0.21239322340523545 0.59682558342071368 -0.17128394314680309
1403715602.362143 0.48992080944627941 -1.6609700852026141 0.86858724948720278 0.76378991824852427 0.20353877244727034 0.59090098336604568 -0.16134731714413827
1403715602.4121432 0.45963388733914562 -1.6299611449151752 0.87568903558766054 0.77326289011642901 0.19514195951752383 0.58427409189391688 -0.15035924961899544
1403715602.4621429 0.42697880767967433 -1.6006945238645596 0.88232187372106308 0.78291540219999944 0.18542291064536207 0.57702781671068859 -0.14035923891184129
1403715602.5121431 0.39245841323481701 -1.5763642448187967 0.88798557685283019 0.79068341939112352 0.17617153795403404 0.57174940994031154 -0.12994588007234689
1403715602.5621431 0.35621665984476519 -1.5525622532969072 0.89204355656590706 0.79724038054210211 0.166539853615044 0.56770092599777966 -0.1199496203088093
1403715602.6121433 0.31978930368335312 -1.5274765491711424 0.89541360461480335 0.80130859339369687 0.15716614124447967 0.56692522363540665 -0.10862381417387031
1403715602.662143 0.28497978192621554 -1.5014733556448394 0.89929290102958181 0.80313390750405966 0.14889707851845607 0.56891119836765969 -0.095632813394791155
1403715602.7121432 0.25003635236948496 -1.4752508310091779 0.90035932976958211 0.80498141392231515 0.13877985789407418 0.57058805938905421 -0.084701480300902576
1403715602.7621431 0.21546383627408494  -1.449261132354448 0.89629609138870991 0.80781113835299745 0.12885258482511888 0.57048596083451852 -0.073375367988419662
1403715602.8121431 0.18116510136815014 -1.4219950068466529 0.88680876502618056 0.81083042728595756 0.11851458371111902 0.56968418976706159 -0.062993932759420335
1403715602.862143 0.14202086631084224 -1.3992798941874445 0.87107441234245597 0.81322413024641749 0.10655121475975718 0.56943010371756519 -0.055341752758482361
1403715602.9121432 0.10788994504665615 -1.3697527486441445 0.85428660671467915 0.81580201590172452 0.095535033805365571 0.56842409634953639 -0.047267058885687475
1403715602.9621429 0.07293597696670813 -1.3411020370383229 0.83593119340653466 0.81880016493437924 0.08486239884584347 0.56644162500640072 -0.038840038950425017
1403715603.0121431 0.039415244725446108  -1.3115317891240463  0.81470959975362311 0.82021487698799556 0.073938237263532547 0.56640584171051789 -0.031066301906226626
1403715603.0621431 0.0055818455512062085   -1.2814937399004434   0.79233956646802017 0.82045338460820416 0.06282966597326349 0.56776550245653623 -0.023473623046039005
1403715603.1121433 -0.032256765096465391   -1.2483193648370956   0.76942185129125584 0.8201398435327768 0.050678430731267293 0.56968500078001105 -0.016165815628281392
1403715603.162143 -0.066057226747603628   -1.2159413102682826   0.74586388786737523 0.82126644043980879 0.039690935965242549 0.56911108383234987 -0.0076575236661110017
1403715603.2121432 -0.098084203141617088    -1.182007568609529   0.72325843535049827 0.82247247168011872 0.028634755228319861 0.568083059520468 -0.00084947470534175995
1403715603.2621431 -0.13018587889726518  -1.1486313495008051  0.69929376630993856 0.82536317260378866 0.018120147966165855 0.56427694463408351 0.0062308347367337489
1403715603.3121431 -0.16744245397176377  -1.1097126378450419  0.68033062708056746 0.82770574521225215 0.0091785930921962581 0.56093053271956916 0.013262361570194227
1403715603.362143 -0.19850407153012498  -1.0737206156695902  0.65753697087821283 0.83002498265220237 0.00091895883359186306 0.55742773593070816 0.018220946820576525
1403715603.4121432 -0.22827198855361391  -1.0365250900982967  0.63615023235713763 0.83078785251766196 -0.0072859116764512049 0.55615569239288776 0.020719686752514701
1403715603.4621429  -0.2527391434346245 -0.99265288910003957  0.61796600438205029 0.83041057791072115 -0.015041114328313666 0.55656443817896972 0.020689686519433641
1403715603.5121431 -0.28019546560738701 -0.95274957924186987  0.59873888692995414 0.82981082164834707 -0.02348468717667981 0.5572336997900641 0.018790251775466532
1403715603.5621431 -0.31470692555928298 -0.91275391018646512  0.58477436495752999 0.82921737507372562 -0.031625737690935532 0.55781620546330957 0.01547380088599588
1403715603.6121433 -0.33984943892612812 -0.87422285103844644  0.56840479196324856 0.82879838588275145 -0.039019864871115438 0.55806611186699417 0.011528247448832045
1403715603.662143 -0.36258061452655616  -0.8366188542633155  0.55287029439143631 0.82837755017949577 -0.048188059809101992 0.55807387054868562 0.0047010914967067878
1403715603.7121432 -0.38703834345570204 -0.80074158826823694  0.53783275654287377 0.8266321868961487 -0.055404944638643643 0.5600084991532136 2.3938355331014582e-05
1403715603.7621431 -0.40785658986041168  -0.7661789080900645   0.5241051394392382 0.82444910382558101 -0.062198401551942832 0.56248254944977127 -0.0053306294248803227
1403715603.8121431 -0.42782188734416937 -0.73300883613193613  0.51319725582314502 0.82242689180856743 -0.067527307578636939 0.56475947747056132 -0.010040068150057299
1403715603.862143 -0.44812560275390667 -0.70233111108597113  0.50439351164602964 0.82298155441834342 -0.072349486996898624 0.56324118488154695 -0.015042621835440556
1403715603.9121432 -0.46578935711848685 -0.67589015043433842  0.49641351544587226 0.82827798675788744 -0.075439481293024552 0.55487316618033899 -0.019499506853922006
1403715603.9621429 -0.47659707914402272 -0.65823380822979349  0.49839640259093693 0.833774771387925 -0.07729701977016519 0.54620329621899888 -0.022511342278165203
1403715604.0121431 -0.48705622853652952 -0.63969261882104156  0.49789222150080564 0.83949043571751425 -0.076346624206907604 0.53753363477621152 -0.022013468497761257
1403715604.0621431 -0.49709978221173223 -0.62452571447104699  0.49918465540612794 0.84273813330765723 -0.071245797849415843 0.53338280930236204 -0.014807217788831038
1403715604.1121433 -0.50760001104919061 -0.60942903295890427  0.49860336311299958 0.84389230444290397 -0.064465772651085676 0.53259741872238453 -0.0054710354410186721
1403715604.162143 -0.51585632202641507  -0.5961225498990117  0.49706132692711785 0.8433212448407772 -0.058472831906381792 0.53421036454719839 0.0030809640373599175
1403715604.2121432 -0.52454830321453416 -0.58278998218687561  0.49679429260750074 0.84129063707998741 -0.053354945064172238 0.53783856552789866 0.010629733281718054
1403715604.2621431 -0.52880287705101681 -0.57139790127990986  0.49422314782987736 0.83881271713350136 -0.049857832232387364 0.54190214812912163 0.015795062305782016
1403715604.3121431 -0.53180895919323534  -0.5607812761985671  0.49017433284130058 0.83704801862439149 -0.047462523681464197 0.54472779059666321 0.019223878756505306
1403715604.362143 -0.53289227998315636 -0.55038937898270723  0.48503565671476612 0.83643344145399179 -0.046120396795320352 0.54570419360345546 0.02142288730485474
1403715604.4121432 -0.53106535024328483  -0.5423896561225876  0.48413633895339225 0.83686628253828299 -0.045807221478815802 0.54503051499278954 0.022321768246270812
1403715604.4621429 -0.52870896961168512 -0.53216923075662081  0.47875406346830596 0.83679704692934842 -0.045220646838797528 0.54513561688874046 0.023514985629063019
1403715604.5121431 -0.52497986015558684 -0.52187370190023663   0.4735501285049985 0.83469795656153811 -0.045341678429538686 0.54833171375071232 0.023575097123701622
1403715604.5621431 -0.51685893700807584 -0.51464879816852505  0.47038072097952327 0.83113623193066022 -0.044877787491649716 0.55372184461690233 0.024303640797489402
1403715604.6121433 -0.51046509773417148 -0.50467499871856059  0.46516285323300366 0.8271662057490442 -0.04464624386335117 0.55964137383968082 0.024582791998850242
1403715604.662143 -0.50232364605729019 -0.49507345802554215  0.46146657279117331 0.82387384186638823 -0.043597375250001312 0.56447503053592718 0.026440526868659078
1403715604.7121432 -0.49494409014330126 -0.48599118509216788  0.45813184685243297 0.82180659186918359 -0.04322468941761537 0.56746170090078918 0.027436650595347879
1403715604.7621431 -0.47974947103171117 -0.48327537120269481   0.4628699291683484 0.82073820411027876 -0.041886716310805636 0.56903324637838582 0.028904460323759044
1403715604.8121431 -0.47127572507368509 -0.47265343232173418  0.45789472433007322 0.82071484976905584 -0.04206976543481776 0.56905336085906189 0.028905755479175652
1403715604.862143 -0.46269192948034676 -0.46159868998861431  0.45325149058007269 0.82069658326155881 -0.042241954945280283 0.56908065297968125 0.028634696950098265
1403715604.9121432 -0.45382914957497988 -0.45034863237754236  0.44952884810221932 0.82077689406111631 -0.041346865361509069 0.56898288636527006 0.029566905884970962
1403715604.9621429 -0.44519443516014245 -0.43898354177377502  0.44564270567058561 0.8221933454110274 -0.04076533722086572 0.56694945072376579 0.030076741298092114
1403715605.0121431 -0.43641020004015063 -0.42753520010419238  0.44209092191984151 0.82379316294793403 -0.040673821621575922 0.5646553368182009 0.029577280430411471
1403715605.0621431 -0.43052331685369039 -0.43021979607882499  0.44166411111525744 0.82430436282909614 -0.03873797012652179 0.56413848589343318 0.027739066769797538
1403715605.1121433 -0.42054956129239529 -0.41871468003253226  0.44059859539564289 0.82392445347124887 -0.038531499788611437 0.56472665539626865 0.027342698862556681
1403715605.162143 -0.41124880786635365 -0.40703728830483976  0.44030059070742483 0.82280541844697574 -0.037007645179897179 0.56646276278993668 0.027232626478693896
1403715605.2121432 -0.39995183891225705  -0.3951514932557586  0.44023094463421653 0.82180849068591744 -0.036430294241571508 0.56797979661922771 0.026506394141561536
1403715605.2621431 -0.38809741675508297 -0.38303889026745302  0.44082554752950959 0.82095276395391825 -0.036668557234278941 0.5692922110226657 0.02446129055678142
1403715605.3121431 -0.37720364729428718 -0.37049427845122884  0.44334141893135365 0.81994995431451678 -0.03733567296537587 0.57082525049416766 0.021134174744122901
1403715605.362143 -0.36485777664367214 -0.35805711709567839  0.44426699485268129 0.81889782191233984 -0.039188815532833911 0.57235766694165591 0.016652179961309285
1403715605.4121432 -0.35250136679430988 -0.34575225400032306  0.44361773992912107 0.81785323045430702 -0.040386518696136749 0.57386372047112899 0.012862848444062699
1403715605.4621429 -0.34001255415635856 -0.33425041972381486  0.44044583123766018 0.81823217527083947 -0.041002125541987407 0.57333609079904813 0.010032947715151248
1403715605.5121431 -0.32777927042649102 -0.32305077634250429  0.43509708515072409 0.81891959250874091 -0.041993177412520268 0.57233023197140664 0.0067364402821131902
1403715605.5621431 -0.31568575861768183  -0.3124640647141097  0.42743559836448919 0.8205126906923319 -0.042783040379161572 0.57001045569152231 0.0040763060591633375
1403715605.6121433 -0.30379923435379164  -0.3023945774138842  0.41764612054254241 0.82143426746192572 -0.043465271125274312 0.56864207711073156 0.001643953919313168
1403715605.662143 -0.29277422081714055 -0.29318726847549864  0.40593365362781081 0.82150219027747162 -0.042443161625902677 0.56862072549347831 0.0017888375512825189
1403715605.7121432 -0.28051028384276494 -0.28530969326554689   0.3947314025804477 0.82130669005417178 -0.039379831400032227 0.56910272438788601 0.005161283314416538
1403715605.7621431 -0.26773013854272876 -0.27831417694384752  0.38483795360268608 0.82015239692925579 -0.03588541330112284 0.57093674723835641 0.0096702417906341705
1403715605.8121431 -0.25646040023953381 -0.27284632211384069  0.37447116094377586 0.81989152374354801 -0.033155008755386593 0.57141201132877051 0.012920835774922503
1403715605.862143 -0.24249084851677369 -0.26544571307930837  0.36584549500379143 0.81941441336048815 -0.030861667542641566 0.57217503558698346 0.014943403381040979
1403715605.9121432 -0.22865908774921184 -0.25907443999139429  0.35756115519153359 0.81887473996756655 -0.029185468243897065 0.57299719385748837 0.016327416142142625
1403715605.9621429 -0.21474791573216429 -0.25272227134682357  0.34996417322969281 0.81777155078336583 -0.02771857253058219 0.57460289703389511 0.017688476092952498
1403715606.0121431 -0.20090356556819366  -0.2460684766259234  0.34106477183684025 0.81724104542040321 -0.026732332533670022 0.57538431734693318 0.018312384571092338
1403715606.0621431 -0.18759216038393808 -0.23977783555939683  0.32973364149019241 0.81676532205214358 -0.025727400207416842 0.5760976859294985 0.018546316030483644
1403715606.1121433 -0.17422625086528054 -0.23316791129597583  0.31741834966396576 0.81639030363521636 -0.024210372642012302 0.57668530409992158 0.018835870622706141
1403715606.162143 -0.16004630071218653 -0.22432198687431534  0.30178896082498674 0.81637907798694653 -0.023577863859387434 0.57676206498568594 0.017742766257221963
1403715606.2121432 -0.1472920305753411 -0.2142048477948105  0.2882335172555236 0.81670660905026171 -0.023764616037221454 0.57631044591439828 0.017082964853151212
1403715606.2621431 -0.13663462027800344 -0.20654160928226936  0.27457634149483329 0.81653644098131728 -0.024604852473037408 0.57663452937569726 0.012468412730259358
1403715606.3121431 -0.12420220543149607 -0.19739056797935958  0.26309767556131003 0.81665086076985827 -0.025834641329732077 0.57649089982165014 0.0084961952683431236
1403715606.362143  -0.1117389703490968 -0.18839935851832826  0.25445638162743794 0.81686508939530833 -0.026873042474639019 0.57617892499377754 0.0052068904699607635
1403715606.4121432 -0.098799335434300847  -0.17979658807534929   0.24836817970592331 0.81713322948388001 -0.028111323317233164 0.57575893597806904 0.0021648131560449758
1403715606.4621429 -0.086355377120416243   -0.1718250289648218   0.24524044458810054 0.81648992290178479 -0.028224605285791179 0.57666913498974448 0.00053498269032953153
1403715606.5121431 -0.073981429494084289  -0.16412487605289264   0.24429994515070447 0.81549995061642255 -0.028333995267712492 0.578061336912155 -0.0014512147028564175
1403715606.5621431 -0.061952779646303552  -0.15682987416836525   0.24377688526738908 0.81521703348387675 -0.028799411267983424 0.57842185434629134 -0.0044654947053102099
1403715606.6121433 -0.050175626504968505  -0.14923947912752242    0.2418753586675261 0.81454553816065156 -0.029225809514084371 0.57931239037862448 -0.0076532786846803579
1403715606.662143 -0.03923411962083441 -0.14189028741948878  0.23845328983959985 0.81396008080581972 -0.029875881731405429 0.58005296553570762 -0.010722673108221198
1403715606.7121432 -0.028748203276731214   -0.1364052085850041    0.2355980412949619 0.81323049030486172 -0.031379184701362133 0.58089566720847763 -0.015223016271745776
1403715606.7621431 -0.018368674640854451  -0.13125108785214235   0.23105306222829736 0.81250249869851821 -0.032800091505362804 0.58171787637340311 -0.019187389440007599
1403715606.8121431 -0.0085444568417482082   -0.12824122799609802    0.22595922810638469 0.81068498319084303 -0.033314897753594211 0.58411484377905154 -0.022131988015184494
1403715606.862143 0.00069761294689601257   -0.12497585784589235    0.22200400772729759 0.80810507341318305 -0.03153700165209368 0.58782851867565589 -0.0207181196601945
1403715606.9121432  0.01057074032989007 -0.12440527043699841  0.21604756944841713 0.80551088101035073 -0.028574768181864871 0.59163465620003031 -0.017439517778689781
1403715606.9621429 0.019082442635510351 -0.12520544944746509  0.20971269432027589 0.80348144052083548 -0.023668804754094989 0.5947460524785253 -0.011597218687547654
1403715607.0121431 0.025121394899187712 -0.12600526811765905  0.20299168217671443 0.80431103003684135 -0.019097362038726407 0.59386688810238053 -0.0064169260422700545
1403715607.0621431 0.030521993733916133 -0.12712433846669913  0.19617322008619525 0.80593083000387322 -0.014850356305112306 0.59182297279541707 -0.00073009483928576733
1403715607.1121433 0.034300126418770623 -0.12834424852858803  0.18870016916771931 0.80778387076330826 -0.011796425576591255 0.5893554575052512 0.0024914226937666996
1403715607.162143 0.038909367673962317 -0.13020448479044763  0.18145178194367181 0.80920187544352029 -0.0099246335541497178 0.58742848627340638 0.0046475737799265525
1403715607.2121432 0.042175005257825082 -0.13010798155220141  0.17490683803241724 0.8108615779999494 -0.0084189174570998594 0.58514669735110303 0.0059971436016893944
1403715607.2621431 0.042890160252448531 -0.13115635627450487  0.16400981576702167 0.81183067582054314 -0.0074900543547242104 0.5838087128116265 0.0064992097793013419
1403715607.3121431 0.041325378215498171 -0.13076296121885989  0.15724440074217985 0.81251129676023526 -0.0070605157915325347 0.58286573506338635 0.0065632798795106145
1403715607.362143 0.038519171349260146 -0.13015497059827749  0.15246352388465884 0.81203701226812075 -0.0069841177538926972 0.5835335103103777 0.0059795610802263156
1403715607.4121432  0.03837856600544693 -0.12848879596023627  0.14857397739015651 0.81154841827033131 -0.007179485997426612 0.58420916428360303 0.0061050922016271138
1403715607.4621429 0.037570128747363388 -0.12633054115617429  0.14528825495217315 0.81112123337428044 -0.0068802175768491319 0.58479402946794035 0.0071379600819236819
1403715607.5121431 0.036258484129022772 -0.12328800326214939  0.14208906045165212 0.81185858555340162 -0.0070398476642945214 0.58376196580240125 0.0076187197487406167
1403715607.5621431  0.03410801605583743 -0.11974675515563157  0.13975396534662307 0.81215445211787296 -0.0070731707574763015 0.58333794580024478 0.0084827560441204618
1403715607.6121433 0.031644767720256289 -0.11545865822209908  0.13812145835676928 0.81251182572260694 -0.007907657163039504 0.58282588697167592 0.0087170806344287685
1403715607.662143 0.028575338347987242 -0.11032870430047294    0.136971933895013 0.81315043358356065 -0.0083567641170715582 0.58191404885899534 0.0096216732895049433
1403715607.7121432 0.028397390491993864 -0.10395548211816928    0.135234634031631 0.81281397656884879 -0.0092941925631279815 0.5823439016753249 0.011074188931650856
1403715607.7621431  0.023180007286793251 -0.099190167277069988   0.13263572971350937 0.81323395715391533 -0.010021844231485378 0.58174410857802195 0.011130395534137756
1403715607.8121431   0.01927100753309987 -0.092579088611464036   0.12656339735594946 0.81361160372233132 -0.011697620201855533 0.58119985989103218 0.010297904283594049
1403715607.862143  0.011721873101807558 -0.086376995575471779    0.1171343164650766 0.81411675534407624 -0.014589412291600093 0.58046987594230726 0.0074686572114117085
1403715607.9121432 0.0054218662326200803 -0.079475828262608295   0.10854042708762249 0.81506018923113666 -0.0088824019556764285 0.5792102724393231 0.010651345772565071
1403715607.9621429 0.0037665783871008089 -0.077539516618300358   0.10930913819159219 0.81246855427657916 -0.0057655979348505866 0.58282303965301174 0.013375748270778889
1403715608.0121431 0.00015107941184014199  -0.080243870962125624    0.11268788680706726 0.81483656275080885 -0.004122409128266882 0.57952346600680504 0.013301657599177945
1403715608.0621431 -0.0020534730460817791  -0.081907037674499902    0.11154023092586517 0.81448775172297017 -0.0033190589444083425 0.58002718390706653 0.012928730402592931
1403715608.1121433 -0.0023908500267594644  -0.082838228621410284    0.10935578965283263 0.81602681628764095 -0.0040338478541273419 0.57787757545845275 0.011894156262928135
1403715608.162143 -0.0030763728763027959  -0.082453693043168713    0.10950224242594735 0.81673188778491568 -0.0046682609487056397 0.57688164670631326 0.011610189852677952
1403715608.2121432 -0.0051321759864811434   -0.08283185426668542    0.10966796619280676 0.81581850728172745 -0.0038355934574061919 0.57816451206670272 0.012298308262328391
1403715608.2621431 -0.0063472229383446247  -0.083847029283890206    0.10909640054609718 0.81482276810144316 -0.0046596065260606466 0.57957581427331906 0.011576707646969527
1403715608.3121431 -0.0070378010049778747  -0.083897270393437279    0.10886994773423064 0.8158927764705004 -0.0045694203013941313 0.57806499200986594 0.011788244737911633
1403715608.362143 -0.0078035908916047631  -0.082570451996166999    0.10884307186751846 0.81614453608696036 -0.0047089239863714657 0.57771800549550212 0.011306121200038891
1403715608.4121432 -0.0091378081232884618  -0.083299580578499691    0.10893865736036604 0.81573823209965846 -0.004373654707828847 0.57828438658242487 0.011797290808023072
1403715608.4621429 -0.0086185903173343383  -0.084483716342541773    0.11120572276542176 0.81598525335700045 -0.0047831012695465124 0.57794681924235147 0.011075304682306062
1403715608.5121431 -0.009892493314806244  -0.08476140858831456    0.1114462762986415 0.81559737554610667 -0.004489099505969877 0.5784869286379084 0.011560379881654179
1403715608.5621431 -0.010896829515141159 -0.085487257852128753   0.11181471618575566 0.81577085849329078 -0.0047508913130001277 0.57824671762775814 0.011228046026591738
1403715608.6121433 -0.011866602082440031  -0.08608239224372384   0.11240581767563697 0.81604163808529795 -0.0047922156139632603 0.57786396732498679 0.011238987854765889
1403715608.662143 -0.012609553398384502  -0.08556469956124213   0.11285742174536301 0.81600158736191342 -0.0047491877599256443 0.57791958467687077 0.011305232654483396
1403715608.7121432 -0.014252596460548935  -0.08582979813633515   0.11329217111601085 0.81595573084725037 -0.0048170828482817845 0.57798661270437923 0.011158698171389999
1403715608.7621431 -0.015914250144433106 -0.086290448509124984   0.11398646749594728 0.81569329958135406 -0.0048186892905449545 0.57835435221469911 0.011290018862708057
1403715608.8121431 -0.014296126727392843 -0.084704632952091449   0.11328406564601068 0.81584372563563889 -0.0047907053013968902 0.57814550593736547 0.011128272467164009
1403715608.862143 -0.008199576097181787 -0.084817074796987704   0.11261119629745404 0.81616932383398022 -0.0047786775825038154 0.57768532088858526 0.011156572179586349
1403715608.9121432 -0.0090932040974582122  -0.085161854399275122    0.11294281404151903 0.8161201049111404 -0.0048166091162416989 0.57775641216083118 0.011059061600982776
1403715608.9621429 -0.0089335561738680264  -0.085882551225887324    0.11281826478909154 0.81598016263431572 -0.003835148925023262 0.57797269013344832 0.010451568298749875
1403715609.0121431 -0.0095806410596920369  -0.086019797667036144    0.11309735255441705 0.81596330913699933 -0.0038500551213942668 0.57799714582137796 0.010409353490998752
1403715609.0621431 -0.010131908073349656 -0.086402532964329676   0.11351752317869694 0.81609668549797176 -0.0039586518653640925 0.577809663209223 0.010320954252284856
1403715609.1121433 -0.010416819866996956 -0.086690422460380417   0.11389675891563478 0.81617289129436321 -0.0039668920961813204 0.57770135879168849 0.010354483740561197
1403715609.162143 -0.010852346944759594 -0.086788318425017733   0.11417714715768905 0.81621794819419469 -0.0038768361359173826 0.57764151698799326 0.010173939209771799
1403715609.2121432 -0.011650903297776131 -0.087015528404253764    0.1147356110300717 0.81615082804736283 -0.0038918553485499637 0.57773537826330335 0.010223113151482234
1403715609.2621431 -0.012409628935037147 -0.087383992446383021   0.11529750106708204 0.81612847261520782 -0.0039492578230931772 0.57776650813155417 0.010226516067837267
1403715609.3121431 -0.013003261878978148  -0.08782554643279597   0.11582084367320029 0.81621205399406593 -0.0040440031438424943 0.57764886511711422 0.010164525678597769
1403715609.362143 -0.013634097641689564 -0.088392783084813881   0.11641729077152577 0.81629155886190707 -0.0041039376784395348 0.5775361797253995 0.010159219188515855
