# time_in_imu_clock tx ty tz qx qy qz qw; Hamilton IMU-to-estimator-world; NO GT alignment
1403715528.862143 0.012481991532411259 0.018611176136569017 0.050186362739707058 0.81600943326167541 -0.00013642074123452821 0.57791805690223097 0.011802784573581689
1403715528.9121432 0.025922745030113235 0.030855634690916012 0.073282134582361783 0.81448064270696607 -0.0013722077465817416 0.58006445581874311 0.012026088194139256
1403715528.9621429  0.02560559082709012 0.035618546201707513 0.083191173708050084 0.81501949768596693 -0.001130235619430175 0.57929268344817286 0.012725087920079705
1403715529.0121431 0.028644410346714035 0.041022207704951436 0.095586154347343563 0.81572037939880571 0.0006791858466072883 0.5782818070267558 0.01378234384727311
1403715529.0621431 0.031506073558456194 0.047837405711614225  0.10762019142486713 0.81673205596174214 0.0018805888024771213 0.57690233328299012 0.011353854099101246
1403715529.1121433 0.034438814085211565 0.056089747798284142  0.12178751815894795 0.81675395663874151 0.0044292784805427827 0.57692443706016283 0.0071798140586603323
1403715529.162143 0.036980843757876955 0.064413647984897612   0.1385897952180116 0.81707143581999242 0.0092177667419723192 0.57645599821213589 0.0027899226864963713
1403715529.2121432  0.03956412371908441 0.073140795351770788  0.15739212467915437 0.81813205522278665 0.015189945606966626 0.57482595350357857 -0.0020806124335129984
1403715529.2621431 0.042914845448548754 0.082188356777885649  0.17840438467376449 0.82031703499968522 0.021125802105935291 0.5714737971636874 -0.0071667098464337775
1403715529.3121431  0.04621022573169057 0.091340096524209796  0.19802713369206262 0.82196598213154737 0.029302916904583358 0.56865034423971705 -0.012249460210768845
1403715529.362143 0.050364215034705159  0.09934800061549709  0.21725571992818268 0.82407509023583991 0.037711041144330604 0.56497497019833309 -0.016775162532611479
1403715529.4121432 0.055090009627637736  0.10896248071253516   0.2333826920518392 0.82432327406512917 0.046973482600964601 0.56375339478912356 -0.021604204003424787
1403715529.4621429 0.062549724492874062  0.11733265635195401   0.2485200971320545 0.82484074555354137 0.055478021050740421 0.56199674355020746 -0.02682524732288713
1403715529.5121431 0.069855842513910527  0.12739441660606463  0.26054856620000622 0.82399620211923952 0.062498205554306893 0.56231626230837239 -0.030408129490364057
1403715529.5621431 0.079052499771259763  0.13610900710437676  0.27368972414713094 0.82332783100918694 0.068779346135402361 0.56231546670642751 -0.03466987357385317
1403715529.6121433 0.08638509974064848 0.14490924685250861 0.27903608168248417 0.82203580664591036 0.074104943901624309 0.5633232620677906 -0.037848279943056597
1403715529.662143 0.093055408518306279  0.15414833012688858  0.28415460065272136 0.82030027959325624 0.079070893301683765 0.5649562479568554 -0.040983936197144646
1403715529.7121432 0.10133164531906638 0.16582359630667667 0.28956503158159058 0.81881687915487911 0.084028029301980653 0.56633948917964183 -0.041686828836358998
1403715529.7621431 0.11228701906288657 0.18012228535792385 0.29727527766315903 0.81888999054355716 0.087032499937824748 0.56579481461363157 -0.041481985228187239
1403715529.8121431 0.12338935954705654  0.1924332749277218  0.3050958759218686 0.81837165460974093 0.0892076569889617 0.56604049900197984 -0.043680457363041873
1403715529.862143 0.13374293056535974 0.20525693138563286 0.31417312474898079 0.81790704715761231 0.091235901614518278 0.56626993399500225 -0.045193299501114066
1403715529.9121432 0.14454826679500332 0.21812999966531146 0.32457929462320251 0.81689470406785014 0.091739498955058105 0.56743494910164949 -0.047796289975092297
1403715529.9621429 0.15503311005753201 0.23217236405402533 0.33783165205245369 0.81531780214723726 0.092146724202252991 0.56946093238222495 -0.049800694884304213
1403715530.0121431 0.15872464993832533 0.24631256371645291 0.34836069228873634 0.81240903930975816 0.093489851001040736 0.57345799451537938 -0.04896048543466959
1403715530.0621431 0.16980751600293842 0.26061603161357921 0.36300220115416304 0.80906472747729685 0.095775273863893576 0.57790388100404699 -0.047628436766745948
1403715530.1121433 0.18027755036694487 0.27269004729370033 0.37864465252169671 0.80539800694242158 0.10056583809733083 0.58228106493125464 -0.046576002871441834
1403715530.162143  0.1916029809661241  0.2846558785715787 0.39582284457608707 0.80460188055293413 0.10232230035777452 0.58329483032959628 -0.043739016574941919
1403715530.2121432 0.20074378312532756 0.30100383676581177 0.41433557359179984 0.80548908061124758 0.10448627750600641 0.581910730452048 -0.040618476260799175
1403715530.2621431 0.21281052392208702 0.32629252395174246 0.43647398308924651 0.80771381164819644 0.1054421283858382 0.57893560107000008 -0.036248115094776684
1403715530.3121431 0.21785345190007993 0.34691793833260604 0.46141678501696443 0.80911147809237183 0.10639239632193144 0.57694193508608693 -0.034018782505785564
1403715530.362143 0.22425897045014298 0.36878287140894828 0.48947669316976261 0.81070018320635062 0.10472901517268927 0.57492810615739198 -0.035422014065024897
1403715530.4121432   0.228025828034255   0.393029621534698 0.52027411782629585 0.81179818092955713 0.10246954561743787 0.57357245250520295 -0.038708492447842614
1403715530.4621429  0.2325241051460524 0.41773297750137089 0.55360289627161219 0.81264821085833849 0.10122398407047144 0.57224872435622942 -0.043450982846313088
1403715530.5121431 0.23168855930211371 0.44385454357116388 0.58605623223858216 0.81242927967483958 0.10290812318538477 0.57191149232905425 -0.047810340423771698
1403715530.5621431  0.2359746957124701 0.47055132504724606 0.61831823238307326 0.81264454156464216 0.1049236060582856 0.57087518154702788 -0.051975119533930844
1403715530.6121433 0.23982728369773063 0.49755961197371024 0.64756816115359694 0.81237075613656251 0.10718854675229378 0.57052256164559212 -0.055392929806903801
1403715530.662143 0.24302511793718451 0.52469757159516606 0.67308442780327882 0.81162649282911681 0.10903081773844181 0.57086768614162697 -0.059032210194936333
1403715530.7121432 0.24619948678334383 0.55196876283023011 0.69565452823201168 0.81111517231720831 0.11122831044765451 0.57077085978050934 -0.062777908671793003
1403715530.7621431 0.24892115293842759 0.57933976120570263 0.71674729473899712 0.8107132838199077 0.11472370756199349 0.57014250571146829 -0.067230688991118809
1403715530.8121431 0.25216148705386887 0.60861551419203919 0.73736294862849505 0.8101542777132783 0.11998655016275016 0.56919598575444086 -0.072589282156175314
1403715530.862143 0.25195495050580113  0.6342139964533845 0.75733733716494422 0.80903413192110318 0.12590699406828013 0.56865945288331365 -0.078978660901584674
1403715530.9121432 0.25534335764849914 0.66510220888446303 0.77636797131732649 0.80838641854436377 0.13179811609089812 0.56750598501755978 -0.084128543771755535
1403715530.9621429 0.25859154432964382 0.69412737829294135 0.79596191254104343 0.80809063296523309 0.13817517004871407 0.56602753835372066 -0.086660124169570307
1403715531.0121431 0.26165417861665707 0.72298765870095172 0.81405862689003838 0.81042229965747603 0.14285614381668313 0.56094658372958806 -0.090259340756620385
1403715531.0621431 0.26063256838341381 0.75802802937684799 0.83037895953137564 0.81453177417023948 0.14787005303765932 0.55335845964014363 -0.092015495577698156
1403715531.1121433 0.26389622987014033 0.78843942478378459 0.84579352096616678 0.82056567118098811 0.15126946890444881 0.54313935422926873 -0.093750567700007587
1403715531.162143 0.26801779699057515 0.81777624838518093 0.86012995706860207 0.82557678036517068 0.15413610869546873 0.53435101576794652 -0.095572128080634949
1403715531.2121432 0.27379981396837388 0.84936250644946909 0.87359130661974504 0.82982109417714234 0.15250921991907934 0.52685827175717848 -0.10275335020992396
1403715531.2621431 0.28183646216326935 0.88024738791456469 0.88816059081992627 0.82907139117477402 0.14911918426010995 0.52714085917073195 -0.11192234724963085
1403715531.3121431 0.28863412447277942 0.91267247958795517 0.90302194005422376 0.82514704034025266 0.14554994677503302 0.53235627635492888 -0.12060004078366332
1403715531.362143 0.29815569833896793 0.94187237349641506 0.91219742023926353 0.82040972371382792 0.14333050774371595 0.53874021092511071 -0.12705603455993963
1403715531.4121432 0.32056149375029441 0.97176657896692298 0.92968457250757697 0.81630868792794975 0.14142700774707526 0.54454678672045398 -0.13079497148394631
1403715531.4621429 0.33666494121070983 0.99929425262335836 0.94155344269218333 0.81248121527857253 0.14194613218929744 0.54985040739709989 -0.13187152786403836
1403715531.5121431 0.35379002156812211  1.0234646583839644 0.94972262281325859 0.80956341297276124 0.14250434098532258 0.55373986978759226 -0.13293513374519803
1403715531.5621431 0.37078848998398201  1.0476925012689222 0.95426152146669907 0.80781164112494352 0.14286752129617791 0.55600801140364375 -0.13373225144548087
1403715531.6121433 0.39366733397778181  1.0658476787844362 0.95757356649831105 0.80793215279317587 0.14189386172925103 0.55558731687105367 -0.13577371549224121
1403715531.662143 0.41176233421798591  1.0874933321224776 0.95563749079520599 0.80857695249231298 0.1411143240483102 0.55443379107743396 -0.13745264914921382
1403715531.7121432 0.43409475540473974  1.1100980818579287 0.95230088409330549 0.80808910230894926 0.14262662949259916 0.55541822083747949 -0.13475996160145767
1403715531.7621431 0.45265267995696473  1.1283999276981884 0.95083419212410225 0.80704323944599443 0.14580312428754821 0.55727499124998026 -0.12987394942728001
1403715531.8121431 0.47510052460796515  1.1511696192640961 0.95064110578727123 0.80419254924385308 0.14835369053103856 0.56188794047499679 -0.12468948871200171
1403715531.862143 0.49531467125595779  1.1680931588451264 0.94943838324707885 0.80034003370162587 0.1505856587857782 0.56768385947173516 -0.12047748967258937
1403715531.9121432 0.51526307646312386  1.1843322771527836 0.94841217850539761 0.7967157962905973 0.15146689251171996 0.57304694484683116 -0.11797847013584983
1403715531.9621429 0.53421231391815505  1.1998164132902218 0.94719517064869452 0.79355656889544579 0.15227496265281895 0.5777749855049602 -0.11513632718092685
1403715532.0121431 0.55167752023298933  1.2165812623279038 0.94757413091767628 0.79186787479214826 0.15209530687063411 0.58039477120724658 -0.11381650168311433
1403715532.0621431 0.56794604924711323  1.2316507090500843  0.9455237626843036 0.79033127793854063 0.15289384489618038 0.58272176103699691 -0.11151364274758985
1403715532.1121433  0.5738768060958217  1.2588358263362363 0.96015443629804398 0.78896447563778815 0.15304832214198025 0.58487833064586037 -0.10967499994085414
1403715532.162143   0.585869177225529  1.2711036060548544 0.96102861220290747 0.78839213598213176 0.15331042737708103 0.58568847494437826 -0.10909978504248856
1403715532.2121432 0.59366036553808144  1.2742777439012865 0.96465258260430731 0.78794666810866854 0.15300441451836747 0.58611384474956529 -0.11045477964860448
1403715532.2621431 0.60390894121166216  1.2873986791488745 0.96410556309048112 0.78715086934405409 0.15386292195760537 0.58659445559310741 -0.11236838881551074
1403715532.3121431 0.61039398248874799  1.2990119803106737 0.96435940422692112 0.78765124582850332 0.15455212494754753 0.58505349663965089 -0.11589461458032596
1403715532.362143 0.62095267829299972  1.3131274397000356 0.96223478715674904 0.78973789788397908 0.15436253621508506 0.58147435544093251 -0.11989092552646489
1403715532.4121432 0.62693430536538053  1.3253091547995883 0.96058465613694155 0.79100709216168685 0.15290048962369607 0.57900549165045767 -0.12522723769754934
1403715532.4621429  0.6255772619855724  1.3247059248118445 0.95860431991248385 0.79201809799285539 0.15274959247405459 0.57660689392809261 -0.12999763199915434
1403715532.5121431 0.63110710373808465  1.3365172498045583  0.9571208073811196 0.79312248724697221 0.1513859496798218 0.57442268256657836 -0.13445295168099139
1403715532.5621431 0.63538860745232417  1.3476527698991496 0.95418267619939579 0.79394157273943478 0.14841584904091476 0.57258329973980526 -0.14063384972535425
1403715532.6121433 0.63879473972630629  1.3554181192768491  0.9519178386718179 0.79379979230657127 0.14471330645381336 0.57185146918675156 -0.14807378518226277
1403715532.662143 0.64030389889553263  1.3583028898709302 0.94891108430531979 0.79289325002134281 0.14037386284465944 0.57208042762086131 -0.1560110798430471
1403715532.7121432 0.64305202253610816  1.3563583072307057 0.94675677619571108 0.7914246749987387 0.13661284642035004 0.57298704552072355 -0.16330878623485942
1403715532.7621431 0.64522601660313239  1.3560838341061567 0.94358695353255106 0.79023194036108113 0.13404065841588572 0.57365054536472149 -0.16879465076640945
1403715532.8121431 0.64769715162598407  1.3521602870451488 0.94016161525754183 0.78944113603114985 0.13162217285063557 0.57428352052167719 -0.17221130744859237
1403715532.862143 0.65107265234749634  1.3430786014364662  0.9331634777931932 0.78925120778478675 0.12862739200353199 0.57480704898278567 -0.17359257321765426
1403715532.9121432 0.65784155956655654  1.3333006668493153 0.92792075718283273 0.79022950710610707 0.12401302304415064 0.57466302263321534 -0.17297545095286385
1403715532.9621429 0.65974959930379329  1.3193125188919554 0.91968506960481111 0.79189008647479264 0.11758043269325462 0.57421857854801994 -0.17134163779100534
1403715533.0121431 0.66166148819814075   1.301910583478133 0.90857938250448844 0.79380432779494348 0.10959665986024639 0.57406691781366714 -0.16825705094709043
1403715533.0621431 0.65969155618996167  1.2778842021273447 0.89500028821488242 0.79600990013134632 0.10093082977019636 0.57391410152791744 -0.16371869338040501
1403715533.1121433 0.66098932234584307  1.2537944004288568 0.87820802756759575 0.79802340227120183 0.091011116370678088 0.57462867153557207 -0.15709078895251044
1403715533.162143 0.66387178524257673  1.2254914100592393  0.8624793777448283 0.7981522415080301 0.081001796039956747 0.57836925615373636 -0.14792130323311206
1403715533.2121432 0.67370349609140512  1.1927070910176114 0.84994477270399593 0.79560159874805425 0.071742142438658119 0.58594471987315666 -0.1361614714984363
1403715533.2621431 0.67484217520978096  1.1569000575239738 0.83932438528247066 0.79316145761459911 0.062380567528482478 0.5926775208386974 -0.12544689411063398
1403715533.3121431 0.67565760012957499  1.1193243744966228 0.83258109916214629 0.79170089713366931 0.054709175083145926 0.59766009558502708 -0.11410085794927839
1403715533.362143  0.6744093592095709  1.0783404964705094 0.82866171264642596 0.79248801280434955 0.048582197160124907 0.5989607674215065 -0.10415622290745785
1403715533.4121432 0.67248200490797505  1.0352791891441593  0.8286402666309125 0.79417355684017099 0.043371590357269015 0.59861360875355962 -0.095231371830679645
1403715533.4621429 0.66908485241927906 0.98819633669713014  0.8292726256555023 0.79718867202917132 0.038409390132131176 0.59595942405549041 -0.088585014632793627
1403715533.5121431 0.66504610502120998 0.93971176229411346 0.83732743383273245 0.80074068226225648 0.031722984045535224 0.5919018945597343 -0.086372213529699995
1403715533.5621431 0.66108004947243026 0.89568450841934832 0.84149548801017593 0.80409611443884366 0.023560898660925481 0.58762610417214844 -0.087005083150968984
1403715533.6121433 0.65161636804997503 0.84441121896139615 0.85221750950850439 0.80694773151605903 0.016692162370105911 0.58363797033221809 -0.089013762435846758
1403715533.662143 0.64358772517511642 0.78966534517038312 0.86997075855698591 0.81026805986883299 0.0091646688797259058 0.57857001592093582 -0.092943083002289817
1403715533.7121432 0.63553129998792135 0.73139484925059162 0.89195599430697015 0.81277023515989533 0.0032649353657705385 0.57469142921145644 -0.095517779633320032
1403715533.7621431 0.62809990988683584 0.66973926941738748 0.91819180728100935 0.81441569833529637 -0.0017964862724028884 0.57200168439919363 -0.097662254666734422
1403715533.8121431 0.60609949827669796 0.60245580740284255 0.92846000261970107 0.81535084904532418 0.00057884064948205999 0.57129571823503911 -0.093935404565490821
1403715533.862143 0.59558145019763264 0.53552605850394763 0.95443119677790766 0.81643628174710836 0.0020620431940615394 0.57054740167945539 -0.088899990222971251
1403715533.9121432  0.5879465704903335 0.46389742333536166 0.97917709808592945 0.81770160672856818 0.0060484588280776659 0.569849261452956 -0.081236184799901898
1403715533.9621429 0.57355976181937851 0.39148333063990132  1.0005296529450896 0.81764421991024661 0.0094234399302033506 0.57085301196276272 -0.074134790485224561
1403715534.0121431 0.56904773372461581  0.3165432709359014  1.0174118463689987 0.81809557629110907 0.013162020315043963 0.57092991991951469 -0.067715698437224844
1403715534.0621431 0.56159739460187863  0.2399549651904016  1.0326933324411598 0.81827161424665085 0.016931119033430194 0.57121960369871583 -0.062073076907288603
1403715534.1121433 0.55458146582354628 0.16174275801156893  1.0445868510015779 0.81778320652937075 0.021976107257101363 0.57247828388300737 -0.054920782138748264
1403715534.162143  0.54661726786251785 0.082222842500495066   1.0523037978189667 0.81755270645399536 0.027252436013495179 0.57313663887806165 -0.048777762111806948
1403715534.2121432  0.54196018408190105 0.002937994245941768   1.0574584451480271 0.81771880532214014 0.032345900494487594 0.57317664168543903 -0.041931319677953098
1403715534.2621431   0.53476802784186783 -0.076318062810640269    1.0590581824929315 0.8176600970568052 0.0371164710566671 0.57335962880700353 -0.036236298260870138
1403715534.3121431 0.52900921139235113 -0.1549827077603351    1.05803158738683 0.81763947986524088 0.040408805441683279 0.57335717892891858 -0.033081033525975669
1403715534.362143  0.52307917422217642 -0.23349609251551479    1.053980854116368 0.81759995360659043 0.042698909156126258 0.57342155679161722 -0.029913830013159951
1403715534.4121432  0.51695013771796949 -0.30757388979197181   1.0474501449747509 0.81825215020482422 0.041898514162654769 0.57270656464196346 -0.02674180270931981
1403715534.4621429  0.51099049275123853 -0.38464326172505009   1.0374713159721674 0.81856232070807877 0.040225820923823541 0.57251128339487378 -0.023841997264565311
1403715534.5121431 0.50587378195987276 -0.4636235809156295  1.0255113525892203 0.81871971977675717 0.03703235977954597 0.57265037622330794 -0.01995423236134557
1403715534.5621431   0.4988968586235511 -0.54637001494375104   1.0125819769109907 0.81865827878676645 0.03218792874872297 0.57315676228436885 -0.015933790021701214
1403715534.6121433  0.49416173715928896 -0.62154467874236974  0.99899941035829321 0.81918464169407634 0.025100169903166738 0.57285053909004213 -0.012196890900064818
1403715534.662143  0.48994791013512934 -0.69768745979938029  0.98612130396865372 0.819940149758143 0.017487210138898517 0.57214303653661125 -0.006685360036527541
1403715534.7121432  0.48581841712908097 -0.77399821412856151  0.97183982169860517 0.82082569819350037 0.0085133304943327132 0.5711146315627097 -0.0008797749924589676
1403715534.7621431  0.48603962858687455 -0.84710953829379054   0.9581819240385111 0.82343733844935085 -0.0022465455180479378 0.56736932085200853 0.0061608795326196578
1403715534.8121431  0.48488701580468829 -0.91744104176824381  0.94383474013923141 0.8262746981989022 -0.013093171539297874 0.56291410141524556 0.01504680707733037
1403715534.862143  0.48174875929771538 -0.98984046940375325  0.92841666046648663 0.82886953599619606 -0.024959003898994268 0.55835373417154688 0.024360787313025087
1403715534.9121432  0.4815620229843155 -1.0620669932762712   0.913975953310872 0.8311870740630698 -0.037273373409248217 0.55371807111489724 0.033690373491031836
1403715534.9621429 0.48065713738307231 -1.1318642958528125 0.89886480979003958 0.83259092898794418 -0.049100136067634539 0.54999303291421797 0.043464759874544748
1403715535.0121431 0.49442461273292426 -1.1989555114286443 0.88563964984274401 0.8335372256794773 -0.05978483295071798 0.54675155093654981 0.05200200673139653
1403715535.0621431 0.50592781329227421  -1.262947732677018 0.87016490736747909 0.83476511108246698 -0.070500807140101582 0.5428490039116276 0.059260479783954961
1403715535.1121433 0.51617460854864794 -1.3294719083243807 0.85458165901955518 0.83670563299265255 -0.079278360818634208 0.53791855532336452 0.065438926206804734
1403715535.162143 0.52392696893838797 -1.3941403542625841 0.83961851985711755 0.83869203524748415 -0.087632655392651818 0.53296674640180097 0.069732596044777634
1403715535.2121432 0.54014785190123282 -1.4570419983094636 0.82600335409760473 0.84141175351283315 -0.094571785039814116 0.52706768386705605 0.072678023830174202
1403715535.2621431  0.5613800861263244 -1.5152165987163362 0.81065897191667935 0.84348661676948666 -0.10155612016726814 0.52216995267467581 0.074533363744455725
1403715535.3121431 0.57830902856756994 -1.5772247773256014 0.79723733706866839 0.84486103512634714 -0.10702356274819969 0.51862608272001998 0.076044557099153642
1403715535.362143 0.60108227828163285 -1.6353935461646829 0.78166287335395213 0.84539299262050616 -0.11268308386022016 0.51655877312784693 0.076027919506910138
1403715535.4121432 0.62507875655971468 -1.6956537596567938 0.76815560773443448 0.84423067995862833 -0.12125324787587766 0.51732764750575211 0.070315816302645176
1403715535.4621429 0.65286100657291202 -1.7571528517717978 0.75659805367460875 0.84082316909995602 -0.12882550844062746 0.52174715335260125 0.064809680204256231
1403715535.5121431  0.6868471729342992  -1.819702501304713 0.75454276846767143 0.83626590403843371 -0.13381131883660924 0.52833500199972872 0.060133138583775017
1403715535.5621431 0.71871083016319692 -1.8829649811338594 0.74499094610162275 0.83108811093715673 -0.13572850881008763 0.53611974105188342 0.058702189137712496
1403715535.6121433 0.75339765859378771 -1.9465839380536702 0.73613520867365767 0.82515800270588169 -0.13532668070361273 0.54529989267116519 0.058728077722657264
1403715535.662143 0.78935070498299797 -2.0110389447796262 0.72627019826747952 0.82146015773853953 -0.13275023362715455 0.55142243683545344 0.059277996546441218
1403715535.7121432 0.82728275062558043 -2.0744887743020244 0.71841332596751684 0.81951199845502998 -0.12728779170112772 0.55550906248393239 0.060063166502573893
1403715535.7621431 0.86426592144203096 -2.1388003728571121 0.70864476604701698 0.81884852796268182 -0.12034265683861525 0.55811123267439766 0.059300802364189983
1403715535.8121431  0.9006673526126282 -2.2023246239992349  0.6995321527082814 0.81845949920326866 -0.11000281914141732 0.56066537700940267 0.060644562557412345
1403715535.862143  0.9466381817213928 -2.2631910368474171 0.68366135703933184 0.81976563131221869 -0.097501973159810101 0.56088575562367904 0.062328517451306624
1403715535.9121432 0.98520256675638795 -2.3279638548221318 0.67262059528174289 0.82246730734627305 -0.085660024948885499 0.55895361039078673 0.061487802883433994
1403715535.9621429  1.0239939968319924 -2.3910886856771474 0.66127000837420691 0.82560445954278039 -0.073644212082475985 0.55623564756885968 0.059629781011472135
1403715536.0121431  1.0642029580759573 -2.4538444844437741 0.64909041123348454 0.82929149344181863 -0.064435525428277948 0.552307051026934 0.055503183275840764
1403715536.0621431  1.1029121664551862  -2.514598688283018 0.63985622250413876 0.83314835120689135 -0.055842491524673479 0.54772271983737031 0.052395259284680293
1403715536.1121433  1.1444682649527649 -2.5734737079737124 0.63051380187738837 0.83650542231078351 -0.048426531655100399 0.54365417066607646 0.048514865700070763
1403715536.162143  1.1893400977083217 -2.6266875100370446  0.6223128175903947 0.8394969255666811 -0.041351945890824436 0.53986596182106328 0.045603418755077028
1403715536.2121432  1.2338697138142438  -2.684171912221792 0.61463453404866475 0.8421367118012475 -0.033974124494347675 0.53631278374950042 0.044945694880453822
1403715536.2621431  1.2815416476434587 -2.7393448983004571 0.60754213237712862 0.84402324705007081 -0.026799342435127545 0.53373420085337664 0.045103841560421458
1403715536.3121431  1.3304477500648284 -2.7917027079233807 0.60262935112548977 0.84475397936850116 -0.019788812601544369 0.5328447530741417 0.045558603559151457
1403715536.362143  1.3825423538011483  -2.844075303895842 0.59639118592099571 0.84388064625111514 -0.012334611402432112 0.53431647419073924 0.047108573027935856
1403715536.4121432  1.4364017250570158 -2.8943987478287347 0.59317149022026128 0.84182823781743821 -0.0038580215164629138 0.53730687205178507 0.051104392463779895
1403715536.4621429  1.4906879843114176  -2.939070130330117 0.59269206421882303 0.83904027053064378 0.0047522225855415687 0.54117884383156722 0.055805911850716539
1403715536.5121431  1.5475185947142112 -2.9836569126409729 0.59133763189687405 0.83613575441622012 0.01155344724333982 0.54508981510385157 0.060171517461858129
1403715536.5621431 1.6066255709918689  -3.02588208177928 0.5897761037235868 0.8328821816658597 0.017126973059613707 0.5495353828703079 0.063441321163083472
1403715536.6121433  1.6641927362125943 -3.0608174057867208  0.5881949419687631 0.82947470691300629 0.021336692667382237 0.55429014738708737 0.065413214622132204
1403715536.662143  1.7258551413605894 -3.0947056565458726 0.58521912988756586 0.82535854478143866 0.024744697429918489 0.5600170959946329 0.067467212030035806
1403715536.7121432  1.7864367450103327  -3.124965750413907 0.58550056799465178 0.8204173018489993 0.026521942129063194 0.56712430390321678 0.067690925055007345
1403715536.7621431  1.8468287528746468 -3.1478528100834002 0.58522454269123003 0.8134484200264247 0.02805070756643141 0.57714686366417878 0.066455425091844642
1403715536.8121431  1.9060241025222411 -3.1690606778203128 0.58536745346703212 0.80681143753241791 0.030669638973725405 0.58640908746987397 0.065108061289249231
1403715536.862143  1.9632721912998852 -3.1853391802010158 0.58636387527141653 0.8004300346441372 0.034684299219371544 0.59480148762702245 0.065726321545691344
1403715536.9121432   2.019460338508841 -3.1985088286495587 0.58853717660269678 0.79391114365419069 0.039619304033169378 0.60285830006904684 0.068536681911814654
1403715536.9621429  2.0717011518021118 -3.2075363504881604  0.5880737636124922 0.78726615053454518 0.045220948173888102 0.61047597840492018 0.074068575383417698
1403715537.0121431  2.1224492355711693 -3.2125543116372461 0.59124656251376551 0.78064470019845922 0.050428225846202046 0.61787239631260094 0.079275140901713143
1403715537.0621431  2.1692362069789488 -3.2117186908148967 0.59598029128064811 0.7726419201060587 0.05385741163363416 0.62708596575068187 0.082988156175944239
1403715537.1121433  2.2115950624727221 -3.2046164478985073 0.60253522097860734 0.76328184956557255 0.056931375708987396 0.6377311042415833 0.086363622356011735
1403715537.162143  2.2466946819212517 -3.1894263023995575 0.61334649835641086 0.75312091270980075 0.058996116045169883 0.64919266016570309 0.088753811848955033
1403715537.2121432  2.2759229514094259 -3.1698539435677167   0.620435211044991 0.74361940314429842 0.059240762722877774 0.65996809236012666 0.089234703820119513
1403715537.2621431  2.3033692880536454 -3.1477483365009817 0.62897610052627828 0.73547854554754799 0.057798737914257846 0.66945527538259708 0.086949693485334517
1403715537.3121431  2.3192696921148919 -3.1177200922244253 0.63616441857482531 0.73145493838914011 0.050272096208108755 0.675765739657475 0.076072692565517019
1403715537.362143  2.3318476346064774 -3.0842301761103994 0.64484761095847176 0.73301022361586365 0.040470565622251334 0.67623909507816371 0.061309311533427113
1403715537.4121432  2.3298736331069096 -3.0416341477291993 0.65259672930053403 0.74061294706143832 0.029893122603088216 0.66957462349636843 0.047630740448837791
1403715537.4621429  2.3330830643480716 -3.0051279609048094 0.66043684945927716 0.75213434492501341 0.018697697078629134 0.65792259554348076 0.032896528411161564
1403715537.5121431  2.3262998791027059 -2.9630173239772808 0.66533671404467076 0.76631252732822286 0.0082957093795134919 0.64208427572070392 0.020593070143653063
1403715537.5621431  2.3156392288226684 -2.9178264437827006 0.67181788493903527 0.78058654058649102 0.00033774351439825858 0.62495646556241702 0.01067495837296332
1403715537.6121433   2.299877027175369 -2.8736933919865089 0.68071820557613916 0.79260075983891454 -0.0070808699017723955 0.60969357666987845 0.0027639377164541601
1403715537.662143 2.2816189078034501 -2.829609621426715 0.6909143000264012 0.80096406393556119 -0.012734994738946633 0.59857348861395354 -0.0020413038359230608
1403715537.7121432  2.2622949430087438 -2.7862156614110574 0.70310979360995773 0.80250711698013655 -0.01766604714619301 0.59635273269574018 -0.0058013947272346445
1403715537.7621431  2.2479191356760206 -2.7468863341121481 0.71356232461680602 0.80006875992420323 -0.020681965051387089 0.59950932790073996 -0.0071275153429430776
1403715537.8121431  2.2260254308178666 -2.7051073960311167 0.72711289202172313 0.79461950436226114 -0.023306638740867514 0.60659935981508029 -0.0085942160557030117
1403715537.862143  2.2044150907223767 -2.6666116508292164 0.74074449210259308 0.78984215777790112 -0.023969925044780446 0.61279914284471904 -0.0072124211520531306
1403715537.9121432  2.1778070125492928  -2.627172644141246 0.75280680087771534 0.78687260119679958 -0.025185773793846872 0.61655555246031901 -0.0075124572903031116
1403715537.9621429   2.154541103406781 -2.5909817166783813  0.7621817537158595 0.78808607276833853 -0.024809957724103448 0.61503633832097038 -0.0059254072466124038
1403715538.0121431  2.1236452616293455 -2.5536383664578679 0.77114354781256811 0.79140377287038843 -0.026369219662688258 0.6106710378434288 -0.0081003753076799474
1403715538.0621431  2.0891549432605698 -2.5195757871632414 0.77991818034231852 0.79448536314080243 -0.028913762595593948 0.6065297125595881 -0.0088718583158412506
1403715538.1121433   2.056699086518937 -2.4872675795887806 0.78820751489063112 0.79815418528882509 -0.033217249569482667 0.60143060474901822 -0.011302146176762496
1403715538.162143  2.0202572058837718 -2.4551578833392531 0.79549924775648806 0.8015304281468606 -0.038627471405380302 0.59658038296098581 -0.012195813776069936
1403715538.2121432  1.9824781896518306 -2.4247758515912823 0.80049590229648138 0.8043295438510325 -0.044450584036664145 0.59241975476908693 -0.010815018563293009
1403715538.2621431  1.9432509814135008 -2.3963894339087224 0.80258934966200324 0.80594780134671917 -0.050551299123438538 0.58977522791042014 -0.007608429833693928
1403715538.3121431  1.9004843689295923 -2.3716207399647651 0.80099206043454296 0.80565074648491575 -0.057711942066234805 0.58956303878809069 -0.0034102384365205947
1403715538.362143  1.8634921180347028 -2.3499640987016197 0.80106634045931746 0.80415569336033899 -0.065026634355483739 0.5908469126554502 0.0022546543135214688
1403715538.4121432  1.8237693640139234 -2.3292159257092493 0.79816827383294253 0.79936870016411188 -0.070922045718827903 0.59654328041783244 0.010763791958509622
1403715538.4621429  1.7810545324844207 -2.3084851852728314 0.79357322188656876 0.79359199075118603 -0.074892825006408495 0.60336738340987339 0.023465242706009005
1403715538.5121431  1.7368299777774061 -2.2877565523733043 0.79023057351765225 0.78714444115046189 -0.079577972968392502 0.61054203052709055 0.036185687005031178
1403715538.5621431  1.6914660050357671 -2.2713621249951377 0.78700261254570603 0.78203434928519777 -0.084598065491781199 0.61545672732541346 0.049784140476836845
1403715538.6121433  1.6386628538154189 -2.2537309192793287 0.78346256319028029 0.77806387757135842 -0.091980213392659577 0.61840832472137797 0.061052327377110534
1403715538.662143   1.587262680024107 -2.2341590160629452 0.78009859400448456 0.77615627421136046 -0.10085320011776043 0.6183253071160093 0.071301364701101128
1403715538.7121432  1.5324129100866686 -2.2146095977717781 0.77615965067691006 0.77581166304033344 -0.11183212953943021 0.61568415028064527 0.080887980482073671
1403715538.7621431  1.4753357839581032 -2.1938792781656105 0.77119235805663133 0.77811173040110704 -0.12426567946056796 0.60905957936675681 0.090258543650934706
1403715538.8121431  1.4158640533555003  -2.173249751443179 0.76571565077952375 0.78191661457049577 -0.13817919836827458 0.5996996796074211 0.099364034115329111
1403715538.862143  1.3535233779566163 -2.1507783154278926 0.76096422103981531 0.78444654104359446 -0.15310568659404444 0.59082378609114727 0.11013413079617458
1403715538.9121432  1.2913218795754615  -2.129666577952297 0.75464738510812612 0.78591233518768133 -0.168776679168259 0.58243435286299394 0.12093989653478997
1403715538.9621429  1.2313239614677243 -2.1095672123048304 0.74589715860054284 0.78550952814090669 -0.18495013346737957 0.57551649211614642 0.13247262597447967
1403715539.0121431   1.170438875199727 -2.0897688618477179 0.73446965593609903 0.7831742038204188 -0.20167162881486858 0.56995916070046948 0.14530408024218458
1403715539.0621431  1.1070992935032058 -2.0686442866221615 0.71967180526520935 0.77985145130837619 -0.21970080103004636 0.56456068966848849 0.1575896557519435
1403715539.1121433  1.0432380489542012 -2.0462327656747967 0.70202997355781027 0.77580614434563144 -0.23778728718902153 0.55908808723692216 0.1703013304604836
1403715539.162143 0.98127170950598408 -2.0250210616157562 0.68203275408622732 0.77040109044488991 -0.25635229365930245 0.55446077339030053 0.1825894634100472
1403715539.2121432 0.92344818152335206 -2.0051609400479804 0.65930662027353226 0.76503650684317037 -0.27476898391854077 0.54923512698342725 0.1938089883392177
1403715539.2621431 0.86005060493607677 -1.9817263651980692 0.63344011923710875 0.76044226868841824 -0.29245301880235131 0.54231655428138559 0.20516223516468188
1403715539.3121431  0.7961769601867722 -1.9577535536564528 0.60432829216651651 0.75650198440269834 -0.3096644957567774 0.53413723852492156 0.21566190689004727
1403715539.362143 0.73246492788754014 -1.9332841242220073 0.57288913020627763 0.75280747381301116 -0.32600809241597023 0.52565618141320369 0.22513376022414275
1403715539.4121432  0.6690774743427661  -1.909014609427194 0.53995780450796282 0.7488493865413115 -0.34061228394690529 0.51794801476166008 0.23438797389292304
1403715539.4621429 0.60862907330391991 -1.8886922279609222 0.50932917031627112 0.74341921226036933 -0.35289756631553387 0.51341223272119496 0.24330857326239633
1403715539.5121431 0.54733048785773741 -1.8657692445001637 0.48400332767257104 0.7394645765774075 -0.36418605501726065 0.50852732835449765 0.24891888967050566
1403715539.5621431 0.48947366600444631 -1.8435454568371576 0.46227831633336641 0.73513456754310758 -0.37652175773094526 0.50551935955792726 0.24951695467553078
1403715539.6121433   0.432997990434909 -1.8223500828038921  0.4454237795335888 0.73017603290407573 -0.38706711390274795 0.50482462187341648 0.24934737106660104
1403715539.662143 0.37904683295049563 -1.8022376036185406 0.43352006620939509 0.72538903738118465 -0.39544618964912254 0.50526836240460926 0.24927281739522464
1403715539.7121432 0.33184751838049159 -1.7827981081241604 0.42746029517415685 0.72051313495803038 -0.40123418956119794 0.50699928400890548 0.25064651103611463
1403715539.7621431 0.27810700807597427 -1.7607748118334714 0.42605014057354929 0.71742077609423116 -0.40446564874555779 0.50762545307408224 0.25304420247166071
1403715539.8121431 0.22508134786123507 -1.7425377907170867  0.4269345392178599 0.715025813889272 -0.40593721303788793 0.50873233104328919 0.25523416678469546
1403715539.862143 0.17301744941121042 -1.7251857500380325  0.4307037806721225 0.71600624048159822 -0.40598115181346378 0.50685944664668758 0.25614033128079411
1403715539.9121432 0.12001156040486267 -1.7086097391562656 0.43775454656645163 0.71965570536788281 -0.40652551969288087 0.50256268952163463 0.25350228928092422
1403715539.9621429 0.099199084265171961  -1.7074876558349408  0.44561658127281806 0.72353224157448304 -0.40851878049761764 0.49864359268746117 0.2469171295286835
1403715540.0121431 0.048640824429635895   -1.694503946387991  0.45813393719046663 0.72883392995400142 -0.40992719525926319 0.49256263788832227 0.24112827476506662
1403715540.0621431 -0.00054450499645256945     -1.6839711271116053     0.47163469197640784 0.73309138552784325 -0.4134137103766064 0.48750191171514173 0.2323962362251093
1403715540.1121433 -0.049190219514600633   -1.6753048477326953   0.48541745430234007 0.73787639291093954 -0.41722446099975524 0.48148276650044397 0.22279255708233059
1403715540.162143 -0.096789927689934538    -1.670377860447936   0.50107061653489648 0.74007984530773729 -0.42046925839071936 0.4793237572643691 0.21386014364439732
1403715540.2121432 -0.14225768205273412  -1.6697933383480628  0.51795382837967407 0.74192973709214338 -0.42252350656700094 0.4773085637913797 0.20782369101745587
1403715540.2621431 -0.17626978780458155  -1.6821095197666143  0.53935606788204937 0.74146872501657457 -0.42229331471252124 0.47903781383518479 0.20594965182639602
1403715540.3121431 -0.22484699630235858  -1.6861050656801992  0.55899426789279416 0.74229273741058788 -0.41857082791195704 0.47991118672929189 0.20853106929346985
1403715540.362143 -0.27509358152073488  -1.6890110400741081  0.57510938622634866 0.74383472869063405 -0.41358073044384019 0.47917962801629443 0.2145874178357996
1403715540.4121432 -0.3166647171134418 -1.7061281276267777 0.59198541039278263 0.74672884869639644 -0.40847731409231314 0.47700733379787352 0.21910343196656748
1403715540.4621429 -0.35946008073078189  -1.7227106873099312  0.60848739333608959 0.74964840589698423 -0.40356626735883738 0.47423385502257476 0.22419586556534324
1403715540.5121431 -0.3835300884205583 -1.7586789465431019 0.62973893157807515 0.7553422333077191 -0.3996186387624005 0.46690289603630569 0.22751865815423619
1403715540.5621431 -0.42759835848503136  -1.7736460969687542  0.65150237589385684 0.75901073697335264 -0.39929317811185605 0.46008724230436526 0.22975506205797952
1403715540.6121433 -0.46577205384302889  -1.7977403401280772  0.66531401799295042 0.76259088868751024 -0.399264275596036 0.45346498645941652 0.23111183608575145
1403715540.662143 -0.50084874837605142  -1.8258112380066682  0.67855120460550178 0.76429346551942878 -0.40237576321381335 0.44919529324590063 0.22841373047199331
1403715540.7121432 -0.53335042943862576  -1.8568101139114408  0.69101049409420068 0.76294262880116459 -0.40879817557818138 0.44862520785125032 0.22257138109456348
1403715540.7621431 -0.56454270419987818  -1.8912895697027985  0.70336197014707746 0.7609472677704856 -0.41456102909809589 0.44922230950197706 0.21748040249978984
1403715540.8121431 -0.5929089534143811 -1.9282886073399041 0.71464460777029237 0.75663749899079302 -0.41838092651607589 0.45357275519853685 0.21616857123577399
1403715540.862143 -0.61939283076753671  -1.9694491311047471  0.72577466367217036 0.75275108185240436 -0.41989963204876896 0.45806257545481877 0.21732184598664209
1403715540.9121432 -0.64447976775891591  -2.0146509201510976  0.73686070620166977 0.74866189277470185 -0.42080105991102401 0.46323048254389387 0.21874496183206377
1403715540.9621429 -0.66901129615307109  -2.0635498013684659   0.7466461858976724 0.74542607223925994 -0.41919569521926875 0.46794128889103981 0.22281357697989598
1403715541.0121431 -0.6917124545321367 -2.1155964371006668 0.75689364538651072 0.7432953123807724 -0.41669790947568919 0.47124110477100262 0.22761096635611655
1403715541.0621431 -0.71929565893360736  -2.1674677224953536  0.76569257162627491 0.74177530920433188 -0.41417475193293074 0.47391115427343633 0.23159638030706026
1403715541.1121433 -0.74201559957758556  -2.2242085442590707   0.7755482147312176 0.74204846960375981 -0.41167659761192649 0.47411115461535192 0.23474467151925707
1403715541.162143 -0.7628135929775347 -2.2815883538843984 0.78299206170850155 0.74067918976104985 -0.41201754117633849 0.47629849937873964 0.23404192596088402
1403715541.2121432 -0.78283380581912432  -2.3414470279336577   0.7917013299295208 0.73585346436054044 -0.41492242968856136 0.48338011253275109 0.22957073667555464
1403715541.2621431 -0.80209008003048765  -2.4033457242965972  0.79992760178300082 0.72936589580517774 -0.41764048881457666 0.49248034859586448 0.22597548182474986
1403715541.3121431 -0.82313806053452199  -2.4668513679429016  0.80864247233954634 0.72345451226214341 -0.41880881203191339 0.49987883862955462 0.22656984429162147
1403715541.362143 -0.84287536872819768  -2.5326812377649772  0.81276312996832711 0.72068000747340732 -0.41683329258491125 0.50286471360435614 0.23237343400776314
1403715541.4121432 -0.86295753684871901  -2.6028137471640087  0.81737578663325161 0.72011381384659234 -0.41418892254062262 0.50311651186817674 0.23823813094790741
1403715541.4621429 -0.88427890222926686  -2.6705492817931122  0.82130430996537007 0.72377490614458351 -0.41239935580667642 0.49732744327529915 0.24236763548562287
1403715541.5121431 -0.90495250910047764   -2.738787661244853  0.82399445935494775 0.72846661743696384 -0.41202541940408532 0.4898017108467308 0.24426568546656602
1403715541.5621431 -0.92555589744831568  -2.8082494441965644  0.82709720746158089 0.73375102235439338 -0.41181642433905008 0.48136267825854412 0.24557410657120085
1403715541.6121433 -0.94484495040445415  -2.8806375653939531  0.82965030145997476 0.73785525825441323 -0.41285710383516055 0.47460518183089567 0.2446805081293135
1403715541.662143 -0.96662959888916511  -2.9546355229560155  0.83668716517617481 0.7420026769657696 -0.41083666433766775 0.46849684332199021 0.24729733198896642
1403715541.7121432 -0.98235989555647241  -3.0292899586586155  0.84001099577724136 0.74554147065434562 -0.40713507377228436 0.46340350668052488 0.25232149578500995
1403715541.7621431 -0.99700060415159164  -3.1045007694919362  0.84527416576375425 0.74776978913086545 -0.39916566699339162 0.46092845472984317 0.26277761011406731
1403715541.8121431 -1.0096216129902635 -3.1808775004764698 0.85045261706681963 0.74956109564194662 -0.39032324335799062 0.45885367499628205 0.27433416582144809
1403715541.862143  -1.015752049673502 -3.2613659339136571 0.85735393036007168 0.7497515196907909 -0.37998997048519989 0.45983756552812577 0.28640826521099783
1403715541.9121432 -1.0212020727193087 -3.3385835968092601 0.86231507727817991 0.75052824114010752 -0.3706089776546308 0.45981835745499544 0.29651884102079579
1403715541.9621429 -1.0227818847224328 -3.4161794278151127 0.86596598031704297 0.75189861366543764 -0.36151564932782088 0.46000129158638342 0.30389755148394337
1403715542.0121431 -1.0198766600678477 -3.4907783369486762 0.86836635893683878 0.75445603437062836 -0.35225620924806011 0.45949348555843306 0.30915593472759734
1403715542.0621431 -1.0124113126820782 -3.5633692209063077 0.86922801665115446 0.75563937640296464 -0.34137746403839203 0.46284222916855777 0.31344478106093165
1403715542.1121433 -1.0019257635504484 -3.6319869204511721 0.87125512643919556 0.75518882502046902 -0.33192085281336053 0.469825630440664 0.31429645720702565
1403715542.162143 -0.98793643167229195  -3.6979645257749127  0.87722340154847778 0.75445246098878527 -0.3210830042583509 0.47804395533125554 0.31493041335451555
1403715542.2121432 -0.9693676790574085 -3.7605248421362769 0.88258601326576525 0.75250994044066088 -0.31104593976266093 0.48933497230363593 0.31229873162687666
1403715542.2621431 -0.94444988360738991  -3.8183181918616529  0.88718222698956084 0.75065881728290496 -0.30134907879211631 0.50112411609771246 0.30752998717500646
1403715542.3121431 -0.91828449182712812   -3.866042422675239  0.89354154052636825 0.74867724195601515 -0.29465438701795371 0.5136213726757014 0.29808432551701997
1403715542.362143 -0.88899589713951788  -3.9146918282746035  0.90173472063494453 0.74695719409735906 -0.28656819649475496 0.52615179914135257 0.28826706923313605
1403715542.4121432 -0.86030465530851508    -3.95967609247844  0.90855005870854333 0.74433033594640596 -0.28068228645530802 0.54062377375474446 0.273707399080313
1403715542.4621429 -0.83236473487126572  -4.0163079928418588  0.91100674823625449 0.74037556681205907 -0.27430520166073447 0.55677087862498675 0.25808305857755648
1403715542.5121431 -0.80357541605225991  -4.0544913544361432  0.91874906983505222 0.73724060914900069 -0.26895696739389685 0.56957138591999679 0.24439081458406484
1403715542.5621431 -0.77858227693855375  -4.0973108037247927  0.92640965444115764 0.736285423578243 -0.26319443034754164 0.57808748448985126 0.23329665050410886
1403715542.6121433 -0.75303318120724216  -4.1283983843406187  0.93193150614674136 0.73962593084014527 -0.25909703786528232 0.57962020360412547 0.22329941104310452
1403715542.662143 -0.73027732219341335  -4.1471211700080701  0.93924505496742439 0.74443418613136725 -0.25541006270757782 0.57817461407969895 0.21516867341792917
1403715542.7121432 -0.70839964797335397  -4.1762217566674007  0.94378772585826087 0.74760910052547069 -0.25276144019123864 0.57815309333483622 0.20719866754230828
1403715542.7621431 -0.68778475975680831  -4.1984261910085214  0.94634429508048801 0.75148255216212234 -0.24956175591316437 0.57620061689884738 0.202449383468632
1403715542.8121431 -0.66946910115629066  -4.2193261165742557   0.9491911910218519 0.75599674090484748 -0.2470486595447767 0.57277178024005115 0.19841465500063429
1403715542.862143 -0.65253603812414906  -4.2384195260546589  0.95060558702863285 0.76017685802023793 -0.24610032952812994 0.56925745359045965 0.19367943584265943
1403715542.9121432 -0.63697827051667744   -4.252771858778841  0.94810912449961393 0.76286208517368848 -0.24632881019755146 0.56724374927274324 0.18867454831564373
1403715542.9621429 -0.61988601579684144  -4.2521657133169377  0.93508643761775889 0.76385789985142594 -0.2486581192428132 0.56670353287826003 0.1831320681707459
1403715543.0121431 -0.60588978772427082  -4.2709473839049465  0.93097111458266213 0.76378084576291849 -0.25082809790636257 0.56774167018732613 0.17718205574849463
1403715543.0621431 -0.59324333334481882  -4.2772234194545753  0.92659170706444138 0.7626761573685652 -0.25246277978396092 0.56975073250779873 0.17312344327704937
1403715543.1121433 -0.57987449892754339  -4.3034963103444213  0.91317996089472819 0.76186933518040223 -0.25449833953054068 0.57100114438177296 0.16953879910709338
1403715543.162143 -0.57197149156527327  -4.3148152888222349  0.90399480099627039 0.76047577205240935 -0.25528803619358448 0.57273280655580994 0.16876537261067587
1403715543.2121432 -0.56440636597697014  -4.3271687258765796  0.89622201824604819 0.75840190792224549 -0.25646295753633419 0.57503844839985185 0.1684757559220478
1403715543.2621431 -0.55769494464390501  -4.3435017763033121  0.88703690750431974 0.75571379980197717 -0.25813749837993483 0.57800140735376371 0.16785725428492784
1403715543.3121431 -0.5542512499799116 -4.3567055741794443 0.87663995371572989 0.75374930996423517 -0.2601059129239876 0.5799411495129323 0.16695854243505234
1403715543.362143 -0.55053843849537476  -4.3690304237222621  0.86747129350427732 0.75325977468356053 -0.26060432839708347 0.57993301374503758 0.16841257504407084
1403715543.4121432 -0.55089012956206762  -4.3789351712881253  0.85950703605549361 0.75226347981675434 -0.26094212039279735 0.58048551589243269 0.17042720609689918
1403715543.4621429 -0.54961972189959474  -4.3880482017737847  0.85349748775860956 0.75275223830655535 -0.25930362096991388 0.57931839898918858 0.17468798604645308
1403715543.5121431 -0.55260721821922132  -4.3991046061535171  0.84348412669983253 0.75313236904839342 -0.25767685077099101 0.57825908436753171 0.1789153615951492
1403715543.5621431 -0.55042673694187039  -4.4087203271802089   0.8416708966155857 0.75176924520874133 -0.2560248039866157 0.57934448606832145 0.1834509966288739
1403715543.6121433 -0.55836612359734017  -4.4141384818277647  0.83342805493996164 0.74919173173328157 -0.25424922245534726 0.58202107370390455 0.18793762728068064
1403715543.662143 -0.56479186709346996  -4.4217485177894043  0.82546320828260777 0.74626414245505046 -0.2501626098832056 0.58545662333296256 0.19429112305459759
1403715543.7121432 -0.57703779154114876  -4.4236730430633608  0.81660397487483283 0.7435768892904715 -0.24746837939277697 0.58732930891372526 0.2022302989285838
1403715543.7621431 -0.58905377075139009   -4.426124340015738  0.80773894930256729 0.74109096645934847 -0.24469741253514338 0.58772647306694858 0.21327200610309885
1403715543.8121431 -0.60369636957638484  -4.4254967186593177  0.79778976500315113 0.73910364605053225 -0.24319408436045697 0.58615090608742393 0.22585294556365779
1403715543.862143 -0.6195261830488471 -4.4228718234703583 0.78672557029303614 0.7377251328245239 -0.24432211198284817 0.58255175116383162 0.23812137915616172
1403715543.9121432 -0.63749241093812992  -4.4160848059334503  0.77438879340899902 0.73628367017688545 -0.24784737709842469 0.57779267579106086 0.25022721374481366
1403715543.9621429 -0.65668302146226165  -4.4054845504112521  0.76087334880901858 0.73578915415383739 -0.2542019914199462 0.57062926260941682 0.26149170702251218
1403715544.0121431 -0.6783885665872188 -4.3898021892146764 0.74729731804693644 0.73503454993710904 -0.26237688551707006 0.56241959315158874 0.27306918827343979
1403715544.0621431 -0.69652227568677405  -4.3705354432556875   0.7345287089866448 0.7335873486599126 -0.27300439047372888 0.55390129329922944 0.28374559370962676
1403715544.1121433 -0.71858609928439887  -4.3427722505365347  0.71724702933480344 0.73035112347999986 -0.29082037490555845 0.5466270049480787 0.28846085251344888
1403715544.162143 -0.73901208495697479  -4.3163513226391732  0.69877363781824542 0.72596858497683125 -0.31142515245052721 0.53917871921302507 0.2920107819853664
1403715544.2121432 -0.75891229252320624  -4.2855380032572539  0.67560366579270781 0.7198397389471205 -0.33327084827829961 0.53204043167865656 0.29613218497757521
1403715544.2621431 -0.77898396829067806  -4.2527504949600718  0.64923932993690636 0.71229407417253809 -0.35574992565354174 0.52434178546947108 0.30190202766273944
1403715544.3121431 -0.79745758376263731  -4.2176075190454707  0.62002729294867442 0.70346240592763443 -0.37938403966764878 0.516268512852877 0.30769338070332142
1403715544.362143 -0.81630684432651335  -4.1820698105761487  0.58527986130307119 0.69367865427010356 -0.40292369207368006 0.50825033649285101 0.31327945740286944
1403715544.4121432 -0.83240867164395738  -4.1438828889321231  0.55067245523981967 0.68280216706317354 -0.42592034637814269 0.50094872293967896 0.31847046359130649
1403715544.4621429 -0.85432701864841099   -4.104152708533733  0.51160973203130178 0.67119912899374778 -0.44635357437083878 0.49417395515388413 0.32565674863570304
1403715544.5121431 -0.87202916261712493  -4.0636742693111962  0.47336598065702151 0.66034577195861655 -0.46434544240186582 0.48696313098150984 0.33345716462790115
1403715544.5621431 -0.8888191525532253 -4.0232555883269425 0.43955656503179252 0.65010065536507144 -0.48004314300698125 0.48055213348620351 0.34058386008109925
1403715544.6121433 -0.90568007602181577  -3.9811758678294238  0.40698858079347094 0.64114374636711491 -0.49247290549946893 0.47509735330952185 0.34740126470918209
1403715544.662143 -0.92595366644365074  -3.9368876932402079  0.37903311784168164 0.63393600130790695 -0.50216300102641176 0.47025518436786301 0.35329524228474479
1403715544.7121432 -0.93526819461343869   -3.896330823687248  0.36076563422430796 0.62724105017557896 -0.50647955031974745 0.46828978454010051 0.36159619436317275
1403715544.7621431 -0.95480184165358173  -3.8528051792426927  0.34398241351365499 0.62099463402184096 -0.50880494312413582 0.46840724860576544 0.36888730504329015
1403715544.8121431 -0.96952425754033067  -3.8065681558778239  0.33822060341804178 0.61658624507869297 -0.50960371164467666 0.46858442919713617 0.37490544430792305
1403715544.862143 -0.98625724478985977  -3.7589069705634972  0.33734283557066325 0.61364948277329412 -0.50959893201292072 0.4687259334439991 0.37952501907043124
1403715544.9121432 -1.0007347566598754 -3.7096763542150066 0.34313262315175647 0.61301854656602872 -0.51022873788957357 0.4677645319129593 0.38088218556653008
1403715544.9621429 -1.0139743531592387 -3.6592082494349425  0.3525838711525921 0.61431145213654503 -0.51175485606893723 0.46491763015729309 0.3802367739089384
1403715545.0121431 -1.0278417687689256 -3.6072416702821153  0.3621618783969634 0.6165756314101567 -0.51419554281174584 0.4603590306909644 0.37882317427129025
1403715545.0621431 -1.0524155399353081 -3.5452102342860052 0.37279874998182772 0.61639325612320794 -0.51767390760616061 0.4566800467829758 0.3788356029465772
1403715545.1121433 -1.0668116298888097 -3.4900703719761381 0.38238601974430858 0.61657410587023365 -0.52122454910907878 0.45206350281708069 0.37920961327095948
1403715545.162143 -1.0807243937376561 -3.4342436047919649 0.39009780089875284 0.61590323670006042 -0.52539038054829401 0.44691694253086039 0.38064865365396477
1403715545.2121432 -1.0958198598226945 -3.3793389794655724 0.39458167881767664 0.61331008682425237 -0.53080729616513478 0.44270263240804153 0.3822417180220879
1403715545.2621431 -1.1113419742164803 -3.3170532955178125 0.39792566642238891 0.61067470601443952 -0.53669946773793709 0.43717102270787628 0.38459274781064529
1403715545.3121431 -1.1250615252381932 -3.2607101045628095 0.39582747604860796 0.60678387708033454 -0.54340976651918604 0.43244169642201596 0.38666953767082601
1403715545.362143 -1.1365061419608187 -3.2062107776102113 0.39124224999802792 0.60208126287258112 -0.55001789958408009 0.42984549597435456 0.38757104203672893
1403715545.4121432  -1.149250431898224 -3.1498223930794471 0.38607595721675564 0.59528856251171547 -0.55758744236705704 0.43090141416774436 0.38607219885085919
1403715545.4621429 -1.1613711344409618 -3.0911451342831398 0.38406258753342976 0.58836245928312148 -0.56553247929680583 0.43287193304024835 0.38291581444584394
1403715545.5121431 -1.1754004218483638 -3.0348397913182068  0.3801123635343322 0.58134257323247363 -0.57304576652127392 0.43619868330008926 0.378668814013988
1403715545.5621431 -1.1920877842344344 -2.9778692914887275 0.37949515298307324 -0.574914840953061 0.57968247867291811 -0.43907836894093116 -0.37503511235577652
1403715545.6121433 -1.2078303348507569 -2.9249528820865063 0.38172417460225738 -0.56934955316963476 0.58515719344287076 -0.4421952006571247 -0.37134290054261876
1403715545.662143 -1.2247156300710824 -2.8660811791503131 0.38453182640107425 -0.56551943975683427 0.5886800727953988 -0.44440913993885328 -0.36897703382396208
1403715545.7121432 -1.2434479270154275 -2.8108229694435627  0.3873300656174003 -0.56398195488301173 0.5901087324738723 -0.44609213567061012 -0.36701205009815452
1403715545.7621431 -1.2636503206167098 -2.7552503501291836 0.39150628206912635 -0.56504996673801522 0.589687821997118 -0.44615820274921714 -0.36596402254491039
1403715545.8121431 -1.2866334653006959 -2.7002071615127448  0.3949716961512475 -0.56828216236032314 0.5872040435668785 -0.4452579369875766 -0.36604940200927849
1403715545.862143 -1.3104815602981814 -2.6458298405146876 0.39864084668647903 -0.5727877129122465 0.58235945184126026 -0.44562835475144702 -0.36631553915910164
1403715545.9121432  -1.336624415707919 -2.5930848935004218 0.40066443508543015 0.58028344369613549 -0.57515061287704095 0.44471519529490944 0.36701674696548753
1403715545.9621429   -1.36698827967931 -2.5432771307377253 0.40695817763904579 0.58958679121392399 -0.5648574123315655 0.44519969269877818 0.36758774868195765
1403715546.0121431 -1.3950875145401249 -2.4903674341008575 0.41089196936403749 0.60018769210160372 -0.55369185005160559 0.44557414730688361 0.36696559605489537
1403715546.0621431 -1.4213593954907122 -2.4367828235361353 0.41602218973105481 0.61090993750072997 -0.54120825632067826 0.44786419816256717 0.36510317933070097
1403715546.1121433 -1.4487417600882302 -2.3831414468787999 0.42096542921540758 0.62250713842009087 -0.52777816756794027 0.45133557845675798 0.36087569061071517
1403715546.162143 -1.4791118948256536 -2.3279911204974311 0.42484625246964725 0.6333541353280151 -0.51455546886246373 0.45729764826398855 0.35351671759459685
1403715546.2121432 -1.5062745259903072 -2.2759175905028712 0.43052061428049215 0.6452787242523994 -0.49921812064523069 0.4637547906425537 0.34543903977796286
1403715546.2621431 -1.5298917303191626 -2.2091796270708319 0.43225186817994637 0.65679977917768018 -0.48460945086098961 0.47044486779983291 0.33533469335748484
1403715546.3121431 -1.5561352835293358 -2.1551503606604654 0.43767468622996775 0.66836479688909411 -0.46910609600301406 0.47796306224370583 0.3236962775547943
1403715546.362143 -1.5828419835375049 -2.0992647907563931 0.44204986992846329 0.67921510498137194 -0.45312219332707893 0.48545890311098838 0.31253283422686562
1403715546.4121432 -1.6075487292800545 -2.0394080534505981 0.44795334127119912 0.69085949893107479 -0.4372600210371933 0.49172117785194525 0.29954483803122572
1403715546.4621429 -1.6320722448584459 -1.9912085113656461 0.45474288821957753 0.70201738537327374 -0.42004951403071672 0.49879640129786679 0.28623791930582615
1403715546.5121431 -1.6570889875284707 -1.9401288853629131 0.46175647608967779 0.71343030074051972 -0.40252623747907451 0.50465784840903938 0.27259913823302989
1403715546.5621431 -1.6821295325742374 -1.8865311006948027 0.46918224754896615 0.72365502228751155 -0.38452626799270839 0.51112150941397905 0.25926388208934276
1403715546.6121433 -1.7070190899031801 -1.8345185631617378 0.47604104143622678 0.73509089556673357 -0.36517458486776133 0.5151049399025287 0.24689228159172621
1403715546.662143 -1.7309674099274266 -1.7867258460544211 0.48196061311681626 0.74735579898068338 -0.34560863222661342 0.51718796634905639 0.23351785911172071
1403715546.7121432  -1.756660969807982 -1.7412884954281831 0.48632497995877788 0.76004670857897461 -0.32635530186950723 0.51729423375678985 0.21960850038626892
1403715546.7621431 -1.7779730458166936 -1.6959490925662681 0.49431606106834219 0.7743320248577884 -0.30809762615111752 0.51355445182748627 0.20432227741451373
1403715546.8121431 -1.8007955928467834 -1.6466365327063375 0.49812432598234785 0.78764393418754297 -0.29098423605128787 0.5098226076742215 0.18715265429983804
1403715546.862143 -1.8223871607327402 -1.5959840976611692 0.50294119590338227 0.79856025334915726 -0.27432165503528722 0.50802840348599176 0.17016548592797881
1403715546.9121432 -1.8422978027373311 -1.5474097553604389 0.50867441448496364 0.80690453106549265 -0.25739157272510044 0.50891453397118325 0.15382019746759565
1403715546.9621429 -1.8599252827381325 -1.5104123216735226 0.51734560297181809 0.81572433316140747 -0.23521152511554297 0.50873871394244641 0.14301843125060246
1403715547.0121431 -1.8757126936844377 -1.4747156785993911 0.52349728035935594 0.8229815445521157 -0.21199624761157962 0.50959559161418533 0.13442954040170099
1403715547.0621431 -1.8894809763850464 -1.4318499025381819  0.5310201621231011 0.82930772713922773 -0.19055181036688368 0.51014282327421567 0.12527170923589928
1403715547.1121433 -1.9002757882716077 -1.3944930886242191  0.5381741682255734 0.83445693985517344 -0.16948960502163124 0.51163594250273026 0.11481964839039527
1403715547.162143 -1.9086408699794966 -1.3554562676430724 0.54348590392369389 0.83859891229582773 -0.14835160944527279 0.5135822880252553 0.1047706910256665
1403715547.2121432 -1.9139853486327159 -1.3180704585947072 0.54911177933277111 0.84200993426726345 -0.1273056811361867 0.5156864761336456 0.0942337120066567
1403715547.2621431 -1.9164618971638236 -1.2805476199434918 0.55496303321715656 0.84485481329390577 -0.10619686437890564 0.51741835633493627 0.084975378656767284
1403715547.3121431 -1.9150715329395949 -1.2430190842511495 0.56174186906164292 0.84746304027529462 -0.086382978388329909 0.51823894033343409 0.075978793976971742
1403715547.362143 -1.9143625122593606 -1.1949623985446658 0.56982210183906745 0.8498338816355715 -0.068254438644507476 0.51839937865366992 0.066225293061107818
1403715547.4121432 -1.9079766526455235 -1.1577347941096228 0.57426869954675441 0.85260305325811925 -0.052238750717935475 0.51696729935210206 0.055533394448351883
1403715547.4621429 -1.8990717066321696 -1.1193796316760405 0.57796913470631672 0.85596434520431675 -0.037391370875679217 0.51375322233744292 0.044548307048381017
1403715547.5121431 -1.8875204895156903  -1.079642276975554 0.58050372561460295 0.85872361116317653 -0.022709884036313955 0.51085016006823614 0.03331868479079346
1403715547.5621431 -1.8714257747418976 -1.0406885405419788 0.58321429711214157 0.8609167416987864 -0.0063788154226706827 0.50818888561465525 0.022928827145829871
1403715547.6121433 -1.8517281449543166 -1.0003468558923088 0.58647278791459134 0.86212865595723287 0.0106380532310211 0.5064310397467735 0.012190749846955869
1403715547.662143  -1.8256960552481458 -0.95846766389425608   0.5920990776297127 0.86295157911015474 0.028101631500188559 0.50449928294608026 0.0023116931476302089
1403715547.7121432  -1.796682142907958 -0.9089052869387354 0.59164099402987724 0.863098986609104 0.045909135487768149 0.50290207576023194 -0.006480184345640916
1403715547.7621431  -1.7638238815961953 -0.86507171331286392  0.59664834351333285 0.86261945571634602 0.063329143984949265 0.50161772885866196 -0.016023365328376837
1403715547.8121431  -1.7340986428827856 -0.81369219890772027  0.59772914195203986 0.86145977306357979 0.080139400315743584 0.50078041801967355 -0.026147826646199558
1403715547.862143  -1.6989942782549474 -0.76592079508222344  0.59976191382249999 0.85972727823468886 0.096106251318124614 0.50025549231925015 -0.037108461584607337
1403715547.9121432  -1.6586097363085044 -0.71406499312533056  0.60146743970504768 0.85586933507474505 0.11167364483147028 0.5028000429681988 -0.046997820374416549
1403715547.9621429  -1.6142367997368041 -0.66462021604166654  0.60406152012469982 0.8508844429955974 0.12489136132505382 0.50698042144215871 -0.058040199937440987
1403715548.0121431   -1.568364225605936 -0.61160592780000811  0.60732574806256678 0.844716497696959 0.13425375330840292 0.51341705340391797 -0.069519044262908836
1403715548.0621431  -1.5185066045715352 -0.55878468879311505  0.61118548524698457 0.83738703527329783 0.14290001399563704 0.52185187145680489 -0.077673440848684716
1403715548.1121433  -1.4678452592627789 -0.50791569931801372  0.61297007130785819 0.82927465944249767 0.15034705508083843 0.53169709415014244 -0.08365107475306946
1403715548.162143  -1.4162622918783025 -0.45427026893238392  0.61592476958374953 0.82252895158842532 0.15604474264604443 0.53976553624913226 -0.088030267346308533
1403715548.2121432  -1.3630191025078215 -0.40006010086365085  0.61834234134115751 0.81666999622456693 0.16089286634243075 0.54684430053529975 -0.090138303726781721
1403715548.2621431  -1.3081588845218091 -0.34240444461104097  0.62166913497040688 0.81174800001085723 0.16443776025997836 0.55302165416461757 -0.090512195333477569
1403715548.3121431  -1.2568434698907567 -0.28428351992317091  0.62359967998704979 0.80796744987222291 0.16673669529247268 0.55773916221168107 -0.091183887421705995
1403715548.362143  -1.2035219421948349 -0.22694688105698194  0.62042069289216262 0.80650720455785407 0.16749185743555287 0.55963997822105283 -0.091080741464943549
1403715548.4121432  -1.1505982499529477 -0.16970595728066898  0.61539549643789393 0.80537140012603703 0.16841101462418978 0.56127326801407063 -0.089369774672888633
1403715548.4621429  -1.0995637942305394 -0.11929797763173644  0.61402183780270703 0.80584848818433619 0.16756565278785168 0.56083150411455007 -0.089431482652433822
1403715548.5121431   -1.0468812559372025 -0.060931794368435648   0.60405640152659046 0.80640070059167679 0.16578004679087943 0.56053951965689808 -0.089612125708972465
1403715548.5621431   -0.99518671395822667 -0.0019651378415848791    0.59426187862875879 0.8074543622763154 0.16191465596833937 0.55982622171632124 -0.091628044301030401
1403715548.6121433 -0.94461181517329329 0.058219441933999909  0.58502432890386868 0.80862470267280273 0.15825482140579067 0.55892005330976913 -0.093219502988096295
1403715548.662143 -0.89429641866539089  0.11381797977606661  0.57215793148558192 0.80957161745933237 0.15439208904902163 0.55847839849697201 -0.094120972453628993
1403715548.7121432 -0.84370707281758683  0.17411031310275479  0.56237855147470261 0.81009960356383626 0.15070229251094297 0.55858785293157398 -0.094905541961235504
1403715548.7621431  -0.795202951910009 0.23160411582931276 0.55255771568812539 0.81026395775663307 0.14749587626839081 0.5591260024187712 -0.095369799536232577
1403715548.8121431 -0.7449420366032995 0.29130140079741956 0.54343975768559483 0.81117314360001258 0.14446616416436098 0.55863119013680906 -0.095178001240000906
1403715548.862143 -0.70094177471269115  0.34900115819830957  0.53269393500638318 0.81101723914600476 0.14151531218825628 0.55978730781006836 -0.094141511773545142
1403715548.9121432 -0.66430584046010377  0.39763821233533947  0.52504146970032939 0.81068841256222235 0.13967620639341577 0.56052029762988675 -0.095351198470660189
1403715548.9621429 -0.61580989470100844  0.45734515816793581  0.51764871433069093 0.81023609911249039 0.1391108679539155 0.56120724346879969 -0.095979476922071552
1403715549.0121431 -0.56779635320949517  0.51862453224022931  0.50762592054695588 0.80927313392711087 0.14024132137608891 0.56202632235783057 -0.097651315707535796
1403715549.0621431 -0.52182758332851609  0.57928687063792872  0.49929791650336691 0.80739473482731772 0.14335869107376317 0.56344905297084902 -0.10043501666747512
1403715549.1121433 -0.47754632618255421  0.64014554219092246  0.49206154444053246 0.80378311128843749 0.14672286102377224 0.56685147091197885 -0.10528305649725493
1403715549.162143 -0.42982383661126766  0.70033339359542157   0.4836179258322823 0.79863100974775802 0.15045784123300235 0.57240397156329337 -0.10910839389959695
1403715549.2121432 -0.38475969108575292  0.76102788555772172  0.47675690874329923 0.7931298196505282 0.15355838207040093 0.57847800882052192 -0.11281890705057161
1403715549.2621431 -0.34083832308019357   0.8203111158957197  0.47080369770946146 0.78757152726274748 0.15598321470011542 0.58456704889628175 -0.11696876301617208
1403715549.3121431 -0.30401701676722742  0.87826088606079322  0.46058746675136514 0.78276257869666865 0.159284661553172 0.58947908041546759 -0.12010643504228979
1403715549.362143 -0.26252844507400652  0.93918787184264829  0.45150881340583249 0.77986371174437397 0.15820913064517306 0.59197669447762624 -0.12785169251961362
1403715549.4121432 -0.22561732698392295  0.99640619329148372  0.44269274800692271 0.77948770403046186 0.15639723337895611 0.59117839122674465 -0.13581949198581716
1403715549.4621429 -0.19078503359721308   1.0511413635456026  0.43610284406915162 0.78089928225454375 0.1541210269928594 0.58790148629353134 -0.1442735680118212
1403715549.5121431 -0.1574169065796647  1.1036057620434525 0.42990645296711438 0.783297804166457 0.15257065021064353 0.58342647198575892 -0.15093143631649056
1403715549.5621431 -0.12384307613488631   1.1556311239181476  0.41948096304647747 0.78788092548040323 0.15128893677794816 0.57608179454107 -0.15647706180485899
1403715549.6121433 -0.09336209134634782   1.2035117418239167  0.41117664481212562 0.79251372658782893 0.14820524687433309 0.56912602585780592 -0.16140868830422361
1403715549.662143 -0.063861495507942248    1.2458593288768169   0.40408424413474192 0.79792159654468242 0.14368626299431989 0.56174727249460432 -0.16466749964454172
1403715549.7121432 -0.02952483890554471   1.2916651918445887  0.39440114603430787 0.80135331238082341 0.13622578702136881 0.55811316585414084 -0.16668862524767444
1403715549.7621431 0.0012062296870074525    1.3286326886618516   0.38921509242018359 0.80341213460170458 0.1276860164116741 0.5570749236484136 -0.16701123504053439
1403715549.8121431 0.03947757768960778  1.3693838638152858 0.38280644266325414 0.80418584707474627 0.11740055872558008 0.55874318492974417 -0.1652521874897882
1403715549.862143 0.070793245165329033   1.3996745278729905   0.3781452686130497 0.80481043417020837 0.10595864753987534 0.56091618728018233 -0.1625606376382196
1403715549.9121432 0.10314935255711483  1.4250585503129527 0.37447428741573302 0.80654467879053449 0.091600809744974254 0.56145907732180655 -0.1608063346441439
1403715549.9621429 0.13833517566547282  1.4506622805984171 0.36962797077497705 0.80819262059891772 0.07428768351972459 0.56217098960972522 -0.1589647965052304
1403715550.0121431  0.1755471158011041  1.4772950842234021 0.36628066949330434 0.81061136067939787 0.056114252922398473 0.56169073529494307 -0.15576883655045495
1403715550.0621431 0.21054165203263017  1.4915936189660746 0.36346514946086295 0.81404135594493021 0.038624256328885768 0.55998195805446738 -0.14921475894784952
1403715550.1121433 0.24890913889386293  1.5026461291631079 0.35955788341696349 0.81718879822109436 0.023252645994735161 0.55927547625361174 -0.13737803382456429
1403715550.162143 0.28502753892728683  1.5060899136583352 0.36087417117686976 0.8202096790184219 0.0101661742678273 0.55887891705396642 -0.12168437622735051
1403715550.2121432 0.32141488877541607  1.5048115342772126 0.36505611592365711 0.82225066281528458 -0.0025054542274964239 0.55923390825791963 -0.10561726210005562
1403715550.2621431 0.36018824484763534  1.4996467807044922 0.37223808986000201 0.82455368437370058 -0.014751031038117672 0.55849215584974576 -0.089331632266357375
1403715550.3121431 0.39721198177660039  1.4894923095457349 0.38401387045746005 0.82633502916489909 -0.027120928666385921 0.55764544867992838 -0.073935298537840574
1403715550.362143 0.43435273291281423  1.4752878595073069 0.39867604067116319 0.82646983654472761 -0.039500521526546713 0.55851363695862932 -0.0587352995404513
1403715550.4121432 0.46617830159330714    1.44968390953286  0.4145519037007222 0.82559658435418048 -0.052003823856500063 0.56028963269912224 -0.041969151729520891
1403715550.4621429 0.50186223017819909  1.4259690133350429 0.43351383737513843 0.82435350485120262 -0.063791965252929919 0.56192352327033068 -0.024775758397384069
1403715550.5121431 0.54131119368946423  1.4036566230522345 0.45314550112670476 0.82258985475757662 -0.076758705277632303 0.56336702274616746 -0.0084634328809245884
1403715550.5621431 0.57832162700219514   1.378086126328012 0.46960270343752825 0.82109597312101068 -0.090804671306756277 0.56348556152553053 0.0063195368176983046
1403715550.6121433 0.61518535747012049  1.3513597209013231 0.48279217402773822 0.8190422845295231 -0.10683033847520239 0.56340907428383902 0.018089498294904117
1403715550.662143 0.65246972204571774  1.3237125710583919 0.49386709645288979 0.81628264184018762 -0.12467159028554782 0.56335424460086059 0.027778378215267033
1403715550.7121432 0.69358743062143402  1.2964462211961989 0.50196488752649726 0.81306251433984655 -0.1432960378819236 0.56307584109143993 0.036622267568744177
1403715550.7621431 0.72919244032341879  1.2648128405551264 0.50604897584243824 0.80920704936686083 -0.16302835025775397 0.56283191123283571 0.042731112379712236
1403715550.8121431 0.76386517273238164  1.2282441636673496 0.50775758635609169 0.80499037965300835 -0.18329475990714328 0.56226562718250384 0.047443483701706181
1403715550.862143 0.80537084560862937  1.1929972811962573  0.5081586840643102 0.80057749540014889 -0.20357517763331395 0.56109584878513719 0.052955352765096955
1403715550.9121432 0.84369009321648158  1.1564199379632683 0.50541494402396836 0.7958254017475922 -0.22332528741370203 0.55983426265136293 0.058080498417936013
1403715550.9621429 0.87702233810506369  1.1158495790849248 0.49866777008227614 0.79062507379468472 -0.24178969639649026 0.55876383864010726 0.065059265533932542
1403715551.0121431 0.90801279454368633  1.0701162287266872 0.49201399581983418 0.78573674516860348 -0.25873715943761005 0.55694181193862946 0.074085543343638843
1403715551.0621431 0.93749885353625362  1.0221909939725338 0.48758268308042868 0.78111517962109456 -0.27223246006310448 0.55502465391809108 0.087727973854403909
1403715551.1121433  0.9667373817623649 0.97023227565492187 0.48722324339582623 0.7760304432227767 -0.28549642178432244 0.55311944835169391 0.10162391546740861
1403715551.162143 0.99671715520538828 0.91688379552530985 0.49166487264183767 0.77071947326409218 -0.29881408164526807 0.5507776890254239 0.11552305143922077
1403715551.2121432  1.0227008362660359 0.85888280461359323 0.50011983641734448 0.76452113783180964 -0.31386437360853142 0.54874024698897905 0.12601875305744617
1403715551.2621431   1.046661925344613 0.79778300233620936 0.51000675128689987 0.75679651041753027 -0.3294992669964476 0.54794071923852294 0.13583167181855205
1403715551.3121431  1.0613645354454802 0.73658080444206353 0.52318641354997142 0.7488645015873352 -0.34663942625266575 0.54633300964425691 0.14339912483213793
1403715551.362143  1.0793772906736139 0.67050124251972987 0.53467689368399118 0.74081346261352887 -0.36376847317450645 0.54405315818279054 0.15124176872204864
1403715551.4121432  1.0920648296647715 0.60268527397128224 0.54569050317463097 0.73201898940239041 -0.3803965640341499 0.54221045448731131 0.15954459022473702
1403715551.4621429  1.1059425537139518 0.53264593728827758 0.55621469635371934 0.72271167067703501 -0.39608026375558097 0.54032409066238674 0.16987684592192984
1403715551.5121431  1.1150116297638688 0.46109352951702559 0.56639892768255939 0.71371344301632711 -0.41058918709540726 0.53772496896947231 0.18133256311234544
1403715551.5621431  1.1196984294069636 0.38713729344552861 0.57682866383204578 0.70438372673777194 -0.42299371233414274 0.53524624440380619 0.19603913559391514
1403715551.6121433   1.119808879843577 0.31044117074062894 0.58713665143628468 0.69613328068197988 -0.43336580494136928 0.5313018702174348 0.21286347112155934
1403715551.662143  1.1187683777645643 0.23119762661067148 0.59872096994929536 0.68667935774266275 -0.44177981990355913 0.52852899546983845 0.23229109178732332
1403715551.7121432  1.1139849007547757 0.15159993476860653 0.61062571518163333 0.67594497897731765 -0.44994167314887068 0.52659144955879766 0.25169887049987449
1403715551.7621431   1.1073030610436287 0.072183391100144101  0.62267425056903514 0.66527723839117603 -0.45885833613234328 0.52376682492518356 0.26930194308296435
1403715551.8121431     1.0962578728982224 -0.0062027956531576327    0.63350118634878194 0.65236375745692554 -0.46841753044683854 0.52306506956580379 0.28532346227902078
1403715551.862143    1.0828159372985788 -0.083448865774406578   0.64463961861778307 0.6386226652487198 -0.47833202620210058 0.52282892002730108 0.30001580712205944
1403715551.9121432   1.0672571220741456 -0.15949949844760819   0.6558281102464647 0.62322130501453921 -0.48775543873832372 0.52416235517601018 0.31455311534540259
1403715551.9621429   1.0473923722721601 -0.23271057746730245  0.66683236464311491 0.61006968243359239 -0.49631435596879542 0.52205936781203854 0.33006220491651306
1403715552.0121431   1.0247990727726084 -0.30086728577058408  0.67720232691176663 0.59943139205452289 -0.50391039724028053 0.51618990199978099 0.34684910673976949
1403715552.0621431   1.0002723991708444 -0.36845065501262514  0.68670406902238301 0.59269702870661212 -0.51143903097957399 0.50520407467525918 0.36319305153670411
1403715552.1121433  0.97295179002229559 -0.43207525180210915  0.69545264373134996 0.58476245523859838 -0.52107604843674038 0.49580296293233872 0.37511604156099743
1403715552.162143  0.94370946691714852 -0.49304914244293102    0.702148701704008 0.57761836959551305 -0.53078594770375831 0.48497170293934339 0.38655626262441756
1403715552.2121432  0.91626563272260075 -0.55151404656946812  0.70818889918700956 0.56796273886837378 -0.53907773854336927 0.4769224330824573 0.39919733451867073
1403715552.2621431  0.88841986621217184 -0.60513846045629716  0.71775101762928084 0.55721165790380855 -0.54593872069324789 0.46866195555516071 0.41451423734188131
1403715552.3121431  0.85872170041945217 -0.65243044027990804  0.72804652196982889 -0.54432964877214896 0.55298195949053097 -0.46229481077675344 -0.42918491804173126
1403715552.362143  0.82469331885883335 -0.69535920789640948  0.73440015961164118 -0.53200241284870842 0.56104092872474554 -0.45438254307441645 -0.44242854063459047
1403715552.4121432  0.79480074967196379 -0.74211625963265826  0.73702483737526003 -0.52009000952967799 0.57053288792429702 -0.44453175874577783 -0.45430179534156229
1403715552.4621429  0.76449553427847405 -0.77914701385699336  0.74275988949083704 -0.50699609084429886 0.58071631578427396 -0.4347326966990227 -0.46554377546191544
1403715552.5121431   0.7318561427771747 -0.81471987226635978  0.74929433091194664 -0.49210813701188727 0.59136441263711859 -0.4262022450687537 -0.47588796922321891
1403715552.5621431  0.70115406803067948 -0.84328303356604151  0.75432174098373683 -0.47570998460064373 0.60276616970648877 -0.41839659393398854 -0.48509508902179255
1403715552.6121433  0.66848598156484496 -0.86510117569073597  0.75786538988625007 -0.45770557530307754 0.61383251604481182 -0.41146993348164074 -0.49437611433319578
1403715552.662143  0.63964199032111468 -0.87971571247064606   0.7626462247123188 0.4385902632466821 -0.6262856501346622 0.40438368523401919 0.50187518422129973
1403715552.7121432  0.60943218621331763 -0.89177279171696855  0.76755304349566655 0.41951926764460179 -0.63953424020845961 0.39575186910131016 0.50831092628306251
1403715552.7621431  0.57474535844496555 -0.90753096789022558  0.76995163446271087 0.40059725047936284 -0.6534795548582627 0.38604636667462999 0.51327820630525389
1403715552.8121431  0.54516573164885818 -0.91084123005380058  0.77173916121321129 0.38125534492782814 -0.66704415618616741 0.37519723619417844 0.5185783350797607
1403715552.862143 0.51714557481119738 -0.9062713543806924 0.77227958482932779 0.3621231567500458 -0.68095708600386229 0.36304088188479855 0.52284374764055286
1403715552.9121432  0.48754528519135648 -0.88951404818421687  0.77533203324385913 0.34117908834791422 -0.69557765316565967 0.35199771066614421 0.52522963528006761
1403715552.9621429  0.45773835779833222 -0.87873844960554404  0.77399804705703612 0.32065329942312371 -0.71054222771360798 0.34181061494209158 0.52485875025358686
1403715553.0121431   0.4266897437799409 -0.86396742942811044  0.77098568294218939 0.29919344529145359 -0.72462038123379713 0.33257916747073729 0.52421339429633795
1403715553.0621431   0.3952597333789542 -0.84539926453558156  0.76781457877784276 0.27771756024192062 -0.73728678477831822 0.32329740943327229 0.52417548471696018
1403715553.1121433  0.36266004257328377 -0.82340531540705497  0.76625815688537013 0.2574414654978886 -0.74818599663527974 0.31226591612677779 0.52576763299643769
1403715553.162143  0.32974768497618673 -0.79392604634212749  0.76201990732050429 0.23880492130007799 -0.75591462713123025 0.29924496061897149 0.531053424427399
1403715553.2121432  0.29326452741267217 -0.76274423872209773  0.75815308240562751 0.2204695801031416 -0.76125500686806946 0.28640743673022528 0.53838161089794112
1403715553.2621431  0.25319026127721123 -0.73114876105305449  0.75412556006620735 0.20071314106626226 -0.76530428344296608 0.27631369641715564 0.54559539030260418
1403715553.3121431  0.21052604092693317 -0.68577045216990928  0.75028506049240506 0.18176447645227653 -0.76709207424006542 0.26401987391576209 0.55572019120741767
1403715553.362143  0.17295326140075981 -0.63771328459517951  0.74608317977979333 0.16397342239483553 -0.76575743440447375 0.25019429860297371 0.56932511041492717
1403715553.4121432  0.13586185137588649 -0.58480525811578077  0.74129777024139754 0.14777764298539611 -0.76376127856713216 0.23404707192421761 0.58314015958333776
1403715553.4621429 0.10028933573992341 -0.5279211159252899 0.73645226221324989 0.13413926886887623 -0.75926479138934699 0.21392958839052831 0.59979810296038272
1403715553.5121431 0.068893354985436583 -0.46123739884891524  0.73162328322582304 0.11949190416377424 -0.75539125767885484 0.19504218352755281 0.61405559952375466
1403715553.5621431 0.038120004960484073 -0.39545254922240491  0.72428499974298755 0.10682619643042353 -0.75233496459616278 0.17578302241186439 0.62584390532627965
1403715553.6121433 0.011037648605653988 -0.32597336456666237  0.71582270729493869 0.095484380758658671 -0.75144129220474809 0.15765793578851417 0.63353191923035646
1403715553.662143 -0.011413047703040698  -0.25351752586189907   0.70681417866185037 0.087109926372007124 -0.7512521148386504 0.14042071151987803 0.63899463570062165
1403715553.7121432 -0.032587586201679203  -0.17977783527079241   0.69777012985942033 0.080569694783652807 -0.75461033781853659 0.12649222036034777 0.63880472801018962
1403715553.7621431 -0.046925973432352483   -0.1033139711938927   0.68637804760892906 0.077942699874397114 -0.76289305582822386 0.11158388280742897 0.6320349341634387
1403715553.8121431 -0.057355962068286588 -0.025515724091337604    0.6743205634195415 0.077234727246235035 -0.77389544572245828 0.097789113039722805 0.62093310861005135
1403715553.862143 -0.064108746929674665  0.052795093352273545    0.6631757663391914 0.078183298460772155 -0.78428645066913683 0.085334981610934363 0.60950806069490426
1403715553.9121432 -0.063362906023486668   0.13304928894983237   0.65461427000195815 0.080179228908218936 -0.79325210515872779 0.074197809386331776 0.59901341720799517
1403715553.9621429 -0.06517794324176715  0.21116782724022631  0.64498913729288077 0.081687080939305171 -0.80264632324610219 0.066697054550621887 0.58705843278280267
1403715554.0121431 -0.066966516094541684   0.28723343093759923   0.63542258417944875 0.082138840810559513 -0.81281879134886181 0.062313201229764074 0.57332005739636571
1403715554.0621431 -0.068910394143464102   0.36139455822945099     0.626560742075009 0.082314431067425489 -0.82370396362020459 0.060611936752923964 0.55772960104110525
1403715554.1121433 -0.069905865167441877   0.43560678311142187   0.61711517081715539 0.082680599783442402 -0.83437246092737416 0.059379826824845792 0.5417199931991612
1403715554.162143 -0.070684605703398143   0.51026213984192548   0.60876416273195122 0.084396667028927605 -0.8442495364175493 0.057247196217827929 0.52615841851894662
1403715554.2121432 -0.075077381454197137    0.5826957686893397   0.60099462172929541 0.085228856879845563 -0.85191037262135516 0.056749888014787808 0.51357979826450295
1403715554.2621431 -0.092392863552161086   0.65172045142293333    0.5922997347643062 0.087918989080963267 -0.85767595003307295 0.054602953834239805 0.50366728455044929
1403715554.3121431 -0.10801048655160576  0.71818207848566629  0.58439588909645479 -0.092656677858038453 0.86159190321414192 -0.050201161262253866 -0.49654201813347643
1403715554.362143 -0.12539451410772487  0.78549791400804447  0.57673656822085795 -0.10229554130630628 0.86243754823307239 -0.040918456507027912 -0.4940271020335415
1403715554.4121432 -0.14432692358243485  0.84993277537199807  0.56793401230156193 -0.11781077289428288 0.85859423098020737 -0.02762391236026094 -0.49817013939363208
1403715554.4621429 -0.16762907074648353  0.91144683474006616  0.56090678917315018 0.14293147019104069 -0.84674817662247936 0.0064179746331831777 0.51239333506315432
1403715554.5121431 -0.18432606440474616  0.97179343335512247  0.55209758133159093 0.17076778548685725 -0.83105760688190367 -0.016164856361061419 0.52907496151534539
1403715554.5621431 -0.20532581349373921   1.0274972931327513  0.54004365150154743 0.19895600377268194 -0.81305581736465371 -0.040996924811712569 0.54559691950036004
1403715554.6121433 -0.23199985137382878   1.0694409890345984  0.52240353603733347 0.22399948783403206 -0.79406347513839615 -0.063702892689708121 0.56145290841190643
1403715554.662143 -0.26147190811344789   1.1026643543659789  0.49812808925166313 0.24421849541587179 -0.77773088503101639 -0.082752437695480005 0.57327483027003345
1403715554.7121432 -0.28179404317830498   1.1261275645391198  0.47566402351320614 0.25894114858555201 -0.76420342118367091 -0.097039462506321075 0.58268855775349859
1403715554.7621431 -0.29775969898863036   1.1387319593683709  0.45193179775652542 0.26948709953347044 -0.75282877196391662 -0.10835122861346164 0.59066534903132095
1403715554.8121431 -0.30971900464803104   1.1385634208108903  0.42775297366338222 0.27727867396562594 -0.74182523228822039 -0.11656901027549457 0.59935259034043031
1403715554.862143 -0.31384894312115502   1.1222449726069239  0.40580481651094946 0.27894057791485655 -0.73424451835445792 -0.11648641731604495 0.60787174291936641
1403715554.9121432 -0.31087247506075188   1.0809756218692748  0.39098477456830044 0.27538358306463456 -0.73055246563745846 -0.11188232552403082 0.61476769788664765
1403715554.9621429 -0.28993282552439908   1.0298206263832459  0.38535131546886159 0.26774962076471531 -0.72670638245311414 -0.10297776263873908 0.62418230885229287
1403715555.0121431 -0.26807331096124459   0.9640955282823076  0.38891678008162867 0.25036502841018271 -0.73236633822645336 -0.082727346765795143 0.62778426651122465
1403715555.0621431 -0.24082470932180428  0.88694059019620319  0.39284682525206743 0.22558688583281239 -0.74535404665281568 -0.053188422319249855 0.62508310952201807
1403715555.1121433 -0.19626753226478141  0.80034319404150089  0.40600942457603401 0.19605889235525117 -0.76157513043443059 -0.017819320494295476 0.6174517821249963
1403715555.162143 -0.15412082664153592  0.70751958437017137   0.4211443907918902 0.16514416007291521 -0.7794463401284436 0.019045795069277321 0.60400998910975401
1403715555.2121432 -0.10851990797631499  0.61148082999616915  0.43299153829460579 0.13570657106693196 -0.79496642513638438 0.055991532640856261 0.58862301836375819
1403715555.2621431 -0.062616997938993543    0.5151218554289656   0.44177711257335878 0.10328841354001116 -0.81045352461636877 0.097568767454533675 0.56831058733996487
1403715555.3121431 -0.016797983812434327   0.41857051141604473   0.44719150888818526 0.074061214530622435 -0.82120813275468485 0.13507617610406294 0.5494420495820439
1403715555.362143 0.030813052505634708  0.33316552530807308  0.44925191442561618 0.054914117718702471 -0.82618327795887403 0.15648890564976772 0.53843927541074188
1403715555.4121432 0.071515719317057691  0.24508030236594774  0.45077530402136146 0.043718333649000699 -0.82748515052189808 0.16984163388343651 0.53339558712883173
1403715555.4621429 0.10763567380080459 0.16349615836323647 0.45623370192021273 0.042256410616601278 -0.82468484821667976 0.17029910861222886 0.53768718646580527
1403715555.5121431  0.14075968001486455 0.088891206384021676  0.46536569596176558 0.04498419330982243 -0.82124810138144277 0.16581920948384496 0.54408819882055226
1403715555.5621431  0.17162554819843756 0.021222361574244591  0.47829587669867063 0.051954975201606808 -0.81746950617905401 0.15652795581141113 0.55185440658626161
1403715555.6121433   0.20161112972107204 -0.040457870921567024   0.49312815377715885 0.058789017254473899 -0.81430547325161962 0.14839201206374397 0.55805936820232915
1403715555.662143   0.23187760591882439 -0.096253162867855388   0.51173421603483837 0.0664830217957115 -0.81291953025249675 0.13963354523412494 0.56146622177324323
1403715555.7121432   0.2598604075172205 -0.14797597276092586  0.53318453629059537 0.073114996110054148 -0.81349103691909042 0.133374681466365 0.5613356612044843
1403715555.7621431  0.28980865463800543 -0.19453159124970199  0.55532884605297661 0.074467213762387616 -0.81584142422272732 0.13510685239488734 0.55731817037724973
1403715555.8121431  0.31516028043828082 -0.23881601671504241  0.58156139397465323 0.073921378241633709 -0.81891067071066004 0.14050572247840601 0.55152432873436819
1403715555.862143  0.34176290014734739 -0.27863515872761685   0.6089414831664437 0.071131911986842031 -0.8217508789456075 0.14783175353041017 0.54572109790381196
1403715555.9121432  0.36288461374260345 -0.31390174090353579  0.64051294682602733 0.070494358987644945 -0.82327580780349963 0.15238155590263683 0.54224288935596754
1403715555.9621429  0.38252311892292318 -0.34461658002609175     0.67327344340688 0.06993933105455033 -0.82531563921204609 0.15647191091180845 0.5380326446780539
1403715556.0121431  0.39922309528619071 -0.37189505052249772  0.70529249038127617 0.067084088828036487 -0.82782003398614534 0.16326523352467665 0.53250181209027103
1403715556.0621431  0.41871340564280563 -0.39324936972515556  0.73407303661002488 0.060820505077471373 -0.83100454205353369 0.17319717677391022 0.52510480402112591
1403715556.1121433  0.42902133838451056 -0.41065226707130625  0.76065213915724972 0.057175007709463016 -0.83234506074004844 0.18002742791001664 0.52107853875895893
1403715556.162143  0.43477858819167459 -0.42152202971883862  0.78249282141671073 0.05547956360594835 -0.83057820246370662 0.18300017770214189 0.52304187459058782
1403715556.2121432  0.44042153518033511 -0.42919054018168673  0.80680292530818265 0.05460215220912909 -0.82736066349438597 0.18496645719152136 0.52752284044416287
1403715556.2621431  0.43915357277723843 -0.43292786103986958     0.83131514001466 0.056221836789232336 -0.8235484230924125 0.18428158206783071 0.53352356873958529
1403715556.3121431  0.43087216421100105 -0.42880771208218604  0.85414898970811015 0.059631024329511263 -0.82040387832140338 0.18251590870567827 0.53858106208996415
1403715556.362143 0.42529087693259759 -0.4190497644856705 0.87815804944716647 0.063508015782879471 -0.81839502530986352 0.18067038139932148 0.54180672546989772
1403715556.4121432  0.41949196945291017 -0.40446149478531734  0.89858292879888801 0.068223855787766643 -0.8166903150199406 0.1777366277514153 0.5447679561149269
1403715556.4621429  0.40716542808976502 -0.38683214720338399  0.91592649172389529 0.076321715579155625 -0.81587727753818284 0.17082881931450758 0.54711678663659091
1403715556.5121431  0.39682346238295746 -0.36321170895080007  0.93023534597445934 0.088734052577153916 -0.81597268030233083 0.15743531318563417 0.54911654052268954
1403715556.5621431  0.38589813505996656 -0.33807331634407067  0.94101646465826372 0.10148476325762906 -0.81599137768006502 0.1436482054248607 0.55065788603864518
1403715556.6121433  0.37224837191409388 -0.31072844757003609  0.94809051715538306 0.11231419627130432 -0.8161091242709565 0.13246319400680459 0.55118501506403383
1403715556.662143  0.35960567128228293 -0.28187700448288988  0.95102952883458958 0.12095776550586192 -0.81796117407378299 0.12377288156458506 0.54862465352995837
1403715556.7121432  0.34630987580945966 -0.25231736332034138  0.95023280966180679 0.12795213942888367 -0.82089480648002133 0.11723525387009537 0.54407339758502637
1403715556.7621431  0.33322114588115642 -0.22164358466576198  0.94778251162332317 0.13464320845542238 -0.82301944659369586 0.11085954079282541 0.54057410145200269
1403715556.8121431  0.31479450113019014 -0.19259353036148319  0.94178734148711618 0.14218227067668884 -0.82175521619349534 0.10378073971800275 0.54197059387718327
1403715556.862143  0.29606621740964667 -0.16737676514048677  0.93830785143075646 0.14839869835070782 -0.82016679388110658 0.098755975927163259 0.54364649705601487
1403715556.9121432  0.27700378492389521 -0.13882688555737166  0.93258533633623952 0.15435982398569567 -0.81814581752963411 0.092838021880284047 0.54606919679764732
1403715556.9621429   0.2592019483254604 -0.11185698476408906  0.92831754437979563 0.15815894701504904 -0.81701483088014848 0.088324944429888863 0.54742233950801655
1403715557.0121431   0.23921744354441096 -0.086540068090306718   0.92304029345564131 0.15904146254131907 -0.81952599645875923 0.087996943828358112 0.54345146259612254
1403715557.0621431   0.21725487039185545 -0.062796073371127484   0.91419717427652125 0.15811513959744808 -0.82415879251039703 0.08970387865670397 0.53639081042820569
1403715557.1121433   0.19438164732452057 -0.040449350808938724   0.90647764569593803 0.15615337590816442 -0.82985761630735344 0.092486585509265473 0.52763499822320181
1403715557.162143  0.16948433002802729 -0.01994004518362166  0.89844291716661606 0.1532753088650583 -0.83610615214216888 0.095823553496678857 0.51792955953257447
1403715557.2121432     0.14266904032988784 -0.00075107445417703594     0.89178902674698834 0.15070929379339407 -0.84145410480309513 0.098608529371501635 0.50942914738902401
1403715557.2621431  0.11353167769113294 0.016780679489681861  0.88624796822829388 0.14874584317022088 -0.84619568037191917 0.10071551621542882 0.50168110334448979
1403715557.3121431 0.079739243055696296 0.033103401463437813  0.88105765777012524 -0.14728619383544239 0.84910086162136145 -0.10098784963424438 -0.49712770806461953
1403715557.362143 0.042574828363746646  0.04783547132617718  0.87418524967908506 -0.14613717899754108 0.85155546068156651 -0.10131232603365158 -0.49318661264443991
1403715557.4121432 0.010332825341345355 0.063682251944938803  0.86545213026171552 -0.14504152090736849 0.85106838327446177 -0.10207591108017028 -0.49419234370903042
1403715557.4621429 -0.034634666365817884  0.076371121191516275   0.86057606503576289 -0.14449656280974746 0.8484699026787349 -0.10133344541689591 -0.49894999792008005
1403715557.5121431 -0.081247289343248555   0.08969829222462547   0.85669119223799561 0.14485534292055524 -0.842878269149957 0.099635847487619666 0.50857236546785034
1403715557.5621431 -0.13320454407720997  0.10028056370579884  0.85145270405040152 0.14581205621693924 -0.83652805660866369 0.097141230248288649 0.51915627334567527
1403715557.6121433 -0.18645110807169102  0.11014885680992123  0.84510186269279919 0.14756562970242815 -0.83081449025493681 0.093312380271018028 0.5284547922018612
1403715557.662143 -0.24117337578586245  0.11877194190771286   0.8400011711251133 0.14916882711958937 -0.82498527626547014 0.089733451905776432 0.53767635485487519
1403715557.7121432 -0.29725964881084055  0.12593428217467587   0.8335161772422981 0.15068360441278877 -0.81981657979213007 0.085407533098726368 0.54580287664054516
1403715557.7621431 -0.3534263179286718 0.13164407506118814 0.82747669477351204 0.15005324361059028 -0.81677355126012763 0.083894019781284593 0.55075110847713982
1403715557.8121431 -0.40967647585479405  0.13552039950410136  0.82205319359105067 0.14704352617777303 -0.81587440599216876 0.084615955135520754 0.55278141719185536
1403715557.862143 -0.46605150382304228  0.13808149949104878    0.819382186603268 0.14325139070808607 -0.81633770914933379 0.085529474191207211 0.55295252303031661
1403715557.9121432 -0.52247244122651004  0.14003403214736504  0.81952772825042419 0.13936008917444934 -0.81733248519112511 0.086101590976702821 0.55238835091615535
1403715557.9621429 -0.57840829484542444  0.13911127169804827  0.82231940689664129 0.13542389315621411 -0.81787168159750723 0.086388449215478183 0.55252449488273814
1403715558.0121431 -0.63520965090506498  0.13782430619825009  0.82938794908324343 0.13174839222477716 -0.81813618742280769 0.086847967534493128 0.55294933810484537
1403715558.0621431 -0.69145093658795209  0.13653612694507902  0.83875249951246067 0.12949407118064216 -0.81835845580150379 0.085640629422614398 0.55334112980993888
1403715558.1121433 -0.74880695892271409  0.13419082138583802  0.84992473082145481 0.12712289955185896 -0.81965772076826582 0.085006374349780658 0.55206422227346374
1403715558.162143 -0.80706668587593711  0.13084864181457637  0.86378247956066201 0.12580725412984986 -0.82081422503779022 0.083831174146590678 0.5508256321424444
1403715558.2121432 -0.86280619263248204  0.12733146437982729  0.88018611915051403 0.12695580457000383 -0.8219302877823047 0.079354740088205811 0.54955950627535699
1403715558.2621431 -0.92103754881782918  0.12312642310719729  0.89654742178671021 0.12849461941509488 -0.82205269767066147 0.075178574552056079 0.54960592879087389
1403715558.3121431 -0.98149707918466755  0.11735585401897553  0.90961635924618156 0.13245922986163464 -0.82035956343320859 0.067944152963243645 0.55213071929231172
1403715558.362143 -1.0387103647587068 0.11208740974831936 0.92605699120104135 0.13504831313656859 -0.81672259745123699 0.063120129275912484 0.55744237479013403
1403715558.4121432 -1.0971479041680896 0.10310559166776294 0.94249265409139726 0.13716763112814254 -0.81198062564908124 0.059937342491333728 0.56416311428193966
1403715558.4621429 -1.1554457784516825 0.08992633772426728 0.95465775510470463 0.13471350130107529 -0.80637836628083359 0.063863868427203999 0.57230027893665392
1403715558.5121431  -1.2119043178782676 0.080148814474321595  0.96644293106039436 0.13128959020405873 -0.7990907699205837 0.069116555886270359 0.58261469826481327
1403715558.5621431  -1.2700856169124088 0.064701265364419017  0.97346872915001259 0.12777880180342022 -0.79217002922942537 0.075386616462276429 0.59199331132936228
1403715558.6121433   -1.325264966552228 0.051121790257951161  0.97779090334047136 0.12458598109046487 -0.78592183735182242 0.080187298143837973 0.60031258199845616
1403715558.662143  -1.3780186682562543 0.036708760526776907  0.97865733369235985 0.12186989035664558 -0.78303701604799192 0.08446740949813418 0.60404140425619046
1403715558.7121432  -1.4277989827381983 0.023039261190234948  0.97555018408331917 0.12071639279835239 -0.78067886022229105 0.087539488810926255 0.60688129614488884
1403715558.7621431   -1.4743027207086732 0.0099326880807238862   0.97043544020265593 0.1228824888026791 -0.77985360566438244 0.089301002394598594 0.60725083668056101
1403715558.8121431    -1.5218271684179379 -0.0030939015511618284    0.96362939699418426 0.12788318052891365 -0.77857546678678169 0.090534330732420981 0.60767562861644131
1403715558.862143   -1.5640625758720936 -0.016331541548575725   0.95825543190111884 0.13509558354061543 -0.77735896091267265 0.091545611133676111 0.60752088875918697
1403715558.9121432   -1.6053226024097906 -0.028510215351912269   0.95392698436867873 0.14493486253954033 -0.77569522715627315 0.091497933540453089 0.6073869675465956
1403715558.9621429      -1.6399523864465 -0.040017940516317435    0.9494896006269119 0.15480600067301498 -0.7730961940880009 0.093179802599064748 0.60800896476110777
1403715559.0121431   -1.6718565666680285 -0.053137098273791122   0.94749780602745082 0.1662446844541661 -0.77046860979511678 0.093741059301699445 0.60823797975143767
1403715559.0621431  -1.7101184767603956 -0.06730703054484119  0.94730638028989911 0.17727877051801552 -0.76839079838554414 0.097727451168086676 0.60712203367052675
1403715559.1121433   -1.7349411644281569 -0.081443009892140983   0.94586698139067804 0.18703571869151889 -0.7656274045922179 0.10446309942097347 0.60656391100220874
1403715559.162143   -1.7552360037547132 -0.096595805944655458   0.94602977018209489 0.19719739870895386 -0.76289815509430436 0.11172801747246665 0.60548859692631785
1403715559.2121432  -1.7755130648771704 -0.11185705226533012  0.94718579683898851 0.20818112413271411 -0.75942964495059118 0.11871573594615148 0.60484196941335189
1403715559.2621431  -1.7913144420354259 -0.12735737068462319  0.94950969820163655 0.21959915901964056 -0.75573187144115062 0.12520020035579851 0.60412784878433701
1403715559.3121431  -1.8022846773200198 -0.14335898489032897  0.94978041015176007 0.23190572359260561 -0.75190189253483997 0.1313362065186838 0.60300421244365932
1403715559.362143  -1.8102562403427462 -0.15973247751087596  0.94990980081495879 0.24461809471584187 -0.74869232067910729 0.13675416298371082 0.60076625704207876
1403715559.4121432  -1.8120085087390805 -0.17565348444426446  0.95330547419715272 0.25699108036772483 -0.74716363675642528 0.14246290431063366 0.59615971468703055
1403715559.4621429  -1.8046493932385874 -0.19129758771598646  0.95370736368910158 0.26987503992260942 -0.74804668796338347 0.14530086170170134 0.58862660069226014
1403715559.5121431  -1.8034944396967203 -0.20884240258684383  0.94965836323821762 0.27864333675971004 -0.75228540079182771 0.15114879619566807 0.57756264425904014
1403715559.5621431  -1.7992410914121999 -0.22590149864426348  0.94589835308326364 0.28350587152250301 -0.75724757857530611 0.1594802908050181 0.56636257150243297
1403715559.6121433  -1.7953674973638316 -0.24351344020052387   0.9388734294625678 0.28684650682310897 -0.76120268945394931 0.16838383742454152 0.55671934615714602
1403715559.662143  -1.7855652444866796 -0.25993554319811402  0.92737387884168221 0.29103779742567543 -0.76303096821531036 0.17410699753012812 0.55024312392347208
1403715559.7121432 -1.7787226499440356 -0.2802866615726774 0.91337373127771848 0.29742986798461879 -0.7629225201001939 0.17688501799678294 0.54607361441741453
1403715559.7621431 -1.7659973977179644  -0.299717243612103 0.89703299787407054 0.304870522878471 -0.76089325519701478 0.17865425912739272 0.54422244916131568
1403715559.8121431  -1.7558142492207283 -0.31978552699887169  0.88092244810814313 0.31238420575234094 -0.75867479988850561 0.18114909194628909 0.54223026704311694
1403715559.862143  -1.7440280824828158 -0.34137516627737186  0.86512323949780523 0.32043978897629416 -0.75615081606620804 0.18445868603719004 0.53993451283342597
1403715559.9121432  -1.7334610122431617 -0.36492805621259644  0.84907237941301406 0.33066509711213427 -0.75243890431617888 0.18648069782753959 0.53825759461529676
1403715559.9621429  -1.7204433037739202 -0.38999730932692267  0.83327263770582416 0.3417189693350034 -0.74823807917895779 0.18864604980575927 0.53645185315728927
1403715560.0121431 -1.7057876664746094 -0.4178521103250078 0.81533093556129432 0.35357995134132297 -0.74354658908910176 0.19083610556701638 0.53451030736127525
1403715560.0621431  -1.6889782014059307 -0.44594914295309118  0.80068510989361141 0.36380646237960718 -0.73917009366256026 0.19564736647557934 0.53197230995314759
1403715560.1121433 -1.6718977699381661 -0.4780785444497696 0.78683135004733584 0.37500832234108022 -0.73501737732414596 0.19931233229541384 0.52857620775194303
1403715560.162143  -1.6491168390786721 -0.50555378514231442   0.7750822848695178 0.38331558702891966 -0.7314654408220036 0.20704848285222713 0.52455542640634056
1403715560.2121432  -1.6273044903766813 -0.54039316328326614  0.76802539084829724 0.3897557844406333 -0.72936850501082606 0.2179553534745457 0.51827355352663429
1403715560.2621431  -1.6047902203191122 -0.57751737159229877   0.7642081414777594 0.39510510275262206 -0.72685612682102563 0.23039577956043331 0.51233769473104118
1403715560.3121431  -1.5833181031964467 -0.61762971544811485  0.76344408866848268 0.40156527013077581 -0.72469619880381186 0.241143216705233 0.50538173918450591
1403715560.362143  -1.5583967973659714 -0.65928687419730259  0.76568882096388424 -0.40782716847431033 0.72160768381628337 -0.25155562852213537 -0.49967901403837112
1403715560.4121432  -1.5328412825264655 -0.69954670385654694  0.77057875698551714 -0.41460453998252922 0.7175228198453667 -0.26089776854401486 -0.49517313416196418
1403715560.4621429  -1.5138838714098042 -0.74560814989255453  0.77084682058404774 -0.42305511403614299 0.71363548293568435 -0.26736521899275334 -0.49016793821707244
1403715560.5121431 -1.4932066177264469 -0.7936561843415757 0.76931481549134073 -0.43091758639456756 0.70877720014604995 -0.27480420458712856 -0.48623817561997573
1403715560.5621431  -1.4694946864006317 -0.84180289138634212  0.76949856084595591 -0.43853967954974232 0.70393044358336532 -0.28259387247521672 -0.48198089515705589
1403715560.6121433  -1.4458451944084658 -0.88718182184999816  0.77036298250007029 -0.44770600293714619 0.69832362971512207 -0.28887831615817539 -0.47796732270015962
1403715560.662143  -1.4217192187027421 -0.93684826735478677  0.77129273978774526 -0.45667258478043299 0.69199975603582076 -0.29598587749364297 -0.47431935263136898
1403715560.7121432  -1.3970166958215493 -0.98489306764071693  0.77346045337147551 -0.46610037933759485 0.68563723773622176 -0.30283309807109471 -0.47004694374440581
1403715560.7621431 -1.3727613529056049 -1.0339047736600664 0.77570001083501061 -0.47639361228707683 0.67796185964864153 -0.30872263956357604 -0.46701945875383427
1403715560.8121431 -1.3480892158542539 -1.0850936639594513 0.77741642290889867 -0.48695642221752311 0.6700664633321759 -0.31434558912670629 -0.46375772573101498
1403715560.862143 -1.3231082398766247 -1.1356410676626627 0.77907262025092539 -0.49927692449181926 0.66073984352570481 -0.31773095726608658 -0.46172768017782284
1403715560.9121432 -1.2984569865498865 -1.1867385091147677 0.78104043718097571 -0.51102330919472216 0.6524224345878189 -0.3218396003906438 -0.4578421299166005
1403715560.9621429 -1.2698857678784723 -1.2379870012823044 0.78374643548725353 -0.52227367471118169 0.64346595946162688 -0.32694453591260469 -0.45419053067484594
1403715561.0121431 -1.2418674404300467 -1.2912250720894769 0.78579618100022508 -0.53336958782533339 0.63441561117422418 -0.33371558774078647 -0.44907418271404886
1403715561.0621431 -1.2117377332372277 -1.3464132149135299 0.78690435621317256 -0.54394601220012007 0.62570679151138808 -0.34119332223500387 -0.44294566679261255
1403715561.1121433 -1.1812184059729633 -1.3996708906132136 0.78844669087462649 -0.55346267195811072 0.61771739052826002 -0.35000739248084256 -0.43542981225073157
1403715561.162143 -1.1499309575501266 -1.4548242506369353 0.78926827121625387 -0.56190336617281178 0.61031895960937832 -0.35967304659034222 -0.42709562650700444
1403715561.2121432  -1.117902385260209 -1.5101298739957183 0.79007116700652014 -0.56970483484472811 0.60348757837560718 -0.36825297726316603 -0.41908100486385746
1403715561.2621431 -1.0849760288922576 -1.5658942244327636 0.78975325169898702 -0.57298147021021817 0.59967420536546423 -0.379867511283979 -0.40961415513377009
1403715561.3121431 -1.0497651155133418 -1.6202298521251182 0.79118109359925404 -0.57497322778180993 0.59722564482231477 -0.39192979491510033 -0.39889641808186832
1403715561.362143 -1.0175258172918731 -1.6771859412787382 0.79161734819434459 -0.57657350867596702 0.5953870720803548 -0.40241915382923471 -0.38876219996809097
1403715561.4121432 -0.98602933680189442  -1.7340498966677373  0.79257285815640111 -0.57884111865360044 0.59206746742183225 -0.41189978798183663 -0.38044400118422689
1403715561.4621429 -0.95456659605880445  -1.7924036695618115   0.7935575313400699 -0.58317119082925795 0.5866767356267053 -0.41796652304772919 -0.37553396074465811
1403715561.5121431 -0.92562813796362919  -1.8499473540202165  0.79549790219693006 0.58967345948424343 -0.57797532828736653 0.42158359350240615 0.37482930082984861
1403715561.5621431 -0.89970028947049696  -1.9091586008381647   0.7976491802165353 0.59624289079539172 -0.56870366472353506 0.42489166489371816 0.37488348857987874
1403715561.6121433 -0.86864519193745204  -1.9663519321482066  0.80464932429336766 0.60384344922385003 -0.55826288916795097 0.42670770019968368 0.37634581703214504
1403715561.662143 -0.84201206700129316  -2.0222075057700231  0.80896565899414341 0.61181101828118623 -0.54734595611789116 0.42759792017352061 0.37849663260643285
1403715561.7121432 -0.8150600464057044 -2.0791745619863544 0.81246861350755317 0.61680072464996871 -0.53630201197538352 0.43293216146603181 0.38014044982187722
1403715561.7621431 -0.78973046159871063  -2.1346330448527904  0.81675986975075376 0.62303098587276973 -0.52452817825912956 0.43713460083981437 0.38159654296544604
1403715561.8121431 -0.76352160962876436  -2.1869022759630758  0.82109097440267809 0.62730669941650097 -0.5137631736926711 0.44428763727572879 0.38097532936971173
1403715561.862143 -0.73415777496142387  -2.2397797269282989  0.82598525955352431 0.63268541917122956 -0.50248145555733492 0.45058145875175526 0.37973398085797916
1403715561.9121432 -0.70568033202858693  -2.2896219806728397   0.8303414393332299 0.63721849952901943 -0.49100251629735547 0.45915566104104832 0.37688883212640867
1403715561.9621429 -0.67571475424531025  -2.3408222393820179  0.83583168731638591 0.64092876478601024 -0.4782516185252414 0.4680420711490777 0.37606160064854799
1403715562.0121431 -0.64439654394728529  -2.3884771690898199  0.84044628595469761 0.64361953740034838 -0.46584766210541162 0.477773356915076 0.37479656643248949
1403715562.0621431 -0.61349283533718169  -2.4348320275718454  0.84592334597214691 0.64496325342919947 -0.454859897229274 0.48750100373742478 0.37345367446793165
1403715562.1121433 -0.58414092907757054  -2.4751691318605538   0.8533163823794041 0.6458694536707752 -0.44425419479412565 0.49510673366041852 0.37464674228791683
1403715562.162143 -0.55351626602919157  -2.5153395035460315  0.85770839105729435 0.64645949451171758 -0.43506461762722592 0.50133610919804605 0.37612631662607088
1403715562.2121432 -0.52672655310427763  -2.5448407866498322  0.86414982412076313 0.64779963240336613 -0.42702112668899239 0.50497641581788144 0.37816320958952798
1403715562.2621431 -0.49780263922246182  -2.5752313421476107  0.87062571188861415 0.6518988047295553 -0.42072057929760265 0.50352071131458853 0.38011713434797662
1403715562.3121431 -0.46838304511939044  -2.6000850622118485  0.87656509540140903 0.65687880534645438 -0.41647457597761867 0.49957144388178693 0.38142828304773668
1403715562.362143 -0.44329479614017031  -2.6177431447828745  0.87838091187277167 0.66377116714220452 -0.41438084184800766 0.49227710066045621 0.3812605562411972
1403715562.4121432 -0.41167872586259202  -2.6370790095484842  0.87971390933863014 0.67222287031665007 -0.41415493198225317 0.48209646704748987 0.37970396547619562
1403715562.4621429 -0.37948783804003433  -2.6486566837355467  0.87233920147208988 0.680922614694908 -0.4131930551135784 0.47180348618547585 0.37817636418235984
1403715562.5121431 -0.34533285037440725  -2.6570579401311294  0.87504202566794176 0.68908812722594059 -0.41138610765690131 0.46313365113674365 0.37606680859642383
1403715562.5621431 -0.30852934681799737  -2.6624520503104434  0.87784771045310617 0.69563864145241883 -0.4051450607926862 0.45828390932382135 0.37672299994611308
1403715562.6121433 -0.26611614953769031  -2.6694715272362388  0.88147819750789413 0.7005303645244958 -0.39844761981595961 0.45779901975181408 0.37538881197559926
1403715562.662143 -0.22217582915102066  -2.6704770714518435  0.88410311077497616 0.70429385055920279 -0.39791260340746931 0.460160578502952 0.36590705664937628
1403715562.7121432 -0.17513262592777137  -2.6709816071543497  0.88594717197223705 0.70564325573974906 -0.40261974536983286 0.46578368280752303 0.35072852335902038
1403715562.7621431 -0.12611221090477667  -2.6679124280827144  0.88779985150538332 0.70598314662890505 -0.40749286812675756 0.471824410182003 0.33603435100921436
1403715562.8121431 -0.07296098321379893  -2.6654725696474735  0.88991158344137611 0.70603431479480672 -0.41099625604877593 0.47777742569875425 0.32299590607125084
1403715562.862143 -0.021085743318638321   -2.6596574557985257   0.89145527577578809 0.70684536072960114 -0.41333911835742687 0.4833026229995866 0.30974018766098926
1403715562.9121432 0.030335164257687456  -2.6511076828354638  0.89391844817735788 0.70796825454214052 -0.41330242187778493 0.48916238710433674 0.29779559713484594
1403715562.9621429 0.082653643883819142  -2.6437976106502306  0.89600845320625411 0.71009166111188582 -0.41044948441236151 0.49440311929311909 0.28786560961362367
1403715563.0121431 0.13661325640001754 -2.6385346450048828 0.89694004760272961 0.71284635202538793 -0.40566921093066866 0.49957764932667381 0.27875570308106773
1403715563.0621431 0.18898796854615371 -2.6280689558569339 0.90033491032033341 0.71536479847007883 -0.39758258934434798 0.50610636260022124 0.27209858414861454
1403715563.1121433 0.24052085418189761 -2.6145651553485298 0.90081303513201871 0.71908079134713054 -0.38475122733051592 0.5124604287951996 0.26883752993636606
1403715563.162143 0.29331814186949945  -2.606390347266673 0.90481025451849717 0.72222181953795594 -0.37116662341427026 0.51995512345073602 0.26509932222445093
1403715563.2121432 0.34711599289933115 -2.5994000997485562 0.90705350827226328 0.72532510117026816 -0.35497055893212293 0.52874349948980992 0.26139952496327518
1403715563.2621431 0.40212652896981665 -2.5922420814496943 0.91069087787719716 0.72801146922753945 -0.33790418604897449 0.53924192763686873 0.25502589123893588
1403715563.3121431 0.45417955247093478 -2.5804475032470813 0.91411266269524372 0.73200896604537802 -0.31932317925904263 0.54847409611127895 0.24773321681193575
1403715563.362143 0.50375569935856201 -2.5665902387973158 0.91804928574318512 0.73693020991480152 -0.30013917923558714 0.55706740293058232 0.23775249187945624
1403715563.4121432 0.55372375007180608   -2.55140480406514    0.92082449360648 0.74251084348289542 -0.28036190950172513 0.56459600610124427 0.22650871264785702
1403715563.4621429 0.60444446741595159  -2.537859690423248  0.9234682222340902 0.74925652641499862 -0.25938756696903803 0.56961116849383797 0.21650834730674431
1403715563.5121431 0.65217324396517451  -2.519799037051123 0.92369146992744888 0.75559684729224175 -0.2389797131129206 0.57401101433773816 0.20609089378585366
1403715563.5621431 0.69608194255472955 -2.4962917709007715 0.92154106574120731 0.7607433918744213 -0.21825504773351698 0.578907695777927 0.19621443786666734
1403715563.6121433 0.73986750144675051 -2.4731665559150038 0.91618094840278819 0.76548216979145034 -0.19781812487037895 0.58286799563045344 0.18753649477869208
1403715563.662143  0.7809420342346407 -2.4514905178725921 0.90581611097451553 0.76884031227172744 -0.17898669314201252 0.58725506443073505 0.17882904463328408
1403715563.7121432 0.81980450014909767 -2.4226081844089542 0.89386447320564533 0.77156261267821313 -0.15929611426979326 0.5916798111114453 0.17097041796415929
1403715563.7621431 0.85850040922202964 -2.3950399593413181  0.8794424000238793 0.77314193012070154 -0.14133823205724511 0.59658504434397719 0.16236177171139632
1403715563.8121431  0.8940542755850498 -2.3620294198131289 0.86389879922765411 0.77415754645483115 -0.12507391169737769 0.60197502606254683 0.15054128296500208
1403715563.862143 0.92832201093720612 -2.3273697704232617 0.84512716948365829 0.7742524512500204 -0.11233239994791326 0.60852939566755027 0.13268966901670656
1403715563.9121432 0.95444842034357535 -2.2914714617155201 0.81994312334510155 0.77560094352996045 -0.099435767635450076 0.61262175584327638 0.11510989869548589
1403715563.9621429 0.98186508526519978 -2.2508348384697516 0.79102745071848046 0.77694632002814801 -0.08685863771510309 0.61634930944736066 0.094464393253525875
1403715564.0121431  1.0081427036938739 -2.2093859418724211 0.76452692190520577 0.77955301418787215 -0.075855572746005143 0.61754528696875277 0.07197811262223712
1403715564.0621431  1.0297645068818095 -2.1672850976347964 0.73797820301088168 0.78235673497435532 -0.064508680695422996 0.61756026520953378 0.048743083504562065
1403715564.1121433  1.0507761548615606 -2.1236474343861018 0.71099758018528791 0.78442808618611148 -0.05181931887824754 0.61745358919296733 0.027173534663555536
1403715564.162143  1.0692334986807328 -2.0807320846609247 0.68362664389172656 0.78521581681015862 -0.038198118108888984 0.61800367375852761 0.0069630471101582089
1403715564.2121432  1.0833930617486431 -2.0377323837778873 0.65772328952423198 0.78701733970986998 -0.023422134525365262 0.61636642582070522 -0.012146593402437154
1403715564.2621431  1.0930386024189884 -1.9974116119541283 0.63420764471632551 0.78816920927601208 -0.0066288390655105398 0.61472954675087921 -0.029205143268407271
1403715564.3121431  1.0956507569492766 -1.9533676061477501 0.61438721207361435 0.78874340682885291 0.014170923948420311 0.61305658451416589 -0.042949357181313361
1403715564.362143  1.1044676514119047 -1.9143982161488911  0.5956931044311401 0.78894253920428903 0.035371949476442267 0.61074384212216937 -0.057536547810722101
1403715564.4121432  1.1058367983394914 -1.8778657832948464  0.5810773272915768 0.79242542556025175 0.058342947790498006 0.60299871513348069 -0.071067537709848499
1403715564.4621429 1.1076294590345586 -1.840956603942822 0.5692869622863409 0.79664197181784702 0.082734931747186172 0.59291693059150508 -0.083462645686016607
1403715564.5121431  1.1068427644825471 -1.8042186740082755 0.56347571017607656 0.79907045147850497 0.10646715934241097 0.58380566956968161 -0.096551011044896023
1403715564.5621431  1.1043576175009178 -1.7720941052604948 0.55949616990273554 0.80016681472445461 0.13059748700397156 0.57534312745544891 -0.10797060105302279
1403715564.6121433  1.0988080283718424 -1.7407673485150721 0.55975879729884759 0.79894305126384846 0.15471547617306247 0.56868873433483147 -0.11977581438003924
1403715564.662143  1.0929514602071619 -1.7047911594408647 0.56394483518772509 0.79599805241828991 0.1786408042515733 0.56335983978737969 -0.13076794147411852
1403715564.7121432  1.0860372313057658 -1.6743004940420423 0.57191279911553983 0.79158530493644164 0.20256745465330961 0.55914130243460181 -0.14042839896437376
1403715564.7621431  1.0776438538410889 -1.6434065046471651 0.58252246892504311 0.78628347909825713 0.22549731982736324 0.5550317617094952 -0.15115883282650378
1403715564.8121431   1.068478982527906 -1.6142870934757636 0.59883589731195541 0.77944998217877914 0.24802583233015063 0.55223845026327534 -0.16116328933492596
1403715564.862143  1.0597609030335087 -1.5829107059696337 0.61613484853434775 0.77246750438637612 0.26888982199579414 0.54899003049460737 -0.17205279629138381
1403715564.9121432  1.0472260442451871 -1.5617689726990545 0.64489272857011337 0.76359326872068223 0.28855666417598208 0.54782440780245656 -0.18316328709646318
1403715564.9621429  1.0419108924123541 -1.5301626239391324 0.66911771182611712 0.75362541638671676 0.30757434427836666 0.5475846812765699 -0.19390144751630453
1403715565.0121431  1.0280936290178473 -1.5038396077858183 0.70332648080792914 0.74427905064804922 0.325524400282309 0.5458151055958973 -0.20534953150816096
1403715565.0621431  1.0169544608375169 -1.4721515848006193 0.73357278455531227 0.73518891842234291 0.34373739568356204 0.54258113840727629 -0.21667386848056305
1403715565.1121433  1.0026198681294753 -1.4408752552595376 0.76585756786869552 0.7267417700269142 0.36031785997445742 0.53740837872661618 -0.23067222189939804
1403715565.162143 0.99003843112071099 -1.4076448785064739  0.7951646192547499 0.71906493362592527 0.37565513584919802 0.53028913011510548 -0.24621591870029313
1403715565.2121432 0.97251613236591494 -1.3772256431163183 0.82383877973379749 0.71156639925902887 0.3904925884900437 0.52242641918473598 -0.26126506524543253
1403715565.2621431 0.95569402772905721 -1.3450691464828337 0.84730895193601086 0.70345375101157293 0.40409442959052955 0.51523569769075384 -0.27639227193750354
1403715565.3121431 0.93783835001426963 -1.3141504133091435 0.86818859924579606 0.69411438997911457 0.41564733070206039 0.5100342180471189 -0.29207465916309461
1403715565.362143 0.91811647133506435 -1.2812150344203914 0.88684183583950182 0.68311201007388944 0.42717414576037777 0.50675478365347681 -0.3067243389935333
1403715565.4121432  0.9031991478377509 -1.2492852070903568 0.90186144021698356 0.67173339734835535 0.43766229665614759 0.50371551671279502 -0.32170892930608097
1403715565.4621429 0.88541640403361055 -1.2171263796661176 0.91762676842291013 0.66068649935504942 0.44732822860335841 0.49964916369129658 -0.33725586531169427
1403715565.5121431 0.86478787467821194 -1.1899459544193205 0.92821584073174213 0.64886613662767145 0.458650730286919 0.49536131569969699 -0.35104046953794515
1403715565.5621431 0.84276546078275183 -1.1655417215355182  0.9381982070887871 0.63674387630427498 0.47138921365649422 0.49000450093737158 -0.36365510349565522
1403715565.6121433 0.81684594119673803 -1.1444307168648318 0.95375345457832827 0.62436343897378122 0.4848749404925351 0.48314811904837912 -0.37634357071060376
1403715565.662143 0.79387075734559986 -1.1233863785485845 0.96535092551515478 0.61190306174905551 0.49883193312376778 0.47463575052783974 -0.38918151271483975
1403715565.7121432 0.76868469385567484 -1.1069664798120442 0.98164223683821439 0.5990171353971685 0.51394819133475178 0.46489156067457643 -0.40113783782867518
1403715565.7621431 0.74420221024393196 -1.0919822046998082 0.99520432814309812 0.58549035151624651 0.53067550454546453 0.45348159144860595 -0.41223658665145008
1403715565.8121431   0.718302561269615 -1.0803987243878777  1.0098826522369604 0.57138979302167359 0.54916282801365723 0.44090196281326599 -0.42135418823847104
1403715565.862143 0.69104637975077476 -1.0747004798305746  1.0256468195630852 0.55717154552561821 0.56691339662382989 0.42524342213472788 -0.43282456205276953
1403715565.9121432 0.66242914940534259 -1.0728207604090827  1.0447321077502474 0.53977989521651193 0.58538446991062432 0.41132499924000115 -0.44359264208023347
1403715565.9621429 0.63459859342354108 -1.0693555696147139   1.061914633827836 0.52127822524876755 0.60290043391620851 0.39675690229768057 -0.45537241807589929
1403715566.0121431 0.60003270163994438 -1.0720361111500061  1.0811934614704914 0.50100000521605015 0.61949123092688096 0.38241132436325881 -0.46796494374787745
1403715566.0621431 0.57285616179468446 -1.0732822240846789  1.0972423053978078 0.48176495670265618 0.63528878208616368 0.36674917858789796 -0.47938056891562547
1403715566.1121433 0.54478833406329619 -1.0741925186162553  1.1117297007189069 0.46127671431887873 0.65116716825049992 0.35213450426471787 -0.48908731605516642
1403715566.162143 0.51731483309496928 -1.0810858829345871  1.1281759596251735 0.44041562748703711 0.6652207319901513 0.33808525198493089 -0.49921319612563592
1403715566.2121432 0.49196987554888072 -1.0880304356672585  1.1424546785541103 -0.41970521045850662 -0.67890518925241816 -0.32334839739530724 0.50831200479823957
1403715566.2621431 0.46744266912352173 -1.0968399904935318  1.1574531960625694 -0.39874420698223573 -0.69123660381384044 -0.30823508310507852 0.5178669216017
1403715566.3121431 0.44381270498031533 -1.1088380259887352  1.1722880068388668 -0.37779666970294762 -0.70286237618552372 -0.29265842430837252 0.52688253262519713
1403715566.362143 0.41435371872672105 -1.1298345489757387  1.1873105808071049 -0.35612312999652951 -0.71426564170801266 -0.27758644357479095 0.53473982056736269
1403715566.4121432 0.39271419221899417  -1.146082554696032   1.199141482222204 -0.33503296304961688 -0.72488258573252096 -0.26317246133545202 0.54133021915146073
1403715566.4621429 0.37202060075132726 -1.1639277886071002  1.2080649309997191 -0.3143234735013562 -0.73362658813933013 -0.24841741821527441 0.54889121828313614
1403715566.5121431 0.35163979880151852 -1.1822081434784708  1.2136550086642544 -0.29348994985816196 -0.74090660088299809 -0.2349846631670226 0.55650989764471959
1403715566.5621431 0.33257285454981711 -1.2026729675221399  1.2167225715674994 -0.27390880387579147 -0.74729734046026441 -0.22093045717270923 0.56365803923461122
1403715566.6121433 0.31367892989468232 -1.2221948548847483  1.2129274650969784 -0.25414771979407491 -0.75309320272632474 -0.20773153079138343 0.57018170406103685
1403715566.662143 0.29801544902785748 -1.2476060031729534  1.2092022068308057 -0.23377998548311762 -0.75877275715588322 -0.19503939940782616 0.57582154706489308
1403715566.7121432 0.28095017741550238 -1.2734412698784299  1.2036088325235696 -0.21249717775036092 -0.76476697473776101 -0.18155007698078027 0.58053078587346019
1403715566.7621431 0.25967756749425519 -1.3021673786798025  1.2005195551763999 -0.19086554961693575 -0.77043709477988875 -0.1667921175727459 0.58495932719476262
1403715566.8121431 0.24665484216735109 -1.3332425931199805  1.1950516582319093 -0.16929151973156856 -0.77648027965237132 -0.1496210450784827 0.58824510157550292
1403715566.862143 0.23526970082322163 -1.3663794944019227  1.1904368941258929 -0.14716235541852224 -0.78091339250321234 -0.13142809625029256 0.59265856112336757
1403715566.9121432 0.22722274557023744 -1.4055994775211862  1.1881440572690396 -0.1236343241169294 -0.78434666894366378 -0.11268303990742758 0.59734193669484648
1403715566.9621429 0.21728818237994493 -1.4430399099699183  1.1852164386264379 -0.099198428440925149 -0.78741302356602638 -0.093430198162258338 0.60117484992705772
1403715567.0121431 0.21296569644860713 -1.4840285854650437  1.1841344569847359 -0.074536240897200026 -0.79142556471946857 -0.072797509232308433 0.60232088370814196
1403715567.0621431 0.20805297762942804 -1.5203050729091969  1.1798512480864707 -0.049840247341925603 -0.79513489649127 -0.049751777100110486 0.60232981563433685
1403715567.1121433 0.20723268080817966 -1.5627370452507452  1.1767733954681308 -0.025402560782421587 -0.79779588164394799 -0.024272442608289396 0.60190305670222222
1403715567.162143 0.20827862157969301 -1.6065690788344889  1.1737148613531811 0.0013448721113579871 -0.79926934198400967 -0.00055890765475338875 0.60097121221044025
1403715567.2121432 0.21114101381365635 -1.6486446349127399  1.1702032497405106 0.028505262696994046 -0.80026460963903068 0.02360088748568007 0.59850397046949788
1403715567.2621431 0.21833992684815118 -1.6942802698950159  1.1678666290534763 0.057243437083449727 -0.80246127198365691 0.045987829769827827 0.59216907669204233
1403715567.3121431 0.22352385825728868 -1.7387091622707029  1.1623230673174789 0.086882862915722392 -0.80268419886060871 0.068397305363851829 0.58606420608158183
1403715567.362143 0.22898489940698175 -1.7849960573136618  1.1584972121952506 0.11870860209832219 -0.80147828456945469 0.087916524968693455 0.57949246051082981
1403715567.4121432 0.23672655601167231 -1.8264065171567772  1.1510427562197931 0.15085152014141587 -0.79929045360506712 0.10621369515619933 0.5719241563425137
1403715567.4621429 0.24600770950296194 -1.8685007350149612  1.1412422887360769 0.18246538258870787 -0.79559527561652943 0.12425478728377423 0.5641766473459171
1403715567.5121431 0.25613320265547801  -1.909701707211199  1.1269822862141456 0.21352529214987848 -0.79071500870030498 0.14078759941715202 0.55619742581096265
1403715567.5621431 0.26680571277880361 -1.9513510126799829  1.1106394785428304 0.24266744835434714 -0.78384718771314854 0.15793543456076162 0.54932002906637389
1403715567.6121433 0.27937375534125336 -1.9933543561936289  1.0902509116612784 0.2698626628401149 -0.77592051802934381 0.17549148892866581 0.5425165713777943
1403715567.662143 0.29225673157981896  -2.038767987051779  1.0689597062838343 0.29603031270280439 -0.7659782531682614 0.19317316067640164 0.53696135766800579
1403715567.7121432  0.3093822734064392 -2.0793096633667632  1.0417611664830431 0.32158148565529077 -0.75475233764706418 0.21108179200847649 0.53139320091860265
1403715567.7621431  0.3257441167952202 -2.1230336900938354  1.0177887983780971 0.34547144484638392 -0.7413122556746633 0.23022483697928003 0.5273539085094171
1403715567.8121431 0.34151873560292079 -2.1654955220743584  0.9928870907533226 0.36865579693633099 -0.72772194089381681 0.24888617732147378 0.52208174730139612
1403715567.862143 0.35967316805769278 -2.2129322855673639 0.97092243600063455 0.39196983014383868 -0.7135060252460429 0.26623625504675502 0.51612698117157452
1403715567.9121432    0.38172325870057 -2.2638915648641058 0.95226971346902312 0.4152208265184561 -0.6992931900042233 0.28243166937010339 0.50873672147375415
1403715567.9621429 0.40842683780501815 -2.3091604929885623 0.93237221850539975 0.43855807364720378 -0.68402293626522404 0.29742140967909886 0.50131820609913302
1403715568.0121431 0.43763885836750477 -2.3546034762045212 0.91367205414745911 -0.46070526755242847 0.66748382701842501 -0.31180759738544123 -0.49496668507183511
1403715568.0621431 0.46100527402257968 -2.3963711696331296 0.89241436809244346 -0.48029106091555218 0.6506270303395969 -0.32772536923304485 -0.48846806093864026
1403715568.1121433 0.49302703381065716 -2.4374889108338755 0.87483648643806033 -0.49877394976464606 0.63321541808025505 -0.34358612287778251 -0.48188313677429673
1403715568.162143 0.51659393836176326 -2.4763456724902388 0.85725355456126395 -0.5164496164407204 0.61596263998360057 -0.3593753187107756 -0.47404556756096189
1403715568.2121432 0.54753766505213064  -2.512202306398911 0.83906799937346721 -0.53435677308583929 0.59840587990054639 -0.37357935735401271 -0.46563043899288259
1403715568.2621431 0.57892211938057136 -2.5478524466076111 0.82198539916620528 -0.55054871705132813 0.5828403156871852 -0.38867811069378333 -0.45400727178131189
1403715568.3121431 0.61152201248547022 -2.5815977204917027  0.8080068934332556 -0.56647778584702835 0.56701212515861954 -0.40254865494102099 -0.44221572616781624
1403715568.362143 0.64943641016084497 -2.6141445865759478 0.79278059781132781 0.58150674111156642 -0.55059311435419889 0.41634049136777751 0.43053191253981077
1403715568.4121432 0.68594074152364615  -2.643160979338953 0.77926528836225684 0.59639411217013583 -0.53438165405899241 0.42871350562075461 0.41827627337960982
1403715568.4621429 0.72167218628303498 -2.6676337024840335 0.76870358674161743 0.61071526342721205 -0.51693610015412939 0.44086590863436725 0.40674462009775214
1403715568.5121431 0.75752298086836312 -2.6904868662115935 0.75553043776608375 0.62544213783958769 -0.49904749449548513 0.45181881265688051 0.39450410768679178
1403715568.5621431 0.79779425408596094 -2.7042736343122424 0.74801438555434319 0.63901976891494572 -0.48151763616125065 0.46300157673460651 0.3813450418490309
1403715568.6121433 0.83536624783902702 -2.7198059080016916 0.73791905408873382 0.65298014156123052 -0.46267566242973979 0.47249082494970973 0.36918909309487974
1403715568.662143 0.87283964809131298 -2.7347053067667062 0.72924211243693471 0.66644223576188999 -0.44395940208047135 0.48127878988272693 0.3565466618916267
1403715568.7121432 0.91075599740765134 -2.7457839717337014 0.72191389503612169 0.67873844242641734 -0.42572327317239572 0.49069421053250512 0.34248067566188961
1403715568.7621431 0.94942481949857171 -2.7551252245755671 0.71654472364609334 0.690733417246292 -0.40702190649858067 0.49931057202044798 0.32849576344016002
1403715568.8121431 0.98890815586985303 -2.7639427388985354 0.71098743950019172 0.70263625424133291 -0.38866752786947439 0.50674750769510857 0.31376234708826412
1403715568.862143  1.0282464165848495 -2.7697353247851293 0.70180181874320113 0.71406883330707638 -0.3699093862168325 0.51303559609264615 0.30011201980264046
1403715568.9121432  1.0681121914283822 -2.7740942470198702 0.69704878546094717 0.72455041713773694 -0.35205331462305217 0.51893573387058256 0.28599101524462917
1403715568.9621429   1.108100140836296 -2.7764875908328452 0.69164967111562892 0.73541541820413669 -0.33663615390831475 0.52242170777418662 0.27002929803218512
1403715569.0121431  1.1452970072161763 -2.7771789768557138 0.68659088566417537 0.74539014548771609 -0.32114854754978311 0.52505550685385716 0.25607392709705035
1403715569.0621431  1.1881295568074877 -2.7762429724186477  0.6807372837163127 0.75415443597637377 -0.30523250427346393 0.528309463417164 0.24284422145889234
1403715569.1121433  1.2267399726347519 -2.7708911940273944 0.67588027246683735 0.76239919936435785 -0.28946061340464924 0.5314369472231868 0.22920467975608683
1403715569.162143  1.2653937466338048 -2.7629825510261372  0.6710580637738025 0.76925162532230063 -0.2747519777319819 0.5353151634200235 0.21494409385688418
1403715569.2121432  1.3047894822559958 -2.7569792519300282 0.66594107367997357 0.77484896399943237 -0.2612869257721811 0.53944251578519453 0.20084819534381995
1403715569.2621431  1.3458323353396471 -2.7541066071367841 0.65915853725908846 0.77781848436622869 -0.24809411324723585 0.54574537163213421 0.18870534092175165
1403715569.3121431  1.3847764883528548 -2.7468023271406765 0.65562354346466345 0.77771463048396872 -0.2346413070264397 0.55476359444480317 0.17983538263309101
1403715569.362143  1.4243176631986525 -2.7382769825815707 0.65277021969241189 0.77671863760353732 -0.22151460378495363 0.5638551025954639 0.1723567857276268
1403715569.4121432  1.4594246232718115 -2.7251222461701068 0.65092303630259341 0.77532658992452441 -0.20925083043220738 0.57253308740991016 0.16519271394439938
1403715569.4621429  1.4973223665331592 -2.7160958755663369 0.64839825462543577 0.77479940173175632 -0.19707601815699113 0.57932874514927579 0.15882422733091908
1403715569.5121431   1.531586686403057 -2.7039810961885697 0.64748656063916998 0.77554893741699582 -0.18372727530362329 0.58403504174060761 0.15385448969699295
1403715569.5621431  1.5683537616097059 -2.6912365788267683 0.64467486769372928 0.77734383393749085 -0.17065015418639234 0.58717148340287229 0.14779965424179395
1403715569.6121433  1.6003110801688363  -2.677891191440855 0.64355918408945001 0.77977584243320563 -0.15730285204444844 0.58914109530169434 0.14183870460134232
1403715569.662143  1.6322264673196745 -2.6586128439842707 0.63976833149481338 0.78333383116359234 -0.14407922843514556 0.58954344901302125 0.13441654144461967
1403715569.7121432  1.6633350735924777 -2.6403549962974591 0.63722505844361843 0.78753500356951711 -0.13098641283046952 0.58894890034888581 0.12558013610601254
1403715569.7621431  1.6924118820438458 -2.6185825162965917 0.63592291743934937 0.79129181646937652 -0.11778336882345894 0.58896632798730109 0.11446835245755368
1403715569.8121431   1.721915344529638  -2.592884192757833 0.63336237092508496 0.79488668131308515 -0.10370720029844932 0.58896291105458864 0.10258006570202567
1403715569.862143  1.7469089335535835 -2.5664503669964205 0.63295824060898087 0.79781003837921249 -0.089614027837045654 0.58971349290682229 0.08778647367229124
1403715569.9121432  1.7728780573087088  -2.538783638408074 0.63309187491698993 0.79848303283682154 -0.072754928268295105 0.59278155372072605 0.07577332151112702
1403715569.9621429  1.7976388192866366 -2.5128560215472917 0.63158441220617856 0.79846840099398131 -0.056134403326257028 0.59605658708286424 0.063353661081643184
1403715570.0121431  1.8176859309329649 -2.4812524996331113 0.63189445910047781 0.7983175736936664 -0.039138937912295217 0.59885413369506646 0.050308265993637094
1403715570.0621431  1.8358502015434075 -2.4485125079677199 0.63195953344656974 0.7978059911221832 -0.021714258734588307 0.60134591872536769 0.037645418439724972
1403715570.1121433  1.8527210390663167 -2.4154146046596461 0.63203320607885149 0.79725043189338218 -0.0039332047593476534 0.60314108535603561 0.024435832330416907
1403715570.162143  1.8680658264872729 -2.3807979228726097 0.62999914868064066 0.79652311652237351 0.014060591454862801 0.60434454118159253 0.010995460765035556
1403715570.2121432  1.8822606255673395 -2.3452328450365667 0.62878892586399548 0.79548657844755244 0.03219149078546707 0.60510902142252265 -0.0028077791744589419
1403715570.2621431  1.8949945617371871 -2.3082299916112037 0.62733769179114207 0.79429994155587924 0.051042282798209472 0.60513397535492774 -0.017180223578760256
1403715570.3121431  1.9038096681615764 -2.2697631932815181 0.62597092454971015 0.79162104167801284 0.070177038907260708 0.60615032611177766 -0.031513358078952849
1403715570.362143  1.9121957550028137 -2.2279782684447711 0.62290534299297096 0.78835310536128811 0.090313246156564886 0.60678045571149064 -0.046479860180872468
1403715570.4121432  1.9152342949260728 -2.1891032020839156 0.62016487985368196 0.7846003045842177 0.11051335460898631 0.60698320317984544 -0.061323336153179926
1403715570.4621429  1.9155564459855423 -2.1489554450724859 0.61733869823540821 0.78015353314507563 0.12992438783850493 0.60693927671698911 -0.078133427828960281
1403715570.5121431  1.9132289458090381 -2.1081705646738129 0.61425796597168625 0.77518051603482496 0.15034580175812362 0.60632444162673038 -0.094138084427734858
1403715570.5621431 1.9063573820349866 -2.068322630441441 0.6106580497158236 0.76927586695892269 0.17171364696686278 0.60568314141639523 -0.10898163223178722
1403715570.6121433   1.896836799089892 -2.0273822563270922 0.60604295383220208 0.76381223965538558 0.19317182019487758 0.60325303430034372 -0.1239406593602366
1403715570.662143  1.8790362411095354 -1.9890905392684628 0.59910825376067411 0.76059529275218585 0.2141726506059714 0.59671541105506876 -0.13984131930516724
1403715570.7121432  1.8623589550233703 -1.9495982595318202 0.59239272744401783 0.7578041023043296 0.23499490556899594 0.5884733698277661 -0.15559379772632662
1403715570.7621431  1.8452069245041143 -1.9083274452426569  0.5861940240061374 0.75316626150286869 0.25674937339990855 0.58112811865127101 -0.17061785224700593
1403715570.8121431  1.8249673929622487 -1.8692239645270683 0.57909068378129491 0.74731030373219343 0.2785130763983959 0.57389476164426845 -0.18601768401973684
1403715570.862143  1.8030213752887161 -1.8299897081330807 0.57066131144597965 0.74129812091654002 0.29958647634287217 0.56595644650657928 -0.20104312914326183
1403715570.9121432  1.7854131975690581 -1.7903186341823218 0.56553954889673674 0.73458926980943418 0.31972948427438841 0.55795097673945127 -0.21643098004206388
1403715570.9621429   1.754612780642929 -1.7554965571943224 0.55794495260560351 0.72917650896276942 0.33947645136506316 0.54818764918752771 -0.22923276167185264
1403715571.0121431  1.7255924708676806 -1.7180571395390623 0.55048332963381852 0.72373529780797397 0.356750235473549 0.53868136462139682 -0.24240230115657024
1403715571.0621431   1.695669274818647 -1.6813510999373067 0.54351720709249474 0.71865412660750372 0.37068694905407296 0.53040708718836305 -0.25455010110260284
1403715571.1121433  1.6630749182130218 -1.6474220501060914 0.53733259486493035 0.71424712175074967 0.38093295060886845 0.52315257603074605 -0.26655678270039518
1403715571.162143   1.634611339209489 -1.6139094939533696 0.53105905123891439 0.70940892306107128 0.38792803412922483 0.51865469610842974 -0.27793547168837346
1403715571.2121432  1.6022508260423025 -1.5804122527837761 0.52444928371592203 0.70250715375318384 0.39257912517739291 0.5186880566120825 -0.28866594764283238
1403715571.2621431  1.5695981244798998 -1.5487126454587941 0.51912401478440129 0.69456347490554637 0.39622007854585545 0.52219244007962673 -0.29648993947170321
1403715571.3121431  1.5359033393202814 -1.5186818408371525 0.51381283530423183 0.68725994349029484 0.39917828436868824 0.52652920742323084 -0.3018235595384362
1403715571.362143  1.5008433748655092  -1.490542439509569 0.50863327233879152 0.68143402505578465 0.40075378169017867 0.53039749920301027 -0.30614141960291136
1403715571.4121432  1.4648155418621414  -1.465281502166371 0.50365261590785526 0.67971765377501314 0.40312944061326944 0.5300582202956714 -0.30742291449143738
1403715571.4621429  1.4279175912910254 -1.4415841863737235  0.4979904265989975 0.68172798294479342 0.40662808516039339 0.5258610139396751 -0.30556628028490362
1403715571.5121431  1.3900786339089457 -1.4197922474518836 0.49232752573537375 0.68554558955711653 0.409145304045611 0.51987992506444702 -0.30389509428616146
1403715571.5621431  1.3535425324742847 -1.3992770850106675 0.48918617123155417 0.69269763386098049 0.40915885407426628 0.50936973411649733 -0.30545293277708285
1403715571.6121433  1.3073901774069578 -1.3859985202866358 0.48409121937905636 0.70173074842460215 0.40720644572215769 0.49633925113145017 -0.30887572754110443
1403715571.662143  1.2766112508121872 -1.3707385261236718 0.47172627805499762 0.71297583956195687 0.40133462216821192 0.47998302354494105 -0.31656321700203544
1403715571.7121432  1.2416594611027749 -1.3524845322193126 0.45724986442612997 0.72547408557741166 0.39456430426177092 0.46112971094121269 -0.32460090980358752
1403715571.7621431  1.2091069975408952 -1.3352099879746153 0.43938745201604745 0.73862958661218903 0.38731542678231712 0.44078261695543836 -0.33184902975216579
1403715571.8121431  1.1906090848250803 -1.3181489576885455 0.41942322148855354 0.75092693825163104 0.38206783475198614 0.4211575823201657 -0.33579635779768857
1403715571.862143  1.1643123174486811 -1.3024033324231703 0.40069002323915892 0.76119425256650064 0.37780324484382427 0.40441651940091178 -0.33807587444367537
1403715571.9121432  1.1512027512560494 -1.2901397286180598 0.38014215943958624 0.77058930220430522 0.37440673986645501 0.38950177884982939 -0.33808295541726652
1403715571.9621429  1.1395025071611427 -1.2743675968111539 0.36251918457100968 0.77900726811055654 0.37371927690373419 0.3760148743661772 -0.33480500676791813
1403715572.0121431  1.1364488383704978 -1.2565137537497904 0.34507512776488058 0.7854603596641887 0.37566339255912712 0.36594117601616899 -0.32865802071921768
1403715572.0621431  1.1541521919752062 -1.2469677894989604 0.32400968185970108 0.79003578147285258 0.37967646981251113 0.36050934399901019 -0.31893926561759678
1403715572.1121433  1.1650898062659649 -1.2275974745304996 0.30997906807486297 0.79009380620449499 0.3903442571216994 0.36095952080140714 -0.30510877187033003
1403715572.162143  1.1858718086126081  -1.202586364933574 0.29574321559236605 0.7852678615659634 0.40408290566040933 0.36830662564424993 -0.29055398887505612
1403715572.2121432  1.2127855209893434 -1.1768439499935874 0.28357532355927922 0.77625832006128104 0.41743561194713891 0.38109325534536065 -0.27917460691157309
1403715572.2621431  1.2436599371208619 -1.1450229590940695 0.27194624804644946 0.7599586182168605 0.43300119758354494 0.40216339562218967 -0.27062421309034096
1403715572.3121431   1.277170622656568 -1.1100367196977945 0.26144527873170637 0.73922863312794906 0.44848424645007984 0.42668757209153862 -0.26521806965686984
1403715572.362143  1.3097277704388146 -1.0709483174333396 0.25014013569942145 0.71787195221709066 0.46065666282889117 0.44918603473784552 -0.26587065540947447
1403715572.4121432  1.3433841315832027  -1.027929785182994 0.24028765782756822 0.69567387646815293 0.47155209841051365 0.46999475001853852 -0.26978030142956289
1403715572.4621429   1.3763381135350972 -0.98523657297947986   0.2301381031111496 0.67653222007161518 0.48050174921931127 0.48444617689578334 -0.27700925236030155
1403715572.5121431   1.4061151772463756 -0.94151370719020278  0.22024244351983979 0.66179969213953405 0.48751566883063718 0.49208938511208578 -0.2867013728405286
1403715572.5621431   1.4319957086201796 -0.89499336556117681  0.20777547524949033 0.6499193193844921 0.49450598110893446 0.49452936856108776 -0.29750532191687046
1403715572.6121433  1.4545361281919957 -0.8479375907216079 0.19518035211471976 0.63951831614383581 0.50229935074426546 0.49434955915145085 -0.30713221733515428
1403715572.662143  1.4759528331241474 -0.8017919917141294 0.18697200718470766 0.62945956715779849 0.51045101563112649 0.49289180988628339 -0.31666714023038861
1403715572.7121432   1.4913721170996945 -0.75493066611735282  0.17447003636064187 0.62058252418604343 0.52059635320079412 0.48819917030809862 -0.32483586288985583
1403715572.7621431   1.5042970735944226 -0.71099132320281322  0.16515627395449101 0.61271008129471527 0.53152589257573957 0.48198376257465164 -0.33129780321603197
1403715572.8121431   1.5148750955266927 -0.66541978984272498   0.1587047558819964 0.60697785838531326 0.5413203053174831 0.47223479163967297 -0.33991838438954786
1403715572.862143   1.5223911809524846 -0.62403562508518551  0.15901435992943896 0.60107768514433702 0.55016704940784922 0.46248059888240539 -0.34947607904513067
1403715572.9121432   1.5239072553056425 -0.57653710725558616  0.15593167668997765 0.59452491435984844 0.55778217490781434 0.45255971833086317 -0.36139849599135443
1403715572.9621429   1.5238781235768097 -0.53146189125722909  0.15770511953499469 0.58636897775757413 0.56534320714123498 0.44449806941092945 -0.37280014264047262
1403715573.0121431   1.5233236244019543 -0.48696005438237944  0.16442352050896683 0.57729649130492944 0.57279418658782943 0.43716660492725767 -0.38408454860171026
1403715573.0621431   1.5191132164580567 -0.44566088030817858  0.17331024279215684 0.56868319070690465 0.57983875187708189 0.42912004359199013 -0.39527514292787336
1403715573.1121433   1.5125644168704249 -0.40299501451126707  0.18453755652997395 0.55958006962515372 0.58739617960913881 0.42065767135413862 -0.4060578744339407
1403715573.162143  1.5055127490281599 -0.3635332343371841 0.19712537306758471 0.55209081294928186 0.59402849880266695 0.41067566800799904 -0.41673897414740912
1403715573.2121432   1.4974017180836041 -0.32253353689039532  0.21022572492015826 0.54258812887317487 0.60282288428869424 0.40196476252430652 -0.42500237913751093
1403715573.2621431    1.490166237394204 -0.28010584433783348  0.22098312949914847 0.53436190494136637 0.61093328925478485 0.39091548663866388 -0.43405408987108968
1403715573.3121431    1.481137484062147 -0.24254985135962256  0.23308427075173493 0.52570930649404102 0.62000463453974963 0.37982957819615065 -0.4415353550307386
1403715573.362143   1.4702895075303215 -0.20627435572735792  0.24443723059163519 0.51712450541369859 0.62897171960940745 0.36823209864317491 -0.44875599534832483
1403715573.4121432   1.4611493958472033 -0.17055481141261128  0.25519075312360506 0.50862663066728786 0.63769474801099602 0.35633086840239053 -0.45571117076371193
1403715573.4621429  1.4521224131991108 -0.1352074031221695 0.26546042373646989 0.5019857310056961 0.64495269195419869 0.3415396399906207 -0.464108850726623
1403715573.5121431   1.4437157436886952 -0.10150618900629664  0.27565761891627455 0.49478148645906322 0.65213450963832376 0.32749051021090347 -0.47187056246172526
1403715573.5621431    1.4343951389286316 -0.068294698230160905   0.28637897336397733 0.48682083739704751 0.6595066648316098 0.31397148644465972 -0.47903897233779952
1403715573.6121433    1.4232413302789604 -0.032332013893456371    0.2972199091082921 0.47676084952950293 0.66804525692052796 0.3044253525916939 -0.48346647428887485
1403715573.662143    1.4170472148852382 0.0035386056396426498   0.30808236958057617 0.46503264536609079 0.67801747709021731 0.2969994548804063 -0.48562152269516834
1403715573.7121432  1.4115458385768151 0.03884111115947618 0.31854332255207291 0.45167248705941426 0.6898537636090406 0.29168535674680279 -0.48478180857731812
1403715573.7621431   1.3998997866865199 0.078682160047140653  0.32621643799040506 0.43830907746907893 0.70246138140075842 0.28433905388860342 -0.48330576520715862
1403715573.8121431  1.3942759375086291 0.11532080452986229   0.336138138114633 0.42424259806448406 0.71511784756406538 0.2785529308159071 -0.4806588674067121
1403715573.862143   1.387160299837676 0.15398809104940514 0.34627090535567473 0.41070978078490061 0.72726304801408392 0.27072341118488052 -0.47865934608790978
1403715573.9121432  1.3781371067757562 0.19033245856908648 0.35771214245500715 0.39709096669212018 0.73873243194381044 0.26102939981492868 -0.47797155835693733
1403715573.9621429  1.3670042367296578 0.22798890034702005 0.37021125134495608 0.38327073911403953 0.74886773205408952 0.24998025466214135 -0.47938557832520734
1403715574.0121431  1.3561115594681048 0.26752936259828436  0.3805057997373868 0.36949097386075835 0.75885427520958049 0.23716638357446965 -0.4810080204464145
1403715574.0621431  1.3436103720681236 0.30883569652381088 0.39038585656197794 0.35469969525855882 0.7689646826413854 0.22364600355334249 -0.48255974565678106
1403715574.1121433  1.3295033522478981 0.35303563881098454 0.39993483432247506 0.33907780917500391 0.77743853551943609 0.21012146106686325 -0.48627619149368273
1403715574.162143  1.3115867394226535 0.39704829586964008 0.41113133050796502 0.32240991338178238 0.78415455742576912 0.19734472861159108 -0.49214686416837544
1403715574.2121432  1.2913871565529118 0.43898887072735676 0.42284003093081041 0.30302411967597714 0.7899772120170836 0.18705028231316317 -0.49912381156871377
1403715574.2621431  1.2716005363328728 0.48518198511770011 0.43608814318319694 -0.28129003680416786 -0.79320849636179358 -0.18027064489588601 0.50911559697478703
1403715574.3121431  1.2519624327182923 0.53530866984515624 0.44777961461414745 -0.25817178502524946 -0.79592346345947174 -0.17815938960677566 0.51779571418320602
1403715574.362143  1.2318657595907689  0.5826374980382476 0.45992829890865128 -0.23495052254066856 -0.79816225969255727 -0.17790810943244462 0.52543692652735297
1403715574.4121432  1.2087619423249563  0.6296087849173384 0.47117718041760087 -0.21296402325673727 -0.80045430187190514 -0.1792838961993852 0.53082626157400414
1403715574.4621429  1.1841774982313831 0.67519214112637993 0.48138098982473293 -0.19477604009034924 -0.80308598605017789 -0.18061469404788216 0.53337934484804161
1403715574.5121431  1.1623805233927986 0.71726008991246604 0.49114770879222147 -0.18003135600941725 -0.8048406328834824 -0.18165668822342634 0.5355568262442586
1403715574.5621431  1.1365778773681392 0.75935994980412269 0.49502946351078347 -0.16838597464178959 -0.80716610486071194 -0.17989323989837031 0.53643961910618443
1403715574.6121433  1.1116605200428824 0.79764684368692984 0.50340477365833469 -0.15807827661964002 -0.81067682941495356 -0.1778943524231151 0.53494666658148604
1403715574.662143  1.0819537194358677  0.8316614580695888 0.50974436190217376 -0.14930369120412273 -0.81378490792567293 -0.17548002640367155 0.53354408604968606
1403715574.7121432  1.0499302748467425 0.86344807480291963 0.51528423978335103 -0.14157929148652057 -0.8165237145309725 -0.17083794656480028 0.53297159759619495
1403715574.7621431  1.0120407908364772  0.8947763400940093 0.51963082621730383 -0.13589662696961372 -0.81911496425103503 -0.16382277910978585 0.53267708713915385
1403715574.8121431 0.97548054104482784 0.92138368887478073 0.52458420753665058 -0.13422087120871792 -0.82067236312185987 -0.15395042127221034 0.53364866525651866
1403715574.862143 0.93990467853810833 0.94424876072426611  0.5308487053220512 -0.13621637308011461 -0.82117180808379531 -0.14165983251268516 0.53577462907995888
1403715574.9121432 0.89723379576844231 0.96393755376221568 0.53071392303600085 -0.13837772087864542 -0.82030444086478149 -0.13176367349430318 0.53906452768591306
1403715574.9621429 0.85560919805093083 0.98403503911577206 0.53749241061696718 -0.13975314166432007 -0.81744485855389049 -0.1248014803640066 0.54468114812036128
1403715575.0121431 0.81258449952437639  1.0018014060719285 0.54442517268035751 -0.14146193773982366 -0.81471935750845981 -0.11999819029347475 0.54938267446124289
1403715575.0621431 0.77300480724808318  1.0239505368303481 0.55530217441808338 -0.14144827852616715 -0.81074582927759287 -0.11894664431352435 0.5554595220333558
1403715575.1121433 0.73122730253233192  1.0422503241838439 0.56497905021948769 -0.14071652316319175 -0.80685923605428189 -0.12018045338875689 0.56101131176299512
1403715575.162143 0.68894303586426353  1.0611003421322893 0.57615985500909372 -0.13988046500878767 -0.79978436158148425 -0.122746740943996 0.57071154541173474
1403715575.2121432 0.64679197684634782  1.0764730211490052 0.58710739629463171 -0.13835163387638805 -0.79131644271580659 -0.12731695980011801 0.58177960142874618
1403715575.2621431 0.60499592648085321  1.0875062731699872 0.59824561827699763 -0.13639692223857508 -0.78457457078348125 -0.13357503955790551 0.58991213861969671
1403715575.3121431 0.56431636274335817  1.0960527023957833 0.60868725085216424 -0.1356549274498994 -0.78176048536145548 -0.13943214988007258 0.59245840340550926
1403715575.362143 0.52655520011905221  1.1033139141930892 0.61717594561826394 -0.1392356979097536 -0.78446849633871618 -0.14055961510774853 0.58776321191481451
1403715575.4121432 0.48845652551832147  1.1097212203876101 0.62499041845453551 -0.14418411267464748 -0.78849771081378695 -0.14009018382869401 0.58125471360539094
1403715575.4621429 0.45393674506217391  1.1135515766937403 0.63263675437682376 -0.14778759722876977 -0.79268368677710666 -0.14188504584605707 0.57417770122851619
1403715575.5121431 0.42068597842255145  1.1158597532804293 0.64143542935367448 -0.14979078729144774 -0.79535089480416343 -0.14654508866959159 0.56877430599812306
1403715575.5621431 0.38358111270597012  1.1135062480908873 0.65280066472956122 -0.14722974394767313 -0.79548588173844936 -0.15646636817454887 0.56660735088963587
1403715575.6121433 0.35115870495067103  1.1116648252266399 0.66440301106329014 -0.14343267002818796 -0.79335753316020396 -0.16906684359462174 0.56694558481700219
1403715575.662143 0.31776016430001119  1.1048844144151269 0.67724940616207374 -0.14020129546787957 -0.79160429554281619 -0.1800618062424951 0.56681917924500436
1403715575.7121432 0.27985422739736282  1.0962240191885619 0.68858936442554886 -0.13671749527335936 -0.78976061031221922 -0.1907510119329513 0.56674558342523074
1403715575.7621431  0.2452286176852029  1.0825618577408291 0.70055590325850858 -0.13541044065907212 -0.7890368488862507 -0.19786238265236078 0.56562827120937198
1403715575.8121431 0.20998975776018156  1.0641025824412065 0.71131414232008461 -0.13696423178708733 -0.78986674390358702 -0.20089829238479026 0.56301971741937584
1403715575.862143 0.17472782806445403  1.0407048128288807 0.72172893006377781 -0.13971736044663935 -0.79049688566211052 -0.20130105332981707 0.5613124075562862
1403715575.9121432 0.13955001728703684  1.0125820905806251 0.73302221954704183 -0.14411984750774434 -0.79056445278223331 -0.19845331364872301 0.56111816745968424
1403715575.9621429 0.10334584694972945  0.9794011891617973 0.74209323582602282 -0.15232113516339027 -0.79108058086089716 -0.18988401926047907 0.56118966989495433
1403715576.0121431 0.065450514277419852  0.94067919748857998  0.75260169341789107 -0.16094877066085322 -0.79109800402376229 -0.18055397895128242 0.5618360098260341
1403715576.0621431 0.023019919065904799  0.90523213092877697  0.76042662853787613 -0.16787511704921124 -0.7911458555264359 -0.17239701918804565 0.56230369742171715
1403715576.1121433 -0.014592835554470579   0.86446346257169271   0.76859664584573661 -0.1727582493919067 -0.79058635063477456 -0.16645111268475854 0.56340202035761189
1403715576.162143 -0.05286589429852688  0.82246276737496182  0.77747057594187008 -0.17759264536756958 -0.78946351471530785 -0.16044988211721628 0.56521150605173742
1403715576.2121432 -0.092157962005675276   0.77858243664627169   0.78526404115197812 -0.18142482289118686 -0.78882303663310882 -0.15461336627343172 0.56651386345386145
1403715576.2621431 -0.12933043952733259  0.73359006129335558  0.79258293098997235 -0.18309200228606706 -0.78817036733986079 -0.1516099370164998 0.56769641336200161
1403715576.3121431 -0.16671837980015322  0.68768201241520621  0.80134478045577384 -0.18301637846819396 -0.78590135000933481 -0.15079034137178748 0.57107472909845336
1403715576.362143 -0.20458103496037267  0.64106489979893111  0.81228907753090696 -0.18101705917253086 -0.78260473482408555 -0.15214736460520983 0.57585921262331186
1403715576.4121432 -0.24132452815527394  0.59376962830451496  0.82307509969874215 -0.17894637540791236 -0.77679784835644072 -0.1528933124724644 0.58411208900207856
1403715576.4621429 -0.27522307972157151  0.54432747402449122  0.83464724678022539 -0.17681948257490293 -0.77104421043276106 -0.15428868778579599 0.59196342535785185
1403715576.5121431 -0.31005711670671149   0.4930042639611692  0.84870471039548823 -0.17471036852291605 -0.76565967075534502 -0.15631717238430029 0.59900458873633056
1403715576.5621431 -0.34359554244794155  0.44049230942506884  0.86207919612715167 -0.17349651533679897 -0.76034813514139332 -0.15930466763870921 0.60530297820307633
1403715576.6121433 -0.37147872937055737  0.38753878061106173  0.87392648217123381 -0.17241290127394518 -0.75492433306881757 -0.1636545717822791 0.61121209408000154
1403715576.662143 -0.39675537860919297  0.33096304479199024  0.88569101837692565 -0.17306308767898532 -0.75319173488238478 -0.16706918930992096 0.61224118137479544
1403715576.7121432 -0.41782857978178539  0.27158716973570335  0.89637284633465697 -0.17481296791030743 -0.75261878181111119 -0.17139071065506389 0.61125331885945711
1403715576.7621431 -0.43292251102550094  0.21092964123986507  0.90670814206846473 -0.17935828960594871 -0.75389413254820936 -0.17381140898082814 0.60767082780656079
1403715576.8121431 -0.44598146197744343  0.14790926387232442  0.91740316078332484 -0.18550810830398215 -0.75750597368701389 -0.1757510652614179 0.6007353865400672
1403715576.862143 -0.45821858374164348 0.082330785662969044  0.92831451174524926 -0.19200384691613129 -0.76263000251587865 -0.17687454279952039 0.59181534125223434
1403715576.9121432 -0.46351150377701716 0.015783054181065445   0.9392804553232732 -0.19857673401096956 -0.76763612564275374 -0.17782057162344053 0.58282236026531453
1403715576.9621429  -0.47359222843942606 -0.054133026054258959    0.9512917658901614 -0.20484218985876884 -0.77163318120590207 -0.17836331318368676 0.57515949042510095
1403715577.0121431 -0.48272299232807997 -0.12654428590264555  0.96332455389607008 -0.21251812206297083 -0.77298479812555176 -0.1767739177122169 0.57103549073442261
1403715577.0621431 -0.48913352030018903 -0.19756452652895673  0.97543824101945809 -0.22192218883924145 -0.77278294321139729 -0.1732232589975912 0.56881523126985967
1403715577.1121433 -0.49400420474206491 -0.26878360119794609  0.98490166803459755 -0.23287775410653672 -0.77167859833225039 -0.16980729054383495 0.56696170646387622
1403715577.162143 -0.49880379234572614 -0.34020193983295394  0.99362028324757523 -0.24347614294557329 -0.76981082212598717 -0.16726762819440916 0.56580226803387357
1403715577.2121432 -0.50374594145239293 -0.41285482946040725    1.001623856560371 -0.252813345642808 -0.76768813405684277 -0.16549768269450674 0.56511136788774785
1403715577.2621431 -0.50778313231646421 -0.48411647597444946   1.0052772478511223 -0.25987405168256678 -0.76538275110038856 -0.16557735008237823 0.56501226776043101
1403715577.3121431 -0.51490798985928055 -0.55003181061429529    1.000408599565306 -0.26404776584697842 -0.76415619786573408 -0.16765256205865586 0.56412472118297841
1403715577.362143 -0.51822161849968629 -0.62060869374662242  0.99186723399345456 -0.26576785553501636 -0.7633489751890743 -0.17220309355810234 0.56303808362412588
1403715577.4121432 -0.51975324795926092 -0.69046593304090342    0.978387833396691 -0.26616078891072853 -0.76307644997097679 -0.17660782601213734 0.56185624650561361
1403715577.4621429 -0.52118524016522527 -0.76004435318425145  0.96444628377636565 -0.26675657673475672 -0.76301747862556524 -0.18020255306957167 0.56051074561318381
1403715577.5121431 -0.51302359298521949 -0.82555470321774538  0.94455063074390888 -0.26814207120036709 -0.76234216923110221 -0.18361370641366068 0.55966083790223609
1403715577.5621431 -0.51294093222275428 -0.89666041317922573  0.93114634279024333 -0.26823707608881087 -0.76240772183675365 -0.18555386682634131 0.55888558686086121
1403715577.6121433 -0.51101031776835182 -0.96536097663086107   0.9200971156231208 -0.26926365097394372 -0.76243472683434077 -0.18629797128646136 0.55810701435815624
1403715577.662143 -0.51203929852135721  -1.0306410777070918   0.9121160728027905 -0.26983310171520919 -0.76245980334032171 -0.1861893177360753 0.55783392104636509
1403715577.7121432 -0.50879283530703689  -1.0997182289650758  0.90849953985326737 -0.27177607540525972 -0.76267518809731794 -0.18420942743308386 0.55725327198932684
1403715577.7621431 -0.50576139296233513  -1.1652189563586213  0.90743386606717158 -0.27485318094624323 -0.76210230655218636 -0.18039751706570717 0.55777463110838688
1403715577.8121431 -0.50041688061418366  -1.2335555352311718   0.9069509833753272 -0.27920489942081184 -0.76029092122998398 -0.17676272919547498 0.55924706239911892
1403715577.862143 -0.49438670829728121  -1.3006203725869423   0.9047597618936255 -0.28531434319371146 -0.75833189032183279 -0.17312354246033324 0.55996134575061707
1403715577.9121432 -0.48700241348603063  -1.3664101427306226  0.89942620534663509 -0.29228763304890709 -0.75597798903514057 -0.17124163005079152 0.5601263462814442
1403715577.9621429 -0.4763401314704937 -1.4195941585196243  0.8886377082956104 -0.30126180712229927 -0.75364309828724085 -0.16940081783969288 0.5590767093062079
1403715578.0121431 -0.46472544606612876  -1.4823562871922304   0.8720468075032658 -0.31200616573692913 -0.75128504780898586 -0.16732391541734035 0.55697902726242798
1403715578.0621431 -0.45295761183059402  -1.5393762796262693  0.85336636651459485 -0.32432182846638841 -0.74913781553184922 -0.16506374212897573 0.55349963500870225
1403715578.1121433 -0.43967787884359094  -1.5972478753063828  0.83282793899351115 -0.34012808022157026 -0.74762330370121233 -0.15935633318466699 0.54770233145533676
1403715578.162143 -0.42382074506043965  -1.6543495442920946  0.80902619050369073 -0.35937497205517699 -0.74581281611588224 -0.15117077879440127 0.54014837629704326
1403715578.2121432 -0.40271336522039175   -1.704976828423481  0.78345787931036281 -0.37640048595274134 -0.74196583885966416 -0.14957736106547595 0.53426209036062389
1403715578.2621431 -0.38207242081467219  -1.7509912497891338  0.75793301644277922 -0.38897663857390408 -0.73747310503673236 -0.15693182381723356 0.52934204127824958
1403715578.3121431 -0.36014111062376558  -1.7937304123882631  0.73413209999363449 -0.40044611686290832 -0.73210932671030648 -0.1675221421029871 0.52497159269662041
1403715578.362143 -0.33538864916995714  -1.8346164650319721  0.71016621533104085 -0.41032530873433648 -0.72667222342108695 -0.18135974886664633 0.52027806239678442
1403715578.4121432 -0.30892018685354439  -1.8547910862344805  0.68762300175443791 -0.41982995258088368 -0.72165809063509789 -0.19574423369360661 0.51442842661787325
1403715578.4621429 -0.27934583361394094  -1.8875185280771409  0.66332390351920278 -0.42902411369473548 -0.71806491711643183 -0.21081279647302473 0.50584488681634576
1403715578.5121431 -0.24780233164584012  -1.9146468001594732  0.63932593301475027 0.43810174737928675 0.71685993777381907 0.2249498653084705 -0.49353444323150647
1403715578.5621431 -0.21654894766491858  -1.9386696466993409  0.61480073127881529 0.44615806621327514 0.71910841475405396 0.23870146582688501 -0.47628529055056795
1403715578.6121433 -0.18668349580709817  -1.9534897683117176  0.58964390222245489 0.45545253451574985 0.72396716138120165 0.24700403552666461 -0.45543775038787382
1403715578.662143 -0.15553245068585067  -1.9686834584374022  0.56443480580699812 0.46348236560529532 0.72953515474162889 0.25286772514503758 -0.43476484258619702
1403715578.7121432 -0.12459441827066454  -1.9829023765695302  0.54140201859647841 0.47138367398004016 0.73406544820086794 0.25562287964219965 -0.41665608487836542
1403715578.7621431 -0.10064072783623998  -1.9932489961776734  0.51679138885934484 0.47867725664798855 0.73653909189540856 0.25806070891792154 -0.40222247648611381
1403715578.8121431 -0.07759222616257283  -1.9973636885679213  0.49342415667614314 0.48507831490017683 0.73695802890527107 0.25873424222366931 -0.3932537144727386
1403715578.862143 -0.06050716433263565  -1.9957310583899965  0.47088969285886451 0.48934861257006623 0.7359577475536544 0.26139280903249063 -0.38804371993063719
1403715578.9121432 -0.044630109531583417   -1.9882927875754692   0.45005668536204835 0.48968779212325486 0.734073663735756 0.26749384199213749 -0.38702553785415988
1403715578.9621429 -0.032746826465956502   -1.9749959640141506   0.43081183910651122 0.48475378769631955 0.73167186093240055 0.27926814374206221 -0.38946034088807074
1403715579.0121431 -0.02463266992744045  -1.9564373468904515   0.4143542964929206 0.47712994314657359 0.72831099903400975 0.29382084783539386 -0.39443556560776899
1403715579.0621431 -0.020796366465759268   -1.9329619802187352   0.39921088552252632 0.46653412095307345 0.72662554035515547 0.31060073941400529 -0.39735175696804809
1403715579.1121433 -0.020977317078501503    -1.907471034199816   0.38964096184328662 0.45357538215034116 0.72512081303719889 0.32971824482050049 -0.39969370552953709
1403715579.162143 -0.027336657852262497   -1.8845106351120942   0.37962687225119379 0.44024430381738283 0.72271529004536017 0.3487706347400007 -0.40277364217889911
1403715579.2121432 -0.045976688160342144   -1.8515197573679512   0.37882223563713013 0.42500981107845215 0.72000070482730794 0.36905444885719119 -0.40591188614519935
1403715579.2621431 -0.065252998482835639   -1.8264268390270126   0.37739965051931312 0.41607955549497011 0.7158752890359531 0.38165867311986373 -0.41077613280129088
1403715579.3121431 -0.090170479906531376   -1.8001942348630116   0.37628665462074762 0.41083730854541256 0.7125227509253913 0.38918360115538841 -0.41480134994066498
1403715579.362143 -0.12023068733968648   -1.775632216683547  0.37221419627585739 0.40870228216626864 0.71105934240113056 0.39239778233135919 -0.41639048567130715
1403715579.4121432 -0.15494036180812465  -1.7505752569196829  0.37122110087740884 0.41107013676000903 0.70956903244131797 0.39189373970030766 -0.417076045401923
1403715579.4621429 -0.19631375168811596  -1.7303175582315495  0.37079920332789257 0.41354584878424117 0.70917924968647994 0.38828058915334374 -0.41866789565737578
1403715579.5121431 -0.24040915684149816  -1.7131250682142327  0.36545374426551686 0.42013634693154245 0.7091165664938226 0.38078229563062294 -0.4190990198572454
1403715579.5621431 -0.28866954772428605  -1.6984926993434664  0.35983862762448604 0.42885243910868781 0.70816007608396481 0.36972873958262947 -0.42177666037598943
1403715579.6121433 -0.34143195360562345   -1.684097309499816  0.35571686862045437 0.43231080296908758 0.70729371041831324 0.36446972049862847 -0.42426972514966188
1403715579.662143 -0.39745665156643906     -1.6709890835315  0.35450023151920473 0.43364920663588857 0.70533599634023347 0.36093447026949166 -0.42915708781526168
1403715579.7121432 -0.45797295626994655  -1.6570479484897644  0.35345827644538619 0.43463926056573182 0.70259790594058757 0.35737691688257806 -0.43557621034932342
1403715579.7621431 -0.52042210802700217  -1.6451645886164967  0.35453797301755835 0.43411577557739928 0.69989857200138561 0.35484078219528026 -0.44246299460666344
1403715579.8121431 -0.58587918425943686  -1.6325279543547218  0.35802985138449062 0.43186363689364793 0.69898154186758787 0.35539511589630762 -0.44566008891805781
1403715579.862143 -0.65412865404671938  -1.6207405379729105  0.36545398245712962 0.4290090483509143 0.6979407912582466 0.35848533800643456 -0.44756915752235221
1403715579.9121432 -0.72444881273157813  -1.6106198557784706   0.3744916711819144 0.42894349939746135 0.69672748493664716 0.35970206087388523 -0.44854510749933957
1403715579.9621429 -0.79713281711891648  -1.6018532134699077  0.38452553991021488 0.43294065682475996 0.69261373961309103 0.35871415140981289 -0.4518547918808129
1403715580.0121431 -0.87121119007975723  -1.5958789575494479   0.3938478940612839 0.43899675593816684 0.68757934229508566 0.35757015733744446 -0.45459881093828036
1403715580.0621431 -0.94650850189302804  -1.5890342155578845  0.40084679201894502 0.44702954149758162 0.6809758228764371 0.35827129955924286 -0.4561558873875825
1403715580.1121433 -1.0226166201859102   -1.58274203029136 0.40453336973645299 0.45641348463013337 0.67350300524898898 0.35992243067457319 -0.45665772397460497
1403715580.162143  -1.099161599866499 -1.5779365880888776 0.40464140751743016 0.46671414581442583 0.66552527579462162 0.36255954091859566 -0.4558558902373655
1403715580.2121432 -1.1760720050519307 -1.5740032162946307   0.401940818063943 0.47759710217440721 0.65698861639828798 0.36602039907269507 -0.45419823137077198
1403715580.2621431 -1.2534806930203468 -1.5708763721199157 0.39717201183311984 0.48877914264293615 0.64840374584455884 0.37016172328824037 -0.45127356526198287
1403715580.3121431 -1.3312051036246804 -1.5684929165031147 0.39212724953185224 0.501042685689426 0.63832401728905663 0.37354858232562516 -0.44939974712009217
1403715580.362143 -1.4090859662730115  -1.566843066888288 0.38635300673131778 0.51476604360583855 0.62638875184050169 0.37576729882312682 -0.44883403285987739
1403715580.4121432 -1.4856239379385023 -1.5666508651872426 0.38099434814013966 0.52836513672676455 0.61479132050095309 0.37840164401405274 -0.44684909123311845
1403715580.4621429 -1.5613390835440133 -1.5689719218814824 0.37663354311826241 0.54213082417170344 0.60251382440899559 0.37999480697456373 -0.44572997156498201
1403715580.5121431 -1.6364716905063064 -1.5712370580121491 0.37169397198742921 0.55499195676744262 0.59152188125620409 0.381034183157057 -0.44373273846359462
1403715580.5621431 -1.7104048161181558 -1.5737602399596611 0.36824473366028676 0.56679414452675225 0.58188110041216501 0.38056281635922157 -0.44196235758043068
1403715580.6121433 -1.7822700321258775 -1.5774413947590162 0.36435466332021393 0.57841075058592906 0.57347900807354724 0.37718824459337968 -0.44078550230941949
1403715580.662143 -1.8525178980397488 -1.5800160407139043 0.36016203394469326 0.58997107066621579 0.56530749336822739 0.37206783324839843 -0.4403715490134808
1403715580.7121432 -1.9199292175229554 -1.5836674327729496 0.35644899246445894 0.60074118387203235 0.5580017728876574 0.36600020473865791 -0.44021347274421402
1403715580.7621431 -1.9836139396633277 -1.5857366036354354 0.35236861771348521 0.61013354242705942 0.55176262918901831 0.36032701723457294 -0.43984031430357257
1403715580.8121431 -2.0443169851550196 -1.5888644325180081 0.35037388318564638 0.61894622306769931 0.544639338152349 0.35376845291812353 -0.44172553243741602
1403715580.862143 -2.0951207623690427 -1.5978062521191401 0.33684841204797816 0.62823833777909566 0.53747285197965833 0.34573781710063944 -0.44373966033688744
1403715580.9121432 -2.1466997199356563 -1.5997070915008498 0.33442606920367429 0.63783835819898793 0.53014345578770627 0.33473739107057582 -0.44728181733081035
1403715580.9621429  -2.190551557475346 -1.5988720814897013 0.33304198822664371 0.646360091249913 0.52463204558544418 0.32427266731129212 -0.4492516960669784
1403715581.0121431 -2.2286323468639289 -1.5980211924802612 0.33250545492032363 0.65067483167060758 0.52442990137659762 0.32020078155809245 -0.44616925203575558
1403715581.0621431 -2.2585898716707686  -1.593001534938643 0.33180965249759037 0.65408585468653535 0.52729102751350077 0.31665760203013948 -0.44029970483667508
1403715581.1121433 -2.2839533405904273 -1.5846154275982129 0.33412411229132494 0.65608897691222168 0.53178341627420256 0.31564167839260293 -0.4325782974347111
1403715581.162143 -2.3036153033941194 -1.5740593158264029 0.33675574396771207 0.65551794818927778 0.53623877920841878 0.31908784517101973 -0.42535530834691543
1403715581.2121432 -2.3150703252222833 -1.5638302033247891 0.33979776441902598 0.65191756083809305 0.5411107933540692 0.32746974138598622 -0.41828957871698919
1403715581.2621431 -2.3214028404751068 -1.5518896740753276 0.34430251112585986 0.6477295645977752 0.54294534720591392 0.33524344857679345 -0.41625543994014669
1403715581.3121431 -2.3260954626012444 -1.5389481097086568 0.34787275363434816 0.64338929941022049 0.54360222245452261 0.34047014056531766 -0.41788385531193017
1403715581.362143 -2.324139960106665 -1.515911358581107 0.3530821722886564 0.63794029988772838 0.54584212719582148 0.34380919528721077 -0.42057553803503184
1403715581.4121432 -2.3200439843705025 -1.4967577718229956 0.35677460104257319 0.63096712659680176 0.5503568271181617 0.34639827232169856 -0.42307928917774718
1403715581.4621429 -2.3131029861377943 -1.4766761002491353 0.36104567462738646 0.62157765441484791 0.55823098574151953 0.35007527425538548 -0.4236350887794873
1403715581.5121431 -2.3027492390142204 -1.4444980754333763 0.36622033100312029 0.60837714266271969 0.56899775961444277 0.35711499251313827 -0.4225963605636362
1403715581.5621431 -2.2944035981834698 -1.4270355920850986 0.36901534236203409 0.59253786672810338 0.58152154577970838 0.3647487062415789 -0.42153285706144122
1403715581.6121433 -2.2829188626801584 -1.4041315375295986 0.36664094770230854 0.57652331368134946 0.59447056167011181 0.37052311460191134 -0.42064027581200181
1403715581.662143 -2.2699918469941762 -1.3785771154063953 0.36126371527299106 0.56017448286971383 0.60742894136813796 0.37415546813278006 -0.42100156246310105
1403715581.7121432 -2.2596238167860139 -1.3556720618378795 0.35550511548694746 0.5436180338169051 0.62126086469868658 0.37598250597643668 -0.4208937235247886
1403715581.7621431 -2.2472912999699899 -1.3301300846030069 0.34930921468796006 0.52605361777171911 0.6355066996639841 0.37698627261567969 -0.42104652494803158
1403715581.8121431 -2.2369968748155427 -1.3035190468605005 0.34185059094155701 0.5075926005349698 0.64963731948314951 0.37749666465933329 -0.42168397312202138
1403715581.862143 -2.2276347095107503 -1.2769836938770129 0.33703059974384136 0.49058702341833937 0.66263119039184892 0.37539868772368334 -0.42346204461409687
1403715581.9121432 -2.2215632058817456  -1.251146068722397 0.33411219221542049 0.47664791030502007 0.67276709710579508 0.36865272220659301 -0.42928588733310113
1403715581.9621429 -2.2216580945092885 -1.2198884922473268 0.33676520560607404 0.46690807592460853 0.67985961743328482 0.35766365473700484 -0.43802335474266252
1403715582.0121431 -2.2202999900788138 -1.1945567450782431 0.33903240528224954 0.45515543387403379 0.68382678748821057 0.34934262327384236 -0.45074847453168831
1403715582.0621431  -2.219946362273324 -1.1718734106597197 0.34343439825512595 0.44326693157269409 0.6850927985069406 0.3408773614035398 -0.46686712166377464
1403715582.1121433  -2.222948545064217 -1.1465272041396528 0.35120010368993532 0.43081481914026459 0.68550047736076358 0.33635688902890326 -0.48099036409277929
1403715582.162143 -2.2258212888638962 -1.1237805525038269 0.35934503454059702 0.41965346661669889 0.68565467834908855 0.33208568644679692 -0.49344475564317725
1403715582.2121432 -2.2294687187401379 -1.1060423639682317 0.36402996442507163 -0.41039800966434908 -0.68549230960778473 -0.32801267881006713 0.50406492604819231
1403715582.2621431 -2.2334343352241026 -1.0880414499733373 0.36549783328812918 -0.403982633420996 -0.68827965661189316 -0.32406616854667786 0.50798648071767405
1403715582.3121431 -2.2363186876530556  -1.071267641387599 0.36215192057764461 -0.40087345505813765 -0.69377462905163934 -0.31858674792785141 0.50643826984023155
1403715582.362143 -2.2388255263536787 -1.0552810910098374 0.35698380438322586 -0.39957756930160815 -0.6997929346204057 -0.31360239405524415 0.50227597315539441
1403715582.4121432 -2.2416712237896301 -1.0411065968465654 0.35046755237484234 0.39911025900122232 0.70557797605995864 0.30944534140083357 -0.49710592587941599
1403715582.4621429 -2.2457546763381027 -1.0274716538693156 0.34361770043671386 0.40026980897552605 0.71156938174598006 0.30479571813925938 -0.49046168574957294
1403715582.5121431 -2.2499425237861552 -1.0162319187165936  0.3381649264656747 0.40204351943901767 0.71716003028749475 0.30074110218665651 -0.48331903427310091
1403715582.5621431 -2.2552612641406249 -1.0044398479705137 0.33542576983142863 0.40438666556520003 0.72078359157734817 0.29722466210512466 -0.4781212597892005
1403715582.6121433  -2.2622374970957506 -0.99438609624975727  0.33607951981205347 0.40662331014053726 0.72379270580929356 0.29504912043989007 -0.47299854037328831
1403715582.662143  -2.2733226251706449 -0.98512748930894267    0.341711128119499 0.40948698108941073 0.72547465034329228 0.29364137343624019 -0.46880879666878789
1403715582.7121432  -2.2847139242090382 -0.97248770716348099  0.34844241551783023 0.41293977386545322 0.72645703054494892 0.29258006642394541 -0.46490626008166763
1403715582.7621431  -2.2964205356773513 -0.95924057342963964  0.35425266960815116 0.41638942615223001 0.72674467007315102 0.29235159035594871 -0.46151118938247959
1403715582.8121431   -2.312030201103779 -0.95092161708750622  0.35737020650962364 0.42038800712906177 0.72748569250658968 0.29167175342950441 -0.4571280771420872
1403715582.862143  -2.3302972853190944 -0.94690051831269317  0.35587670311729119 0.42492713929813342 0.72874289666912795 0.29026861891592964 -0.45179071008026761
1403715582.9121432  -2.3464610462251887 -0.93416335735351552  0.35153249879711568 0.42936544221277972 0.73065840803314852 0.28910835154638798 -0.44519655082897858
1403715582.9621429  -2.3646271195619373 -0.91887174130516547  0.34442226638159873 0.43407620350851822 0.73232784826173514 0.28736964052625324 -0.43896749527929801
1403715583.0121431  -2.3845764076781957 -0.89278790668707952  0.33543887850493287 0.43887624148761528 0.73336815570181701 0.28607275280493705 -0.43326801516246888
1403715583.0621431  -2.4076636001855687 -0.88148591155242229  0.32366529749872375 0.44197556747935923 0.73379952804628734 0.28569340872931576 -0.42962207415235149
1403715583.1121433  -2.4331592382920344 -0.86292061517582563  0.30814313798618753 0.44455018007817165 0.73144011644962825 0.28673549891598898 -0.43029437261253883
1403715583.162143  -2.4623198561204394 -0.84187385212864407  0.29417718076814059 0.44334930222748081 0.72497463110704696 0.29232970136321645 -0.43863028414200961
1403715583.2121432 -2.4921912275001623 -0.8173608291839829 0.28267027905193948 0.44168004958545704 0.71632546291185817 0.29841387141625175 -0.45027294647654015
1403715583.2621431  -2.5239678385105342 -0.78979373936507602  0.27243552547926941 0.43971553257738794 0.7055798562973199 0.3040007583577935 -0.46517830529327553
1403715583.3121431  -2.5557184603351675 -0.76068604078091928  0.26201219523528874 0.4378295630312285 0.69482606108690426 0.3088382497964009 -0.47973008456113853
1403715583.362143  -2.5873190827089649 -0.73348957036780893  0.24984063005329249 0.43537074273036314 0.68363555854999492 0.31314584927947442 -0.49500951156466183
1403715583.4121432  -2.6195560691697581 -0.70597448737622359  0.23770265480802161 -0.43299174714821759 -0.67303899788708343 -0.31663742730282207 0.50919288472614632
1403715583.4621429  -2.6515983939200796 -0.68028024262092257  0.22636188088657475 -0.42982723003360873 -0.66422104999416764 -0.31962560909845461 0.5214387970555342
1403715583.5121431   -2.681316017738411 -0.65598740511135156     0.21417006983643 -0.42584413454765285 -0.65621178647553235 -0.32382266693091988 0.53214823568597647
1403715583.5621431  -2.7078903454534067 -0.63386916049500097   0.2039162445058825 -0.42139163761716913 -0.64777525345024967 -0.32788340696640239 0.54342320543006795
1403715583.6121433  -2.7326202051027253 -0.61641228514339785  0.19280876570455305 -0.41396552500238382 -0.63645343666419951 -0.33470814776113794 0.55814874620493315
1403715583.662143  -2.7542073089286436 -0.60222979894693918   0.1818609682723962 -0.40457771468141368 -0.62437037113272464 -0.34448364393291875 0.57254653216786366
1403715583.7121432 -2.7714572878534165 -0.5931767245571804 0.17154053945597855 -0.3947927352840836 -0.61242032015586567 -0.35361345470890626 0.58654716116944161
1403715583.7621431 -2.7856214768922007 -0.5916104801735792  0.1603059613619757 -0.38537105354896029 -0.60207817983259193 -0.361979586164207 0.5982990854551149
1403715583.8121431  -2.7953061870569971 -0.59758615035252138  0.14954448576827645 -0.3771314917088906 -0.59319943197996139 -0.36896487256700644 0.60807170191655113
1403715583.862143   -2.800317932373011 -0.61228331425705773  0.14178901340433003 -0.37168714048967216 -0.5865994821373387 -0.37213785537268146 0.61584343282155574
1403715583.9121432  -2.7990967093910344 -0.63700188401215729  0.13712279985125758 -0.37063681625423878 -0.58411622615895631 -0.37121332494442139 0.61938457533139157
1403715583.9621429  -2.7933360191363032 -0.67238127824555816  0.13983289778592628 -0.37283211437601044 -0.5839496290446623 -0.36633905818568813 0.62112377162377064
1403715584.0121431  -2.7805587710257891 -0.71846855134877907  0.14522811739860911 -0.37812768737677438 -0.58610739529564837 -0.35781117195904499 0.62086128759984527
1403715584.0621431  -2.7617081976729789 -0.77200177845490181  0.15551363466442261 -0.38585756705048158 -0.5913311496541056 -0.34757491081259517 0.61695469102054301
1403715584.1121433  -2.7403601188492464 -0.83420879669747849  0.16503822017717021 -0.39600509715097665 -0.59962252318195608 -0.33456850974306773 0.60966934071810841
1403715584.162143  -2.7077922713008582 -0.90378733672063993  0.18483297542050292 -0.40705230012319349 -0.61039556276020002 -0.32144379649797478 0.59866482076371008
1403715584.2121432  -2.6667748080142455 -0.98116153476924439   0.2075237498673129 -0.41907361985562908 -0.62272945005460467 -0.30607870199728382 0.58557763051490219
1403715584.2621431 -2.6221109643068905 -1.0627168622674898 0.23218019341966853 -0.43083197891523928 -0.63849989338976254 -0.29124227660988583 0.56734436491458307
1403715584.3121431 -2.5744020636204201 -1.1433792933453257 0.25545171507734626 -0.44050612700571978 -0.65355183210641599 -0.27776365401649811 0.54924649050146057
1403715584.362143 -2.5254738609344978 -1.2229242923782742 0.27523231742857968 -0.44873011999394485 -0.66558080783762386 -0.26566789172374206 0.53391388720981769
1403715584.4121432 -2.4723755646090408 -1.3021159666757363 0.29001217537661078 -0.45386373039947964 -0.67650798217735963 -0.25799903606087021 0.51940462230312068
1403715584.4621429 -2.4196624499328991 -1.3775975969170857 0.30149618283835555 -0.45730017737910528 -0.68508360381962274 -0.25345442168426735 0.50724536437039092
1403715584.5121431 -2.3642729240227518 -1.4541608401976842 0.30877412280425826 0.45910106613376184 0.69103512620122587 0.25057372744352097 -0.49890828069491805
1403715584.5621431 -2.3063771269147404  -1.530825915644684 0.31432915900621416 0.46072533116516684 0.69585798783824393 0.24852011894294071 -0.49168239796137142
1403715584.6121433 -2.2490761952271408 -1.6004345057382061 0.32121584063079733 0.46091342863820095 0.69980269021106112 0.24869158482916562 -0.48578544822740194
1403715584.662143 -2.1904455432267929 -1.6665166376957492  0.3266786851698999 0.45871152395666032 0.70503422263148474 0.25204565832404063 -0.47852217172015904
1403715584.7121432 -2.1320640036606546 -1.7296834719753098 0.33434149755741754 0.45417532771606511 0.71170422809072764 0.25831723946083424 -0.46954666137575773
1403715584.7621431 -2.0724335305444601 -1.7896385956721597 0.34505703825364459 0.44980891254239402 0.71785707149140454 0.26416280682443954 -0.46105442042978745
1403715584.8121431 -2.0141896341322503 -1.8427248610216402   0.353753410128546 0.44692748649545322 0.72160153250871417 0.26976323137033259 -0.4547250258085298
1403715584.862143 -1.9591001918682374 -1.8953791821815547 0.36411741200454545 0.44519624510428951 0.72434029869245542 0.27405190376900262 -0.44947412503474699
1403715584.9121432 -1.9053052472187995 -1.9438229710351138 0.37361473092591446 0.44379655745976254 0.72834014153482851 0.27735141825334625 -0.44231374001804097
1403715584.9621429 -1.8548712163504006 -1.9931034623235642 0.38208358516221552 0.44103052111343699 0.73404777033660795 0.28207741009629966 -0.43254859267327278
1403715585.0121431 -1.8056464135685637 -2.0358148959003732 0.38850070447731067 0.44149079081079029 0.73959787097193275 0.28243574230072849 -0.42226877975299559
1403715585.0621431 -1.7614292964547738 -2.0779899723279565 0.39218704100083113 0.4444269069266073 0.74404848567486281 0.2795329492085924 -0.41320443568691118
1403715585.1121433  -1.720138548692931  -2.116892102586478 0.39712878589519657 0.44888504774293925 0.74715957700759295 0.27494116312965794 -0.40578582678004493
1403715585.162143 -1.6832379608190438 -2.1510921173713515 0.40517430527204212 0.4522442582458634 0.75003074718905194 0.2713916520743388 -0.39909344812843311
1403715585.2121432 -1.6514750074510169 -2.1797381756446761 0.40746536843627962 0.4552150739286473 0.7506566189838606 0.26806758101324474 -0.39677909326672273
1403715585.2621431 -1.6219974002837632 -2.2053058045735234  0.4139307623713353 0.45444390482610963 0.75010172800516772 0.26923888056040074 -0.39791778070933376
1403715585.3121431 -1.5995537570572034 -2.2234480374697778 0.42269532833298334 0.45257600606704612 0.74689575962446386 0.27178515735633013 -0.40429507940140841
1403715585.362143 -1.5803801173726295 -2.2385334805986696 0.43066467752067217 0.44803078536503477 0.74397018761814626 0.27723694042099906 -0.41099446975186177
1403715585.4121432  -1.562507776130561 -2.2503083262075334 0.44035413904522752 0.44397105372991835 0.74059877280388875 0.28210869783936288 -0.41811223825032795
1403715585.4621429 -1.5492781879708248 -2.2575704684368025  0.4505710746468376 0.44020185955944885 0.73808322949694527 0.28576558570876404 -0.42402063534725526
1403715585.5121431 -1.5392540738111742 -2.2628610455152747 0.46121100639408324 0.43544755527315421 0.73526601320723217 0.29078114480874007 -0.43036686937157936
1403715585.5621431 -1.5314048730644414 -2.2687828986689214 0.47172032282105247 0.4299647291052261 0.73213463032333526 0.29620886245642608 -0.43745802611113793
1403715585.6121433 -1.5235752974074632 -2.2756482492373911 0.48118052882018458 0.425935663438606 0.72991003308342695 0.29997712579410724 -0.44251991843935301
1403715585.662143 -1.5199258537045561 -2.2777481357156248 0.48912809347020525 0.42278049151416663 0.72818846814412175 0.30265122340588479 -0.44654277267455378
1403715585.7121432 -1.5198095468200437 -2.2779437132236815 0.49484938389463079 0.42136417971271495 0.72813427419265209 0.3033639593048969 -0.44748521204150166
1403715585.7621431 -1.5215105692279953 -2.2777987365517713 0.49776087103489691 0.42084049297718917 0.72806420675375683 0.303101434938223 -0.44826923879865938
1403715585.8121431 -1.5255301155725958 -2.2765126198512227 0.49511803638369634 0.42259501502427327 0.72704642425612165 0.30007508006369371 -0.45030200596687314
1403715585.862143 -1.5320108900042064 -2.2740805082728999 0.48516323495708691 0.42547402160624403 0.72599733523555754 0.29555963225492055 -0.45226566302386356
1403715585.9121432 -1.5338486790754837 -2.2766191737565111 0.46941430072000701 0.43106262788240723 0.72338918525040341 0.28705300340830248 -0.45661107163552667
1403715585.9621429  -1.541517710800876  -2.273036670371904 0.45277457169147844 0.43807316745020974 0.71964602070803563 0.27793853293092929 -0.46146687503160294
1403715586.0121431 -1.5501856142486397 -2.2677492974220974 0.43587418184932092 0.44663441410907595 0.71430360674518811 0.2666907009900843 -0.46814968496163251
1403715586.0621431 -1.5589588306974771 -2.2599307596985385  0.4216220982308756 0.45358250489214685 0.70709477564157319 0.25823279305841296 -0.4770699258027169
1403715586.1121433 -1.5626694995360864 -2.2560812440551721 0.41698082860268726 0.45397005779982119 0.69845606157641993 0.25711616340418253 -0.48985875023796105
1403715586.162143 -1.5685724910004484 -2.2440405856413843 0.41145500139684282 -0.45138547253507105 -0.69095262502810006 -0.26156021033454896 0.50042170368681549
1403715586.2121432 -1.5729520813356084 -2.2302486616418031 0.40895763756028358 -0.44597835289460724 -0.68609269037236442 -0.27014931649835605 0.50734551911147807
1403715586.2621431 -1.5750701436536187  -2.216412964837823 0.40867753631276543 -0.43792743169929532 -0.68415291437774417 -0.28237058094808826 0.51031481394207767
1403715586.3121431 -1.5747191267844027 -2.2042839925864595  0.4085690570203182 -0.42879213259885651 -0.68467904108816358 -0.29513722256322511 0.51014305598879106
1403715586.362143 -1.5742620669451373 -2.1914826049300875 0.40873161612432296 -0.41900714264155636 -0.6852892996209321 -0.30899854741603461 0.50924599942973681
1403715586.4121432 -1.5730457568084004 -2.1816221582506841 0.40991986076318065 -0.4100065386614915 -0.68531005073093709 -0.32089349242717308 0.50918772485192054
1403715586.4621429 -1.5729722408203919 -2.1730015331031858 0.41080833624492874 -0.40291369906354674 -0.68444908279405636 -0.32971619548156161 0.51036970384856273
1403715586.5121431 -1.5732044197207871 -2.1661743298698375 0.40994755384986015 -0.39789900553233437 -0.68355476680336169 -0.33589354793026288 0.51147315338696064
1403715586.5621431 -1.5732377266034967 -2.1626033358092207  0.4100606939004332 -0.39521422344823781 -0.68237116093964312 -0.33867426829593456 0.51329821380587659
1403715586.6121433 -1.5735323535647119 -2.1618679575133908 0.40936147796083933 -0.39403906577977527 -0.68145598086615045 -0.34005757792651087 0.51450151066436112
1403715586.662143 -1.5737003022725795 -2.1639976043636087 0.40871138118009642 -0.39491359846303048 -0.6820470529138235 -0.33939017721578985 0.51348746330361683
1403715586.7121432  -1.574433206780754 -2.1662854329570913 0.40994023209959712 -0.39836522289586657 -0.68297944945870026 -0.33531670743854114 0.5122566998261644
1403715586.7621431 -1.5757496145461516 -2.1748800796470826   0.409005140081875 -0.40407653273369598 -0.68520267268343638 -0.32798306165400593 0.50955526129111306
1403715586.8121431 -1.5764789229332115 -2.1851315288512576 0.40647149790814563 -0.41209097392489707 -0.68841937735869652 -0.31843097306191481 0.50483809828650672
1403715586.862143 -1.5770177449682956 -2.1969368002871028 0.40411565337684296 0.4202219441860266 0.69234344592919939 0.30864041587043722 -0.49881375702231906
1403715586.9121432 -1.5774980332514672  -2.209487672733037 0.40257443364948925 0.42700769013507944 0.69608548196581754 0.30091869140024508 -0.49252144676946152
1403715586.9621429 -1.5792029030778636 -2.2222275591156753 0.40582932676088224 0.43148269305983167 0.69901712236957292 0.29607674935603262 -0.48737696572033601
1403715587.0121431 -1.5826449112114145 -2.2285506654180058 0.41243248890384859 0.43477659615176761 0.70028991835561449 0.29324011477531869 -0.48432796406435963
1403715587.0621431 -1.5835516270543366 -2.2399833009211956 0.41339436094872056 0.4370419046215554 0.70049339432787483 0.29174458139895604 -0.48289592805502463
1403715587.1121433 -1.5845960107642527 -2.2504510672642355 0.41532699284152663 0.43742383805765606 0.69944390607894291 0.29261101124010364 -0.48354669293562991
1403715587.162143 -1.5857123083287241 -2.2603743625093173 0.41894791083231891 0.43399853129595323 0.69791301260690441 0.29770376342493771 -0.48573158319131293
1403715587.2121432 -1.5878687031396022 -2.2617162933690871 0.43669415094589781 0.4291842493055798 0.69541392699913673 0.30385670623603567 -0.48976673259729775
1403715587.2621431 -1.5893787904261909 -2.2709697141400311 0.44360101331038726 0.42466708098997197 0.69369723833517893 0.30850628281349207 -0.49321991577206653
1403715587.3121431 -1.5916970729024889 -2.2804546638732326 0.45126911157375216 0.42096607818199117 0.69234346472533825 0.3110503746460675 -0.49668476149840657
1403715587.362143 -1.5944514186423104 -2.2910359860664102 0.45859514954640102 -0.42022255296926725 -0.6907630800565796 -0.30867747236835402 0.50097663743833709
1403715587.4121432 -1.5972726171309415  -2.302447202792949 0.46583138605622942 -0.42111983123606228 -0.68816865559295026 -0.30416264793497111 0.506524503652379
1403715587.4621429 -1.5995690960017641  -2.315058331857661 0.47281806465816073 -0.42390933865799124 -0.68602692557517053 -0.29818351967505108 0.51064128170235346
1403715587.5121431 -1.6006459101123371 -2.3270987258120126 0.48036477475566491 -0.42871334389053617 -0.68395913940708897 -0.29207761770267854 0.51292828897306597
1403715587.5621431 -1.5998211701988618 -2.3398132901707522 0.48771188147841499 -0.4357610198665432 -0.68048447250055488 -0.28597812767804226 0.51504342218911314
1403715587.6121433 -1.5965535480040107 -2.3538985346664316 0.49550502902424692 -0.44450677814858669 -0.67657407134032632 -0.28038922678817291 0.51579369099579797
1403715587.662143  -1.590572490877646 -2.3681603316941739 0.50595838540180449 -0.45439002170699017 -0.67233622133455784 -0.27660339882123769 0.51476623181326575
1403715587.7121432 -1.5824908894345162 -2.3809547352690004 0.51400344491118799 -0.46478197427199408 -0.6688980555276316 -0.2752097977491082 0.51069822295175038
1403715587.7621431 -1.5713500899262671 -2.3927945275309299 0.52219939572238594 -0.47574984973347423 -0.66406818134844503 -0.27685814735205433 0.50598922641093236
1403715587.8121431  -1.556828187615334  -2.405989853619722 0.52976226156403683 -0.48717699442103235 -0.65742615832949203 -0.28146981748053657 0.50122266937808058
1403715587.862143 -1.5392343926208971 -2.4160033819743441 0.53914790905465271 0.49832863772882796 0.64942161353839301 0.28946529683828809 -0.49611488449233471
1403715587.9121432  -1.519127143330933 -2.4250226809049962 0.54956062574377473 0.50845735632981537 0.64113590026722833 0.30143251003747706 -0.48944286293206096
1403715587.9621429 -1.4961901014763277 -2.4330610067221334 0.56046908698560316 0.51727505488368719 0.63129387282584037 0.31711033055284027 -0.48304823981078593
1403715588.0121431 -1.4696733714490227 -2.4411204565050184 0.57114810531375959 0.52520678087348593 0.62064886213613535 0.33403367742987039 -0.47683784413184721
1403715588.0621431 -1.4375985837026823 -2.4481878728586768  0.5772258666034884 0.53294861047888165 0.60871121878242418 0.35164979632873655 -0.47093402028203835
1403715588.1121433 -1.4061437602164046 -2.4583104247391017 0.58299016513079749 0.54037661232110279 0.59683272545800747 0.36864889206236379 -0.46463083093992708
1403715588.162143 -1.3778894172218041 -2.4678743937058836 0.58524216149562069 0.54820605169238612 0.58396175322099075 0.38527764848634616 -0.4582793135629657
1403715588.2121432 -1.3464374636742436 -2.4794927368375035 0.58428735619124417 0.55621000585147451 0.57076282274596679 0.40055914559191735 -0.4521201172746373
1403715588.2621431 -1.3148540704383733 -2.4930301596883364 0.57711959314086159 0.56548968499910823 0.55720959904088763 0.4132787391574691 -0.44602641475221527
1403715588.3121431 -1.2904262726086158 -2.5032330121892761 0.55825508046456074 0.57667240194640135 0.5430946513045023 0.42425745810083576 -0.43875135305048002
1403715588.362143 -1.2588491045214976  -2.520082515919674 0.54156234741856335 0.5870671016661656 0.52997640019885384 0.4337166750056054 -0.43170253554459742
1403715588.4121432 -1.2271136691781901 -2.5399265567078517 0.52387437478831012 0.59684766995875682 0.51777578454886874 0.4429851183822277 -0.42360982128780994
1403715588.4621429 -1.1938404503862612 -2.5630599349532601 0.50766275682565576 0.60593255759514542 0.50625191584762386 0.45160031692217384 -0.41546586755425341
1403715588.5121431 -1.1618606107202922 -2.5877510894943803 0.48856520282086408 0.61597617583921116 0.49533117668053162 0.45816391544919627 -0.4065786551050643
1403715588.5621431 -1.1283155561372757 -2.6164583561142174 0.47250964319599398 0.62538798994390166 0.48414251125990437 0.46469880098044719 -0.39818452404910798
1403715588.6121433 -1.0959775135730825 -2.6464201189841767 0.45528551904892167 0.63585063782152873 0.47411671734512312 0.46904100529290033 -0.38846858311794707
1403715588.662143 -1.0624411082850276 -2.6791262570812764 0.43796948019763904 0.64736569644132647 0.46507095666651105 0.47088671839710811 -0.37801105641705129
1403715588.7121432 -1.0288233530000681  -2.713647381045031  0.4209734138177571 0.65894241857919023 0.45753227444126515 0.47210550618152414 -0.36547981869687041
1403715588.7621431 -0.99548300112162147  -2.7499834373976486  0.40520266404926242 0.67087942543867096 0.45040079089672003 0.47223536210923117 -0.35221255919721428
1403715588.8121431 -0.95977654067974294  -2.7878282796290881  0.38827895360804948 0.68316824148987365 0.44476394319077212 0.47149121383445475 -0.33639593328983908
1403715588.862143 -0.92610065958213361  -2.8182155206204107  0.36517981965614843 0.69614336706448809 0.44007357732930974 0.46915180193040162 -0.3187730317548188
1403715588.9121432 -0.89096431218911887  -2.8553246163876391  0.34752555199369634 0.70926073549954505 0.43586773606902979 0.46567010191158337 -0.30019973670601136
1403715588.9621429 -0.85495300511430827   -2.890844534345137  0.32957556104075175 0.72201132575906168 0.43087227904288827 0.46181889015788852 -0.28243944009533378
1403715589.0121431 -0.82295309284645213  -2.9194932501962358  0.30812314387290557 0.73404539727213225 0.42518899827974865 0.45831079669965197 -0.26522232959159342
1403715589.0621431 -0.78389742086164915  -2.9453372159577413  0.28494931175277805 0.74493945843020237 0.4176867929046183 0.45527075009588125 -0.25165748630610058
1403715589.1121433 -0.74422431295719271  -2.9722552304545125  0.27062220787870711 0.75331923260944966 0.40946138472502869 0.45516186926171082 -0.24016490370151358
1403715589.162143 -0.70530226052174105  -2.9947720445617314  0.26129469802585709 0.76093885666355199 0.40096535055448507 0.4549857636697045 -0.23062263317415496
1403715589.2121432 -0.6662095544322777 -3.0076545859106467 0.25095483724304996 0.76687896507113529 0.3923758610127952 0.45643175821557058 -0.22272828001431502
1403715589.2621431 -0.6243967887566807 -3.0215912794204551 0.24900445462989276 0.77235600744630151 0.38406887677681073 0.45804933455482372 -0.214821094790272
1403715589.3121431 -0.58136754484263664  -3.0316244760152609  0.25113989301526896 0.77868998975630876 0.37594723965459476 0.45754524052808893 -0.20726293860578121
1403715589.362143 -0.53529923363921805  -3.0379127155142918  0.25234551288523271 0.78563566515669392 0.36832391992700536 0.45580757452563858 -0.19837728359985837
1403715589.4121432 -0.48781788828161027  -3.0428364424822054  0.25766134396931811 0.79240409569421877 0.35966097824134213 0.4539786517948608 -0.1914239106591154
1403715589.4621429 -0.43704191218747435   -3.038950329108812  0.25432476327140863 0.79922720578952344 0.35014173393891362 0.45215476225535672 -0.1849127108933396
1403715589.5121431 -0.38686396444755661  -3.0257481076828818  0.26027641700829923 0.80525057910859044 0.34235347881963907 0.45040329442719795 -0.17748935955289699
1403715589.5621431 -0.3313260067734573 -3.0074898873435369 0.26677406052559521 0.80978013863642928 0.33650867077670404 0.44936470624201469 -0.17055615599001137
1403715589.6121433 -0.27234317438395245  -2.9857363682372431  0.27649086456353617 0.81360385671829316 0.33175686663951903 0.44809044320359304 -0.16492756131179176
1403715589.662143 -0.20972101941387522  -2.9501923611264758  0.28947020606723139 0.81568999863397684 0.32719033417227322 0.44865317539008087 -0.16219321676672033
1403715589.7121432 -0.14467089474950917  -2.9220833874052037  0.30680661305039492 0.81479270410575455 0.32366149897530072 0.45332213900463753 -0.16079527886525138
1403715589.7621431 -0.074660456280136955    -2.884554602829513    0.3264615838829969 0.80965343853129812 0.3198381559139935 0.46450091065268367 -0.16249236135526265
1403715589.8121431 -0.0020946311613767939    -2.8455699972431217    0.35473271535310441 0.79947178157639254 0.31611886377864379 0.48274747011748265 -0.16693895447599508
1403715589.862143 0.07520395520264575 -2.7992735632651593 0.38498013948725568 0.78753199564989318 0.31204889475014397 0.50202262018051225 -0.17433339307201998
1403715589.9121432 0.14938957831335928 -2.7535484513708055 0.41628043433217254 0.77806660265303484 0.30730282696696165 0.51681725990410154 -0.18187153223991495
1403715589.9621429 0.22291639832030208 -2.7060030410272273 0.44659187311202375 0.76992444113461589 0.30344933458240231 0.52870843584910787 -0.18868557482498913
1403715590.0121431 0.29736752734536137 -2.6572037980582652 0.47642320558323004 0.76368727355526389 0.30122161666141134 0.53668187608582096 -0.19498679377490377
1403715590.0621431   0.370043399884178 -2.6084840897135302 0.50225010333453957 0.75927070840949984 0.30052538064386819 0.54212015085725196 -0.19823780914524058
1403715590.1121433 0.44209295362616463 -2.5592467163123951 0.52353825251074004 0.75663651084635786 0.30132293667748367 0.54505182354815163 -0.19905825261249843
1403715590.162143 0.51134839675044585 -2.5105420024233602  0.5467589621179334 0.7555732058973188 0.30340818881033904 0.5455890889887095 -0.19845691590203601
1403715590.2121432  0.5793249212128031 -2.4612520043384971 0.56818903049585823 0.75638606661796992 0.30744985603393787 0.54261771732211828 -0.19728334217323276
1403715590.2621431 0.64079427297566627 -2.4151353603294621 0.59289524412474481 0.75600267391853249 0.31281772971638921 0.54076578364817451 -0.19539035861190565
1403715590.3121431 0.70448105256104598 -2.3655438051274635 0.61587320432986048 0.75413937663372432 0.32138937880714502 0.53890009513224102 -0.19382815911759779
1403715590.362143 0.76729719610664693 -2.3156736007339216 0.63651291185186742 0.7503976784408084 0.33258881641475152 0.53817294196198318 -0.19146249744131075
1403715590.4121432 0.82658081551034301 -2.2645994263590596 0.65954872903857431 0.74583308387452929 0.34532150674587903 0.53709454549437718 -0.18977754655689325
1403715590.4621429 0.88432105575498143 -2.2093947396779425 0.68033973650401225 0.73941443046533561 0.35907203418614919 0.53669483471174018 -0.19050519331184201
1403715590.5121431 0.93943192840628009 -2.1517294611704152 0.70031323101118992 0.73312536409813656 0.37356075677737743 0.53471770368094895 -0.1925007503415522
1403715590.5621431 0.99172068095345745 -2.0913009020798339 0.72656534414555685 0.72527271074298327 0.38991010925000574 0.53269112218298997 -0.19542203075293341
1403715590.6121433  1.0413683876518687 -2.0282919274209372 0.74603188356356431 0.71906817438330728 0.40555905454267194 0.52778199298012518 -0.1997723247935983
1403715590.662143  1.0891579448353927 -1.9645998583390962 0.76523972143444319 0.71502043345960131 0.41848600104711231 0.51939695751696202 -0.20938492587806609
1403715590.7121432  1.1329636617103622 -1.8980497485926027 0.78218145008650863 0.71264118365771434 0.42915288158479087 0.50800483152628684 -0.22338629932999784
1403715590.7621431  1.1699066679713355  -1.827201155109393 0.80559401378482831 0.70842516560109381 0.43894004699980604 0.4980539181787364 -0.23959907026046534
1403715590.8121431  1.2046307127428888 -1.7560686514868038  0.8307044222603599 0.70172610248053746 0.44833131340582438 0.4902753751746261 -0.25731219756292623
1403715590.862143  1.2380003218202289 -1.6824075017821389 0.85329142362234645 0.6928674874539692 0.45824646692989995 0.48459669852554399 -0.27406360603631974
1403715590.9121432  1.2724602598552306 -1.6091726370857162 0.87211342839654027 0.6822873734553806 0.46903460511702 0.47983791613160465 -0.29025170708982662
1403715590.9621429  1.3086811375246219 -1.5371322278127761 0.89023106457267642 0.67171938043003343 0.481742677795717 0.47398401610792773 -0.30340767758760456
1403715591.0121431  1.3392927147082334 -1.4640470319932117 0.90969632270440759 0.66115010967513421 0.49607031869390461 0.4668672287318883 -0.31437201230976769
1403715591.0621431  1.3649218656300515 -1.3900092284141752 0.92932426751116592 0.65028011896854188 0.5117008496272708 0.4581878701001762 -0.32459495229909613
1403715591.1121433  1.3920084578151528 -1.3157521874699525 0.94683073967769626 0.63854532493232763 0.52771458846848884 0.44975083434247171 -0.33391820575232567
1403715591.162143  1.4170397801449404  -1.241541992806892 0.96534018761972429 0.6248244036998023 0.54568106945754524 0.4422782650640682 -0.3409055165713426
1403715591.2121432  1.4413950505494162 -1.1664311811625667 0.98138223081709675 0.61032455710492561 0.5639870179502442 0.43468469793721037 -0.34709046653214709
1403715591.2621431   1.462863376103541 -1.0916227138272356 0.99627855338376958 0.59396946407513074 0.58271528364722613 0.42850656422152877 -0.35217225667178204
1403715591.3121431  1.4821894485790776 -1.0153364378857728  1.0081279659639222 0.57681667075370191 0.60089392176228817 0.42240967401162233 -0.35746201257077326
1403715591.362143   1.4994789372018205 -0.93885066868791101   1.0222884194840109 0.56077237423290738 0.61675574101719277 0.41486205896850875 -0.36474124012501113
1403715591.4121432   1.5125697879340387 -0.86106556620643127   1.0344627283234182 0.54444216242971399 0.63207077928706057 0.40731774004768628 -0.37170084797152481
1403715591.4621429   1.5200499629287294 -0.78423258124749751   1.0456260297122701 0.52859648226710132 0.64577499614002831 0.39907279097418502 -0.37987013675632242
1403715591.5121431   1.5264052762361815 -0.70688921005225125   1.0555934680589338 0.51430203050265566 0.65905869236611014 0.38860353997393687 -0.38745625579830739
1403715591.5621431   1.5316257811386298 -0.62871985446499634   1.0637608033386403 0.50021011719142261 0.67129605432524375 0.37725779608676818 -0.39601515299096463
1403715591.6121433    1.534139293066789 -0.55032020499567991   1.0693912315061012 0.48742374504991182 0.68235084619742503 0.36413805565429502 -0.40523930199264507
1403715591.662143   1.5320636046912857 -0.47240861817850877   1.0709039064571741 0.47415980313339273 0.69181706780799679 0.35252730581777819 -0.41507363736439162
1403715591.7121432   1.5299339427309913 -0.39241083006765859   1.0709738701375402 0.45845879347447799 0.70110327943341733 0.34468716025228702 -0.42362777034897947
1403715591.7621431   1.5287695233175418 -0.31232711934115165   1.0705684947104803 0.44302391851530298 0.70969493301755771 0.3372075959662228 -0.43168732538172955
1403715591.8121431   1.5168987355133521 -0.23995232811621722   1.0656042421117506 0.42779599496874371 0.71814617342806286 0.32997861188082228 -0.43860093020938623
1403715591.862143   1.5060337318650281 -0.16183746487591544    1.054990706984815 0.41363738911377868 0.72600831492503892 0.32248783651388468 -0.44476694154066354
1403715591.9121432    1.4904883772262143 -0.086843338485762339    1.0457560341832992 0.3986408399366656 0.73395711098660443 0.31580931503492465 -0.45017431790802875
1403715591.9621429     1.4659092780490237 -0.0088268105641179199     1.0302584902310818 0.38204365351677033 0.74222747682133239 0.31091426534845501 -0.45439337479966313
1403715592.0121431   1.4440435324157919 0.065895048181913204   1.0109974564511821 0.36412775336570063 0.75115697345528276 0.30723851794451845 -0.45692304992154098
1403715592.0621431  1.4156299476530212 0.13713408781451919 0.99413543237785518 0.34646782199295839 0.75939085625971148 0.30280499007540229 -0.45999425402719279
1403715592.1121433  1.3914385662244091 0.21079783933605406 0.97496013112352498 0.32832096577514519 0.76694755736960918 0.29786417379037022 -0.46397599253565519
1403715592.162143   1.358790483903233 0.27309029310037736 0.95651118452305994 0.30969947397658759 0.77218218735502175 0.29269977938110936 -0.47132551861796013
1403715592.2121432  1.3220383421879414    0.33880130357117 0.94014008634143909 0.28962034283365057 0.77577460730639469 0.28722909116570866 -0.48144913008920165
1403715592.2621431  1.2811696290807368 0.40094273488524729  0.9269523874477168 0.26984171443306809 0.77981902133221304 0.28056691779355714 -0.49025498239193394
1403715592.3121431  1.2370659063409586 0.46108375811164198  0.9191552931530651 0.24993984757228122 0.78380134163423032 0.27350436234179942 -0.4983782631976752
1403715592.362143  1.1890966046135498 0.51219508761922128 0.91394706008949567 -0.23066224786466327 -0.78833473470579429 -0.26552278436791371 0.50479790455971196
1403715592.4121432  1.1383025293909388 0.55958445264660894 0.90721730097603481 -0.21077517296689616 -0.79330861264405728 -0.25709435359438587 0.51003702308305121
1403715592.4621429  1.0830740500000857 0.60339983070023695  0.9064253854402794 -0.1920249681319969 -0.798464875169005 -0.24816362710310202 0.51380450457181037
1403715592.5121431  1.0267355224270456 0.63990278799746225  0.9028179647552701 -0.17227085339685669 -0.80252178537600594 -0.23991319904711772 0.51838517917645444
1403715592.5621431 0.96688257175106829 0.67108258980701085 0.89917792992916534 -0.15232620639746669 -0.80582423305921846 -0.23178851498467323 0.52318076854972306
1403715592.6121433 0.90456383714570165 0.69946484131652154 0.89888463556273113 -0.13271101423447107 -0.80869438287378259 -0.22352844035407843 0.52767055836205545
1403715592.662143 0.83978024686787989 0.72091776753329317 0.89705618921341357 -0.11216131301899893 -0.8114352330755894 -0.21597918408650629 0.53136211233653574
1403715592.7121432 0.77283153685158312 0.73705384209709313 0.89592905809054879 -0.092100020371582755 -0.81388650890780534 -0.20695282938701498 0.53504846815417406
1403715592.7621431 0.70639813938264251 0.74969909172656568 0.89462811674817433 -0.074133178896820501 -0.81659875410418303 -0.19416251031605655 0.53849017277004729
1403715592.8121431 0.63548049355478065 0.75157401001766377 0.89463703388014582 -0.060735878095392486 -0.81915980542111522 -0.1755407088372414 0.54265442579540557
1403715592.862143 0.56424189359063281 0.75316361682297361 0.88368145725149905 -0.053167107699869667 -0.82209323206639939 -0.15036203444465104 0.54655945243597903
1403715592.9121432 0.49105003635538036 0.74981394162090542 0.88058121493352737 -0.046845582466003677 -0.82471214752895583 -0.12255099038545388 0.55012418586819389
1403715592.9621429 0.41808679992964842 0.73799609125421828 0.87844747390675404 -0.040766102995250145 -0.82668552356332103 -0.09437249170505653 0.55319345873464332
1403715593.0121431 0.34344912922133264 0.72522644133496239 0.87692017358204499 -0.033226410507786831 -0.82719639627286423 -0.067197062122771253 0.5568901888882789
1403715593.0621431 0.26994007403844994 0.70846493703244473 0.87493961717798496 -0.023702022989751922 -0.8267597534404485 -0.041756495744521102 0.56050238113715445
1403715593.1121433 0.19535607483485187 0.69264822024766592  0.8735215595992154 -0.010562172510832073 -0.82590997422333134 -0.019998950571951127 0.56334820223933291
1403715593.162143 0.12053364224363414 0.67717094084645513 0.87176415144852226 0.0052620938326556664 -0.82474964656178984 -0.0018241527829093941 0.56547060341924404
1403715593.2121432 0.047928185110744356  0.65667925054633303  0.86895210956570046 0.022691011892658545 -0.82240679652381155 0.013518564642774285 0.56828639559708682
1403715593.2621431 -0.023327825512261965   0.63801106819145703   0.86863615538473538 0.040862830250076629 -0.82053607023939079 0.026723709491502028 0.56950560128155447
1403715593.3121431 -0.094324719618807604   0.62034051533118773   0.86651412679262052 0.060564198909271984 -0.81894329576883951 0.036047789579067117 0.56952999305761998
1403715593.362143 -0.16832452434961259  0.60296655363230123  0.86606759575827452 0.083174439320785512 -0.81642851303007169 0.040223577484618418 0.57000750834486213
1403715593.4121432  -0.233566981218709 0.58306156710649726 0.86431008620954863 0.10573065561026009 -0.81396497418351466 0.043338078074128719 0.5695646234234496
1403715593.4621429 -0.30344843475323308  0.56290373408814465  0.86337561640692717 0.12846039644586038 -0.81070541502007099 0.0465855668992982 0.56928414834665653
1403715593.5121431 -0.37208377582862368  0.54080168877118928  0.86143520352620129 0.14993809369346528 -0.80757003910606173 0.050812218568793165 0.56812614659239258
1403715593.5621431 -0.4387829959164728 0.51580556680258616 0.85997620708894185 0.16849274929426492 -0.8031611582647562 0.058954278172896259 0.56838960262762384
1403715593.6121433 -0.5056227039054656 0.48864998559776335 0.85964651460657893 0.1871424106327387 -0.79668836589765335 0.067425001007694843 0.57071817478069387
1403715593.662143 -0.56836702375647241  0.45550776409867266  0.86033515553096185 0.20375001990499245 -0.78891030207498503 0.080478295492551241 0.57413387691659923
1403715593.7121432 -0.62972581173973297  0.42326203169194665  0.86107202727867349 0.21902527827118823 -0.77963991241098929 0.092337925218017952 0.5793645156725129
1403715593.7621431 -0.6882125758105373 0.38880487724815616 0.86148099892248442 0.23379222265478958 -0.77137124223250775 0.10501879434973274 0.58249348160828351
1403715593.8121431 -0.7453963983149301 0.35152022346562078 0.86168955819160442 0.24980040542897 -0.76333550127352179 0.11784706717557124 0.5839783717751369
1403715593.862143  -0.799097845723446 0.31412398685413412  0.8608870315438224 0.2675058557123417 -0.75638113873493174 0.12786566276507871 0.58307680661410555
1403715593.9121432 -0.84730226020164412  0.27406472422476258   0.8580628569776505 0.28449478929127198 -0.75046061674798903 0.14065635169049157 0.57973042727242063
1403715593.9621429 -0.89133240180550244  0.23291025462005921  0.85541169295187591 0.30235425250217896 -0.74579108509354586 0.15250470771040367 0.57368970490588767
1403715594.0121431 -0.93505733885700559  0.18917010217598834  0.85143063353994131 0.32092570041767571 -0.74131372969776566 0.16376744239240829 0.56625159936662572
1403715594.0621431 -0.98042506092558201  0.14384601809447156  0.84941483274781993 0.33752580463329618 -0.73788498289456372 0.1764301702942058 0.55720236739921791
1403715594.1121433  -1.0170930737496193 0.098001237262915472   0.8464573674449607 0.35331770932766238 -0.73454026587115584 0.18883809383483291 0.54768363897985139
1403715594.162143  -1.0512608541187505 0.050560440034835605  0.84376068042664087 0.36820609704120516 -0.73023642793624699 0.20119037089768416 0.53916738038817336
1403715594.2121432    -1.0873467437370601 0.00076845774264715401    0.83942037017664273 0.38287562646117529 -0.7249183775046697 0.21289081827552375 0.53157981537294829
1403715594.2621431  -1.1142896561053748 -0.04874435288344206  0.83790920918604417 0.39662282312841551 -0.71917372245010269 0.22399121543442177 0.52469746380092108
1403715594.3121431   -1.1432538086349413 -0.099939096426636634   0.83754762063981059 0.41133481379765136 -0.71211824032249182 0.23416104348346517 0.51851700885581775
1403715594.362143  -1.1654094658407468 -0.15117021122303873  0.83876441590284045 0.42560329864777169 -0.70362577981510332 0.2435467658936038 0.51425437964346943
1403715594.4121432  -1.1851287911363633 -0.20379083217522764  0.83907557246729203 0.44086960427570737 -0.69439265980763965 0.25180883891833078 0.50994620762748588
1403715594.4621429  -1.2013040110518489 -0.25749692980255423  0.84019510365660532 0.4569106259997941 -0.68436861803687399 0.25963417638952085 0.50543285305301511
1403715594.5121431  -1.2149883529814196 -0.31158779250376067  0.84157146308988851 0.47402882349423736 -0.67279542712705376 0.26625981915499547 0.50174564914620201
1403715594.5621431  -1.2266416572281573 -0.36785736726821366  0.84278863383692804 -0.49120801365701994 0.6609961149609479 -0.27331432621425344 -0.4970896321708056
1403715594.6121433  -1.2385449665585515 -0.42586908627243414  0.84245452904545071 -0.50791799880857202 0.64958457399272251 -0.28083563512034554 -0.49111152884405057
1403715594.662143  -1.2461776788080403 -0.48583445773521944  0.84107315660101656 -0.52537232546628154 0.63902212697263683 -0.28807144358070602 -0.4823375211061719
1403715594.7121432    -1.24764609758239 -0.54570750696464543  0.84022355459874298 -0.54202701988397806 0.63148171936585118 -0.29561404018224119 -0.46909475276278056
1403715594.7621431  -1.2465706653905326 -0.60822188332940297  0.83654517740166368 -0.55637055167505745 0.62708454204697728 -0.30608139707324911 -0.45114406204694008
1403715594.8121431  -1.2418476898539199 -0.67179116924072846  0.83419587692295039 -0.56921180273327976 0.62216210045062947 -0.31790575349559863 -0.43341455476989493
1403715594.862143  -1.2348198245038953 -0.73527661508187958  0.83161930854944499 -0.58058091266115675 0.61648733121032095 -0.33055498009591738 -0.41665642854095292
1403715594.9121432   -1.230020362476534 -0.80479583358383899  0.82884790638713302 -0.59300872367643653 0.60903035528968663 -0.34172873229618816 -0.40080438308806221
1403715594.9621429  -1.2176734171548083 -0.87123901150031469  0.83084977730734577 0.6052689124554349 -0.60009168763100695 0.35238243788326373 0.38647914241603359
1403715595.0121431  -1.2078341920456588 -0.94427336446139043  0.82931123365838366 0.61734592173023972 -0.58954879648376568 0.36169539790940408 0.374823516629816
1403715595.0621431 -1.1960812576057334 -1.0184461895293542 0.82781490427022353 0.62965708084502969 -0.57796571401046215 0.37018503973339545 0.3639376736855871
1403715595.1121433 -1.1816817442705836 -1.0940033760961658 0.82590306048323314 0.64015506522814702 -0.56612200614017871 0.38065001017201572 0.35328874363983181
1403715595.162143 -1.1672250143324259 -1.1734734902242083 0.82449007481323433 0.64801738170637579 -0.55436462592790858 0.39431127866665161 0.34244992340850899
1403715595.2121432 -1.1521820730294394 -1.2551524025784604 0.82365093720088989 0.6567401159705164 -0.54076055097994269 0.40647652614175794 0.33323757332364268
1403715595.2621431 -1.1342355189971667 -1.3379277485965781 0.82281701770016213 0.66546964409891352 -0.52607558071721283 0.41889724870277961 0.32391315376988672
1403715595.3121431 -1.1175255448590935 -1.4224749397977245 0.82157632251378165 0.67331374710966896 -0.51052167550075933 0.43160747492941742 0.31580247684602897
1403715595.362143 -1.1003345160953795 -1.5075566091041201 0.82021734140088076 0.68100446610165477 -0.49370403618117409 0.44397117798653102 0.30883464009931005
1403715595.4121432 -1.0830234664055893 -1.5946460997164329 0.81639411426083697 0.68828543115653262 -0.47790943378628847 0.45612290271051592 0.29969590584235301
1403715595.4621429 -1.0632655670739817  -1.677484372049123 0.81445299991905584 0.69464278315785577 -0.46029969167716955 0.46921431401823421 0.29229013867903375
1403715595.5121431 -1.0390831784231516 -1.7609582627149356 0.81513801806474229 0.70268578444839414 -0.43956294658188461 0.48093497172896921 0.2858647535014624
1403715595.5621431  -1.022382127592911 -1.8483470014216581 0.81250757107293559 0.71043003568833529 -0.41859041795391305 0.49074889025364898 0.28149023624959202
1403715595.6121433 -1.0048179238934891 -1.9339858346152801 0.80975309625982783 0.71844197335364657 -0.39314199020727314 0.4992870004534693 0.2828303336591747
1403715595.662143 -0.98764506292092225  -2.0180132275758873  0.81048751133278063 0.72517078762456189 -0.36581821444547202 0.50835302508922486 0.28614954942919824
1403715595.7121432 -0.96937632060880574  -2.0983703196993622  0.80695608461284363 0.7309580223789528 -0.33626492970305227 0.51687568622143243 0.29234532930213736
1403715595.7621431 -0.94941958095631529  -2.1775175041642649   0.8062581269528728 0.73496361901099905 -0.30697395096385066 0.52637566713107187 0.29753004757875745
1403715595.8121431 -0.92836994774661885  -2.2515533977731788   0.8066586953982402 0.73813733414738336 -0.27766432369701027 0.53477297982801952 0.30343641727639897
1403715595.862143 -0.90568554475144303  -2.3199071421134354  0.80952150758824382 0.73835286862162586 -0.25254432717501679 0.54566242788900654 0.30546508638502223
1403715595.9121432 -0.88327527008106987  -2.3821192613907343  0.81146378114306417 0.73634548620892215 -0.22816463201141327 0.55733036424514015 0.30841383031443664
1403715595.9621429 -0.86022268036655514  -2.4371668527374402   0.8141679004836746 0.73091026352484989 -0.20745304450924237 0.57253704436250141 0.30811483870552536
1403715596.0121431 -0.83603696835292907  -2.4817046798281961  0.81396729205872442 0.72271646059942862 -0.19110430465269862 0.59040887646371221 0.30426537909315321
1403715596.0621431 -0.81469975326016719  -2.5149189602455793  0.82063763071777363 0.71262635321548584 -0.17865090802034597 0.61025084983994304 0.29638055610301278
1403715596.1121433  -0.797228150530359 -2.5402905493193293 0.82919431254773268 0.70373424151403796 -0.17076639194676665 0.62747713917073067 0.28612828682299218
1403715596.162143 -0.7873513100045022 -2.5524499916704575 0.84118942488889714 0.70045226423133444 -0.1651543792054041 0.63613514237090818 0.27824941545889897
1403715596.2121432 -0.77738570532842632  -2.5614860104786241  0.85368207347224401 0.70428537967275506 -0.16301104245742892 0.63625258296132947 0.2694293129768589
1403715596.2621431 -0.77167954003575023  -2.5589677533098691   0.8671647269943844 0.71658989158782394 -0.16403465700844869 0.62607271421795951 0.26004714012276442
1403715596.3121431 -0.77104079614709731   -2.535852176806995  0.88453371165018724 0.73611337601115678 -0.16813931335686877 0.60737254615869085 0.24691062985227474
1403715596.362143 -0.77024559782778446  -2.5157720666742125  0.89848063200008788 0.757145278418486 -0.17300353060814613 0.58540639137870443 0.232594416740112
1403715596.4121432 -0.77019132321885053  -2.4970289886333537  0.91192840147156107 0.77692417010883263 -0.17927777949497109 0.56400801268136969 0.21480985385048421
1403715596.4621429 -0.76620482609660501  -2.4718952546658941  0.92594916630517721 0.79421364299332453 -0.18388282629342462 0.54469190896547204 0.19678038465549402
1403715596.5121431 -0.76536869669647545  -2.4416754722505924  0.94208049255075099 0.8093311763755644 -0.18715612923044062 0.52695491056001431 0.17965008342528282
1403715596.5621431 -0.75896595517493282  -2.4095549142637291  0.95678944024545098 0.82179239462834797 -0.1877894158359055 0.51249058485428145 0.16354141942251704
1403715596.6121433 -0.74979498327699923  -2.3778835186077458  0.97289084246050306 0.83299823118530303 -0.18703923092995478 0.49898977038073072 0.14879342052212316
1403715596.662143 -0.73731281328918485  -2.3444102924121557  0.99034859232960648 0.84288472288519323 -0.18438098653890544 0.48713660341607185 0.13508118056170496
1403715596.7121432 -0.72046561780182783  -2.3149218188592409   1.0065447170869184 0.85066457209232116 -0.17978704115048694 0.4783558776150803 0.12337771262447556
1403715596.7621431 -0.70061515671081531  -2.2834959227685023   1.0231380568224953 0.85726167474419213 -0.17338394766347598 0.47135221339451777 0.11343508555778076
1403715596.8121431 -0.67336979241676065  -2.2542778343839052   1.0353383149586695 0.86342531550315593 -0.16782525119843653 0.46456256014990965 0.10253310351012941
1403715596.862143 -0.64387541457565622  -2.2258437272004667   1.0512474930413001 0.8691076371234141 -0.16329212421154948 0.45778299460294247 0.091773237474758435
1403715596.9121432 -0.60953361770516623  -2.1987076999735851   1.0652683125671158 0.87431224393120177 -0.15824559978552949 0.45132041602087236 0.082742445837982542
1403715596.9621429 -0.56760275793119697  -2.1752639681319152    1.079237298404278 0.87907878535242723 -0.15364520615463872 0.44483502363412714 0.075732697808973862
1403715597.0121431 -0.51934954325477611  -2.1542640132352378   1.0928255220185077 0.88222061626227122 -0.14877182911065709 0.44105748505222719 0.070866225977487748
1403715597.0621431 -0.46010903823511429  -2.1408979167809528   1.1073829727274944 0.88379449274871802 -0.14447590605083699 0.43988157786628646 0.067366197842033695
1403715597.1121433 -0.40120298017744788  -2.1222724796490056   1.1185111832339647 0.88231881481060104 -0.14163563302987003 0.44409746379770815 0.0650407498103132
1403715597.162143 -0.33006879017928908  -2.1111456958818171   1.1326011062363766 0.87797090297230918 -0.13832046979884158 0.4540305687047268 0.062376148087856055
1403715597.2121432 -0.25516794488077515  -2.1010066597837067   1.1470643129471985 0.87072933168707567 -0.13593014666999589 0.46898955379930324 0.05832859155836545
1403715597.2621431 -0.17582940444273154  -2.0926091038630057   1.1626433476585503 0.86217030069208833 -0.13269785392386402 0.4859063512303724 0.054301657456294547
1403715597.3121431 -0.09059065900040851  -2.0886151577489449   1.1769448047785609 0.85246434496203871 -0.12905686340733874 0.50426117591761987 0.048677849563029611
1403715597.362143 -0.0056791804116802956    -2.0835055145711365     1.1909320394798499 0.84368682895533575 -0.12427627695038684 0.52047270135060897 0.043082580974691517
1403715597.4121432 0.08355306687577839 -2.0815355858627016  1.2010408042082759 0.83433077852114268 -0.11845841520669524 0.53719250799081852 0.035832460668461394
1403715597.4621429 0.1731398506720222 -2.081726579626531  1.214398959812661 0.8242913196685967 -0.10893749159246473 0.55464765423216777 0.032286574598411485
1403715597.5121431 0.26088056086390882 -2.0816555845452349  1.2264018245027022 0.81620663216593914 -0.097723254923445899 0.56872336617099295 0.02847159684031212
1403715597.5621431 0.34800690643759685 -2.0827798794786321  1.2380468827770488 0.81066335804992284 -0.085152005228522537 0.57877984702708141 0.024247568869739625
1403715597.6121433 0.43265878333866087 -2.0849683566175976  1.2476395868095287 0.80774317230939396 -0.072254427599223486 0.58478163938474126 0.018992090942279046
1403715597.662143 0.51657598125155202  -2.087504855315641  1.2555312641406087 0.80643786115083982 -0.059002998724176428 0.58822432328303753 0.01299106393742611
1403715597.7121432 0.59995657061958152 -2.0933507142583334  1.2596669343055651 0.80790127506648979 -0.046095732229597917 0.58746886652606023 0.0071445138913199778
1403715597.7621431 0.68083611245848707 -2.0978218420804486  1.2671434143115157 0.80919656516309768 -0.034094072555110808 0.58654657348724615 0.0012768223142499825
1403715597.8121431 0.76070793286692628 -2.1027577284718504  1.2730608804884633 0.81050149443929365 -0.024775358683586279 0.58518971606649772 -0.0051483321360485416
1403715597.862143  0.8388112143060048 -2.1087990404563182  1.2788661005527835 0.81028336637644494 -0.015910467496214473 0.58574681354356983 -0.009401788194935843
1403715597.9121432 0.91647470141187992  -2.114452462840628  1.2904814935025637 0.80788793384455704 -0.0083791478590826834 0.58913658622019804 -0.012843636803474574
1403715597.9621429 0.99494990517718795 -2.1228855948045053  1.2938789678312084 0.80387986188084459 -0.0025268136970362041 0.59458585455398372 -0.015441646262096587
1403715598.0121431   1.068465209730604 -2.1328183499136766  1.3013037324385153 0.80098418912469915 0.0018519093977446232 0.59842942963402135 -0.017410254212118541
1403715598.0621431  1.1395920895183851 -2.1420539842873674  1.3071702674744663 0.79886284403321961 0.0060728283591662937 0.60122432366890421 -0.017623558316773966
1403715598.1121433  1.2081792005417376 -2.1518902679222784  1.3108756480662227 0.79739651448781823 0.010642462719201226 0.60316482317844922 -0.015418584567308843
1403715598.162143   1.275043975000028 -2.1602398352831922  1.3142692447550228 0.79469697250571836 0.013971356699892825 0.60668715128029016 -0.013864470910081307
1403715598.2121432  1.3405470566703868 -2.1686331893640407  1.3153799065361971 0.79040949415979422 0.015325392659520045 0.61222870860010992 -0.013927391993178781
1403715598.2621431  1.4013175677968228 -2.1763955375176032  1.3142471630277408 0.78440291665681716 0.015454123741914355 0.61990148688941282 -0.013977873656000728
1403715598.3121431  1.4619287908802883 -2.1839124300197166  1.3093672473827307 0.77772913247428233 0.015030271388980282 0.62826620355461082 -0.013894780093631249
1403715598.362143  1.5194201731740451 -2.1918983396264147  1.3008547343444272 0.76978872858132696 0.013747180811230745 0.63797543759405129 -0.014955580749893926
1403715598.4121432 1.5721397995564499 -2.199263499723576 1.2870811132184066 0.75911178202997054 0.011135302730437514 0.65064632305164827 -0.016872158005250926
1403715598.4621429  1.6196466814568848 -2.2065150276957399  1.2797393947814477 0.74960003573175837 0.0084377584414127953 0.6615612624761078 -0.019112473791990672
1403715598.5121431  1.6591370928924321 -2.2148713978292864  1.2720151842813774 0.7412654078268871 0.0051673289471537692 0.67082728188219487 -0.022128076132758658
1403715598.5621431  1.6923427240244773 -2.2249617451701944  1.2669975879456694 0.73599859307785143 0.0021679367292252978 0.67655241719080561 -0.024045744551578908
1403715598.6121433  1.7178570381234042 -2.2357697133037497  1.2594542182164963 0.73403678533477379 0.00069779354503653863 0.67867980535596828 -0.024150210383036722
1403715598.662143  1.7399999486927491 -2.2456552227967315  1.2506476658803221 0.73887294365635059 0.00017398020044192338 0.67348417255745352 -0.022041147386007161
1403715598.7121432  1.7529461366472343 -2.2567988235297007  1.2408309204808543 0.74741820231052647 0.00028247055673882008 0.66409072160387206 -0.018693970817728538
1403715598.7621431  1.7591658658105636 -2.2681928531172013  1.2293179457559382 0.75870128866946274 0.00071203894068618836 0.65124958865080429 -0.01567867513540629
1403715598.8121431  1.7563013397058544 -2.2763388218533347   1.218729095052365 0.77043825752914685 0.00060591076583815383 0.63739702908296159 -0.012229126044416087
1403715598.862143   1.753976170693188 -2.2872919375984164  1.2057470667295984 0.78010287839186054 0.0011803630210065878 0.6255752240092125 -0.0096821988048356854
1403715598.9121432 1.7463069048005961 -2.298390077294763 1.1923933959004651 0.78821089856394222 0.0023292845758881189 0.61536448455199821 -0.0066861775657743403
1403715598.9621429  1.7388309115248883 -2.3104727013672939  1.1766303608365256 0.79389362046709333 0.0027531414984420322 0.60803628809628651 -0.0041487289173965675
1403715599.0121431  1.7510302456479268 -2.3163191973093022  1.1568237668953281 0.79820975879594358 0.0037044165837589898 0.6023654408999467 -0.0018258888543619355
1403715599.0621431   1.740990364471509 -2.3253079594087129  1.1406527121760273 0.80013884775769362 0.0040367815233915208 0.59980042065798378 -0.00099200928862655719
1403715599.1121433  1.7306223740542999 -2.3337426756865916  1.1237345032597381 0.80061351827379812 0.0050226756669954822 0.59915973345216567 0.00061716766344732069
1403715599.162143  1.7190817156872757 -2.3415239924404156  1.1056617961524404 0.80106993524815617 0.0043916099998458644 0.59855464911251577 -6.8036148838599279e-05
1403715599.2121432  1.7031418966744523 -2.3473086960316474  1.0845097065524381 0.80374288120562742 0.0023917325122583357 0.59496394417720333 -0.0030928394676064765
1403715599.2621431  1.6941145147789352 -2.3539319703314332  1.0637497987391362 0.80678978340894736 -0.00029237938969081336 0.59079978078222339 -0.0067660127780801342
1403715599.3121431  1.6819976451787122 -2.3601225972353084  1.0413844755999899 0.80954510815083847 -0.0039552783429910284 0.58692322488405435 -0.011924836853325262
1403715599.362143 1.6662293866236775 -2.366097748065195 1.0170593767744978 0.81151698111952975 -0.0086349639952637072 0.58398498607509663 -0.018087641922446364
1403715599.4121432  1.6526548598518609 -2.3741103201307951 0.99334448110843265 0.81210594249341261 -0.013990330048552406 0.58278724565985129 -0.02544081618625545
1403715599.4621429  1.6387649621789402 -2.3818279436615484 0.96811817204012318 0.81191880778993242 -0.019362585035021702 0.58251075197572844 -0.033078145208096751
1403715599.5121431  1.6293212101197818 -2.3930210326844592 0.94392945628808711 0.81092254505133954 -0.02394532316595863 0.58335583905501032 -0.039079565841511253
1403715599.5621431  1.6021687017509962 -2.4090338091368744 0.91901947990945498 0.81029383714832037 -0.027747833153097604 0.58373161172526933 -0.043719111466022913
1403715599.6121433  1.5846110108611233 -2.4232515900972063 0.89560279774470353 0.80780660425180473 -0.030674529317936614 0.58670533749303899 -0.047795505389842834
1403715599.662143  1.5656247057172825 -2.4402456146362574  0.8734514609909646 0.80509953475002161 -0.033715642003264656 0.58990928527232156 -0.051817272980206719
1403715599.7121432  1.5453065917090136 -2.4607284134954304 0.85225590564310916 0.80207621741935131 -0.033415188056029145 0.59410546686301757 -0.050949591764034248
1403715599.7621431  1.5261503270528862 -2.4824278089341303 0.83012895431198275 0.79895419759713404 -0.032122622225663554 0.59859932406503802 -0.048157829188477011
1403715599.8121431  1.5040097932853058 -2.5067588944571568 0.80897597739398719 0.79691770192762024 -0.029170191537764185 0.60187105087709036 -0.042690917021749056
1403715599.862143  1.4808077576375231 -2.5325664853950194 0.78751536469649275 0.79642983830815961 -0.02363727208813796 0.60332589877080622 -0.033743916386056748
1403715599.9121432  1.4550922833605457 -2.5614681467786586 0.76869319720145635 0.79907472774964006 -0.018157639333514719 0.60044500514896137 -0.024812807123268305
1403715599.9621429   1.42877672315127 -2.589837844351297 0.7466323634821298 0.80338344906399606 -0.013232893864629853 0.59507975542067693 -0.016733468811708833
1403715600.0121431  1.4005312031052743 -2.6199682914238198 0.72733333002037537 0.80734321336574455 -0.0093304798480336511 0.5899318974277068 -0.0094991776183600222
1403715600.0621431  1.3727370772799294  -2.648770886157513 0.70589014013324314 0.81046231064763508 -0.0027091589659525754 0.58578281471869209 -0.0014133144165486501
1403715600.1121433  1.3440114364106293 -2.6770109139152658 0.68584052911231352 0.8124424623891785 0.0077122335680645734 0.58293620549967196 0.0079465135779427168
1403715600.162143  1.3156395094803461 -2.7038127015573368 0.66563615940422582 0.81361241071701096 0.02155143244672509 0.58073358858543411 0.017857210740540499
1403715600.2121432  1.2871179989916322 -2.7273690131807591 0.64472434529212164 0.81416105311927578 0.037528569708014915 0.57882389433574988 0.026387220114653664
1403715600.2621431  1.2587383178295202 -2.7478874630800965  0.6235804335366808 0.81424992272508456 0.053518683142710702 0.57722022805698103 0.030815940983699681
1403715600.3121431  1.2304633463586421 -2.7645571476493558 0.60261376658894694 0.81424204434941883 0.069025564297869824 0.57559864490250467 0.030521544414400692
1403715600.362143  1.2016764972359266 -2.7775991670125961 0.58067504386251911 0.81369863798818309 0.085565936481696456 0.57428191153049035 0.027807968985024467
1403715600.4121432  1.1737337781414499 -2.7864863081568605 0.56019578491376942 0.81432611666410226 0.099280780907889082 0.57155792293842478 0.018380505634951742
1403715600.4621429 1.1450006997876141 -2.790571914056923 0.5382420013367446 0.81613856282938491 0.11297237583464614 0.56666988655347816 0.0063504515217465193
1403715600.5121431  1.1159817908867493 -2.7900507501445739 0.51692874056133231 0.82036783181811168 0.12303129658330417 0.55830683376498913 -0.01238547336174585
1403715600.5621431  1.0879393668740005 -2.7857177371913577 0.49646686001770018 0.82414625166261879 0.13177364369533132 0.549800282203187 -0.033738885384782077
1403715600.6121433  1.0617148574921698 -2.7773473906579431  0.4775951678393493 0.82672269697534229 0.14241525248404177 0.54164208242167089 -0.053584817958440313
1403715600.662143  1.0402866637941983 -2.7663519932220044 0.46226853985203387 0.82742015442800454 0.15474362787186788 0.53508067448826568 -0.071546973860343727
1403715600.7121432  1.0168749474067951 -2.7536945662553345 0.44897347317692143 0.82567856757280611 0.16889875924376427 0.53113027959550108 -0.087342648652539073
1403715600.7621431 0.99650836291670719 -2.7378036820664851 0.43928878769961716 0.82174338540717251 0.18495051003792792 0.52936181277267369 -0.10152432493889514
1403715600.8121431 0.97757032322880844 -2.7206227756424699   0.433310881138946 0.81777370937298233 0.20066214213148334 0.52707683370502956 -0.11476443850356406
1403715600.862143  0.9578660824888845 -2.7042010471810456 0.42876637232296477 0.81164786316502224 0.21785259602701307 0.52725600507851478 -0.12557506811700217
1403715600.9121432 0.94058486646779627 -2.6837107635446178 0.42829906751353242 0.80645876665078198 0.23295129739054707 0.52598012473870881 -0.13675839687570512
1403715600.9621429 0.92367101650510264 -2.6632573684892709 0.43075164909101171 0.80061557800017691 0.24737711635089646 0.52580435484619492 -0.14611310343064568
1403715601.0121431 0.90904898158418046 -2.6383047770245809 0.43807612148962577 0.7950847318095613 0.25974353838448788 0.5258876448184 -0.15432351907010311
1403715601.0621431 0.89588317641794324 -2.6138538848335946 0.44806041255620799 0.7891323891577513 0.26991190841987567 0.5274277914876403 -0.16198011866210738
1403715601.1121433  0.8862510659888293 -2.5911199880530966 0.45899101060158537 0.78468684055230953 0.27873285497727468 0.52782601168937948 -0.1672550722828306
1403715601.162143 0.8753155402637115 -2.566127614425016 0.4726894122211972 0.78081309917955832 0.28606704697816643 0.5287216821875943 -0.17014679417351775
1403715601.2121432 0.86526799018727629 -2.5382676245912452 0.49255086695678463 0.77718821808379013 0.29182285007564751 0.53048811847563049 -0.17146502267708966
1403715601.2621431 0.85617218706080078 -2.5072729373128717 0.51710557516140265 0.77454033013270218 0.29650192168283152 0.53203340310386238 -0.17062926307651929
1403715601.3121431  0.8454358481874702 -2.4772725564758482 0.54011978924662429 0.77166215134800398 0.30152446015768369 0.53379917895855222 -0.16934863638885062
1403715601.362143 0.83440449240804493 -2.4456660197912585 0.56326710405110403 0.76920718765915308 0.30608895713697204 0.53496046606648773 -0.16866283680237229
1403715601.4121432 0.82236282985532039 -2.4123955070836751  0.5852096463379669 0.76786080592115913 0.3080534258969983 0.53527916313171464 -0.17020307588361
1403715601.4621429 0.81015906559999729 -2.3775633435576502 0.60618903060651641 0.76725367473457673 0.30849169789437286 0.53518909162365602 -0.17241608725284707
1403715601.5121431 0.79751640308828808 -2.3415377175912191 0.62681282375114467 0.76742453145858414 0.30813336712308859 0.53437570266170364 -0.17480281744231435
1403715601.5621431 0.78430022367189733 -2.3037949367640764 0.64554020356287434 0.76706805325743077 0.30699199663296212 0.53465323504189277 -0.17750615182128593
1403715601.6121433 0.77193465022612606 -2.2635421705144316 0.66307242312748216 0.76738020174202726 0.30571512510500326 0.53407546048331334 -0.18008134485819077
1403715601.662143 0.75858038956069584 -2.2231116070739314 0.68031883058791887 0.76821643661885397 0.30391404250339527 0.53309682649988888 -0.18244871842143009
1403715601.7121432  0.7450754972378919 -2.1820106627697431 0.69758252143588073 0.76757521523652017 0.30178351252235058 0.53417432781139262 -0.18550684092919301
1403715601.7621431 0.73336753132998611 -2.1384988304584005 0.71238191738118606 0.76538679536541032 0.29985925303753475 0.53751267991229879 -0.18800957630274601
1403715601.8121431 0.71972501931666821 -2.0950943518641196 0.72884981592220188 0.76407484011129057 0.29875371088968822 0.53954472469996906 -0.1892811374304928
1403715601.862143 0.70531942338374576  -2.052523072350545 0.74553651977198632 0.76245563842751374 0.29581903791158576 0.54307461014345437 -0.19032200097910765
1403715601.9121432 0.69069738864599928 -2.0087820847335629  0.7616043289790797 0.76073607062062287 0.29130661050967588 0.54796396606922848 -0.19014884017458586
1403715601.9621429 0.67575257055962812 -1.9652234505712025 0.77794125005647941 0.75744563892644201 0.28449551694172265 0.55608744137428034 -0.19001358492797979
1403715602.0121431 0.65986247089757255 -1.9213161756126269 0.79320104155857607 0.75154048455646738 0.27602877478548787 0.56816060184591766 -0.19023287327151778
1403715602.0621431 0.64267914500860346 -1.8782913949775324 0.80773362885889266 0.74655664768583396 0.26672763195350424 0.5792639537650458 -0.1896386406222435
1403715602.1121433  0.6230267819187234  -1.837153371966155 0.82048424450090995 0.74278216121240126 0.25641384781007814 0.58911245417716462 -0.18834308049201728
1403715602.162143 0.60122455531286145 -1.7976320945638578 0.83340605124757583 0.74232222857620977 0.24539197273968261 0.59510956250698777 -0.18597068932850153
1403715602.2121432 0.57530923518251764 -1.7608662783705842 0.84372231135335418 0.74500082938637713 0.23440835175991051 0.59726444813461921 -0.18248744568671374
1403715602.2621431 0.54913582875841127 -1.7250551664465517 0.85292058764053535 0.74892426004815926 0.22239210619172115 0.59807306258195836 -0.17878147451222201
1403715602.3121431 0.52095409727507436 -1.6924961235796081 0.86110411918060503 0.75455296854289566 0.21239315230977762 0.5968256003274528 -0.17128388514041631
1403715602.362143 0.48992085990491047 -1.6609702748541479 0.86858697074528179 0.76378993723389499 0.20353870043812339 0.59090099916929462 -0.16134726023373272
1403715602.4121432  0.4596339396899114 -1.6299613304929854 0.87568875707711646 0.77326290827147615 0.19514188643163852 0.58427410676959746 -0.15035919330067349
1403715602.4621429 0.42697886621467446 -1.6006947032957295 0.88232159459192183 0.78291541943354914 0.18542283659792583 0.57702783066072338 -0.14035918325549115
1403715602.5121431 0.39245846814414859 -1.5763644230732066 0.88798529754150957 0.7906834356381035 0.17617146316520277 0.57174942301156562 -0.12994582509530125
1403715602.5621431 0.35621673351305333 -1.5525623658810943 0.89204328245415165 0.79724039541292069 0.16653978198280631 0.56770093749404904 -0.11994956651587872
1403715602.6121433  0.3197893917852595  -1.527476680600514 0.89541333336098461 0.80130860757949995 0.15716606921526913 0.56692523369444781 -0.10862376124458323
1403715602.662143   0.284979876804139 -1.5014734796205493 0.89929262975887314 0.80313392091702962 0.14889700635292075 0.56891120724341182 -0.095632760309533438
1403715602.7121432 0.25003645555866622  -1.475250947334545 0.90035906021956824 0.80498142635350911 0.13877978612156963 0.57058806716707988 -0.084701427357850634
1403715602.7621431 0.21546394577833836  -1.449261240921655 0.89629582123670359 0.80781114987537916 0.12885251270611869 0.57048596762551362 -0.073375314982074599
1403715602.8121431 0.18116521616720829 -1.4219951063212972 0.88680849607891377 0.81083043784298181 0.11851451125029173 0.56968419567792383 -0.062993879744464354
1403715602.862143 0.14202098108208702 -1.3992799825695796 0.87107413701846881 0.81322413960170581 0.1065511406890219 0.569430109446594 -0.055341698949109022
1403715602.9121432  0.1078900510212692 -1.3697528393692149 0.85428632142793515 0.81580202376155608 0.095534959105876824 0.56842410208835614 -0.047267005196376069
1403715602.9621429 0.072936088751527947  -1.3411021205230436  0.83593090701929562 0.81880017179849052 0.084862323838091253 0.56644162999157177 -0.038839985428071135
1403715603.0121431 0.039415359563986806  -1.3115318657017563  0.81470931417534065 0.82021488282261446 0.073938162001965554 0.56640584602429989 -0.031066248334051812
1403715603.0621431 0.0055819636910259965   -1.2814938106522085    0.7923392800081539 0.82045338936175849 0.062829590686964462 0.56776550613915966 -0.023473569337776019
1403715603.1121433 -0.032256635441848119    -1.248319431887942   0.76942156263134465 0.82013984716250188 0.050678355656251638 0.56968500376114517 -0.01616576177946908
1403715603.162143 -0.066057092364882025   -1.2159413685947311   0.74586359976709604 0.82126644304677909 0.039690860668032082 0.56911108604478744 -0.0076574699245310508
1403715603.2121432 -0.09808406629819176  -1.1820076217084063  0.72325814773583985 0.8224724732166081 0.028634679250737108 0.56808306120627572 -0.00084942078504784654
1403715603.2621431 -0.13018573698835098  -1.1486313962748451  0.69929347844772394 0.82536317315450747 0.018120071706433087 0.56427694568607278 0.0062308882892672963
1403715603.3121431 -0.16744231185514508  -1.1097126885931132  0.68033033604083271 0.82770574488872783 0.0091785148430729158 0.56093053320021702 0.013262415586614507
1403715603.362143 -0.19850392399717365  -1.0737206609341505  0.65753667926639114 0.83002498154109017 0.00091888033251021626 0.55742773595948591 0.018221000513946244
1403715603.4121432 -0.2282718400765209 -1.0365251315151478 0.63614993846763679 0.83078785048946147 -0.0072859911489186798 0.55615569236324103 0.020719740926039756
1403715603.4621429 -0.25273900737200272 -0.99265294941303794  0.61796569078823316 0.83041057436801813 -0.015041187272604622 0.5565644396486078 0.020689736147183141
1403715603.5121431 -0.28019532646739786 -0.95274963182798744  0.59873857231128091 0.82981081744357255 -0.023484760269218828 0.55723370128803651 0.018790301688968392
1403715603.5621431 -0.31470679641799471 -0.91275394623916495  0.58477405237024582 0.82921737011444396 -0.031625810864703403 0.55781620728809811 0.015473851309767436
1403715603.6121433 -0.33984930961220139 -0.87422288150820504  0.56840448040248959 0.82879838027887831 -0.039019938007796927 0.5580661140306431 0.011528298040592716
1403715603.662143 -0.36258048945683158 -0.83661888165498721  0.55286998660594533 0.82837754353144744 -0.048188133737294379 0.5580738736007933 0.0047011428320769292
1403715603.7121432 -0.38703822829090123 -0.80074159537039891  0.53783244074581882 0.82663217944269862 -0.055405019835099344 0.56000850271340086 2.3991276814927305e-05
1403715603.7621431 -0.40785647184964985 -0.76617890979330616  0.52410482621577348 0.82444909586295922 -0.06219847668799857 0.56248255331744479 -0.0053305761348527827
1403715603.8121431 -0.42782176409363815 -0.73300883586107479  0.51319694528034354 0.82242688346694126 -0.067527382385086862 0.56475948162113276 -0.010040014845709145
1403715603.862143 -0.44812548168353272 -0.70233110772827645  0.50439320029534851 0.82298154561623194 -0.072349561807328822 0.56324118955216118 -0.015042568705909764
1403715603.9121432 -0.46578924099430402  -0.6758901462188609  0.49641320155145274 0.82827797754162524 -0.075439556946979555 0.55487317149139426 -0.019499454512372852
1403715603.9621429 -0.47659692360505629 -0.65823380847632795  0.49839612001687894 0.83377476274220041 -0.077297097058823525 0.54620330059172606 -0.022511291015196028
1403715604.0121431 -0.48705604609316011 -0.63969260023632768  0.49789195301927691 0.83949042767739823 -0.076346704923637668 0.53753363801197118 -0.022013416157815859
1403715604.0621431 -0.49709957288989631 -0.62452570943581487  0.49918439449977503 0.84273812601764653 -0.071245876635057645 0.53338281169351331 -0.014807167476924048
1403715604.1121433 -0.50759980039697483 -0.60942902587339831  0.49860310370772859 0.84389229778336894 -0.064465851572583874 0.53259742023801782 -0.0054709851704926368
1403715604.162143 -0.51585611041238733 -0.59612254118035735  0.49706106908480491 0.84332123873529552 -0.058472910799880304 0.53421036525910803 0.0030810144898232882
1403715604.2121432 -0.52454808635403938 -0.58278996740128741  0.49679400594203799 0.84129063126019776 -0.053355021517749644 0.53783856606766911 0.010629782826195883
1403715604.2621431 -0.52880265953512939  -0.5713978851408269  0.49422286066795812 0.8388127116180143 -0.049857908482354198 0.54190214819533311 0.015795112252923217
1403715604.3121431 -0.53180873973310605 -0.56078126093075109  0.49017404665476089 0.83704801331378598 -0.047462599827362131 0.54472779035072827 0.019223928960669094
1403715604.362143 -0.53289206001940093 -0.55038936304059671  0.48503537012351705 0.83643343625803135 -0.046120472901750482 0.5457041931601031 0.021422937622597098
1403715604.4121432 -0.53106513356316176 -0.54238963975947185  0.48413605722926639 0.83686627742992159 -0.045807297660519115 0.54503051437162775 0.022321818595829126
1403715604.4621429 -0.52870875267010931 -0.53216921420153473  0.47875378163134735 0.83679704186906378 -0.045220723029337606 0.54513561616285222 0.023515036011786238
1403715604.5121431 -0.52497964298773403 -0.52187368537611467  0.47354984655631593 0.83469795148022385 -0.045341754439179635 0.54833171302084593 0.023575147819677119
1403715604.5621431 -0.51685871590685273 -0.51464878553204529  0.47038044288217562 0.8311362269391086 -0.04487786309785393 0.55372184374336175 0.024303691790449302
1403715604.6121433 -0.51046487622724313 -0.50467498668045152  0.46516257522114668 0.8271662007646392 -0.044646319117552277 0.5596413729387173 0.024582843552240687
1403715604.662143 -0.50232342264068375 -0.49507344774878714  0.46146629815554197 0.82387383699883709 -0.043597450274376087 0.56447502941004191 0.026440578868842754
1403715604.7121432 -0.49494386445670563   -0.485991173577835  0.45813156805841193 0.82180658705991405 -0.043224764367882751 0.56746169962509541 0.027436702951977344
1403715604.7621431   -0.479749271225892 -0.48327544993957566  0.46286967507251031 0.82073819951898719 -0.041886779497194201 0.56903324602393657 0.02890450610452925
1403715604.8121431 -0.47127552662274313  -0.4726535145832772  0.45789447151778423 0.82071484515748694 -0.042069828481041821 0.56905336052699174 0.028905801193459917
1403715604.862143 -0.46269173219496995 -0.46159877502283736  0.45325123947312129 0.82069657863163936 -0.042242017985226428 0.5690806526761889 0.02863474268262254
1403715604.9121432 -0.45382895625432579 -0.45034872187792679   0.4495285975195355 0.8207768894593972 -0.041346928115796718 0.56898288607842562 0.029566951391866707
1403715604.9621429 -0.44519424333421131 -0.43898363417429653   0.4456424568553653 0.82219334085277762 -0.040765400085387045 0.56694945040718059 0.03007678666717277
1403715605.0121431 -0.43641000994640577 -0.42753529477534946  0.44209067485818021 0.8237931583922703 -0.04067388466006789 0.5646553365530208 0.02957732568949465
1403715605.0621431 -0.43052310502672453 -0.43021972241584211   0.4416637843465826 0.82430435432094085 -0.038738066183166261 0.56413848819538803 0.027739138641051091
1403715605.1121433 -0.42054932021267949 -0.41871462298273882  0.44059826556434956 0.82392444533888742 -0.038531596438042978 0.56472665734744865 0.027342767418824496
1403715605.162143 -0.41124857647178331 -0.40703723252087814  0.44030025705480452 0.82280541000636664 -0.037007740889217211 0.56646276548286811 0.027232695423561708
1403715605.2121432 -0.3999516104891514 -0.3951514349975277  0.4402306079412468 0.82180848228040582 -0.036430389860464311 0.56797979941987398 0.026506463316528155
1403715605.2621431  -0.3880971918758076 -0.38303882972313202  0.44082520872334247 0.82095275551642477 -0.036668652696747323 0.56929221406553654 0.024461359809996093
1403715605.3121431 -0.37720342607458318 -0.37049421109351338  0.44334107837714576 0.81994994541758681 -0.03733577171939173 0.57082525417130703 0.021134246144035682
1403715605.362143 -0.36485755832875877 -0.35805705051952669  0.44426665297524309 0.8188978128047959 -0.039188913890644807 0.57235767116740388 0.016652251121676578
1403715605.4121432 -0.35250115130069098 -0.34575219130198526  0.44361740237762942 0.81785322123828286 -0.040386616543382478 0.57386372513655604 0.012862919059744269
1403715605.4621429 -0.34001234130110491 -0.33425036326476715   0.4404455033491943 0.81823216611466298 -0.041002222849414488 0.57333609568851018 0.010033017361156202
1403715605.5121431 -0.32777905058495493 -0.32305072838207743  0.43509675029328787 0.8189195831864271 -0.041993274803538892 0.57233023735711475 0.006736508872689618
1403715605.5621431 -0.31568553984446063 -0.31246401569699134  0.42743525918253161 0.82051268121673937 -0.042783138355835165 0.57001046148635837 0.0040763747437843317
1403715605.6121433 -0.30379901800275244 -0.30239452640391973  0.41764578217269355 0.82143425789772817 -0.043465368913179203 0.56864208325374499 0.0016440225336078636
1403715605.662143 -0.29277398636381996 -0.29318720852738756  0.40593334018840677 0.8215021813465464 -0.042443260767565945 0.56862073077813757 0.0017889068224191339
1403715605.7121432 -0.28051004741669522 -0.28530963503788664  0.39473109045779176 0.82130668146906027 -0.039379930586419407 0.56910272928489536 0.0051613527075353481
1403715605.7621431 -0.26772989994118479  -0.2783141187612464  0.38483764376292817 0.82015238875230023 -0.035885512358818407 0.57093675157780988 0.0096703114954572646
1403715605.8121431 -0.25646015892231988 -0.27284626292169256  0.37447084646815643 0.8198915157439125 -0.033155108894826417 0.57141201540161191 0.01292090631458521
1403715605.862143 -0.24249058904671073 -0.26544566442101558  0.36584518055967497 0.81941440582750213 -0.030861767041748908 0.57217503917512913 0.014943473570826695
1403715605.9121432 -0.22865879121905128 -0.25907436236661902   0.3575608321731491 0.8188747327501178 -0.029185571262582324 0.57299719683243233 0.016327489570500387
1403715605.9621429 -0.21474762627822214 -0.25272219868589674  0.34996384748286075 0.8177715435771995 -0.027718674281195756 0.57460290013382886 0.017688549099646227
1403715606.0121431 -0.20090328405993291  -0.2460684146539088  0.34106444449168338 0.81724103817870308 -0.026732433063440007 0.57538432067027889 0.018312456577589852
1403715606.0621431 -0.18759187419102125 -0.23977777511290599  0.32973331317525451 0.81676531492012083 -0.025727500725229953 0.57609768923051463 0.018546388142453418
1403715606.1121433 -0.17422596312291369 -0.23316785502475831  0.31741802187911472 0.81639029664921503 -0.024210473536021217 0.57668530738972157 0.018835943007736437
1403715606.162143  -0.1600460261081216 -0.22432197305698526  0.30178864401768135 0.81637907123452447 -0.023577960632386652 0.57676206849281242 0.017742834344188368
1403715606.2121432 -0.14729174971858269 -0.21420483445389243  0.28823320014625375 0.81670660226413705 -0.023764713131353157 0.5763104494994582 0.017083033269465156
1403715606.2621431 -0.13663433773263967 -0.20654159912252007  0.27457602559990335 0.81653643407984178 -0.024604949389817707 0.5766345335332308 0.012468481167094628
1403715606.3121431 -0.12420191903009942 -0.19739056177443481  0.26309735958135755 0.81665085370563739 -0.025834737641696453 0.57649090450882789 0.0084962633805722981
1403715606.362143 -0.11173867991325502 -0.18839935589971091  0.25445606592009518 0.81686508219032039 -0.026873138633117587 0.57617893010920407 0.0052069584614781407
1403715606.4121432 -0.098799043607665935  -0.17979659055635486   0.24836786575461337 0.81713322209498684 -0.028111419049929545 0.57575894153651641 0.0021648806929063392
1403715606.4621429 -0.086355081487512905   -0.1718250352302349   0.24524013131783837 0.81648991548156125 -0.028224700932327568 0.5766691407517226 0.00053505033753263598
1403715606.5121431 -0.073981130232177089  -0.16412488596648153   0.24429963253032858 0.81549994315502183 -0.028334090823160511 0.57806134292493161 -0.0014511468588441917
1403715606.5621431 -0.061952476827125777  -0.15682988770173656   0.24377657334674857 0.81521702594668299 -0.028799506811729908 0.57842186073631574 -0.0044654267864024377
1403715606.6121433 -0.050175321902215117  -0.14923949127898853   0.24187504193636122 0.81454553067287261 -0.02922590385346539 0.57931239704091519 -0.0076532110584814662
1403715606.662143 -0.039233819132392475  -0.14189030221274943   0.23845296820061049 0.81396007300640449 -0.029875976666302286 0.58005297284870783 -0.010722605048195305
1403715606.7121432 -0.028747900706560418  -0.13640522627772531   0.23559771931774329 0.813230482306877 -0.031379279536478351 0.58089567506891016 -0.015222948102490861
1403715606.7621431 -0.018368374154858431  -0.13125110621414537   0.23105273722303196 0.8125024903923973 -0.032800186624430926 0.58171788487535603 -0.019187320805596278
1403715606.8121431 -0.0085441554620718334   -0.12824124884415511    0.22595890264792556 0.81068497478695123 -0.03331499267927094 0.58411485264109697 -0.022131919065687899
1403715606.862143 0.0006979104456964403  -0.12497587985443002   0.22200369114607688 0.80810506507700053 -0.031537096010525026 0.58782852751798575 -0.020718050298140722
1403715606.9121432 0.010571037988484024 -0.12440529752366331   0.2160472481474956 0.80551087295194379 -0.0285748615587566 0.59163466470297832 -0.017439448525967464
1403715606.9621429 0.019082736185815796 -0.12520548085716637  0.20971236613885258 0.80348143301527453 -0.023668895761456074 0.5947460603215865 -0.011597150732230735
1403715607.0121431 0.025121688403281814 -0.12600529775535491  0.20299135869210552 0.8043110230283057 -0.019097454370683255 0.59386689537162007 -0.0064168569715353733
1403715607.0621431 0.030522286647137215 -0.12712436928504486  0.19617289639155019 0.80593082346779921 -0.014850448854560772 0.59182297945872575 -0.00073002597892390865
1403715607.1121433 0.034300416738380191 -0.12834428176999638  0.18869984369287046 0.80778386452054562 -0.011796517980475181 0.58935546392356641 0.0024914909646547721
1403715607.162143 0.038909653979493891 -0.13020450726340213  0.18145145637217303 0.80920186929117821 -0.0099247269352462589 0.58742849262283992 0.0046476430351348611
1403715607.2121432 0.042175290659384163 -0.13010800335599434  0.17490651279951622 0.81086157201798847 -0.0084190110840977449 0.58514670358584564 0.0059972126443061822
1403715607.2621431 0.042890488932250656 -0.13115635737131964  0.16400940477386861 0.81183066723891339 -0.0074901543366158174 0.58380872261582739 0.0064992858154116848
1403715607.3121431 0.041325795243332436 -0.13076291200996196  0.15724397020599212 0.81251128856282173 -0.0070606197758662495 0.5828657443281452 0.0065633600511572779
1403715607.362143 0.038519578636638317 -0.13015490377334649  0.15246311575132557 0.81203700420649327 -0.0069842355103508658 0.58353351920177154 0.0059796506315407194
1403715607.4121432 0.038378972212946644 -0.12848872653528529  0.14857357347617089 0.81154841023390756 -0.0071796043674046649 0.58420917305375475 0.006105182044208954
1403715607.4621429 0.037570537580192208 -0.12633046561890049  0.14528785113475734 0.8111212253389396 -0.0068803359592201742 0.58479403812173014 0.00713805008570752
1403715607.5121431 0.036258898857726513 -0.12328792004613662  0.14208865614934521 0.81185857735622791 -0.0070399679074683395 0.58376197456549161 0.0076188106933948799
1403715607.5621431 0.034108433699236183  -0.1197466651320207  0.13975356133498584 0.8121544438845214 -0.0070732911256872972 0.5833379544809929 0.0084828469988689603
1403715607.6121433 0.031645188432951256  -0.1154585610538512  0.13812105473445344 0.81251181733565059 -0.0079077776581798435 0.58282589566879617 0.008717171576429603
1403715607.662143 0.028575762316217796 -0.11032859956353408  0.13697153075196022 0.8131504251034587 -0.0083568847913587426 0.58191405747328062 0.0096217641642212682
1403715607.7121432 0.028397827782987071 -0.10395537312200426  0.13523423030808854 0.8128139680209534 -0.0092943152664399821 0.58234390989423102 0.01107428114417929
1403715607.7621431  0.023180691600383059 -0.099189841919259669   0.13263525282906766 0.81323394948324812 -0.010021972907381072 0.58174411502957613 0.01113050292561045
1403715607.8121431  0.019271705367724889 -0.092578756522022479   0.12656288196466695 0.81361159550919104 -0.011697749572813757 0.58119986691621683 0.010298009734523288
1403715607.862143  0.011722384422682853 -0.086376901922745414   0.11713389529950215 0.81411674727531169 -0.014589533683807838 0.58046988306229363 0.0074687462403508651
1403715607.9121432 0.0054223392842857035 -0.079475742205335501   0.10854001109779297 0.81506018155238247 -0.0088825232453015705 0.57921027976049722 0.01065143409877856
1403715607.9621429 0.0037670540413829224 -0.077539428203270394   0.10930872285647142 0.81246854697631787 -0.0057657201790076102 0.58282304655653983 0.013375838200337694
1403715608.0121431 0.00015152530688460975  -0.080243813755819043    0.11268749136904951 0.81483655585756942 -0.0041225270033581757 0.57952347290360795 0.013301742856564467
1403715608.0621431 -0.0020530278575300806  -0.081906981435480739    0.11153983545045729 0.81448774485690145 -0.0033191754732531044 0.58002719100037148 0.012928814807065448
1403715608.1121433 -0.0023904017745548017  -0.082838173041816815    0.10935539464677144 0.81602680931522109 -0.0040339646623499224 0.57787758275695988 0.011894240408524553
1403715608.162143 -0.0030759212173093269  -0.082453638105730614    0.10950184796579433 0.8167318807040107 -0.0046683779230037173 0.57688165409302594 0.011610273905132149
1403715608.2121432 -0.0051317211271839991  -0.082831799665684325    0.10966757233667382 0.8158185002771231 -0.0038357103726938211 0.578164519381694 0.012298392563952938
1403715608.2621431 -0.0063467676770658527  -0.083846975366906246    0.10909600700889895 0.81482276092686945 -0.0046597225195768779 0.57957582174825517 0.011576791713991013
1403715608.3121431 -0.0070373424832835506   -0.08389721719906712     0.1088695549733034 0.81589276929692589 -0.0045695365180228008 0.57806499950500123 0.011788328646875805
1403715608.362143 -0.0078031363043096855  -0.082570397124700254    0.10884267429555226 0.81614452883293842 -0.0047090411060710666 0.57771801314029425 0.011306205426804421
1403715608.4121432 -0.0091373510914630439  -0.083299526446200076    0.10893825989188206 0.81573822485822367 -0.0043737718405472579 0.57828439419026945 0.011797375175603782
1403715608.4621429 -0.0086181553662556965  -0.084483651529589157    0.11120532871837599 0.81598524577720899 -0.0047832192044802886 0.57794682732920388 0.011075390198875958
1403715608.5121431 -0.0098920578693235967  -0.084761343358445845    0.11144588310913467 0.8155973679719849 -0.0044892174557240117 0.57848693668944462 0.011560465538577102
1403715608.5621431 -0.010896393799721517 -0.085487192308685067   0.11181432394002219 0.81577085085461032 -0.0047510093510154307 0.5782467257706847 0.011228131704533411
1403715608.6121433 -0.011866166157585553 -0.086082326420788793   0.11240542645200749 0.81604163041530775 -0.0047923337587416738 0.57786397551009228 0.011239073535776536
1403715608.662143  -0.01260912869231396 -0.085564629724102129    0.1128570238769171 0.8160015794819242 -0.0047493065765331268 0.5779195931418718 0.011305318782797613
1403715608.7121432 -0.014252172647108333 -0.085829727665592326    0.1132917734260265 0.81595572292603979 -0.0048172017234928951 0.57798662123203715 0.011158784368047313
1403715608.7621431 -0.015913827424010676 -0.086290377415837713   0.11398607001776402 0.8156932916243993 -0.0048188081955201911 0.57835436076139901 0.011290105172276145
1403715608.8121431 -0.014295806307357198 -0.084704616231589355   0.11328370027143489 0.81584371636258968 -0.0047908298022452233 0.57814551628515987 0.011128361103518437
1403715608.862143 -0.0081992565302833088  -0.084817051660722065    0.11261083358288723 0.81616931498144529 -0.0047788024542655761 0.57768533062321537 0.011156662250334851
1403715608.9121432 -0.0090928940183151417  -0.085161834702016451    0.11294245567297163 0.81612009601742108 -0.0048167340542420011 0.57775642195672006 0.011059151745713793
1403715608.9621429 -0.0089332617051841659  -0.085882557239927812     0.1128179142746191 0.8159801549096859 -0.0038352578208344337 0.57797269889600955 0.010451646849921318
1403715609.0121431 -0.0095803539931542531  -0.086019806963012729    0.11309700588926112 0.81596330138068285 -0.0038501640682472847 0.57799715462975376 0.010409432092728144
1403715609.0621431 -0.010131628747925265 -0.086402545659256827   0.11351718051425871 0.81609667770010241 -0.0039587608831131169 0.57780967207162237 0.010321032875142891
1403715609.1121433 -0.010416547136156848 -0.086690439167310812   0.11389642146305905 0.81617288368286312 -0.0039670007610910184 0.57770136739037181 0.010354562330474843
1403715609.162143 -0.010852089892088577 -0.086788342066537433   0.11417681369139938 0.81621794087948119 -0.0038769391567728376 0.57764152531085855 0.010174014241169923
1403715609.2121432 -0.011650654151613581 -0.087015554823804186   0.11473528145747061 0.81615082070266065 -0.0038919584056602364 0.57773538661603341 0.010223188238742065
1403715609.2621431 -0.012409387978369517 -0.087384021699108305   0.11529717551363337 0.8161284652359353 -0.0039493609217433603 0.57776651652057742 0.010226591202546258
1403715609.3121431 -0.013003029378744101 -0.087825578605451496   0.11582052226711768 0.8162120465773488 -0.0040441062970394646 0.5776488735520966 0.010164600841540392
1403715609.362143 -0.013633873883135243 -0.088392818211653318   0.11641697363630646 0.81629155141202869 -0.0041040408863292684 0.57753618819900121 0.010159294380733342
