# time_in_imu_clock tx ty tz qx qy qz qw; Hamilton IMU-to-estimator-world; NO GT alignment
1403715893.7840581 -0.042097371362923783  0.014695600880036562  0.051486057368481088 0.80314765586139647 0.0061926298958492861 0.59574784007317039 7.2577333459734306e-05
1403715893.834058 -0.041011040424250862  0.023167523642388579  0.059402758866020061 0.80738676569977885 0.0062635082933110708 0.58998911980156676 -0.00046642521658539932
1403715893.8840582 -0.036801367681264768  0.023175579498273466  0.066142675216326108 0.81095888601090094 0.0068057774052658433 0.58506348847703382 0.00028468395137705015
1403715893.9340582 -0.040818788267312965  0.027045247687212504  0.075605779646041746 0.8133602892187034 0.0063092190028898537 0.58172604130029459 0.00021575617908687762
1403715893.9840581 -0.045171287300785186  0.031301911763501049  0.085254338450144934 0.81700434481008566 0.0059728676560987116 0.57660026122115482 0.00060346756457927417
1403715894.0340581 -0.050755617234735401  0.034745994316621634  0.097920297671878834 0.82142737324124671 0.0054364087457938748 0.5702807452893327 0.0027179959855891164
1403715894.0840583 -0.054293296454982404  0.040294979980610816   0.10715276806145704 0.82623960645770544 0.0055012884732672969 0.56328022129985722 0.0036387962479310955
1403715894.134058 -0.057335176275152284  0.046105576061304873   0.11646627187406089 0.82800032702584581 0.0070828918710317181 0.56064180903357286 0.0067862398571336899
1403715894.1840582 -0.058598917950963593  0.051686773518620575   0.12689249923511833 0.82619221009418697 0.011998456367790121 0.56312431177848321 0.012388644335957787
1403715894.2340581 -0.05865963361635864 0.057406255464527427  0.14137845192327425 0.82355607431757172 0.014578173180747098 0.56680048639570091 0.016735529359397879
1403715894.2840581 -0.058735552146541047  0.063924424511714803   0.15702310543491538 0.82047021019399657 0.019057401934817621 0.57093903790980893 0.02222756411161084
1403715894.334058 -0.05853003416229538 0.073260426074286261   0.1740966341908563 0.81867408803116537 0.022435523885148363 0.57316281630196342 0.027454887782332269
1403715894.3840582 -0.058726317128034992  0.085986543795376472    0.1940088156979537 0.81680110325767297 0.023741607232385237 0.57551309859366573 0.032511031207715015
1403715894.4340582 -0.059593543839438441  0.098777618291361058   0.21107026016352551 0.81635865564429189 0.023398184742581114 0.57599383056872144 0.035244537905434498
1403715894.4840581 -0.060570853015121266   0.11402759047917455   0.22547712239797996 0.81811393848372538 0.022048471984719677 0.57354721193408498 0.035313513340140629
1403715894.5340581 -0.061726536822551525   0.13060231175858344   0.23768428977726824 0.82071345449620414 0.019910950577397647 0.57000782254642768 0.033527032255953292
1403715894.5840583 -0.062789031917886887   0.14872713784120709   0.24797369661764623 0.82282280164368637 0.018248148455987146 0.56706054598905975 0.032741095823939206
1403715894.634058 -0.063361977104232012   0.16820929324447936   0.25664749702645606 0.82449135610897417 0.016409822770243589 0.5647824548716518 0.031072497282722412
1403715894.6840582 -0.063730119835643848   0.18905206531802277   0.26468716834752343 0.82640129383296079 0.013595043594050636 0.56223454081770352 0.027719982907467963
1403715894.7340581 -0.063602562052399378    0.2112354957797323   0.27374026197502177 0.82647920555844723 0.011225315604176944 0.5623143918848047 0.024670625210702436
1403715894.7840581 -0.060664390008399183   0.23707148153431318    0.2860757887931909 0.82595056511011089 0.0081611595466531701 0.56327305815212803 0.021506311378105158
1403715894.834058 -0.056841321351674828   0.25865186695538311   0.29959528350385367 0.82458010259713643 0.0061153549110488795 0.56542740613168507 0.017947290335939971
1403715894.8840582 -0.053770216692706381   0.28509264844204069   0.31186307783455042 0.8226160284829297 0.0052442103487229082 0.56834831828179011 0.015986151727395134
1403715894.9340582 -0.04988523374805532  0.31016504119925342  0.32503688667970837 0.82081999605705946 0.0049860049169427392 0.57096313506006091 0.015191189230729237
1403715894.9840581 -0.045250339123580757   0.33564074805174127   0.33940706740703686 0.81960186815325486 0.004294470203954826 0.57274628073733458 0.014001183768251482
1403715895.0340581 -0.045765704958639297   0.35627276712094652   0.35049506057114532 0.81851670821878464 0.0041773592311104158 0.5743282879716276 0.012647753639229547
1403715895.0840583 -0.042166277171157979   0.38274055411411917   0.36503309790521149 0.81828655178881704 0.0040869178110933086 0.57463663272056764 0.013533536121078464
1403715895.134058 -0.03850742799132436  0.40867499056608797  0.37949142158960408 0.81838418804546686 0.0028798691615647691 0.57453688928100866 0.01209917212359867
1403715895.1840582 -0.035962115434483896   0.43519794597412392   0.39307003316180905 0.81847159255805568 0.0019198191772439341 0.57443047106771516 0.011410538056106265
1403715895.2340581 -0.032544789910067561   0.46133579995243429   0.40676933535333187 0.8188742867642379 0.00059875042929513937 0.57388718584333243 0.0099016109348338387
1403715895.2840581 -0.029312476682109224   0.48693740032439192   0.42020219915675472 0.81877693571681698 0.00033304313147545193 0.57402862630659013 0.0097649782908603294
1403715895.334058 -0.025243231107177778   0.51233912571835527   0.43388168141317279 0.81907710697843672 -0.00034433268569970902 0.5736058002031259 0.0094318732056756175
1403715895.3840582 -0.022645392833427053   0.53929016343488467   0.44569552509332988 0.81890879096157032 -0.00029994404121220418 0.57384432826626808 0.0095388173306199565
1403715895.4340582 -0.022223573761104749   0.56981852055423576    0.4561439254864586 0.81876243868641674 -0.00057659483093009853 0.57403695328024706 0.010455276342792596
1403715895.4840581 -0.020586888599519067   0.59655393075942365   0.46721489098233737 0.81921584105632339 -0.00068774787296419502 0.57339539402132034 0.010131874475073844
1403715895.5340581 -0.021217277246865677   0.61979152187705122   0.47820825579184439 0.81926127698689177 -0.00087317262523414578 0.57333402931155775 0.0099140522869313758
1403715895.5840583 -0.024064018804657729   0.64450003457725158   0.48850702734597345 0.8197495797816482 -0.0018584878950636766 0.57264226433861898 0.0093813412524319829
1403715895.634058 -0.027551237283962964   0.66947370105615467   0.49823448774276835 0.81911880683764349 -0.00083903596527082759 0.57353824032697098 0.0098774078667527784
1403715895.6840582 -0.026703926762905634   0.69359107488285243   0.50925669660119621 0.81934329704337661 -0.0010799085065127502 0.57321715871498458 0.0098734159452005168
1403715895.7340581 -0.024017096751136897   0.71951157187345349   0.52143881214663423 0.81967759499814385 -0.0016093896613948379 0.57274396971138031 0.0095076433581756728
1403715895.7840581 -0.021562379193974739   0.74486223569439236   0.53314755419468152 0.8199176742719203 -0.0019679622920005797 0.57239998547547466 0.0094546902973523805
1403715895.834058 -0.018545309074849036   0.77043415046175701   0.54491125203817947 0.82000107057964655 -0.0021717530544841765 0.57228055406754508 0.0094071873079837245
1403715895.8840582 -0.015276138324622797   0.79578118596331915   0.55665845011880377 0.82025544768319225 -0.0020313014057961702 0.57191164156818486 0.0096927085702933971
1403715895.9340582 -0.013299862720541662   0.82073721441555869   0.56762395520192577 0.81997522926319999 -0.0022964228921344282 0.57232338452361409 0.0090162832751876955
1403715895.9840581 -0.01204086234961747  0.84708390774956521  0.57743187695258813 0.82022817219201338 -0.0033655971653692475 0.57197615001353563 0.0075961907534391245
1403715896.0340581 -0.017443497484030651   0.87543735431429204    0.5845126982679919 0.82020212233855694 -0.0041303866609156744 0.57202123123198523 0.0065673006023883309
1403715896.0840583 -0.019233576794933156   0.90494577145706023   0.59225500317193935 0.82031972097038786 -0.0053064075031195876 0.57186760131977099 0.0038527895410399378
1403715896.134058 -0.017382279287806102   0.93036931454879312   0.60196157174409648 0.82083537163469711 -0.0081107309623024079 0.57110712224559146 0.00040452063615729195
1403715896.1840582 -0.021283270839784141   0.95471049977777978   0.60941867613393563 0.82011110163784529 -0.011337683550201641 0.57207836716585481 -0.0039471157729391998
1403715896.2340581 -0.022857467325701934   0.97747074725736038   0.61458689775055675 0.81951908096920623 -0.015757048396749237 0.57273801545098069 -0.010552583118955352
1403715896.2840581 -0.020661020156636661   0.99921906461490972   0.62168376942318482 0.81783158101062803 -0.021255669532555182 0.57477960200203115 -0.01811382722579415
1403715896.334058 -0.017403664879931093    1.0201749778856584   0.63150149406227996 0.81624466318524258 -0.027321223267020214 0.57643934404524277 -0.026755994047947807
1403715896.3840582 -0.014397838372801749    1.0388573920545965   0.64129255901565518 0.81525159468268005 -0.032662509701083003 0.57715095671764038 -0.03456545945429243
1403715896.4340582 -0.011449443544399966    1.0546983326190256   0.65108487455915764 0.81401989667932662 -0.036424984719332032 0.57831449855828376 -0.039964597529011783
1403715896.4840581 -0.0087508243883152904     1.0677339411720763    0.66058425497581541 0.81292936048425812 -0.040423563428488858 0.5791488804938737 -0.045807909852891911
1403715896.5340581 -0.010974402457671777    1.0756718724692873    0.6687968287778443 0.81124050558951355 -0.042345599927538585 0.58104225269797682 -0.049855720206489089
1403715896.5840583 -0.0096232615969216034     1.0809043596118892    0.67845611360307889 0.80930231435617284 -0.04496674607968261 0.58318224735747903 -0.053909387789400798
1403715896.634058 -0.014306189148622198    1.0774859528775895   0.68620144200997901 0.80718521251067799 -0.046178448597515492 0.58575162411927351 -0.056697605159755853
1403715896.6840582 -0.026594691744745262    1.0703003191027811   0.69247327236293654 0.80527607156494385 -0.046671013322667272 0.58813693632039299 -0.058712939085254781
1403715896.7340581 -0.029092855372146263    1.0636274449750625   0.70248847662706637 0.80461803833213852 -0.047710161038433362 0.58870770537750883 -0.061129293741843449
1403715896.7840581 -0.049279222242229678     1.047291234331801   0.71343944346420896 0.80526642239019752 -0.048511899129457275 0.5874190374169711 -0.064276427202081945
1403715896.834058 -0.058787282174056391    1.0334766684831405   0.72141893241132815 0.80701202904611846 -0.049697118045451225 0.58456858639603271 -0.067389533547780073
1403715896.8840582 -0.07201272236288643   1.0110612723328694  0.72900947376536673 0.80839521942711812 -0.05102343995794114 0.58208018088069358 -0.071249146016910847
1403715896.9340582 -0.077956356417566791    0.9883122281910155    0.7388939619271766 0.80983003118154206 -0.053987702774046582 0.57915927501913589 -0.076388367602619106
1403715896.9840581 -0.084236017611802688   0.96096004818681779   0.74882579125552962 0.81091529295212594 -0.058065452604561904 0.57633288208379152 -0.082977104668611384
1403715897.0340581 -0.09083916554610251  0.92863309410400163  0.75884116908495181 0.81177658374123818 -0.06242576567380996 0.57364980868639603 -0.089708967575736209
1403715897.0840583 -0.096882833030116494   0.89175835613048759   0.77025666878255883 0.81236400797198138 -0.06569877503354235 0.57163288821617142 -0.094785181439024507
1403715897.134058 -0.10257378235050424  0.84818635469421422  0.78127962162866604 0.81257186105122148 -0.067121582227872012 0.57090693831188799 -0.096368727366961074
1403715897.1840582 -0.10768429803911694  0.79919046929338933  0.79306013059642833 0.81271430262228928 -0.066979589078458815 0.57088467988068248 -0.095393287172513455
1403715897.2340581 -0.11505699905426121  0.74413664971168614  0.80288167108423536 0.814137579905583 -0.063165246278870588 0.57019073419480637 -0.089848090054257201
1403715897.2840581 -0.12114310214360645  0.68548661043790016  0.81441030481175181 0.81573026016732642 -0.056220954917864274 0.57026337783705627 -0.078886163383323354
1403715897.334058 -0.12585361695229536  0.62099849387030126  0.82558079254632477 0.81798033046094465 -0.046372996816842614 0.56972104906110455 -0.064619272681943424
1403715897.3840582 -0.13252421278004287   0.5514105704221689  0.83949494314626427 0.81997582017969661 -0.03544115667630672 0.56921921977196344 -0.048714049064686286
1403715897.4340582 -0.13775454275523974  0.48056804334713177  0.85313966125279417 0.82196092387815745 -0.027506524633514731 0.56768332855386283 -0.03686826822565608
1403715897.4840581 -0.14686499792102181  0.40905441645779578  0.86489693064346462 0.82227710836099654 -0.021522767769472022 0.56800451153310394 -0.027712856421872097
1403715897.5340581 -0.15064134886435537  0.33671294268022006  0.87573654666401479 0.82297554856249011 -0.016951377333674484 0.56743070575302668 -0.021125611077129652
1403715897.5840583 -0.15413725765605346  0.26360496206575668  0.88555674350940272 0.82332906610388756 -0.016350739655330029 0.56699168667959188 -0.019553246724150635
1403715897.634058 -0.15574609478713927  0.19043683357117444  0.89469233764639899 0.82321149494376655 -0.018603490372524765 0.56700160907445407 -0.022043594203040976
1403715897.6840582 -0.16415249578377067  0.11473086095734007  0.90485793181799756 0.82272977338230024 -0.021218963227441996 0.56745686678400464 -0.025655017628951005
1403715897.7340581 -0.16713602802499139 0.038583306591181254  0.91285854449535275 0.82209351403768149 -0.026019075678468107 0.56783881376461609 -0.032316303322136468
1403715897.7840581  -0.16910991204579637 -0.037481507234193266   0.92168405583720991 0.82109736090283858 -0.029273156157438928 0.56885379210588605 -0.036709255695659464
1403715897.834058 -0.17093767380729966 -0.11461283145987972  0.93065362005836605 0.81969797625232466 -0.031656709947654238 0.5705506785600909 -0.039560126867255845
1403715897.8840582 -0.17203973583489299  -0.1967896777397751  0.93887042872177151 0.81743178342482703 -0.032769713255319979 0.57361005610442406 -0.041266558809166499
1403715897.9340582 -0.17323441205479617 -0.27823314004126387  0.94753166224825081 0.81586967908550057 -0.030413162443285045 0.57618058313104725 -0.038047889848019226
1403715897.9840581  -0.1760594954947757 -0.36247582658100636  0.95658205298504262 0.81424893798638853 -0.028864879191602376 0.5786793312303038 -0.035996074010107619
1403715898.0340581 -0.17815524358964732  -0.4445510384776773  0.96412976889494872 0.81136033393453755 -0.025663416639756211 0.58315388779850763 -0.031102101367845744
1403715898.0840583 -0.18728414661072909 -0.53511465771366107  0.97126544507075052 0.80699310339486929 -0.023042298863235076 0.58950541310785343 -0.026731095240453934
1403715898.134058 -0.18967550983642434 -0.62159382223445414  0.98038216792727895 0.80301415648103502 -0.02111701429631057 0.5952324983327586 -0.020508757319837305
1403715898.1840582 -0.19289154602015571 -0.70923337281609578  0.98894110657086909 0.79931666797001077 -0.021681446130382191 0.60032816519846388 -0.015128558043014127
1403715898.2340581 -0.19724788653910008 -0.79670945210265043  0.99705494918245563 0.79700628247484706 -0.022838801735594671 0.60348494556723631 -0.0080805510094652845
1403715898.2840581   -0.201121059773401 -0.88290232236463151   1.0031999042344275 0.79662626926069413 -0.025700947152377814 0.60392507207550117 -0.0007454916898029431
1403715898.334058 -0.20682405064118362 -0.96823930121577539    1.005014744301693 0.79725059676359233 -0.030303530409670706 0.60285113237033161 0.0066101591974096086
1403715898.3840582 -0.21789886490735566  -1.0564527545997617   1.0076442289383343 0.79904449510421438 -0.035844758648498461 0.60005102537622002 0.013483881712222675
1403715898.4340582 -0.22825549003154882  -1.1437320168867253   1.0096370149138929 0.80241327947406593 -0.042449114788880062 0.59490760682653276 0.020394629617683586
1403715898.4840581 -0.24203883839368381  -1.2276755431316051    1.009788098530858 0.80558762045848875 -0.050459016973253994 0.58972487016983066 0.026590428227074536
1403715898.5340581 -0.25569987395066668  -1.3132528999201369   1.0102697070661957 0.80917562214861616 -0.058545769997854255 0.58369411440112584 0.03329243381376433
1403715898.5840583 -0.26226604466887393  -1.3958055642885696   1.0117476838839192 0.81150366268861818 -0.066820757512201429 0.57908649217230534 0.040689389182286803
1403715898.634058 -0.27838363197724242  -1.4746282102499548   1.0110786277102595 0.81324615378672438 -0.075781902500346554 0.57497473488678419 0.04787327904373917
1403715898.6840582 -0.29255601405780307   -1.558196205081682   1.0081726385108236 0.81152401976027566 -0.085034723412327526 0.57543051585858507 0.055475964029798729
1403715898.7340581 -0.30547096886965314  -1.6414223359785161    1.001607917846066 0.80969972443724958 -0.094211318992540052 0.57588145357691567 0.062218446188143275
1403715898.7840581 -0.32299000004322204  -1.7244951478810184  0.99091045023489477 0.80926219823146051 -0.1022551446870279 0.57436024437835564 0.068912187429038915
1403715898.834058 -0.33699531642207159  -1.8066903342106271   0.9788104801082721 0.80883910525099401 -0.10941548942887602 0.57294089095906375 0.074473404359175835
1403715898.8840582 -0.35020379885634606   -1.885691060928431  0.96310650031064127 0.80868705556220122 -0.11532787801640595 0.57128647660706633 0.079727588476349212
1403715898.9340582 -0.35788487228136107  -1.9643721084558698  0.94301879487633689 0.80915023618541493 -0.12125823918201196 0.56896054909988902 0.082802344649883772
1403715898.9840581 -0.36649905309225261  -2.0455913357472832  0.92084397680666974 0.80957388264508778 -0.12488526065593489 0.56698455213742416 0.086731296815978617
1403715899.0340581 -0.37920449346588087  -2.1244818310466007  0.89801403763034038 0.80881876001690234 -0.12869868962024508 0.56687350903747935 0.088900424556283608
1403715899.0840583 -0.39069208951375556  -2.2044489532104237  0.87248724999093341 0.80990030087773279 -0.1314385420655601 0.56437931820937581 0.090892230005418795
1403715899.134058 -0.39858570693871043   -2.282051753620332  0.84499929534619023 0.81227457337668263 -0.13489534950048707 0.55999727883068395 0.091740448173632153
1403715899.1840582 -0.40719169613070672  -2.3551226223097883  0.82081126667180659 0.8156182870130404 -0.13615753182187931 0.55449200941500387 0.09362984520439499
1403715899.2340581 -0.41426238069573884  -2.4267884332736473  0.79670670593389714 0.8198136041609233 -0.13542618673955795 0.54773987449446448 0.097705845611445866
1403715899.2840581 -0.41813228217175158  -2.4990970359915501  0.77413023960048621 0.82360826880534732 -0.13427158195249564 0.54173633478820371 0.10080826060237508
1403715899.334058 -0.42288317811882986  -2.5699083141102417  0.75365781834962409 0.82838708481066736 -0.1334920874534693 0.53422155265672211 0.10277175187395052
1403715899.3840582 -0.42953101838982205  -2.6407775304851961  0.73761968022018232 0.83226148490818475 -0.13141318423190487 0.52810999947216897 0.1056940121575517
1403715899.4340582 -0.43044998186456479  -2.7065059697027207  0.73131944174932084 0.83489020428211824 -0.12779393482189214 0.52407055257265778 0.10943999699693939
1403715899.4840581 -0.42806055175995988  -2.7721820272836122  0.72373245426749999 0.83551062803808762 -0.12655551893806474 0.52323283559256861 0.11015031011975313
1403715899.5340581 -0.42198075517513522  -2.8356596700362484  0.71846268808971381 0.83588902241086394 -0.12562065158983562 0.52301145664576543 0.10939840183672787
1403715899.5840583 -0.41217323958765578   -2.900243246269369  0.71317885902614764 0.83575717202989963 -0.12511448517733634 0.52360737905511789 0.10812782989788093
1403715899.634058 -0.38954839272234831   -2.953674613768301  0.71330668186201973 0.8366519855636243 -0.12578591700981059 0.52254722342262672 0.10552609832524595
1403715899.6840582 -0.36428058108671024  -3.0158581575746957  0.70824992812303822 0.83657576019047775 -0.1245433000470218 0.52313693446418741 0.1046790890031732
1403715899.7340581 -0.34528620484283068  -3.0749593003429028  0.70299170918053899 0.83644272996012992 -0.12209429141506252 0.52372944587424575 0.1056598837068954
1403715899.7840581 -0.3192711599362541 -3.1300119443795809 0.70027764557949146 0.83543482519172141 -0.11869893562518877 0.52558454852669656 0.10825940092349483
1403715899.834058 -0.29413825914147151  -3.1851432541645459  0.69664069157367003 0.83315105902802333 -0.11465636260434893 0.52922418669542193 0.11240547838692112
1403715899.8840582 -0.2662595010957759 -3.2422601974731053 0.69485676857805878 0.83054000946057782 -0.1087495073656141 0.53338582290787628 0.11779813773505589
1403715899.9340582 -0.2378828771044478 -3.3014426891166946 0.69157360980116145 0.82851050727322317 -0.10297976213687268 0.53644366823389855 0.12326272242595733
1403715899.9840581  -0.207366923856348 -3.3518423281403344 0.69126868810699393 0.82725267339936337 -0.096950710701921544 0.53798148611499697 0.1297285421389533
1403715900.0340581 -0.17464314783320653  -3.3998523977706667  0.69089312052516993 0.82575883841730713 -0.092508768906983715 0.53995398159367081 0.13421686262223484
1403715900.0840583 -0.13872206608436821  -3.4477207175586435  0.68671036474097258 0.8250985231819552 -0.088915586836964725 0.54088007582168929 0.136949585758842
1403715900.134058 -0.10270706912441552  -3.4905790555492415  0.68562374137636928 0.82449635734115956 -0.086541589844145686 0.54148614779541493 0.13967484277452619
1403715900.1840582 -0.063519759478095711   -3.5306414398965487   0.68266169929692844 0.82403147268928412 -0.083691229313663795 0.54192396501316331 0.14243007511726355
1403715900.2340581 -0.022927441784648762    -3.569483923372029   0.68072789008875145 0.82345366719090085 -0.081540402007453106 0.54282334615814454 0.14358981752197938
1403715900.2840581 0.015834869656429922   -3.601382959352958  0.67405873765494106 0.82305072058442985 -0.080540649473308051 0.54308651746866343 0.1454570372021505
1403715900.334058 0.058819663834556536  -3.6288589798462105  0.67339647386011936 0.82344394762693818 -0.080125689654583235 0.54251214626230315 0.14560394957490422
1403715900.3840582 0.10371012432857919 -3.6514384973653686 0.66640541962943556 0.82341000929526798 -0.078962193872190861 0.54256427930614692 0.14623587573594496
1403715900.4340582 0.14990451557597742 -3.6710162442123297 0.66431757218992349 0.82380086298939581 -0.080774024640006561 0.54234048389234324 0.14385581188398863
1403715900.4840581  0.1942893713233467 -3.6853140579784034 0.65582630156009147 0.82329518605344532 -0.088421287485807618 0.54433006862182576 0.1344302381710811
1403715900.5340581  0.2354968425790569 -3.6895436324425126 0.65314970153039054 0.82012889673916156 -0.096027248352052938 0.54995485482687645 0.12536753152107719
1403715900.5840583 0.28429250443348003 -3.6963406685074824 0.65595726124686782 0.81611499439445612 -0.10131881606922093 0.55651871661601282 0.11822745658659135
1403715900.634058 0.33145902308304037 -3.7027219700329042 0.64651142769015135 0.81069260868320436 -0.10832908949169047 0.56488824292347817 0.10928666708774579
1403715900.6840582 0.38082130405650466  -3.707492925961982 0.64717020749009702 0.80450408468174739 -0.11538350309390437 0.5739751881751437 0.10006152259220981
1403715900.7340581 0.42861184386928491 -3.7107996441794371 0.64589942655308519 0.79706887429873152 -0.12041916505112846 0.58434213786223732 0.093406103821603706
1403715900.7840581 0.47816501757307611 -3.7157137348610925 0.64797174650964628 0.78961636272226665 -0.12199891462198459 0.59438512504412377 0.091261096194363941
1403715900.834058 0.52441696828575479 -3.7181551535384143 0.64836814978082036 0.78243281277611176 -0.12079572222064455 0.60368196897962301 0.093676930529029409
1403715900.8840582 0.57075013433461519 -3.7215801875593306 0.65157146353324968 0.77688652348872511 -0.11908053839838208 0.61075173618525513 0.09617417399203769
1403715900.9340582  0.6124591186049404 -3.7229347962332047 0.65440086744840753 0.77288930734270422 -0.11738654166460172 0.61554886191353719 0.099810405410903386
1403715900.9840581 0.64990792113131712 -3.7219027237345621 0.65586598335764767 0.76861384816285117 -0.11611268011806887 0.62061109566376493 0.10291970592220874
1403715901.0340581 0.69024859170154385 -3.7225247045377299 0.66085618653854028 0.76369272657544474 -0.11521695416476481 0.62670541048276485 0.1036281878659804
1403715901.0840583 0.71809193796524329  -3.717119170114056 0.66403115998197437 0.75934219932123626 -0.11408994223178023 0.6317332627374932 0.10628261458290506
1403715901.134058 0.74447140430517378 -3.7103368514794814 0.67004695576487339 0.75490584397930338 -0.11414273586123728 0.6369932714820955 0.10643389808958947
1403715901.1840582  0.7653771025304128 -3.7008227118492059 0.67863956862040165 0.7503990915148312 -0.11410805870982763 0.64207714636575108 0.10778447247170912
1403715901.2340581 0.78486664909254444 -3.6932534165606645 0.68427792068265569 0.74737534136329709 -0.11485458805628614 0.64557515870191795 0.10710386170213272
1403715901.2840581 0.79645885913886072 -3.6817913750107332 0.69053597559652391 0.74564165580246933 -0.11618606336230515 0.64743923742979226 0.10649766968742266
1403715901.334058 0.80956659588742985 -3.6693024869232378 0.69857614847284644 0.74642554007049433 -0.11829158886940011 0.64642381548296213 0.10484399796685166
1403715901.3840582 0.81396225104751962 -3.6546603629109633 0.70585585336952672 0.74968823337825297 -0.12096454846547032 0.6425081070533214 0.10255955888895377
1403715901.4340582 0.80822300288815196 -3.6326889574982406 0.71322028821433625 0.75544323119906076 -0.12465663310731322 0.63552821254467939 0.099348574814318191
1403715901.4840581 0.80197551530742817 -3.6141797766193102 0.71983715888153776 0.76245569334962948 -0.12717751458073009 0.62683494014408947 0.097801601614492681
1403715901.5340581 0.79348278539844774 -3.5947250248921128 0.72710155639100749 0.76829731991383765 -0.12893585553509457 0.61945327933025007 0.096811198203754542
1403715901.5840583  0.7833389334703823  -3.574676527618279 0.73593972924692441 0.77180312072570434 -0.1294507943599443 0.614843187652371 0.097623200496166698
1403715901.634058 0.77610259416437744 -3.5537428756249287 0.74547536650593971 0.77371304085064863 -0.12813324951643609 0.61236067003090588 0.099821894318338253
1403715901.6840582  0.7602556995421208 -3.5316432536544191 0.75484965362536649 0.77482227467158893 -0.12887590901550106 0.61087494975300838 0.099364171170662416
1403715901.7340581 0.74035932667240523 -3.5087698125330009  0.7617435076713448 0.77783043672804963 -0.1290630910128614 0.60692497732208617 0.099822853797327818
1403715901.7840581 0.72762233781854535 -3.4875027296921903 0.76812030046631252 0.78173181571570471 -0.12928413499553101 0.60194960803702946 0.099184928897244562
1403715901.834058 0.70627141543945815 -3.4631017132906661 0.77487840397099139 0.7856903898290799 -0.12956827298860049 0.59677061244022866 0.098830714318446797
1403715901.8840582 0.68250288488235766 -3.4367189570951373 0.78132270890061206 0.7888753954667248 -0.1287641013072173 0.59263996905684235 0.099364398644928506
1403715901.9340582 0.65523365575842318 -3.4104973311380653  0.7857661175451498 0.79090039275954527 -0.12961909022170312 0.58991399852883486 0.098371411104126172
1403715901.9840581 0.63113975857414029  -3.384240985101798 0.79052789756782305 0.79254759159927224 -0.12959949777290886 0.58783851746354376 0.09756107119884358
1403715902.0340581 0.60617390547169825 -3.3561512762114303 0.79649654851116991 0.79233559497020178 -0.12941015637806896 0.58826685544328206 0.096950622258410751
1403715902.0840583 0.57986838051782852 -3.3288717204957519 0.80287577296821566 0.79124304588847216 -0.12845402265683595 0.58986069544448094 0.097459562723027193
1403715902.134058 0.55097723841799329 -3.3009364542662891 0.80703196821677825 0.79130079268136477 -0.12611052223596519 0.58986873961090613 0.099970304156068085
1403715902.1840582 0.52107814402272601 -3.2713168583104881 0.81158733402175465 0.79129477395625003 -0.12330626740374745 0.59002928855710801 0.10253576826296157
1403715902.2340581 0.48946888394575111 -3.2403029549048643 0.81475324895897949 0.79284503409682239 -0.1203182391538105 0.58786119881195742 0.10648701407356391
1403715902.2840581 0.45912154473346189 -3.2090979900645129 0.81789356450469153 0.79526067421612323 -0.11859911355683359 0.58462628261269123 0.10819805907370045
1403715902.334058 0.42759559899089217 -3.1767828469341235 0.81985133442836977 0.79836999068884795 -0.11630785208889761 0.58033405547453454 0.11086128975632568
1403715902.3840582 0.39208546776534536 -3.1430716515925616 0.82207695127503155 0.80097426590098608 -0.11583721403640897 0.57662046686166368 0.11194106665963471
1403715902.4340582 0.36196818434161954 -3.1110566885828392 0.82492904203756856 0.80295751152540951 -0.11517235098829776 0.5739748720533332 0.1120152244300308
1403715902.4840581 0.32999643642526022 -3.0753231555578808 0.82801257360172398 0.80511490161269472 -0.11765182277391836 0.57122640443586858 0.10792793278120812
1403715902.5340581  0.2978646813975574 -3.0381599863498998 0.83018770107922768 0.80721082212872197 -0.12179582115503709 0.56849014440520562 0.1019579437885622
1403715902.5840583 0.26405894542110842 -3.0002740630853917 0.83299371645527509 0.80963590054093737 -0.12472660513449627 0.56540630149988202 0.096170144801353913
1403715902.634058 0.22922137834921477 -2.9597119053596619 0.83551351701224919 0.81161795857412822 -0.12612372274765291 0.56318204919681558 0.09052665542652899
1403715902.6840582 0.19840161841978585 -2.9216459832374921 0.83910349830187059 0.81416674543389622 -0.12587472892346527 0.56054527494298534 0.084125251780391166
1403715902.7340581 0.16498618888753416 -2.8822788827909664 0.83875053058947335 0.81793957693571706 -0.1234316311285753 0.55645334879784247 0.078097064802884961
1403715902.7840581 0.13693477840818252 -2.8450587770130249 0.83723369304191519 0.82176666435924395 -0.1184797178636583 0.5526520304012944 0.072372916869202303
1403715902.834058 0.11141505894444466 -2.8078061537773831 0.83305026066420429 0.82528552198713823 -0.11268109261683502 0.54945969792555949 0.065580629157138151
1403715902.8840582 0.086813105350137185  -2.7701570474961494  0.82731199764433971 0.82920561848644148 -0.10521425910606252 0.54565313496883583 0.060088753107065455
1403715902.9340582 0.062064025910070403  -2.7333548021201741  0.81766059369539279 0.83189548163778892 -0.097007853173849398 0.54363615368405471 0.054764189584426581
1403715902.9840581 0.041070701764887856  -2.6974162317927934  0.80848046558824771 0.83389163768001073 -0.085490977554675537 0.54274855305170655 0.052345367745146948
1403715903.0340581 0.022249328238388415  -2.6630958192092762  0.80025521691588397 0.83448524584335859 -0.074781186515429907 0.54389585124733864 0.047111056123026691
1403715903.0840583 0.0047030446723654038   -2.6288444042212178   0.79125665005835322 0.83512439605832833 -0.062015814184820661 0.54477539818683052 0.04405731981846548
1403715903.134058 -0.010017005145484752   -2.5939255901692144    0.7836011417259463 0.83534744420055485 -0.049063478424710157 0.54599362928870709 0.040968028127003939
1403715903.1840582 -0.022573601207314629   -2.5557455224755077   0.77533458336456618 0.83521688527308824 -0.036824393369396316 0.54725052103685345 0.039668448830139466
1403715903.2340581 -0.034950254869957627   -2.5210904860441259   0.76814437087845255 0.8358883410010497 -0.028543534035113352 0.54704522327387461 0.034892287636896557
1403715903.2840581 -0.05417129835025241  -2.4846474459405905  0.75743046251504687 0.83806209142016508 -0.022864469133521994 0.54432820884769884 0.028912765837207387
1403715903.334058 -0.061119889765629556   -2.4517050480260152   0.75049424285861943 0.84033205840596692 -0.018618634309356438 0.54125163967439882 0.023281765856991904
1403715903.3840582 -0.068691487035795556   -2.4162186436844513   0.74470463244507967 0.84327185757718237 -0.014552537346522598 0.53703003953763917 0.016719285550172585
1403715903.4340582 -0.071881823120058183   -2.3811139944480333   0.73975168067455799 0.84538579513404255 -0.0099771303782892461 0.53397490966076377 0.0097010364279523035
1403715903.4840581 -0.074547251706902934   -2.3464998796131122   0.73740447641168638 0.84683209226140099 -0.003368747216588495 0.53184104177134695 0.0030274322349262907
1403715903.5340581 -0.080687624882202727   -2.3117667189569464   0.73773014924740077 0.84760773047907145 0.003981856679026897 0.53058353746447784 -0.005137102411542728
1403715903.5840583 -0.077391067158943921   -2.2735236461558057   0.74476316080446281 0.8471996565182367 0.012782277986565397 0.5309889855532437 -0.011834381521366779
1403715903.634058 -0.069510294017397306   -2.2370797419340196   0.75553728486919458 0.84715445842761261 0.022290434133474927 0.53052725685382884 -0.019320710326262362
1403715903.6840582 -0.055710720992404102   -2.2019426949281802   0.77133138258394274 0.8456098383927193 0.033058113687135154 0.53210125874416991 -0.026821871220285846
1403715903.7340581 -0.043489960730077284   -2.1657055471964335   0.78912773832323668 0.84281368104513343 0.04481669570744258 0.53524228368914417 -0.034238291140890442
1403715903.7840581 -0.027582928398237828   -2.1305183559246217     0.810684317401417 0.83880458854616802 0.054212086115147141 0.53970947834041794 -0.046707504134257484
1403715903.834058 -0.0040562541657539752    -2.0949203552100362    0.83788950087120906 0.8347773900579869 0.065326259345301105 0.54357902617906373 -0.058318360626364737
1403715903.8840582 0.016557686340489257  -2.0585553535112271  0.86600835730090464 0.82950688850260257 0.076841965946501278 0.54851008759088149 -0.071765716099340945
1403715903.9340582 0.041706508578494325  -2.0263585925181333  0.89727033267215595 0.82432908158324969 0.091111699983315711 0.55238741075901054 -0.083954581871525935
1403715903.9840581 0.066486566516707771  -1.9939006806178619  0.92672082217742946 0.81860732793759206 0.10701506926913898 0.55613888044565374 -0.095600017012822183
1403715904.0340581 0.08723165452209912 -1.9600092607444117 0.95541136804363413 0.81300646543472233 0.12196083614079982 0.55865190140703203 -0.10979114109746954
1403715904.0840583 0.11177705535104165 -1.9252698457592388 0.98380860872109754 0.80824492230005351 0.13719304263234811 0.55924977734615011 -0.12311742836715221
1403715904.134058 0.13713933357007885 -1.8911115639529348  1.0109654839688293 0.80347054648162819 0.15279834647541984 0.55906393786632447 -0.1361442603574971
1403715904.1840582 0.16082313819323502 -1.8601471216794414  1.0370118414815772 0.79890838477851844 0.17114766794173017 0.55771070131497702 -0.14633059190559872
1403715904.2340581 0.19105289785945676 -1.8291801382817479  1.0656220729850145 0.79478897021520767 0.18935954263637875 0.55514758032286549 -0.15577105154186696
1403715904.2840581 0.21596265795293043 -1.8030121334128213  1.0929523886173993 0.78897993064885552 0.21021355652296822 0.55399093088798845 -0.16252685372316827
1403715904.334058 0.23407168917224513 -1.7738347898753553  1.1171333719611198 0.78122118857451628 0.22991265999602709 0.55497704705295692 -0.16980606744210125
1403715904.3840582 0.25719594807414992 -1.7441705626649884  1.1391789091486451 0.7734808980972756 0.2491055361783307 0.55556793679173189 -0.17611927700543395
1403715904.4340582 0.27913675454995274 -1.7164934662047231   1.158617411429774 0.76620576773256199 0.26497640527792343 0.55537020228424094 -0.18514903335990263
1403715904.4840581 0.29665573005621015 -1.6869929039377483  1.1749992856039739 0.75891641611964411 0.28053126269994599 0.55529013128010885 -0.19235632065260705
1403715904.5340581 0.31914645994241375 -1.6579059497238715  1.1885572405741662 0.75132633781016978 0.29684615180038376 0.55558950751136582 -0.19675211667817014
1403715904.5840583 0.34738390095729704 -1.6201914046401471  1.1990375933685709 0.74350236928435265 0.3122978850617748 0.55628660146723208 -0.20054793661998543
1403715904.634058 0.36650634753681738 -1.5905806111325915  1.2074340479428534 0.73507921995387038 0.32758283073441746 0.55670999925866838 -0.20596603148443909
1403715904.6840582 0.38316975869576392 -1.5619723283074056  1.2112360147667258 0.72651468953724752 0.34154666363258401 0.55656647814755744 -0.21390661011402146
1403715904.7340581 0.39190298086509046 -1.5371489711727973  1.2143414521881251 0.71951909980032536 0.35329546104327186 0.55315665679287518 -0.22691913818468668
1403715904.7840581 0.40403057922790031 -1.5096515019939598  1.2119514251695049 0.7142627197944178 0.36387972296096022 0.54638424929677021 -0.24266142348989223
1403715904.834058 0.42190731676470494 -1.4721086678858017  1.2093152478968234 0.7091652877519542 0.37581590515677799 0.53809275873643647 -0.25749404473558363
1403715904.8840582 0.43411814086557432 -1.4382669845749969  1.2069899553870769 0.70180662906640867 0.38852282403147376 0.53089126545329046 -0.27326166008142572
1403715904.9340582 0.44362636659636645 -1.4048265755544269  1.1956362101485525 0.69299526633728681 0.40110840142099125 0.52521061782619305 -0.28813784559866218
1403715904.9840581 0.44975743069154872 -1.3784680816982289  1.1813534552546112 0.68303049517415071 0.41453940774980996 0.5191360881621685 -0.30351959418178015
1403715905.0340581 0.45310494264394779  -1.353866101357259  1.1668297137975043 0.67089896502738267 0.4284775031038946 0.51514766831589331 -0.31768614683007035
1403715905.0840583 0.45901974855127864 -1.3279235021476317  1.1480610898695378 0.65811931383793532 0.44238950415075001 0.51149091754281129 -0.33097966197630879
1403715905.134058 0.46165879090942197 -1.3058622713584138  1.1264442839496489 0.64468456854936018 0.45489206333681931 0.50867696451992928 -0.34453267414613536
1403715905.1840582 0.46087266718190967 -1.2841102824514277  1.1044322597893923 0.63061058621108979 0.46779850035739606 0.50760065024110423 -0.35473431113536957
1403715905.2340581  0.4619950732182902 -1.2647159145579698  1.0811814970160725 0.61832541964094989 0.48034433274768867 0.50487774339929437 -0.36337509772005167
1403715905.2840581 0.46235797064282191 -1.2559204115683957  1.0555712554633028 0.60975889917887183 0.49502064997262196 0.49835783408384049 -0.36713500266266713
1403715905.334058 0.46164747120795002 -1.2425695228846265  1.0281817294531843 0.60346274673591149 0.5095689165761248 0.48926796758111629 -0.36985008917185236
1403715905.3840582 0.45375639943119433 -1.2431875678729549  1.0042917870461165 0.59744308803426283 0.52367243797138285 0.48005384989343108 -0.37199090778093952
1403715905.4340582 0.44052522886995937 -1.2420381054150771 0.98008552241661018 0.5904757250842515 0.53666265048784034 0.47143711474309891 -0.37560439893629555
1403715905.4840581 0.42636460628763739 -1.2435185324332696 0.96136529867351816 0.58515933540215281 0.54886251164170752 0.46116836656110155 -0.37902801108814238
1403715905.5340581 0.40925697293596691 -1.2479774301696336 0.94042787281841334 0.57871497415544748 0.56085087134323641 0.45217356766387296 -0.38219673403617305
1403715905.5840583 0.39194835049328874  -1.250442074440824 0.91871011564944949 0.57310126500629333 0.57140088783264009 0.44027640867173001 -0.38886070693679103
1403715905.634058 0.37380176113861868 -1.2528016285051675 0.89974675761822831 0.56876499255547996 0.57967263389135815 0.42596292490444804 -0.39880020983904702
1403715905.6840582 0.35663978408058988 -1.2537021683211449 0.87935148759076531 0.56428617003418879 0.58703793565060891 0.41067025082123343 -0.41026518924427807
1403715905.7340581 0.33916743876977373   -1.25561497764872 0.85993458650014831 0.55891749885882369 0.5952839789009492 0.3955809737795567 -0.42043299955744279
1403715905.7840581 0.31802361425638997 -1.2580942523756675  0.8435811774024351 0.55055602616847588 0.60438571900785121 0.38202579185451996 -0.43088543612759328
1403715905.834058 0.29936384756647932 -1.2590096307346839 0.82440669223001939 0.54119213937502153 0.61559819566989249 0.36701113671081176 -0.43983264464668603
1403715905.8840582 0.28079145146723311 -1.2598183793781053 0.80473171319422643 0.53069130927412489 0.62952747085892469 0.35149211073283443 -0.44555043910589714
1403715905.9340582 0.26253838397110335 -1.2605992662822401 0.78473044736605135 0.51972566318869817 0.64462606012357992 0.33497468920237006 -0.4495936334362336
1403715905.9840581 0.24557856842446943 -1.2610904768119879 0.76609227312503625 0.50630875979082324 0.66126785451817627 0.32019447285114161 -0.45149946167806887
1403715906.0340581 0.23167553193562232 -1.2616749400479317 0.75005743327023522 0.49165987755469137 0.67702859761405243 0.30668393930414961 -0.45370453401805894
1403715906.0840583 0.21550751408342897 -1.2609169562232247 0.73423010713210568 0.47393849041840747 0.69166525346616969 0.29567851445309917 -0.45777254235953124
1403715906.134058 0.19895045046323875 -1.2569357184229359 0.71943271369440243 0.45225421328531479 0.70511440685885263 0.28934546418521767 -0.46320514047364647
1403715906.1840582 0.18126654860944691 -1.2494213357198682 0.70402156167077867 0.42813343605647719 0.71649440567658618 0.28608931934346138 -0.47062769672239319
1403715906.2340581 0.16502132456635052 -1.2367228066629621 0.68985084752563741 0.40300229305295826 0.7276264673425491 0.28252734346226871 -0.47783593001449082
1403715906.2840581 0.14384143188602191 -1.2313023447472606 0.67362969638896097 0.38092071020295026 0.73737749167050015 0.27525024877062065 -0.48519186706695033
1403715906.334058 0.12313782750317026 -1.2235689555883633 0.65949472826953404 0.35884052269763661 0.74764730913198307 0.26700623930716888 -0.49088150157531368
1403715906.3840582 0.099804763842798433  -1.2184708740628758  0.64357385325795757 0.33745755209735873 0.75719817048200033 0.25764921286106807 -0.4963770887775163
1403715906.4340582 0.075753159961197247    -1.21306540373075     0.62985724155667 -0.31714219874669736 -0.7652462146616289 -0.24711620839011644 0.50274510069323519
1403715906.4840581 0.052048263594238309  -1.2095045838830449  0.61798245019022613 -0.2975223533529347 -0.77091103975501785 -0.23612105116680723 0.51129587054371062
1403715906.5340581 0.025153883104437974  -1.2058613716302509  0.60648186630212886 -0.27732085248048882 -0.77646833691236439 -0.22596487376424979 0.51877735337690734
1403715906.5840583 -0.0057085810510420125    -1.2017792615277072    0.59303319470913318 -0.26027809639636212 -0.78092964671786025 -0.21276254021504692 0.52643736654481943
1403715906.634058 -0.034539726679787885   -1.2030902364228402   0.58670325991233407 -0.24450427191289517 -0.78449768298502887 -0.19625023979412473 0.53503914790248286
1403715906.6840582 -0.065708698630105547   -1.2036410990076492   0.58181097747441035 -0.22932206830104834 -0.7872387686797776 -0.17816851704862569 0.54398758222074395
1403715906.7340581 -0.096873005915178501   -1.2050793163854552   0.58160655846914078 -0.21366744444825539 -0.79073432073374117 -0.16035102022311618 0.55079307140713607
1403715906.7840581 -0.12590696521598094  -1.2063168921499436  0.58534251096065359 -0.19808782628645422 -0.79449838724193733 -0.1427757912207363 0.55601133008991899
1403715906.834058 -0.15104762761674231   -1.212357521553918  0.59746728958834328 -0.18126135329760357 -0.79753245153907559 -0.12521067507027092 0.56161249753832987
1403715906.8840582 -0.1802950310030578 -1.2146956499916848 0.59916866740338581 -0.16314023295531108 -0.80024354526488795 -0.1089001035860858 0.56668889180229209
1403715906.9340582 -0.21003788160910827  -1.2172594959250216  0.59861585141267537 -0.1432635795224021 -0.8022307573903299 -0.094324330826102767 0.57184287990109151
1403715906.9840581 -0.23753122101066473  -1.2222735918146188  0.59609847158079698 -0.12303024423260864 -0.80354460156849739 -0.079512656504377513 0.57693792538695732
1403715907.0340581 -0.26560399792141787  -1.2247254063046829  0.59088644147505409 -0.10129716488214954 -0.80554022247107582 -0.067456187484780175 0.57990817991998223
1403715907.0840583 -0.29050065049596857  -1.2286230852133631  0.58401898810136077 -0.077104266037008998 -0.80848887985228723 -0.057511257662177524 0.58059720853290608
1403715907.134058 -0.31715094852873577  -1.2326258419491145  0.57789323653705005 -0.051793601674752422 -0.81090511478876925 -0.048059696311562525 0.58089636186277704
1403715907.1840582 -0.34285325607080891  -1.2396169305552993  0.57265717271046346 -0.025633313007710001 -0.8122250707550499 -0.037429784321642075 0.58157749178148077
1403715907.2340581 -0.36988261485000434  -1.2430923547565851  0.56842120267962282 -0.0012888737375076338 -0.81337890129869539 -0.024183246563741038 0.58122996508460689
1403715907.2840581 -0.3950065664139043 -1.2539311574803387 0.56984043677226559 0.02295728060176808 -0.81359172780646116 -0.0083796699925045241 0.58092275290531159
1403715907.334058 -0.41686755751627869  -1.2637537172339914  0.57614042531222198 0.04664660372635155 -0.81296916227617511 0.0063954941493352124 0.58040014921031557
1403715907.3840582 -0.43499572065098474  -1.2789220707138249  0.58190285416200116 0.071227241572529104 -0.81065078789398493 0.021936267852819397 0.58076740636636925
1403715907.4340582 -0.4563454389317656 -1.2893147731805183 0.59103895930372063 0.095041821792304831 -0.80815264994375413 0.033726027695964021 0.58027485001087098
1403715907.4840581 -0.47886217405805259  -1.3001997165409513  0.60034500418727088 0.11711794140860517 -0.80544219286622332 0.045922008997907653 0.57916960455522548
1403715907.5340581 -0.49597408887195926   -1.316046988528762  0.61321693744176897 0.13850990130257623 -0.80243650614301354 0.057542967195004888 0.57758070239278136
1403715907.5840583 -0.51194158528942446  -1.3325175116111339  0.62573302062194291 0.15777389692983573 -0.79938883390285442 0.06975146095750874 0.57551683152910593
1403715907.634058 -0.5310942232572794 -1.3501538878917374 0.63486514170925912 0.17480362850100564 -0.79591358618638786 0.083138442125694406 0.57363163635535175
1403715907.6840582 -0.54451312569046428  -1.3726398415209309   0.6473460940952046 0.19091297504266697 -0.79110073542859294 0.097133225744511109 0.57295462195636682
1403715907.7340581 -0.55300269946616154  -1.3946838737691911  0.66022769871912201 0.20482029940160504 -0.78556012868169778 0.11261044840992901 0.57294224498420965
1403715907.7840581 -0.56350940566223984  -1.4176686349699379  0.67147149195742928 0.21859192826699406 -0.77977035243652137 0.12737457360189602 0.57267048497131046
1403715907.834058 -0.57370996013025921  -1.4407886553666001  0.68286466313461991 0.2322332375801231 -0.7733926042112611 0.14155906191289405 0.57261910123983761
1403715907.8840582 -0.58277641574339878  -1.4645771064416153  0.69174297057416712 0.24510607608768933 -0.76776980508808412 0.15667989463965881 0.57087997729435791
1403715907.9340582 -0.58920131930543873  -1.4879687387644527  0.70091017206035455 0.25655240058478146 -0.76226608514524197 0.17364110957364978 0.56831333457659106
1403715907.9840581 -0.59329847670392122  -1.5128051566993093  0.71255317806787299 0.26959820455737538 -0.75650963284835471 0.18961007831384105 0.56485219456854929
1403715908.0340581 -0.59294280976085878  -1.5337397860070576  0.72284975473821178 0.28307045522957552 -0.75052953684900126 0.20566308982103224 0.56060612302989576
1403715908.0840583 -0.59047783442171753  -1.5547659032530587  0.73221190714971063 0.29805871663634109 -0.74385116781685456 0.22033176680918981 0.55614778081849781
1403715908.134058 -0.59038524946640314  -1.5773657000017476  0.73973182855844277 0.31333196688727272 -0.73582465301986777 0.23584140160501188 0.5520543377455952
1403715908.1840582 -0.57887967273290031  -1.5928822920407513  0.74801983034927466 0.32970968670333234 -0.72855882831344176 0.24896980333755897 0.54635848415357535
1403715908.2340581 -0.5745187563185209  -1.612658369991391 0.75291657548356505 0.3468175295075242 -0.72030512354068221 0.26326608889721625 0.53997138504193265
1403715908.2840581 -0.56878028677546877  -1.6313182977253868  0.75730635599025231 0.36472007626125957 -0.71179675001091869 0.27683520388041516 0.53262268308659544
1403715908.334058 -0.56238438910676181  -1.6481498977287143  0.76157850489359868 0.38235198125519754 -0.70310345630022342 0.29023338613922267 0.52461135494675082
1403715908.3840582 -0.55833311928026397  -1.6627192730412106   0.7671716805812332 0.39946625270409813 -0.69460955048911621 0.30244212452760655 0.5162102736589822
1403715908.4340582 -0.55052072131765306   -1.678432905325993  0.77171551043718978 0.41702520668720289 -0.6843958769495706 0.31569139686942693 0.50796771801420004
1403715908.4840581 -0.54202413968272789  -1.6941322374946677  0.77783108108975874 -0.43476584489846087 0.67368402820064666 -0.32877155183943707 -0.4990368292602923
1403715908.5340581 -0.52507270068259537   -1.706229116683434  0.78829614214835142 -0.45302733621291724 0.66134067577737954 -0.34088428807856835 -0.49111367864000199
1403715908.5840583 -0.50754331773481476  -1.7157962619944784  0.79685751487447609 -0.47048570614757601 0.64905174068311533 -0.35337454615638508 -0.48218406066128289
1403715908.634058 -0.49217923047504175   -1.724044731932211  0.80301874064013479 -0.48915573153366537 0.63445180120288014 -0.36415069647665299 -0.47496510662758606
1403715908.6840582 -0.47861033100937739  -1.7320745151084265  0.80898554713773563 -0.50623184372633245 0.61953282948405297 -0.37606385714622981 -0.46742311553582966
1403715908.7340581 -0.45542261181681043  -1.7335546041691272  0.81414217176921888 -0.52206965957696638 0.60407021989560139 -0.38806164323177322 -0.46038093035737937
1403715908.7840581 -0.43811625195912518  -1.7352284604595807  0.81720885605114912 -0.53595595485608238 0.58994879609876816 -0.40086303370794951 -0.45168624136935853
1403715908.834058 -0.42201879721704788  -1.7376705574649436  0.82139805490543072 -0.5496405810632492 0.57588880018204247 -0.41282944802809923 -0.44251459672439769
1403715908.8840582 -0.40240443939409454   -1.736377580744831  0.82235924807419591 0.56394031410660883 -0.56283498821499545 0.42312843741386674 0.43145153101833444
1403715908.9340582 -0.3852594571825107 -1.7344761538647198 0.82436322391292094 0.57903716659252258 -0.5511560893797719 0.4310376361410207 0.41850863918688846
1403715908.9840581 -0.36748977235944741   -1.728378523751785  0.82344886680178053 0.59502419467878531 -0.53836215710407465 0.43638589559696384 0.40703776933983249
1403715909.0340581 -0.34977135025279615  -1.7231567268731631  0.82445152314996206 0.61062849126172958 -0.52482987846849605 0.44100163987514296 0.39648959375197002
1403715909.0840583 -0.33084343122255866  -1.7156319324890719  0.82263464976476108 0.62561225354346006 -0.51155715156374582 0.44523158216610326 0.38560008706187943
1403715909.134058 -0.30552773437386221  -1.7037630821341254  0.82129295386852674 0.63985883586824255 -0.49673133311036055 0.44956294008481906 0.37647286193035884
1403715909.1840582 -0.28563288349369687  -1.6952941888352915  0.81916232685799517 0.65214356134159113 -0.48449879076076391 0.45461776457264258 0.36509229694289269
1403715909.2340581 -0.26428689413234591  -1.6858961086894568  0.81732711695106763 0.66353554514266244 -0.471180869006321 0.45961111147923434 0.35562170240228713
1403715909.2840581 -0.24280600154974596  -1.6757415581495787  0.81447866977662531 0.67348030480334209 -0.45910550987284959 0.4662757968396955 0.34385068144166187
1403715909.334058 -0.22145590168947918  -1.6642318370297544  0.81140398385405366 0.68261841204580165 -0.44595213137846201 0.47196076181909163 0.33527874874232333
1403715909.3840582 -0.19875809070524969  -1.6527084526190072  0.80751110967873563 0.69178518374224307 -0.43277546740458595 0.47671572217473873 0.32692625253850538
1403715909.4340582 -0.17630708720522861  -1.6402975894371241   0.8025236011218343 0.70023744616320316 -0.41955045715130751 0.48155039123258814 0.31898926878298806
1403715909.4840581 -0.15262652934314852   -1.627564969794429  0.79615267209198026 0.70873512684752027 -0.4037450985271363 0.48608302956507038 0.31370002192633872
1403715909.5340581 -0.12692236102100327  -1.6143989684958087  0.78847617546615989 0.71765522534498072 -0.38747209336333988 0.48976222074755688 0.30817092907686422
1403715909.5840583 -0.099662776284815846   -1.6001501202979909   0.78012865040650547 0.72711195932733574 -0.37078356146123048 0.49301525749067421 0.30127015291046172
1403715909.634058 -0.071042558017815685   -1.5834145684602741    0.7715797654015214 0.73526401448313672 -0.35396632708281478 0.49846641596260116 0.29261903638526809
1403715909.6840582 -0.039456548352951613   -1.5651980942632522   0.76667818090742668 0.74200001283641648 -0.33757943470668045 0.50628403295279223 0.28134069060648115
1403715909.7340581 -0.006770126771971547   -1.5459390613834121   0.75691163345273127 0.74974796536737454 -0.32091601641528483 0.51264316079113448 0.26849187795853707
1403715909.7840581 0.026033946781029448  -1.5247305108032161  0.74687063396678866 0.75641133617606549 -0.3040671261792704 0.52067093721625668 0.25354851295119812
1403715909.834058 0.05927149350696214 -1.5005239253119325 0.73683401304326268 0.76307717333509928 -0.28514169000878248 0.52872726481761712 0.23844270505161569
1403715909.8840582 0.095393651192023768  -1.4752405223832974  0.72755996316803073 0.7677415358938513 -0.26611842887026171 0.53968736042880183 0.22020778567608898
1403715909.9340582 0.13110927780933346 -1.4494049741234238 0.71724878857808128 0.77072241020184684 -0.24612732634909196 0.55233512832161202 0.20083379112801766
1403715909.9840581 0.16623646003620651 -1.4215078947431179 0.70698228004732289 0.77349388499480887 -0.2242841574936365 0.5643668331021271 0.18136676726259054
1403715910.0340581 0.20040904886967345 -1.3915921836572533 0.69703869561510867 0.77664978204900081 -0.20088399502292811 0.57463999092991958 0.16201733676039037
1403715910.0840583 0.23238721118991973 -1.3616446061952028 0.68597436505396503 0.78065781672454937 -0.1758730584717616 0.58245726499491335 0.14277806184877839
1403715910.134058 0.26361688823921575 -1.3295981688851783  0.6743382104657546 0.78585382328750941 -0.15095897893352508 0.586807910213897 0.12369976400200025
1403715910.1840582 0.29346615409401777 -1.2975173538681941 0.66056388866994376 0.79099299212761309 -0.1267107715132812 0.58939347383842688 0.10435420348115643
1403715910.2340581 0.31866543319448359 -1.2640969074036854 0.65027532547733824 0.79624623138578465 -0.10242827831871948 0.58973849460013306 0.087800312023178131
1403715910.2840581 0.34436956066853047 -1.2291264992525952 0.63975485699139101 0.79930865734994372 -0.079656705590596233 0.59142741462755821 0.070527248399790424
1403715910.334058 0.36875041417807358 -1.1948575197696583 0.62861159815971346 0.80106944340159258 -0.05826708260958658 0.5932011485881783 0.054818712554165726
1403715910.3840582 0.39281438192184676 -1.1613682469879059 0.61790117102271525 0.80103053382490541 -0.037856192104116171 0.59603924210784798 0.040672035442867016
1403715910.4340582 0.41396787043191047  -1.126329951180804   0.607792988903603 0.79891431549720759 -0.01835598683766497 0.60055225807864532 0.027128574556804372
1403715910.4840581   0.433218981936286 -1.0910391760048366 0.59782282694632471 0.79602057967569084 0.00048210027691618227 0.60509284156009513 0.014617024486193632
1403715910.5340581 0.44764421495316464 -1.0572535171797826 0.58771308944774059 0.79293852029257827 0.018814888505421162 0.60900773870897229 0.0020192075993364328
1403715910.5840583 0.46114248845219624 -1.0236731141007969 0.57517920578473325 0.7904366806240356 0.036032356702756042 0.61139686000013604 -0.010266585434111212
1403715910.634058 0.47099185423819162   -0.98811364072662  0.5656158855859299 0.78902348889463725 0.052056413691982641 0.61172619304269615 -0.022872002788421924
1403715910.6840582  0.48226402774608906 -0.95208050380507436  0.55697689668653938 0.78797117695947072 0.067611269083098974 0.61098670708270175 -0.035005490173916368
1403715910.7340581  0.48921720802651231 -0.91508378074425611  0.55027399166161151 0.78747766314162093 0.082014266114704248 0.60895605207756365 -0.048219465413730983
1403715910.7840581  0.49065785050264382 -0.87714815859288786  0.54267981292388756 0.78592499716624487 0.096830637073664849 0.60774932549043814 -0.05988726007310597
1403715910.834058 0.48852900590845522 -0.8391891635105474 0.53850274305871171 0.78373035605842278 0.11111914058846847 0.60682463906086359 -0.071993909576232071
1403715910.8840582  0.48578737033856634 -0.80115577730102261  0.53429151048201617 0.78171215000150041 0.12530306442310191 0.60510919011052344 -0.084072139439877736
1403715910.9340582  0.48004355536695031 -0.76346584091568892   0.5286979927700769 0.77964705146708724 0.13952574456956102 0.60280020032246551 -0.096514041632200634
1403715910.9840581  0.47312590034587548 -0.72741628355549304  0.52414915444781374 0.77824325495064528 0.15307709322382249 0.59914926005431324 -0.10920166587712447
1403715911.0340581   0.4600265875327581 -0.69233648964467609  0.52073552247791133 0.77504669059612985 0.16659507990703418 0.59717463690613048 -0.122193124940756
1403715911.0840583  0.44919354595865546 -0.65698743117959002  0.51693541446871538 0.77013047320791805 0.17995278265114489 0.59677714513564528 -0.13554736919766119
1403715911.134058  0.43108992993238487 -0.62283943157462829  0.51193369994817217 0.76436982302856571 0.19235873582588284 0.5972652035627608 -0.14836160894207545
1403715911.1840582  0.41396983663758213 -0.58851150694996524  0.50592171090245364 0.75883843470103363 0.20521631558799616 0.59676735812309789 -0.16099445368009199
1403715911.2340581  0.39203676185250086 -0.55759101015181001  0.50141859180268034 0.75327291138789521 0.21954497399464817 0.59509813991521976 -0.1738911419030286
1403715911.2840581  0.37076874185764613 -0.52686449203133712  0.49667987463341362 0.74882047507271354 0.2347143090391387 0.59134850688647889 -0.18569876856696588
1403715911.334058  0.34706908224773908 -0.49895530090534601  0.49253046765012354 0.74514811062112307 0.2491112632035625 0.58609320061634873 -0.19797129078273046
1403715911.3840582  0.31971830148733144 -0.47005810231148465  0.48663579597208428 0.74160166095405322 0.26366546639059346 0.57993648714836543 -0.21019317110038152
1403715911.4340582  0.29294978882543704 -0.44236741948214053  0.47817881215002295 0.73832055916969042 0.27816804639397341 0.57308827190437683 -0.22152905560754593
1403715911.4840581  0.26459879847295409 -0.41668930877294386  0.46996024749255744 0.73623573677485921 0.2922305530464871 0.56427402838400542 -0.2327081104151966
1403715911.5340581  0.23327634346033518 -0.39580216946390379  0.46353986411199694 0.73473802485533202 0.30532667533643792 0.55505718784369562 -0.24258436549524659
1403715911.5840583  0.19994945558424901 -0.37699926444289122  0.45652413316383045 0.73395309268673758 0.31967879658146603 0.54450166137871958 -0.25027238263063134
1403715911.634058  0.16574350929657386 -0.35930739671350431  0.44988312036116657 0.73158220592140255 0.33481719335910864 0.5355549030909561 -0.25664346628258505
1403715911.6840582  0.1345718111282477 -0.3440778927599405 0.44252055637769039 0.72867649383046973 0.35026079405294969 0.52737544900899902 -0.26119548095418399
1403715911.7340581  0.09972781258368367 -0.32633310863505233  0.43709268089987757 0.7232148510425459 0.36656067281825011 0.52202780088573408 -0.26472726999110696
1403715911.7840581 0.063874559732215105 -0.31193501691122011  0.43673414466816435 0.71728138505472205 0.38174476488691528 0.51739470527670217 -0.26847917626335166
1403715911.834058 0.027434820472844922 -0.29584170840130974  0.43976217546843449 0.71132457527366033 0.39505899034868974 0.51259400113991016 -0.27421366259141489
1403715911.8840582 -0.010470247405602422  -0.28340009705317698   0.44773043763115233 0.70470021094672008 0.40714578691377934 0.50899381696692214 -0.28027703291467021
1403715911.9340582 -0.044674228036736485  -0.26386322210088342   0.45852660910099657 0.6988684415032651 0.41784489910325584 0.50490400537500413 -0.28646201688961331
1403715911.9840581 -0.081866956817610345   -0.2502490063692131   0.47131869428277495 0.693000457168641 0.42714701125374088 0.50085378120450652 -0.29400899134924363
1403715912.0340581 -0.1232145475686499 -0.2363508566194738 0.48704466067853708 0.68801653092417536 0.43568063337487767 0.49618270497059064 -0.30102883942439207
1403715912.0840583 -0.16570621867485971  -0.2239342580799499  0.50405691755476678 0.68352720859258653 0.44289047952805982 0.49122461230317443 -0.3087668352084274
1403715912.134058 -0.19513661510442004 -0.20752671145868956  0.52152633924470293 0.6796494563671881 0.44851420906565775 0.48628216702695998 -0.31692471465248195
1403715912.1840582 -0.23456367780611553 -0.19525277297246318  0.53765638906193014 0.67543996304050202 0.45490073171103595 0.48176885139434872 -0.32364325181097059
1403715912.2340581 -0.27029499305834265 -0.18090175862941085  0.55240310770385115 0.67123380336000482 0.46056977117309639 0.47711400956005801 -0.33118407115975401
1403715912.2840581 -0.3098814999635866  -0.169324570836618 0.56727138985784886 0.66642938354953551 0.46663714132427708 0.47326969608122316 -0.3378423446663838
1403715912.334058 -0.34737001074706952 -0.15876692418898877  0.58399738043152594 0.66145756832234159 0.47288312934703008 0.46945224770788568 -0.34419473907959275
1403715912.3840582 -0.38598246657307972 -0.14778759282319007  0.59801151277549269 0.6565394714949585 0.47964006913555768 0.46546550705902107 -0.34963293349890046
1403715912.4340582 -0.42579842443541616 -0.14062537454540674  0.61469978994764463 0.65145155417470624 0.48735918685348484 0.46037388937744222 -0.35517288400489755
1403715912.4840581 -0.46231478991030278  -0.1327282974192712  0.62973482295029637 0.64598362448367097 0.49467311855970542 0.45590459048768828 -0.36076954839011627
1403715912.5340581 -0.49896342104683739 -0.12246648789642428  0.64484018484173777 0.63963159238965939 0.50318618965375905 0.45043432769038189 -0.36712940633639446
1403715912.5840583 -0.53662161756807725 -0.11444805518036971  0.65857498567062567 0.63353409448404086 0.5116616992887707 0.44432315921994031 -0.37338155657186073
1403715912.634058 -0.57588917685926955 -0.10604622526535851  0.67299541990466716 0.62623712603603965 0.52089879419194318 0.4380750690265191 -0.38023905912059014
1403715912.6840582   -0.6143204798808124 -0.097383876394680643   0.68821616593877033 0.61799209297427415 0.53066776743630995 0.4323330032676172 -0.38673720781823012
1403715912.7340581  -0.65142993993891485 -0.087108553153793622   0.70170314224572095 0.60862814139081012 0.54089334681341295 0.42534357783944754 -0.39508102165364867
1403715912.7840581  -0.68869959174546147 -0.076561153256566539   0.71288178327559149 0.59824653916555282 0.55198079806992773 0.41763008049946676 -0.4037367865336689
1403715912.834058  -0.72718916075488771 -0.069488050015227162   0.72547640416932579 0.58652706573741709 0.56443026779648653 0.40952747250486815 -0.41193655241604427
1403715912.8840582  -0.76350668884672901 -0.063791856958695756   0.73323103773949616 0.57365481421599085 0.57700559375543381 0.40065675463768519 -0.42125866621940722
1403715912.9340582  -0.80071859801077871 -0.056701339112075089   0.74030074160615167 0.5601286742690591 0.59051090286880359 0.39102524025127111 -0.42971153503378573
1403715912.9840581   -0.8365953013890236 -0.050997059465158721   0.74388682518912408 0.54628017613486091 0.6031693634894596 0.38146359718302442 -0.43846346727403962
1403715913.0340581 -0.86977414582227031  -0.0460672243112729  0.74357844011131291 0.53311298151133057 0.61455537500744428 0.37099581813564975 -0.44774361292978726
1403715913.0840583  -0.90388906787205603 -0.041191654632316992   0.73977305082504929 0.51882752779872943 0.62641711401104705 0.36141392116555521 -0.45585038473173134
1403715913.134058  -0.93958314099570173 -0.040197372476552987   0.73496684135727208 0.50396658497708458 0.63807790281170351 0.35205134478027922 -0.46360988105124584
1403715913.1840582  -0.97377222356743232 -0.038005092045192077   0.72784149026686595 0.48874853600428064 0.64836050966111924 0.34284405767507453 -0.4724526115734109
1403715913.2340581   -1.0073360130782421 -0.036171496506337476   0.72100675933827119 0.4729770119968974 0.65676290103620227 0.33550784028294917 -0.48206817676929209
1403715913.2840581   -1.0401118104282339 -0.034791591858427472   0.71426571574885545 0.45580586963413516 0.66551469677140607 0.33042973604946829 -0.49004835182113621
1403715913.334058   -1.0723728172905742 -0.034596081978676696   0.70768817023136277 0.43836677999729939 0.67369343486311251 0.32802035381942263 -0.49636112810867988
1403715913.3840582   -1.1035149212185238 -0.032760866101578065   0.70151337705529804 -0.42220890225024948 -0.68156187646390898 -0.32738293264962354 0.50003346570141338
1403715913.4340582   -1.1349545763854365 -0.038385881130216945   0.70004565693716603 -0.40774545001030421 -0.68733170808943445 -0.32749945810783965 0.50404650181290456
1403715913.4840581    -1.166014809197272 -0.042299842383396166   0.69322914104211386 -0.39523381943211844 -0.69104281914280608 -0.32903236484791221 0.50792494816739697
1403715913.5340581   -1.1956487470472548 -0.051742257973971507   0.68957465331849654 -0.38358062018309147 -0.6943568429742355 -0.33244425696751317 0.51011302516611534
1403715913.5840583   -1.2251371194982854 -0.059674180846651888    0.6847749846073079 -0.37100908156500351 -0.6982690404680858 -0.34017596595779909 0.50897241644783642
1403715913.634058   -1.2550399944420298 -0.071833935236825464   0.67965861621710255 -0.36109740679487123 -0.70067401742826962 -0.34691553991570478 0.50824619257987891
1403715913.6840582   -1.2866927998190276 -0.087259307560143662   0.67551536295019277 -0.3532844086828455 -0.70237845073790917 -0.35267322108416282 0.50742116397598935
1403715913.7340581  -1.3230771828542469 -0.10177643810049637  0.67067295781320879 -0.35017915044403675 -0.70422086457482036 -0.35404583381554244 0.50606233217820373
1403715913.7840581 -1.3584149067989126 -0.1262679481038341 0.66512069717234568 -0.35099375448693543 -0.70577761107773829 -0.35161306732967085 0.50502435475488316
1403715913.834058  -1.3960719149701732 -0.15484879458560302  0.66063887436637991 -0.35478978510989156 -0.70847044629079081 -0.34672958497636175 0.50196855480829139
1403715913.8840582  -1.4364081331952756 -0.18517383268933141  0.65689086242574346 0.35977438351941526 0.71100323535690035 0.34080540595182018 -0.49888722929060847
1403715913.9340582  -1.4761152491702909 -0.22084805264317622  0.65576298386139986 0.36544149711401591 0.71245997378931658 0.33524129060038471 -0.49645400090217973
1403715913.9840581  -1.5188601683145588 -0.25696222536278451  0.65460447565345459 0.36993370451644159 0.7130603106373995 0.33123781867754282 -0.49495005317120716
1403715914.0340581  -1.5621283220486446 -0.29639024409714115  0.65476760519282218 0.37368802231041598 0.71359025418528321 0.3291093318213697 -0.49278114698271969
1403715914.0840583  -1.6114763186617029 -0.33616998106109208  0.65640512290678288 0.37504212772921963 0.71412935339758177 0.32963198060727461 -0.49061739309284275
1403715914.134058  -1.6587694440802023 -0.37908257621548569   0.6579980936062958 0.37727789026409864 0.71402295474869815 0.33057320549963692 -0.48841987000479831
1403715914.1840582  -1.7071419816072386 -0.42227771526861702   0.6601307148801786 0.38190521634632457 0.71200166600993042 0.32945881255853277 -0.48852730133951794
1403715914.2340581  -1.7573302654424678 -0.46768172035277827  0.66138547609703391 0.39235007983592346 0.71040166719800757 0.32268055695091086 -0.48710178018652939
1403715914.2840581  -1.8068859757143978 -0.51452172522848394  0.66288829357063306 0.40450142978124248 0.70852402865964825 0.31615792285225386 -0.48416573808416152
1403715914.334058  -1.8582373279985789 -0.56309343526711986  0.66498180392258965 0.41722538859972935 0.70756266083395891 0.30976531376072391 -0.47887733971455915
1403715914.3840582  -1.9102114331360736 -0.61067932361375432  0.66760629083800616 0.43008082785939011 0.70709794062355147 0.30424931763537894 -0.47167291271825268
1403715914.4340582 -1.9624788773949833 -0.6570132250499886 0.67030932360037976 0.44244936089074643 0.70612885291201555 0.30067575129185936 -0.46391238258706491
1403715914.4840581  -2.0149673096919511 -0.70170829813488356  0.67390402813248018 0.45307529974967203 0.70468773306083787 0.30028253896228357 -0.45603549031263657
1403715914.5340581  -2.0690547980398235 -0.74511734654027117  0.67720109370956671 0.46333710559715191 0.70284444187371797 0.29975300084989842 -0.4488613990816725
1403715914.5840583    -2.12286162360222 -0.78631666451013615  0.68143849156134628 0.47389910621104558 0.69901213725755995 0.30037002775516342 -0.44337288541965741
1403715914.634058  -2.1774509378393989 -0.82456770181149386  0.68500782024794904 0.48640169123675858 0.69422001043282655 0.29872904682235213 -0.43844375746642394
1403715914.6840582  -2.2329898422003032 -0.86028117399000714  0.68717679117129815 0.50122532000564413 0.68758200847032258 0.29474993998749388 -0.43488691988898182
1403715914.7340581  -2.2873300188255818 -0.89212301282042639  0.68896714099430689 0.51688447905705537 0.67960759810716898 0.2903701898546725 -0.43202905081566312
1403715914.7840581  -2.3406665903324519 -0.92065253266296654  0.69003533540404083 0.53541388621314789 0.66941070765626642 0.28136434810621297 -0.43134137123632937
1403715914.834058  -2.3933562561744126 -0.94618548511832279  0.69281514515667675 0.55135888552218215 0.66045477136455844 0.27252053079954019 -0.43073824375165859
1403715914.8840582  -2.4446527686101112 -0.96698659287261879  0.69496698683108249 0.5657420680330979 0.65159099354423533 0.2644322117034052 -0.43062825615989914
1403715914.9340582   -2.493959471037039 -0.98529713417940079  0.69688529911482144 0.57630139890193133 0.64468542793422046 0.25953828465564216 -0.4299968318847886
1403715914.9840581   -2.541402779242024 -0.99787604978046607  0.69908310771536852 0.58394863964294097 0.6387978527969661 0.25704021390718518 -0.42996699635634011
1403715915.0340581 -2.5866367993477644 -1.0096729282503996 0.70321146153800207 0.59027431485226611 0.63348754787065631 0.25473102488067956 -0.43055994342454723
1403715915.0840583 -2.6264926854198443 -1.0114401220860603 0.70721548757736163 0.5948692873071163 0.62911748806585088 0.25316770635299873 -0.43156439807796859
1403715915.134058 -2.6621145898521963 -1.0061987159375934 0.71080550809621168 0.59730562546829591 0.62637118578742268 0.25396083873713582 -0.43172794649769458
1403715915.1840582  -2.6961404559665123 -0.99562929336453609  0.71597496703804142 0.59799879386225929 0.62338941763762468 0.25607929949708147 -0.43382769492713374
1403715915.2340581  -2.7243915666507177 -0.97805505277042049  0.72156295269317627 0.5930248295546684 0.62221193297379962 0.26661487540834045 -0.435993543768322
1403715915.2840581 -2.7516520321965685 -0.9546022993987201 0.72541746860004419 0.58527204391782317 0.62190114850931999 0.28100524108740876 -0.43787172844618516
1403715915.334058  -2.7717945183124324 -0.92920401437145972  0.73058307972531433 0.5742160459331318 0.62456840385258616 0.29757415628530287 -0.43776690488551367
1403715915.3840582  -2.7908901353363116 -0.90127583965967917  0.73403243004631191 0.5634286900513249 0.6269542088149177 0.31307040622732529 -0.43756536885471886
1403715915.4340582  -2.8119109293668103 -0.87415502771044062  0.73328819381027044 0.55375614756290625 0.63045998533424485 0.32593476893794648 -0.4354777403335332
1403715915.4840581  -2.8285767263905535 -0.84301289711950378  0.72959675221852704 0.54613171946270578 0.63235529838318172 0.33511437640398112 -0.43539094654206639
1403715915.5340581  -2.8420680342670268 -0.80831311276278639   0.7208649644018531 0.54049890159694403 0.63343873145844998 0.34135212154130795 -0.43599889905830602
1403715915.5840583  -2.8586761014570197 -0.77544624346778679  0.71161977842360447 0.53504899140144924 0.63480834733765179 0.34679690629967846 -0.43643194742331026
1403715915.634058  -2.8723550668876556 -0.73815578014083694  0.69772351943008115 0.52910680333649984 0.63740300024700614 0.35298583129124028 -0.4349303494202007
1403715915.6840582  -2.8873115086047374 -0.70589142317704345  0.68118860796612812 0.52396304110685687 0.63990320857693783 0.35749769445005963 -0.4337995086095488
1403715915.7340581   -2.901870399448669 -0.66977124836649815  0.66732518181164491 0.52241613900706241 0.64234202550143671 0.35707568958567287 -0.432406119159502
1403715915.7840581  -2.9155106870878655 -0.63766401972284859  0.65019255276351084 0.52313545429706154 0.64439696644432609 0.35329501357090581 -0.43158368769068489
1403715915.834058  -2.9316557236753309 -0.60468405517957013  0.63171898853393338 0.52469899539606224 0.64679376258713639 0.34817996929256834 -0.43025515905351358
1403715915.8840582  -2.9483374180408042 -0.57052485967007605    0.615756904589703 0.526347722894148 0.64943189115690603 0.3429078955038431 -0.4284979212944155
1403715915.9340582  -2.9655527388927894 -0.53368514216020579  0.60051675927872539 0.5278210925128346 0.65130471783509736 0.33854021772028398 -0.42731438053288651
1403715915.9840581  -2.9807753506038948 -0.49865714654768439  0.58423359271056285 0.52710998318045199 0.65150500569036773 0.33682829619928456 -0.42923535743387292
1403715916.0340581  -2.9987478826101026 -0.45717413036376736  0.56984027325400666 0.52579401970695117 0.65021794964547264 0.33740712360829389 -0.43233517059987331
1403715916.0840583  -3.0165903319844101 -0.41506082653427745  0.55582012087861565 0.52487820574122912 0.64766944417787142 0.33974163700693671 -0.4354340137151001
1403715916.134058  -3.0295686603916572 -0.38350846529096372  0.54399393611265989 0.52501942185834449 0.64579635922133549 0.34230857466871678 -0.43603498574801225
1403715916.1840582  -3.0467605900906456 -0.33767083318009466  0.53066312617043787 0.52688196489326644 0.6406625381745028 0.34760037418921974 -0.43717374934175657
1403715916.2340581  -3.0625667600175999 -0.29467738932953152  0.51710479597796932 0.53058463179787785 0.63479880796281274 0.35270875290008036 -0.43715781765464562
1403715916.2840581  -3.0780740376705662 -0.25204026929935891  0.50320361869913277 0.53590258827748538 0.62815995375599487 0.35879486347745482 -0.43530418596304921
1403715916.334058  -3.0930905625859348 -0.20768589008583344  0.49023270175218442 0.54227668530575945 0.62053967114820174 0.36602393941797928 -0.4323112176176136
1403715916.3840582 -3.1088173375847972 -0.1605522524088385 0.47844887385464108 0.55012437262433411 0.61175688886897783 0.37247556852853148 -0.42939333298897342
1403715916.4340582  -3.1229515381374804 -0.11559523898710514  0.46478907457226515 0.55911521545684018 0.60190489124690438 0.37838064767399132 -0.42653108116937322
1403715916.4840581   -3.1354098194405791 -0.073948933760620839   0.45173008762887662 0.56980380181848356 0.59180031675049194 0.38300724687902543 -0.4223759715767092
1403715916.5340581   -3.1493154142495543 -0.031064781625262463   0.43878745488099735 0.5811889694563559 0.58186381344822058 0.38702154309742687 -0.41697507066998607
1403715916.5840583  -3.1611608628297172 0.015167839447045211  0.42611233515881186 0.59210453157768139 0.57144487130213362 0.39307738404407161 -0.41030860690550008
1403715916.634058  -3.1725009340019454 0.057535144635587565   0.4127296502603921 0.60409693298263023 0.55951342845909202 0.39715906148625008 -0.40531012671076116
1403715916.6840582 -3.1830730008403458 0.10214143456062924 0.39942222362076796 0.61596495223791348 0.54724962797625376 0.4004148421430242 -0.40096505644005181
1403715916.7340581 -3.1921859540447279 0.14632930006462136 0.39054734328275925 0.62679379245590527 0.53523978162196384 0.40255128093901871 -0.39824663730202575
1403715916.7840581 -3.2004793582549222 0.19018355231108863 0.37737302135165185 0.63685638542366452 0.52362498380207756 0.4038144021606474 -0.39644009546338488
1403715916.834058 -3.2080988376473494  0.2433758307698157 0.36810140092916843 0.64610686685939656 0.51303684275957862 0.40499772691363822 -0.39410145364259153
1403715916.8840582 -3.2135055229427212  0.2877279054163539  0.3579072324310375 0.65478188259422954 0.50124177875052156 0.40401951942535341 -0.39596160594769364
1403715916.9340582 -3.2190606865032905 0.33633323661168207 0.35148374558654139 0.66065868102936176 0.49108298279061641 0.40568346306279773 -0.39722605527758487
1403715916.9840581  -3.220076259344852 0.38339807556497124 0.34674571213639704 0.66580343014965604 0.48201510657936658 0.40707166206086121 -0.39832134185509338
1403715917.0340581 -3.2167978341160577 0.42820161278996077 0.34061447831429909 0.66936522924711672 0.47394785321089816 0.40928288174247202 -0.39976386157869964
1403715917.0840583 -3.2106448092786088 0.47054331249683257 0.33789116634762772 0.66859762452961247 0.4683079020176168 0.41729710632382672 -0.39940962736891894
1403715917.134058 -3.2003148794550191 0.51255771086214308 0.33710348651190619 0.66354585542549727 0.46227686551275249 0.43218309906336361 -0.39902978114839566
1403715917.1840582 -3.1856390934474237 0.55573826662179104 0.33569193235535816 0.65573106428755124 0.4596424723890713 0.45263304328458376 -0.39226126119120319
1403715917.2340581 -3.1699152412194311 0.59665891718622688 0.33538054488233088 0.64806136609122256 0.45751462462779041 0.47313688917138608 -0.38319488271230068
1403715917.2840581 -3.1538579159929894 0.63269773859086709 0.33475817699806426 0.64453530543292159 0.45469405484277264 0.48813631681121644 -0.37356457641364765
1403715917.334058 -3.1381330288563904 0.66656977879995549 0.33211213232978165 0.64235183293425435 0.45035290930083427 0.50048021157812383 -0.366177467396609
1403715917.3840582 -3.1236840302233118 0.69576241183876641  0.3295393046701291 0.64232324273557817 0.44662913763633905 0.50797547615277427 -0.36042222584523548
1403715917.4340582 -3.1101365478607739 0.72360977396815995  0.3293185990009514 0.64412276527527146 0.44363415891220359 0.51166601316018356 -0.35565782330375106
1403715917.4840581 -3.0993106664472414 0.74785282206271497 0.32775466768625861 0.65046629372225262 0.44037053465316173 0.5076991697578116 -0.35384876143312088
1403715917.5340581 -3.0881777121140237 0.76999677419186729 0.32609130079484383 0.65813192080718685 0.43921687208619026 0.50134346242480055 -0.35015089143593298
1403715917.5840583 -3.0792810941350544 0.78857014342049048 0.31969153243276932 0.66620008883393222 0.43645662723181561 0.49282571522980578 -0.35043668271360989
1403715917.634058 -3.0721615789078363 0.80435040812928671 0.30883525264016032 0.67175348253828682 0.43425361440494809 0.48628551097296419 -0.35170649537886789
1403715917.6840582 -3.0617576678481311 0.82252394012516217 0.30377703846874987 0.67454635154247078 0.43016737927059362 0.48302924328220614 -0.35584546585059923
1403715917.7340581 -3.0533379676338082 0.83597704194979428  0.2944205112703413 0.67371382649537459 0.42596028530945673 0.48357592308650577 -0.36169302168977574
1403715917.7840581  -3.042357860368595 0.85086759399564738 0.28625786983049512 0.67098603943869251 0.42265408706803165 0.48695592151524336 -0.36608084908160182
1403715917.834058 -3.0304047357250328 0.86334754045541362 0.28051001484549865 0.6669470942968837 0.42052505173063359 0.49166343813332614 -0.36960427199750917
1403715917.8840582 -3.0176967529621681 0.87355512288327974 0.27405888454185023 0.66296659059884777 0.419053745832631 0.496401929667593 -0.37209458753880131
1403715917.9340582  -3.004660158647781 0.88332453504803332 0.26888618370337214 0.65905925300775536 0.41983755489908847 0.50070506469784382 -0.3723865823403717
1403715917.9840581 -2.9920353992506503 0.88956225244844778 0.26563102271608507 0.65527884154985783 0.42205093540215938 0.50467341100589591 -0.37119724671246263
1403715918.0340581 -2.9801548599122771 0.88758448232322573 0.26449964140199306 0.65209105804121192 0.42520731762776165 0.50894818648907048 -0.36735232751131847
1403715918.0840583 -2.9680774628086533 0.88068526006269154 0.26119749584997021 0.65098114027713538 0.42828269262953722 0.51303425030775029 -0.35999076128233976
1403715918.134058 -2.9564002060335994 0.87018911438607682 0.25491819046071318 0.65205720082517016 0.43070007690018813 0.51626024870072895 -0.35042004255133219
1403715918.1840582 -2.9457839368340317 0.85777511685554453 0.25119179317748536 0.65311510206626555 0.43044247597311491 0.52057231151426708 -0.34229286702442258
1403715918.2340581 -2.9385318894889192 0.83757566274201234  0.2450877706267873 0.65554636825309354 0.42609344739562222 0.52320845936232752 -0.33905197419922728
1403715918.2840581 -2.9313579670903702 0.81925109215208469 0.24255206451306452 0.66014174748855448 0.41894081661906241 0.52404453514348148 -0.3377555189476007
1403715918.334058 -2.9302647140506437 0.78985476500177343 0.23033304108776184 0.66841072293552062 0.41107498218584793 0.51967178467731756 -0.33791374742086389
1403715918.3840582 -2.9268823014133445   0.763743181361898 0.21887686984040172 0.6796053400462001 0.40263715159369029 0.51217051951152492 -0.33719618159241255
1403715918.4340582 -2.9224795282389504 0.73908930108470061 0.20481988482502178 0.69152796888265922 0.3938598517649794 0.50397948301607309 -0.3356607902623483
1403715918.4840581 -2.9174605353902878 0.71362118480059522 0.18740693526964369 0.70309276761984885 0.38595540590099353 0.49604113610064421 -0.3326291870423323
1403715918.5340581 -2.9106324645958805 0.68840247596299442 0.16786402379055892 0.71259192585430609 0.37802313692080253 0.49110479274511165 -0.32882721557466676
1403715918.5840583 -2.9031841154709461 0.66023171541026815 0.14523514328013223 0.72065798478204879 0.37038146196960597 0.4875194107171823 -0.32526061208376422
1403715918.634058 -2.8935140112912845 0.62984898425175551 0.12104868680848041 0.72597294491555764 0.36537348852526796 0.48667564699115662 -0.3203315653494796
1403715918.6840582  -2.8837423256447354  0.59737293375038736 0.099605706242021308 0.72947793939302885 0.36303796685987405 0.48780636012807749 -0.31322567834669335
1403715918.7340581  -2.8714988510102839  0.56601157677543557 0.080024162334868851 0.73200852376218817 0.36366834822447536 0.48934510435375861 -0.30405628177065031
1403715918.7840581   -2.857514359390573    0.532500630696642 0.065755830540964122 0.73248455347200747 0.36671313698194724 0.49296316791187123 -0.29321522670568423
1403715918.834058  -2.8440025073645088  0.49730721754570795 0.054939000941477016 0.73410817569608866 0.37197642822463484 0.49347531963788199 -0.28142642400757939
1403715918.8840582  -2.8297778166562026  0.46222833669808916 0.046174268321093816 0.73652499263658511 0.37824824166872428 0.49161937915080206 -0.26975838993361601
1403715918.9340582  -2.8155212241768184  0.42740071123481643 0.040687649572493052 0.7399932282070717 0.38356770800131917 0.4874465919817802 -0.26015698251563302
1403715918.9840581  -2.8000848324973768  0.39651163124708277 0.039559816781616047 0.74397309554550151 0.38786545098392461 0.48176901163803043 -0.25290916247300349
1403715919.0340581  -2.7841102088348144  0.36613878623473167 0.040475927366174613 0.74782552056557983 0.39160461085899173 0.47604143608633448 -0.24655094944789357
1403715919.0840583  -2.7668430132462101  0.34351817281762004 0.045076527585476291 0.75003857158505693 0.39609495975858006 0.47244318604980146 -0.23947517604881138
1403715919.134058   -2.749635238485066  0.32190585258091409 0.053580611182696726 0.74877356544942975 0.40117754001228922 0.47338490428454366 -0.2330267398161639
1403715919.1840582  -2.7318944615436642  0.30123423588374182 0.061444673635133659 0.74472911065282799 0.40737219586073381 0.47778576946958967 -0.22615747672408298
1403715919.2340581  -2.7131377047057206  0.28607708158144041 0.069844953525120032 0.73875489386495341 0.41327584109609378 0.48493042856370461 -0.21974249796049827
1403715919.2840581  -2.6951594000412502   0.2730051246363962 0.077950596944371509 0.73092906951627568 0.41812062492874813 0.49432643408900345 -0.21577584412096457
1403715919.334058  -2.6796115470058002  0.27082254599280808 0.090416456106713117 0.72311658478887031 0.42268970428506386 0.50351495247979972 -0.21191628376307226
1403715919.3840582  -2.6646947638921028  0.26494410928568668 0.095065592131119286 0.71893912671558169 0.42216332548613411 0.50867564754291439 -0.21483422513352499
1403715919.4340582  -2.6535792581460944  0.26503996007564706 0.099025315353563584 0.71877455217985853 0.41783428939691369 0.50928389308297384 -0.22227812755435528
1403715919.4840581  -2.6426068525011228  0.26329293714591251 0.095702344310507406 0.71904988333914965 0.41263318814604316 0.50930300242107707 -0.23089298178001003
1403715919.5340581  -2.631142086746578 0.27883205941601646 0.09519644814917122 0.72041345495282294 0.40650338511539624 0.50929054328810841 -0.23745019336687037
1403715919.5840583  -2.6225249201823666  0.28222724260039994 0.087127430237950221 0.72085330117152713 0.40199559816764574 0.50929893186042008 -0.2436896699693766
1403715919.634058  -2.6148908781094051  0.28508796063867897 0.073924044652959361 0.72135726671072353 0.39861801066489977 0.50900226363025425 -0.2483225139943398
1403715919.6840582  -2.6086885052866888  0.28593840513284458 0.065203524028301527 0.72135873244482462 0.39745206125290811 0.50893306933752991 -0.25032093213730966
1403715919.7340581  -2.6010683836368962  0.29370452050242063 0.047878163176269389 0.72130226423623711 0.39692677525610259 0.50963495981043749 -0.24988874810899919
1403715919.7840581  -2.5946923412254894  0.30030242693337633 0.029651802782333307 0.71991677646457242 0.39816848741369504 0.51180268826807951 -0.24746656112920826
1403715919.834058  -2.5891368937045041  0.31003324478675925 0.011225949762578185 0.71923094277456145 0.39885195206108487 0.51294845658678001 -0.24598343882854759
1403715919.8840582   -2.5856378414431944   0.31876588438744224 -0.010676350260117802 0.71855070097167539 0.40007157394846915 0.51377676170099518 -0.24425614626360484
1403715919.9340582   -2.5872938296424213   0.32842828376480176 -0.029512857567581992 0.7196401132107787 0.40127366176846063 0.51182920117255837 -0.24316337030064666
1403715919.9840581   -2.5877851816345268   0.33935690390402135 -0.050145283480285074 0.72281833273467111 0.40227909138921469 0.50679786991347231 -0.24261308609575341
1403715920.0340581   -2.5910044869251743    0.3509341315822806 -0.064425895689756929 0.72517257667566704 0.40348600760758491 0.50274958643928402 -0.2420054318348967
1403715920.0840583   -2.5929192392767275   0.36629571635924263 -0.077770330802285986 0.72756585458804801 0.40403571534530908 0.49867496660114585 -0.24233519275646706
1403715920.134058   -2.5941427450115504   0.38805379695046915 -0.087084196687684801 0.73042499158951546 0.40352224682199872 0.49472657575473944 -0.24268239166279096
1403715920.1840582   -2.5979085384289644   0.40592243495487235 -0.092754402123030613 0.73201732154759558 0.40338266627650438 0.49188078621991199 -0.24389825265799606
1403715920.2340581   -2.6014953214468197   0.42645566796233353 -0.095756866265430229 0.73347268264601817 0.40224379655914627 0.48893644264352731 -0.24730326928051394
1403715920.2840581   -2.6062776430371239   0.44665600297544117 -0.090288641254023486 0.73232657380405886 0.40091548333555821 0.4886091774626774 -0.25342777318492593
1403715920.334058   -2.6093481733983124   0.47124482989713273 -0.084369222050903081 0.73028939711160312 0.399466989985784 0.48901245045967334 -0.26071122659658219
1403715920.3840582   -2.6130575641846585   0.49532580051762015 -0.074653668013937358 0.72794287744684949 0.39904285043221382 0.48960099703047077 -0.26674863523569148
1403715920.4340582   -2.6145628558417555    0.5185824849392775 -0.061446055170882474 0.72496626340697723 0.39736590804757776 0.49105259785900318 -0.27457530511532424
1403715920.4840581   -2.6174318663491851   0.54499335913304892 -0.051010420307789225 0.72184651401290445 0.39587260766231425 0.49326039052702514 -0.28092112032950439
1403715920.5340581   -2.6190572338425158   0.57098003201457015 -0.038465192232326223 0.71831018616116171 0.39389011788253381 0.49617305959622243 -0.28756450828035879
1403715920.5840583    -2.620684031035232   0.59848378281936976 -0.028169139651118339 0.71482828980906232 0.39164420836779584 0.49955619233830695 -0.29339212811025828
1403715920.634058   -2.6234861853013136   0.61236785183122056 -0.017040860420772685 0.71086580000802135 0.39092222125914383 0.50186448264986327 -0.2999694523770009
1403715920.6840582    -2.6248525472199891    0.63855268833710865 -0.0063527992446970266 0.70749056219757356 0.38930770239497786 0.50476476169335405 -0.30513792391303368
1403715920.7340581   -2.6264608669325629   0.66352710807089643 0.0071286474825920029 0.7031279949942939 0.38901580562313676 0.50851608373751511 -0.30933657755096899
1403715920.7840581  -2.6286012616240839  0.68466295659588694 0.021910541198979849 0.69932491976734146 0.38983407170951379 0.50994447743110738 -0.31453248332135464
1403715920.834058   -2.631106315594697  0.70561360325024203 0.039358643328664851 0.69566519266795945 0.3932725308045022 0.5105333267989135 -0.31739939894792873
1403715920.8840582  -2.6344190435836072   0.7223363549851598 0.059726709268768288 0.69344202736583915 0.39768310434089799 0.50808357719368646 -0.32068268083981188
1403715920.9340582  -2.6378793189207124  0.74012149145133033 0.082421835474915064 0.69293426214765608 0.4024090610192837 0.50250595866281 -0.32464876013906507
1403715920.9840581 -2.6425143983581325 0.75172845874855765 0.10609127711377289 0.69418685699455351 0.40916157731516367 0.49335315513290756 -0.3275577438336576
1403715921.0340581 -2.6461065668809636 0.76285304405298138 0.13274538748268955 0.69512009906669914 0.41627005344972889 0.48419649556599187 -0.33027419541356057
1403715921.0840583 -2.6489807341965768 0.77421169079008134 0.16029621296863858 0.69502321245701715 0.42445780621449869 0.47622549406570974 -0.33164376021775832
1403715921.134058 -2.6507186622390932 0.78016802748061809 0.18714745328603133 0.69382193278559368 0.4324299834830117 0.46992865019458374 -0.33284004971884318
1403715921.1840582 -2.6507564658492626 0.79069905620034397 0.21647413857403316 0.69133424011090405 0.43871128800991116 0.46682869836283686 -0.33415616200786036
1403715921.2340581 -2.6508895710972231 0.79762360067737115 0.24417178924959476 0.68909062823670697 0.44470277015261872 0.46404952676453404 -0.3347410775577741
1403715921.2840581  -2.650033701092267 0.80676098530891149 0.27197561914814383 0.68617183555346661 0.45032715236900683 0.46359376437854216 -0.33384800368092715
1403715921.334058 -2.6473079343383312 0.81577051242377074 0.29980508860721672 0.68399187948504081 0.45632457989140501 0.46275286767177892 -0.33133483071811093
1403715921.3840582 -2.6439541368090462 0.82583369489794078 0.32745238916460689 0.68195591689066204 0.46194722906570462 0.46243830454741081 -0.32816413494416191
1403715921.4340582  -2.641001896009771  0.8335107373887557 0.35470024884009682 0.68000563132404868 0.46701789764698592 0.46262881492521102 -0.32474790876288384
1403715921.4840581 -2.6369153354012482 0.84306146130912141 0.38346191826078579 0.6792333482104308 0.47021533858128778 0.4619864561554341 -0.32265788130878809
1403715921.5340581 -2.6330286982859441 0.85353848457514625 0.41279742572320066 0.67804143670353367 0.47217612191682218 0.46240273421400774 -0.32170363907796878
1403715921.5840583 -2.6305912222421601 0.86674041667445456 0.44526130375778494 0.67767602919618797 0.47318255002806542 0.46253762523050601 -0.32079965562317658
1403715921.634058 -2.6271311831880628 0.87655145273342505 0.48112540676831139 0.67661026249211997 0.47359446514487263 0.46382231991373962 -0.32058647947835089
1403715921.6840582 -2.6236155511133639 0.88877810125698908 0.51937365702403504 0.67750051702684844 0.47326984703076469 0.46276856387890636 -0.3207085243726529
1403715921.7340581 -2.6237145028227791  0.8985221587556288 0.55687818072323925 0.67776328810741271 0.4727920479401117 0.46224529298018702 -0.32161140187512727
1403715921.7840581 -2.6210313406746297 0.91515882440603347 0.59812151438015304 0.67922990945592976 0.46916080805484567 0.46105923747736544 -0.32551381817459613
1403715921.834058 -2.6192299522938929 0.92628890569624467 0.63722689096990737 0.68031340675090479 0.46689600430203571 0.45996677467304736 -0.32804322269884723
1403715921.8840582 -2.6200845067546989 0.93660215778335099 0.67263148077529422 0.68131868783299443 0.46436387880658192 0.45901631134711574 -0.3308701551764992
1403715921.9340582 -2.6145891391224807 0.94940049621813294 0.70802992102407813 0.68179546330747853 0.46187740233926278 0.45950466334305606 -0.33268555091506496
1403715921.9840581 -2.6106361489855079 0.96511142583424414 0.73996329904433911 0.68249393428119343 0.46008461904242176 0.45967816568976189 -0.33349686202131401
1403715922.0340581 -2.6041267890938635 0.98574680536062076 0.76689772970902148 0.682880634624491 0.45875312881813052 0.46132056058601406 -0.33226938774890774
1403715922.0840583 -2.5995683787413006  1.0009738769063092 0.79689399109676162 0.68186735223118189 0.45790287434695565 0.46394145860047559 -0.33187376307520422
1403715922.134058 -2.5950335586961217  1.0176838019121521 0.83011726522733997 0.68098174689221913 0.45515230816176316 0.46666579085990045 -0.33365142951251481
1403715922.1840582 -2.5917837848559797  1.0312348945312209 0.86051822097871433 0.67923395840633083 0.45287582047142239 0.4700420135431656 -0.33556702234321134
1403715922.2340581 -2.5870263345546931  1.0452018009266697 0.89768240938147548 0.67738810471614086 0.45017168459612422 0.47354525699537564 -0.3380025141240014
1403715922.2840581 -2.5808826872681121  1.0585834958994422 0.93886915789952885 0.67546533478834958 0.44840717056302681 0.47677920801966595 -0.33964566490250325
1403715922.334058 -2.5767897754766413  1.0706709042616811 0.98254282717361674 0.673268340590365 0.44788038250541495 0.47990628377161643 -0.34029819764732289
1403715922.3840582 -2.5727196970426949  1.0774721149395381  1.0209556451279942 0.67113891837293682 0.44914498175075263 0.48253109070404654 -0.33912399519539166
1403715922.4340582 -2.5676856932552399  1.0872384672222215   1.065418977440731 0.66959883284020616 0.45142930716610713 0.48448388811642207 -0.33633962871799183
1403715922.4840581 -2.5669773220975878  1.0928880785688049  1.1054327758627955 0.66865024134061801 0.45224387307628933 0.48497291739333687 -0.33642770904770358
1403715922.5340581 -2.5627537463055323  1.1005010594311637  1.1471909938192222 0.66893877042579397 0.45199932489127281 0.48416705046028313 -0.33734225790382444
1403715922.5840583 -2.5591302068707376  1.1074127717821998  1.1887741216988157 0.66909937931681041 0.45025854831936518 0.48357386256054891 -0.34019050502838616
1403715922.634058 -2.5557729037039598  1.1130908362365006   1.229108846206755 0.66886131224126821 0.4487322943923141 0.48327921400421958 -0.34308173117751695
1403715922.6840582 -2.5511773233471033  1.1160963050761903  1.2665512412075757 0.66864775585057945 0.44796623338216668 0.48315472127688058 -0.34467078154847719
1403715922.7340581 -2.5477955912321457  1.1169387771627102  1.2981078007956455 0.66845963395212793 0.44862198049929103 0.48312422077269179 -0.34422525138673432
1403715922.7840581 -2.545036646613791 1.1197839597968844 1.3238826679044726 0.66766367938790705 0.45036683689455398 0.48406041167582298 -0.34217019347106969
1403715922.834058 -2.542736403275295 1.1170657856628272 1.3487404685257001 0.66696577939870072 0.45278762312028298 0.48473936360046266 -0.33936376771303506
1403715922.8840582 -2.5418036682062453  1.1153340428714802  1.3679569690907598 0.66615212467461815 0.45501989931005726 0.48551080640420147 -0.33686420838091341
1403715922.9340582 -2.5404852378456715  1.1178994066959225  1.3833602171800947 0.66596461001292706 0.45682938507524662 0.48580689371287405 -0.33434968694938294
1403715922.9840581 -2.5397083556025803  1.1175508516150379  1.3885421228300261 0.6654947227339858 0.45779955659219501 0.48670408602260196 -0.33264917352386236
1403715923.0340581 -2.539904281906662 1.1153317432053831 1.4025194645270187 0.66497154473792874 0.45900396260290377 0.4872028720268598 -0.33130283502026436
1403715923.0840583 -2.5441702100676049  1.1143795977804833  1.4161329090224091 0.66509089126296206 0.46011734564478551 0.48715006970706243 -0.32959208755708913
1403715923.134058 -2.5477018322399871  1.1097730047500742  1.4309023218906032 0.66568647504011091 0.46147281751600577 0.48592960340877117 -0.32829373459374073
1403715923.1840582 -2.5539996338760877  1.1067289650919141  1.4452423913878936 0.66727065725735113 0.46314402338659327 0.48377899025136412 -0.3258916570825216
1403715923.2340581 -2.5594259672756579  1.1015295420247702  1.4639712258699917 0.66916638137425299 0.46491165782096672 0.48119328790500143 -0.32330562032823124
1403715923.2840581 -2.5649386336887625  1.0977690429914959  1.4873224870764414 0.67196244656957416 0.4657343515009692 0.47698322263081272 -0.32256005574300201
1403715923.334058 -2.5712302889728056  1.0929808859131132   1.512995556295921 0.67464270523146841 0.46502188708534237 0.47298842012286924 -0.32387315300781794
1403715923.3840582 -2.5790922995267418  1.0904683415164085  1.5396159508458529 0.67802601170252885 0.46273573850289579 0.46780421801327332 -0.32759056362467448
1403715923.4340582 -2.5857353920580337  1.0870289092919729  1.5602396555091651 0.68081336665831049 0.45976419588718259 0.46350208404883464 -0.33207809629961488
1403715923.4840581 -2.5924957453348543  1.0830229307654713  1.5815234988536577 0.68353700630648828 0.45645945417674244 0.45913186943098727 -0.33707544285373398
1403715923.5340581 -2.5991660173353437  1.0784925581859692  1.5979104651295386 0.68579901569549873 0.45272960059921302 0.45537564030185484 -0.34256188496684514
1403715923.5840583 -2.6034030259336314  1.0748368507931934  1.6123819920100717 0.68749586120901807 0.44900232495695935 0.45240270167724272 -0.34796285508491753
1403715923.634058 -2.6064654117185215  1.0712799556902364  1.6217993934767598 0.68876046411855785 0.44575532001178297 0.45017344345658228 -0.35249835255618617
1403715923.6840582 -2.6076399168268471  1.0678423453864221  1.6231885028391955 0.68938509565941597 0.44292158233857393 0.44898129615491594 -0.35634878628164784
1403715923.7340581 -2.6076871802472699  1.0630345196881439  1.6199735847297505 0.68936525146392125 0.44083720392394743 0.44844388489391757 -0.35963341309151386
1403715923.7840581 -2.6066776857124485   1.057652190506601  1.6095938111894641 0.68865607102151027 0.4386278849829236 0.44907727963642619 -0.36288840057925648
1403715923.834058 -2.6050387156162378  1.0486109449622305  1.5937454082824309 0.68632941276942239 0.43802340280947133 0.4518955495269823 -0.36452413922331445
1403715923.8840582 -2.6006065339908897  1.0421468089449561   1.576431212845204 0.68261596280574288 0.4366422903094927 0.45701362307770282 -0.36676628247081366
1403715923.9340582 -2.5956157022868429  1.0344604233181098  1.5578854129416575 0.67870059687442663 0.43484136273794977 0.46252523039268501 -0.36925451968079354
1403715923.9840581 -2.5901879778302952  1.0280806294430713  1.5328399321828603 0.6746627768592558 0.43444948519736143 0.46853094533236495 -0.36954368564253165
1403715924.0340581 -2.5841658779428069  1.0168752623871566   1.505723162904953 0.67117660612152585 0.43519368995110641 0.47315729662441613 -0.36912137336248207
1403715924.0840583 -2.5755186589590298  1.0041182945754552  1.4777269077668085 0.66795636004565395 0.43665425155457926 0.47815530513446985 -0.36678995330520286
1403715924.134058 -2.5668991108403834 0.98980074755549419  1.4475525568359326 0.66547946072624053 0.43893450279857832 0.48178472352593493 -0.36380911173514513
1403715924.1840582 -2.5593972867422039  0.9701622968306528  1.4172977817860428 0.66404290752720152 0.44122363201678316 0.48359097881025209 -0.36125958634489053
1403715924.2340581 -2.5507861526069049 0.95040816729215249   1.386898791645707 0.66368921033515038 0.44445656526340344 0.48431386744154958 -0.35695247790535356
1403715924.2840581 -2.5411028574783798 0.92984038092495191  1.3570971248283776 0.66440966267598189 0.44596359885430437 0.48355725791934817 -0.35475152847200858
1403715924.334058 -2.5309010546958723 0.90780779471393569  1.3283603785540194 0.66530891091028055 0.44872409847929684 0.48275358740527413 -0.35065611409849562
1403715924.3840582 -2.5219606087435689 0.88450261673760266  1.2991590402254611 0.66696427936690805 0.45133019277277608 0.48088841228988538 -0.34670743006976801
1403715924.4340582 -2.5132342974430117 0.86024267542387955  1.2706100066304769 0.67003724857312652 0.45264433263191217 0.47715429411962151 -0.3442193679384864
1403715924.4840581 -2.5042422783745382 0.83519880440775462  1.2417035685700406 0.67342696477250785 0.45531912313758838 0.47268492535568118 -0.34021990030566857
1403715924.5340581  -2.495794260216301 0.80970296740322967  1.2135087516632934 0.67733612355313366 0.4571165537415246 0.46792139132256999 -0.33661521588935389
1403715924.5840583 -2.4852979033961979 0.78438888824192188  1.1863365767456324 0.68012094497383535 0.45783888501888204 0.4648566820322183 -0.33425636978606921
1403715924.634058 -2.4747824305186374 0.76100913609416188  1.1596218573809609 0.68413990374919065 0.45561086504028514 0.46054762372476532 -0.33506300607014666
1403715924.6840582 -2.4642810413123111 0.73585997838022965  1.1322302876782329 0.68874277591943855 0.45084725711422535 0.45738265326174327 -0.336409345688573
1403715924.7340581 -2.4517515026821988 0.70866301014619126  1.1052001385108441 0.69289273609865709 0.44403401916602625 0.4568579329450001 -0.33765999939318214
1403715924.7840581 -2.4363560809911746 0.68566591099393848  1.0779373099711804 0.69741540243673517 0.43633675884762746 0.45766227392990766 -0.33729398503925412
1403715924.834058 -2.4202559277753131 0.66175615441050561  1.0509907471393851 0.70147736967713237 0.42745110201779973 0.46076215434942625 -0.33602573165443139
1403715924.8840582 -2.4028184182803942 0.63565883304436022  1.0248702024739667 0.70626057876771975 0.41807158125880922 0.46449900298951508 -0.33264519242609081
1403715924.9340582 -2.3831852977851824 0.61059823788054712 0.99882936108438491 0.7104296402205138 0.40667293828001305 0.47067086025372035 -0.32920478258201979
1403715924.9840581 -2.3618159625655593  0.5810860590707172 0.97170678937143551 0.71301708383072282 0.3962258227228545 0.47971996058968741 -0.32323442728917035
1403715925.0340581 -2.3394523248861439 0.55272130892451643 0.94774131991222665 0.71471041785966982 0.38417270019463651 0.49100086939459042 -0.31704652857549842
1403715925.0840583 -2.3153062924000087 0.52613619932713696 0.92618822300306369 0.71503208794076123 0.37248826535317536 0.50440596561109052 -0.30912170296697289
1403715925.134058 -2.2924039978492532 0.49600301541202219 0.90646624012978938 0.71589455972355476 0.36090435059106213 0.51672436523695908 -0.30039800174622222
1403715925.1840582 -2.2697369192832664 0.46228838363133956 0.89163593135221786 0.7181428583121281 0.34948201808212731 0.5265485084735938 -0.29134141881435999
1403715925.2340581 -2.2466372208529193 0.42775818487343942 0.87954616973807942 0.72270047676135918 0.3369746290022792 0.53245800751579409 -0.28397286935549138
1403715925.2840581 -2.2241741853641579 0.39026545368888643 0.87489607953453297 0.72864778497382798 0.32521721789877034 0.53585160487974837 -0.27598772469571153
1403715925.334058 -2.2029203780573887 0.35127740125417461 0.86899915343449929 0.7367035874585327 0.31203946923467329 0.53618425389646096 -0.26908296069979459
1403715925.3840582 -2.1819970229984409 0.31174170039662191 0.86539334452093097 0.74574065229335962 0.29867283576824022 0.53520979761401166 -0.26118171687390612
1403715925.4340582 -2.1636928110599385 0.26651946005603844 0.86088096101054856 0.7549023779691425 0.28557544701099502 0.53301422416576205 -0.2538993907790546
1403715925.4840581 -2.1442462200161896 0.22244024971282123 0.85844746514263437 0.76458174712524918 0.27290303081065409 0.52985137386200987 -0.24534915804583782
1403715925.5340581 -2.1256712183091788 0.17773372080526048 0.85679075675847249 0.77305983900801611 0.25969910320846534 0.52811052167663985 -0.2367153100246083
1403715925.5840583 -2.1061994091833243 0.13155009340560744 0.85340394965496336 0.78012466086747123 0.24681844362502595 0.52820954351377614 -0.22689391250957178
1403715925.634058 -2.0871959351950387 0.08272800376293804 0.85338658905121223 0.78583161294730774 0.23351179462097951 0.52967064899188643 -0.21769226321125021
1403715925.6840582  -2.0655756519721193 0.035040903568067064  0.85548314764726163 0.79019492900006072 0.22021126721443038 0.53261899565916726 -0.20836501010828035
1403715925.7340581  -2.0426598129022606 -0.01472484430411017  0.85388344554550433 0.79372643458627978 0.2065664908176402 0.53643153285150591 -0.19892169935133264
1403715925.7840581   -2.019005992783617 -0.06658859818746736  0.85152127699506019 0.79749931743532509 0.19305558156141581 0.53938186861987425 -0.18918662987195151
1403715925.834058  -1.9946989435577387 -0.11948471676803477  0.84921802331494223 0.80017351385920221 0.17894941018729046 0.5434939740241479 -0.17976027512016352
1403715925.8840582   -1.967816375284585 -0.17276509241718191  0.84713285555717222 0.80227960711158552 0.16510628801909241 0.54800143926691991 -0.16965190311582404
1403715925.9340582  -1.9417525586163566 -0.22778088676228786  0.84511889172946031 0.80396070859670621 0.15222084879932327 0.5527845645565187 -0.15781386951581816
1403715925.9840581  -1.9156420775369976 -0.28417833912617801  0.84271370520839095 0.80507484698609477 0.13854353413230849 0.55806093404094315 -0.14569891488201392
1403715926.0340581  -1.8869116180585892 -0.34266453971799171  0.83866463139949365 0.8054247644928697 0.12381222434222548 0.56352572973730508 -0.13564746134400582
1403715926.0840583   -1.858432576699613 -0.40126716877419849   0.8332574148801376 0.80454320942540514 0.10684564205374047 0.57017295587935879 -0.12726756588144325
1403715926.134058  -1.8339987805663058 -0.46176579198841339  0.82460581067576466 0.80285396300140011 0.089068948793532193 0.57757305446199037 -0.11790506016795295
1403715926.1840582  -1.8129122833252873 -0.52422001838088184  0.81433502916884382 0.80113119721362058 0.071047686737567006 0.58434486144458087 -0.10808382840936583
1403715926.2340581  -1.7916248308779608 -0.58640624101686378  0.79992180115783018 0.79978733884652364 0.053345069142416345 0.58986151775647744 -0.097764544130332698
1403715926.2840581 -1.7706637607231521 -0.6479468075591851 0.78276232338883733 0.79846780772247949 0.036029816667997629 0.59464628138519693 -0.086872391336289087
1403715926.334058 -1.7492555003572638 -0.7124589890421591 0.76095377614048054 0.79674805170209462 0.019742443175470852 0.59943763253630189 -0.074008801812035757
1403715926.3840582  -1.7301121994927475 -0.77859171082516143  0.73788321053581385 0.79500623196739262 0.0042809706779042183 0.60358190040794091 -0.060296383996073476
1403715926.4340582 -1.7148258730849677 -0.8458518554315001  0.7157932450444876 0.79154275584621869 -0.009537950310388895 0.60943359575030576 -0.044269465121040359
1403715926.4840581  -1.702376053995861 -0.9137704429525364 0.69375215712008687 0.7874824831687165 -0.022741975713395458 0.6152708974400416 -0.028211061773873385
1403715926.5340581   -1.691747287915963 -0.98614713206852989  0.66897977449871371 0.78501879284915022 -0.036418320927154642 0.61826733201128115 -0.012833820248153509
1403715926.5840583 -1.6877425197844023   -1.05467349441252 0.64851671683840573 0.78482472934068281 -0.048786379887281836 0.61778987564517862 0.0023880751940875415
1403715926.634058     -1.685322479064 -1.1251255030923719 0.62395595722834174 0.78697944701254741 -0.0624976309991171 0.61358452271090491 0.016475120301669411
1403715926.6840582  -1.683946738475993 -1.1956030337008614 0.59964550945336548 0.78998775032917001 -0.076676421210981852 0.60763570985753268 0.028616863316327814
1403715926.7340581  -1.678513233122197 -1.2743448271559723 0.57141917395366226 0.79342930166847025 -0.089577912095148149 0.60061355195745203 0.041341288364186213
1403715926.7840581 -1.6813825168403247 -1.3443026572256249  0.5490950154255515 0.79651280522264689 -0.10104628669687901 0.59353087840804086 0.055480586129756773
1403715926.834058 -1.6846148676514208 -1.4152874262349482 0.52905294089158494 0.79999980045653651 -0.11055035551065016 0.58552295220628325 0.070298012814084154
1403715926.8840582 -1.6911822276236257 -1.4794061327262444 0.51348534403763602 0.80271511083919855 -0.12051567882324099 0.57818243251073598 0.082640769140630829
1403715926.9340582 -1.6988429537899767  -1.544103729981116 0.50029709816372669 0.80406084454801696 -0.13042122174888612 0.57237359157681211 0.094153782970831185
1403715926.9840581 -1.7067297232118075 -1.6050325555633214 0.49385597106374701 0.80522327571759122 -0.14017298639633571 0.56677476102013846 0.10360202892766877
1403715927.0340581 -1.7122123074376099 -1.6685335737668785 0.48625944868144594 0.80404865394853409 -0.14948544069595901 0.56439746313125205 0.11231815843616982
1403715927.0840583 -1.7294428167892262 -1.7289344234965587 0.48368288465530884 0.80030035814478262 -0.15853570353672616 0.56525830291518175 0.12193776462973539
1403715927.134058 -1.7326710920192994  -1.793854789952573 0.47417190468001402 0.79670117806569496 -0.16610805738018858 0.56609015504856053 0.13121464285364909
1403715927.1840582 -1.7418109829492718 -1.8551178186340345 0.46923075817528698 0.79233738304549706 -0.1697233297547231 0.56734867354113883 0.14666610173006345
1403715927.2340581 -1.7428177470951958 -1.9135979953421929 0.46075323979830901 0.78811494589576725 -0.17313109934682838 0.56809313283664076 0.16177344318064518
1403715927.2840581 -1.7514070324453457 -1.9672552259731007 0.45626307285451762 0.78394879186439859 -0.17590954760246125 0.56824197189716907 0.17771095681207785
1403715927.334058 -1.7568074143491308 -2.0246125702962741 0.44560142667056679 0.77906797567561881 -0.17885270884664958 0.5693197107596405 0.19219746292672163
1403715927.3840582 -1.7535175559937468  -2.071719242832561 0.43861790472648898 0.77215639454855067 -0.18304123266115818 0.57328175095914902 0.20400598893385216
1403715927.4340582 -1.7627162447558391 -2.1127041053519675 0.43842165078023682 0.76493120850840057 -0.18856446351347539 0.57720415037446093 0.21484659210760099
1403715927.4840581 -1.7654201614971126 -2.1542768026999388 0.43464358345358528 0.75562711709626851 -0.19787085761951401 0.58463240006822903 0.21927092922720581
1403715927.5340581 -1.7761612464600218 -2.1863055153155124 0.43435403343501994 0.74622278945716081 -0.21086318297459103 0.59160137857537709 0.22067187276205272
1403715927.5840583 -1.7856780225489359 -2.2152082928144843 0.43178987113019868 0.7368097365732621 -0.22415709650278345 0.59769729175279329 0.22276210541664931
1403715927.634058 -1.7940222849341629 -2.2400870607194232 0.42876407968977381 0.72739055239016759 -0.23843280944953216 0.60314059719304025 0.2242190885922801
1403715927.6840582 -1.8087289517232079 -2.2624556894097609 0.42622526642895309 0.71952243280133898 -0.252886054048574 0.60502942541327442 0.22863837549166505
1403715927.7340581 -1.8279417609988009 -2.2791383405035917 0.42332415605497753 0.71341593226551503 -0.26713394549826974 0.60317414570257266 0.2363432095665654
1403715927.7840581 -1.8505063479374257 -2.2934638369442264 0.41942510436165836 0.70879973526852214 -0.28074216546674391 0.59778519716260126 0.24787018752884815
1403715927.834058 -1.8756588415662181 -2.3032548924898308 0.41628740099322981 0.7048557722315334 -0.29383465003112724 0.59034025869388118 0.26141522097654363
1403715927.8840582 -1.9084461645155242 -2.3097201590948382 0.41292507297017239 0.70073039508207957 -0.30834251158922144 0.58150568118471246 0.2752325411445154
1403715927.9340582 -1.9364839912381193 -2.3133030515764776 0.40707007321443384 0.6974551991874367 -0.32198278721332096 0.57062920249520765 0.29028545110707465
1403715927.9840581 -1.9694432560982023 -2.3046157089077344 0.40329105971933094 0.6936997745107486 -0.33749596001368187 0.55874150282615487 0.30444216665526147
1403715928.0340581 -2.0009600550489632 -2.3019479839434704 0.39052889376077876 0.68850918488267532 -0.35449495109119644 0.54739709553170568 0.31724572776713156
1403715928.0840583 -2.0334535066279642 -2.2931359301198735 0.37851244378320692 0.68213331812713007 -0.37348825882223469 0.53720532923955833 0.32651353886083351
1403715928.134058 -2.0678380185668765 -2.2810460639771994 0.36192816484269941 0.67469352188554876 -0.39511401647952932 0.52664003690518857 0.3336522696395014
1403715928.1840582 -2.1012027600189378  -2.266838982443419 0.34155306817910708 0.66662568075915296 -0.41653923076663379 0.51544277874859323 0.34120963178179164
1403715928.2340581 -2.1386309943041519 -2.2477744459266544 0.32273018336299464 0.65477776247910002 -0.43729909528178951 0.50788340270749988 0.34941384100067246
1403715928.2840581 -2.1716284199613423 -2.2309682950781311 0.29623086071380511 0.64115966712919992 -0.45555494182349104 0.50174789683905208 0.36004586408478206
1403715928.334058 -2.2043403345214796 -2.2111678871846925 0.26888721897090867 0.62522472943463192 -0.47164572077276751 0.49789007651238298 0.37249137371303176
1403715928.3840582 -2.2410577431695575 -2.1837645676066866 0.24167591286199716 0.60929653970961517 -0.48621018610074679 0.49315339784712542 0.38620863250528392
1403715928.4340582 -2.2750502031357143  -2.156421256903748 0.21364471206159269 0.59416424655946998 -0.50065936763756125 0.48871486184913226 0.39682090357610733
1403715928.4840581 -2.3136970839308844 -2.1241192761465295 0.18569137308611039 0.58118914313070191 -0.51636250914395332 0.4820985303267008 0.40394299859558941
1403715928.5340581 -2.3502388461957624 -2.0882737189600022 0.15845243196691922 0.57220722844832761 -0.53249703932445036 0.4718874743344475 0.40785782129123654
1403715928.5840583 -2.3822762347178195 -2.0534386877711044 0.12941938780790213 0.56514001806037384 -0.54775490507100133 0.46204943335891624 0.40876844923511801
1403715928.634058 -2.4182695676871901 -2.0130431021811144 0.10277154576224155 -0.55917101061443786 0.55970294590993019 -0.45292951859588909 -0.41099299800929706
1403715928.6840582  -2.4544171332971305  -1.9692192680730527 0.080073463650821547 -0.55675824456504674 0.56935683772245926 -0.44227321666604325 -0.41261053097006639
1403715928.7340581  -2.4932075933318969  -1.9209710646227598 0.061875109380033662 -0.55857047866787513 0.57916789471882191 -0.42910244501793532 -0.41040792118006003
1403715928.7840581  -2.5314459213294307  -1.8698623356426955 0.048985406457563344 -0.56366670412813391 0.58955206912430813 -0.41412317432769286 -0.40399282287353738
1403715928.834058  -2.5662840891910039  -1.8261941379457609 0.037224265233293752 -0.57195187392112434 0.59748452754159842 -0.40047617999213692 -0.39433757432612582
1403715928.8840582  -2.6007337399103445  -1.7805688361199363 0.033968870546391083 -0.58152040611710787 0.60370485386874451 -0.38852819155710017 -0.38264907036353951
1403715928.9340582  -2.6367327937348484  -1.7340323190472431 0.039675527327909146 -0.59155659893675461 0.6063834146336009 -0.38003170401796699 -0.37139715757242214
1403715928.9840581  -2.6696840492558178  -1.6938091198364267 0.057184076720859019 -0.60356921049644674 0.60653301659685954 -0.37354932010738223 -0.35816590201458615
1403715929.0340581  -2.7029110463214816  -1.6602122947202087 0.074051077189101921 0.61465749275135517 -0.6052842690590664 0.3686482950059769 0.34630269248655243
1403715929.0840583  -2.7335734600845223  -1.6341256260029557 0.098305024765874188 0.62454187365334424 -0.60335082302877974 0.3655702497861481 0.33507256658126705
1403715929.134058 -2.7623629570357608 -1.6159251549546558 0.12432897793344785 0.63449744281465836 -0.6000797310230952 0.36165360908968319 0.32638011353223689
1403715929.1840582 -2.7889023271003581 -1.6074132785665369 0.15090709043942643 0.64422791627344 -0.59592478316784037 0.3583508396100249 0.31847875981159907
1403715929.2340581 -2.8203492852304772  -1.599872849654113 0.17385944527990382 0.6531962398316139 -0.59006852688236222 0.35504392408213098 0.31479774113719711
1403715929.2840581 -2.8496134690998942 -1.5986721095849832 0.19650826762821555 0.66210740456207273 -0.57973760903620897 0.35231453760291687 0.318421978020831
1403715929.334058 -2.8723993586761245 -1.6096258950623041 0.22141231410513404 0.66929485462178318 -0.56406267637153751 0.3524410068908912 0.33115409005947527
1403715929.3840582 -2.8997076368512289 -1.6161775341519151 0.24326439915199605 0.67560983212810133 -0.54474438018675042 0.35266088133902057 0.3499074417041988
1403715929.4340582 -2.9236038097567882 -1.6302779975534447 0.26372074948203272 0.68026996695747344 -0.52345931369755982 0.35372306621080152 0.37162226977051127
1403715929.4840581 -2.9436586263457554 -1.6416292260916494 0.28397588794308221 0.6828938296055036 -0.50295307192164307 0.35456964667888324 0.39366812238905469
1403715929.5340581 -2.9541294453954832 -1.6553729880972794 0.30737542099581183 0.6852857649006977 -0.48344493507974667 0.35302282952547293 0.41477620110613173
1403715929.5840583 -2.9612535150107187 -1.6714168306377399 0.32582155115444189 0.68545149580707232 -0.46693528560547215 0.35260907908721817 0.43335265465628264
1403715929.634058 -2.9631259372112786 -1.6832899303408602 0.34582371792961797 0.6855571653291419 -0.45576675121755245 0.35039104849637781 0.44667007363833799
1403715929.6840582  -2.955424465646205 -1.6959560561612694 0.36342568384217944 0.68242936864290205 -0.45659311897768318 0.35316101595417521 0.44843079435526778
1403715929.7340581  -2.939836065296618 -1.7089849795119836 0.37836646513189809 0.67709139462252632 -0.4673043254912852 0.36029651022651737 0.439727569551706
1403715929.7840581 -2.9191775399336044 -1.7205317530998112 0.39663496221213257 0.66895112430577408 -0.48102872153793436 0.3719132577409997 0.42754682908670733
1403715929.834058 -2.8914648772387159 -1.7332760822926965 0.41070667519407084 0.65937019412216857 -0.49257313757068288 0.38563914620847167 0.41699532390503846
1403715929.8840582 -2.8594094298416977 -1.7445407010541718 0.42189560260001469 0.64649273257994577 -0.50432155534145118 0.40383027874389676 0.40574378801026778
1403715929.9340582 -2.8225731839473172 -1.7570677064142082 0.42976420249737562 0.63314795459771667 -0.51587789834000308 0.42210482815095191 0.39347322100072402
1403715929.9840581 -2.7842501823644494  -1.768838832467597 0.43921509000625886 0.62026520755932135 -0.52500144383301839 0.43882201673977583 0.3835098354528525
1403715930.0340581 -2.7481785189545294 -1.7795397458996927 0.44173189985584882 0.6089649038643935 -0.53310606946695294 0.45226574895388094 0.37472037158674931
1403715930.0840583 -2.7119231060401279 -1.7885330838593185 0.44294094939277978 0.59766448189914356 -0.54130241149711922 0.46523016692648406 0.36517086160479384
1403715930.134058 -2.6786722069145785 -1.7975795558083043 0.44313457576173165 0.58807595824682646 -0.547708708499557 0.47559056594459387 0.35776451969182904
1403715930.1840582 -2.6478793898130708  -1.805894502487926 0.44434445621698354 0.57910689197540521 -0.55387410134058068 0.48478948744528066 0.3504822968329393
1403715930.2340581 -2.6226556771086806 -1.8096822022136398 0.44230180809461345 0.57179244629578851 -0.55983309989706831 0.49101625872510246 0.3443012231844671
1403715930.2840581 -2.6008619357939757 -1.8134392389770502 0.44218345405758541 0.5660194438713162 -0.56425442896672973 0.49551588982191441 0.34015133615059057
1403715930.334058 -2.5828788148370596 -1.8158922179344335  0.4436912851652019 -0.56470163348326008 0.56685495277677678 -0.49470988311197356 -0.33918970975711144
1403715930.3840582 -2.5735884686724106 -1.8097763693423183 0.44180881889570728 -0.56674010352366211 0.5698040486470809 -0.48871563220044062 -0.33953796848998719
1403715930.4340582 -2.5639517466498001 -1.8123116477219323 0.44084056203997757 0.57303701778735261 -0.57120922104127558 0.47915058438786079 0.34024009099982333
1403715930.4840581 -2.5581642250175407  -1.813407860984229 0.43685609452224788 0.57990111689684842 -0.57319928409799881 0.46821606894913897 0.34048639930127084
1403715930.5340581 -2.5538801505951727 -1.8143493596682772 0.43042606164303937 0.58595130308584364 -0.57477536905768345 0.45875729590443454 0.34034701260780437
1403715930.5840583 -2.5518542325282558 -1.8179179611731415 0.41973635815899912 0.59231019597345813 -0.57724204655691735 0.44885040900514961 0.33836897282194073
1403715930.634058 -2.5551928681472607 -1.8154657955829787 0.40906486945771631 0.59682710326546096 -0.58040942035247733 0.44000690307695467 0.33662477451680151
1403715930.6840582 -2.5588032922347659 -1.8193297259975114 0.40167975966883618 0.59990950753974948 -0.58388686513896304 0.43385293320832002 0.33310110151145833
1403715930.7340581  -2.565369619012126 -1.8202300771964712 0.39931023863898779 0.60050392410090159 -0.58685590957192468 0.43038560308892626 0.33130561600085973
1403715930.7840581 -2.5740656166633977 -1.8282774125476564 0.39991519380642027 0.60118149777870211 -0.58902952597246894 0.42737036903739456 0.33012057180679649
1403715930.834058 -2.5832404610955737 -1.8389382828676508 0.40520859611319243 0.60426706185933465 -0.58842620660226497 0.42195524769734838 0.33252020431279827
1403715930.8840582 -2.5954475673847299   -1.85246325622209 0.41445917225922535 0.60958536418790754 -0.58556073638106876 0.41381035027107266 0.33806109179449911
1403715930.9340582 -2.6093235554067871 -1.8688871909131699 0.42752097313661108 0.61450205894090026 -0.58155622797711759 0.40647361344402877 0.34490400814165023
1403715930.9840581  -2.623330844341913 -1.8887964859498234 0.44212208455011276 0.6194919786706552 -0.57877259133229397 0.39923297043412814 0.34909169454967054
1403715931.0340581 -2.6369845785922759 -1.9100465554593524  0.4548400771346412 0.62423714347519754 -0.57846071799397181 0.39151145340579346 0.34989994040569294
1403715931.0840583 -2.6506488571351494  -1.934049233500585 0.46555813669181845 0.62809138124810027 -0.5795819321084954 0.38457347837655786 0.34883984936442142
1403715931.134058 -2.6622867797823075 -1.9651897747011815 0.47209014050035614 0.63149298058963566 -0.58112565306604091 0.37910878291669642 0.34610131685679374
1403715931.1840582  -2.673059271226998 -2.0011977865607395 0.47750722389980166 0.63409271836181968 -0.58177445139542794 0.37559274088974826 0.3440857527056207
1403715931.2340581 -2.6849861832473598 -2.0327686917188053 0.48699749422184957 0.63438492102062893 -0.58263201216120131 0.37400581410980582 0.34382460848331042
1403715931.2840581  -2.694978893612622 -2.0714636206355528  0.5000187371862006 0.63433975101071693 -0.58306671077114125 0.37356375830566146 0.34365158163281201
1403715931.334058  -2.703677697047655 -2.1175048360610758 0.51503437571055211 0.63249821603288992 -0.58318078980295673 0.37682825999263059 0.34328797763821844
1403715931.3840582 -2.7125231852728868 -2.1664938993437666 0.53363928456743481 0.63055467526726006 -0.58269194629157117 0.38024797877938921 0.34392204328849035
1403715931.4340582 -2.7190396433787281  -2.218205542496229 0.55559329715330363 0.62926236055381057 -0.58065789919164235 0.38340390710545935 0.3462177489858988
1403715931.4840581 -2.7244171949400431  -2.271647188997322 0.57561745723250546 0.62810263310672942 -0.57921418615837206 0.38673560279520791 0.34703541947172389
1403715931.5340581 -2.7294187732165214 -2.3314312248108213 0.59303198097582976 0.6279374698355128 -0.57664402426507178 0.38940390717943796 0.34862702180029825
1403715931.5840583 -2.7353216361015793 -2.3894863704990743 0.60989179395727477 0.62780819994434489 -0.57351509569250991 0.39146558640567503 0.35169872583720535
1403715931.634058 -2.7405559960449817 -2.4512028151523477 0.62169531945672019 0.62851281582663876 -0.57055189502599823 0.39266074012974395 0.35392049754807031
1403715931.6840582 -2.7462341941895345 -2.5117497174196721 0.63065396557463194 0.62924163075202155 -0.56663395699784636 0.3938524472334079 0.35757681512334516
1403715931.7340581 -2.7495935798326561 -2.5757004562577634 0.63404712977396849 0.63042928995515846 -0.56315164674612694 0.39450393065027678 0.3602579379212093
1403715931.7840581 -2.7509203635457267 -2.6403982547803992 0.63523836378881526 0.63139290652002811 -0.55972353165480149 0.3959468650941429 0.36232395136146883
1403715931.834058 -2.7516892938941866 -2.7066546058960275 0.63763583132604984 0.63057643450340428 -0.55679148415387614 0.40004327587381511 0.363760884168219
1403715931.8840582 -2.7520303344117458  -2.774233453061814 0.64139606565539664 0.62827282595079226 -0.55203657302027687 0.40629967130690414 0.36803458440170506
1403715931.9340582 -2.7511807376794954 -2.8445255657155384 0.64362728662463653 0.62568409614611775 -0.54712547250843302 0.41307774274460579 0.37220949425190764
1403715931.9840581  -2.748822193829644 -2.9162518966228057 0.64874493633231511 0.62256090226978822 -0.54157415589768954 0.42035238990177298 0.37738471740731683
1403715932.0340581 -2.7471402642831571 -2.9846095363982368  0.6536600063221325 0.61811124078225876 -0.5372101087405754 0.42883389514960257 0.38137289292289206
1403715932.0840583 -2.7455270723784859  -3.051585004359294 0.65972249776638536 0.61291354429110945 -0.53102005353087456 0.43781750396397023 0.3881630111117445
1403715932.134058 -2.7444443493462445 -3.1192654138569837 0.66771964577260212 0.60649784645449023 -0.52331095620457724 0.44795874285047332 0.39703774388103225
1403715932.1840582  -2.739060414644813 -3.1839800197814632 0.67551082041405941 0.59965470732587922 -0.51494734269318443 0.45811085641825527 0.40666682857945874
1403715932.2340581 -2.7345359737953117 -3.2455091371159126 0.68613228910967294 0.59159989496254561 -0.50505983697123213 0.46882857982951864 0.41847806166385143
1403715932.2840581 -2.7305380521432165  -3.304047096697571 0.69768692843185287 0.58212677909077581 -0.49616430034905762 0.48086333813599552 0.42862553605826698
1403715932.334058 -2.7261493075221446 -3.3546157518469859 0.71124848464906398 0.57297416756006825 -0.48818744950408138 0.49162626909157464 0.43780958074789267
1403715932.3840582 -2.7196385547510875 -3.4008262037375951 0.72541413126526078 0.56505411953159557 -0.48061719439139183 0.50089593679522271 0.44589709009787964
1403715932.4340582 -2.7138014802423913 -3.4414104682203615 0.73837918435326322 0.55840804185543114 -0.47512429121468608 0.50816896231542052 0.45188679160625389
1403715932.4840581 -2.7080232907543871 -3.4774020165961845 0.74760691084775788 0.55258124495457761 -0.47064579445916066 0.51507701361456038 0.45589710892728907
1403715932.5340581 -2.7025632765852836 -3.4964759065215443 0.75935333474693079 0.54625737006766395 -0.46608004629437527 0.52177029267630171 0.46057359647886759
1403715932.5840583 -2.6966941382759408 -3.5103583937274423 0.77434643630292077 0.53940651375221405 -0.460772153394158 0.52906430399856275 0.46563998734291417
1403715932.634058  -2.691832489535813 -3.5142656214105847 0.78790735979431503 0.53246331668279046 -0.45623884503559847 0.53669005281596616 0.46935351269180997
1403715932.6840582 -2.6879512808453581 -3.5110408877257355 0.80304067764010434 0.52681933719791751 -0.45236200213590166 0.54240879678428622 0.47288762105702092
1403715932.7340581 -2.6848587125001147 -3.4920158252050597 0.81661393176518959 0.52199104984045219 -0.44820784416813597 0.54728745093766018 0.47656218729434757
1403715932.7840581 -2.6831793754642885 -3.4680412421581011 0.83169392706243772 0.51934500889782098 -0.44638697136776501 0.54909901599122057 0.47907171087793277
1403715932.834058 -2.6784377147995957 -3.4305667707544214 0.84510255288763292 0.52052022857930058 -0.44797098153053466 0.54688115012270178 0.47885456976705681
1403715932.8840582 -2.6779107784702814  -3.382292963934785 0.85762669670903502 0.5277494815543633 -0.4550697872369493 0.53774105424695628 0.47458037468967346
1403715932.9340582 -2.6793486683357877 -3.3258181709414711 0.87265500037875232 0.53942261743741826 -0.46783754025946639 0.52355668561142321 0.46480068058525703
1403715932.9840581 -2.6805559157776608 -3.2647134923490349 0.88586444304824163 0.55400782592650111 -0.4837124699559367 0.50559721175753158 0.45107542017308849
1403715933.0340581 -2.6815026672626745 -3.1948436267457101 0.89764186939499191 0.56813057676991219 -0.49892151292046394 0.48728218066306206 0.43687646777148942
1403715933.0840583 -2.6788313169740516 -3.1239186681125846 0.91291982958437412 0.58127321443794 -0.51255513191334345 0.4694752277859664 0.42308592203191375
1403715933.134058 -2.6735112330406805  -3.051641263439282 0.92983217235797277 0.59359986755118788 -0.52550760983978051 0.45187280550323755 0.4090133456139623
1403715933.1840582 -2.6731667474510452 -2.9727752213861098 0.94154264609219074 0.60580820110294797 -0.53860838590882321 0.4335340994594607 0.39363131825475578
1403715933.2340581 -2.6734285794371995 -2.8931725404892426 0.95410030125418765 0.61650866273317906 -0.5499261703818531 0.416454293343483 0.37955776564296095
1403715933.2840581 -2.6733377206320288 -2.8144481273257487 0.96637678437852703 0.62662602402249679 -0.56120778024168694 0.39941595197149671 0.36448943842676534
1403715933.334058 -2.6696236000468763 -2.7413657898807138 0.97922201638866058 0.63525605128405305 -0.57261272372648431 0.38411099541433835 0.34788383281684082
1403715933.3840582 -2.6646763165980532 -2.6707941236335833 0.99300577384171906 0.64227439709859646 -0.58490083877000054 0.37008847616270829 0.32925541369786016
1403715933.4340582 -2.6638974395642774 -2.6032890892030349  1.0061912713405567 0.64781615059789677 -0.59801296889888766 0.35606908660362407 0.30972492573010962
1403715933.4840581 -2.6622195052280024 -2.5418757034268111  1.0184434361158043 0.65241172797674685 -0.61065352865449318 0.34240246870108798 0.29020984574547432
1403715933.5340581 -2.6589669200549313  -2.491210382503235  1.0316479073443374 0.65630322105723193 -0.62133403739213111 0.32954035181389429 0.2731542650852643
1403715933.5840583 -2.6585697305089706 -2.4478326065234577  1.0440674011722921 0.66019473431001752 -0.62928895883297564 0.31715552131517266 0.25990516420328369
1403715933.634058 -2.6559756292450811 -2.4154527098847751  1.0561600622806424 0.66354172595121585 -0.63582702368780974 0.30573670298775246 0.2489205542259659
1403715933.6840582 -2.6564062282862664 -2.3879603154383737  1.0696089515299674 0.66727742826793679 -0.63860470632132438 0.29554303372548241 0.24408846348142296
1403715933.7340581 -2.6557596044543876   -2.38105006198876  1.0892079462140771 0.67131328149340974 -0.63915318805541221 0.28652242089706614 0.24233568167407279
1403715933.7840581 -2.6547976502239701 -2.3848408328668604  1.1096187338488512 0.67347799530298613 -0.63878167182722057 0.28130812126001603 0.2434155017525638
1403715933.834058 -2.6535487209815289 -2.4065024778116708  1.1339972277971515 0.67435752764718826 -0.63677117940121353 0.27973881864846134 0.2480132724890397
1403715933.8840582 -2.6536658261448478 -2.4283954435490784  1.1579811807801279 0.67208349758798624 -0.63253886293917705 0.28517838882796037 0.25859552526484475
1403715933.9340582 -2.6515895239601459 -2.4706121855249799   1.188740129613499 0.66501702160658593 -0.62653803266465347 0.29961321810146424 0.27465318883474799
1403715933.9840581 -2.6492197946548695  -2.511961546033175  1.2269981853829979 0.65448373111392566 -0.61521446510734945 0.32198261088584118 0.29914779945205938
1403715934.0340581 -2.6419241626116876 -2.5780653912598108  1.2652345076068388 0.64019031198796883 -0.60245592480854626 0.34863222415481865 0.32505198873517266
1403715934.0840583 -2.6351482540104332   -2.64884452328725  1.3045712084856695 0.62482011372080504 -0.5861463780815146 0.37571168931746718 0.35337370510842708
1403715934.134058 -2.6290084510590712 -2.7210887693161405   1.341516241209312 0.60627649209663859 -0.56969152952540536 0.40417439254602899 0.38016238205278463
1403715934.1840582 -2.6232473989409417 -2.7917275411578202  1.3754050721571476 0.58644569308013916 -0.55131965743518752 0.43161828857461315 0.40722688683487596
1403715934.2340581 -2.6163791065713569  -2.861434261791838  1.4007371957463026 0.56910676890078626 -0.53542500275546878 0.45339140175002168 0.42880507090607495
1403715934.2840581 -2.6092858788522832 -2.9276695433644493  1.4208902378597315 0.55424852644187195 -0.5199524199348674 0.47110398075601345 0.44779358108030859
1403715934.334058  -2.602908937470616 -2.9903108004215602  1.4354767038153953 0.54096494433594067 -0.50777685946581175 0.48624482472560965 0.46161191537720409
1403715934.3840582 -2.5962430140059385 -3.0456659122141274  1.4477597489864071 0.52859916192746359 -0.49610842103366809 0.50006524145226161 0.47370255950369872
1403715934.4340582 -2.5893392817073559 -3.0936926577111818  1.4567490351522552 0.51781670161514493 -0.48483486182605151 0.51149961374457564 0.48494243516697472
1403715934.4840581  -2.582041734177619 -3.1338538261010989  1.4626022259341009 0.50760838656327067 -0.47468610156736823 0.52236909305436163 0.49410258195133039
1403715934.5340581 -2.5757181054001159 -3.1649650678091343  1.4619685946709908 0.49879463923830997 -0.46538049731587755 0.53226104001042296 0.50132133993295547
1403715934.5840583 -2.5685014064749705 -3.1876207309707869  1.4597712629467796 0.4905484395790396 -0.45661889640991021 0.54135408507780403 0.50773730061670563
1403715934.634058 -2.5629577253496167 -3.1950754910806136  1.4612008169642139 0.48386927914039762 -0.44955256301608965 0.54905254737978892 0.51216629526510393
1403715934.6840582 -2.5579335870799969 -3.1893152872771138  1.4630744513061003 0.47926577597478931 -0.44446538744593833 0.55542492650595587 0.51406029447689172
1403715934.7340581 -2.5540663984973806 -3.1746151831707055  1.4647786645892207 0.4763874232553662 -0.4415835356538016 0.56119822361495619 0.51294790945574387
1403715934.7840581 -2.5513768369561589 -3.1416471277547546  1.4688264191255529 0.47487199095558169 -0.44090974616209028 0.5656378617508625 0.51004803430566736
1403715934.834058 -2.5518180718089156 -3.0982146755447428  1.4745395444388278 0.4801664243668553 -0.44567925341509607 0.56381593795215101 0.50291330872949458
1403715934.8840582 -2.5579102915283318 -3.0429951325499021  1.4835969518167424 0.49380511772646901 -0.45725024525655522 0.55250561822604305 0.49174816801755977
1403715934.9340582 -2.5626658837840082 -2.9742713500595666  1.4933508956943902 0.51140767049706537 -0.47301220880791256 0.53654602768945214 0.47627723549010215
1403715934.9840581 -2.5627736973416635 -2.8977374584238578  1.5043463166285524 0.52937750925172311 -0.49028115032683928 0.51929842713227203 0.4579443087435211
1403715935.0340581 -2.5628884944708958 -2.8178052400659657  1.5132807019912256 0.5476698897125718 -0.50728518211032003 0.50007764879741678 0.43890976417341937
1403715935.0840583 -2.5697230999181455 -2.7261682937866603  1.5152126446843701 0.56501706427522069 -0.52486873049694716 0.47904486325513929 0.41926668340472639
1403715935.134058 -2.5775353246548742 -2.6292124759978406  1.5160553521683862 0.58051319086712316 -0.5402434504965492 0.45777276051363952 0.40197705053469907
1403715935.1840582 -2.5842573913050004 -2.5308607982095905  1.5133163337728315 0.59441617410661485 -0.55454671195012972 0.43759349378434137 0.38426460990230143
1403715935.2340581 -2.5910362828283535 -2.4322351255860322  1.5083400487198177 0.60618062627717295 -0.56590748081251174 0.41925812072056473 0.3694812575713573
1403715935.2840581 -2.5985608240807516 -2.3346107734419621  1.4991672923098778 0.61607465509337567 -0.57559313046185168 0.40293680067638382 0.35607092295971621
1403715935.334058 -2.6061464966550472 -2.2388282420857188   1.488963791835946 0.62506720740446775 -0.58320193997589986 0.38769788643566733 0.34475619253211914
1403715935.3840582 -2.6137141107723307 -2.1465765394159395  1.4749370038304876 0.63234349603910323 -0.58932721365649288 0.37490517533083223 0.33508394138048042
1403715935.4340582 -2.6205599633548347 -2.0590163419513492  1.4580255125780839 0.63911038187964098 -0.5942939549294507 0.36295266037770713 0.32652408981990338
1403715935.4840581 -2.6280574433221857 -1.9763919377272892  1.4398526852933911 0.64414044148215843 -0.59861127835077454 0.35333047124282257 0.3192259500255995
1403715935.5340581 -2.6356232555396715 -1.8997256411153107  1.4188687268563043 0.64854172829426027 -0.60169102748159775 0.34498215758559836 0.31360619422584524
1403715935.5840583    -2.6415884988056 -1.8289380380301772   1.397851020183172 0.65210656782615584 -0.60374529872228289 0.3383376574469954 0.30947741116600447
1403715935.634058 -2.6433063524804332 -1.7725851042167184  1.3741460054677042 0.65551024300785132 -0.60620776318247438 0.3323109302921623 0.30395380368971614
1403715935.6840582 -2.6448384843422472 -1.7184414058506048  1.3519145889420374 0.65872026361115288 -0.60868281308090288 0.32614815594666285 0.29869755228418454
1403715935.7340581 -2.6426540123025424  -1.676229502377381  1.3318996577497011 0.66252550170435232 -0.61076418915867303 0.31925402894851346 0.29343471136334043
1403715935.7840581 -2.6418712252649348 -1.6442024056422548  1.3112729937360372 0.66523057021363574 -0.61371169423446248 0.31294363015623528 0.28791062703162612
1403715935.834058 -2.6432118786897765 -1.6265285790366164  1.2909345751983992 0.66817840286473928 -0.61538849809894214 0.30689983021975276 0.28398435267412436
1403715935.8840582 -2.6409419753535319 -1.6146399901815671  1.2739331632841009 0.66966772730465418 -0.61734613473897393 0.30209571469819085 0.28136642317529159
1403715935.9340582 -2.6376718395547956 -1.6101077899407497  1.2586224893345874 0.66943015313888898 -0.61783169931066495 0.3010861230675817 0.28194752684049695
1403715935.9840581 -2.6311674196470904 -1.6295796969659457  1.2488204539666887 0.66664154071481974 -0.61530200651188083 0.30654494378623165 0.28813658985786761
1403715936.0340581 -2.6245836244881531 -1.6597972794988467  1.2442899139202435 0.65989558329412046 -0.60983151584588646 0.31924967771740603 0.30120256424431963
1403715936.0840583 -2.6165720888340869 -1.7085858943835917  1.2430064328779946 0.65013137101604335 -0.60151356250889354 0.3372396532500791 0.3190298588132866
1403715936.134058 -2.6094435743457969 -1.7487964945517789  1.2417731783547465 0.63915626001759629 -0.58979561024566973 0.35734675637758162 0.3404757100318293
1403715936.1840582 -2.6014308805703008 -1.7919947969393129  1.2411629310975927 0.62650949989668014 -0.57797037801936457 0.37782566155750541 0.36150222425318201
1403715936.2340581 -2.5932533849214665 -1.8378747341309547  1.2412802130861078 0.61300916693908769 -0.56535550411845004 0.39774701860164735 0.38260975471767533
1403715936.2840581 -2.5836452607902975  -1.881996892133452  1.2416845997605392 0.59865008768636829 -0.55238401307471219 0.41770166577361595 0.40251123341159861
1403715936.334058 -2.5739517912723051 -1.9253254444223529  1.2405438060148539 0.58516874127602658 -0.54251400217578238 0.43442129806540086 0.41777294965545375
1403715936.3840582 -2.5640067379789921 -1.9649020219137729  1.2375060169311922 0.57199721580428431 -0.53528482435983626 0.44998004696116017 0.42872753499050914
1403715936.4340582 -2.5515508183987645 -2.0027183994747686   1.231559916345554 0.56274670188457931 -0.52954129181627796 0.46028988846548707 0.43707595261693982
1403715936.4840581 -2.5400041832498808 -2.0393656485508216  1.2265333250159283 0.5560089078433722 -0.5261036443547279 0.46752975809626685 0.4421368284704868
1403715936.5340581 -2.5277123080724144 -2.0685935756850049  1.2182898467881811 0.54947693696207445 -0.52368826549683245 0.47480347268467904 0.44540695847086303
1403715936.5840583 -2.5177940528272575 -2.0924720255967544  1.2106421941392509 0.54336495911847604 -0.52256544695960416 0.48134342013554116 0.44720061129017463
1403715936.634058 -2.508305277331714  -2.11041352299253 1.2035954155472957 0.53775342515526936 -0.52194701713759295 0.48758128035494336 0.44794760863563027
1403715936.6840582 -2.4993663665871328 -2.1225450132493933  1.1959964226752302 0.53289398937461185 -0.52217739880457281 0.49279762655988069 0.44777813649512788
1403715936.7340581 -2.4894492689123182  -2.122087317924874  1.1906841428780086 0.53247809749513852 -0.52384300473609668 0.49164235032623516 0.44759734297994996
1403715936.7840581 -2.4820255266633833 -2.1220246613781182  1.1833571724317675 0.53637226945233396 -0.52744473030413486 0.4865054317331986 0.44431892817102181
1403715936.834058 -2.4726026874418618 -2.1188593986203048  1.1769432019742849 0.54273455981238039 -0.53126635011098 0.47802759155102853 0.44123110105809876
1403715936.8840582 -2.4651745306938313 -2.1106651435753769  1.1705019844295188 0.54831873787788588 -0.53461323074592371 0.47084685608532628 0.43799371378819141
1403715936.9340582 -2.4578011849277952 -2.1005054940178431  1.1638149961249538 0.55311441573825193 -0.53861342447920757 0.46462544862850252 0.43368561719300291
1403715936.9840581 -2.4523219609880633 -2.0846869209944963  1.1569132231381578 0.55745648376765577 -0.54134902055074763 0.46041880404668439 0.42918298141278688
1403715937.0340581 -2.4472503532940237 -2.0667162065600002  1.1490448701704608 0.56323986823622019 -0.54252781767625446 0.45703937893499169 0.4237209270019634
1403715937.0840583 -2.4418418524132965 -2.0510502236349692   1.139573740252978 0.57077290872305575 -0.54346847186404379 0.45333993210097562 0.41634506448409603
1403715937.134058 -2.4369091406164314 -2.0282462187025034  1.1309232701004863 0.57939351530149319 -0.54494316619197813 0.4494350461363481 0.40663034730779651
1403715937.1840582 -2.4317299871690841 -2.0042276418658878  1.1228078258318686 0.5877850260148606 -0.54378796517553074 0.44767519238438869 0.39798283159775349
1403715937.2340581 -2.4265598003987066 -1.9805466679426891  1.1127720241647947 0.59649068684784046 -0.5410714396442412 0.44632142652467532 0.39017655225561532
1403715937.2840581 -2.4212741822903565 -1.9549531238596252  1.1014456596707038 0.60508778252238027 -0.53703721162752693 0.4473767574536377 0.38120053208219506
1403715937.334058 -2.4152935191937792  -1.927431881956007  1.0853281970121316 0.61405998946016382 -0.53000933826639518 0.44891245266431301 0.37483068249212514
1403715937.3840582 -2.4098337790661883 -1.9014661867179967  1.0689353720085999 0.62204695879398908 -0.5220251506427166 0.45244779433922233 0.36856250019389009
1403715937.4340582 -2.4062865858870071 -1.8713462574454653  1.0495373776402845 0.62998576846440035 -0.51369317125651015 0.45646636275483471 0.36176749026152188
1403715937.4840581 -2.4025637911551194 -1.8416085680818417  1.0273151775943723 0.63853259298056364 -0.50755711079759402 0.45733704655445157 0.354266471500152
1403715937.5340581 -2.3967777200266602 -1.8149767468041178  1.0006147703346344 0.64847741674289328 -0.50507864746086117 0.45508950169163009 0.34244144799313508
1403715937.5840583 -2.3935215273390686 -1.7879063623498375 0.97161284287598693 0.66043861354612365 -0.50335477605008172 0.44847822603932069 0.33063890868055784
1403715937.634058 -2.3892744162351298   -1.76210396079864 0.94256800273514385 0.67265464490841276 -0.50042957548907263 0.44238951227427131 0.31842972237009581
1403715937.6840582 -2.3846964242796127 -1.7394358888025152 0.91386305936122358 0.68335321378339553 -0.49709922567958831 0.43779636846242842 0.30700990994065397
1403715937.7340581 -2.3790239608908741 -1.7152136099743249 0.88459832171180097 0.69257529651887517 -0.49292125023259253 0.43425926059839282 0.29797146558935361
1403715937.7840581 -2.3725555667859548 -1.6975724204980482  0.8569278476615616 0.70013118481102254 -0.48841254258986955 0.43310902935025891 0.28928546626349799
1403715937.834058 -2.3668449888879213 -1.6791739475338767 0.82940965478752404 0.70743872971269373 -0.48287423063706758 0.43183233446475155 0.28263714547078422
1403715937.8840582 -2.3582345970423209 -1.6692456762188737 0.80374115052148165 0.71355605631032148 -0.47737799284107374 0.43271334043220683 0.27514936210336804
1403715937.9340582 -2.3483186352945848 -1.6617745326335185 0.77772672492351103 0.72039391304551126 -0.46987749687329489 0.43334998207113667 0.26917566943913912
1403715937.9840581 -2.3362382540700466 -1.6532734290090563 0.75228796939631282 0.72718115444165987 -0.46213989090198293 0.43372522626493321 0.26366023204766909
1403715938.0340581 -2.3218425367227753 -1.6493347622219805 0.72474834566762625 0.73350303737721534 -0.45416693690528909 0.43558334125657294 0.25685178683479398
1403715938.0840583 -2.3064337787283771 -1.6521657100366629 0.70241877858422008 0.74014040290657257 -0.44632440146033381 0.43637417170589804 0.25012855677503687
1403715938.134058 -2.2894398129548574 -1.6603994500148527 0.68338560914750324 0.7468115349373059 -0.43738013730788472 0.43760544159559861 0.24387009709893118
1403715938.1840582  -2.269147479293995  -1.674373168102693 0.66766577527710547 0.75387477147776305 -0.42796137138394602 0.43869709623037401 0.23678418716536148
1403715938.2340581 -2.2465002875041642  -1.681431871792564 0.65279513336739026 0.75900254712466675 -0.41653757985647949 0.44352284671888809 0.23173058163295751
1403715938.2840581 -2.2213951625121084 -1.7032831335327498 0.64821808302027262 0.76298712059180473 -0.40162008142823619 0.45057740549589276 0.23136975960828071
1403715938.334058 -2.1947207324439635 -1.7267441767473584 0.64807628239021242 0.76457950995130042 -0.38399970342152978 0.46123469741107886 0.23499990348703748
1403715938.3840582 -2.1646499104227503 -1.7476088534938772 0.64797177543619267 0.76571402218246165 -0.36606018403258272 0.47173965958780689 0.23904742515067662
1403715938.4340582 -2.1320434486221989 -1.7736798868345476 0.64976426635116968 0.76621762467338095 -0.34986402645837716 0.48373029026510111 0.23771983701461491
1403715938.4840581 -2.0983326974352026 -1.8020271527090082 0.65681838059733133 0.76552515832458146 -0.33485190278542498 0.49617357601279061 0.23591781967410622
1403715938.5340581 -2.0633264480115066 -1.8304491258015581 0.66336038156388666 0.76531137509780334 -0.32273234807992068 0.50667077854330622 0.23114292725292315
1403715938.5840583 -2.0283026576227989 -1.8595604816574605 0.67024386531987801 0.76547082756588725 -0.31237803018263044 0.51531546549666152 0.22566424046528602
1403715938.634058 -1.9921216741334677 -1.8869229446929956 0.67260420138154897 0.76636911497775695 -0.30473272452461042 0.52066912763652817 0.22072608757968373
1403715938.6840582 -1.9550408906428136  -1.915557674192117 0.67426438952557288 0.76867346718594021 -0.29935583585222503 0.52288409912254175 0.21475428580209768
1403715938.7340581 -1.9183684962212002 -1.9438188215564089 0.67577539462607228 0.77353848935553382 -0.29676183957521191 0.51977532718131048 0.20833680738423666
1403715938.7840581 -1.8802528001369041 -1.9735040927243757 0.67531771339457602 0.78032908170196014 -0.29523506376146424 0.51285584128598816 0.2022416065867286
1403715938.834058 -1.8384370528702592 -2.0055776241212069 0.67565868840633569 0.78807885710146264 -0.29486876773460619 0.50389281094786276 0.19513113508456059
1403715938.8840582  -1.797040201272309 -2.0354925439249141 0.67647826729416793 0.79509542667152311 -0.29602202112418868 0.49450440206593788 0.18883755408548494
1403715938.9340582 -1.7551029264801168 -2.0668834629041424 0.67545013935652309 0.80128053781563813 -0.29633731372557753 0.48630756370961542 0.18340842317246142
1403715938.9840581 -1.7112252883361949 -2.0998416891326004 0.67414723388496312 0.80657028234944361 -0.29724686014523716 0.47899201963159904 0.17791944495692028
1403715939.0340581 -1.6589538256446537 -2.1389922619488448 0.66868173123745012 0.8112219357884578 -0.29728975366999572 0.47276905616150666 0.1732835618130549
1403715939.0840583 -1.6095167717492596 -2.1766618184918261 0.66642992994764305 0.81466851709361876 -0.29678399370303432 0.4680800395893438 0.17069137317451002
1403715939.134058 -1.5552595247552721 -2.2180506970518938 0.66474507301499186 0.81481712511684645 -0.29516642857090358 0.46900008197947657 0.17026084448357323
1403715939.1840582 -1.4984079269308523 -2.2617393109196255 0.66604046552802443 0.8096706311568983 -0.29138410109475454 0.47904742278604018 0.17332726673332377
1403715939.2340581 -1.4361362405907208 -2.3084409688394554 0.66815235989222233 0.79999744469158063 -0.28586280299455374 0.49613617978972147 0.17926359768424693
1403715939.2840581 -1.3756716086837619 -2.3541259720320555 0.67107085154466684 0.78857761726948172 -0.27996990435457914 0.51501021561445615 0.18581354097596411
1403715939.334058 -1.3101360237240507 -2.4030803314118576 0.66993584981082632 0.77625922821558635 -0.27458356324283723 0.5338131533780277 0.19253310023893391
1403715939.3840582 -1.2454769266472934 -2.4508933528087793 0.67101350017635009 0.7628470554069996 -0.26933401990666711 0.5531468270134885 0.19887720719754437
1403715939.4340582 -1.1833778904643828 -2.4972620220766997 0.67211466880263204 0.75043059576483295 -0.26454782128304832 0.56992398804242372 0.2050732041205027
1403715939.4840581 -1.1234046861382951 -2.5405049936422679 0.67311044089493621 0.73885679399924287 -0.26002433554464305 0.58496652490584899 0.21045699709276003
1403715939.5340581 -1.0655594309741963 -2.5824040881964012 0.67432996075481988 0.72808953307780278 -0.25557700391974658 0.59805850631736157 0.21654572245001624
1403715939.5840583 -1.0103454928106641 -2.6211118827902307 0.67567477044237922 0.71753374896646849 -0.25217389776080235 0.61018970045674825 0.22186070819041689
1403715939.634058 -0.95995143805912497  -2.6558805186481051  0.68016409489421648 0.70372518358572589 -0.2473987544417931 0.62554209208658385 0.22860842791950126
1403715939.6840582 -0.91336016158330757  -2.6856164617820899  0.68604159678682575 0.68928920764312773 -0.24298203572551846 0.64084369621796766 0.23486054491779848
1403715939.7340581 -0.87425994414357922  -2.7106966296814572  0.69105484521298199 0.67654587833403146 -0.2392475981210431 0.65362771372888806 0.24045181044877273
1403715939.7840581 -0.84159385789699903  -2.7278733366503984   0.6994596406614314 0.66609978045615681 -0.23705105496817316 0.66357542708734951 0.24451080217564516
1403715939.834058 -0.81696512582384329  -2.7393886496654982  0.71200624673585233 0.65788624552189712 -0.23522948833675161 0.67081950828795589 0.24870456986198972
1403715939.8840582 -0.80032733537942158  -2.7419041523232752  0.72808375411121073 0.65197039267250834 -0.23416798876048928 0.67574085979699561 0.25194096633763241
1403715939.9340582 -0.78006753311669874  -2.7387267923829892  0.74154313651720072 0.65075815681314819 -0.23398113510895971 0.6763280719870467 0.25366708260348042
1403715939.9840581 -0.77876138242189386  -2.7260950998104909  0.75927420953917801 0.65392405861407199 -0.2362981914477818 0.67234137476212941 0.25397552257486805
1403715940.0340581 -0.78240429556379498  -2.7067563898945375  0.77709805634450624 0.66668013256569203 -0.2417755262410291 0.65856855471583087 0.25173330032509939
1403715940.0840583 -0.79580824682252926  -2.6801310531786595  0.79776403040780097 0.6843382708655501 -0.24887122738547568 0.63979725769047502 0.24577166691900015
1403715940.134058 -0.81269827478667755   -2.648247742055251  0.81804908990342984 0.7035271053131662 -0.25680943538269346 0.61799508162933381 0.23912466428633555
1403715940.1840582 -0.83558792094115042  -2.6109506427129165  0.83934672834125856 0.72155323929330595 -0.26435253674223658 0.59649400302299915 0.23167555663228742
1403715940.2340581 -0.86040473622516134  -2.5714440995302339  0.86028670129747387 0.73867147195802219 -0.27152464447431707 0.57473939763032722 0.22430659546699322
1403715940.2840581 -0.88532158749233147  -2.5290738135354278  0.88127427826509142 0.75474217127436038 -0.27856400305194468 0.5533864723281926 0.21570758759927486
1403715940.334058 -0.90866896294599275  -2.4868112814394148  0.90211460272799693 0.77026762969416196 -0.28530409216618036 0.53166536791378594 0.20644924364033843
1403715940.3840582 -0.93932575669343987  -2.4413565788915039  0.92098712073662659 0.78392224888760698 -0.29196930790095899 0.51110293889792757 0.19746801460675426
1403715940.4340582 -0.96342860915857464  -2.4010371023138597   0.9412933138006363 0.79748462861918257 -0.29851832611303075 0.48929179294275982 0.18841076787078326
1403715940.4840581 -0.98432402196887647  -2.3595537546340832  0.95962699642577209 0.80975483459154185 -0.3047222173081357 0.46829178349229117 0.17928826968892073
1403715940.5340581 -1.0030301991438959  -2.322235661260827 0.97694472256879061 0.8211004358855547 -0.31202192358630915 0.44732439737636814 0.16833679604269725
1403715940.5840583  -1.009866995305815 -2.2922050735329131 0.99684344712274175 0.83214969518048054 -0.31936018402186228 0.42568018365314259 0.15598826532012761
1403715940.634058 -1.0173298547271208 -2.2634313165757516   1.016871544209091 0.84198107204620654 -0.32713494703409585 0.40411052257091856 0.14403224046156837
1403715940.6840582  -1.017446065185617 -2.2430923018793854  1.0361737044294084 0.84975717960538433 -0.33591492244276905 0.38441962187288192 0.13151218539923137
1403715940.7340581 -1.0121316635783839 -2.2265317223544585  1.0526734488420326 0.85660352431759479 -0.33987661897761146 0.3680125391087995 0.12361657274701333
1403715940.7840581  -1.002821663556974 -2.2170735677805995  1.0701598491050133 0.86199808053111093 -0.34064992757074214 0.35549794423664943 0.12057424123852004
1403715940.834058 -0.98058997053375474  -2.2173571408607033   1.0908132245732756 0.86472584217619464 -0.34015394158779222 0.34914573094527068 0.12100319193166988
1403715940.8840582 -0.94682048701983779  -2.2303476704005973   1.1148006248416575 0.86416988171157749 -0.33734371619452075 0.35149182016343739 0.12594893030455925
1403715940.9340582 -0.89732997910266377  -2.2574342468279709   1.1407770098255634 0.85910085235067857 -0.33331738558568524 0.36447975051617648 0.13416317460587648
1403715940.9840581 -0.84189996865596306  -2.2909875721187754   1.1713713785869431 0.84775003609460353 -0.32823790113338397 0.38988194244545005 0.14687350855791587
1403715941.0340581 -0.77891365243350652  -2.3319065394490157   1.2015071994272206 0.83250340974992343 -0.32110365794295126 0.4216496017425827 0.16137573225466312
1403715941.0840583 -0.7129258492346896 -2.3744930423354198  1.2342466088978867 0.81245863638260696 -0.31206307168825953 0.4591029285330851 0.17819120199422867
1403715941.134058 -0.64327189758063907  -2.4200144560427002   1.2674511581935031 0.78782758912150119 -0.30329940697091662 0.49969867678643531 0.19400616476797605
1403715941.1840582 -0.57208818804220729  -2.4658134845274646   1.3002627146401837 0.7613852655114921 -0.29271336768008877 0.538889808227624 0.21025968808064613
1403715941.2340581 -0.50121997102454352  -2.5112962874880775   1.3298856795481533 0.73731783626418601 -0.28402078240107276 0.57123038193508491 0.22223963248097456
1403715941.2840581 -0.43446049944609999  -2.5533997388141905    1.358774487801826 0.71532827853697201 -0.27787548861905681 0.5985877178252591 0.22974640545349254
1403715941.334058 -0.37126002504103667  -2.5923315758282479   1.3854799880149231 0.69770644851712305 -0.27287578891327519 0.61927302258504102 0.2350434832556908
1403715941.3840582 -0.31228189260353434  -2.6273075898481779   1.4099334974299162 0.68231193346856145 -0.26878321887903145 0.63639509512722203 0.23918045403718532
1403715941.4340582 -0.25845653963922749  -2.6593560622049663   1.4291448601828116 0.66878462318650511 -0.2655994836244216 0.65099923483815181 0.24162789228039419
1403715941.4840581 -0.20897082408004303  -2.6865361608313663   1.4435653444598795 0.65995115652820135 -0.26397703638972736 0.66049095640962796 0.24193447823136094
1403715941.5340581 -0.16532151119858696   -2.709399459695645   1.4526853197628404 0.65235625471554493 -0.26247939801346198 0.66848820108185647 0.24219704285218099
1403715941.5840583 -0.12472220654718075  -2.7268243950849129   1.4578594873710455 0.64572082152424104 -0.26115621865851391 0.675437351416322 0.24212896236871326
1403715941.634058 -0.093603048525695537   -2.7403837770401744    1.4560202234637498 0.63700492091927896 -0.25966061237126137 0.6843255005794977 0.24186712543093691
1403715941.6840582 -0.07336088948880938  -2.7470041849423463   1.4579992924757639 0.62738226305754718 -0.25807097859032485 0.69405331194829345 0.2409997223729268
1403715941.7340581 -0.060032555415857551   -2.7490888207070601    1.4546620918985691 0.61695261946931823 -0.25625987316485749 0.70423899549413338 0.24030767769859512
1403715941.7840581 -0.059248222470009895   -2.7418923783368618    1.4563363903353292 0.60666959394184428 -0.25357803168994253 0.7139704755052636 0.24061659489212373
1403715941.834058 -0.066681513713234816   -2.7297390076213479    1.4488768906980913 0.59868879320256418 -0.2513260043562241 0.72105434258822432 0.24184210440420886
1403715941.8840582 -0.081769623927128943   -2.7103092192253517    1.4453925896217925 0.59487682523775709 -0.24942831271636037 0.72486033979285414 0.24183582738276121
1403715941.9340582 -0.10566060767230033  -2.6882978816714345   1.4345524097528219 0.59800617942550172 -0.24853793872207289 0.72175278070685445 0.24431624163493723
1403715941.9840581 -0.14351348963215524  -2.6551242085325844   1.4224530999281095 0.60975513452270214 -0.25101623836117598 0.71113855054876207 0.24386776319475373
1403715942.0340581 -0.19052742165952269  -2.6159306273597824   1.4077112112611176 0.62928452370470511 -0.25543651520869826 0.69283439149255199 0.24235032677701113
1403715942.0840583 -0.24464360105241612  -2.5713718784198893   1.3896022092792291 0.6525050791517385 -0.26175142510955368 0.67008728993358058 0.23813092408120937
1403715942.134058 -0.30492977086223599  -2.5209427923849028   1.3682315917452552 0.67726698002784691 -0.26937543778443357 0.6442808059576457 0.23162157575876116
1403715942.1840582 -0.36950254523803705  -2.4675745454609359   1.3433964418864073 0.70128552815133205 -0.27679454783598273 0.61762629064754682 0.22387753660144932
1403715942.2340581 -0.43787641186776272  -2.4115310321421703   1.3126748923115272 0.72357793129332493 -0.28433365535603966 0.59105048075246092 0.21505506034369495
1403715942.2840581 -0.50528760552830898   -2.355501746320237   1.2733145248796196 0.74663430597322289 -0.29324998679916314 0.56091018080637134 0.20474722819598409
1403715942.334058 -0.57773382552361485  -2.2973862792092317    1.230462222848469 0.76576071336080775 -0.30069154963363193 0.53401299234379174 0.195000630409497
1403715942.3840582 -0.64778337763509031  -2.2434290887973867   1.1821009676604863 0.78158693277903846 -0.30739626285573379 0.51019146817715288 0.18529454900407827
1403715942.4340582 -0.7167406699234441 -2.1876096517429584  1.1317326540064445 0.79311821458362541 -0.31291399415677751 0.49168093239662497 0.17691294659837695
1403715942.4840581 -0.77953349043446329  -2.1345292947424959    1.077590394116049 0.80366916058703364 -0.31868415551749829 0.47397322778413409 0.16704989879470489
1403715942.5340581 -0.8424227877849555  -2.084482467054233  1.0242221978849231 0.81237730188378376 -0.32299305609041812 0.45858943999791457 0.1594187273308717
1403715942.5840583 -0.90270847011026922  -2.0404844531171351  0.97110795950835305 0.82119681057430427 -0.32620258649527045 0.44245153905943635 0.15318063340488564
1403715942.634058 -0.95676126230465419  -1.9996340818242699   0.9188860840983154 0.8296176093686326 -0.32712896330419389 0.42729615306743018 0.14879267847166935
1403715942.6840582 -1.0105364299925155 -1.9650756603591915 0.86851691659570873 0.83624871924189048 -0.3282511787276397 0.41435361265086718 0.14577491867049108
1403715942.7340581 -1.0515037598980874   -1.93553416967931 0.81896056642021187 0.84110050408552406 -0.32718606434761632 0.40600926041464802 0.14372091629733386
1403715942.7840581  -1.086942003170454  -1.912393084530966 0.77063576932507882 0.84415714382968721 -0.32584418179312929 0.40092388513243815 0.14312345734778192
1403715942.834058 -1.1114012082625029 -1.8987987047431385 0.72344884328886128 0.84576316853153577 -0.3241840100512276 0.39887138969188812 0.14314679482218445
1403715942.8840582   -1.12998134886238 -1.8949529320377874 0.68148287417608766 0.84617815913758654 -0.32214879729047641 0.39920101950417752 0.14436488987856469
1403715942.9340582 -1.1411844994260558 -1.8948426314467697 0.63757516930613589 0.84608806192566988 -0.32012518116245314 0.40075186631562931 0.14509583556088237
1403715942.9840581 -1.1419264511911766 -1.9028378309370149 0.59886301670389019 0.84515330363071606 -0.31724278789148597 0.40404923569294876 0.14770620172785076
1403715943.0340581 -1.1324868811034812  -1.918553085852124 0.56423041159042953 0.8443953642282761 -0.31236269523127069 0.40789922184157051 0.15180329482160321
1403715943.0840583 -1.1114368536221655 -1.9425088223303058  0.5363178834722192 0.84379937524004955 -0.30577224312926476 0.41155225573614052 0.15852662386707941
1403715943.134058 -1.0798047589964299 -1.9809614525302157 0.51283070329250402 0.8406960021101082 -0.30032028717415959 0.41962383244978024 0.16417611393826456
1403715943.1840582  -1.049680734166784 -2.0107547590689037 0.49050791758393286 0.83371182063991278 -0.29515619889070732 0.43440823281788726 0.17057815112643057
1403715943.2340581 -1.0164784916169463 -2.0434706437816397 0.47065899521970378 0.82144254760372015 -0.29126655145477071 0.45752706574317398 0.17625243573465008
1403715943.2840581 -0.97907202795604797  -2.0778839212454039  0.45541976650037902 0.80530236619452278 -0.28594693709477692 0.48583417611197705 0.18354182490433885
1403715943.334058 -0.9354056755838257 -2.1153079459229853 0.44744659997594793 0.78734662146533596 -0.27849903533360615 0.51617413037895754 0.18996802918622552
1403715943.3840582 -0.88948164773925154  -2.1530325158690817  0.44262739566070958 0.76910115808827328 -0.26859336440628723 0.54556265519118852 0.19672926189290876
1403715943.4340582 -0.84419858383336188   -2.188896378530107  0.43880043332679247 0.75038906501944658 -0.25857249463403886 0.57370491577348681 0.20228491227797224
1403715943.4840581 -0.8000987754651766 -2.2226310988072013 0.43661184215335347 0.73581565393145831 -0.24931827688326211 0.59517011786487573 0.20539778733494535
1403715943.5340581 -0.7596559212552576 -2.2542738792112078 0.43106086720196218 0.72506206636056492 -0.24293950651927221 0.61005315338032884 0.2076067102668831
1403715943.5840583 -0.72249935799674858  -2.2823891209009974  0.42629034532775267 0.71659963991820086 -0.23780939034287479 0.62114544111833614 0.21002378653800785
1403715943.634058 -0.69004603613369819  -2.3084499283719087  0.41976149782386651 0.70872606460550747 -0.23458152278210687 0.63091978709726237 0.21123232888732499
1403715943.6840582 -0.66237626252778459  -2.3295244053922795  0.41380126383160493 0.7010069600718839 -0.2330686777732853 0.63945745374007257 0.21298450231895216
1403715943.7340581 -0.63972102792085217  -2.3465284483977604  0.40954496882044988 0.69281715361332774 -0.23315019885741697 0.64812263596485065 0.21350041026154398
1403715943.7840581 -0.6212655037385364 -2.3595888066917703 0.40566659588421855 0.68363035231753444 -0.23227591484986226 0.65724632337880418 0.21615899513068576
1403715943.834058 -0.61102781475293555  -2.3667090493727536  0.40533216863864069 0.67524953539625443 -0.23213965973096359 0.66469844389450117 0.21982998433190071
1403715943.8840582 -0.61065751488843267  -2.3676223957228304  0.41232007305070739 0.66850332982983751 -0.23256780552382092 0.67054900379229709 0.22221509254191496
1403715943.9340582 -0.61604230475372113  -2.3635918219610486  0.41842706304237154 0.66351727461350685 -0.23259375095647936 0.6743051005423667 0.22573791149917283
1403715943.9840581 -0.63148775607676477  -2.3532835604394515  0.42653477464929873 0.66428525302824426 -0.23548514771497711 0.67266260266449662 0.22538161147591976
1403715944.0340581 -0.6569554723519635 -2.3317088076454104 0.43773531060796766 0.67458260352239197 -0.2420328656494701 0.66203036001254023 0.21925830746433164
1403715944.0840583 -0.68940574355685902  -2.3059186504829445  0.45165032130384108 0.6941057510235058 -0.25100769088422065 0.64168080414893969 0.20846604303779756
1403715944.134058 -0.72475867450080156  -2.2787775239904882  0.46594000465125329 0.71640450273257128 -0.25832054059501319 0.61781896475087461 0.19579278220954718
1403715944.1840582 -0.76532065512059932  -2.2477476049863334  0.48077754805134337 0.73913904040815293 -0.26465566343598618 0.59226486412979085 0.1812544881460689
1403715944.2340581 -0.80611245089499051  -2.2170301821235836  0.49486834908966831 0.76369945934176819 -0.26965377416206321 0.56297800638071183 0.16463821613721763
1403715944.2840581 -0.84853536398588414  -2.1860972559101932  0.50741119345782359 0.78614570048617749 -0.27156599621496746 0.53469149281342732 0.14943846499418553
1403715944.334058 -0.89056422155766657  -2.1562973890524577   0.5189642102723383 0.80458089397387511 -0.26930514720000165 0.51121212028057816 0.13706382025181274
1403715944.3840582 -0.93143747820986067  -2.1292822962581375  0.52941002614283739 0.82026068782950434 -0.26380075946486486 0.49148554696979574 0.12658404491494832
1403715944.4340582 -0.96847551435484081  -2.1039752661539857  0.53693556528030584 0.83412150020931508 -0.25674778283310334 0.47425847628082723 0.11576180965515059
1403715944.4840581 -1.0016012430949106 -2.0807219739333545 0.54039684086074402 0.84674451336815471 -0.24761465505083485 0.45882471204370806 0.10578561009415023
1403715944.5340581   -1.03022396786582 -2.0623489088976039 0.54561540385876572 0.85693398606212756 -0.23740876548369647 0.4472759143099197 0.096153409099241569
1403715944.5840583 -1.0532072043597851 -2.0473158267670017 0.55024786290573147 0.86507919386882604 -0.22742966999441383 0.43890890163519775 0.085280182966961771
1403715944.634058 -1.0702847140066725 -2.0388577698915364 0.55576719315349021 0.87166506778141961 -0.21614937417716737 0.43330740562865722 0.07565811179109945
1403715944.6840582 -1.0753926791573676 -2.0383866439778515 0.56552206100315927 0.87675114733207649 -0.20570969780568005 0.42977053952123345 0.065484572535913305
1403715944.7340581 -1.0737447057976768 -2.0399422974165247  0.5746875995998646 0.88127122445005512 -0.19375874179688818 0.42736689512997306 0.056357039316788683
1403715944.7840581  -1.060019053541156 -2.0405888030899955 0.58490503193430854 0.88497804449386674 -0.17953162089951047 0.42657447643221497 0.051151480111407258
1403715944.834058 -1.0358687516388427 -2.0545259672467409 0.60184190006002469 0.88586350958595494 -0.16369285223760796 0.43151894171975241 0.047348658348851567
1403715944.8840582  -1.003206502903371 -2.0768296261662029 0.61941457119450127 0.88201393080776591 -0.14337672092080705 0.4461334919852557 0.049592833031319811
1403715944.9340582 -0.97105057784030113  -2.0963435662630672  0.63960549139333334 0.87304459883504992 -0.12041853763900023 0.46948663053481116 0.053617235912542457
1403715944.9840581 -0.93456517538227968  -2.1159456804749075  0.66007829399303564 0.85953739575623822 -0.098650933508144342 0.49809475165799144 0.05800928361322473
1403715945.0340581 -0.89447957837637027  -2.1355814515304923  0.67905613904772943 0.84129614528766339 -0.077834814940009725 0.53118521181966716 0.063283554352363769
1403715945.0840583 -0.85259372968575409   -2.155098890018861   0.6982437399858159 0.82089151831936225 -0.060266856863063774 0.56383575307853406 0.067781005197190519
1403715945.134058 -0.80918158042586663  -2.1742537462654252  0.71491284822336176 0.80233115530528565 -0.046931876333928903 0.59080017877688651 0.070832654669024456
1403715945.1840582 -0.76850209720316354  -2.1916801458855555  0.73090743545856396 0.78695597384928784 -0.03647035065934174 0.61145307820339001 0.074130573323716184
1403715945.2340581 -0.73073249776455518  -2.2067373649621507   0.7473265488870906 0.7731422933437827 -0.028740038778665707 0.62903962824810467 0.075724173865440836
1403715945.2840581 -0.69707787721200243   -2.219683927617925  0.76351603732019102 0.76111314387703211 -0.024024862399387538 0.64347864299921531 0.077876981247344684
1403715945.334058 -0.66789506591204362  -2.2295309696957104  0.77826383241591002 0.74860784753237208 -0.020971194569071962 0.65794439851505793 0.079092781427597889
1403715945.3840582 -0.64426000821221108  -2.2366516576712234  0.79334160568368539 0.73585942571531648 -0.018388468240185831 0.67195762838753836 0.08152125780125874
1403715945.4340582 -0.62759686949115179  -2.2402161995834753   0.8091451798866649 0.72365534027319844 -0.017715355444418983 0.68497862491597095 0.082543310351504695
1403715945.4840581 -0.61902857960612678  -2.2396952054984172  0.82666333196758612 0.71159623550064455 -0.01848563460279121 0.69760186265981938 0.08149061386561042
1403715945.5340581 -0.62116275741093863  -2.2364457588792073  0.84874906901814107 0.7035672072590009 -0.020802913334306623 0.70569694852807807 0.080945910982177849
1403715945.5840583 -0.62996628320983017  -2.2291426904264875   0.8630255001539674 0.70960331331903537 -0.026912086935691883 0.70009672923106103 0.074856175586142784
1403715945.634058 -0.6449105704968936 -2.2187702652116941 0.87712989520671703 0.72756625088152349 -0.034076117603534205 0.6817701200779005 0.068378886772448119
1403715945.6840582 -0.66744435250551393  -2.2070107919874498  0.88923731997652034 0.74793201445767332 -0.041636733365323482 0.65962921574045341 0.061264850653423103
1403715945.7340581 -0.69392404471757951  -2.1917401634111791  0.90095478132578954 0.76734090766972352 -0.047385806089201496 0.6369919698679587 0.056424703115027869
1403715945.7840581 -0.72379769141547334  -2.1759687103598147  0.91159933860451448 0.78652805170516749 -0.052063146441477075 0.61308864120746143 0.052776611163235884
1403715945.834058 -0.75468745239028701  -2.1600568059133556  0.92231694518769192 0.80613641525061652 -0.055929013447946166 0.58680021438554841 0.051783528835912467
1403715945.8840582 -0.79155186942689237  -2.1433970954171753   0.9332450483918886 0.82415513303362165 -0.060151604365181854 0.56099893782744004 0.049298001410932948
1403715945.9340582 -0.82379670877670408  -2.1263240303299797  0.94528026805631926 0.84088996674544403 -0.063615064039638708 0.53532066097658715 0.047843258518507972
1403715945.9840581 -0.8569548253205389 -2.1089670554048663 0.95565120558996208 0.85432225351026647 -0.066344552391474396 0.51361505570606814 0.043948402441585238
1403715946.0340581 -0.88551799361836447  -2.0917588034944936  0.96598456722165915 0.86567336911656168 -0.065864388116694511 0.49458826876936401 0.040668719873116148
1403715946.0840583 -0.90988296679855951  -2.0746907083924695  0.97698671646439306 0.87457116871747664 -0.063810713829438134 0.47925143406929765 0.037034127386053717
1403715946.134058 -0.92354191414831655   -2.056177707634852   0.9885135497517058 0.88294078912885121 -0.061635607139416251 0.46432295345960811 0.031950112920361949
1403715946.1840582 -0.93495590377615323  -2.0394913735334059  0.99916073835215902 0.89054220719871302 -0.056570516026330009 0.45053176115104443 0.027486107550863479
1403715946.2340581 -0.93623018213564946  -2.0262981577629224   1.0128300464491617 0.89671829139673387 -0.051160097227971803 0.43908119987543998 0.022060150545516685
1403715946.2840581 -0.93124901009756811  -2.0114951662391722   1.0264395043397418 0.9006525933462225 -0.044943805029373403 0.43186562903878462 0.017234817757685608
1403715946.334058 -0.91572537202384807  -1.9975955481690633   1.0411571740105703 0.90119300150546056 -0.035885220054978441 0.43170867320215667 0.013821957213733454
1403715946.3840582 -0.88781961637689055   -1.984511920511522   1.0586181554658511 0.89714634427063245 -0.024423998273573964 0.44086605947883328 0.013000879577101157
1403715946.4340582 -0.85385767590449946   -1.972057327641999   1.0791298419408624 0.88802648518972149 -0.012334338501398305 0.45944236148391121 0.01302083597198875
1403715946.4840581 -0.79915228111832481  -1.9604330313722855   1.0986442099307172 0.87502296336012619 -0.0011206502940382724 0.48389605259282598 0.013347959411942049
1403715946.5340581 -0.75438721748537152  -1.9464073120917471   1.1192825255238825 0.86029391194017335 0.0063794738888013841 0.50964935555533342 0.010546173410717645
1403715946.5840583 -0.70565954750223636  -1.9320055845212853   1.1412037111258264 0.84302650211798491 0.011953999223346699 0.53769666840267638 0.0067610219601469896
1403715946.634058 -0.65520491006379633  -1.9170777355671829   1.1635836111745552 0.824795753485283 0.016811833894491056 0.56516655067062438 0.0040121411761104729
1403715946.6840582 -0.60435233898523977  -1.9018638324872719   1.1853561133922728 0.80732094254676479 0.020001044851379018 0.5897731838881991 -0.0006674553416837134
1403715946.7340581 -0.55395351740281085  -1.8876147857874197   1.2053773157490622 0.7930642782018561 0.023137036243818319 0.60869143613020227 -0.0029092569108083392
1403715946.7840581 -0.50685423353511949   -1.872182705336813   1.2243672887474635 0.78098851562505789 0.024611816525550882 0.62402399593002389 -0.0067267713360037321
1403715946.834058 -0.46277342647188835  -1.8554414289507488   1.2419619259268218 0.77271589870451807 0.026116453564739291 0.63414704985859183 -0.0092514808606263457
1403715946.8840582 -0.42114712072009486  -1.8403959920360007   1.2577245788319709 0.76519704791393539 0.027331809684194162 0.64312188319669372 -0.010986054647764913
1403715946.9340582 -0.38474893602699584  -1.8246960449803424   1.2712326250499517 0.75786581581665846 0.028694725417486106 0.65166865034756805 -0.011999504320795688
1403715946.9840581 -0.35262944297469934  -1.8115311970454608    1.282540345001264 0.75150667770483059 0.029926801119257496 0.6589587271596703 -0.010746899084099022
1403715947.0340581 -0.32717532685165446  -1.7965080649059775   1.2951078087915102 0.74409938650536467 0.029875041197957957 0.66730469857386943 -0.011314776930975127
1403715947.0840583 -0.30497695561896271  -1.7838664364571279   1.2972057830745172 0.73578425942753445 0.028488214157544073 0.67649103340902306 -0.013031766955432719
1403715947.134058 -0.2937592717825287 -1.7689853641831794  1.3097292911107221 0.72107461213092494 0.026156375141252974 0.69221254384450204 -0.014458282194978633
1403715947.1840582 -0.28764250002034258  -1.7534121817219304   1.3216331679302868 0.70527016826995581 0.023744105204127293 0.708398915216365 -0.014183939396404664
1403715947.2340581 -0.29096799937731682  -1.7388753599248332   1.3321605128437997 0.69407451644168394 0.020530391432556989 0.71945319348026471 -0.015038984171726283
1403715947.2840581 -0.30315868788308953   -1.724970318213102   1.3393326962037171 0.68885821356672805 0.017330063988291063 0.72452481670454416 -0.01542142869725496
1403715947.334058 -0.32477072107925986  -1.7113572240254742   1.3410664249849056 0.69279827645826408 0.013877147197592225 0.72081573487652606 -0.016206457864964056
1403715947.3840582 -0.35603495403111479  -1.7016265732504046   1.3408783165545544 0.70550447707462183 0.01142310677552167 0.70844870399774007 -0.015276755649747894
1403715947.4340582 -0.39257313590583598  -1.6890673914425853    1.336233160899569 0.72547610023888909 0.0097858025545417039 0.68804871331427297 -0.013327946470122623
1403715947.4840581 -0.43945235091050411  -1.6775503189605649   1.3287537840905768 0.74643042468511944 0.0073679201952089636 0.66527094122782571 -0.014209490287566625
1403715947.5340581 -0.50297227799543409   -1.676414984020399   1.3150432120000273 0.76626365489251669 0.0042315944750588568 0.64230559124639119 -0.016298228510626466
1403715947.5840583 -0.5618725945979921 -1.6692553567697117  1.3029299270513974 0.78441097781527069 0.0004869540631832497 0.61986270507913988 -0.021665816638258468
1403715947.634058 -0.62321981240245106  -1.6617460607894803   1.2850800081937857 0.80444511137789954 -0.0028497132295650452 0.59348890206478966 -0.025117026906834337
1403715947.6840582 -0.67985278347821354  -1.6513157695470035   1.2667293826513568 0.82218802331880858 -0.0066832698342276162 0.56839677968784508 -0.029787397602350701
1403715947.7340581 -0.7361716353138188 -1.6429796584400458  1.2447720357436762 0.83776984943304511 -0.0089161696446763417 0.54496883655683037 -0.032728404814399474
1403715947.7840581 -0.78802131315417301   -1.637059857002789   1.2187362878896979 0.84997532314618773 -0.0082778657386199505 0.5258165747817326 -0.03146993273195714
1403715947.834058 -0.83921591362306469  -1.6313337673246795   1.1933618681108185 0.85970579871399533 -0.0052741488480274419 0.50998622889997092 -0.028145503083916602
1403715947.8840582 -0.88617937584201389  -1.6266798912646678   1.1655873385425715 0.86894630506912585 -0.0013431525441445612 0.49432577847299519 -0.02392779941875833
1403715947.9340582 -0.92684024540811938  -1.6251884436011628   1.1354205893998697 0.87741248642147607 0.0020446466987098389 0.47926955932045695 -0.021067453579768837
1403715947.9840581 -0.96360710443290787  -1.6219058033133744   1.1055544836193674 0.88533264022276636 0.0060655797218960635 0.46455624233562448 -0.018352727476528101
1403715948.0340581 -0.9901518622597193 -1.6223395501517321  1.0749577890681992 0.89285323665508276 0.0091055886954066381 0.44994624246475245 -0.016690264854194552
1403715948.0840583 -1.0110755595014436 -1.6195173823055176  1.0463298384280348 0.89959138183347676 0.011682862299487524 0.43627781646821617 -0.01614073471539184
1403715948.134058 -1.0267996659080942 -1.6188542108666748  1.0213637975428946 0.90423696292386546 0.014578383454743868 0.42652792939832307 -0.014727900775386358
1403715948.1840582 -1.0302617188417518 -1.6169063768640193 0.99584219821377173 0.90762912979585431 0.017306585232972866 0.41918383528418085 -0.013955539761649554
1403715948.2340581  -1.016357828089347 -1.6109329939250185 0.97296970934942961 0.90742802185593552 0.018487790932800095 0.41954959070347464 -0.014516462296162828
1403715948.2840581 -0.99890451543051129  -1.6080462304533507  0.95330910116088508 0.90369189931985894 0.019223131774414533 0.42748568666461489 -0.01508011953971828
1403715948.334058 -0.96619972267916387  -1.6014800176000616  0.93597332904045394 0.89580647185231232 0.019455912848140862 0.44370910418697951 -0.01656693406596486
1403715948.3840582 -0.93100129277990051  -1.5968452308621863  0.91995825667214171 0.88416155324809964 0.019302983389407072 0.46642050331666723 -0.018375436756793921
1403715948.4340582 -0.88687348066575233  -1.5920807297604673  0.90689226478707785 0.87045184409283549 0.018839966155971721 0.4915026550618406 -0.019590376662667476
1403715948.4840581 -0.84071224908590991  -1.5885744560522261  0.89456079182473935 0.85532866184319534 0.019547060995208778 0.51738260056065211 -0.018602077117223441
1403715948.5340581 -0.79021638193766552  -1.5846821347235334  0.88149527326482424 0.84065030755469494 0.01958512447139283 0.54096058840940398 -0.016885647615309238
1403715948.5840583 -0.73688680290219621  -1.5802765098672931  0.87105728113594638 0.82505858990815772 0.019505949452072905 0.56453699986264383 -0.013993460644916408
1403715948.634058 -0.6832178639000549 -1.5762708008974096 0.85725025232387009 0.81191244125521556 0.018469664142939522 0.58336761484940858 -0.011801914520766236
1403715948.6840582 -0.63088417124725704  -1.5730973285887433  0.84302941913255136 0.79887431725880742 0.017637617456750115 0.60117336076494943 -0.0089067379718825793
1403715948.7340581 -0.58077532072935312  -1.5696447633554436   0.8273511871102639 0.78563260916201949 0.016421484783329787 0.61844205615585457 -0.006415717926101629
1403715948.7840581 -0.53432819894590233  -1.5651962521661926  0.81255564788092605 0.7751053816864879 0.015480917683165124 0.63163233261442819 -0.0035475152413299601
1403715948.834058 -0.49227466218606591  -1.5630152732860145   0.7991665783882167 0.76667090275237693 0.014509279748986711 0.64187171684675948 -0.0024303880789931643
1403715948.8840582 -0.45554695518250232  -1.5585449718603277  0.78590555785262306 0.7591018622363418 0.013669828557976042 0.65082498712878367 -0.0020819859106865094
1403715948.9340582 -0.42228916511928044   -1.555433565532935  0.77192053629595259 0.75240258283695471 0.013658593201381618 0.65854409297028149 -0.0048449753341091384
1403715948.9840581 -0.39475014954810217  -1.5519166745167132  0.75917906970546856 0.7451936520912521 0.015569641794307228 0.66662014365121824 -0.0078480071182581001
1403715949.0340581 -0.37310451796214167  -1.5479253795393184  0.74716710952684062 0.73860212647817314 0.018489127007569668 0.67378297824801459 -0.011897443744533047
1403715949.0840583 -0.35340125387974963  -1.5434596456753811  0.72771011856997248 0.73464271183921914 0.022535459796312565 0.67788263930382997 -0.016351340121243865
1403715949.134058 -0.34465389188102064  -1.5401096539692845  0.71594830650812846 0.73455079973284132 0.027037588315404038 0.67764143289816137 -0.022498441049474772
1403715949.1840582 -0.34269203780002738  -1.5362307577528491  0.70298736988163746 0.74070889086168967 0.032866111788011423 0.67041446231317459 -0.028541310686799735
1403715949.2340581 -0.34626567572047129  -1.5335750727538382  0.68675631542954474 0.7544255888666429 0.041279253465684111 0.65422641070920973 -0.033553801976514946
1403715949.2840581 -0.35234078808485259  -1.5324002031989541  0.67398317098715577 0.76975118682835808 0.049237515823864507 0.63521025105297546 -0.039581742875280226
1403715949.334058 -0.36639422789132953   -1.531974468720098  0.66177196357916301 0.7872106761720119 0.058796196544052055 0.61223346994056338 -0.044861307128686509
1403715949.3840582 -0.38686591464146969  -1.5295710915828766  0.64778837635404618 0.80541993260523859 0.067619175629838033 0.58684062405564863 -0.048419636587763756
1403715949.4340582 -0.40420459497423633  -1.5285820701482404  0.63596465775048172 0.82283967536332669 0.07567133881434189 0.5608253729414584 -0.051803650403174417
1403715949.4840581 -0.42250099860122392  -1.5297685383090449  0.62807030459985036 0.8365315931000159 0.084018830430750799 0.53872838067443807 -0.054106023088896123
1403715949.5340581 -0.43616456079916882  -1.5291568928716543  0.61868804925769316 0.84758647602587522 0.092174666603186475 0.51944202978191545 -0.057279788675181541
1403715949.5840583 -0.44694307210229189  -1.5276821537664422  0.61042387481667737 0.85534663964464108 0.10219742149291436 0.50437966821396807 -0.059489187094695535
1403715949.634058 -0.45340969109060986  -1.5248097255734354  0.60238499410636925 0.86154561465544899 0.11115981573533458 0.49118889295481372 -0.064157000175161391
1403715949.6840582 -0.45538556691251286  -1.5202006907828374  0.59491267135912829 0.8669438452192777 0.12063324319403899 0.47868801315695408 -0.068656943805771364
1403715949.7340581 -0.45116228408688569  -1.5148338315631036  0.58788442516196793 0.87136692339036981 0.13081416150352748 0.46721929789541788 -0.072893536376302262
1403715949.7840581 -0.44269432480168619  -1.5082917117481325  0.58240507982964951 0.87435889474609552 0.14238229311803255 0.45771418189159657 -0.075640818875416155
1403715949.834058 -0.42820628934799243  -1.4999805709157483  0.57754022691211937 0.87463781412057229 0.15450996777353024 0.45288124837510008 -0.077678432265467987
1403715949.8840582 -0.41052324330421092  -1.4835625467538958  0.57280339475571285 0.8733798132021362 0.16810428405638703 0.45026020788599369 -0.0788314452953464
1403715949.9340582 -0.37829616420645867  -1.4683474534312906  0.57043583774370188 0.86972321550605791 0.18195494203957271 0.45184822232564531 -0.079417324673732956
1403715949.9840581 -0.34818353937081847  -1.4507341078812728  0.57383727736900103 0.86417993194538301 0.19682211221502832 0.45650356505945577 -0.077836986414527631
1403715950.0340581 -0.30603836500219467  -1.4338956683074906   0.5793384375440549 0.85753647225805718 0.21270429698512994 0.4618038168170534 -0.078264395253969735
1403715950.0840583 -0.2647662879453232 -1.4105587402603375 0.58770138869030919 0.84723167385072651 0.2259772015113064 0.47415581987903177 -0.079429551780543131
1403715950.134058 -0.21592055706776353  -1.3816375067093238  0.59501438316838073 0.8322713773564443 0.23655986760498579 0.49424512952185851 -0.084175622455910828
1403715950.1840582 -0.15999685693962123  -1.3477026047240943  0.60096680798199809 0.81701998590720137 0.24044607469453888 0.51592836633115025 -0.092097495118245137
1403715950.2340581 -0.10652390137255881  -1.3122583351228763  0.60898375012688255 0.79835797720305635 0.24124304013783784 0.54187300304677277 -0.10392297335223813
1403715950.2840581 -0.052716563904634889   -1.2741404577929558   0.61471730419509873 0.78169291523038609 0.23767997522183523 0.56425451955187578 -0.11866445475562694
1403715950.334058 -0.0011164958981553243    -1.2353253080565438    0.62030771799952844 0.76609046301006911 0.23351329005485155 0.58413629006960566 -0.13176395742574873
1403715950.3840582 0.047994438636130586  -1.1969000233569664  0.62483086611234595 0.75174638915273229 0.22829224115680061 0.60174764145870818 -0.14373515583292812
1403715950.4340582 0.094381696273009838  -1.1600733760130486  0.62959232145311295 0.73832179476624238 0.22356238469828213 0.61784739929388366 -0.1522017697234706
1403715950.4840581 0.13503339784307444 -1.1235017175121691 0.63456284194435375 0.72479992497412593 0.21956605394029993 0.63334619912359169 -0.15914901435537299
1403715950.5340581  0.1709193776567898 -1.0903312156000311 0.63997988439764919 0.71259922402439546 0.21531572719616807 0.64729155696459395 -0.16387533012679736
1403715950.5840583 0.20146959817805418 -1.0594515157696922  0.6450047423173646 0.70463134206509914 0.21248505304917495 0.65633009062037351 -0.16605898396798385
1403715950.634058 0.22331153367935741 -1.0309792491130927 0.65080376922200978 0.69823739835535048 0.20955823484135636 0.66327929396293051 -0.16914626791083284
1403715950.6840582 0.23957499035655677  -1.006436525694941 0.65765899313632292 0.69202739050180795 0.20710585065877904 0.66992881438962992 -0.17146615137882651
1403715950.7340581 0.24877390797102006  -0.985213462326061 0.66571850242910635 0.68536902379712406 0.20436835612136164 0.67700544595651879 -0.17368506666044967
1403715950.7840581  0.24719992203890684 -0.96641330096148392  0.67320113154237327 0.67907428237937395 0.20264621129325033 0.68326077345703751 -0.17591858206090821
1403715950.834058 0.23880302900184824 -0.9519716016456824 0.68170174083126378 0.67386003498872848 0.20091116626313824 0.68812816402569155 -0.17896085155811636
1403715950.8840582  0.22051208274579867 -0.94309141044087019  0.69136478815832725 0.67073221167465236 0.20072816004840627 0.69090669091516244 -0.18020668809528417
1403715950.9340582  0.19555621789270816 -0.93728981228985375  0.70053849291078829 0.67384630983333138 0.20121044777958433 0.68732748512135988 -0.18173176559173138
1403715950.9840581  0.16163957765173698 -0.94038275078671718  0.70822823663338297 0.68622317113369935 0.20303668143771492 0.67384249150928921 -0.18387539810024389
1403715951.0340581  0.11964293105952174 -0.94467892709273749  0.71447066015942384 0.70505260604801046 0.20666289819242956 0.65337355386705387 -0.18246717053418288
1403715951.0840583 0.073926835838067945 -0.95343465047326514  0.72049353936691174 0.72487915096066047 0.21145341024253203 0.63055225393217806 -0.17955925723951288
1403715951.134058 0.021800971156746542 -0.96346013172509448   0.7285058725636322 0.74362850436234151 0.21774367616945145 0.6071558955067663 -0.17597175210645905
1403715951.1840582 -0.030481696830020753  -0.97568466089100903   0.73285415180446789 0.7625519443350024 0.22629782898441847 0.58184695638251649 -0.16958167393987
1403715951.2340581 -0.086808050962166428  -0.98929797968324118   0.74025602905760679 0.78111114816322014 0.2356122543767358 0.55456186227514037 -0.16374791819310736
1403715951.2840581 -0.14472459327849121  -1.0039848351573686  0.74711936617473218 0.79654572994408834 0.24454212530517722 0.52946082144681483 -0.15932761095281259
1403715951.334058 -0.19760944755999466  -1.0147514067194467  0.75410611470187416 0.809395986411516 0.2524076254805061 0.50646245041407034 -0.15704876344879934
1403715951.3840582 -0.24511991769228852  -1.0261581835299465  0.75933926478076619 0.81952156187944358 0.26086041468750326 0.48614230332717207 -0.15492551300380844
1403715951.4340582 -0.29349395795143407  -1.0340388956734439  0.76662267282253305 0.82746399403492832 0.26989720688308572 0.46777472331617292 -0.15377140344989715
1403715951.4840581 -0.3377441160859791  -1.038386370024468 0.77446570126986969 0.8344847245086916 0.27868570203036391 0.45007105487874477 -0.1529887891508078
1403715951.5340581 -0.3768841280140019 -1.0396165269093762 0.78334203087275789 0.83998983000881156 0.28669557749524327 0.43420568705251339 -0.1539095599944714
1403715951.5840583 -0.40975712138635839  -1.0376296354462127  0.79253746426684923 0.84363146852932824 0.29574875758930719 0.42081759043957762 -0.15404925598021635
1403715951.634058 -0.43715195587187528   -1.031643084791497  0.80090197169587529 0.84623084349147248 0.30373465042992931 0.4090208879514054 -0.1560145341670563
1403715951.6840582 -0.4584139303557217 -1.0195514785366444 0.81071361835691214 0.84690094625010637 0.31302068910696335 0.40014565977795419 -0.15703593981169436
1403715951.7340581 -0.47726573685511692  -1.0056879417962432  0.81696880345544975 0.84720845999350269 0.32035260654741082 0.39228047303101543 -0.16039969847939278
1403715951.7840581 -0.48761885011047085 -0.98568986396283753  0.82255549383493765 0.84584500426636999 0.32872799521522267 0.38710030616249758 -0.16320994727131621
1403715951.834058 -0.48254986347664269 -0.95624657753527986  0.83304702290721699 0.84301456110843986 0.33520705050824029 0.38539161244417008 -0.16862973672040568
1403715951.8840582  -0.4577980242847684 -0.91476664840863586  0.84226194843797086 0.83561707928521956 0.34129462717096154 0.39244404545114997 -0.17677597535018497
1403715951.9340582 -0.43894129305867852 -0.87333052538346334  0.85951918639695979 0.82247910852632533 0.34388943186474386 0.41074956100950805 -0.19118831768698938
1403715951.9840581 -0.41296645009173338 -0.82628337959216702  0.87524349454066697 0.80550415377559048 0.34622658868906098 0.43408648212825701 -0.20702447577163466
1403715952.0340581 -0.38544463522195249 -0.77713060486875529  0.89203541885399029 0.78616305626697025 0.34807180459847586 0.45872153574318347 -0.22442865336215934
1403715952.0840583 -0.35011069750904772 -0.72600502331499406  0.90850997922003696 0.76506913855178937 0.34728332326813571 0.48445732818458603 -0.24364852510063539
1403715952.134058 -0.32068555747142508 -0.67548217543110789  0.92728322230780513 0.74310682523063731 0.34747886560596519 0.50847768777690106 -0.26172719630541119
1403715952.1840582 -0.29016129918619149 -0.62695723141616866  0.94423994973360226 0.7237437452379224 0.34895272957384893 0.52671184779467273 -0.27749164517993502
1403715952.2340581 -0.25910006810368907 -0.58225620162056191  0.96206755967008195 0.70731466186385228 0.34949878699248849 0.54063132378940237 -0.29201770278687195
1403715952.2840581 -0.22715176199867382 -0.53966403226685944  0.97509063421097297 0.69355329353885553 0.35047137314577098 0.55123311081225934 -0.30380207894443978
1403715952.334058  -0.1961024590004585 -0.50024381345920743   0.9856246303464018 0.68164437499826824 0.35172330470396063 0.55969587855978697 -0.31367528829114599
1403715952.3840582 -0.17074745398422078 -0.46677143975998808  0.99988273088059976 0.67098627516858533 0.35290005274462638 0.56703070941942191 -0.32204835954175348
1403715952.4340582 -0.14923860736110808 -0.43976661528021105   1.0169215117630015 0.66076541606779338 0.35304968338552295 0.57426100165353278 -0.33010496507932041
1403715952.4840581 -0.12766611059917093 -0.41606229695797026   1.0281740215132709 0.65283470283195677 0.3550781874396462 0.57814179546992761 -0.33686554575037031
1403715952.5340581 -0.10678209781321035 -0.39892640829569465   1.0389848633481755 0.64477085417595814 0.35836358052832668 0.58221066013581524 -0.34187254493501096
1403715952.5840583 -0.088341710319031555   -0.3874196150808471    1.0498803364917588 0.63667845724586947 0.3609987441369521 0.58562486997720875 -0.34837330620290108
1403715952.634058 -0.077229198343018529  -0.38291363697052827    1.0645632811588162 0.62797888818268255 0.36189937260560512 0.5897168446787957 -0.35623784639843714
1403715952.6840582 -0.069785555098890631  -0.38468038530130799    1.0797883511720101 0.61782235831255339 0.3610275467331947 0.59628290858394661 -0.3638699451721657
1403715952.7340581 -0.06508113207161409 -0.39237981025960361   1.0922203355625286 0.60614937241274824 0.35908433072204954 0.60470989709549805 -0.37143952685232817
1403715952.7840581 -0.064439293281589774   -0.4108812897032193    1.1070163364752588 0.59524001760230438 0.35688744332249056 0.61270782988662509 -0.37803411147562749
1403715952.834058 -0.065234725308934566  -0.43703730400676299    1.1192197384680915 0.58752337061068405 0.35532789540349596 0.61816682910508347 -0.38265930947587024
1403715952.8840582 -0.072590571598300152  -0.47277476172928706    1.1306046729811685 0.59015362055316001 0.35918666671617466 0.61408448665232407 -0.38158077238544408
1403715952.9340582 -0.079418584257262503   -0.5136313094942373    1.1360924046261851 0.60432748412145565 0.36966413693967942 0.59855492356791518 -0.37399026894918141
1403715952.9840581 -0.095171302658483573  -0.56692788835006336    1.1441593090712077 0.62396113981829271 0.38409591555526629 0.5762017424523066 -0.36212480672462155
1403715953.0340581 -0.11145652316177812 -0.61776115864456704   1.1570679291241013 0.64440010733327913 0.39930726101459169 0.55090668952946231 -0.34900434438781963
1403715953.0840583 -0.13037232962448614 -0.67848574525818517    1.157010662369647 0.66497343975097056 0.41452563351120914 0.52312881697737068 -0.33513439757170516
1403715953.134058 -0.15059148822551155 -0.74199036226969073   1.1537036352119303 0.68446150479040235 0.42952808321867109 0.49514599348428717 -0.31913714814012295
1403715953.1840582 -0.17004217534300267 -0.80672199890047702    1.148401079215549 0.70210201788817483 0.44170560769107287 0.46796200463709958 -0.30489420267961875
1403715953.2340581 -0.18915123157621555 -0.87146507326906697   1.1399987917597856 0.71608919529771731 0.45169957001021088 0.44529536936719893 -0.29136883301168015
1403715953.2840581 -0.20647671843770316 -0.93313830271914833   1.1286182575640533 0.72665401547144126 0.45938579733018164 0.42673802511725478 -0.28077266414230723
1403715953.334058 -0.22136012199617228  -0.9942113589478746   1.1213949097840721 0.73450043869579351 0.46581191114437864 0.41124451227418052 -0.27277521902856189
1403715953.3840582 -0.23273484366134933  -1.0473099592785553    1.108989667917659 0.74107547102154325 0.4733819848415689 0.39595930414567321 -0.26444824094353253
1403715953.4340582 -0.24432768923172785  -1.0978362050862698   1.0927650733182466 0.74645061716939809 0.48018572523074893 0.38092644617432214 -0.25909108054320529
1403715953.4840581 -0.25183410505159809  -1.1414256421452544   1.0761998559805737 0.74950364621892585 0.48788426123778411 0.36766385423527698 -0.25502259160681839
1403715953.5340581 -0.26098284589979881  -1.1790352976777212   1.0616577926992903 0.75037665412805776 0.49695042168069847 0.35536788627183025 -0.25236644138563424
1403715953.5840583 -0.26621686965964941  -1.2085261767895461   1.0520142624768138 0.74970561416383064 0.5069599278502458 0.34388180203131724 -0.25035660541915217
1403715953.634058 -0.26789098477884465  -1.2346123680503687   1.0449665912304975 0.74721243822265038 0.51765163351908794 0.33384256653406169 -0.24951853488334783
1403715953.6840582  -0.264153162244184 -1.2444898624998471   1.039814558182915 0.74392654566568639 0.52811899476952573 0.32497124628500845 -0.24911304884632912
1403715953.7340581 -0.25551362257680749  -1.2449459654328143     1.03456918582904 0.74047155956843846 0.53744364252999044 0.31761555907539241 -0.24895091324919122
1403715953.7840581 -0.24265420280093944  -1.2367171611127235   1.0329542895121981 0.73573743220247989 0.54640365326221429 0.31382604463269864 -0.24828751935609358
1403715953.834058 -0.22478180529501651  -1.2169996195993948   1.0321612717074096 0.72823424354040189 0.55496688608155675 0.3158006865475822 -0.24891076365668638
1403715953.8840582 -0.20396820863100465  -1.1873377059503958   1.0328094661474576 0.71667454080672799 0.56439878406283583 0.32518366775875557 -0.24917302689260157
1403715953.9340582 -0.18260854260474127  -1.1469394670456592   1.0322635830545361 0.7008893953128047 0.5737404109663784 0.34250775695004593 -0.24952842080859336
1403715953.9840581 -0.1583441034088193 -1.0979321174074346  1.0340070753576838 0.6794751601529776 0.58227542263444432 0.368131005638136 -0.25248445817281429
1403715954.0340581 -0.13511834085901095  -1.0432322770882747   1.0327230978555431 0.65566230649260038 0.58888760893779157 0.39687106818162154 -0.25653787074175405
1403715954.0840583 -0.11374481801422932 -0.98187720720643312   1.0304911933646885 0.63593903636349758 0.58823907869336933 0.42235331684879462 -0.266784564909336
1403715954.134058 -0.096052082792400753  -0.91668795542649861    1.0252654880331116 0.61701005860625913 0.5839438727747045 0.44732481448526329 -0.27965809727827556
1403715954.1840582 -0.081785622781927234  -0.84866129131153689    1.0194267627226583 0.59998133322109215 0.57598934969019189 0.46986449956104664 -0.29578035918897322
1403715954.2340581 -0.071500839299768651  -0.77939102220264944    1.0134589131885348 0.58621123581698964 0.56469415370107945 0.48902556936814739 -0.3135775698003585
1403715954.2840581 -0.067920326794100191  -0.70876406711892304    1.0052969889316725 0.57549402460544208 0.55216196639826332 0.50379779616192444 -0.33183063615197134
1403715954.334058 -0.068706391595519889  -0.64040967164981666   0.99770491443316356 0.56864167757542006 0.5377792771372113 0.51363860939510775 -0.35158991814989582
1403715954.3840582 -0.071276483739310267  -0.57628548011900993   0.99014722575585024 0.56516610791881272 0.52179430823872375 0.51842392278286997 -0.37357008262974384
1403715954.4340582 -0.078036013954480954  -0.51596949849679041    0.9830973677672864 0.56102570407360097 0.50601281212529747 0.52314569476192685 -0.39435995662063544
1403715954.4840581 -0.087986942018689188  -0.46137139476712097   0.97678370570539974 0.55525184633890778 0.49117240530015438 0.52914685679045992 -0.4128542834435312
1403715954.5340581 -0.10027569041907006  -0.4140607667284586  0.97210078910012088 0.54756135623961821 0.47860767176678198 0.53698007132289849 -0.42750866737537035
1403715954.5840583 -0.11671823753326302 -0.37615578087381396  0.96635174469784368 0.53860006696991591 0.46783236865714073 0.54543727545009191 -0.43993297358374023
1403715954.634058 -0.13478477007135964 -0.34619327424129931  0.96238457196158322 0.53123744538913331 0.45926351834163487 0.55194064136288956 -0.44969470282494178
1403715954.6840582 -0.15400724655152548 -0.32471372366579943  0.95820177191971012 0.52521869272127675 0.45259719844610202 0.55659392854263079 -0.45771639634644262
1403715954.7340581  -0.1757683425325427 -0.31466151987945373  0.95423473558445226 0.52377280749531285 0.45110359869492694 0.55737489100449533 -0.45989218328940007
1403715954.7840581 -0.20178876527667447  -0.3198666453254605  0.95086336743201716 0.52623447886988173 0.45289197068806147 0.55504790228236656 -0.45813531004144681
1403715954.834058 -0.22770720383053306 -0.32919120142513231  0.94600871089254446 0.53335731285424792 0.45877181632409347 0.54786596219560779 -0.45266023112160958
1403715954.8840582 -0.25557561434415627 -0.35044912632709346  0.94275276860813584 0.54206636949035536 0.46655261859392438 0.53942444559240077 -0.44442544104498416
1403715954.9340582 -0.28402585048319773 -0.37993100145545833  0.93767906527414557 0.5551312737708739 0.47686229350093023 0.52611524756511385 -0.43316782913561186
1403715954.9840581 -0.31442287493260002  -0.4148031722469443  0.93255633666938109 0.56976634871690646 0.48878734102806448 0.51169122860761396 -0.41788195664152533
1403715955.0340581 -0.34699454398869189  -0.4532409835237079  0.92848433142548836 0.58378889222024766 0.49940796367251383 0.4965159574748117 -0.40404717436655868
1403715955.0840583 -0.38012911252782922 -0.49856879816016336  0.92618169414259111 0.5976451947648237 0.50906223165112918 0.48104820329411507 -0.39021595506641182
1403715955.134058 -0.41650905339683647 -0.54027795801123135  0.92424530238861413 0.61319193562900864 0.51698374201674202 0.46270068793162811 -0.37766590256139737
1403715955.1840582 -0.45211001773582743 -0.58338516843613175  0.91917735075731277 0.629216240786592 0.52400531338617129 0.44253917787089886 -0.36560146323941195
1403715955.2340581 -0.48638326551590161 -0.62970157200287291  0.91569089207160514 0.64505117503841003 0.53045064812380738 0.42183082923222265 -0.35297286439024539
1403715955.2840581  -0.5192210724693076 -0.67655456059075025  0.91296065485883604 0.65761861419020151 0.53651498848647816 0.40442554466994318 -0.34077764630082924
1403715955.334058 -0.54856207689978576 -0.72384260404691059  0.90923054802189762 0.66777064720518409 0.54197887005182177 0.39008248709373411 -0.32890260018930662
1403715955.3840582 -0.57833367171810179 -0.76424897073427889  0.90846367695216779 0.67677005888827546 0.54561227273357593 0.37738742016989524 -0.31916809103100074
1403715955.4340582 -0.60738887785742546 -0.79929495857032162  0.90809704542659786 0.6845627974080285 0.54935924759539589 0.36513712770653506 -0.3102467912107017
1403715955.4840581 -0.63635002429562404  -0.8271460289559236  0.90783930995669304 0.69206115596502005 0.55218309936988574 0.35185940525817927 -0.30387520482261687
1403715955.5340581 -0.66177185125663585 -0.84916048163022129  0.90864763871254595 0.69987649173369604 0.55416071010900514 0.3365468401813832 -0.29969155485923077
1403715955.5840583 -0.68358414014218571 -0.86885436356898926  0.90773584684615005 0.70622514609111708 0.5563183218080614 0.32213568213580318 -0.29662193132697323
1403715955.634058 -0.70261114309689154 -0.87595412920837534  0.91125631695839127 0.7095783668006308 0.56048540192208351 0.30970330509417593 -0.29400428298671721
1403715955.6840582 -0.71826066660606658 -0.87562176470978148  0.91553058177845215 0.70935460068884548 0.56627953124479591 0.30101980930632866 -0.29245618027308701
1403715955.7340581 -0.72988109424351755 -0.86430666194573935  0.92214928567698662 0.7023584521384576 0.57387999219679675 0.30152889933951749 -0.29399775871420131
1403715955.7840581 -0.73824811319201566 -0.84405473166555367   0.9314100583156083 0.68933022973951319 0.57903644073993399 0.31233263529170213 -0.30329681764608019
1403715955.834058 -0.74526989452542169 -0.81617667506365033  0.94193399462209515 0.67244046798783463 0.5788799466349086 0.33010500147545085 -0.32210636814127097
1403715955.8840582 -0.74826516156433986  -0.7794558627370809  0.95610669946615368 0.65169192605301041 0.57899201265689659 0.34992816033271512 -0.3429521328159304
1403715955.9340582 -0.74864902621590435 -0.73997805654614535   0.9709553849775785 0.6310473939083906 0.57732977487887538 0.36753993276900671 -0.36521762758647008
1403715955.9840581 -0.74938986567328691 -0.69755249933487617  0.98593859082610003 0.60744002904361238 0.57612904058162417 0.38607265078173242 -0.38734977479322097
1403715956.0340581 -0.75152889481212137 -0.65517477901854693   1.0005950195406736 0.58110603951237871 0.57664874827341639 0.40452465266762233 -0.40761721914202703
1403715956.0840583 -0.75199280047138928  -0.6140299171269793   1.0155836158352527 0.55569055914376275 0.57848158008836181 0.41960928879606602 -0.42484715926203886
1403715956.134058 -0.75411449172535328 -0.57439888026895136   1.0283725737709088 0.53294757599124709 0.58232888032764751 0.42928333018279596 -0.43883456883952388
1403715956.1840582 -0.75439772904833546 -0.53522555797907734   1.0425263138896872 0.5119329072386466 0.58660806745313854 0.43617535153557752 -0.45118370582047485
1403715956.2340581 -0.75899946752234471 -0.50280291969424251    1.053421242277474 0.49317925263862289 0.59253330504982826 0.43860471029248044 -0.46184890958276159
1403715956.2840581 -0.76439188988884288 -0.47504298915794424    1.063438802232139 0.4777402534107838 0.5995554018667808 0.43644182728089292 -0.47097356800894702
1403715956.334058 -0.77077698785691751 -0.45293458109881829   1.0744333630128819 0.46171630475349612 0.60439179829564671 0.4335922104786592 -0.48324569640086917
1403715956.3840582 -0.77874435624406246 -0.43719158151812343   1.0869019033869765 0.44492634700677541 0.60696308931984355 0.43084965716069251 -0.49800093058851985
1403715956.4340582 -0.78588298279297053 -0.42445743371708977   1.0997298113040155 -0.42671104598874493 -0.60656366787893368 -0.42857813647945237 0.51606102446536861
1403715956.4840581 -0.79407644354341977 -0.42293067108084431   1.1131229634390818 -0.40809878031986263 -0.60428136961774193 -0.42687021714066165 0.53486561821884859
1403715956.5340581 -0.80178041188210025 -0.43069195155878126   1.1372295573741857 -0.39169338748701105 -0.60298121525906068 -0.42356734923949935 0.55098152863946404
1403715956.5840583  -0.8077904759441249 -0.44539531330810839   1.1518560782346225 -0.37820965664744727 -0.60231503234404415 -0.41950078814005226 0.56408611592636115
1403715956.634058 -0.80886568970121442 -0.46227988066446529   1.1669823896832572 -0.36952677186098054 -0.6024494789817505 -0.41395815749655651 0.57371006091463694
1403715956.6840582 -0.81222537525143601 -0.49430640003587595   1.1824033021770937 -0.36567855653692366 -0.60718624518259723 -0.4071225149990117 0.57606884547856818
1403715956.7340581 -0.81155669446408518 -0.53460724604092358    1.193927724028276 -0.36792079807052142 -0.61503795791204174 -0.39513905263923277 0.57465444029773738
1403715956.7840581 -0.80875257529075162 -0.58208354714977539   1.2049928833800485 -0.37307402563352665 -0.6248767579214155 -0.38245497814051665 0.56927409786740901
1403715956.834058 -0.80349834665272446 -0.63235666236023458   1.2163926252664994 -0.38107650129528492 -0.63504895742230549 -0.36926199569695395 0.56137251479858752
1403715956.8840582 -0.79841390113280131 -0.68998823549499844   1.2256448004954452 -0.39029184107862736 -0.64688142386649927 -0.35566071857587023 0.55020192248482902
1403715956.9340582 -0.79145567627896085 -0.74906882936098418   1.2343037227925409 -0.40027581872782336 -0.65919716486291402 -0.34301726237054486 0.53626255182912397
1403715956.9840581 -0.78321246140986311 -0.81957723831390128   1.2403280381618977 -0.41054459605912502 -0.6731431126402081 -0.32886756764184044 0.51978611707609268
1403715957.0340581 -0.77706211698572458 -0.88762263703355182    1.245792234350755 -0.42010855618638637 -0.68674904605140308 -0.31622584016248761 0.50188222401277238
1403715957.0840583 -0.76714860881041647 -0.95881121293309746   1.2486495863978668 0.42960300891148906 0.69809697148194372 0.30514886512608475 -0.48475359024374004
1403715957.134058 -0.75725684751945666   -1.027733421460961   1.2467191026070388 0.43947306492569022 0.70776650970388844 0.29395290284630921 -0.46853141181208341
1403715957.1840582 -0.74875406734969374  -1.0953997397863537   1.2412271787124824 0.44915968073354412 0.71666573222823404 0.28221064109499072 -0.45277252953979474
1403715957.2340581 -0.74111787043924171   -1.161706056898109    1.233606104706735 0.458548427902776 0.72496976096207522 0.27043372543496796 -0.43705581463452564
1403715957.2840581 -0.73442250171495249  -1.2247564350735092   1.2223177461092181 0.46843991446232608 0.73260218151547374 0.25733319792415388 -0.42147089510834057
1403715957.334058 -0.72999201449137496  -1.2839393939129644   1.2087662576869813 0.4781714083449497 0.74026723158939856 0.243700252815993 -0.40492803910546432
1403715957.3840582 -0.72722311395642747  -1.3381845290308667   1.1933233613086149 0.48631257196414368 0.74772603501479995 0.23186066579293321 -0.38813205300351511
1403715957.4340582 -0.72711120829289411  -1.3850152535764388   1.1766425039256652 0.49273456374489222 0.7539371677086083 0.22240422848043365 -0.3732663338591839
1403715957.4840581 -0.72919668492273304  -1.4243839979095549   1.1586891256792402 0.49864896411151405 0.7595334785061153 0.21334091879668174 -0.35908739602762763
1403715957.5340581 -0.73485655340604039    -1.45680729248993   1.1406719786985231 0.50323626989630277 0.76394259058625436 0.20595857782410623 -0.34745652846059716
1403715957.5840583 -0.74533057293036553  -1.4751013518003184   1.1176540586018815 0.50536418446344777 0.76875676892098532 0.20082838887037674 -0.33658287170248297
1403715957.634058 -0.75515363282364667  -1.4904945310146107   1.0985097666302395 0.50782459576541772 0.77180977594347144 0.19641851701949792 -0.3283955174262278
1403715957.6840582 -0.77222904436272655  -1.4900800055709884    1.079325745190526 0.50652972536853025 0.77451606918815397 0.19679494108308887 -0.32376572865501912
1403715957.7340581 -0.79460942435168513  -1.4801502039969838   1.0601356052671758 0.50295685172274296 0.77411697603233032 0.20183490503439028 -0.32716965604020481
1403715957.7840581 -0.8196715291464689 -1.4686115579744998   1.047560533270844 0.4981135598974058 0.7695708704796822 0.21076428602878644 -0.33944362196137051
1403715957.834058 -0.85136447035380758  -1.4353877401594159   1.0356700846455267 0.48947304225583044 0.76075256466104579 0.22560093547822735 -0.36162949848956227
1403715957.8840582 -0.88562967404133697  -1.3989761269992669   1.0266319963603792 0.47846861894983683 0.74906042510849158 0.24182630793256674 -0.38922525227459881
1403715957.9340582 -0.92454002516188061   -1.352399240529812   1.0197287575316709 0.46437014151733236 0.73736056646338932 0.25819185338678563 -0.41712915690066432
1403715957.9840581 -0.96410501816801941  -1.3098375747205104   1.0112505549663813 0.44824878485290348 0.72538811903630451 0.27346901098071902 -0.44508404113391326
1403715958.0340581 -1.0074646578552224 -1.2586196868237856  1.0038576184071013 0.43186381337333352 0.71300562963290381 0.28627977243872227 -0.47239867771074728
1403715958.0840583 -1.0507638471943017 -1.2065333743169062 0.99668447601426324 0.41321253555530768 0.7011998419631873 0.29929261911931621 -0.49799408654265648
1403715958.134058 -1.0936371211083886 -1.1572803441540493 0.98736916637781436 -0.39689980805463893 -0.68997696300947953 -0.30698516517073982 0.52169190260871368
1403715958.1840582 -1.1357289455021695 -1.1112140623868325 0.97586909884988771 -0.38032796211082953 -0.67915340568802562 -0.31288598805080059 0.54424594739920118
1403715958.2340581 -1.1785811316416155 -1.0686644859732397 0.96251311900881098 -0.36450012411813715 -0.67027107818809495 -0.31802532756088087 0.56279324115719964
1403715958.2840581 -1.2174476867414352 -1.0290199841714138 0.95126719879410171 -0.34973918434457557 -0.66406472184842402 -0.32074289166790027 0.57777551486271883
1403715958.334058  -1.2540942576138676 -0.99569240353735255  0.93939019835238025 -0.33594058452271203 -0.65846991239048647 -0.32156864837241189 0.5917388803610456
1403715958.3840582  -1.2859101126715637 -0.96795467630164322   0.9270788027142759 -0.32243957707017129 -0.65336222779105702 -0.32221463755137292 0.6044238957737802
1403715958.4340582  -1.3161617065841298 -0.94730666674180031  0.91120316511517974 -0.30963686004966151 -0.64583009956069282 -0.32049621185462246 0.61992795999765082
1403715958.4840581  -1.3381334767124042 -0.93066842206143929  0.89620288999963427 -0.29624876992494031 -0.63943907994165916 -0.31809466920055252 0.63416883460756368
1403715958.5340581  -1.3579968019641433 -0.92418744811349829  0.88382586710479305 -0.28637209796240359 -0.6355372270294064 -0.31283022401481947 0.64515169186108656
1403715958.5840583  -1.3723419625140871 -0.92829490716301721  0.86543330243446692 -0.27951750297848027 -0.63711325047415113 -0.30392184062654465 0.65083652816134252
1403715958.634058  -1.3800225315549026 -0.93892873152003042  0.85026798529588787 -0.2750894642284627 -0.64130498187048612 -0.2925446208972235 0.65381293324825929
1403715958.6840582  -1.3788362188485974 -0.96092953040410478  0.83606803456229717 -0.2731191040997013 -0.64849078147630845 -0.27708490101779032 0.65428557904326823
1403715958.7340581  -1.3755423431496105 -0.98926671945772471  0.82039040303340938 -0.27280694858816307 -0.65893816375597491 -0.26083941213103173 0.65064557650617838
1403715958.7840581 -1.3549218081710532 -1.0402687286521237 0.80635228493141342 -0.27391673395945476 -0.67294260642524484 -0.24082715136864438 0.64352168143602384
1403715958.834058 -1.3303651960853777 -1.0906598962850178 0.79631790236319844 -0.27729093367154678 -0.68809732936660184 -0.21684553628745365 0.63451541889407137
1403715958.8840582 -1.3067729583844561 -1.1383066244764157 0.78233184651049781 -0.28146920681682386 -0.70452308526956064 -0.19175899150792353 0.62261609127297024
1403715958.9340582 -1.2835215680146632 -1.1791904324576188 0.76647513793601618 -0.28459186045331941 -0.71994002968982806 -0.16823295048135883 0.61023888845784358
1403715958.9840581 -1.2529839391284192  -1.222255766750332 0.75080399745823934 -0.2860538920731297 -0.73505075777445328 -0.14677049658617813 0.59693548701418553
1403715959.0340581 -1.2208584238343612 -1.2690621323450848 0.73878550773432994 -0.28396843422491036 -0.75305367172314142 -0.12995638882391955 0.57912298596411649
1403715959.0840583 -1.1863785188538911 -1.3151543643339623 0.72402675561173846 -0.27917940419402432 -0.76945713303495245 -0.11719953498218058 0.56236896224406085
1403715959.134058  -1.148885364509947 -1.3538160514932265 0.71104129954477391 -0.27034952147186414 -0.78457271857734079 -0.11119618765571028 0.54680178616655128
1403715959.1840582 -1.1105559412770776 -1.3882197177800908 0.69802151790692446 -0.25741324622157263 -0.79955814092397393 -0.10961271957053358 0.53144167286751465
1403715959.2340581 -1.0744365472978017 -1.4193770752168504 0.68407219778889206 -0.2437973082363703 -0.81310721579680745 -0.10936406601637115 0.5171644121362482
1403715959.2840581 -1.0381470670131845 -1.4483875186070168 0.66971128881445019 -0.23129765720896825 -0.82626942326656949 -0.10736113402665422 0.50224876390578022
1403715959.334058 -1.0019795881376896 -1.4722254151136227 0.65546446508515921 0.22107869647209885 0.84067537353456501 0.10319527371157333 -0.48346650533652369
1403715959.3840582 -0.97019762414538335  -1.4982061142011229  0.63677890633626189 0.21361019705448464 0.85442679693131718 0.097382626509266268 -0.46351068645090687
1403715959.4340582 -0.94212207957170724  -1.5213911988650564  0.62569248753220963 0.20775538190627374 0.86556081351504244 0.092141821967414966 -0.44626456731481762
1403715959.4840581 -0.91651116526579146  -1.5439851098984765  0.61351170321586967 0.20355860216192426 0.87506569560295744 0.087216702612801594 -0.43036864505926303
1403715959.5340581 -0.89969083004312356  -1.5571923898739088   0.6041167620461364 0.19971161722917902 0.88250033170332531 0.08250798193305732 -0.41773300971381344
1403715959.5840583 -0.89451353836414782  -1.5661778918938531   0.5976396374559988 0.19228369559194777 0.8882390136072662 0.081055502740314977 -0.40925351628423273
1403715959.634058 -0.90180714588009014  -1.5700528537014273  0.59508055479984434 0.18500759666223121 0.89110680823012201 0.079325005558693873 -0.40670430166928778
1403715959.6840582 -0.91568571409692534  -1.5706906288416509  0.59611623282425252 0.17574909150549528 0.89017944042902741 0.07958683918876111 -0.41274538846654502
1403715959.7340581 -0.96098279728002922  -1.5542622559170689  0.60316831834857088 0.16851068385426943 0.88338073792014982 0.079851295415445264 -0.42996091906020178
1403715959.7840581  -1.001888462703219 -1.5427917662164663  0.6156552297243425 0.15996235443269902 0.87135048124335401 0.080468621831005685 -0.45682073606825435
1403715959.834058 -1.0502701965862489 -1.5287337276321276 0.63235872102662904 0.15155416161447224 0.85645782674142013 0.081028964762555375 -0.48677061741667055
1403715959.8840582 -1.0962962595649524 -1.5172154807209532 0.65053357050287397 -0.14115149733708807 -0.83887377286378084 -0.082430060776633049 0.51920355649893657
1403715959.9340582 -1.1456861327977921 -1.5030475852334957 0.66594202480935805 -0.13176700362863242 -0.81941771640155636 -0.08460501509610846 0.55139283113092608
1403715959.9840581 -1.1966873112325891 -1.4902863854407218 0.67874558077169567 -0.12312266651654095 -0.79860034417051029 -0.086381809040488131 0.58276623301928876
1403715960.0340581 -1.2456533810535415 -1.4779496828355176 0.68935496797134599 -0.11535811258354589 -0.77924452752423612 -0.0888106557050449 0.60957619672845831
1403715960.0840583 -1.2888928008438763  -1.470424722832073 0.70512805809286072 -0.10897238141507321 -0.76092123034529113 -0.089477533040767304 0.63333851326085855
1403715960.134058 -1.3307706988012795 -1.4602795201823116 0.71274540757190352 -0.10376831744279522 -0.74644752086512445 -0.091001276448121823 0.65097388778215493
1403715960.1840582 -1.3664701688279668 -1.4539695815779612 0.72159888002394967 -0.098764909491559721 -0.73328589197955618 -0.09323589291066757 0.6662164524762364
1403715960.2340581 -1.3957028313279405 -1.4488808461293494 0.72787618141049804 -0.094240379471819055 -0.72166938726897623 -0.09597118002596132 0.67904460748926698
1403715960.2840581 -1.4180973424403718  -1.446030283742898 0.73456684119595361 -0.09113844609671988 -0.7126505900190141 -0.098039687193084382 0.68862990054434081
1403715960.334058 -1.4311348505030037 -1.4448456531164784 0.74139572626777517 -0.088270917766324578 -0.70378144834512524 -0.10085758430291597 0.69765870289885212
1403715960.3840582 -1.4377096037781063 -1.4478277022857649 0.74796869576975877 -0.086094612285935831 -0.694775983154444 -0.10228248385365059 0.70669112380433796
1403715960.4340582 -1.4346960635065411 -1.4540841262005906 0.75521874659400945 -0.084543574308135416 -0.68765402582573654 -0.10359150157534619 0.71361973459975681
1403715960.4840581 -1.4220517407490665 -1.4638580913295896 0.76240647560185826 -0.084396228617459032 -0.68631612287162591 -0.10412963688946129 0.71484576994123561
1403715960.5340581 -1.3965051414400003  -1.477820770296381 0.77389507503300847 -0.085293115671276246 -0.69195525481857711 -0.10431573954720746 0.70925399979891812
1403715960.5840583 -1.3666269450255253 -1.4944339141684457 0.78148114860834728 -0.087594431314264337 -0.70647873142696738 -0.10433851135018536 0.69449873483923708
1403715960.634058 -1.3269639128204413 -1.5144524414177138 0.78761131982759391 -0.091381055113962759 -0.72705554406489525 -0.10288254772338462 0.67264769380761547
1403715960.6840582 -1.2757250230241546 -1.5367288273054653 0.79878409947366458 -0.096082590006112356 -0.74720357404955984 -0.10050465668941472 0.64988750473372248
1403715960.7340581 -1.2251055945690796 -1.5612727994830369 0.80773660768218725 -0.098867084421337098 -0.76633649465739218 -0.10004446944095172 0.6268530774499903
1403715960.7840581 -1.1701795774640877 -1.5877511282317054 0.82017095885890778 -0.10310424705092086 -0.78638415531578176 -0.098733400451536793 0.60101679688975729
1403715960.834058 -1.1158552727275732 -1.6151985983968258 0.82821983594456605 -0.10839839626254552 -0.80972065197108678 -0.096534655165766009 0.56858008566186446
1403715960.8840582 -1.0614473352179508 -1.6423696623735422 0.83861061866055686 -0.11275606929757613 -0.83018537593035646 -0.095663409543926547 0.53751913687083175
1403715960.9340582 -1.0104882957286048 -1.6739884034865957 0.84486382373693736 -0.11786759005658243 -0.84839262883406497 -0.092809930078944169 0.50766474708514031
1403715960.9840581 -0.96494127104891558  -1.7072613752491381  0.85701019817069557 0.12050543717451415 0.86189622356686857 0.091540196461121284 -0.48397699516031661
1403715961.0340581 -0.9231302331654001 -1.7387389510040654 0.86322101598969636 0.12399288319591657 0.87358808462506332 0.090303599304713392 -0.46186024214094346
1403715961.0840583 -0.88551996749292561  -1.7668619275410262  0.87009048421285795 0.1271001796797053 0.88365000692597384 0.089004744729958216 -0.44168582159796366
1403715961.134058 -0.85671040857738912  -1.7943759127707295  0.87867197578188372 0.13142450287917759 0.89269267508299688 0.086436037643178504 -0.42232238786579995
1403715961.1840582 -0.83591420688148466  -1.8196278065894598  0.88904203901354439 0.13679563515538709 0.90022558030430866 0.082729334525454667 -0.4050144639110812
1403715961.2340581 -0.82562404121662958  -1.8426040111484161  0.90061425561092689 0.14326534330271659 0.90456454398576647 0.077768805971838356 -0.39394167079644149
1403715961.2840581 -0.82506533530505022  -1.8627504064492149  0.91313671863067125 0.15043290703120449 0.90503460267480584 0.071713648257741014 -0.39133037333813281
1403715961.334058 -0.83687135997667927  -1.8807877594314839   0.9285202356394916 0.15581044812820896 0.90087782636329816 0.06567777417526216 -0.39978578789197772
1403715961.3840582 -0.85898750701474635  -1.8922849402026252  0.94575075847912393 0.15886205701831355 0.89328477497026448 0.060217951197603196 -0.41614775741291371
1403715961.4340582 -0.89419313296929126  -1.9002399882598555  0.96726375369832784 0.15874348804608654 0.8834154841552383 0.055670210033180137 -0.43735387853840912
1403715961.4840581 -0.9377427819722034 -1.9059637636050621 0.99246665910087406 0.15427266037281834 0.8725838920050063 0.051847181265801623 -0.46055311036804408
1403715961.5340581 -0.98299538572054324  -1.9126419989047905   1.0173312227990721 0.14710724448702048 0.86050473461575017 0.048640448648815296 -0.48530935193807617
1403715961.5840583  -1.031656170623499 -1.9156252493882513  1.0437511642905277 -0.13597207642348827 -0.84772470513605469 -0.046915113529388819 0.51056183842664815
1403715961.634058 -1.0834394100468454 -1.9173802985208501  1.0718238384711505 -0.1222648303935913 -0.83458860263502477 -0.045009765153793527 0.5352450809127941
1403715961.6840582 -1.1378581956685578 -1.9155384962680737  1.0985550516175477 -0.10804577940902266 -0.82046457248455629 -0.042866180085616677 0.55975573731271278
1403715961.7340581 -1.1933677292731935 -1.9122088974288032   1.122559129559743 -0.091985139649356715 -0.80585682549535342 -0.04252337118070907 0.5833740427801597
1403715961.7840581 -1.2461306027986676 -1.9119930940443877  1.1450274252597397 -0.075107490479500882 -0.79081600390400653 -0.043771052725321995 0.60584899751215837
1403715961.834058 -1.2957767036578212   -1.90848810870318  1.1647644282534553 -0.060671246482805384 -0.77626352168298263 -0.042924227500210937 0.62601234448536758
1403715961.8840582 -1.3430033520280309 -1.9025114438781501  1.1759274877906361 -0.047286238633425605 -0.76326331549387849 -0.042677781845235539 0.64293991149559648
1403715961.9340582 -1.3852954928309771 -1.9012834771197429  1.1870354223612438 -0.035748258731501045 -0.75167378360742887 -0.042398482276956265 0.65719932572665385
1403715961.9840581 -1.4259511584749365 -1.8948068892730636   1.191294422922226 -0.026387167891416159 -0.7362941299800948 -0.039732064389629347 0.67497854379740396
1403715962.0340581 -1.4558244833330729 -1.8955526666277791  1.1995090178520909 -0.017672843757705767 -0.71882576544092558 -0.03458450158235981 0.69410453231633851
1403715962.0840583 -1.4796995744783497 -1.8979403348096149  1.2044130166306204 -0.010320174483084508 -0.70151180476185249 -0.027198613176567236 0.71206384349977969
1403715962.134058 -1.4932810969319672 -1.9017008240010986  1.2071398680357353 -0.0028618904224658021 -0.68831278218647951 -0.019861664197879766 0.72513642699647129
1403715962.1840582 -1.4977284989751938 -1.9066934825330344  1.2067494548831643 0.0043421256314610801 -0.67951556669377988 -0.01171148179749988 0.73355475716536578
1403715962.2340581 -1.4914511020595203 -1.9124353174646496  1.2038700659139143 0.010609673318670769 -0.6760905252872077 -0.0020364753096322485 0.73673936315175392
1403715962.2840581 -1.4747096098312213 -1.9188878464003043  1.1984786044985638 0.01627590590547217 -0.67820733103836328 0.0089884120682405377 0.73463536496772874
1403715962.334058 -1.4485702807836713  -1.925661202413967  1.1906710012991668 0.019864590704611839 -0.68440234086334351 0.022554675743876079 0.72848481141270383
1403715962.3840582 -1.4130839494927043 -1.9317560985160402  1.1799221560155557 0.021925927833811264 -0.69268475013103403 0.0353567467775718 0.72003957605248359
1403715962.4340582 -1.3680358628569367 -1.9373974210171097  1.1656968961943353 0.022602017175667562 -0.70369741645585437 0.049973991643187624 0.70837962636724205
1403715962.4840581 -1.3188084487093485 -1.9343851487625232  1.1301834897308749 0.022963966447886314 -0.71649955007297605 0.066272286180745807 0.69405261693518638
1403715962.5340581 -1.2573062370964654 -1.9360225284310293  1.1125200335506074 0.022825993776293328 -0.73249326871258136 0.082886015122179912 0.67532399172252777
1403715962.5840583 -1.1913831190041795 -1.9331492476958907  1.0880545554044145 0.022612614455742121 -0.75160534220990771 0.1000444099586749 0.65158974459779839
1403715962.634058 -1.1187664269897488 -1.9269268441120719  1.0656957912681364 0.023558116757037853 -0.76840566001396116 0.11454903000597549 0.62918699646294396
1403715962.6840582 -1.0464966110849108 -1.9197679636178981  1.0407034941413789 0.0245983223027362 -0.7825145579592675 0.12795027462061873 0.60884695642354258
1403715962.7340581 -0.97097832412561147  -1.9073431445411806   1.0128745044990513 0.027088483466522238 -0.79493420455794528 0.13896852891581976 0.58994370278720998
1403715962.7840581 -0.89448485561124591  -1.8903887074180579  0.98242265241670423 0.031982979571368766 -0.80750795918871054 0.1467140711203852 0.57042349723683716
1403715962.834058 -0.81956018683169862  -1.8696348208797735  0.94914855946013899 0.040313416580417788 -0.81890728276616453 0.14901033456644061 0.55277627560211751
1403715962.8840582 -0.74520644444588369  -1.8443362275207971  0.91382946916954388 0.051087347253505819 -0.82886800791070236 0.14831590084194632 0.53700121226137443
1403715962.9340582 -0.66961515509897984  -1.8193866887177068  0.87818323611215487 0.06741843838074689 -0.8397013498271948 0.14187786438496591 0.51983369346575625
1403715962.9840581 -0.60195826356292148  -1.7856447493712273  0.83691843039025682 0.088487915005058787 -0.8499973452724493 0.12854600081902839 0.50314046508035959
1403715963.0340581 -0.53641690342143722  -1.7499258599124627  0.79376968381330237 -0.10825612035414557 0.86044985490508841 -0.11684710631652648 -0.48399732782850735
1403715963.0840583 -0.48245495262778371  -1.7203381573499585   0.7417184364124616 -0.12690406863700152 0.86979464242457982 -0.10731947427434475 -0.46458063650388048
1403715963.134058 -0.4266688122914396 -1.6914119380902137 0.69046689825664875 -0.14370233764443616 0.87836205384857857 -0.10117589636727985 -0.44451454251656231
1403715963.1840582 -0.37942839890250474   -1.652769261529369  0.64672610573118994 -0.15780939707016828 0.88556512357543049 -0.097959557896803606 -0.42576346851255953
1403715963.2340581 -0.34581225959115736  -1.6229168690807849  0.59097824721472159 -0.17146479231864264 0.89100167785271334 -0.096357280914434365 -0.40918346676466699
1403715963.2840581 -0.32344466910235459  -1.5934504516634787  0.53555999132870968 -0.18319207006845128 0.89583463997570967 -0.097123910253767709 -0.3930494998605702
1403715963.334058 -0.30390388387006695  -1.5744913705930192  0.47707526171189607 -0.1957057699224346 0.89674574387837569 -0.099390163624051314 -0.38427583560493367
1403715963.3840582 -0.29598908065777119  -1.5588289339755401  0.41882102707554947 -0.2059940655986513 0.89111542362965379 -0.10691810326768075 -0.38993366859136824
1403715963.4340582 -0.29922124114460219  -1.5491229344545439  0.36302711547485783 -0.21720938010058616 0.87678316935115364 -0.1166066508388455 -0.41288527234452543
1403715963.4840581 -0.30601102934643942  -1.5421906407216261  0.31119286530430273 -0.22674516243300802 0.85791931581235381 -0.12951939039804755 -0.44247689926165623
1403715963.5340581 -0.31286768726272207  -1.5367929705033319  0.26056428460843817 -0.23540756589099573 0.83484937244051927 -0.14376407972718533 -0.47638397604993316
1403715963.5840583 -0.31988620918917576  -1.5338829349479242  0.21945059341993001 0.24220624463022761 -0.81269784594806638 0.15854993246751287 0.50568791281584191
1403715963.634058 -0.34620317723133964  -1.5358659486938098  0.18122924739534238 0.24956477810463484 -0.79238696843431056 0.17084479857147944 0.52976633394935357
1403715963.6840582 -0.35981183611390233  -1.5349199429924407  0.14274042988549271 0.25689162358122608 -0.77447885425662999 0.18147473486371865 0.54886803391095984
1403715963.7340581 -0.37831991056113895  -1.5365429898111103  0.10831873683320151 0.26293584653443197 -0.76068360279657876 0.19009243896375908 0.56221887347584476
1403715963.7840581  -0.3932920152521468    -1.53768012978922 0.072373599230514646 0.26754941972522994 -0.7518830398938392 0.19854251647541557 0.56892009234716046
1403715963.834058 -0.40255257265899558  -1.5386244526785526 0.040825359724500951 0.27266085970058657 -0.74488307717190427 0.20677495903622334 0.57275594562240928
1403715963.8840582 -0.40857533034459198   -1.539309049288883  0.01447847304651103 0.2781513436990431 -0.74106546398265472 0.21307265691536845 0.57275985453383094
1403715963.9340582   -0.41397933164263462    -1.5379467418653017 -0.0093204809668931965 0.28224927815169976 -0.74171032585069352 0.21654126250047018 0.56860444875502425
1403715963.9840581  -0.41546904938663071   -1.5352114521902092 -0.029896672779373062 0.28496717774966251 -0.74472595089612204 0.22069699976309778 0.56166698315178398
1403715964.0340581    -0.417663273290305    -1.530976289482604 -0.049762105528907717 0.29081466638211734 -0.74878371139425015 0.21862626118412085 0.55403279802585936
1403715964.0840583  -0.41852260821099746   -1.5267358097415886 -0.065860109058226132 0.2993131487543067 -0.75787600623673967 0.21176176365905933 0.53962260294157105
1403715964.134058  -0.41571130014499175   -1.5239820227033283 -0.071579839297933642 0.31310583526972768 -0.76557586707039205 0.19781456315193743 0.52604916717401229
1403715964.1840582  -0.41512531227230293   -1.5223414003197089 -0.076152340675253519 0.32132428443562 -0.77313903287255115 0.18977281570808432 0.51282844938542438
1403715964.2340581  -0.41256609342034317   -1.5221182744856956 -0.073137856272040003 0.32447963902555094 -0.77677874117318668 0.18555649991707404 0.50684961917493088
1403715964.2840581  -0.41254819361005962   -1.5272129202102382 -0.062022386790508456 0.32054167609838602 -0.77683466960691216 0.1916468542797328 0.50700336608886531
1403715964.334058  -0.41354620627047628    -1.536283151879829 -0.043497297352744761 0.31708656182366374 -0.77504476494810459 0.1969053134790244 0.50989216718940922
1403715964.3840582  -0.41445657471568542    -1.544696190761764 -0.026679545217973992 0.3128260218592539 -0.77185293199445937 0.20396997516887741 0.51456698363660847
1403715964.4340582   -0.41448250132811654    -1.5531523679297372 -0.0081670741075677636 0.30993871146743268 -0.77054867092974899 0.20838688679528106 0.51649554332450498
1403715964.4840581 -0.41614005155244177  -1.5647086190431134 0.006809792102343783 0.30891956157939221 -0.76912586847294184 0.21011350825402944 0.51852330378539691
1403715964.5340581 -0.41785312560707621  -1.5769176615126415 0.020291534641812003 0.30975735544570093 -0.76703415877384251 0.20968770623514582 0.52128691320158094
1403715964.5840583  -0.4188328567667865  -1.5892513483786626 0.034289849554664416 0.31023253827186059 -0.76721524883697534 0.20956127927577414 0.52078844493490606
1403715964.634058 -0.42041118042061859  -1.6033641965695775 0.049357016751597371 0.3074571342571859 -0.76668755117617249 0.21335073581579492 0.52167209336200993
1403715964.6840582 -0.42151379333326033   -1.616292803494169 0.069781680510208846 0.30296025565364776 -0.76638912973950157 0.21998120880775324 0.52198759859108301
1403715964.7340581 -0.42336444206613749  -1.6317229331918646 0.088442895470184094 0.2985365185084437 -0.76548895548672069 0.22687823393124343 0.52290426763696152
1403715964.7840581 -0.4258221146845021 -1.6460741875385763 0.11099053164007584 0.2917984307215245 -0.7639697708640627 0.23674073081839389 0.52455475539350505
1403715964.834058 -0.42889647731772307  -1.6607239729807306  0.13733364456388272 0.28557625247826074 -0.76162702095584622 0.24733372558848205 0.5264945518777161
1403715964.8840582 -0.43329776675278087  -1.6747020647451714  0.16477498349249745 0.28150227888944113 -0.75722668959216277 0.25546538111676409 0.53113241908229647
1403715964.9340582 -0.4381260387696882 -1.6867227319980096 0.19127178246100673 0.2802415113688943 -0.75193482063466888 0.26002127062157171 0.53707323490109771
1403715964.9840581 -0.44376015247562173  -1.6964925728236397  0.21560677333354233 0.27895864370906603 -0.74617392098345425 0.2647778726859662 0.54341442093495318
1403715965.0340581 -0.4497648374541019 -1.7055165441901949 0.23640221832145139 0.27957360997041847 -0.73853275842747934 0.26743427678409565 0.55216561730931313
1403715965.0840583 -0.45401698392914824  -1.7116109831948145  0.25423322583385716 0.28063003556091481 -0.72984585445136008 0.27056409838279982 0.56157535607213627
1403715965.134058 -0.45727368341506758  -1.7147612406677308  0.26872232251600175 0.28068453144713179 -0.72197782298771562 0.27321260678337372 0.57036750294424787
1403715965.1840582 -0.45890324154068068  -1.7158098116680152  0.27794630216015465 0.28729206041179084 -0.72282350662763806 0.26849072100164789 0.56824482666091025
1403715965.2340581  -0.459584056356663 -1.7123266488016875 0.28365924454815317 0.29700001930445408 -0.73162864806061134 0.25812301129387494 0.55667137604760875
1403715965.2840581 -0.45888895327650453  -1.7060609467126997  0.28782872487699757 0.30878434813768546 -0.74449186678078305 0.24346323089382277 0.53954586630349666
1403715965.334058 -0.45808478343218656  -1.6992586756401871  0.29114779286482451 0.31924563912584553 -0.76148006282208414 0.22831541701289318 0.51585114730688919
1403715965.3840582 -0.45636225566396915  -1.6943970985844905  0.29565415050294691 -0.32811668362821406 0.77825371340694849 -0.21477916523250259 -0.49043909884423703
1403715965.4340582 -0.45746972323428309  -1.6885009595474449  0.30070523583886866 -0.33369200808004307 0.79320412908292703 -0.20238384260095774 -0.46745869721652883
1403715965.4840581 -0.46101456147992076  -1.6853612146716157  0.30764187137676696 -0.33791861385335292 0.80530280959160305 -0.19093199151128579 -0.4481555197616483
1403715965.5340581 -0.4674684247620069 -1.6848794549054851 0.31512231921817252 -0.34129044160356997 0.81373823139356583 -0.18168404201625069 -0.43398367954929945
1403715965.5840583 -0.47875786391920583  -1.6910554654888428   0.3263669630294086 -0.34272662206446852 0.81878271206147846 -0.17569379947936567 -0.42575230097092098
1403715965.634058 -0.4943753491923531 -1.7039847335896028 0.34269739749834188 -0.34244240828451844 0.81784500747695676 -0.17462372072134927 -0.42821641364472252
1403715965.6840582 -0.51456917465188912  -1.7213044285788384  0.36012174694239246 -0.33936893199357188 0.80964421976845469 -0.17891718592363412 -0.44417744874570175
1403715965.7340581 -0.53882243427209664   -1.746481297017215  0.37893024410032078 -0.3347911441177574 0.79533535299033098 -0.18820075913963977 -0.46897445598170057
1403715965.7840581 -0.56810877601167364  -1.7742027634218467  0.40027914047463087 -0.32769446852671996 0.77853913525604268 -0.19982783890614897 -0.49655008304285086
1403715965.834058 -0.5971337425682447 -1.8035252967319282 0.42099629997604593 0.31936292680718276 -0.75945685724579837 0.21346954799722725 0.52503652734009343
1403715965.8840582 -0.62335758094407179  -1.8308441729572547  0.44124089105673253 0.31152975757869494 -0.74060041049339975 0.22622463376869981 0.5507110469167884
1403715965.9340582 -0.64843900837800084  -1.8588969051615234  0.46003683508243592 0.30475485253149742 -0.72330928336584743 0.23711238039109889 0.57247347494932588
1403715965.9840581 -0.67052307384098719   -1.884847234133614  0.47714612530732675 0.30018534626457721 -0.70793968872787938 0.24427375590123879 0.5907964854243728
1403715966.0340581 -0.68985446012887919  -1.9076710822625573  0.49326716550163252 0.29665146584990443 -0.69666831572037602 0.25060755248111766 0.60319733116108976
1403715966.0840583 -0.70494157484259512  -1.9270520958146613  0.51011449419259058 0.29245487035683138 -0.6825431361113895 0.25750895008381297 0.61829940706629394
1403715966.134058 -0.71307041679506522  -1.9423330981034705  0.52811287628948134 0.28694477459497292 -0.66778102015095064 0.2661838167099812 0.63314878281530573
1403715966.1840582 -0.71616837826814861  -1.9524273928921341  0.54549733196221517 0.28423254627455835 -0.65859370556674235 0.27135601396768549 0.64174146220243355
1403715966.2340581 -0.71398311259808145  -1.9562478442918776   0.5622506483094093 0.28483850797943183 -0.65784451050936477 0.27151299042251609 0.64217468059443772
1403715966.2840581 -0.7053335704843815 -1.9549353819754631 0.57938528660493138 0.28900528550096871 -0.66669861378427764 0.26648876526648596 0.63322400563889714
1403715966.334058 -0.69068747132315245  -1.9478511788641166  0.59559850160443251 0.29557861209084513 -0.68473831231580784 0.25821891076650477 0.61407631597701984
1403715966.3840582 -0.67435013106704023  -1.9380374078192923  0.60711652407666472 0.30230045080904966 -0.70347717917571628 0.24840662190317239 0.59331985135698684
1403715966.4340582 -0.65111034725790784  -1.9231862891399836  0.61977754390088946 0.30910325924596305 -0.72287073196478113 0.23642695040835898 0.57097756270525035
1403715966.4840581 -0.62825651863057141  -1.9098322893843742  0.62746891435183105 0.31536675734507202 -0.74497528580345407 0.22263802124008392 0.5440477400026732
1403715966.5340581 -0.60288550155494247   -1.894566162799433  0.64077226947826083 0.32113491173400877 -0.76779534729022614 0.20788460283848051 0.51395200656068929
1403715966.5840583 -0.57759902541987518  -1.8791353957016037  0.65457882938028666 -0.32486983365482885 0.78619929647973075 -0.19508774437320756 -0.48815062162332074
1403715966.634058 -0.5540453515933722 -1.8669264766255989 0.66968026033420414 -0.32689445709997694 0.80160437907386817 -0.18367610547543289 -0.46565386462939123
1403715966.6840582 -0.5327409200038179 -1.8586758249100028 0.68389347180432336 -0.32734900806706002 0.81305771288115403 -0.17487636694863021 -0.44855104361134523
1403715966.7340581 -0.51513648764169273  -1.8546058372416692  0.69942857498295596 -0.32712847831080505 0.82145855574276583 -0.16834449681815442 -0.43572116114105475
1403715966.7840581 -0.49828868166012436  -1.8508195187477499  0.70626601653535137 -0.32704941586521685 0.82883798551695187 -0.16230597199898306 -0.42393754823073515
1403715966.834058 -0.49111385916263101  -1.8593149003660192  0.72206666017693533 -0.32726340501133955 0.83274646394414231 -0.15775689639117171 -0.41778553370112803
1403715966.8840582 -0.4882659956423604 -1.8697679472701796  0.7379257147633379 -0.32657505295991968 0.83123787675048932 -0.15623981734460848 -0.42187847363392156
1403715966.9340582 -0.49226712171795606  -1.8874791507508035  0.75798506216573791 -0.32296437914151643 0.82298427461108192 -0.16136312705898842 -0.43858047696443453
1403715966.9840581 -0.49685331439713865  -1.9074700524409542  0.77373459201542083 -0.31830064001671821 0.81097235677721524 -0.16912290048487838 -0.46087523652257423
1403715967.0340581 -0.50648550247922564    -1.93312128548133  0.79133967813967199 -0.3142906188999447 0.79513695005278451 -0.17649834667930075 -0.48767506718276959
1403715967.0840583 -0.51983058348833178  -1.9625117528029707  0.81239957555547893 0.30697627412791195 -0.77739966686963446 0.18801853351736714 0.51581426514541573
1403715967.134058 -0.53322988582712116  -1.9956879511965171  0.83303304771612441 0.3003243621253423 -0.75850525819154369 0.19821836952745772 0.54330887052547017
1403715967.1840582 -0.54488612360724553  -2.0271696347726014  0.85443117055664364 0.29369532425721595 -0.74005657915462497 0.20759492582719277 0.5682989204021115
1403715967.2340581 -0.55503895240837642  -2.0567587018369147  0.87498647065013047 0.28635127012887335 -0.72030764677147574 0.21667722508199011 0.593473524454873
1403715967.2840581 -0.56022757757686437  -2.0829396031140157  0.89573388997211545 0.278392361619615 -0.70036611280088723 0.22666301269463704 0.61693506928056807
1403715967.334058 -0.56005687431023188  -2.1064997037455138  0.91674366584130296 0.27060079099791268 -0.6815303978894901 0.23482449456574236 0.63808227166709541
1403715967.3840582 -0.55351022567297004  -2.1261505897543556  0.93254881898872888 0.26395208390606101 -0.66947063440798704 0.24237917720412314 0.65068479429357162
1403715967.4340582 -0.54149256483937425  -2.1405050921997155  0.95024169010801973 0.26062668709453735 -0.6640971803286303 0.24478893294739335 0.65660265256863326
1403715967.4840581 -0.52259967545278696    -2.15020616399929  0.96670756780967881 0.25903317036560947 -0.66607102913006411 0.24723872278762091 0.6543120163639855
1403715967.5340581 -0.49740540056076549  -2.1572231652075038  0.98012875430491797 0.25928614404683342 -0.67231310117039456 0.25139862254969902 0.64619232592169151
1403715967.5840583 -0.46813997233800309  -2.1555229989334777  0.98984620297924408 0.26201554277703887 -0.68229021140545654 0.25674056039676685 0.63238612208895406
1403715967.634058 -0.43056723447959411  -2.1499785714758612    1.002920723218095 0.26732536637709231 -0.69600625494653179 0.2605629478602603 0.61336725684456628
1403715967.6840582 -0.38925264756326378  -2.1403935599701844   1.0155565471566366 0.274616794697633 -0.71112506355827054 0.26490762278412894 0.59051732526667289
1403715967.7340581 -0.34616798104435398  -2.1258625139083009   1.0244743784000179 0.2811801979249538 -0.72560942052765787 0.27166598053583202 0.56623869538906058
1403715967.7840581 -0.30074929382629506  -2.1075305709996894   1.0345429355958877 0.2897285898587364 -0.74071181590470425 0.27653304349176722 0.53938189240537548
1403715967.834058 -0.2555509066657442 -2.0865582449071955  1.0454614988919035 0.29845315805764339 -0.75561680373689022 0.28100376683156247 0.51088730790883652
1403715967.8840582 -0.21089011052516923  -2.0618758846677143   1.0535643450852599 -0.30741072072009085 0.76606301667703069 -0.28517219254135817 -0.48715800708517193
1403715967.9340582 -0.17071222174732839  -2.0384174436184379    1.064676870666063 -0.31733390248648874 0.77453413804464499 -0.28650091887699636 -0.46616873213330318
1403715967.9840581 -0.1368152376367168 -2.0164592555437975  1.0727468267781026 -0.33025793996716074 0.78127220008206943 -0.28150803267911656 -0.44866097446145647
1403715968.0340581 -0.10472149352084414  -1.9921043105765479   1.0744211124460668 -0.34618023440338097 0.78692037008718707 -0.27092780561569024 -0.43302852168711903
1403715968.0840583 -0.079550561475602466   -1.9693509661253867    1.0737368652314994 -0.36222559918940872 0.79103110921128639 -0.25786587390746407 -0.42019946528497104
1403715968.134058 -0.058534976589890667   -1.9418903573265678    1.0728806188160991 -0.37635363854640608 0.79370616990244325 -0.24579514828853413 -0.40984533630321157
1403715968.1840582 -0.043838242181565054   -1.9213846507018715    1.0722048416766312 -0.38680837701189325 0.7937530481670505 -0.2377080044487771 -0.40475953678686971
1403715968.2340581 -0.033812188124909916   -1.9033967438204711    1.0699306616850162 -0.3921776259640678 0.78956339331689951 -0.2359398868842984 -0.40880157461061162
1403715968.2840581 -0.030143958259457412   -1.8960128446834488    1.0680319965151392 -0.39305728615977265 0.78019816064343162 -0.24002215995444059 -0.42330386562861155
1403715968.334058 -0.025081187200507771   -1.8877951093900027    1.0614587083756986 -0.39085578765281709 0.76897417408744984 -0.24790362379983968 -0.44096968847272022
1403715968.3840582 -0.022535130512528263    -1.882233619920024    1.0513128435497279 -0.38772060025538513 0.75671879948516618 -0.25563539906188021 -0.46010861477460496
1403715968.4340582 -0.018843421789662189   -1.8768054013977169    1.0381086207932066 -0.38214207769955821 0.74397007565134399 -0.26634049989024267 -0.47910196942301758
1403715968.4840581 -0.018205755369120318   -1.8728265753771394    1.0220712555688249 -0.37660048196797585 0.73115145802196868 -0.27532026927786302 -0.49778345868319357
1403715968.5340581 -0.020423682610009482   -1.8705573399634368    1.0042793176440423 0.36982019842342639 -0.71897394610753507 0.28470174667310111 0.51502854396421793
1403715968.5840583 -0.022854931117160398   -1.8685246485467966   0.98473377931450212 0.36415652329651582 -0.70627220623217557 0.2922939876495288 0.53210320618134488
1403715968.634058 -0.023815378777609982    -1.865502490039685   0.96209411841514048 0.35914435943105144 -0.6936415138634604 0.29976712940254036 0.54773757171096771
1403715968.6840582 -0.023799082143159608   -1.8585556869236761   0.93879561609744144 0.35415149825479375 -0.68184676914213094 0.30573361900460416 0.56230654798309965
1403715968.7340581 -0.021960344571040895   -1.8484350469658384   0.91381715092765825 0.34996450026881143 -0.6709715840417223 0.31038380030760876 0.57531198359390145
1403715968.7840581 -0.01801018978105999  -1.8327687819188869  0.89271160764975899 0.34592689443378899 -0.66167336738747973 0.31524111243088687 0.58578663319577773
1403715968.834058 -0.0076168134424483593    -1.8134844203333025    0.86736139776961851 0.34286261701036286 -0.65309274351862923 0.31884811678904634 0.59518986268265184
1403715968.8840582 0.0026522984400796368   -1.7893041690261222    0.8429666154671559 0.34074978099383474 -0.64766312018686256 0.3218554057355017 0.60069224008747357
1403715968.9340582 0.017724889791187536  -1.7581246538390873  0.82049135348279501 0.34001021215786165 -0.6456652566958293 0.32332901509744566 0.60246807377685219
1403715968.9840581 0.037959244243903963  -1.7213399932193907  0.79559344136240584 0.34246362497213234 -0.64990353739225981 0.32184561013814494 0.59729344621448821
1403715969.0340581 0.063584567174958265  -1.6767128169852701  0.76932367690969616 0.34915881713534547 -0.66158773857027664 0.31589986989649743 0.5836069368928799
1403715969.0840583 0.089314529922806266  -1.6297567482031885  0.74210689032420429 0.35851852010476942 -0.67955100668783919 0.30543947475062527 0.56247811274350268
1403715969.134058  0.1190011517793885 -1.5778108223815879  0.7147571707536633 0.37056151610773658 -0.70230140463540924 0.28944884497976686 0.53448691842452578
1403715969.1840582 0.14750685377598038 -1.5263152012640213  0.6857045009864865 0.38323714224409472 -0.72720539538746964 0.27112859066077938 0.50079026852589015
1403715969.2340581 0.17641186658598915 -1.4735686135330275 0.65872315988890884 -0.39352345383183795 0.74856101508838513 -0.25331139530057939 -0.4697116508933768
1403715969.2840581 0.20322056329878291 -1.4231687053264259  0.6340630803646865 -0.40164819720260869 0.76637861336836699 -0.23709840562170151 -0.44173169764815451
1403715969.334058 0.22635410758272556 -1.3757497582296261  0.6124945778462626 -0.40722555527619075 0.77971479198884897 -0.2239890609334787 -0.41957250966420873
1403715969.3840582 0.24818414136367103 -1.3346687631157235  0.5920240486543874 -0.41276277500505121 0.79020687956327629 -0.21111621819118909 -0.40078662836682777
1403715969.4340582   0.264762803155907 -1.3000896482865196 0.57230589290420109 -0.41702934635516758 0.79888687856474727 -0.20006757725318347 -0.38449869189335084
1403715969.4840581 0.27381263615780649 -1.2747776033385325 0.55562581946906708 -0.42245785365892752 0.80382197746052897 -0.18858257154433966 -0.37394679319799118
1403715969.5340581 0.27911184102688846 -1.2571691733569432  0.5378827963036048 -0.4296570554645377 0.80441839521983327 -0.17667066789332514 -0.37026117164458094
1403715969.5840583 0.27831324786717365 -1.2478624025260361 0.52384853344605153 -0.4389279955399864 0.79916090945469276 -0.16510996208185921 -0.37606217032842465
1403715969.634058 0.27615203003026345 -1.2482112612896463 0.51248752497919603 -0.448042507912567 0.78985515891743108 -0.15672600709760556 -0.38836026796542727
1403715969.6840582 0.27013984149917819 -1.2609072195393709 0.50211071931861939 -0.45511537712493655 0.77925510472253801 -0.15095808831561255 -0.40353826440672147
1403715969.7340581 0.26263165881468764 -1.2833236876789977 0.48996577772439309 -0.46054334511237599 0.7665384318344759 -0.14758133947763713 -0.42253805512809367
1403715969.7840581  0.2578355574952248 -1.3070947063451419 0.48119042786586808 -0.46184676889643339 0.75345307941029116 -0.15074068671867141 -0.44303867162433735
1403715969.834058 0.25018411113153138 -1.3426246179555463 0.47669268026603062 -0.45866258243434227 0.73979619940108288 -0.16061160901982752 -0.46533227899473684
1403715969.8840582 0.23827442866081894 -1.3904873397077782 0.47376278175477815 -0.44940217650188269 0.72916732049362998 -0.1784063773963433 -0.48427664302939921
1403715969.9340582 0.23126993261509218 -1.4408294645897921 0.47163057983679474 0.43514334747660915 -0.71979244911125917 0.20307469777194379 0.50130805347021912
1403715969.9840581 0.22680338789968718  -1.493412566342897 0.47179010871786647 0.41881692558138417 -0.70893692390784224 0.22942557166242483 0.51900359134982221
1403715970.0340581 0.22456681330074035 -1.5484618642345307 0.47125533519675727 0.40555158395346003 -0.69828747991271545 0.25132517286795547 0.53362736589579174
1403715970.0840583 0.22530858571395435  -1.602494172404177 0.47094181017143361 0.39380580106031365 -0.68744446677102267 0.27017999448311564 0.54711960916992597
1403715970.134058 0.22871719525779366 -1.6546898630135802 0.47050035950511909 0.38457680579195935 -0.67642184397835081 0.28516463069383008 0.55967428280834275
1403715970.1840582 0.23489597130333731 -1.7030751835952995 0.47098987669303616 0.37577120319659069 -0.66469647781082075 0.29930197946863307 0.57218259351384815
1403715970.2340581 0.24386468796412197 -1.7488151137402601 0.47309077332943994 0.3656594859237588 -0.65189576209587041 0.31420358632930329 0.58532141772979818
1403715970.2840581 0.25697778794697618 -1.7881649422689097 0.47526110787881193 0.35638188813065164 -0.63973151822819296 0.32785229054701664 0.59686548734279954
1403715970.334058 0.27440090818424301  -1.821334376970853 0.47720602421785174 0.34804919095608683 -0.62982140088544392 0.33957771438926121 0.60570103149299304
1403715970.3840582  0.2955490739490147 -1.8480457525699256 0.47934771655217701 0.34260246203961647 -0.62214819902592444 0.34674528985674946 0.61263600564719578
1403715970.4340582 0.32048494725976406  -1.868554631716997 0.48026417363128376 0.3376037784513371 -0.61886375177089992 0.35481847056566529 0.61411334333726098
1403715970.4840581 0.35010866673094038 -1.8787530296410788 0.48385169305548686 0.33598362100077978 -0.62154608122118626 0.35990230461237255 0.60931585115807874
1403715970.5340581 0.38315925764767916 -1.8810154301697992 0.48474618255734597 0.33657103464717625 -0.63141527215339355 0.36389752709673617 0.59633319755055181
1403715970.5840583 0.41852491257560542 -1.8760243049367835 0.48507879458796987 0.33936180637142455 -0.64777222780676025 0.36552199333255153 0.57586315878756189
1403715970.634058  0.4568943186699444 -1.8658163245020207 0.48599630554374823 0.34597532233859629 -0.66696164812078618 0.36088259966176212 0.55247351568204384
1403715970.6840582 0.49603813176641798 -1.8487109068562888 0.48645199612847262 0.35301039435081677 -0.68755159399468935 0.35275090874342824 0.52746873220725454
1403715970.7340581 0.53501577619598029 -1.8250083816036884 0.48723868058567571 -0.3605869528605401 0.70982268107759594 -0.34224526419693946 -0.4989959819370608
1403715970.7840581 0.57322330696607682 -1.7969718667138219 0.48801525077830854 -0.36757454942929324 0.73344142222672237 -0.32998070107091837 -0.46697469706038702
1403715970.834058 0.60758835308191117 -1.7664329818479034 0.48937830690936701 -0.37347944912265607 0.75577812263864819 -0.31643686440383328 -0.43494855014140232
1403715970.8840582 0.63755503022325777 -1.7382596662681229 0.49450920915461954 -0.37808516481442084 0.77539180907194571 -0.30312346187095895 -0.40488926564525379
1403715970.9340582  0.6612158619062215 -1.7097910254900275 0.49991239378196511 -0.38216300736099618 0.7912863967369449 -0.29059748138444402 -0.37864281051788001
1403715970.9840581 0.67804976940712314 -1.6853573609059227 0.50690938438888911 -0.38742094873629795 0.80313137840610171 -0.27835040316689919 -0.35693984164927089
1403715971.0340581 0.68605610202474498 -1.6659005435905205 0.51782673912526744 -0.39548414070237553 0.81033200318711751 -0.26478913862983233 -0.34182020292447385
1403715971.0840583 0.68502584386714283 -1.6516831186363412 0.52921123744090182 -0.40703999972500171 0.81353752492188169 -0.25008780267700698 -0.33155878079163542
1403715971.134058 0.67483972687906624 -1.6446265054986884 0.54424797630721222 -0.42095373482475623 0.81084427145469795 -0.23721029086164336 -0.3302435442147561
1403715971.1840582 0.65407212133597792 -1.6465411047305365 0.56237397290931812 -0.43409219674491289 0.80396665444214133 -0.22825923077795027 -0.33630240384948917
1403715971.2340581 0.62555536737173134 -1.6598887917509388 0.58524110506692562 -0.45012611433561445 0.79021957102850615 -0.22246751418627325 -0.35135127136304151
1403715971.2840581 0.59163151828102511 -1.6842991043306403 0.60869673240832944 -0.46407149961988808 0.77221052794197353 -0.22270282664697877 -0.37246744123422709
1403715971.334058 0.55560750689549232 -1.7203705368609608 0.63412775018392531 -0.47737133798101339 0.75041652134054571 -0.22618498330464593 -0.39728076155390191
1403715971.3840582  0.5183255517530857  -1.758419477527924 0.65685942022128208 -0.48970757957134231 0.72599037071040706 -0.23361101464240486 -0.42255220030652957
1403715971.4340582 0.48138085027994182 -1.8001963693714402 0.68225367398733017 -0.49927754320734113 0.70102669659882455 -0.24472066170846712 -0.44653701216982133
1403715971.4840581 0.44779354755885381 -1.8467244902198767 0.70854495298289566 -0.50752756927627685 0.67564514397806807 -0.25724121311885506 -0.46877112124842935
1403715971.5340581 0.41610768123040676 -1.8962874540833299 0.73303994313338994 -0.51459523894808923 0.65092438783582018 -0.27137443958842528 -0.48769364862646097
1403715971.5840583 0.38809498743632176 -1.9471758045544725 0.75796189950533477 0.52056635050720224 -0.62832418262270229 0.28669553000861775 0.50202098494405933
1403715971.634058 0.36598940539353542 -1.9967656556731617 0.78265828162059081 0.52563075234463474 -0.60801832529983135 0.30301887317516879 0.51206014372225139
1403715971.6840582  0.3478151850248552  -2.047669639238253 0.80552507222461756 0.52954632690012515 -0.59121503773134709 0.31953231500474544 0.51763362187421313
1403715971.7340581 0.33484554459174254 -2.0968758316395224 0.82762177152338667 0.53094607341121747 -0.57737720847627405 0.3395271261334824 0.51908877552967136
1403715971.7840581 0.32870350107126539 -2.1423579284416552 0.85125874215281583 0.53164558630957404 -0.56612302346766064 0.35923580021637302 0.51750104608617564
1403715971.834058 0.32497610484959177 -2.1866555913393286 0.87025634522378381 0.53181105205198886 -0.55836499359216685 0.38039843363992987 0.5105904136687881
1403715971.8840582 0.32441033294141319 -2.2275874632072217 0.88825005598085316 0.53283910286233427 -0.55308486685215186 0.39904652911389427 0.50094060338742175
1403715971.9340582 0.32607052400165409 -2.2638375911487101 0.90463562253747942 -0.53554415748787398 0.54831898178261607 -0.41402378591738759 -0.49104282327726928
1403715971.9840581 0.33087685823092644 -2.2956252712884644 0.91951245113906677 -0.5395644186591052 0.54434396164464027 -0.42599654718649466 -0.48071491689281409
1403715972.0340581 0.33964832352257557 -2.3241903020760977 0.93514907836793382 0.54448776596771542 -0.5399273928935896 0.43461784440519519 0.47235454103797836
1403715972.0840583 0.34703634106934744 -2.3478460162184343 0.95009821553312213 0.54746261636333826 -0.53391879384420637 0.44453648309945631 0.46647906754550406
1403715972.134058 0.35564816119685044 -2.3656035588359718 0.96617836876692398 0.54823444072725136 -0.52584510038114685 0.45450432815946673 0.46513626400220787
1403715972.1840582 0.36514123190720982 -2.3790665214822542   0.984519403105103 0.54635827813335713 -0.51603458902607025 0.46567034703278798 0.46728156687184935
1403715972.2340581 0.37446082939222364 -2.3864473531325587  1.0018174193114722 0.54218486442137914 -0.50592204255296869 0.4774243507982911 0.47132202252412647
1403715972.2840581 0.38455423959730861 -2.3835084520779146  1.0210322543684007 0.53848860554186273 -0.4966633301052979 0.4871477177474311 0.47543943812410577
1403715972.334058 0.39369127554460215 -2.3751370995536694  1.0390369715983563 0.53515664539106034 -0.48902791719744165 0.49483606426922155 0.47916211306181733
1403715972.3840582 0.40350473600692127 -2.3610832319779074  1.0546118831741873 0.53258591505214625 -0.48515853242538987 0.50053487788119622 0.48003987076842486
1403715972.4340582 0.41144534963933777 -2.3413847635783189  1.0715801192783747 0.53299073690445664 -0.48416108211156716 0.50190861416831478 0.47916246093182485
1403715972.4840581 0.42096015306229984 -2.3060502813545454  1.0867892453110481 0.53532804488029517 -0.48610326423421912 0.50029718432310577 0.47626697158615772
1403715972.5340581 0.43030461053969915 -2.2692962792268503  1.0994778873712998 0.54165868382921656 -0.49257965868429376 0.49361769813843204 0.46937481629011729
1403715972.5840583 0.43944631727015737 -2.2271619271090737  1.1102645521355978 0.55132723653684013 -0.50481723625057306 0.48332472326563819 0.45562599587510205
1403715972.634058 0.44918345228139483 -2.1787452372086955  1.1203648526063124 0.56104522553897762 -0.51809513115962169 0.47142967552995119 0.44108927780930851
1403715972.6840582 0.45791929481290899 -2.1251332054219838  1.1281514297204243 0.57075736187012016 -0.53304035345742107 0.45865662311221989 0.42395532492509552
1403715972.7340581 0.46687123591112673 -2.0692342020424341  1.1336948521163381 0.57995240635691092 -0.54815772583940869 0.44528817448160646 0.40607481531145778
1403715972.7840581 0.47524273442857168  -2.011462092137593  1.1349023461508196 0.58822362769531056 -0.562361436008739 0.431532978217397 0.38925809923748694
1403715972.834058 0.48333271113797249 -1.9539701567092407  1.1357449767395196 0.59372591946933062 -0.57364446764349364 0.42078861965997372 0.37597672116364411
1403715972.8840582 0.49128358247589277 -1.8973037401719857  1.1348228160237794 0.595780189800166 -0.58023332056675136 0.41484195305010968 0.36916312537322882
1403715972.9340582 0.49776345514941883 -1.8420114516583432  1.1339993621199933 0.59250438738930933 -0.58250870316409387 0.41604613743738506 0.36949664840961333
1403715972.9840581 0.50235268214297313 -1.7881420593798989  1.1322018040674779 0.58757134526509469 -0.58325520116404228 0.41997212077460927 0.37174817055439086
1403715973.0340581 0.50721931306380652  -1.736880161158636  1.1278073394417873 -0.57937472767943932 0.58446945492798441 -0.42809042273704373 -0.37344205861603136
1403715973.0840583 0.51054802812133382 -1.6892295884459694  1.1216999074801566 -0.57234784797187876 0.58560694829980586 -0.43442477862179935 -0.37517669802953996
1403715973.134058 0.51181168536162935 -1.6383636575998892  1.1179098924180049 -0.56825920578223321 0.58528275603614488 -0.43705765529293794 -0.37882209080295121
1403715973.1840582 0.50884322613677291 -1.5897621073449597  1.1130384191091889 -0.56684055150298318 0.58462552377575894 -0.43654153554035469 -0.38253924487532354
1403715973.2340581 0.50639063934589956 -1.5383567884913973  1.1078404588179194 -0.56529582287525426 0.58532600801131296 -0.43631682356502027 -0.38400745625503258
1403715973.2840581 0.50121917274167971 -1.4877349585782103  1.1041707702210943 -0.56425513028124763 0.58664988326667411 -0.43559364934205513 -0.38433869837340162
1403715973.334058 0.49524589844655875 -1.4365314623883292    1.10004348719588 -0.56473259156957345 0.5897267286383997 -0.43310604697008964 -0.38173110644340652
1403715973.3840582 0.48674539484467289  -1.386431208117898  1.0962535055347074 -0.56697005620342533 0.59345186076355816 -0.42826966585992876 -0.37808059673722999
1403715973.4340582 0.47708761972719438 -1.3359241964708151  1.0921307972372696 -0.57106608448334428 0.59716179959029925 -0.42099326577730745 -0.37422718024362517
1403715973.4840581 0.46456720711163441   -1.28822984614485  1.0894152542450108 -0.57498248826884035 0.60107004419776777 -0.41382843449728618 -0.36994049109794908
1403715973.5340581 0.45187080504154542 -1.2403812894211215  1.0860012675510431 -0.57855591143255525 0.60544638729264977 -0.4074049336359335 -0.36431984506724968
1403715973.5840583 0.43708725824716649 -1.1955916280502228  1.0837622433030685 -0.58078582635863663 0.61010178090343559 -0.40289435392907569 -0.35796617216078452
1403715973.634058 0.41930736648027089 -1.1548181660149051  1.0830127793355071 -0.58259085612719963 0.61451599283474267 -0.39984963517746097 -0.35082511049775011
1403715973.6840582 0.40263847274390185 -1.1129234093836602  1.0786535802673356 -0.58340008914943009 0.61971738505289786 -0.39772182669392342 -0.34265441368072885
1403715973.7340581  0.3839662892072061 -1.0756702832422844  1.0763319136520322 -0.58409945399302698 0.62405827618667575 -0.39607504576935793 -0.33541564347353198
1403715973.7840581 0.36255576901477626 -1.0484461194166828  1.0755693223244458 -0.58435671580261783 0.62769560377602329 -0.39489443334853991 -0.32952062789295566
1403715973.834058 0.33876540486780787 -1.0181668298767277  1.0739941209577943 -0.58500159206714375 0.62959462971205882 -0.39387819495011156 -0.32595046718709375
1403715973.8840582  0.31268253298604454 -0.99270528882167874   1.0739969379490888 -0.58671612756147518 0.63052586046888615 -0.39189157898745902 -0.32345372970172076
1403715973.9340582  0.28480942528462572 -0.97162773446564998   1.0729471950555285 -0.58822347160217858 0.63088996561457888 -0.39053708090586292 -0.32163921897157377
1403715973.9840581 0.25418083191732366 -0.9572596979132435  1.0746202141211205 -0.59052096690191369 0.62759924041787896 -0.38895492035986889 -0.32575796383815131
1403715974.0340581  0.22195455352452192 -0.94507883428748429   1.0757648944578471 -0.59232041907244815 0.62184221805064799 -0.38887528701892732 -0.3335337886116439
1403715974.0840583  0.18777746371121481 -0.93920606934916639   1.0791927207000469 -0.5934479107025078 0.61566334004609014 -0.38978035922265558 -0.34183256218560903
1403715974.134058  0.15288546519253585 -0.93405676884854794   1.0813539053797954 -0.59337322613124122 0.60898064723499079 -0.39240248449255399 -0.35081487421135049
1403715974.1840582 0.11020969487167656 -0.9367548938937057  1.0928496971231123 -0.59288482822642896 0.60310762855226696 -0.39621202062492927 -0.35744202824134874
1403715974.2340581 0.072929520626993941 -0.93809012181443807   1.0951023931969801 -0.59215732987087721 0.59835637456964541 -0.39933681866701382 -0.36311079707022204
1403715974.2840581 0.035039021144851176 -0.93877206926812795   1.0964661887449805 -0.5926686428855954 0.59484477961153714 -0.40014124828953501 -0.36713832451317452
1403715974.334058 -0.0024427770705477019    -0.9424401701895464      1.095300296537481 0.59419814978367258 -0.59275633479545298 0.39943718581943594 0.3688067528369981
1403715974.3840582 -0.040916217937114072  -0.94858513837132252    1.0914852326269533 0.59550019942619026 -0.59181124104414462 0.39881685523941496 0.36889576228807563
1403715974.4340582 -0.079787055318079572  -0.95468359744333897    1.0865973396643638 0.5970485729315379 -0.59130047557597876 0.39758841937357597 0.36853791924855817
1403715974.4840581 -0.11839378511076498 -0.96327975281292189   1.0809793856858423 0.59766156786363678 -0.59034837584849664 0.39778547448838503 0.36885791535206613
1403715974.5340581 -0.15695165312807838   -0.973452163192288   1.0760191898459908 0.59719313520966 -0.58836184022077798 0.39938861682241383 0.37105179824810935
1403715974.5840583 -0.19617700490979478 -0.98600956909800519   1.0690117666697991 0.59612079289773978 -0.58620443906655906 0.40192472718555872 0.37344460040338651
1403715974.634058  -0.2345876971999343 -0.99916064430851204   1.0635579939264193 0.59519212653726794 -0.58361618904829904 0.40416323126152093 0.37655087157651279
1403715974.6840582 -0.2732906552474697 -1.0128941995357441  1.0556001655529972 0.59370896336118995 -0.58188003269556476 0.40715975851214564 0.37834670002937909
1403715974.7340581 -0.31205774918533075  -1.0267464783128002   1.0488644666296365 0.5930812111272219 -0.57999149630620139 0.40872817052400562 0.38053360408833881
1403715974.7840581 -0.35609675195109847  -1.0348972473382376   1.0310299098751508 0.59282807597233911 -0.57803709959798277 0.4105558053923567 0.38193181915875973
1403715974.834058 -0.39441656087326699  -1.0504324992845451   1.0226747293973031 0.59292246787793668 -0.57772269435958401 0.41134599744876443 0.38141041659912883
1403715974.8840582 -0.4323859712921998 -1.0690262520642901  1.0134634533599551 0.59300307529470031 -0.57667827716841924 0.41200733535620671 0.38215111271036534
1403715974.9340582 -0.47027622590736307  -1.0858350858471593   1.0049854333058059 0.59326591568805309 -0.5755939631111826 0.4128777752497565 0.38243834224302087
1403715974.9840581 -0.50775556787334952  -1.1052475969222726  0.99458185335698401 0.59360890988339443 -0.57429772577924332 0.41390138608956206 0.38274825520827199
1403715975.0340581 -0.54568143281871684  -1.1228236599110126  0.98605728867734144 0.59478211898169497 -0.57220742389143042 0.41385181865533294 0.38410879601859044
1403715975.0840583 -0.58237481819849157  -1.1414730368671759  0.97739201941180676 0.59598322054738795 -0.57012663932015639 0.41437041712100148 0.38478146184351841
1403715975.134058 -0.61914624633640958  -1.1597380295793998  0.96980016703217586 0.59784503392070376 -0.56784536299551758 0.41354416297576591 0.38615305826772217
1403715975.1840582 -0.65571782275417201  -1.1791891186809464    0.961857510727818 0.59937545448902385 -0.56584240616299142 0.41321467863057026 0.3870724290207026
1403715975.2340581 -0.69130378631789013  -1.1982813615189578  0.95490247804274009 0.60166815047608957 -0.56365835231393313 0.41198575128161224 0.38801087524752365
1403715975.2840581 -0.72578589937980698  -1.2180710608093182  0.94869942386593087 0.60308987053191987 -0.5616316384420128 0.41189028316512211 0.38884303439419854
1403715975.334058 -0.75926763972115829  -1.2382567329689347  0.94452385654743765 0.60357060842440291 -0.5585184236292754 0.41345236646182626 0.39091793484052534
1403715975.3840582 -0.7945693647085369 -1.2587771552921221 0.93718896457762713 0.60378852328312849 -0.5553425560801204 0.41519634833540098 0.39325062859062987
1403715975.4340582 -0.82604217387923007  -1.2788230186849301   0.9354627247218632 0.6037912261263233 -0.55168652060566692 0.41694238787664284 0.39653144065333251
1403715975.4840581 -0.85663539518858145  -1.2987330700545408  0.93484414088182266 0.60418882579877575 -0.54740412786167159 0.41797037356968764 0.4007559736272378
1403715975.5340581 -0.88550232050453959  -1.3172343371157262  0.93542046708552506 0.6045037353400764 -0.54565249983392983 0.41892838177245545 0.40166851299347556
1403715975.5840583 -0.91329749718327613  -1.3344215917564242  0.93659740275830117 0.60573944825952375 -0.54583435729237784 0.41845417812385138 0.4000508418090839
1403715975.634058 -0.94004737879236688  -1.3513420730394521  0.93899436658873814 0.60656441052563126 -0.54710103437185964 0.41829214110239449 0.39723010807957332
1403715975.6840582 -0.96453793563026435  -1.3676630656554598   0.9423326754039798 0.60714075677093282 -0.54825461064220005 0.4182614730361548 0.39478389474599218
1403715975.7340581 -0.98814636120021049  -1.3841292515830816  0.94662441611180459 0.60794619087098312 -0.54883245979079787 0.41743606218953272 0.39361338146605374
1403715975.7840581  -1.010923507330048 -1.4004536157024357 0.95124230656082631 0.60818280794540502 -0.54992557428295918 0.41731602491196612 0.39184546727106007
1403715975.834058 -1.0333981048455412  -1.417189993218849 0.95800686888762154 0.60868165622739856 -0.54995327522653148 0.41708811934665935 0.39127424798950011
1403715975.8840582 -1.0541610977916933 -1.4344893873595226 0.96265867531357985 0.60955072647959718 -0.5507869614662162 0.41572283754346856 0.39020015027138955
1403715975.9340582 -1.0732725919034298 -1.4513169245566153 0.96757000610568877 0.61001912259917923 -0.551492395198246 0.41481866213273272 0.38943328780195335
1403715975.9840581 -1.0894852844784342 -1.4662803118286178 0.97391644843152048 0.61015827985232385 -0.55260281020963653 0.41353920461364002 0.38900171455095645
1403715976.0340581 -1.1062312595026169 -1.4833491002697206 0.97855394049169298 0.61124426075533489 -0.5531395593069528 0.4113782491109475 0.38882517637337433
1403715976.0840583 -1.1217116584393292 -1.4988229669019297 0.98381621515143891 0.61127545186552668 -0.55367660027139043 0.41100682931982374 0.38840433894458043
1403715976.134058 -1.1361211404835529 -1.5161870215431228  0.9888570678254156 0.61063167620467251 -0.55397556144455495 0.41081504964314536 0.38919279068909057
1403715976.1840582 -1.1497201531336199  -1.531560617734546 0.99486773720114108 0.61003935433309076 -0.55329123875684971 0.41069794799710158 0.39121347981728138
1403715976.2340581 -1.1619575720796784 -1.5486181906654499  1.0010452702767401 0.609320097527843 -0.55258556446610752 0.41050260983639697 0.39352994804695629
1403715976.2840581 -1.1726887135299304 -1.5654319058375115  1.0066583538122331 0.60827579651715424 -0.55291279282348038 0.4105905773983558 0.39459267182151941
1403715976.334058 -1.1827275565342477 -1.5834064675652912  1.0118742120394686 0.60825514773981482 -0.5520076234876965 0.40912562143467707 0.39740342820007357
1403715976.3840582 -1.1917917640849898 -1.6026022272922413  1.0173364309786355 0.60818298041162355 -0.55037000452632412 0.40835516658964105 0.40056507383304824
1403715976.4340582 -1.1968716425594814 -1.6255058761998871   1.024714819429615 0.61047111005278532 -0.54780088459727438 0.40679868571823991 0.40218657849719008
1403715976.4840581 -1.2010910082272337 -1.6440557518865768  1.0284488727862071 0.61346955103362 -0.54440050945177287 0.40595757864249227 0.40309011350563273
1403715976.5340581 -1.2034167587556248 -1.6630384261429656  1.0315461805009905 0.61642501165668484 -0.54068465310581604 0.40638092549729349 0.4031561165254256
1403715976.5840583 -1.2013295374988475 -1.6799906317195978  1.0375062596061939 0.62021108417711934 -0.53604203141042905 0.40704820624034072 0.40287579900230314
1403715976.634058 -1.1986856943136064 -1.6986252353944153  1.0393204135579837 0.62454504872279104 -0.53179015304060051 0.40959727100725263 0.39921521868324666
1403715976.6840582 -1.1934988876473156  -1.716455831509099  1.0412615873648896 0.62779389068504066 -0.52760574044251363 0.41476074935770224 0.39431020055646998
1403715976.7340581   -1.18688497296805 -1.7345944347697704  1.0419707981607051 0.63124916409127363 -0.52474577433462655 0.41896408817521463 0.38811784031596946
1403715976.7840581 -1.1792865795478393 -1.7520350153691191  1.0440093373590984 0.63376291800450091 -0.52179289186914657 0.42302795949880478 0.38356757845199951
1403715976.834058 -1.1702129846164879 -1.7706808694140077  1.0453355029197251 0.63659335351039692 -0.51874830869969191 0.42595716179962445 0.37974937893195382
1403715976.8840582 -1.1597870122004479 -1.7888389013367405  1.0462906610375271 0.63858472273260325 -0.51579181814530017 0.42898399534010723 0.37701602614335766
1403715976.9340582 -1.1480030864961881 -1.8069399698274256  1.0468127380427055 0.64099237000113385 -0.51338782196212507 0.43050628009615949 0.37446771377394084
1403715976.9840581 -1.1346184141570583 -1.8239686712543246  1.0477034652318837 0.64327234376757303 -0.5103784163425038 0.4329629168050439 0.37183017164716464
1403715977.0340581 -1.1207466602254044 -1.8432282855162303  1.0483637699131678 0.64657177861533144 -0.50606229155459104 0.43521425489935428 0.36937033516123458
1403715977.0840583 -1.1043608361806174 -1.8595649578114262  1.0480487621641303 0.64988299398150806 -0.50162433092392478 0.43807622591758705 0.36621625447890682
1403715977.134058 -1.0869349722189796  -1.876588251907479  1.0483189128399437 0.65433127914653377 -0.49618153298713402 0.44063889480299945 0.36261801918794628
1403715977.1840582 -1.0698207283593462 -1.8922166373251639   1.044501722371411 0.65955833822745791 -0.4888623755356345 0.44419558521004293 0.35872922705042887
1403715977.2340581 -1.0493404668754458 -1.9084058824199945  1.0436663954817118 0.66511004118399109 -0.48144379981969909 0.44831995604879449 0.35334079546495351
1403715977.2840581 -1.0276379841066237 -1.9238356824042568  1.0411954240474277 0.67190769239899317 -0.47266504935119397 0.45225266820565518 0.34726838053263487
1403715977.334058 -1.0041379766721739 -1.9393617325927059  1.0404464939229432 0.67896565140401943 -0.46186359398404037 0.45720403919865688 0.34154374728004333
1403715977.3840582 -0.97932150078305069  -1.9533091922565848   1.0378781873245086 0.68622061526831535 -0.45074223064185776 0.46276199836739812 0.33434120530348843
1403715977.4340582 -0.95409425253821445  -1.9666218016491335   1.0338055997595039 0.69359485544969079 -0.43954352587497048 0.46909595314293301 0.32507945505682884
1403715977.4840581 -0.92704436800178691  -1.9802980043361929   1.0316423579846707 0.70187883246899674 -0.42593456764233711 0.4744848095654518 0.3175059276784144
1403715977.5340581 -0.8983113004652894  -1.993123385881826  1.0295118312618969 0.71018882560675034 -0.41292030547742437 0.4799805370211021 0.30781055438153782
1403715977.5840583 -0.8685727257329785 -2.0058285248166063  1.0275198260423715 0.71789271038892732 -0.39843206907179907 0.48664644946250935 0.2984244894963185
1403715977.634058 -0.83707469486836239  -2.0176392774217375   1.0252925384614329 0.72539366524398086 -0.3837002023861516 0.49374271025595767 0.28774349893930062
1403715977.6840582 -0.80503166999162479  -2.0294718756583463   1.0229678996493432 0.73285478004006555 -0.3691730931410766 0.50007822962938264 0.27668910879147302
1403715977.7340581 -0.77264473627319941  -2.0392979454541664    1.020037535095238 0.740707574656713 -0.35427160130423158 0.50587468234327682 0.26445174818782002
1403715977.7840581 -0.73812006432347343   -2.050042127725288   1.0174313379994657 0.74815256968381261 -0.33778767906146751 0.51159932050487222 0.25383725417819969
1403715977.834058 -0.70424630931892462  -2.0583802450294169   1.0149161518738345 0.75493524005193979 -0.32089951058806421 0.51772654840500498 0.24301339162420854
1403715977.8840582 -0.67103838971205898  -2.0643347132176726   1.0122929578120308 0.76128483198059771 -0.30206231822374485 0.5236722028802534 0.23445934495368961
1403715977.9340582 -0.63570903186683858  -2.0646542001725181   1.0094908240631364 0.76722044846086856 -0.28174087065808034 0.52981787067206043 0.22646829619364961
1403715977.9840581 -0.59789328801947572   -2.067736407081604   1.0067506364610828 0.77306619083979866 -0.25987176920846794 0.53527652837334139 0.21980529184141209
1403715978.0340581 -0.56256102960967935  -2.0688472542033236   1.0060549234597349 0.77861473915840518 -0.23844002678314738 0.54043284124488999 0.2117493463907652
1403715978.0840583 -0.52611925470262899  -2.0680379872968087   1.0059195035935586 0.78302402851507202 -0.21533875846012915 0.54669756278193493 0.20402050073747541
1403715978.134058 -0.48933807595601658  -2.0647854835214319   1.0043909717108219 0.78777573157471714 -0.19191191802966556 0.55126358172556589 0.19669182983335742
1403715978.1840582 -0.45158411570695972  -2.0590407503763419   1.0026743490807544 0.79199980890039612 -0.1688633112907772 0.55517010950446588 0.18975677672865743
1403715978.2340581 -0.41181021540248364  -2.0501738888201695  0.99878055098264396 0.79614212975655363 -0.14681237554331356 0.55813768451424939 0.18189601628155572
1403715978.2840581 -0.37239015676219273  -2.0369803055219555  0.99549636028964106 0.798716626782072 -0.12561207630451698 0.56228749655328203 0.17351117430349955
1403715978.334058 -0.33377097232627551  -2.0215035725506327  0.99263273416709297 0.8008117917923725 -0.10776724369400931 0.56671332275991382 0.16100529531448235
1403715978.3840582 -0.29558747103897487  -2.0005608206449099  0.99089747437312858 0.80139661643342452 -0.091904721329133715 0.57252805221551717 0.1467263261748864
1403715978.4340582 -0.25718490140817973  -1.9771941854543629  0.98773641764288389 0.80315089051201127 -0.077916124033330009 0.57610171894446349 0.13032472564567571
1403715978.4840581 -0.21837122214469104  -1.9516038560770308  0.98467319812158371 0.80466733263382362 -0.066029586019023714 0.57945345963757422 0.11128461563113726
1403715978.5340581 -0.1786582400384352 -1.9224282974567841 0.97936558764515047 0.80535714358890176 -0.054316071430249697 0.58338951464874411 0.090035047912530655
1403715978.5840583 -0.13992756678647791  -1.8901627780567483  0.97373662709205089 0.80475398753979721 -0.042251915476817128 0.58805977377230023 0.069076028028593181
1403715978.634058 -0.10317203281216678  -1.8567378265288605  0.96875813452442638 0.80409842012650257 -0.028461921758884748 0.59173162129953905 0.049692435179539952
1403715978.6840582 -0.068084854639512846   -1.8219873843199776   0.96240933403432771 0.80448679769426523 -0.014096073923687256 0.59299623266879453 0.030947715201310348
1403715978.7340581 -0.033669488319107904   -1.7863064967917255   0.95688929125373978 0.80483353654424949 0.0025496534408734851 0.59330181611869592 0.015147036385539065
1403715978.7840581 0.00095751705608376585    -1.7516773093838609    0.94909356266086287 0.80523539674024736 0.020595135703423223 0.59259455095597235 0.0018693312236532
1403715978.834058 0.029833392173324324  -1.7125791516452702  0.94443160495430867 0.80637974074538166 0.039475647606873179 0.58996981811914895 -0.011357846181717817
1403715978.8840582 0.059227289329033414  -1.6738697698347225  0.93857158836101973 0.80725659993986221 0.05969394490251196 0.58671973866167848 -0.023094654365910166
1403715978.9340582 0.083149859459553457  -1.6335683024358507  0.93662520561612828 0.80743008459882459 0.080215541444913135 0.58338022450532578 -0.035911544822665412
1403715978.9840581 0.10848024554215424 -1.5933564887472509 0.93359766093826257 0.80708128361217391 0.10172975890237543 0.57966715841084626 -0.047506244394662445
1403715979.0340581 0.13054644576557756 -1.5510360350725567 0.93378485608363859 0.80465358989467828 0.12320529935251721 0.57773489523023847 -0.059795027505379801
1403715979.0840583 0.15397011840647112 -1.5086508819989051 0.93255180286601447 0.80013407255719649 0.14359728946005199 0.57764446264948743 -0.074109103105799934
1403715979.134058 0.18001162634131346 -1.4605899542987488 0.93092266833088844 0.79434554672125557 0.16229916979486642 0.57823903216708317 -0.091179787049991121
1403715979.1840582 0.19876265101412738 -1.4160461311590355 0.93482063980333752 0.78606213335100938 0.18144850565060924 0.58093727894986813 -0.10814175990404432
1403715979.2340581 0.21696470397569209 -1.3712267110405998 0.93910118397511178 0.77520184526678193 0.19940133167051927 0.58569793108586976 -0.12751133888690769
1403715979.2840581 0.23800667783231236 -1.3263291772513794 0.94209222791069946 0.76306961671426798 0.21820525160305621 0.59076113930639484 -0.14530142637220539
1403715979.334058 0.24946750451028635   -1.28077289978367 0.95152524331979271 0.75131486812914416 0.24041328306568938 0.59405113099787032 -0.1575775238218152
1403715979.3840582  0.2608632265973912 -1.2357853469663151 0.95735132728991346 0.74083518951211547 0.26284944286360129 0.59469484220936009 -0.16855692515119902
1403715979.4340582 0.26533972271351292 -1.1916151917445554 0.96527440218006244 0.73255668419340481 0.28582588823113642 0.59207260944735163 -0.17639243521945647
1403715979.4840581 0.26871401391637695 -1.1488599102780801  0.9710325945859053 0.72494147203364312 0.3067683078936021 0.58833124812462645 -0.1849848909449367
1403715979.5340581 0.26776801664237981 -1.1064832126173711 0.97777784494025077 0.71765819595724512 0.32610912595459057 0.58394853348253206 -0.19396819839377202
1403715979.5840583 0.25936160394665891 -1.0630551637523864 0.98770172997663719 0.71135776812447782 0.34365558062141738 0.57793994064431486 -0.20458834924003896
1403715979.634058 0.25454116670972604 -1.0212084737932772   0.989386331578887 0.70500051080104487 0.3605934224428094 0.57165888475940008 -0.21483198769477163
1403715979.6840582  0.24280120180211817 -0.97807865439160402  0.99578351752184813 0.69810751670140303 0.37720398540329231 0.56473740303732167 -0.22679222678816632
1403715979.7340581  0.24006205873742889 -0.93099692842192228  0.99394516837956703 0.6895392078029301 0.39337802312557052 0.55960031722811698 -0.23798507680633388
1403715979.7840581 0.22119589886537777 -0.8886752374293263  1.0009524743765839 0.67957445806433969 0.40908558060389144 0.55458020646868667 -0.25153198262186299
1403715979.834058  0.19244813312198136 -0.85089032678113452   1.0120918376457688 0.6686878337462927 0.42411177601199584 0.54998012402227947 -0.26553275810731736
1403715979.8840582  0.16471574568456157 -0.81309577158148882   1.0202436300603819 0.65717302534066646 0.43832334437234294 0.54502929575120174 -0.28096143385843836
1403715979.9340582  0.13413767996368847 -0.77200019580869117   1.0269000509989978 0.64465169806087619 0.45303663014401102 0.54022502299635 -0.29553159638790016
1403715979.9840581  0.09784556256167759 -0.73627593136466007    1.035982276991958 0.63106637453284031 0.46725690147570964 0.53542407115164992 -0.31104225273857722
1403715980.0340581 0.061065170903956467 -0.70236774608441388   1.0443007919747589 0.61750925653224509 0.48061225571924759 0.5302323527174494 -0.32641665074130177
1403715980.0840583 0.018324736449542495 -0.66976675532363605   1.0538172552296479 0.60395395812462171 0.49462915975419608 0.52422716836654959 -0.34024621486924711
1403715980.134058 -0.027162302121828148  -0.64130546600093497    1.0612820016435331 0.59066441034991213 0.50856772357125157 0.51728856683662539 -0.3533934966968913
1403715980.1840582 -0.076120016531802503  -0.61683549981637209    1.0685287863799799 0.57802194515728245 0.52229275194958424 0.50835441621043576 -0.36698324171121077
1403715980.2340581 -0.12647112430483448 -0.58865099239029439   1.0735967385371845 0.56664060465634958 0.53513944942211744 0.49724464946107466 -0.38117181612655016
1403715980.2840581 -0.17984653968419581 -0.56570425901810228    1.077767377625275 0.55639182329575887 0.54829517615162948 0.48398206732546972 -0.39441335840186642
1403715980.334058 -0.23780402621612276 -0.54297305604839319   1.0839261980832402 0.54510593426336551 0.56188336429117014 0.4709747156546143 -0.40660720920533999
1403715980.3840582 -0.29642130999113425 -0.52609677244685837   1.0884043346144374 0.53318991884239031 0.57462587792941666 0.45777802457036015 -0.41946738976844367
1403715980.4340582 -0.35705450108345604 -0.51201842388271379   1.0932949587900427 0.51998252262025846 0.58618789985830611 0.44482573215548504 -0.43374184746403888
1403715980.4840581 -0.41907437478332094  -0.5017514724839236   1.0985401041647735 0.50542504099705499 0.59708622158366187 0.43248948542433863 -0.4483150866583262
1403715980.5340581 -0.48010805535283468 -0.49188915184818832   1.0985562297059033 0.49136255974112752 0.60653422669826684 0.4178693425110796 -0.46482714993590923
1403715980.5840583 -0.54537978064789983 -0.49790641600124719   1.1023384780425904 0.47733267306966171 0.6165633332871181 0.40276983696989843 -0.47935334951712927
1403715980.634058  -0.6080780088870783 -0.50719946804153337   1.1037167038396163 0.46287146154346109 0.62735404171354336 0.38748065159639594 -0.49197119943420919
1403715980.6840582 -0.67089233328764908  -0.5126611890839029   1.1053596999940078 -0.44748992513140801 -0.63865020614503076 -0.3722223196158625 0.50331821532364918
1403715980.7340581 -0.73382279403742279 -0.51685356989630904   1.1057923862530772 -0.43183233921846065 -0.64977471203339066 -0.35665055851951777 0.51392025987963597
1403715980.7840581 -0.79714545165754924 -0.52661815532935574   1.1069350599873129 -0.4169418222868751 -0.66097746239858024 -0.33903363915564561 0.52375996654012502
1403715980.834058 -0.85806491660674722 -0.54036089815494392   1.1083613652027404 -0.40121190066342954 -0.67269455090351016 -0.32185314397824999 0.53190375601426165
1403715980.8840582 -0.91591633023941599 -0.55755322719181022   1.1079036906914392 -0.38491320988946842 -0.68312225750247813 -0.30401922013711302 0.54107126697370067
1403715980.9340582 -0.97371648820252865 -0.57626523764433724   1.1083003109229221 -0.3673523205508713 -0.69338083332600242 -0.28713254411592676 0.54939074862209303
1403715980.9840581  -1.0280877263183905 -0.59572542424086605   1.1067214491639532 -0.3487467034976483 -0.70228806792148601 -0.26987971747488831 0.55886683973045326
1403715981.0340581  -1.0801551929707931 -0.61289946627058722   1.1031266617496398 -0.32970497745828431 -0.71005915142085185 -0.25258797107638742 0.5686035052567352
1403715981.0840583 -1.1313324885963603 -0.6354151980745224  1.1022421167233372 -0.30954952225318672 -0.71716601339778918 -0.2354211577159035 0.57829826300936593
1403715981.134058  -1.1797788487954735 -0.66395125253614018   1.1031395549551168 -0.28890902955986081 -0.72441499944856136 -0.21766851119439856 0.58683464489337578
1403715981.1840582  -1.2184090638379035 -0.69310226728205071   1.1014726879456327 -0.26641704275166894 -0.73143826692046809 -0.20268363767268052 0.59408700039270945
1403715981.2340581  -1.2636445741898052 -0.72393313033708284   1.1020618889070464 -0.24401565802121267 -0.73833799406281542 -0.18457257452862633 0.60103771087648672
1403715981.2840581  -1.3022425512359348 -0.75743378812557016   1.1031766369231595 -0.22158326425834515 -0.74456969408287688 -0.16556480722726533 0.60754022275216168
1403715981.334058  -1.3385202241082319 -0.79201283072747708   1.1052959726396083 -0.19838391941673997 -0.75016557188665067 -0.14682616571269391 0.6134635379017529
1403715981.3840582  -1.3684611222113332 -0.82594970671874923   1.1063375253417809 -0.17549566203867464 -0.75502959421372462 -0.12643860782123045 0.61898696506412376
1403715981.4340582  -1.3994385819129216 -0.86351860732213981   1.1088702851737025 -0.15180302991095365 -0.75875560132096853 -0.10641284670327852 0.62443741370165695
1403715981.4840581  -1.4174790737433087 -0.89905998012405275    1.109323139071607 -0.12842454256448679 -0.76078153588282771 -0.084905455851136999 0.63048366758670182
1403715981.5340581   -1.437529458011346 -0.93756054697985802   1.1132041881375712 -0.10387826416920155 -0.76079192704176557 -0.064836673116045629 0.63733912150480254
1403715981.5840583  -1.4620027419193995 -0.98499923723620619   1.1231414762727552 -0.078992737834444507 -0.75967295234275567 -0.04580958019468042 0.64386227969236332
1403715981.634058 -1.4714575930065934 -1.0236996993525593  1.1271528304230416 -0.053356084925064433 -0.75894524168971778 -0.027214961960536167 0.64839385728389809
1403715981.6840582 -1.4738092645666103 -1.0614590243075983  1.1297921084849871 -0.027819931426844982 -0.75849083723791166 -0.009764718359033274 0.65101639880797646
1403715981.7340581 -1.4679413350828152 -1.0962504546086782  1.1302048379652099 -0.0015409374202021784 -0.76012292728815567 0.0062463268662480125 0.64974744656938221
1403715981.7840581 -1.4607045586955427 -1.1339864747651078  1.1312800379593808 0.023541802597772742 -0.76429139103451049 0.023057353320936183 0.64402857978416927
1403715981.834058 -1.4412686566913031  -1.168699238147723  1.1290826317187905 0.04837473930511077 -0.77162363479331086 0.038897168132501748 0.63304333274807811
1403715981.8840582 -1.4201308444424547 -1.2066404835888029  1.1296795711702419 0.072584861877223433 -0.77755480860323678 0.054277124346046132 0.62224910704393321
1403715981.9340582 -1.3960830726823135 -1.2513945110412703  1.1334768645193853 0.095408676839052353 -0.78140762949170306 0.069439846382662082 0.61276211427464333
1403715981.9840581 -1.3721148455745518  -1.293730361508846  1.1365262632902753 0.11848739333544739 -0.7820728259064349 0.083308672664467912 0.60612086060304737
1403715982.0340581  -1.346436200165035 -1.3304487122897768  1.1375386675954651 0.13969745880418358 -0.78151420640236857 0.097498078277735739 0.6001785483729638
1403715982.0840583 -1.3169943786350287 -1.3674399369442733  1.1395472234387092 0.16012369685366265 -0.77896550927856345 0.11142918636343485 0.59595022735685532
1403715982.134058 -1.2817586874841282 -1.4081819400143563  1.1435668167522142 0.18019059178389565 -0.77560502407184506 0.12501432805642923 0.59189493581858077
1403715982.1840582 -1.2509951599397378 -1.4452213845476576  1.1463155376163043 0.19975321193732837 -0.77135525404794292 0.13817038461630962 0.58823351756622577
1403715982.2340581 -1.2219589411149303 -1.4846824312978855  1.1496605120262844 0.21838618364443044 -0.76663596333260198 0.15145856860432022 0.58449728529279332
1403715982.2840581 -1.1797124164009478 -1.5212831427267395  1.1550727896173334 0.23579910636696591 -0.76236794940270647 0.16536699266144919 0.57952363963703946
1403715982.334058 -1.1385066275687481 -1.5558725110828231  1.1577399484372057 0.25369998927104292 -0.75686706799672221 0.17812614897156853 0.57537781663744791
1403715982.3840582 -1.0974627717449092 -1.5873071976318005  1.1589016839897626 0.27032404936405929 -0.75157273513600864 0.19166725237895452 0.57037443535023458
1403715982.4340582 -1.0548272310499207 -1.6202413393504909  1.1612646307065844 0.288263185200551 -0.74515843438835372 0.2044087176524535 0.56556195051082614
1403715982.4840581 -1.0034575800172938 -1.6502428947000394   1.164116165553341 0.30593240947234168 -0.7385130718523959 0.21752284353111637 0.56007822317933664
1403715982.5340581 -0.95514417017749897  -1.6799886003150832    1.166414139436442 0.32419446728473367 -0.73024690685301763 0.22953565773176038 0.55583341411183285
1403715982.5840583 -0.90276706586597621  -1.7121895147273676   1.1688625928721603 0.34222009973856038 -0.72189273557193345 0.24277976999321921 0.55028562124176938
1403715982.634058 -0.85234413826532995  -1.7405760920845781   1.1699986584418121 0.36043558645232548 -0.71241243945315591 0.2566352589383189 0.5446953717453763
1403715982.6840582 -0.79447469285606076  -1.7683326625814366   1.1736970303182119 0.37827385853840834 -0.70332434379769382 0.27080313036470616 0.53750294878510541
1403715982.7340581 -0.73551132198794189  -1.7948861784523507   1.1760920270070809 0.3965059951973694 -0.69338680945013131 0.28483895296501377 0.52996650755203922
1403715982.7840581 -0.67765865321275132  -1.8209380232243244   1.1777636027241278 0.41508099397654885 -0.68262688541391714 0.29871844414279247 0.52201110608725976
1403715982.834058 -0.61697147612820846  -1.8435933615008886   1.1807810510082897 0.43285505848773442 -0.67197313424353944 0.31291069204144772 0.51300633914468974
1403715982.8840582 -0.54826657050011285  -1.8642805268439435   1.1876473529825815 0.45122759529088374 -0.66031273521403944 0.32567017733743264 0.50430118436819626
1403715982.9340582 -0.48986885853024642  -1.8849440560162636   1.1880731103622046 -0.46940687681253085 0.64847710026848338 -0.33691092383203997 -0.4956063597565375
1403715982.9840581 -0.42811036052843388  -1.9041381923501661   1.1890467861315912 -0.48525873537880809 0.63651860164621188 -0.35035966748757097 -0.48643204344996599
1403715983.0340581 -0.36701870798548847  -1.9169359483318218   1.1897256246075101 -0.50066073603404804 0.6244576648093203 -0.36315718192152885 -0.47697831551712028
1403715983.0840583 -0.30473181951184825  -1.9308423794066156   1.1903481756229199 -0.51632689758901695 0.61173542379498191 -0.37516791078213207 -0.46737067175834335
1403715983.134058 -0.24370909630695264  -1.9420889067151954   1.1894531231472254 -0.53111363392672917 0.59900557473525629 -0.38783654519851007 -0.45682977519171608
1403715983.1840582 -0.17964572022164096  -1.9531655738703302   1.1895155968128843 -0.54606716951730883 0.58490380962931177 -0.40066400931775537 -0.44628077652291276
1403715983.2340581 -0.11727448330748307  -1.9614473511933324   1.1898336504241549 -0.5601945053511187 0.57077399899821579 -0.41406788197167921 -0.43468028177211798
1403715983.2840581 -0.052006380853963446   -1.9681494964556694    1.1895073732497992 0.5750605424327806 -0.55564494230293515 0.42638486123273001 0.42280021374359489
1403715983.334058 0.0098485027772296126   -1.9751126456724164      1.18701916732708 0.5899724139905701 -0.53837346222868143 0.43815159547293037 0.41244362679348973
1403715983.3840582 0.077213977537139031  -1.9782785615415794   1.1867309263579393 0.60497141224989259 -0.52203191356333012 0.44928057804120153 0.39954878773028746
1403715983.4340582 0.13859613251586117 -1.9754777510569204  1.1860576275593651 0.61835504544860653 -0.5043080546869867 0.46227349949183105 0.38679921847601395
1403715983.4840581 0.19883179082692826 -1.9744753790898977  1.1868551792919313 0.62919851672051774 -0.48525052307239497 0.47811727025414208 0.37422591078036688
1403715983.5340581 0.26352364256111266 -1.9714822613473977  1.1876331875129378 0.63839709074038153 -0.46574549116021979 0.49505411732347915 0.36118099745032778
1403715983.5840583 0.33238213931053262 -1.9662971263899738  1.1910558374166811 0.64604004903353396 -0.4459896417537369 0.51210770507579351 0.34852717669519906
1403715983.634058 0.38900505804781177 -1.9590310652733851   1.190987852264686 0.65303553622779764 -0.42629805834773621 0.52893192740356287 0.33473208696773477
1403715983.6840582 0.44693402393192388 -1.9467351276716902  1.1914750856683607 0.66022472142978283 -0.4074521966101422 0.54366858936452966 0.32017259350062771
1403715983.7340581 0.50426674491516577   -1.93176375573313  1.1936892330608178 0.66616552646495919 -0.38886569673397142 0.55795369537432105 0.30609579394595748
1403715983.7840581 0.55835720944638789 -1.9099474902941453  1.1955485320069206 0.67330859085243444 -0.3713775009999068 0.56913595747882928 0.29123625313485574
1403715983.834058 0.6097625161263438 -1.887218478885559  1.197328750532024 0.6805047625117383 -0.35374410854223165 0.57891368927660503 0.27683445276673058
1403715983.8840582 0.65547911325117214 -1.8590724811949022  1.2000780035458141 0.68730144696909745 -0.33647088621605759 0.58805184042611436 0.26191429265052663
1403715983.9340582 0.69772037825675748 -1.8290505916375877  1.2016882900063286 0.69457201181406913 -0.31951211243911926 0.59504951617166169 0.24778580208139367
1403715983.9840581 0.73710924133027578 -1.7988473441092672  1.2034834312984051 0.70119481381462656 -0.3037747031553919 0.60163489894010891 0.23255582379215908
1403715984.0340581 0.77987780581913546 -1.7646652500581039     1.2051747765865 0.70903403539387522 -0.28822613361310062 0.60572179540572002 0.21747997408035352
1403715984.0840583 0.81063705458675228 -1.7293492751099213  1.2067325568072629 0.71685918432748807 -0.27399468303952917 0.60867389829054919 0.20138497722318516
1403715984.134058 0.83611544675197369 -1.6890343525461404  1.2100768287018764 0.72535131832145594 -0.25947322841628978 0.60969400891417691 0.1865806105647457
1403715984.1840582 0.85877258655687649 -1.6474664692252192  1.2127324422192136 0.73272254935733849 -0.24620213830278306 0.61121851816881334 0.170041453198742
1403715984.2340581 0.87564523289459606 -1.6062881651823191  1.2153054767171969 0.73975823305834199 -0.23228140624191682 0.61223213265232834 0.15483836954921529
1403715984.2840581 0.88575190537239845 -1.5647549075141465  1.2188361332793582 0.74568906784450772 -0.21776076257030941 0.61362948883386059 0.14137508555428602
1403715984.334058 0.89412787598594712 -1.5245795423965205   1.223100758089348 0.7497372406125844 -0.20337260867733056 0.6166691970405227 0.1274862874971345
1403715984.3840582 0.88889232702474119 -1.4733693137203587  1.2297577506910271 0.75369490344861878 -0.18799435353734556 0.61923264409848378 0.11468673871225661
1403715984.4340582 0.88925380318216696 -1.4290780941781487  1.2336346488819083 0.75730212425679644 -0.17121912814503565 0.6214964652054159 0.10449711235517861
1403715984.4840581 0.88624880349048574  -1.385124562013466  1.2400961491841311 0.7618250770570032 -0.15449724708504065 0.62205421848560372 0.093817385779502535
1403715984.5340581 0.88102690802192762 -1.3435153898257297  1.2459366051341185 0.76776340459221637 -0.13798203419892302 0.62025025515246035 0.082401054547886002
1403715984.5840583 0.86424938815262475 -1.3033357159610781  1.2468492158486977 0.776104014088011 -0.12016733486930767 0.61490998468558566 0.071470844970918435
1403715984.634058 0.85060093560555439 -1.2612252194121174  1.2503675924328688 0.78457602414056826 -0.10142777610293982 0.60853839456436276 0.061918421488426002
1403715984.6840582 0.82078348697734571 -1.2211712128228758  1.2509647541184656 0.79202840925279838 -0.082307632962279109 0.60288832842011419 0.049417769551338239
1403715984.7340581 0.80220013182828775 -1.1772807910192189  1.2531696610205016 0.79791215305689456 -0.06366155223216334 0.59839201395005892 0.034790809307844131
1403715984.7840581 0.78135914060694045 -1.1321582570932844  1.2555670250942739 0.8010702812437287 -0.046363655120768323 0.59653769752464803 0.016720987528482226
1403715984.834058 0.76131161050983265 -1.0894411220092122  1.2580409932746388 0.80212075566991881 -0.029932420562074364 0.59640731904420596 -0.0021571539853458975
1403715984.8840582 0.73969230324801494  -1.047852240503103  1.2606230086767141 0.80235388550046272 -0.012850055808043543 0.59637434206737339 -0.0200190562152231
1403715984.9340582  0.71518842640280877 -0.99896559695574116   1.2624604642406829 0.80171719203984804 0.004947394199234176 0.59660393275334445 -0.035900065482137339
1403715984.9840581  0.68977443132405891 -0.95927835611383749   1.2645362777321465 0.80021362721634948 0.022885047547111594 0.59726546840673489 -0.049075306060210488
1403715985.0340581  0.66208347765849818 -0.92060282911839741   1.2676605866787387 0.79832187494254359 0.041475440755396283 0.59796358017305784 -0.058322625017967464
1403715985.0840583  0.62961830828034238 -0.88226357660887622    1.270312633778558 0.79657908590764426 0.057639187989549152 0.59823495238425595 -0.065225958392763933
1403715985.134058 0.59920505472828944 -0.8532384318435271  1.2731969809983845 0.79609802531814633 0.070917463178356427 0.59685075796166009 -0.070482765421672741
1403715985.1840582  0.56627889573547596 -0.82098155710325571   1.2764405759456561 0.79471840275213956 0.081886485118476821 0.59687377086632876 -0.073884812606102857
1403715985.2340581   0.5334868994140598 -0.79057923877037983   1.2795120090230629 0.79353441645038725 0.091370156040256292 0.59705930836651611 -0.073991937309548117
1403715985.2840581  0.49755896225515012 -0.76053303657879812   1.2835499712831464 0.792598396695398 0.10198162740680908 0.59728787365334945 -0.068078816191263047
1403715985.334058  0.46158134457722316 -0.73179765768311511   1.2868425483034727 0.79175627077297739 0.10942490123031592 0.59768696676102839 -0.062597831003994547
1403715985.3840582   0.4195339495391443 -0.70157798177730313   1.2919745874464157 0.79130369906236508 0.11336676980228398 0.59804906421171244 -0.057651957037980865
1403715985.4340582  0.38048425955483034 -0.67313766919626983   1.2951575377626581 0.79207640539789825 0.11025361856458656 0.59760692223598333 -0.0576634555068865
1403715985.4840581  0.32765267243783769 -0.63121218296910253   1.2988870591758532 0.79493277527329986 0.10381897463185745 0.59496334612092383 -0.057637835449234315
1403715985.5340581  0.27895984584581179 -0.59423798652361803   1.3012472567417481 0.80012939752114265 0.095668529391232771 0.58937324495338927 -0.057268296986066891
1403715985.5840583  0.23408619130124919 -0.56367516534773154    1.302781533527434 0.80729536030862159 0.085926125181140817 0.5812423880080887 -0.055210403169893972
1403715985.634058  0.18571459644968408 -0.53138358607843961   1.3042771799666415 0.81596795592328342 0.075973326599511823 0.57070831179722281 -0.052118819991885057
1403715985.6840582  0.14109861124306455 -0.50107360732282269   1.3041396375140668 0.82489126287092973 0.066508995660311654 0.55920584899023629 -0.049191222698448403
1403715985.7340581  0.09107599399765956 -0.46308280913159305   1.3015275919149598 0.83387891746291964 0.057205110615991928 0.54693178283376975 -0.047319670926114762
1403715985.7840581 0.048562354379185574 -0.43166309017794086   1.2981703048494357 0.84131230293445636 0.045760492796888243 0.53634644949854371 -0.049316045466091599
1403715985.834058 0.0081054422312987155  -0.40085730944876097    1.2933269786653523 0.84643087994873134 0.034808189281214819 0.52885980839798352 -0.051482603755322688
1403715985.8840582 -0.049124879469605719  -0.35851358775457826    1.2914507814187652 0.84843722983174985 0.025557662994851887 0.52603534971118815 -0.052800414315573231
1403715985.9340582 -0.084330128542777633  -0.32854644948399903    1.2814529548805897 0.84780583270345589 0.01716542390641361 0.52727984408950546 -0.053912746851367779
1403715985.9840581 -0.11570682485868432  -0.2985687973847555   1.2682021408928361 0.8457223852708442 0.010861825784536722 0.53076201528101719 -0.054104999096697658
1403715986.0340581 -0.14625074598856763 -0.26973476887967746   1.2514538079855531 0.84314114759679093 0.0054538694668547424 0.53491353889356497 -0.054320957699285938
1403715986.0840583 -0.17941024266859845 -0.23931104531946001   1.2308438353127711 0.83971495955223308 0.0011774962843595211 0.5403326179097302 -0.054019091342872069
1403715986.134058  -0.2076784149941939 -0.20963787397117969   1.2068381384677211 0.83705112526585768 -0.0029225226766806389 0.54430342274960442 -0.055413504991394177
1403715986.1840582 -0.23312621891064572 -0.18431220733072101   1.1829391530340563 0.83433341324996269 -0.0058926802651461793 0.54832432008517185 -0.056510811860153734
1403715986.2340581 -0.25243058942602675 -0.16180207612971942   1.1576266152883026 0.83234798959715639 -0.0073889283677361093 0.55134690938775077 -0.056203322497197991
1403715986.2840581 -0.27772541064475587 -0.13817673975185379   1.1331151635057273 0.83086906596495658 -0.0063670077086301962 0.55384399492570102 -0.053599307085997423
1403715986.334058 -0.29322982351122578 -0.12129320950631056   1.1091094163198238 0.8278434741819124 -0.002216400304555023 0.55896524188327201 -0.047203052766602728
1403715986.3840582 -0.31303894248144498 -0.10441588960021846   1.0873745340130037 0.8229591551487353 0.0019485782518162522 0.566625991560325 -0.040858508146467805
1403715986.4340582  -0.33096695197838549 -0.089354234422852841    1.0646334461735469 0.81932747429007591 0.0057838149458404277 0.57218981976159611 -0.035606846522959035
1403715986.4840581 -0.35149442955222726  -0.0745199093867535   1.0428724054841536 0.81907820099386597 0.0090095121297478747 0.57270967532662409 -0.032145872753886855
1403715986.5340581 -0.37145105367184905 -0.06027899545291894    1.017091994990355 0.82273028925627145 0.012348624176102227 0.56754680193583662 -0.029206338929307598
1403715986.5840583  -0.38959199650893772 -0.047221555559460254   0.99020935234194729 0.82900420978337253 0.014795551951870411 0.55839499370145651 -0.026984121498316544
1403715986.634058 -0.40887540906497372 -0.03264679919526034  0.96150756529796944 0.83661298146869656 0.017178539694065569 0.54692286875333807 -0.025670852082799012
1403715986.6840582  -0.43003786410145023 -0.017642177421119162   0.93303909637331339 0.84369588872257506 0.018485392901217954 0.53591665732358029 -0.025077360407988414
1403715986.7340581   -0.44718798349107869 -0.0040943265500478646    0.90567553647235599 0.84863151242540147 0.019496241302778456 0.52803674988033134 -0.024932779015907996
1403715986.7840581 -0.45901444916942019 0.009205240944751206  0.88032395204264591 0.85070286818476448 0.020859016103480701 0.52466143976397883 -0.024492960911222005
1403715986.834058 -0.46768838875516433 0.023528149154925532  0.85734526444054682 0.8502925735637159 0.021430771171480945 0.52531074385485665 -0.024328661698616985
1403715986.8840582 -0.46720525009880653 0.036778882460273485  0.83371246437335267 0.84788719420774128 0.022144593554892532 0.52917014348059699 -0.023997544114702327
1403715986.9340582 -0.46900556498731888 0.050049469261054559  0.81211965299149258 0.84416874937039132 0.02078313164494695 0.53510512193832982 -0.024691952146872847
1403715986.9840581 -0.46749132928274406 0.062817874215562897  0.79304282869588505 0.83839014617179886 0.018086936741993576 0.54423254670467613 -0.024202492199431901
1403715987.0340581 -0.46567153893504798 0.075310543278097081  0.77279989203075605 0.83111123263161579 0.010780995264186801 0.55534239294168142 -0.027068722475893755
1403715987.0840583 -0.46108525026408126 0.084537601678821406  0.75677953444093538 0.82408537460570108 0.0038070703485045604 0.56578187713430128 -0.027562095035199762
1403715987.134058 -0.45777761994638422 0.095268975015721638  0.73709531429329556 0.81844770121197341 -0.0079048178269004784 0.57362611696818666 -0.032155126620184313
1403715987.1840582 -0.45445801771803818  0.10414600807191493  0.71848530243081743 0.81294013913363805 -0.018625285123745228 0.58101880721118448 -0.034620436252782279
1403715987.2340581 -0.45125551326538366   0.1112109224757017  0.70073482296739953 0.80828360919760056 -0.028385634036923044 0.58704257605663024 -0.035395999486070286
1403715987.2840581 -0.4487207727869561 0.11274071884477792 0.68459216397258371 0.80435387451050933 -0.037433958231534184 0.59191872344634233 -0.035295441132025825
1403715987.334058 -0.45505028422516575  0.11689162299209774  0.66575795314521702 0.80276105784640595 -0.042942032099049635 0.59387425667556271 -0.032311501707156902
1403715987.3840582 -0.45653449219362108  0.11780108838103734  0.64758702965127912 0.80268182072863514 -0.044439615963668425 0.59424469818591519 -0.024500079238558192
1403715987.4340582 -0.45999291038039564  0.11723694752550219  0.63110259764129695 0.8035763971769011 -0.043525443043094615 0.59339067387885225 -0.016062934404880162
1403715987.4840581 -0.46789952005906421  0.11544440165109546  0.61442196093797785 0.8053711259474734 -0.040935239332387734 0.59131017628126226 -0.0073437794848300857
1403715987.5340581 -0.47343820767339462  0.11368519552555455  0.59810716498654215 0.80835152108779518 -0.039074966445411675 0.58740090596866046 -0.0010681851594369443
1403715987.5840583 -0.47996379938175082  0.11073021472902206  0.58384454826431187 0.8113099475097364 -0.037400185562501131 0.58340926928634429 0.0033195937120718212
1403715987.634058 -0.48771489877226426  0.10787373509350434  0.56879080922915259 0.8133771947654449 -0.036004407551986743 0.58058594383761286 0.0064174364441225325
1403715987.6840582  -0.495032601089893 0.10407746779693575 0.55517313332502949 0.81436038493435392 -0.034112794119898301 0.57929371551959097 0.0085012873384878312
1403715987.7340581 -0.50274611101814004   0.1014211052475151  0.54133017232185121 0.8159058275043356 -0.032126511843209637 0.57720018031204368 0.010272279639777093
1403715987.7840581 -0.50912163745605554  0.10001810653432339  0.52739294307973406 0.81858039635413082 -0.029506129042586097 0.57351026251673487 0.01189545466228383
1403715987.834058 -0.51638150210822031 0.097006626799628071  0.51330370908780321 0.82322253705367976 -0.027834992329661964 0.56690235550400114 0.01231206777619998
1403715987.8840582 -0.51666664810578811 0.095307126144343474  0.50149896129480764 0.82806029023572203 -0.026397697730169596 0.55986534600037696 0.013042685197331087
1403715987.9340582 -0.52328560155378101 0.093074562377789105   0.4866953395422095 0.83223990717209484 -0.025088517579545402 0.5537183296909004 0.011971405939286469
1403715987.9840581 -0.52887229692988835 0.090580225252193197  0.47362766601179301 0.83554788148783732 -0.023240677931247733 0.54879371327354998 0.012044455235156569
1403715988.0340581 -0.53239152084251828  0.08862984269595961  0.46150343336454547 0.83652073942523908 -0.021797755877695696 0.54738375452766042 0.011354982578132083
1403715988.0840583 -0.53505285670175107 0.086946666186851082  0.45011827886813199 0.83501628483852375 -0.02033307141192111 0.54975709822548824 0.010074880253287309
1403715988.134058  -0.5354704724014685 0.085515092625016512  0.44091101019941414 0.83158383192468632 -0.018962214486315396 0.55499297558830984 0.0095688009104540946
1403715988.1840582 -0.53324764553741244 0.083217086331003623  0.43144776579124705 0.82797004206597091 -0.016671823263713869 0.56044987418329828 0.0091432094071423175
1403715988.2340581 -0.53174681292390324 0.081743375123835893  0.42281142590079368 0.82432375601804986 -0.014990217640346481 0.56584360709689918 0.0093086490405321284
1403715988.2840581 -0.52757362445856282 0.080692561177402436  0.41505086171846123 0.82027160891779183 -0.013676290971394198 0.57172473829457304 0.0099131372776160385
1403715988.334058 -0.52572562910128984 0.080317557221366118  0.40779574611997133 0.81702580070946706 -0.012075800928023156 0.57637864659586158 0.010520064416339299
1403715988.3840582 -0.52256274729549501 0.081562101653417277   0.4013694331923312 0.81381776952214713 -0.011994758692377292 0.58093193807193311 0.0086514219580863579
1403715988.4340582 -0.50545619318859691 0.085275023328562474  0.39318328566717903 0.8121527901240484 -0.015653030857368695 0.58318091367603009 0.0079278018827711998
1403715988.4840581 -0.50222873649243127 0.085598565072619828  0.38667822593601242 0.81050859190607849 -0.018171632079098995 0.58542691273267222 0.0045764705068343549
1403715988.5340581 -0.50182320173441131 0.086601257551228814  0.37992384880361885 0.8099723715902063 -0.022110336939963098 0.5860502913581197 -0.00097275896351876456
1403715988.5840583 -0.50232582369070022 0.087151964974684623  0.37301714019413679 0.80980242339569775 -0.025158121654600366 0.58614066468808657 -0.0051210522625350155
1403715988.634058 -0.50373956401930253 0.087615420458474522  0.36719951430703557 0.81012054114031651 -0.029146180834304654 0.58544345511061469 -0.010543710610626311
1403715988.6840582 -0.50611295928677158 0.087418967554452762   0.3614513339587504 0.81121341739034358 -0.033695993663395235 0.58354692109107154 -0.016442698745873001
1403715988.7340581 -0.50902217205366218 0.086009381618626743  0.35603757497590266 0.81286854044167489 -0.036383833856467089 0.58098827935992325 -0.019328006636022781
1403715988.7840581 -0.51256339360215464 0.083168416194251985  0.35124553087302346 0.81583853470148382 -0.037833840456406143 0.57667483087824156 -0.020548120206157466
1403715988.834058 -0.51595523449363889 0.078404906020092147   0.3474264940823053 0.81901691929524301 -0.036895750234734188 0.57228862807194147 -0.018322546282669282
1403715988.8840582 -0.51923641138094567 0.073354809668360083  0.34438222817291148 0.82188266550186562 -0.034703281381281433 0.56841174672794004 -0.014582612612709024
1403715988.9340582 -0.52243799797753687 0.066559530204161887  0.34160914361152761 0.82392711391324125 -0.032840161641533604 0.56564106999856534 -0.010761722577410423
1403715988.9840581 -0.52531648001149434 0.058781864144976048  0.34021036355766393 0.82491740390716661 -0.031149129485693147 0.56434662501616339 -0.0073413415810671062
1403715989.0340581 -0.52774763446132023  0.05134681629245421  0.33986559616587669 0.82554627842716966 -0.029133952387043301 0.56357152138626254 -0.0034198356295664805
1403715989.0840583 -0.52847666894290701 0.044299916744631122  0.34105832387080187 0.82629208438827317 -0.028955789388879556 0.56249576873727292 -0.0012098309031074994
1403715989.134058 -0.52986729997233795 0.035371475794139899  0.34089767298925766 0.82587715105275428 -0.028156394577812782 0.56314550244148198 0.0011366148404783288
1403715989.1840582  -0.5310783666159733 0.026338315144080641  0.34035115783242886 0.82605947559002046 -0.028272599713735597 0.56286986902186831 0.0019782418133911118
1403715989.2340581 -0.53117316740382381 0.017128506309569233  0.34026895970979532 0.82637780902853553 -0.028021009677001486 0.56240858653445813 0.0033348994275151462
1403715989.2840581  -0.53067166934745202 0.0078180679972617659   0.34002394071971731 0.82604009470168871 -0.028643110923551443 0.56287081170544628 0.0037126098500307064
1403715989.334058   -0.52969000019262169 -0.0016494975447241072    0.33990277818859699 0.82572837418787037 -0.028638710481235473 0.56332260461029593 0.0044854718927569851
1403715989.3840582  -0.52880752631497352 -0.011786540553600421   0.33505200308223915 0.82501931806115836 -0.028907979162517129 0.56434199708214672 0.0050560751552088485
1403715989.4340582  -0.52671204625710566 -0.021268823973893878   0.33442998241744476 0.82557277307858168 -0.028726874433818717 0.56353356612303251 0.0058551592003968705
1403715989.4840581  -0.52428114415611848 -0.030616108160347388   0.33424852054694654 0.82556134515965873 -0.029318872086951758 0.56352302375528562 0.0055381238180143792
1403715989.5340581  -0.52142747973880266 -0.040145158571805256   0.33357201042331663 0.82602191124795221 -0.029649779161996175 0.56283014279035204 0.0055608542974001501
1403715989.5840583  -0.51797692314661692 -0.050007486889184334    0.3331021295225518 0.82493736337453516 -0.02921764896664281 0.56443203988657387 0.0064146587604775674
1403715989.634058 -0.51306914566938633 -0.05827186386552595  0.33441282185817883 0.82242438996052292 -0.028757997266757297 0.56809413171914391 0.0077561522379940477
1403715989.6840582  -0.51029564580981113 -0.067207616738127252   0.33429659394818317 0.81957145030696121 -0.027689760560102958 0.57223776812680771 0.0089359795835872047
1403715989.7340581  -0.50523546984658108 -0.077372639020230491   0.33265194553630106 0.81690180319733607 -0.027191147284274256 0.57605468237647472 0.0096482306380335763
1403715989.7840581  -0.50150985131146186 -0.086947535713426019   0.33026409326829564 0.81490310328434046 -0.025836448694126921 0.57892198307865073 0.010712034573775587
1403715989.834058   -0.5016843775472527 -0.097799574423438645   0.32562946099727863 0.81367150900416552 -0.024170485268257734 0.58070856693369644 0.011490142148543266
1403715989.8840582 -0.4982884823347371 -0.1067410591070338 0.32093828904233868 0.81272089383944779 -0.022746452274028963 0.58207366108576475 0.012553911580410975
1403715989.9340582 -0.49491034555703883 -0.11519873822890027  0.31632943167352645 0.81226368561243156 -0.020318011492170815 0.58273984111969068 0.015138065137620272
1403715989.9840581 -0.49359916493195349 -0.12392553762973804  0.31228227303175515 0.81252064579803263 -0.018976688588707415 0.58241893223733709 0.015436088030176306
1403715990.0340581 -0.49317552451365881 -0.13218177317459096  0.30833093830758856 0.81287434283278304 -0.017332931350963272 0.58196275006029119 0.015944585200527502
1403715990.0840583  -0.4915961112324454 -0.13866650646409001  0.30366474533712695 0.81319585559026197 -0.016564738607636954 0.58154104841630305 0.015751790137943426
1403715990.134058 -0.48911292152216784  -0.1437202317616903  0.29840504585302224 0.81387373103215743 -0.016199241161700677 0.58059262356929475 0.016104036093593833
1403715990.1840582 -0.48816332238611276 -0.14941243721769679  0.29223342406623992 0.81466109048791369 -0.015497372991209801 0.57952252450848973 0.015517173154983578
1403715990.2340581 -0.48613081334777797 -0.15109857546657432  0.28631467029124258 0.81553817054635913 -0.015254657191025946 0.57825127688508127 0.017036683851477444
1403715990.2840581 -0.48799226765987352 -0.15479056517512341  0.27981965361203814 0.81589042891598607 -0.014068507826269682 0.57779197749581834 0.016772472456446662
1403715990.334058  -0.4875734835829299 -0.15795988376686756  0.27300029531428899 0.8162357851490798 -0.013112768952300902 0.57730868426751347 0.017374734581610676
1403715990.3840582 -0.48730554011638366 -0.15982847203036082  0.26504713346049608 0.81656207519776403 -0.0122575094304457 0.57684523544514443 0.018047303275547783
1403715990.4340582 -0.48822895511483944 -0.16123505201160035  0.25559559504982882 0.81737391644906054 -0.011229179968288141 0.57571200244743514 0.018151486548725893
1403715990.4840581 -0.48898232335547254 -0.16121867517386612  0.24433582288982059 0.81816352771594347 -0.0099498414184530596 0.57457799327771608 0.019224261028791816
1403715990.5340581 -0.48947781817837466 -0.15974121250782941  0.23170169405652433 0.81868504718398938 -0.0099352276338537677 0.57384026942789346 0.019063838861450712
1403715990.5840583 -0.49229392970707703 -0.15678424826759946  0.21644400491260482 0.81969986672958406 -0.0090938822675886034 0.57239546465425806 0.019309630551662228
1403715990.634058 -0.49198524853740438 -0.15369708905171345  0.20101336361393199 0.82120756909488657 -0.0087432622867112692 0.57022579708681997 0.019601636731505636
1403715990.6840582 -0.49208305141126968 -0.15039335728504993  0.18479979638748756 0.82294564455596442 -0.0081454256198548024 0.56770916839839292 0.020010453874039189
1403715990.7340581 -0.49199278793933776 -0.14530769043070155  0.16845308890844141 0.8245564331813392 -0.00807050753384605 0.56538411467597083 0.019553983724105686
1403715990.7840581 -0.48982369088905525 -0.13933376099456812   0.1527831716160481 0.8253506505881042 -0.0080951378639805508 0.56420499859111417 0.020087107346682911
1403715990.834058 -0.48143500839140546 -0.13206408826749663  0.13256845103529055 0.82704389181515403 -0.0093083670155856921 0.56168568435872013 0.02051700029788741
1403715990.8840582 -0.47689294153612855 -0.12399751156965472  0.11700311616162194 0.8282312939951143 -0.0090494324555625404 0.55990454452980343 0.021399355931526663
1403715990.9340582 -0.47553619372359479 -0.11491285397216436  0.10203174046516812 0.82913154564372249 -0.0083943168088720221 0.55859189326953274 0.021107160806779941
1403715990.9840581 -0.47008216075721743 -0.10547266922367531 0.085747676228415934 0.82890235647418786 -0.0075365500158316879 0.55891631429350663 0.021832028351929388
1403715991.0340581 -0.46430174078404524 -0.09336228030794165 0.073464270870132589 0.82745628732860921 -0.0073934139212845891 0.56104484761635653 0.02213840450624523
1403715991.0840583  -0.45876520448499702 -0.080164128280825031   0.06250509656824664 0.82506973558852892 -0.0070493379325442911 0.56455367344687513 0.02212211672121462
1403715991.134058  -0.45199136384002464 -0.068749997100380655  0.057204051254419706 0.8202206965623331 -0.011909924076698428 0.57168821954861837 0.016393360504152618
1403715991.1840582  -0.44926711046743018 -0.062468199454788861  0.057175632858540895 0.82020478326060997 -0.0090853428809058081 0.57165928612776973 0.019678176872894419
1403715991.2340581  -0.44806764556880613 -0.059902533967361532  0.059076900019021439 0.82074536526720154 -0.0042215935492791075 0.57072448243542762 0.025155291473680567
1403715991.2840581  -0.45057603107532412 -0.058594940850324878   0.05766816391213573 0.81962283357747767 -0.0019565768353633369 0.57222637202963245 0.027776998385688395
1403715991.334058  -0.45168937371409823 -0.060754841053825712  0.054288088155230091 0.81800652597725454 -0.0056432523161094993 0.57469703959807994 0.0235963946212773
1403715991.3840582  -0.45340681444723596 -0.064382540401681274  0.048470427315068003 0.8185191339197212 -0.013165266583110062 0.57418007716282082 0.013051519160701731
1403715991.4340582  -0.45566151374495623 -0.064311734864438655  0.048874597334659702 0.81846541419777852 -0.010309222825532356 0.57422718353968605 0.016468982083664194
1403715991.4840581  -0.45712495373544693 -0.064308875975197147  0.049313115589806139 0.81829071407075216 -0.011443539072156613 0.57449483885590236 0.015001093527255333
1403715991.5340581  -0.45878890985594961 -0.066453542449429248  0.047278420449528367 0.81850114253713735 -0.011341019743756167 0.57419543486354574 0.01506198919253636
1403715991.5840583  -0.46031726057895422 -0.066799619385630518  0.045963640895819453 0.81775727527317488 -0.011692283070883007 0.57526151805768455 0.014509138373846453
1403715991.634058  -0.46144693757049038 -0.067491391877212759  0.044401058951152143 0.81843878330401443 -0.011887990870279924 0.57429058308032044 0.014386098921463359
1403715991.6840582  -0.46284044158347726 -0.068084451335466367  0.041872579655839223 0.81856751087260593 -0.011599619693824831 0.57410394801345577 0.014742314680818594
1403715991.7340581  -0.46452199407623118 -0.068556710485699834   0.04024403976652801 0.81799653207209033 -0.012180191570507875 0.57492613337626264 0.013901712569299965
1403715991.7840581  -0.46679766671313461 -0.069076186116412072  0.039857290065011576 0.81837864111181213 -0.011468822064977848 0.57437930259822101 0.014604199368915471
1403715991.834058  -0.46995831801499549 -0.069035193350976506   0.03959164435581071 0.8183159055926944 -0.012069481304265578 0.57448018433911752 0.013635397931414552
1403715991.8840582  -0.47182174884480643 -0.069651909371402101  0.038226655756644135 0.81810042318301979 -0.011555753521106748 0.57478079660104653 0.014324734098400535
1403715991.9340582  -0.47369241448298166 -0.070296220699663209  0.036701464059353775 0.81837810540666833 -0.011949735823973177 0.57438978882606961 0.013814879553307504
1403715991.9840581  -0.47570587879303688 -0.070912727179845148  0.035095186534546213 0.81821755894209125 -0.011710365054397553 0.5746174119841001 0.014061416494554488
1403715992.0340581  -0.48116137572484108 -0.070417988446636853  0.039170584340240955 0.81822787975553535 -0.011947329308419179 0.57460311956289201 0.013843883188988803
1403715992.0840583  -0.48503351009703233 -0.070428925732842873  0.043147174910337906 0.81834539019118402 -0.011785284195995761 0.57443795290415123 0.013891281170098656
1403715992.134058   -0.4877505308827495 -0.071076886296639455  0.045341298129598154 0.81812848845186181 -0.011758130889514391 0.57474750122951412 0.013886416812357624
1403715992.1840582  -0.49033096959625322 -0.071424188030255811  0.045002956457453128 0.81835328367216342 -0.011824906063190971 0.57443042475452033 0.013702620768515097
1403715992.2340581  -0.49309892890468437 -0.071951680822338521  0.044830634068797594 0.81832548644858849 -0.01172912709726128 0.57446762468601975 0.013884307466335387
1403715992.2840581  -0.49591159256547357 -0.072448401956105496  0.044594995435250667 0.81818745012996807 -0.011857541936543887 0.57466540778775488 0.013724585282537415
1403715992.334058  -0.49871037140492641 -0.072890686923054032  0.044328233885733051 0.81835517795422175 -0.011836493872466498 0.5744265397767303 0.013742289782049286
1403715992.3840582  -0.50075877239116495 -0.071711800659960884  0.045632082392092314 0.81827048678435765 -0.011736165051378892 0.57455157274700264 0.013644161444485397
1403715992.4340582  -0.50303351692581055 -0.073324783501354948  0.047013791720922245 0.81831149857310748 -0.011793670291714095 0.57449422212649082 0.013549516130242878
1403715992.4840581  -0.50572078543735011 -0.073177449358371865  0.049299011205031468 0.81833357145549224 -0.011773334289653685 0.57446252276356002 0.013578084133233385
1403715992.5340581    -0.508772345514793 -0.073786894645339884  0.049619191085818741 0.81829114387054536 -0.011851860309714206 0.57452431046682018 0.013451912609675726
1403715992.5840583 -0.51192270543546603 -0.07443285646945437 0.049962517709688091 0.81834846583384768 -0.011874285800372338 0.57444223987815124 0.013450012932771068
1403715992.634058  -0.51475662122124388 -0.073481938106453093  0.049910368684942703 0.81832725638762216 -0.011875148140086098 0.57446969786694835 0.013566449145412872
1403715992.6840582  -0.51778070490092487 -0.071920631084448544  0.049875669838043202 0.8183426998068668 -0.011878866573824131 0.57444856921518828 0.013526253300626866
1403715992.7340581  -0.52089454154675952 -0.072001234512731258   0.05071304606352927 0.81834331040382302 -0.011976068956741954 0.57444745808474507 0.013450575810379482
1403715992.7840581 -0.52423653347139842 -0.07246328045367649 0.051164856720659922 0.8183587558628167 -0.012042386166907101 0.57442424869148501 0.013442847663087409
1403715992.834058  -0.52761999963494399 -0.072979447942037395  0.051671752651957573 0.81839650794186047 -0.012079996432398215 0.57436838220649211 0.01349781449934896
1403715992.8840582 -0.53107972940309578 -0.07350392254968531 0.052244580055880681 0.81839566472820424 -0.012114479651676007 0.57437018742970725 0.013441098497256335
1403715992.9340582  -0.53461515933409332 -0.074047071171371437   0.05286181278042891 0.81838687096937501 -0.012106429339360373 0.57438323991647855 0.013426000769236052
1403715992.9840581  -0.53301029360718899 -0.071990055198264291  0.054596030126342211 0.81847926638455726 -0.01195780876893914 0.57425661133194228 0.013343374745441002
1403715993.0340581  -0.53608265907497399 -0.072670468949758926  0.054693528875451349 0.81850092160372201 -0.011962824123293633 0.57422615255100473 0.013321332490530045
1403715993.0840583  -0.53935643167573566 -0.073180341789079617  0.055481660455858381 0.81851672052637714 -0.011970442560384468 0.57420437739878694 0.013282307771044199
1403715993.134058  -0.54256472377827647 -0.073798550643745534  0.056187006911298548 0.81856643012185393 -0.012018172726992059 0.57413357599447767 0.013236310575904782
1403715993.1840582  -0.54585002018437989 -0.074390344111109452  0.057021530419265762 0.81856069646502272 -0.011986946194371125 0.57414245126125463 0.013234235276285639
1403715993.2340581  -0.54691314988141193 -0.071544960603257796  0.056875209310429622 0.8185859745262789 -0.012066092977977698 0.57410293734719287 0.013312739704295511
1403715993.2840581  -0.55015263510726287 -0.071312324631264468  0.055995099391919295 0.81855222419780216 -0.012078514227294196 0.5741504983209994 0.013325578135307067
1403715993.334058   -0.5532241117925456 -0.072403186262531297  0.056360852257126712 0.81857456012718244 -0.012058298520869308 0.57412095820660058 0.013244330760982009
1403715993.3840582  -0.55645485713056175 -0.072871862769794571  0.057105231742510504 0.81861359730491534 -0.01205620706707994 0.57406615143519268 0.013209086079219952
1403715993.4340582  -0.55968776445905233 -0.073362528248826608  0.057858607955848615 0.81860276153572487 -0.012166897777876183 0.57408134653308063 0.013118420915377429
1403715993.4840581  -0.56292112921505877 -0.073876906483448607  0.058709896640476739 0.81861662718872308 -0.012152442664517168 0.57406072952990106 0.013168699216046123
1403715993.5340581  -0.56614746562143237 -0.074438289346983044   0.05959017674485164 0.81864078390726058 -0.012132518200344507 0.57402661090545515 0.013172657219464073
1403715993.5840583  -0.56003771643704892 -0.072292930999858035  0.061058700785419709 0.81865804523141106 -0.012104471746219491 0.5740073005647035 0.012965555909876914
1403715993.634058  -0.55976502714416843 -0.073958409018322152  0.060927581214384213 0.81874925863598969 -0.012029533109870766 0.57387701287522097 0.013042848982855506
1403715993.6840582  -0.56269484544917781 -0.074564134598759921  0.061825222772797311 0.81880308485404807 -0.012182972802633906 0.57380172148918651 0.012832296101277675
1403715993.7340581  -0.56564430727120674 -0.074947510926786393  0.062964639818168092 0.8182695945297962 -0.011995417790052526 0.57455673034710675 0.013249310658566563
1403715993.7840581  -0.56829784879551548 -0.075290744566397602  0.063612955268754379 0.8187951560428216 -0.012159096829230073 0.57381339881813553 0.012838697047918634
1403715993.834058  -0.56610646295542122 -0.073783011999777659  0.063223773570617314 0.8183970237285022 -0.012186305112470302 0.57437737563912239 0.012978284707533939
1403715993.8840582  -0.56984609501263428 -0.073183911197779006  0.061227956275973543 0.81873891779475749 -0.012210474745879104 0.57388730320630299 0.013071037194750664
1403715993.9340582  -0.57511648836520379 -0.072853038858949615  0.060602066359474925 0.81906780697219683 -0.012504486171346575 0.57341612932058661 0.012864992901009715
1403715993.9840581  -0.57821617335031161 -0.073311435738909331  0.061605658817687606 0.81838476737134336 -0.012303928650451674 0.57438968743373797 0.013094763995187051
